t0,t1,t2,t3,t4,t5
1.624949694397723743e-01,8.817185716701586573e-02,9.368259823995435387e-02,1.726509050297583281e-01,8.781336655794708124e-01,1.203555360352813253e+01
1.619421911508768519e-01,8.754026173877478556e-02,9.301152809744829553e-02,1.720635780978066187e-01,8.788094615230530593e-01,1.242797988947819121e+01
1.606962017431252665e-01,8.855993867022553256e-02,9.409493483711474371e-02,1.707397143520705818e-01,8.790376047290934247e-01,1.300323497936475192e+01
1.569911327567963255e-01,9.051782528240295833e-02,9.617518936255330109e-02,1.668030785540961236e-01,8.792833272313288484e-01,1.348816367786647064e+01
1.533009262875134060e-01,9.342644949769861318e-02,9.926560259130469410e-02,1.628822341804826712e-01,8.788138286456680381e-01,1.389389015156314500e+01
1.514067413904414683e-01,9.542638524936229716e-02,1.013905343274475734e-01,1.608696627273441537e-01,8.783706218385249898e-01,1.427756062522442271e+01
1.495199589181666899e-01,9.702284549108546041e-02,1.030867733342783199e-01,1.588649563505520890e-01,8.782017412308902315e-01,1.463648341460573654e+01
1.475154764279688335e-01,9.819651745633016515e-02,1.043337997973508291e-01,1.567351937047166133e-01,8.781758469451867999e-01,1.497585651545866625e+01
1.455855606711163042e-01,9.905130694051754447e-02,1.052420136243000237e-01,1.546846582130612102e-01,8.784154956558830607e-01,1.531154188152338769e+01
1.441084958492572510e-01,9.911895607664138186e-02,1.053138908314313477e-01,1.531152768398353348e-01,8.795713461723878579e-01,1.565797360208139821e+01
1.417958443467514928e-01,9.879392150945093265e-02,1.049685416037916680e-01,1.506580846184234213e-01,8.804833374177946093e-01,1.598184420716670218e+01
1.406549268018907062e-01,9.807006904997610242e-02,1.041994483655998421e-01,1.494458597270091060e-01,8.814426306884020068e-01,1.620780702046647548e+01
1.393275887056282802e-01,9.778701527178784714e-02,1.038987037262744523e-01,1.480355629997296973e-01,8.819059330329829249e-01,1.636947410690688898e+01
1.387955530703519347e-01,9.771799024930380440e-02,1.038253646398851343e-01,1.474702751372486131e-01,8.822548779711325562e-01,1.648299475588927621e+01
1.382835852166476587e-01,9.788909787881293345e-02,1.040071664962386871e-01,1.469263092926881564e-01,8.823490361340611265e-01,1.655488811959362749e+01
1.378982955654150522e-01,9.801867193204288897e-02,1.041448389277956493e-01,1.465169390382537462e-01,8.823533644794199216e-01,1.659835508213924982e+01
1.375684002682066864e-01,9.806408172815204993e-02,1.041930868361614637e-01,1.461664252849694257e-01,8.823390985839120182e-01,1.662534601480054874e+01
1.374192119763960052e-01,9.818619435850343968e-02,1.043228315059099853e-01,1.460079127249207520e-01,8.822717680221617842e-01,1.663916633425841596e+01
1.374320167701625905e-01,9.841634751029451622e-02,1.045673692296880813e-01,1.460215178182980023e-01,8.821620284318621996e-01,1.664419226633075866e+01
1.375169628393221877e-01,9.879757109102066392e-02,1.049724192842094728e-01,1.461117730167798556e-01,8.819084416330644771e-01,1.664312358059029506e+01
1.376568089459312139e-01,9.935120352564033586e-02,1.055606537459927718e-01,1.462603595050517014e-01,8.815179436825522075e-01,1.663712505404255282e+01
1.370398718122974313e-01,9.928195125823281730e-02,1.054870732118724230e-01,1.456048638005660034e-01,8.812123671806932901e-01,1.662821766718416683e+01
1.363429922875180333e-01,9.914114630657333560e-02,1.053374679507343009e-01,1.448644293054879850e-01,8.808870957452411554e-01,1.661273160466545207e+01
1.369264722884896701e-01,9.893217396278670972e-02,1.051154348354607776e-01,1.454843768065202103e-01,8.803740650494179532e-01,1.657934254301494903e+01
1.407968544950536360e-01,9.939908514462834910e-02,1.056115279661676565e-01,1.495966579009944952e-01,8.795602379009892502e-01,1.654428199156891921e+01
1.455540859497983508e-01,9.984544111366280839e-02,1.060857811832668363e-01,1.546512163216607894e-01,8.787399246742966241e-01,1.650418607178318453e+01
1.506033266914053592e-01,1.000247226915192827e-01,1.062762678597392874e-01,1.600160346096182740e-01,8.780691021289581677e-01,1.643529740829531960e+01
1.574245289613423748e-01,1.003073221190233649e-01,1.065765297514623122e-01,1.672635620214261709e-01,8.771924073030546998e-01,1.636315024242733429e+01
1.654645136413225859e-01,1.003248906695842074e-01,1.065951963364332872e-01,1.758060457439052648e-01,8.759648445809006256e-01,1.630311110266778840e+01
1.727850315442618356e-01,9.996736724096715043e-02,1.062153276935276780e-01,1.835840960157782142e-01,8.744623650664671288e-01,1.626643919373981717e+01
1.804340421900644253e-01,9.922781114414051806e-02,1.054295493406492840e-01,1.917111698269433062e-01,8.725507969173820211e-01,1.624682203845101469e+01
1.889382678322331921e-01,9.817909373411518037e-02,1.043152870924973774e-01,2.007469095717476781e-01,8.700628603417024376e-01,1.626238920457710790e+01
1.933839068771991687e-01,9.518795934058102426e-02,1.011372067993674129e-01,2.054704010570241324e-01,8.683788645859078503e-01,1.629042927421472342e+01
1.944784304216401194e-01,9.302067351806699025e-02,9.883446561294623178e-02,2.066333323229925523e-01,8.665415046175924951e-01,1.633937226647555008e+01
1.936524882051757213e-01,8.996641694541482326e-02,9.558931800450326532e-02,2.057557687179989714e-01,8.647976528954751663e-01,1.643262110154234179e+01
1.886346606381272550e-01,8.607322968184026590e-02,9.145280653695538053e-02,2.004243269280102102e-01,8.643037037671678080e-01,1.655156384153437088e+01
1.880244536144088929e-01,8.340860932791770155e-02,8.862164741091260733e-02,1.997759819653093516e-01,8.662939930621126328e-01,1.661226029311638897e+01
1.895584133536265814e-01,8.189228426451060361e-02,8.701055203104260394e-02,2.014058141882283937e-01,8.688985484349257549e-01,1.665136922195287283e+01
1.963006951573943171e-01,8.124010491691205371e-02,8.631761147421905533e-02,2.085694886047311236e-01,8.699601882647112205e-01,1.661108582472405004e+01
2.023046609365763415e-01,7.976542082954923840e-02,8.475075963139597213e-02,2.149487022451121443e-01,8.710979564491667659e-01,1.657075920774313360e+01
2.076557624485752540e-01,7.630241654032789145e-02,8.107131757409835604e-02,2.206342476016112109e-01,8.725357760020548969e-01,1.653749361224801717e+01
2.088275661899387514e-01,7.065441634924506109e-02,7.507031737107291991e-02,2.218792890768100934e-01,8.756070694406241639e-01,1.651442170967782630e+01
2.125926922335487357e-01,6.613247945464832689e-02,7.026575942056384472e-02,2.258797354981451899e-01,8.773932607165138009e-01,1.656578256052102205e+01
2.133329754963433356e-01,6.411678900053634222e-02,6.812408831306999979e-02,2.266662864648648912e-01,8.778742340611372930e-01,1.665403938732097089e+01
2.084847470710255446e-01,6.423584933992716739e-02,6.825058992367263877e-02,2.215150437629646307e-01,8.768103994658084099e-01,1.675382601142279881e+01
2.058193721163506240e-01,6.411994138313263647e-02,6.812743771957827099e-02,2.186830828736223142e-01,8.755947913278565586e-01,1.686677033461061015e+01
2.028211273192132846e-01,6.572137438300786061e-02,6.982896028194604532e-02,2.154974477766641028e-01,8.737948377619949580e-01,1.696539577726537473e+01
2.014365820041644495e-01,6.754583127291510780e-02,7.176744572747248418e-02,2.140263683794246807e-01,8.717094060369894315e-01,1.706494468947309784e+01
2.064511759330716623e-01,6.921742499217241329e-02,7.354351405418324550e-02,2.193543744288885267e-01,8.695234275893752862e-01,1.718813726068990988e+01
2.146254617095977313e-01,7.077802494291376978e-02,7.520165150184593417e-02,2.280395530664477144e-01,8.664303024222795857e-01,1.729406841025792119e+01
2.241987684500647282e-01,7.249307418446147844e-02,7.702389132099043967e-02,2.382111914781938899e-01,8.655818586913831547e-01,1.728351722815222402e+01
2.338725254106360785e-01,7.561370421498550543e-02,8.033956072842217411e-02,2.484895582488006460e-01,8.649464288324324457e-01,1.725531111640544424e+01
2.449230648293784784e-01,7.947026495518824674e-02,8.443715651488750695e-02,2.602307563812142899e-01,8.645463798604019479e-01,1.728636112716858619e+01
2.538514899165021377e-01,8.326465353071799136e-02,8.846869437638797684e-02,2.697172080362837954e-01,8.642904867584298989e-01,1.734231169151253127e+01
2.638299715677469570e-01,8.667982028414350504e-02,9.209730905190235961e-02,2.803193447907308400e-01,8.642401935836276916e-01,1.742286481592399028e+01
2.731810606001742192e-01,9.005695433437187203e-02,9.568551398027011490e-02,2.902548768876849761e-01,8.640642445929099802e-01,1.751429775602606398e+01
2.816085251815549362e-01,9.362995481576599777e-02,9.948182699175130150e-02,2.992090580054018178e-01,8.644365079039186828e-01,1.760363764712006329e+01
2.900550639987897195e-01,9.681050383007837323e-02,1.028611603194581614e-01,3.081835054987138167e-01,8.648727346954482309e-01,1.769797732682820168e+01
2.955037500534817285e-01,9.996824245604241099e-02,1.062162576095449923e-01,3.139727344318241076e-01,8.649642911355083230e-01,1.780717913527030305e+01
3.008747432549513379e-01,1.030768597775144763e-01,1.095191635136091440e-01,3.196794147083858451e-01,8.648117321672426083e-01,1.792538006938614714e+01
3.059186663585604649e-01,1.060683985563454779e-01,1.126976734661171153e-01,3.250385830059707160e-01,8.644796959854125218e-01,1.804983876212696003e+01
3.112209703375504732e-01,1.094925960464490367e-01,1.163358832993520720e-01,3.306722809836473154e-01,8.637095806798156250e-01,1.820975585236770300e+01
3.156486856496332760e-01,1.136880633550135244e-01,1.207935673147019773e-01,3.353767285027355327e-01,8.625376921748985071e-01,1.839749253637534920e+01
3.193438455922149033e-01,1.170207917093192274e-01,1.243345911911516444e-01,3.393028359417283313e-01,8.610304386106221175e-01,1.860343537920904211e+01
3.243924610473394865e-01,1.209848470092452222e-01,1.285463999473230312e-01,3.446669898627981454e-01,8.594955106197595951e-01,1.880477988435077208e+01
3.286784384771987422e-01,1.242820858003387402e-01,1.320497161628599592e-01,3.492208408820234866e-01,8.578481973564991980e-01,1.900219233292141041e+01
3.339349640479789549e-01,1.279174333393356955e-01,1.359122729230441695e-01,3.548058993009778339e-01,8.562704487310639490e-01,1.917862838822797755e+01
3.380633273175738251e-01,1.310349621216020111e-01,1.392246472542020830e-01,3.591922852749221406e-01,8.551956190799429036e-01,1.933913107322993241e+01
3.399262667420395734e-01,1.328691702752760051e-01,1.411734934174807554e-01,3.611716584134171404e-01,8.553645338819578781e-01,1.948170104504412592e+01
3.431560811168230529e-01,1.351552366701408714e-01,1.436024389620246255e-01,3.646033361866244382e-01,8.547264644100769360e-01,1.963562087645976106e+01
3.460464347700392129e-01,1.372689076351688298e-01,1.458482143623668625e-01,3.676743369431664799e-01,8.541456415283605885e-01,1.977760184297059709e+01
3.482428480907594492e-01,1.389014435681257820e-01,1.475827837911335705e-01,3.700080260964317413e-01,8.536701759839075976e-01,1.989423153712274583e+01
3.501917501056854842e-01,1.403508816429611672e-01,1.491228117456461499e-01,3.720787344872910074e-01,8.533784679167136789e-01,1.998711788528012789e+01
3.517474491942200188e-01,1.413814934136209123e-01,1.502178367519722002e-01,3.737316647688588289e-01,8.531619950062793167e-01,2.005790178009340252e+01
3.528682725522449548e-01,1.420634129881610530e-01,1.509423762999211327e-01,3.749225395867602506e-01,8.530110532154663305e-01,2.010838403167762323e+01
3.535152602824982448e-01,1.424544166806058776e-01,1.513578177231437449e-01,3.756099640501545101e-01,8.529187759209565511e-01,2.014003490145084285e+01
3.538733109310988612e-01,1.427003289467444480e-01,1.516190995059158997e-01,3.759903928642925330e-01,8.528613160377304103e-01,2.015749135802357017e+01
3.540792793053123555e-01,1.428467720543579456e-01,1.517746953077552530e-01,3.762092342618945096e-01,8.528274344536137530e-01,2.016677309489754677e+01
3.541963884319387357e-01,1.429313617901849798e-01,1.518645719020714213e-01,3.763336627089345909e-01,8.528081345305430494e-01,2.017162525354585512e+01
3.542604046611677604e-01,1.429778921019017324e-01,1.519140103582704848e-01,3.764016799524907975e-01,8.527977407139154531e-01,2.017408739164190834e+01
3.542921354631287101e-01,1.430011295932682447e-01,1.519387001928476089e-01,3.764353939295744245e-01,8.527927034342659418e-01,2.017526866624852389e+01
3.544812203643573634e-01,1.429601214842531054e-01,1.518951290770189644e-01,3.766362966371297194e-01,8.527280481301039439e-01,2.017652091222936406e+01
3.551352456295879256e-01,1.427745326007685278e-01,1.516979408883165348e-01,3.773311984814370912e-01,8.524932809969344438e-01,2.017920482357454759e+01
3.559340185102416454e-01,1.425382815481242016e-01,1.514469241448819226e-01,3.781798946671318662e-01,8.522003074228217123e-01,2.018204171166253147e+01
3.568597960534883873e-01,1.422565146644682865e-01,1.511475468309975978e-01,3.791635333068313352e-01,8.518544294956790219e-01,2.018510682577681337e+01
3.576083075410653178e-01,1.418477032052595510e-01,1.507131846555881949e-01,3.799588267623820181e-01,8.514277695508535304e-01,2.018607852930191271e+01
3.570989333712067948e-01,1.410424159558444912e-01,1.498575669530846366e-01,3.794176167069071015e-01,8.507790954619739443e-01,2.017817493248441707e+01
3.565000346597959613e-01,1.400988129798054482e-01,1.488549887910433078e-01,3.787812868260336252e-01,8.500158285271970371e-01,2.017225695128228580e+01
3.519732102150608943e-01,1.388658599961019868e-01,1.475449762458581615e-01,3.739715358535019019e-01,8.499927956594531819e-01,2.015403376873904406e+01
3.441599492226622425e-01,1.367792258136692474e-01,1.453279274270236343e-01,3.656699460490787645e-01,8.498425656645114401e-01,2.013528047664514631e+01
3.320722039997283659e-01,1.331278236052044484e-01,1.414483125805297836e-01,3.528267167497114998e-01,8.494596153232752966e-01,2.006035977861417408e+01
3.188759640565264064e-01,1.293568026679757788e-01,1.374416028347243135e-01,3.388057118100593623e-01,8.489601442897413142e-01,1.997937830247710522e+01
3.048171135425163936e-01,1.253583837978667348e-01,1.331932827852333467e-01,3.238681831389235155e-01,8.480981384468342377e-01,1.990441693513628962e+01
2.916000444952734916e-01,1.203051263741481136e-01,1.278241967725323724e-01,3.098250472762280050e-01,8.470451270614710593e-01,1.984223908045463958e+01
2.780616577428047798e-01,1.147649496585408380e-01,1.219377590121995952e-01,2.954405113517303283e-01,8.459665685862812756e-01,1.978582778168513912e+01
2.676751686794864860e-01,1.088714068657851836e-01,1.156758697948966352e-01,2.844048667219541970e-01,8.461256768010971818e-01,1.975063454859115097e+01
2.567266711523493727e-01,1.049909636814456843e-01,1.115528989115360803e-01,2.727720880993710351e-01,8.483439029946029386e-01,1.974634751168475333e+01
2.433530332801903950e-01,1.024785718209701019e-01,1.088834825597806977e-01,2.585625978602022479e-01,8.513992904622171842e-01,1.979236955008867938e+01
2.314597883302197956e-01,1.007358511396755779e-01,1.070318418359053197e-01,2.459260251008584253e-01,8.531828366437228528e-01,1.984710352823589474e+01
2.192665195255471267e-01,1.004067226087078935e-01,1.066821427717521559e-01,2.329706769958937995e-01,8.545292330143853254e-01,1.992477392913477274e+01
2.062089758523841243e-01,1.004456376851471655e-01,1.067234900404687575e-01,2.190970368431581772e-01,8.559590343807365054e-01,2.002022495202881203e+01
1.939483929826083530e-01,1.009170654490991192e-01,1.072243820396678871e-01,2.060701675440216873e-01,8.572685583838635104e-01,2.012005252071510597e+01
1.819223072633988914e-01,1.019017825107939590e-01,1.082706439177186786e-01,1.932924514673613481e-01,8.582079434284219932e-01,2.026199367994245293e+01
1.682736687765724604e-01,1.029011925649562370e-01,1.093325171002660634e-01,1.787907730751083779e-01,8.586488239026139890e-01,2.045141333163593345e+01
1.569540203289611635e-01,1.052667007675796851e-01,1.118458695655533963e-01,1.667636465995213091e-01,8.581321521044281697e-01,2.065549751335485951e+01
1.461055278472491725e-01,1.076916535806629049e-01,1.144223819294545169e-01,1.552371233377025372e-01,8.574283042368275876e-01,2.083251414719778438e+01
1.350845864542354058e-01,1.082922687618259605e-01,1.150605355594401108e-01,1.435273731076250892e-01,8.567386339255372851e-01,2.097349705321934721e+01
1.301954812918975635e-01,1.099104644070434122e-01,1.167798684324836134e-01,1.383326988726409912e-01,8.572723361855458801e-01,2.116081897097818398e+01
1.291753865335841522e-01,1.129876366807482518e-01,1.200493639732950618e-01,1.372488481919332259e-01,8.583087146124752653e-01,2.136776571258265278e+01
1.222721171353172293e-01,1.112545638527689257e-01,1.182079740935669532e-01,1.299141244562745101e-01,8.598410614969953514e-01,2.147059302334536568e+01
1.183707580068174003e-01,1.080267039416516334e-01,1.147783729380047746e-01,1.257689303822435711e-01,8.625559062714107661e-01,2.151600303173461270e+01
1.116728291297637427e-01,1.035431167086258708e-01,1.100145615029148316e-01,1.186523809503742255e-01,8.652908607184813805e-01,2.153799325737454851e+01
1.025324298472173740e-01,1.000072948746112411e-01,1.062577508042744923e-01,1.089407067126685613e-01,8.670361980552512282e-01,2.160107151064822517e+01
1.031600158449158811e-01,1.009536813510443637e-01,1.072632864354847587e-01,1.096075168352234480e-01,8.682022572189680432e-01,2.175911810516250355e+01
1.071621806178032071e-01,1.005582031691314576e-01,1.068430908672020341e-01,1.138598169064156951e-01,8.697562066066900632e-01,2.196820853669048290e+01
1.116309579321560358e-01,9.922088610601195735e-02,1.054221914876377064e-01,1.186078928029158513e-01,8.712562287250195103e-01,2.214142941818301580e+01
1.140963916071879580e-01,9.775000698510766250e-02,1.038593824216768879e-01,1.212274160826371239e-01,8.723527755454499877e-01,2.228907808028753479e+01
1.165203215007660220e-01,9.861115251058548414e-02,1.047743495424969667e-01,1.238028415945637145e-01,8.725242071635114227e-01,2.241162677825678884e+01
1.190963471599831569e-01,1.013065844493610951e-01,1.076382459774461176e-01,1.265398688574820296e-01,8.719192719471967612e-01,2.251480044981105877e+01
1.195992025885768556e-01,1.046931336247709093e-01,1.112364544763191354e-01,1.270741527503628510e-01,8.711051720360228900e-01,2.260031465439463361e+01
1.166299210470760767e-01,1.076983376835107392e-01,1.144294837887302324e-01,1.239192911125182039e-01,8.700980889496777726e-01,2.272015657089367480e+01
1.167671895349673972e-01,1.116686351312953379e-01,1.186479248270013165e-01,1.240651388809026062e-01,8.683699352882040534e-01,2.287760198999188432e+01
1.187003180443065437e-01,1.163913626615408758e-01,1.236658228278872396e-01,1.261190879220756011e-01,8.663877564928941233e-01,2.307367903021632927e+01
1.205118571875620076e-01,1.202824952644056533e-01,1.278001512184310517e-01,1.280438482617845541e-01,8.649267302182840345e-01,2.322505202330196994e+01
1.225911456555721646e-01,1.238561658819116451e-01,1.315971762495312947e-01,1.302530922590454665e-01,8.634553655270891248e-01,2.334435679908184014e+01
1.252675678895801836e-01,1.266457051796049393e-01,1.345610617533302411e-01,1.330967908826790613e-01,8.628764136601402290e-01,2.341612324460630035e+01
1.255047185627617412e-01,1.289936363269710839e-01,1.370557385974068842e-01,1.333487634729343119e-01,8.625325288406996416e-01,2.347809649908663587e+01
1.236107909518818077e-01,1.310636169707836141e-01,1.392550930314575552e-01,1.313364653863743625e-01,8.621084627328743366e-01,2.355346029647685313e+01
1.198727224473664921e-01,1.325079846311255360e-01,1.407897336705709601e-01,1.273647676003269447e-01,8.617958922746226103e-01,2.365347505347451218e+01
1.168322835755441352e-01,1.335588922651669008e-01,1.419063230317398061e-01,1.241343012990154121e-01,8.615969486891773554e-01,2.376589131913759445e+01
1.146268769658332631e-01,1.344329095310434208e-01,1.428349663767335964e-01,1.217910567761978230e-01,8.614444614188078164e-01,2.385461782440973622e+01
1.131540743831417756e-01,1.350726419924392629e-01,1.435146821169667464e-01,1.202262040320880715e-01,8.613556975971695673e-01,2.392562387120161205e+01
1.128968526216002355e-01,1.355964049639309110e-01,1.440711802741766190e-01,1.199529059104501028e-01,8.613356006175051371e-01,2.399210802892898897e+01
1.131493333217652997e-01,1.359717452804553306e-01,1.444699793604839466e-01,1.202211666543758356e-01,8.612691497156343967e-01,2.405349337599795234e+01
1.133362712671494299e-01,1.362633962661267406e-01,1.447798585327595422e-01,1.204197882213458581e-01,8.611656106470680916e-01,2.409691507754300943e+01
1.133200597484058797e-01,1.360849567385203629e-01,1.445902665346780747e-01,1.204025634826814267e-01,8.611918452003718416e-01,2.412904242284745138e+01
1.131545327618087432e-01,1.359417149024414462e-01,1.444380720838439325e-01,1.202266910594215893e-01,8.612183395679766651e-01,2.415221545061616126e+01
1.129187340053052074e-01,1.357881621068128819e-01,1.442749222384887564e-01,1.199761548806367317e-01,8.612349724822825348e-01,2.416820568982123518e+01
1.126735076223332049e-01,1.356035236750189887e-01,1.440787439047077345e-01,1.197156018487286755e-01,8.612441146987289686e-01,2.418037030084897765e+01
1.123941720605448474e-01,1.353863714518780126e-01,1.438480196676204526e-01,1.194188078143287590e-01,8.612319773468257722e-01,2.419048029799827759e+01
1.121607730713972406e-01,1.351062557166106681e-01,1.435503966988988522e-01,1.191708213883595630e-01,8.611963189900428972e-01,2.419816400494376296e+01
1.120160236540157089e-01,1.348438744679620327e-01,1.432716166222096077e-01,1.190170251323916101e-01,8.611572410251799869e-01,2.420439725259002728e+01
1.120155668547033745e-01,1.346352430514328180e-01,1.430499457421473553e-01,1.190165397831221689e-01,8.611207963376014130e-01,2.420916785830599238e+01
1.121507528146287319e-01,1.345071998044071182e-01,1.429138997921828302e-01,1.191601748655432974e-01,8.610927431688496503e-01,2.421206891459994992e+01
1.123258311040549323e-01,1.344251168136504082e-01,1.428266866145035396e-01,1.193461955480581704e-01,8.610834898168897578e-01,2.421346053934025377e+01
1.126232582221322331e-01,1.343306104428197423e-01,1.427262735954961115e-01,1.196622118610154994e-01,8.610561653725370412e-01,2.421817479878092882e+01
1.129899248908934895e-01,1.342068090179530104e-01,1.425947345815751499e-01,1.200517951965743985e-01,8.610961722304170118e-01,2.422115522602976867e+01
1.133831552732025433e-01,1.341064538213205537e-01,1.424881071851530900e-01,1.204696024777777291e-01,8.611543631921382280e-01,2.422228910375591937e+01
1.138283765811202997e-01,1.340207614647444812e-01,1.423970590562911032e-01,1.209426501174402924e-01,8.612290206947865734e-01,2.422232778612454496e+01
1.162459117661437252e-01,1.339481426401245845e-01,1.423199015551324942e-01,1.235112812515276465e-01,8.609928772022802379e-01,2.421936945598679358e+01
1.243685325986829543e-01,1.342240560674486105e-01,1.426130595716641747e-01,1.321415658861006259e-01,8.603946957266780382e-01,2.420395465856210393e+01
1.346072532864570348e-01,1.317022956567187875e-01,1.399336891352638279e-01,1.430202066168607400e-01,8.589955624757774633e-01,2.411496031207694912e+01
1.394588200786846532e-01,1.244433637540492549e-01,1.322210739886772457e-01,1.481749963336019826e-01,8.567439593042620594e-01,2.397466451567097678e+01
1.435471878736336027e-01,1.189072132703811180e-01,1.263389140997798754e-01,1.525188871157358295e-01,8.538314061132923349e-01,2.384331239338614239e+01
1.477125496796304061e-01,1.148116344278724554e-01,1.219873615796145810e-01,1.569445840346074261e-01,8.502102436912972738e-01,2.374577138256798037e+01
1.503446498057944003e-01,1.123423519570276863e-01,1.193637489543420555e-01,1.597411904186568365e-01,8.457194069897808753e-01,2.364071430268823093e+01
1.532600266252665544e-01,1.100239321266813231e-01,1.169004278845989092e-01,1.628387782893455926e-01,8.407773097867516920e-01,2.350642079539216311e+01
1.536905567361759040e-01,1.102450118258205825e-01,1.171353250649345146e-01,1.632962165321871773e-01,8.362017577059818185e-01,2.336472335744888440e+01
1.550059194342559010e-01,1.117576705801189285e-01,1.187425249913764413e-01,1.646937893988968948e-01,8.327448394074858928e-01,2.323511827389427253e+01
1.588062022198601375e-01,1.143628519417471678e-01,1.215105301881065636e-01,1.687315898586015661e-01,8.310178061767495850e-01,2.310342460898834815e+01
1.661245126141267237e-01,1.166916720202478691e-01,1.239849015215134520e-01,1.765072946525094999e-01,8.300433675750652496e-01,2.300497826899565723e+01
1.730262609656230410e-01,1.184530832272487760e-01,1.258564009289518670e-01,1.838404022759744516e-01,8.294836816995888595e-01,2.293010358671152105e+01
1.799611751577095964e-01,1.205501461742436720e-01,1.280845303101339760e-01,1.912087486050663698e-01,8.290342184013766991e-01,2.287376360579942869e+01
1.908512521200754763e-01,1.228853018968761313e-01,1.305656332654310248e-01,2.027794553775800479e-01,8.287808967750236455e-01,2.284218047284588593e+01
2.021427286874427354e-01,1.269999020571561943e-01,1.349373959357286767e-01,2.147766492304078734e-01,8.285602826391629261e-01,2.285206126586917463e+01
2.151867282504084100e-01,1.310276191567630311e-01,1.392168453540607309e-01,2.286358987660590258e-01,8.281887954691843357e-01,2.287544712906389677e+01
2.284682634819489022e-01,1.345083964631735851e-01,1.429151712421220521e-01,2.427475299495706340e-01,8.277635857036615974e-01,2.290830750490158252e+01
2.398096581331143895e-01,1.374462130093088152e-01,1.460366013223904635e-01,2.547977617664339278e-01,8.276968961516183443e-01,2.294983429501705530e+01
2.491489947869635069e-01,1.399685369760758635e-01,1.487165705370805668e-01,2.647208069611487469e-01,8.278421165117826330e-01,2.299297648679057815e+01
2.585604743938491601e-01,1.418863805812585754e-01,1.507542793675873960e-01,2.747205040434647083e-01,8.271693768155148341e-01,2.302156566706372587e+01
2.670613931533773466e-01,1.435221438591315068e-01,1.524922778503273180e-01,2.837527302254634898e-01,8.260651133028710236e-01,2.303711133649875009e+01
2.767297969110850686e-01,1.454439208728073307e-01,1.545341659273578028e-01,2.940254092180279444e-01,8.248223125178981707e-01,2.305828320615063731e+01
2.852337737219083347e-01,1.464825567153319463e-01,1.556377165100402971e-01,3.030608845795275119e-01,8.236938190037054186e-01,2.309357681545458263e+01
2.907988698918915760e-01,1.472548028524747754e-01,1.564582280307544593e-01,3.089737992601347960e-01,8.232560444344534378e-01,2.313746491309643005e+01
2.946536514552065000e-01,1.468214165608744404e-01,1.559977550959292247e-01,3.130695046711572394e-01,8.230446624500908914e-01,2.316888782619841436e+01
3.001920325292152802e-01,1.476129102995982212e-01,1.568387171933231794e-01,3.189540345622914330e-01,8.220359636827704319e-01,2.317781374934563132e+01
3.092969716809383374e-01,1.489439349094620613e-01,1.582529308413033187e-01,3.286280324109969175e-01,8.211806141456360342e-01,2.319511327964434599e+01
3.190259948032419524e-01,1.503517698701441196e-01,1.597487554870281601e-01,3.389651194784445987e-01,8.204726749775264061e-01,2.323291575143572629e+01
3.267347925641992945e-01,1.507704893455465434e-01,1.601936449296430809e-01,3.471557170994616914e-01,8.198476667079784841e-01,2.327418588643251240e+01
3.335414466283961876e-01,1.498478526474741335e-01,1.592133434379411072e-01,3.543877870426707100e-01,8.194161056931986709e-01,2.336096316648634641e+01
3.398826991553071664e-01,1.497754114464632802e-01,1.591363746618671693e-01,3.611253678525139232e-01,8.194617643743892232e-01,2.347051431060662097e+01
3.457279118041736710e-01,1.500100797026870381e-01,1.593857096841049537e-01,3.673359062919343554e-01,8.204578564775205640e-01,2.361582434956698506e+01
3.521309311625831495e-01,1.498100707420000344e-01,1.591732001633751059e-01,3.741391143602447733e-01,8.214693279790122871e-01,2.376537181384821196e+01
3.555426789047765879e-01,1.492100465327686476e-01,1.585356744410668373e-01,3.777640963363251836e-01,8.221346402852275359e-01,2.391678039772220998e+01
3.592887031603344550e-01,1.470850374646380243e-01,1.562778523061778557e-01,3.817442471078554833e-01,8.239589337594834806e-01,2.405581368975437684e+01
3.641148022315058852e-01,1.452914167697911541e-01,1.543721303179031168e-01,3.868719773709752285e-01,8.261089149999124581e-01,2.420711545902074491e+01
3.684822875464831560e-01,1.432698382739308052e-01,1.522242031660513140e-01,3.915124305181383324e-01,8.279122011347457288e-01,2.435644675891446198e+01
3.718394511594404483e-01,1.401369972185145807e-01,1.488955595446716795e-01,3.950794168569056741e-01,8.299771819752803648e-01,2.450201343291737288e+01
3.719103498184012646e-01,1.384488260401932069e-01,1.471018776677051054e-01,3.951547466820516386e-01,8.312457433508532167e-01,2.465444391950601499e+01
3.702494349287953068e-01,1.374008682433518758e-01,1.459884225085613108e-01,3.933900246118451349e-01,8.317260571910550793e-01,2.480027302031486514e+01
3.682695035945813822e-01,1.363843792440655178e-01,1.449084029468195589e-01,3.912863475692423543e-01,8.319043961830313583e-01,2.494534542164810631e+01
3.674268711895553596e-01,1.360304118961291886e-01,1.445323126396373392e-01,3.903910506389027257e-01,8.320773363999920402e-01,2.506633019191805545e+01
3.660476336905338357e-01,1.362131452460595138e-01,1.447264668239382490e-01,3.889256107961924780e-01,8.325803919955314658e-01,2.513657031578325629e+01
3.658998588575102517e-01,1.366593118846297639e-01,1.452005188774191380e-01,3.887686000361046390e-01,8.328298904122977131e-01,2.518968300051523812e+01
3.661291295259156975e-01,1.370357769400776526e-01,1.456005129988324764e-01,3.890122001212856229e-01,8.329854796567753850e-01,2.522294858640900372e+01
3.663360112089800724e-01,1.372983173000708046e-01,1.458794621313252715e-01,3.892320119095412645e-01,8.330637602151312882e-01,2.524152790223239862e+01
3.663927957145159398e-01,1.374501484545257446e-01,1.460407827329334995e-01,3.892923454466729605e-01,8.330771374514713834e-01,2.525119910953424451e+01
3.663921789189862888e-01,1.375562160801177825e-01,1.461534795851251733e-01,3.892916901014232267e-01,8.330829281198013359e-01,2.525637799130145211e+01
3.663880327745289156e-01,1.376222973590179310e-01,1.462236909439564025e-01,3.892872848229372851e-01,8.330851777342491715e-01,2.525908188027911550e+01
3.663856957405512427e-01,1.376631707878064326e-01,1.462671189620444456e-01,3.892848017243359937e-01,8.330854939606294751e-01,2.526052643311871648e+01
3.663827448902778894e-01,1.376887958136121248e-01,1.462943455519628844e-01,3.892816664459205489e-01,8.330854239318113974e-01,2.526125297036623252e+01
3.661487923479471163e-01,1.377109774528209041e-01,1.463179135436222245e-01,3.890330918696938145e-01,8.330492916592807662e-01,2.525990194766238162e+01
3.652873740510941269e-01,1.380269847398353789e-01,1.466536712860751490e-01,3.881178349292875862e-01,8.327082572908390823e-01,2.524443843017629518e+01
3.644015185700596460e-01,1.384873184971922300e-01,1.471427759032664928e-01,3.871766134806883253e-01,8.322562526394445825e-01,2.522587093523913282e+01
3.631826922500522858e-01,1.389687441728635897e-01,1.476542906836674773e-01,3.858816105156808174e-01,8.317490535117988415e-01,2.520732909901467522e+01
3.616136435166095175e-01,1.394336427719783944e-01,1.481482454452270892e-01,3.842144962363974736e-01,8.311997271667869169e-01,2.518974070893016659e+01
3.588406902764258444e-01,1.399795443057606781e-01,1.487282658248706424e-01,3.812682334187025290e-01,8.307958147998929510e-01,2.517813286330301992e+01
3.538252086756958348e-01,1.407145977469140830e-01,1.495092601060960535e-01,3.759392842179266614e-01,8.309739563162147347e-01,2.518785855934613593e+01
3.499642686999642760e-01,1.413809515722094512e-01,1.502172610454723944e-01,3.718370354937117206e-01,8.311290419590920964e-01,2.519206708365857139e+01
3.464787327886395540e-01,1.419351661070752391e-01,1.508061139887673097e-01,3.681336535879297100e-01,8.311517010554881901e-01,2.515762529253970214e+01
3.402021624906735320e-01,1.431841159774426553e-01,1.521331232260327293e-01,3.614647976463408185e-01,8.319726095790498377e-01,2.512547844120607365e+01
3.350485474792390672e-01,1.428512026279458169e-01,1.517794027921923750e-01,3.559890816966916893e-01,8.330190518201894267e-01,2.508625924791946815e+01
3.286088962225477972e-01,1.422927380364542305e-01,1.511860341637326077e-01,3.491469522364570865e-01,8.333940938584863956e-01,2.503570497008466589e+01
3.204853140399798739e-01,1.391680192766043267e-01,1.478660204813921075e-01,3.405156461674785362e-01,8.340691180034591756e-01,2.500485426344713247e+01
3.088281598742107503e-01,1.347217371515623263e-01,1.431418457235349717e-01,3.281299198663490957e-01,8.356411917222908992e-01,2.498647067278982448e+01
2.925009374868478007e-01,1.306754521871389962e-01,1.388426679488350968e-01,3.107822460797759478e-01,8.377835548478473893e-01,2.493756641367657423e+01
2.726386988219606233e-01,1.281948393196724600e-01,1.362070167771520235e-01,2.896786174983330131e-01,8.395366207057093355e-01,2.485269697426847912e+01
2.556852486140537284e-01,1.275920819804636230e-01,1.355665871042426029e-01,2.716655766524320725e-01,8.417536956455321517e-01,2.479362111408403280e+01
2.377781132153959087e-01,1.266886861775786688e-01,1.346067290636772940e-01,2.526392452913580611e-01,8.459374075315461150e-01,2.480424465213420859e+01
2.204661441684804546e-01,1.248352749957697544e-01,1.326374796830053493e-01,2.342452781790104743e-01,8.505921848952934239e-01,2.483943260073577619e+01
2.047940565787400025e-01,1.224722273740897621e-01,1.301267415849703957e-01,2.175936851149113394e-01,8.557069919700526217e-01,2.488215415043472944e+01
1.919039212546804762e-01,1.186242226447573322e-01,1.260382365600547505e-01,2.038979163330980893e-01,8.617930138693262743e-01,2.481979997358701340e+01
1.806377416670094382e-01,1.157378560959394370e-01,1.229714721019357776e-01,1.919276005211976999e-01,8.665137613679261275e-01,2.479795400603229538e+01
1.700662887082085017e-01,1.129885203202344035e-01,1.200503028402491318e-01,1.806954317524715747e-01,8.713815380295021340e-01,2.480689545843002719e+01
1.598013787608554559e-01,1.100410676514300690e-01,1.169186343796446426e-01,1.697889649334090867e-01,8.762814439139405831e-01,2.484774845592540515e+01
1.500917756246996637e-01,1.068116683870961869e-01,1.134873976612896240e-01,1.594725116012433164e-01,8.811288652148216993e-01,2.490636886142411655e+01
1.416144470063127603e-01,1.014574279837553716e-01,1.077985172327399488e-01,1.504653499442071551e-01,8.858544401373236177e-01,2.494872780364991982e+01
1.343899711075660919e-01,9.461290370193831123e-02,1.005262101833095667e-01,1.427893443017889119e-01,8.904003277849995568e-01,2.497339660559152819e+01
1.281107108806771866e-01,8.778084934939882344e-02,9.326715243373621955e-02,1.361176303107192453e-01,8.947274839417254100e-01,2.497178868254821182e+01
1.210845818221647913e-01,8.164770530766365941e-02,8.675068688939242822e-02,1.286523681860500534e-01,8.989780828770798093e-01,2.498256770659352810e+01
1.143466655631611151e-01,7.731331666443953810e-02,8.214539895596699448e-02,1.214933321608588912e-01,9.021383930023512132e-01,2.499335789617387960e+01
1.091794395323171796e-01,7.480973308956434531e-02,7.948534140766205791e-02,1.160031545030867778e-01,9.047605521772907888e-01,2.501210820796531209e+01
1.079105335733458737e-01,7.389605355253295316e-02,7.851455689956624018e-02,1.146549419216799232e-01,9.070236814333832998e-01,2.504592326265730762e+01
1.093986176004443089e-01,7.406744036697168743e-02,7.869665538990745779e-02,1.162360312004721286e-01,9.073383850439850073e-01,2.521982560243504068e+01
1.094592491122665240e-01,7.568466911701043909e-02,8.041496093682351520e-02,1.163004521817830872e-01,9.062906645748074475e-01,2.547669827231813855e+01
1.092497574609424954e-01,7.834711966025738328e-02,8.324381463902354172e-02,1.160778673022515167e-01,9.043797479600144129e-01,2.578591717061510735e+01
1.090800529915148531e-01,8.174813706619692144e-02,8.685739563283437215e-02,1.158975563034845557e-01,9.015627747675770687e-01,2.611971614627989524e+01
1.085724456956572159e-01,8.470100605803700111e-02,8.999481893666422261e-02,1.153582235516358023e-01,8.993402430634283018e-01,2.643562222885356050e+01
1.067452416798680553e-01,8.668099684805796734e-02,9.209855915106161806e-02,1.134168192848598183e-01,8.974349487851961404e-01,2.667513123596469882e+01
1.055135399671563307e-01,8.961551095923485366e-02,9.521648039418693921e-02,1.121081362151032934e-01,8.943498956907039998e-01,2.682657079032379599e+01
1.027650480542692119e-01,9.215484886158527289e-02,9.791452691543441056e-02,1.091878635576608442e-01,8.912359921738480795e-01,2.692581433968932458e+01
1.003738610035778411e-01,9.474993637323632367e-02,1.006718073965636173e-01,1.066472273163013990e-01,8.884527144014465749e-01,2.700029191621196389e+01
9.872992311222890394e-02,9.690248897980960341e-02,1.029588945410478684e-01,1.049005433067431159e-01,8.860573214975565604e-01,2.704272995451056261e+01
9.798204495912130052e-02,9.881977318396036047e-02,1.049960090079580938e-01,1.041059227690664668e-01,8.839330594223018256e-01,2.704951305727277600e+01
9.773961118871030140e-02,1.005175626488065410e-01,1.067999103143570244e-01,1.038483368880047247e-01,8.822060014411312601e-01,2.704915188231621670e+01
9.779106836921061530e-02,1.017093127844137940e-01,1.080661448334396812e-01,1.039030101422863811e-01,8.808073974321529720e-01,2.704386760342675089e+01
9.794501993811587093e-02,1.024402772569972947e-01,1.088427945855595935e-01,1.040665836842480235e-01,8.796719982099385771e-01,2.703638418693269685e+01
9.905903161285571634e-02,1.035038963050053940e-01,1.099728898240682762e-01,1.052502210886592238e-01,8.786461496986124331e-01,2.703466373012097890e+01
1.003432538861503548e-01,1.043326508744991249e-01,1.108534415541552881e-01,1.066147072540347407e-01,8.777683589049164459e-01,2.702878300510072052e+01
1.018688917083438727e-01,1.050235068340694827e-01,1.115874760111988384e-01,1.082356974401154498e-01,8.770123676101153620e-01,2.702445337464477859e+01
1.035415435528444783e-01,1.055876039111509346e-01,1.121868291555980363e-01,1.100128900248973779e-01,8.763550562093206375e-01,2.702017894214009885e+01
1.051981801997114996e-01,1.060896559395366617e-01,1.127202594357578219e-01,1.117730664621935238e-01,8.757542019451249882e-01,2.701973433120281953e+01
1.067054475587507351e-01,1.065169566138940288e-01,1.131742664022624828e-01,1.133745380311725753e-01,8.752454844952134438e-01,2.702098177244708310e+01
1.079481146408256681e-01,1.068647957322056835e-01,1.135438454654684598e-01,1.146948718058772576e-01,8.748356678858202340e-01,2.702340821125497783e+01
1.088168818131576704e-01,1.071137516931151695e-01,1.138083611739348494e-01,1.156179369264800222e-01,8.745232162668503673e-01,2.702692078641694096e+01
1.092753969103365530e-01,1.072610578180999419e-01,1.139648739317312004e-01,1.161051092172325494e-01,8.743061229568500625e-01,2.703079174031179832e+01
1.092820872363844398e-01,1.073339323138190748e-01,1.140423030834326612e-01,1.161122176886585922e-01,8.741491546358048925e-01,2.703661851619292733e+01
1.091365467864611472e-01,1.073164762363481572e-01,1.140237560011199414e-01,1.159575809606148977e-01,8.740291298378091156e-01,2.703961867502304273e+01
1.089349653943541135e-01,1.073404937437025530e-01,1.140492746026841309e-01,1.157434007315011892e-01,8.739001340970034004e-01,2.704478886509248525e+01
1.086868729549640422e-01,1.074217785502812605e-01,1.141356397096738723e-01,1.154798025146493434e-01,8.737579377540730663e-01,2.705194969197015453e+01
1.084301301531189476e-01,1.075181227421830171e-01,1.142380054135694462e-01,1.152070132876888975e-01,8.736181698045013544e-01,2.705911005366532862e+01
1.081902136819619109e-01,1.076415391968060797e-01,1.143691353966065222e-01,1.149521020370845303e-01,8.734766187869322795e-01,2.706697768049579622e+01
1.080554438542289386e-01,1.077952141315555584e-01,1.145324150147778858e-01,1.148089090951183167e-01,8.733316948417965131e-01,2.707450392907697534e+01
1.079817213054390795e-01,1.079680787612980197e-01,1.147160836838792830e-01,1.147305788870291443e-01,8.732093507572507018e-01,2.708190599029770596e+01
1.076993082838730159e-01,1.080090336980800703e-01,1.147595983042101336e-01,1.144305150516152086e-01,8.730799633901228374e-01,2.708719923817999486e+01
1.075109060846973358e-01,1.080513238735472392e-01,1.148045316156439538e-01,1.142303377149908594e-01,8.729887097164890086e-01,2.709111376871544152e+01
1.073920038622749873e-01,1.080792753138870022e-01,1.148342300210049155e-01,1.141040041036673336e-01,8.729329978069760854e-01,2.709331084453720351e+01
1.073333070336616041e-01,1.081496466776158266e-01,1.149089995949668236e-01,1.140416387232655315e-01,8.728712994127028058e-01,2.709699937152953808e+01
1.063976494869178918e-01,1.082023434183108923e-01,1.149649898819553318e-01,1.130475025798502453e-01,8.728221494368127997e-01,2.710526757508587181e+01
1.026182851841258570e-01,1.082445622544915692e-01,1.150098473953973105e-01,1.090319280081337161e-01,8.720856861534657112e-01,2.709161829346644979e+01
9.940710677855793542e-02,1.084851961271798421e-01,1.152655208851287028e-01,1.056200509522178532e-01,8.709512824006961917e-01,2.703943549752789366e+01
9.887618396156748479e-02,1.050569758471222997e-01,1.116230368375673992e-01,1.050559454591652592e-01,8.694969951189497337e-01,2.691888080507068892e+01
9.971931967855665602e-02,9.805657198290843035e-02,1.041851077318401292e-01,1.059517771584663620e-01,8.672551201445396485e-01,2.679701391671523325e+01
1.008049556969893290e-01,9.333923882503995795e-02,9.917294125160504292e-02,1.071052654280512800e-01,8.647910200006885262e-01,2.670687515887557240e+01
1.012936665847230799e-01,8.998679622437839865e-02,9.561097098840219688e-02,1.076245207462685205e-01,8.616577282953452599e-01,2.665503775651406926e+01
1.003666984127046524e-01,8.528089314569778367e-02,9.061094896730395587e-02,1.066396170634986290e-01,8.584168257836880533e-01,2.663037521750380776e+01
9.813104892148981351e-02,7.990431617855739410e-02,8.489833593971735093e-02,1.042642394790829347e-01,8.558507122304871428e-01,2.663877322645904400e+01
9.426590305827570182e-02,7.745917231885694754e-02,8.230037058878560130e-02,1.001575219994178673e-01,8.526926331312936203e-01,2.667106918887707678e+01
9.306789973921285319e-02,7.646749663555521548e-02,8.124671517527733144e-02,9.888464347291370249e-02,8.496478241193513581e-01,2.675061203006782051e+01
9.265747311860070279e-02,7.780335475634775344e-02,8.266606442861942905e-02,9.844856518851304028e-02,8.467524830940916791e-01,2.687181448141143036e+01
9.390539830840012592e-02,7.984650949816858578e-02,8.483691634180411112e-02,9.977448570267501149e-02,8.447494217577856679e-01,2.695817559829821874e+01
9.453819623193157606e-02,8.109126080615809695e-02,8.615946460654301531e-02,1.004468334964271903e-01,8.433504766453800983e-01,2.702628908243204364e+01
9.675603493764918517e-02,8.309429080268852796e-02,8.828768397785662081e-02,1.028032871212522237e-01,8.418064103317403069e-01,2.709336354525194679e+01
1.002991976908526595e-01,8.642966915376774917e-02,9.183152347587816844e-02,1.065678975465310235e-01,8.396964709194504328e-01,2.716610890981032966e+01
1.061473727825377883e-01,8.968066071752361923e-02,9.528570201236891135e-02,1.127815835814465623e-01,8.378099660079662003e-01,2.728390289809694735e+01
1.142328438554003900e-01,9.178063038429497278e-02,9.751691978331339383e-02,1.213723965963629248e-01,8.360351123751049718e-01,2.746854576362277811e+01
1.263649781282698559e-01,9.389117051709341966e-02,9.975936867441151379e-02,1.342627892612862361e-01,8.346318661838123543e-01,2.765352534220746961e+01
1.406623379617965297e-01,9.568183396951417119e-02,1.016619485926087280e-01,1.494537340844088735e-01,8.336184348295802016e-01,2.777664305741095419e+01
1.549873363961966066e-01,9.664687684166865800e-02,1.026873066442730298e-01,1.646740449209590507e-01,8.324999133151015362e-01,2.789655253358607112e+01
1.655227397486161989e-01,1.001990317987978829e-01,1.064614712862228391e-01,1.758679109829047182e-01,8.307463662811017668e-01,2.805408772594884681e+01
1.752481807645823453e-01,1.048982935008644368e-01,1.114544368446683531e-01,1.862011920623685146e-01,8.291712062636422687e-01,2.814381811356107832e+01
1.843148090486969315e-01,1.100428252737628287e-01,1.169205018533732571e-01,1.958344846142409112e-01,8.276291747923705255e-01,2.819625922553634112e+01
1.933910473845094902e-01,1.149047609603549430e-01,1.220863085203770376e-01,2.054779878460414044e-01,8.256678400335204504e-01,2.824398213750954056e+01
2.029907587999426888e-01,1.192547597809497512e-01,1.267081822672591063e-01,2.156776812249390218e-01,8.235560287511525246e-01,2.829490529488396433e+01
2.136175213247783200e-01,1.231796258014220546e-01,1.308783524140108290e-01,2.269686164075768176e-01,8.207243598142680563e-01,2.833377046175942837e+01
2.239584397423209916e-01,1.268009455606911584e-01,1.347260046582345883e-01,2.379558422262163520e-01,8.177730681849717520e-01,2.834986451597799118e+01
2.368218535357326238e-01,1.295306928358863352e-01,1.376263611381292329e-01,2.516232193817156126e-01,8.156689445093662227e-01,2.834550872483427497e+01
2.496210623106392412e-01,1.315166316294504867e-01,1.397364211062912809e-01,2.652223787050542181e-01,8.133616764897078077e-01,2.834973661452110605e+01
2.617383664892869444e-01,1.320084056508378234e-01,1.402589310040152915e-01,2.780970143948677253e-01,8.116657255813195526e-01,2.837173853488415887e+01
2.724454740365116479e-01,1.320858109328797159e-01,1.403411741161848525e-01,2.894733161637939034e-01,8.116854378280452531e-01,2.840689568514500962e+01
2.802076070653346518e-01,1.321003132841517547e-01,1.403565828644113556e-01,2.977205825069181855e-01,8.136740433252507287e-01,2.845561706664726742e+01
2.863153700582568573e-01,1.318514308334075569e-01,1.400921452604954320e-01,3.042100806868977547e-01,8.159589268361208125e-01,2.855751775714053409e+01
2.889678555853069097e-01,1.302348100078170867e-01,1.383744856333058715e-01,3.070283465593890981e-01,8.179963945412002113e-01,2.872437699735844063e+01
2.912829479130391586e-01,1.277846876409556021e-01,1.357712306185155371e-01,3.094881321576043454e-01,8.195575237391724555e-01,2.890340554899911751e+01
2.914059311135650532e-01,1.244225869869367146e-01,1.321989986736201161e-01,3.096188018081630355e-01,8.207403187860227156e-01,2.901545360504184501e+01
2.922207702342307090e-01,1.211766882820830560e-01,1.287502312997132470e-01,3.104845683738701734e-01,8.222876242566984351e-01,2.908168216580097720e+01
2.927149869297944740e-01,1.177134009137228016e-01,1.250704884708304931e-01,3.110096736129067119e-01,8.238041851168027563e-01,2.909592127999396283e+01
2.918670062827574130e-01,1.142918675947152546e-01,1.214351093193849485e-01,3.101086941754300774e-01,8.245862732395949912e-01,2.910009093294791782e+01
2.888502455232023203e-01,1.136020245077923874e-01,1.207021510395295261e-01,3.069033858684028226e-01,8.254581968354968158e-01,2.916458552408656857e+01
2.843987381653533819e-01,1.125006246849684505e-01,1.195319137277789101e-01,3.021736593006879024e-01,8.267137788049858660e-01,2.925122045093340617e+01
2.828324511914590556e-01,1.114263959581622554e-01,1.183905457055473703e-01,3.005094793909252604e-01,8.276197516543902788e-01,2.931937144182665378e+01
2.785799906850356944e-01,1.109810827073520190e-01,1.179174003765615236e-01,2.959912401028504392e-01,8.284794934513922682e-01,2.939477728136613521e+01
2.763417101127995656e-01,1.106324976273417443e-01,1.175470287290504706e-01,2.936130669948495697e-01,8.291410773565099923e-01,2.945471548465833322e+01
2.749111653970788272e-01,1.102024967067415095e-01,1.170901527509127377e-01,2.920931132343960734e-01,8.296006798498901658e-01,2.950960791186133747e+01
2.736696507612197959e-01,1.099969829456322878e-01,1.168717943797343978e-01,2.907740039337962101e-01,8.298017634201760862e-01,2.954745155430948600e+01
2.730847727288444604e-01,1.098376146049484525e-01,1.167024655177577308e-01,2.901525710243971767e-01,8.298617561037622270e-01,2.957666834636973974e+01
2.730078450413696012e-01,1.097638161075428914e-01,1.166240546142641443e-01,2.900708353564548370e-01,8.298227740365116123e-01,2.959385227771440796e+01
2.732053479910585003e-01,1.097149308141677354e-01,1.165721139900529335e-01,2.902806822404996878e-01,8.297280849543308134e-01,2.960236344087687499e+01
2.735892992578824456e-01,1.096711017773020214e-01,1.165255456383833543e-01,2.906886304615001193e-01,8.295923659520297866e-01,2.960630873757053649e+01
2.741085336260125627e-01,1.096209528938461575e-01,1.164722624497114556e-01,2.912403169776383027e-01,8.294250169684537211e-01,2.960790451527536504e+01
2.747276728681725122e-01,1.095537404380371727e-01,1.164008492154145896e-01,2.918981524224334434e-01,8.292325001651565941e-01,2.960843193890529434e+01
2.754175832692799530e-01,1.094575421882548472e-01,1.162986385750207907e-01,2.926311822236100646e-01,8.290191525479090329e-01,2.960874157414888685e+01
2.761362056597805870e-01,1.093150905640195014e-01,1.161472837242706058e-01,2.933947185135167834e-01,8.287869669240277570e-01,2.960970153220575085e+01
2.770426018614189356e-01,1.091510322224855112e-01,1.159729717363908730e-01,2.943577644777576885e-01,8.284947689642797597e-01,2.960986472799072544e+01
2.780550882712049532e-01,1.089380284484708361e-01,1.157466552265002391e-01,2.954335312881550824e-01,8.281595655266354994e-01,2.961055319057268065e+01
2.791163261984380140e-01,1.086568434151553714e-01,1.154478961286024563e-01,2.965610965858405113e-01,8.277893465097546644e-01,2.961237350265967549e+01
2.793500068758076327e-01,1.084285833646865399e-01,1.152053698249794755e-01,2.968093823055454883e-01,8.273535921882814170e-01,2.960937376527588683e+01
2.776220761948688942e-01,1.083785925688312973e-01,1.151522546043833445e-01,2.949734559570483805e-01,8.267653463663715563e-01,2.958610310129192200e+01
2.750910515244358590e-01,1.081072959259546662e-01,1.148640019213269248e-01,2.922842422447134991e-01,8.260393089745342587e-01,2.955390143710777551e+01
2.719827680838414197e-01,1.072464184741690474e-01,1.139493196288043492e-01,2.889816910890813384e-01,8.248212221285766699e-01,2.950503561927466478e+01
2.649491564337791427e-01,1.067094524474680867e-01,1.133787932254347874e-01,2.815084787108904640e-01,8.238627394613536881e-01,2.944810241480287161e+01
2.560013566379146233e-01,1.063609948017041895e-01,1.130085569768104065e-01,2.720014414277839299e-01,8.230191664772231741e-01,2.939310407651348100e+01
2.469664582841459288e-01,1.054689499971908223e-01,1.120607593720150952e-01,2.624018619269052333e-01,8.217564735849106627e-01,2.934428865044555579e+01
2.362294868234730560e-01,1.031957372301518100e-01,1.096454708070363632e-01,2.509938297499404447e-01,8.206735012354687830e-01,2.929847920610077594e+01
2.221552744197479723e-01,9.916382810748899934e-02,1.053615673642071954e-01,2.360399790709825640e-01,8.208541307069894266e-01,2.924753300601728867e+01
2.141139106282296256e-01,9.795759846311760666e-02,1.040799483670624415e-01,2.274960300424939130e-01,8.227234167415288235e-01,2.917641254904944148e+01
1.980781709864563034e-01,9.843599028134779327e-02,1.045882396739319653e-01,2.104580566731097668e-01,8.252841378446635900e-01,2.908161163019326168e+01
1.848286396499966566e-01,9.750662974685372908e-02,1.036007941060319987e-01,1.963804296281213557e-01,8.274308076852929794e-01,2.903495236342462249e+01
1.726627956972915379e-01,9.680699734247893984e-02,1.028574346763840158e-01,1.834542204283724220e-01,8.283029418311075309e-01,2.900780426831597936e+01
1.636782996716728833e-01,9.477742229813986008e-02,1.007010111917735623e-01,1.739081934011525166e-01,8.286329999904112897e-01,2.901149750239432734e+01
1.592325094705345778e-01,9.484727334529118037e-02,1.007752279293718661e-01,1.691845413124430930e-01,8.291711373437357091e-01,2.901282372991781244e+01
1.552185562707125432e-01,9.731222756328987422e-02,1.033942417859954471e-01,1.649197160376320026e-01,8.296046591644143930e-01,2.889710154582115464e+01
1.500506411263321238e-01,1.019807743563116847e-01,1.083545727535811104e-01,1.594288061967276682e-01,8.321802081738900458e-01,2.875860473103739778e+01
1.452782952830846408e-01,1.075601138527114697e-01,1.142826209685059019e-01,1.543581887382774742e-01,8.354075821716844263e-01,2.860946907992522625e+01
1.434984272291741914e-01,1.107812047096280450e-01,1.177050300039796521e-01,1.524670789309972851e-01,8.390002445891100447e-01,2.850550524748323156e+01
1.439673807343102019e-01,1.121123511192951283e-01,1.191193730642509663e-01,1.529653420302045652e-01,8.430016660914616544e-01,2.840057789531806520e+01
1.428716321081395790e-01,1.133189647145117079e-01,1.204014000091688380e-01,1.518011091148984415e-01,8.457824633290818017e-01,2.825511133249963791e+01
1.413132826512765727e-01,1.130456933391284918e-01,1.201110491728242108e-01,1.501453628169817367e-01,8.488880500424805797e-01,2.811601160948701406e+01
1.391828297526573333e-01,1.120865973509506397e-01,1.190920096853849419e-01,1.478817566121985450e-01,8.518849808550191804e-01,2.797867364306869931e+01
1.367727156516706510e-01,1.110530467321591275e-01,1.179938621529191267e-01,1.453210103798999731e-01,8.545332994208961752e-01,2.785821113293365769e+01
1.310141109948772808e-01,1.101240373104847431e-01,1.170067896423902104e-01,1.392024929320574145e-01,8.563864558904874524e-01,2.778344893597634879e+01
1.235593822008693166e-01,1.085814906243236788e-01,1.153678337883438376e-01,1.312818435884235135e-01,8.582144487576592873e-01,2.778553761566359626e+01
1.158507594519661010e-01,1.067389546831480768e-01,1.134101393508448602e-01,1.230914319177138921e-01,8.601593703871666108e-01,2.780966176216319496e+01
1.093592141998096651e-01,1.050765439696784570e-01,1.116438279677834516e-01,1.161941650872979626e-01,8.620472026211948302e-01,2.787133718710438757e+01
1.064117202359409209e-01,1.037230102558986122e-01,1.102056983968923848e-01,1.130624527506872840e-01,8.640491209682354956e-01,2.795972572577527160e+01
1.040135335301753811e-01,1.020882963155952533e-01,1.084688148353199488e-01,1.105143793758114057e-01,8.644325602283232657e-01,2.813670389263964111e+01
1.021276483849084676e-01,1.005217752852895219e-01,1.068043862406200945e-01,1.085106264089651384e-01,8.653866521845993143e-01,2.827122231289594012e+01
1.006061339467699961e-01,9.907426353409906628e-02,1.052664050049803984e-01,1.068940173184432518e-01,8.663407928894892862e-01,2.843562282410344011e+01
9.806188380558295004e-02,9.742263741524841147e-02,1.035115522537014277e-01,1.041907515434318809e-01,8.669711639731623176e-01,2.856423314528253599e+01
9.573500706813103944e-02,9.628465037435471330e-02,1.023024410227517528e-01,1.017184450098892468e-01,8.670964053965452001e-01,2.868730666243395433e+01
9.375120832088937317e-02,9.673284904581931631e-02,1.027786521111828805e-01,9.961065884094488787e-02,8.665981205825260547e-01,2.879464037002208698e+01
9.201878818196002063e-02,9.837457021567777571e-02,1.045229808541576211e-01,9.776996244333249764e-02,8.660583396702021819e-01,2.890328590649444962e+01
9.159625545043438566e-02,9.996357766361572972e-02,1.062113012675917623e-01,9.732102141608652002e-02,8.652238826666450722e-01,2.897275814720597253e+01
9.338240174554759965e-02,9.950596076501461162e-02,1.057250833128279277e-01,9.921880185464429514e-02,8.657803095239287039e-01,2.897947740213798440e+01
9.530487796659586897e-02,9.897008630163202370e-02,1.051557166954840833e-01,1.012614328395082669e-01,8.665257308596469032e-01,2.897254333308532992e+01
9.748730081425828475e-02,9.838080343440919195e-02,1.045296036490598462e-01,1.035802571151495377e-01,8.673217108455768543e-01,2.896287359209233969e+01
9.965075728142396005e-02,9.773417580206350541e-02,1.038425617896925612e-01,1.058789296115130729e-01,8.680658289543831119e-01,2.895039468670671212e+01
1.017217148665137544e-01,9.689825383870787068e-02,1.029543947036271750e-01,1.080793220456708614e-01,8.687298414261503954e-01,2.893734967553661974e+01
1.038057454348437075e-01,9.610097808752843251e-02,1.021072892179990393e-01,1.102936045245214575e-01,8.692836400535575159e-01,2.892832822037631146e+01
1.049186619564420747e-01,9.477436557035133491e-02,1.006977634184982873e-01,1.114760783287197105e-01,8.698669249158030858e-01,2.891151117023782646e+01
1.057278285144592211e-01,9.329125066922491771e-02,9.912195383605140742e-02,1.123358177966129051e-01,8.704367204790988133e-01,2.889349557264536372e+01
1.070301555935783411e-01,9.229893189833590639e-02,9.806761514198193697e-02,1.137195403181769232e-01,8.708751760003713427e-01,2.888398621225642415e+01
1.082477499712980323e-01,9.152210818440137396e-02,9.724223994592662290e-02,1.150132343445041255e-01,8.712254580320681896e-01,2.887789673692020287e+01
1.091929750435364777e-01,9.085254529604398777e-02,9.653082937704689226e-02,1.160175359837576498e-01,8.714873322807387135e-01,2.887455360648268510e+01
1.098750762525525920e-01,9.034578190555137001e-02,9.599239327464847982e-02,1.167422685183371750e-01,8.716467841078879841e-01,2.887443875536037652e+01
1.103689782136730302e-01,8.998018893006562435e-02,9.560395073819462353e-02,1.172670393520275911e-01,8.717625418350019029e-01,2.887915206794430745e+01
1.106994706883241142e-01,8.980106031625414986e-02,9.541362658602001168e-02,1.176181876063444043e-01,8.718099965554341191e-01,2.888578501688563804e+01
1.106467552570485346e-01,8.970295815184647914e-02,9.530939303633699511e-02,1.175621774606141062e-01,8.717897912698486795e-01,2.889397130489707521e+01
1.105104860405709682e-01,8.963441179964652672e-02,9.523656253712442510e-02,1.174173914181066702e-01,8.717454966635739266e-01,2.890082299632925356e+01
1.103841744880517672e-01,8.961641078564389074e-02,9.521743645974670156e-02,1.172831853935551311e-01,8.716905822099572099e-01,2.890741177060683142e+01
1.102959878931164817e-01,8.964226963344337773e-02,9.524491148553373976e-02,1.171894871364362462e-01,8.716279504845619863e-01,2.891367912461863199e+01
1.102555332694743206e-01,8.970874113978298536e-02,9.531553746101947833e-02,1.171465040988164674e-01,8.715601541618669401e-01,2.891967019348291856e+01
1.102888369862031759e-01,8.988646594336631435e-02,9.550437006482684343e-02,1.171818892978408883e-01,8.714708984781618373e-01,2.892476983092008425e+01
1.102354098595613452e-01,9.000663388048692204e-02,9.563204849801729135e-02,1.171251229757838824e-01,8.713864671710205290e-01,2.892817249013702963e+01
1.101497550190843749e-01,9.008809556701016796e-02,9.571860153994832254e-02,1.170341147077771510e-01,8.713252948370366902e-01,2.893061610849474974e+01
1.100940463122856150e-01,9.013999303016155540e-02,9.577374259454664307e-02,1.169749242068034295e-01,8.712882557634258340e-01,2.893195788902678345e+01
1.100898940334184284e-01,9.022026003666061555e-02,9.585902628895201505e-02,1.169705124105071548e-01,8.712388377358668556e-01,2.893477600935834104e+01
1.100828895596824147e-01,9.034117809051435410e-02,9.598750172117156976e-02,1.169630701571627157e-01,8.712077725956439700e-01,2.893762250833585981e+01
1.095350064656592792e-01,9.028615762812115808e-02,9.592904247987874000e-02,1.163809443697629703e-01,8.704084315660225446e-01,2.889224681183704746e+01
1.089286966897767550e-01,9.011282597608009926e-02,9.574487759958515143e-02,1.157367402328877831e-01,8.693181627043981008e-01,2.880751104263892515e+01
1.077329098653580092e-01,8.928984352813061631e-02,9.487045874863878070e-02,1.144662167319429741e-01,8.690373141541527513e-01,2.872019274831163216e+01
1.111556724397439189e-01,8.863478153307595420e-02,9.417445537889329588e-02,1.181029019672279745e-01,8.686243897710758111e-01,2.863407304774035467e+01
1.207215312502977617e-01,8.860333483956826794e-02,9.414104326704128556e-02,1.282666269534411818e-01,8.675330167221917410e-01,2.855052418719335350e+01
1.315531617717529134e-01,8.749786168269567399e-02,9.296647803786423081e-02,1.397752343824874566e-01,8.659594135616650590e-01,2.849142248646622733e+01
1.357687001980089625e-01,8.958384194954656377e-02,9.518283207139331681e-02,1.442542439603845539e-01,8.616195904003103312e-01,2.841474381850451181e+01
1.388366088592952186e-01,9.263769625258198859e-02,9.842755226836839844e-02,1.475138969130011801e-01,8.567270801010009595e-01,2.830845003430752627e+01
1.421508839994320150e-01,9.593534760787553184e-02,1.019313068333677769e-01,1.510353142493963963e-01,8.532577676933147393e-01,2.827994070313537023e+01
1.443785621416293352e-01,9.787032162125890167e-02,1.039872167225874972e-01,1.534022222754811149e-01,8.519769656624971432e-01,2.824455309228825328e+01
1.453431691369655721e-01,9.958894811128515823e-02,1.058132573682405431e-01,1.544271172080261267e-01,8.504779547375891369e-01,2.824587616225852926e+01
1.447676413472669676e-01,9.978030138094939883e-02,1.060165702172588681e-01,1.538156189314711375e-01,8.491247585209368287e-01,2.833408884318743048e+01
1.382393641310049881e-01,9.884297931628167888e-02,1.050206655235492725e-01,1.468793243891926559e-01,8.496898098773416619e-01,2.844849241389730210e+01
1.290016483171962380e-01,9.622733794863877477e-02,1.022415465704287069e-01,1.370642513370211035e-01,8.509007433409397914e-01,2.851129420950557503e+01
1.190362213325160262e-01,9.300666617634875677e-02,9.881958281237056274e-02,1.264759851657983047e-01,8.512633467536930842e-01,2.862760762022678307e+01
1.104378456836596911e-01,8.983501754903716607e-02,9.544970614585203406e-02,1.173402110388885727e-01,8.506841387371232299e-01,2.878617390473068127e+01
1.058339937622631566e-01,8.807159307299571027e-02,9.357606764005794997e-02,1.124486183724046628e-01,8.493340720612455597e-01,2.890201577654078946e+01
1.029806383776120521e-01,8.707529746191976228e-02,9.251750355328972053e-02,1.094169282762127854e-01,8.485595415555897691e-01,2.905466078417490294e+01
1.044042831249201442e-01,8.584823853102650781e-02,9.121375343921568624e-02,1.109295508202274710e-01,8.487832280630510651e-01,2.923992382406714441e+01
1.083137535284878494e-01,8.319532331135368053e-02,8.839503101831316934e-02,1.150833631240184701e-01,8.498642680157778573e-01,2.940396238108401050e+01
1.128069753204009179e-01,8.111034775828730725e-02,8.617974449318011043e-02,1.198574112779257628e-01,8.509718378004331729e-01,2.957063750922374012e+01
1.199886033542260644e-01,8.296231704385048644e-02,8.814746185909094756e-02,1.274878910638651275e-01,8.503192987888076315e-01,2.973266259824457336e+01
1.283130149628775307e-01,8.568330313144843779e-02,9.103850957716394521e-02,1.363325783980574302e-01,8.483025076278987164e-01,2.991393574840803637e+01
1.376692290745667180e-01,8.839274221627392569e-02,9.391728860479094110e-02,1.462735558917269418e-01,8.453984845793820480e-01,3.008897123983776822e+01
1.475731438957374186e-01,9.097607848344170522e-02,9.666208338865658889e-02,1.567964653892207350e-01,8.417042217719269415e-01,3.025053198965097678e+01
1.571473008295007634e-01,9.344678555312586898e-02,9.928720965019625921e-02,1.669690071313448265e-01,8.379520430863409697e-01,3.038904922721796709e+01
1.661590336124139367e-01,9.579666885978951885e-02,1.017839606635263378e-01,1.765439732131900141e-01,8.344861716678423358e-01,3.046449294312418132e+01
1.746694166321725028e-01,9.821442900949924060e-02,1.043528308225928902e-01,1.855862551716832565e-01,8.321613630119759630e-01,3.047945249413928792e+01
1.834582252174186412e-01,1.005818394996189635e-01,1.068682044683453292e-01,1.949243642935079290e-01,8.298337606947886469e-01,3.047124980679937778e+01
1.934853552486116013e-01,1.027163358204131322e-01,1.091361068091889902e-01,2.055781899516501698e-01,8.279570573906659403e-01,3.044792815803213770e+01
2.057263675335292141e-01,1.052200346339701581e-01,1.117962867985932973e-01,2.185842655043748750e-01,8.267882732502859211e-01,3.046917712274733248e+01
2.191666681248809756e-01,1.066448530203070594e-01,1.133101563340761508e-01,2.328645848826859377e-01,8.257578957392499586e-01,3.058155354168246021e+01
2.319431111614672913e-01,1.084081990158718839e-01,1.151837114543639434e-01,2.464395556090592243e-01,8.256163202089701336e-01,3.067845685261559652e+01
2.433686898689413625e-01,1.102193756237083294e-01,1.171080866001898840e-01,2.585792329857498628e-01,8.258775939426035162e-01,3.075952644039307060e+01
2.525867669168250229e-01,1.115959489921454079e-01,1.185706958041543441e-01,2.683734398491265383e-01,8.261008756098889849e-01,3.084575008615025382e+01
2.589003381820966787e-01,1.123056757785423632e-01,1.193247805147014118e-01,2.750816093184777489e-01,8.264491539859588620e-01,3.095439995024182878e+01
2.617501309753186844e-01,1.119609431231809310e-01,1.189585020683798511e-01,2.781095141612762722e-01,8.263510128138186195e-01,3.103359964152064876e+01
2.630925618544294187e-01,1.094229700042307629e-01,1.162619056294949410e-01,2.795358469703309590e-01,8.264941614253406010e-01,3.104920229557514588e+01
2.650162683246674034e-01,1.070611752295395902e-01,1.137524986813858163e-01,2.815797850949591230e-01,8.269473687861208511e-01,3.112764462900241114e+01
2.638742274804060095e-01,1.057634973628091973e-01,1.123737159479847869e-01,2.803663666979315794e-01,8.266612886255685355e-01,3.120022290376780205e+01
2.619532431090291769e-01,1.057126398964834124e-01,1.123196798900135823e-01,2.783253208033434345e-01,8.262158862979379625e-01,3.123761409610017026e+01
2.590821157170492550e-01,1.057310373525319064e-01,1.123392271870651549e-01,2.752747479493647953e-01,8.257959324258037359e-01,3.130354379810587773e+01
2.564280185091359354e-01,1.061015929113873768e-01,1.127329424683493203e-01,2.724547696659570528e-01,8.252146490693506031e-01,3.135878201002211085e+01
2.547911517670493620e-01,1.060700424578277790e-01,1.126994201114419336e-01,2.707155987524897389e-01,8.247714685869096396e-01,3.137640513993293823e+01
2.530641329384696880e-01,1.064999522185733766e-01,1.131561992322342863e-01,2.688806412471240748e-01,8.244586111645247906e-01,3.142155655604377529e+01
2.516263907093301277e-01,1.063186014466468571e-01,1.129635140370622987e-01,2.673530401286632330e-01,8.245568291115362713e-01,3.144365583488752591e+01
2.511177693898196672e-01,1.063904986300319433e-01,1.130399047944090490e-01,2.668126299766834797e-01,8.247768402140615018e-01,3.146727616979825370e+01
2.508615844884056756e-01,1.063918912210487788e-01,1.130413844223642078e-01,2.665404335189311413e-01,8.248426662685609534e-01,3.148493750545609871e+01
2.509063783351871413e-01,1.064096580967962419e-01,1.130602617278459454e-01,2.665880269811360948e-01,8.248242096711848603e-01,3.149366388519847959e+01
2.510779940729824800e-01,1.064161850729479358e-01,1.130671966400071810e-01,2.667703687025440029e-01,8.247617077142712638e-01,3.149766324498345327e+01
2.513191216857987298e-01,1.064094974647555453e-01,1.130600910563028805e-01,2.670265667911613239e-01,8.246758097662323372e-01,3.149929494656274898e+01
2.516207614693178329e-01,1.063941802411054599e-01,1.130438165061745381e-01,2.673470590611500830e-01,8.245767968909993861e-01,3.149951359529532269e+01
2.520375965893988379e-01,1.063811564498853418e-01,1.130299787280030360e-01,2.677899463762360988e-01,8.244430803174532807e-01,3.149825730981422822e+01
2.525381440785619547e-01,1.063597725268634886e-01,1.130072583097925798e-01,2.683217780834721289e-01,8.242869450287024780e-01,3.149650768743459039e+01
2.530400157529164029e-01,1.063046015363695307e-01,1.129486391323925171e-01,2.688550167374735289e-01,8.241245171252509216e-01,3.149564458918310805e+01
2.535430390091368280e-01,1.062066664506615826e-01,1.128445831038279723e-01,2.693894789472079943e-01,8.239506804731003831e-01,3.149580097485527475e+01
2.540864500887584088e-01,1.060650937533028915e-01,1.126941621128841886e-01,2.699668532193057469e-01,8.237517830347734771e-01,3.149665919470126241e+01
2.547014137961263747e-01,1.058770428162413291e-01,1.124943579922563219e-01,2.706202521583839782e-01,8.235157047477477121e-01,3.149804477801538738e+01
2.554101537474541828e-01,1.056381638489148900e-01,1.122405490894720637e-01,2.713732883566702392e-01,8.232321467541676707e-01,3.149986613808374969e+01
2.541935649047793455e-01,1.056068720197173572e-01,1.122073015209497926e-01,2.700806627113283565e-01,8.227708631640731074e-01,3.148932172526108175e+01
2.503897858791251374e-01,1.058365178709777116e-01,1.124513002379138177e-01,2.660391474965704828e-01,8.225566215935598002e-01,3.146224567290425256e+01
2.455073657175351476e-01,1.059836282395199836e-01,1.126076050044901022e-01,2.608515760748812973e-01,8.223764702686090500e-01,3.143910195831979593e+01
2.375606182180388382e-01,1.059465353018171352e-01,1.125681937581807512e-01,2.524081568566660660e-01,8.219267562325731635e-01,3.141562533782365563e+01
2.289479131259214428e-01,1.059263028689034492e-01,1.125466967982097360e-01,2.432571576962916926e-01,8.212647092174797381e-01,3.139051237786634019e+01
2.200804816814466991e-01,1.054532150869589430e-01,1.120440410298937789e-01,2.338355117865370536e-01,8.202748548938486595e-01,3.136040442869888523e+01
2.100817902057280362e-01,1.021314358496142188e-01,1.085146505902150754e-01,2.232119020935862119e-01,8.205335599044546457e-01,3.132131937144668399e+01
1.994723311951804579e-01,9.824170102520930759e-02,1.043818073392847184e-01,2.119393518948791133e-01,8.211580423186544131e-01,3.128201493812589362e+01
1.898889030056446492e-01,9.491484704709597653e-02,1.008470249875395852e-01,2.017569594434975577e-01,8.229873020868163636e-01,3.124414996000934863e+01
1.808197029203463813e-01,9.461465068227750685e-02,1.005280663499197730e-01,1.921209343528677560e-01,8.260530723248382667e-01,3.121430486195025011e+01
1.676298258410450215e-01,9.524978386104543393e-02,1.012028953523606972e-01,1.781066899561102312e-01,8.278137497954778379e-01,3.118463337924416834e+01
1.551746667867658080e-01,9.625949746508884186e-02,1.022757160566568208e-01,1.648730834609385965e-01,8.290533021114361301e-01,3.117407918327684158e+01
1.481753137657876307e-01,9.638148673942488476e-02,1.024053296606387692e-01,1.574362708761493923e-01,8.296240885490270278e-01,3.117666598227984665e+01
1.391726170983761113e-01,9.704147462530292312e-02,1.031065667893844018e-01,1.478709056670245436e-01,8.283209364896063631e-01,3.110287297016496311e+01
1.319412743125019383e-01,1.001144012557917823e-01,1.063715513342786134e-01,1.401876039570331689e-01,8.271480566331436135e-01,3.100391463129139069e+01
1.232485214211029440e-01,1.058490405207453550e-01,1.124646055532918659e-01,1.309515540099218667e-01,8.281766842591995470e-01,3.088765230958908958e+01
1.188589140442816994e-01,1.119889794120674797e-01,1.189882906253216938e-01,1.262875961720494045e-01,8.285054682203372156e-01,3.074915534535568540e+01
1.177301671344430506e-01,1.144860890519908414e-01,1.216414696177401944e-01,1.250883025803458948e-01,8.319511400639151288e-01,3.057688751272723948e+01
1.174874620722083096e-01,1.154709747021200605e-01,1.226879106210025522e-01,1.248304284517213480e-01,8.355130419761362948e-01,3.042837797717384873e+01
1.179138195991488725e-01,1.150882866596292520e-01,1.222813045758560091e-01,1.252834333240957498e-01,8.398774749155091257e-01,3.030811926029526759e+01
1.189674012241578732e-01,1.145072306038597970e-01,1.216639325166010005e-01,1.264028638006678418e-01,8.446719862727442019e-01,3.021603332616890114e+01
1.200334553873386861e-01,1.143482373908926569e-01,1.214950022278233344e-01,1.275355463490473185e-01,8.490950817070458401e-01,3.017214681294537471e+01
1.219411829475488263e-01,1.151516762509775943e-01,1.223486560166635595e-01,1.295625068817707337e-01,8.528749284373650097e-01,3.018455512003947661e+01
1.227961048011488032e-01,1.138805656950141604e-01,1.209981010509525168e-01,1.304708613512206294e-01,8.562436067407847018e-01,3.018406822821367896e+01
1.230889981286567986e-01,1.117405417367509368e-01,1.187243255952979137e-01,1.307820605116976620e-01,8.596122029740613790e-01,3.017417623723736853e+01
1.206318442244706662e-01,1.089934155925076503e-01,1.158055040670394331e-01,1.281713344885002104e-01,8.623346774540696646e-01,3.021014427236585220e+01
1.165865872588698615e-01,1.059913153330034052e-01,1.126157725413161059e-01,1.238732489625493371e-01,8.645064457572509964e-01,3.027004709301509422e+01
1.114181112862904222e-01,1.032435637697976111e-01,1.096962865054100233e-01,1.183817432416837678e-01,8.661012375774024274e-01,3.031906157438333693e+01
1.046988451515155766e-01,9.989494085900975373e-02,1.061383746626978208e-01,1.112425229734854276e-01,8.674635101969243589e-01,3.033659401944295908e+01
9.712069044433881138e-02,9.638471487068898946e-02,1.024087595501070314e-01,1.031907335971099793e-01,8.684597443289197027e-01,3.037425376642563535e+01
9.086018424980060737e-02,9.272936385092338252e-02,9.852494909160605663e-02,9.653894576541317829e-02,8.690619745575992594e-01,3.050200090673360975e+01
8.664090923985022508e-02,9.022398509848203463e-02,9.586298416713720516e-02,9.205596606734095522e-02,8.699728285082899415e-01,3.066459707542739110e+01
8.318457780599268492e-02,8.970893516300740278e-02,9.531574361069525270e-02,8.838361391886723206e-02,8.700841104089569455e-01,3.071619548229540797e+01
8.118002930898102210e-02,8.944567274971258752e-02,9.503602729656968062e-02,8.625378114079233771e-02,8.699431126172388895e-01,3.074150531801675967e+01
8.064038961800842897e-02,8.942989538422550788e-02,9.501926384573956830e-02,8.568041396913381180e-02,8.701026550351238509e-01,3.076662660634261215e+01
8.359593297226244890e-02,8.950940254687941855e-02,9.510374020605938394e-02,8.882067878302883635e-02,8.702537304152875297e-01,3.078446614950168581e+01
8.583336788720710708e-02,8.909585793686088107e-02,9.466434905791464016e-02,9.119795338015744546e-02,8.705480535121825625e-01,3.078709068549336081e+01
8.766942171443473097e-02,8.818556844297646691e-02,9.369716647066239634e-02,9.314876057158684441e-02,8.709355678274454116e-01,3.078212435520390855e+01
8.959754556418447757e-02,8.718756716624596892e-02,9.263679011413633591e-02,9.519739216194611497e-02,8.713663659257483429e-01,3.077362528430405320e+01
9.136549062587606684e-02,8.608331374769462307e-02,9.146352085692549538e-02,9.707583378999330714e-02,8.719173878996893112e-01,3.076107990751783561e+01
9.313982137466288169e-02,8.497730616576455731e-02,9.028838780112480311e-02,9.896106021057933522e-02,8.726606572870052592e-01,3.074838404629541699e+01
9.524249021541196514e-02,8.402462425977694216e-02,8.927616327601313462e-02,1.011951458538753318e-01,8.732224714075419447e-01,3.073853988803401904e+01
9.796199093454038831e-02,8.292899724260083261e-02,8.811205957026338464e-02,1.040846153679491487e-01,8.739427566092740074e-01,3.073279548009210416e+01
1.010115759739763086e-01,8.234615957569842160e-02,8.749279454917967269e-02,1.073247994723499216e-01,8.743703767050264863e-01,3.072405266694276804e+01
1.038219090791510923e-01,8.194942942220415083e-02,8.707126876109196056e-02,1.103107783965980859e-01,8.747243653421910015e-01,3.071644061172558438e+01
1.060516524492148283e-01,8.148974820991183865e-02,8.658285747303130775e-02,1.126798807272908487e-01,8.749876656751516268e-01,3.070862932455623806e+01
1.078677976669216443e-01,8.111814038344690447e-02,8.618802415741233514e-02,1.146095350211041863e-01,8.751675283062709809e-01,3.070357232740643738e+01
1.090974121697931010e-01,8.083157353222039654e-02,8.588354687798424592e-02,1.159160004304052305e-01,8.752584780566913247e-01,3.070150702972228274e+01
1.097810369700435579e-01,8.065077100670227372e-02,8.569144419462115803e-02,1.166423517806712412e-01,8.752899094440776961e-01,3.070243181684761069e+01
1.101017612673035329e-01,8.054184233783276414e-02,8.557570748394729976e-02,1.169831213465099412e-01,8.752921282304406692e-01,3.070482092683117870e+01
1.100980266490410586e-01,8.051804337936484257e-02,8.555042109057521549e-02,1.169791533146060658e-01,8.752857682066331746e-01,3.070852451671358097e+01
1.100451524294599887e-01,8.051042015293150000e-02,8.554232141248965804e-02,1.169229744563011347e-01,8.752888292627646338e-01,3.071047602922294928e+01
1.099536228899095081e-01,8.048463244116083048e-02,8.551492196873335117e-02,1.168257243205288315e-01,8.753110719828117725e-01,3.071170570434082592e+01
1.098363499597435483e-01,8.043151247839411266e-02,8.545848200829377073e-02,1.167011218322274585e-01,8.753174269000256746e-01,3.071120175427597943e+01
1.096868111363616255e-01,8.034014323269184077e-02,8.536140218473506347e-02,1.165422368323843494e-01,8.753442529417310158e-01,3.071044763204852401e+01
1.095825876301538826e-01,8.026262597853384140e-02,8.527904010219225506e-02,1.164314993570384899e-01,8.753741452627156194e-01,3.070976348027849667e+01
1.095056079816182776e-01,8.021735205758842580e-02,8.523093656118771455e-02,1.163497084804694104e-01,8.753863839567608274e-01,3.071027319737950023e+01
1.094903803465241826e-01,8.020448157153864388e-02,8.521726166975994443e-02,1.163335291181820247e-01,8.753749098069292245e-01,3.070998835014052375e+01
1.094991037489747993e-01,8.019857910461779260e-02,8.521099029865648877e-02,1.163427977332857632e-01,8.753683348426948285e-01,3.070917943077232337e+01
1.095055519757933971e-01,8.019586915681040096e-02,8.520811097911115684e-02,1.163496489742805728e-01,8.753643286946504176e-01,3.070873484542348208e+01
1.094475846777724359e-01,8.010706119852703533e-02,8.511375252343487963e-02,1.162880587201330779e-01,8.753749273815222276e-01,3.070990199379164665e+01
1.079433961146450405e-01,7.958789758163223316e-02,8.456214118048434314e-02,1.146898583718104214e-01,8.747311226806659956e-01,3.069088928130863891e+01
1.070580395844962229e-01,7.867572158004469685e-02,8.359295417879743229e-02,1.137491670585271952e-01,8.737442117466780456e-01,3.067260384000408280e+01
1.090596921172101857e-01,7.743329654331719547e-02,8.227287757727450024e-02,1.158759228745357833e-01,8.729483125956690737e-01,3.063485741239786009e+01
1.138063569422289589e-01,7.451776683170320548e-02,7.917512725868476597e-02,1.209192542511182827e-01,8.728398587750160198e-01,3.050076879113525052e+01
1.217785249493335414e-01,7.283976675511456833e-02,7.739225217730928696e-02,1.293896827586667464e-01,8.720841322828531972e-01,3.037493692555255365e+01
1.299866839445157074e-01,7.158496215789161843e-02,7.605902229275982029e-02,1.381108516910479478e-01,8.705209405719063209e-01,3.024919176828526446e+01
1.364934087466729840e-01,6.833959715185831951e-02,7.261082197384942372e-02,1.450242467933397783e-01,8.683384000601784836e-01,3.004311447129439827e+01
1.387408017406461525e-01,6.457788302437232619e-02,6.861400071339558704e-02,1.474121018494364277e-01,8.652062548075601933e-01,2.981577162720706298e+01
1.374496466596135114e-01,6.618945003312323716e-02,7.032629066019341346e-02,1.460402495758395536e-01,8.615553726840631255e-01,2.963306705566351695e+01
1.399503219521836539e-01,6.869874884996346465e-02,7.299242065308614302e-02,1.486972170741949761e-01,8.601887381193933368e-01,2.955751667438753216e+01
1.408509365288422299e-01,6.986236361781349158e-02,7.422876134392700220e-02,1.496541200618952960e-01,8.594786260642005571e-01,2.959187629818424270e+01
1.363606473605369629e-01,7.074419787960897765e-02,7.516571024708444682e-02,1.448831878205702195e-01,8.595331839549134045e-01,2.960655571914285389e+01
1.284891452783092081e-01,6.930132565484330154e-02,7.363265850827105385e-02,1.365197168582034659e-01,8.594428654426509162e-01,2.965997376870359048e+01
1.221760846450154619e-01,6.839983456921575056e-02,7.267482422979178180e-02,1.298120899353288615e-01,8.605389665851683745e-01,2.967779856329859811e+01
1.169433039107845990e-01,6.814022195042111762e-02,7.239898582232251467e-02,1.242522604052087587e-01,8.614448187313046290e-01,2.970814480632222399e+01
1.120662705187068647e-01,6.789079233130497493e-02,7.213396685201145520e-02,1.190704124261258989e-01,8.615417323830474317e-01,2.976999024878110944e+01
1.097309629717633239e-01,6.913178805971401109e-02,7.345252481344617668e-02,1.165891481574986288e-01,8.614130755743863999e-01,2.993445978025176757e+01
1.095101446677953505e-01,7.117247039380082685e-02,7.562074979341330827e-02,1.163545287095325148e-01,8.613664485591450148e-01,3.017035953329504494e+01
1.120014811799616289e-01,7.343327968546357887e-02,7.802285966580495280e-02,1.190015737537090668e-01,8.611219918886015012e-01,3.043000852737649709e+01
1.155590359161987740e-01,7.577107961824890159e-02,8.050677209438932003e-02,1.227814756609610786e-01,8.604433755854872246e-01,3.069502912081575730e+01
1.189819910585708379e-01,7.758758615869236486e-02,8.243681029361046853e-02,1.264183654997312611e-01,8.593140657170065255e-01,3.093959405244061855e+01
1.288888157346376739e-01,7.835343683895412692e-02,8.325052664138855862e-02,1.369443667180522684e-01,8.578371125445743983e-01,3.117520655840286281e+01
1.432356103359219424e-01,7.834753194884835903e-02,8.324425269565123575e-02,1.521878359819170135e-01,8.564763236719481476e-01,3.134303973914243713e+01
1.585347477924852477e-01,7.910871051245239871e-02,8.405300491948078379e-02,1.684431695295157128e-01,8.548062330408322529e-01,3.145200257861161575e+01
1.734999313394756659e-01,8.056492410073408383e-02,8.560023185702989035e-02,1.843436770481927944e-01,8.526606225889515889e-01,3.152233641407633158e+01
1.878216716103446593e-01,8.175568056898327440e-02,8.686541060454464058e-02,1.995605260859913410e-01,8.504014850578441864e-01,3.158524833234173457e+01
1.991220581402064482e-01,8.299024062692006432e-02,8.817713066610256833e-02,2.115671867739694623e-01,8.481716229493634351e-01,3.158229544620444784e+01
2.095412918426235449e-01,8.639965780323201339e-02,9.179963641593379131e-02,2.226376225827872701e-01,8.454637398013284955e-01,3.157050650348256582e+01
2.237868823482586089e-01,9.034838778982554053e-02,9.599516202668960385e-02,2.377735624950247095e-01,8.438216364164640160e-01,3.157985940504007161e+01
2.369589431546549330e-01,9.442111903104859205e-02,1.003224389704889530e-01,2.517688771018204430e-01,8.425168583940872979e-01,3.160362182880674098e+01
2.462344536761292002e-01,9.788748317385569109e-02,1.040054508722216275e-01,2.616241070308870653e-01,8.413594001436166536e-01,3.169847157853405761e+01
2.539655812849181404e-01,1.013671317085740042e-01,1.077025774403600200e-01,2.698384301152256248e-01,8.398245976704580285e-01,3.185600933572974114e+01
2.608608408489498376e-01,1.040207398779219444e-01,1.105220361202921553e-01,2.771646434020093586e-01,8.384851811579836500e-01,3.203876971465570023e+01
2.665565001277302448e-01,1.064968954435014797e-01,1.131529514087203786e-01,2.832162813857136419e-01,8.371555083123981555e-01,3.226814800568227071e+01
2.704336975167229706e-01,1.089724202346800952e-01,1.157831964993475543e-01,2.873358036115180592e-01,8.362259145087945766e-01,3.250689112962351146e+01
2.724492851501906232e-01,1.109569193570658363e-01,1.178917268168825083e-01,2.894773654720778078e-01,8.353110295158877596e-01,3.281036350112820799e+01
2.680520516942818121e-01,1.102804222285454494e-01,1.171729486178295088e-01,2.848053049251744739e-01,8.338194119445438979e-01,3.307228966458266939e+01
2.653704819971523521e-01,1.098657469627502409e-01,1.167323561479221700e-01,2.819561371219743706e-01,8.326945860435654989e-01,3.326269121850254606e+01
2.634130891316789347e-01,1.097193482253040753e-01,1.165768074893855644e-01,2.798764072024088612e-01,8.318576127741589277e-01,3.340716261931133602e+01
2.602678326202484405e-01,1.098360430224832873e-01,1.167007957113884026e-01,2.765345721590136141e-01,8.311093304100521939e-01,3.353395591112555962e+01
2.582847793877593445e-01,1.098437792035807242e-01,1.167090154038044475e-01,2.744275780994941960e-01,8.299803263606762016e-01,3.364441329010432469e+01
2.557369519339041664e-01,1.104130997200479386e-01,1.173139184525509998e-01,2.717205114297733815e-01,8.287925725550432388e-01,3.379275162630496965e+01
2.532395426326031207e-01,1.108182304915500405e-01,1.177443698972718278e-01,2.690670140471407290e-01,8.278229495273655703e-01,3.394379510499690866e+01
2.519713949270537823e-01,1.111729763437721563e-01,1.181212873652580791e-01,2.677196071099952612e-01,8.274634490163370604e-01,3.409072383727869493e+01
2.497967490123528811e-01,1.109579982503147849e-01,1.178928731409594477e-01,2.654090458256250229e-01,8.274369197482966953e-01,3.418843306311557484e+01
2.488276113240346643e-01,1.109157279208930619e-01,1.178479609159489155e-01,2.643793370317866764e-01,8.275272674783188398e-01,3.428544114322825465e+01
2.479874975011528149e-01,1.106468434958860353e-01,1.175622712143790799e-01,2.634867160949749265e-01,8.275831245597148333e-01,3.434652109290795607e+01
2.476877337061560436e-01,1.105067110782507744e-01,1.174133805206415138e-01,2.631682170627906991e-01,8.276256497810754453e-01,3.438419260035440317e+01
2.475201578139657188e-01,1.104171806749803947e-01,1.173182544671665939e-01,2.629901676773383490e-01,8.276489384020471185e-01,3.440439233765023630e+01
2.474150836358569583e-01,1.103622076858778722e-01,1.172598456662452826e-01,2.628785263630981639e-01,8.276628174408305894e-01,3.441516306126168701e+01
2.473460382666712587e-01,1.103281603417598927e-01,1.172236703631197030e-01,2.628051656583379470e-01,8.276720050767204517e-01,3.442085919640388170e+01
2.473020450024903116e-01,1.103062060757058066e-01,1.172003439554374360e-01,2.627584228151457757e-01,8.276790432059959457e-01,3.442383780759485035e+01
2.472735679663787545e-01,1.102916228879774613e-01,1.171848493184760309e-01,2.627281659642773937e-01,8.276851533982181319e-01,3.442532913627806579e+01
2.474401308128693078e-01,1.102316727683308184e-01,1.171211523163514512e-01,2.629051389886737367e-01,8.276307540650262862e-01,3.442664248872730326e+01
2.481219197712966895e-01,1.100363548239602085e-01,1.169136270004578065e-01,2.636295397570028176e-01,8.274080030535236885e-01,3.442907909842207914e+01
2.489807448208317397e-01,1.097925906975491250e-01,1.166546276161460893e-01,2.645420413721337738e-01,8.271217567899299405e-01,3.443161662737150408e+01
2.478210076533996498e-01,1.097578796595986561e-01,1.166177471383233882e-01,2.633098206317367462e-01,8.266805864843751461e-01,3.441891694147764014e+01
2.463305142857029895e-01,1.097107471893097597e-01,1.165676688886415346e-01,2.617261714285593066e-01,8.261518972443138153e-01,3.440182256204137445e+01
2.448538505546076216e-01,1.095865873986977268e-01,1.164357491111162601e-01,2.601572162142705147e-01,8.255412148144256612e-01,3.438170535048661236e+01
2.433586927075260531e-01,1.093857876816181907e-01,1.162223994117191905e-01,2.585686110017462735e-01,8.248404917930824976e-01,3.435991031391575490e+01
2.406218752337010991e-01,1.092239851258861721e-01,1.160504841962540779e-01,2.556607424358073311e-01,8.243576196891281294e-01,3.433372832519737017e+01
2.376972978006851311e-01,1.075144142980597045e-01,1.142340651916883554e-01,2.525533789132279328e-01,8.250578895779309141e-01,3.430075301252021092e+01
2.329098747877163533e-01,1.055342033561192799e-01,1.121300910658768885e-01,2.474667419619491493e-01,8.261258854570328047e-01,3.426443906657037530e+01
2.251940385470813932e-01,1.035519303000243807e-01,1.100239259437757744e-01,2.392686659562737461e-01,8.275644445706652474e-01,3.422953105878531233e+01
2.187546611952740361e-01,9.974543135454254361e-02,1.059795208142013528e-01,2.324268275199784795e-01,8.291354960213811465e-01,3.417898535896543422e+01
2.109338200230362059e-01,9.600015214735939384e-02,1.020001616565692076e-01,2.241171837744756756e-01,8.308084491600946642e-01,3.413036398990115572e+01
1.986737832604838494e-01,8.891292295154452907e-02,9.446998063601602658e-02,2.110908947142641767e-01,8.334197797001714481e-01,3.404495534334427731e+01
1.865736414509364671e-01,8.175036545283964617e-02,8.685976329364200610e-02,1.982344940416198575e-01,8.368372943282725851e-01,3.397659392787618771e+01
1.771255378415353965e-01,7.565149523315529978e-02,8.037971368522774107e-02,1.881958839566319763e-01,8.432630415854269756e-01,3.393967888902230357e+01
1.663187250822576180e-01,6.988311898189017435e-02,7.425081391825820443e-02,1.767136453998984225e-01,8.507369257783718997e-01,3.390628507854397355e+01
1.553470613137114542e-01,6.530054255026272736e-02,6.938182645965398909e-02,1.650562526458182744e-01,8.564962313154482754e-01,3.384886140237397711e+01
1.444150921056664705e-01,6.178251330622810261e-02,6.564392038786745487e-02,1.534410353622708834e-01,8.609085699075958997e-01,3.377895216040921156e+01
1.339609554266927016e-01,5.810039264609326293e-02,6.173166718647397216e-02,1.423335151408608723e-01,8.643207323350384774e-01,3.370584496042275902e+01
1.271614466796423260e-01,5.417543700010936381e-02,5.756140181261618777e-02,1.351090370971202159e-01,8.687835801697095794e-01,3.365008118829462092e+01
1.206550777672562719e-01,5.026026781028398310e-02,5.340153454842690856e-02,1.281960201277100031e-01,8.757044409252922046e-01,3.356909484207727701e+01
1.151705780600304901e-01,4.624905616106686490e-02,4.913962217113349018e-02,1.223687391887822856e-01,8.836153084148855585e-01,3.349065887634724703e+01
1.133193289571269163e-01,4.298631388093367839e-02,4.567295849849178913e-02,1.204017870169469956e-01,8.897439901045575139e-01,3.339067724367995993e+01
1.170107402872881397e-01,4.074579657035226621e-02,4.329240885599937305e-02,1.243239115552438601e-01,8.950101257484202044e-01,3.329640311865450286e+01
1.186734373648562907e-01,3.674566543999732010e-02,3.904226952999712702e-02,1.260905272001597299e-01,9.002903478384709501e-01,3.324737208354630980e+01
1.176639499392377192e-01,3.156509724611897966e-02,3.353791582400141719e-02,1.250179468104402059e-01,9.054368274788203719e-01,3.324106402374246017e+01
1.169302303098661427e-01,2.699774299363273677e-02,2.868510193073488951e-02,1.242383697042328816e-01,9.102757587317561461e-01,3.327781507741919853e+01
1.149312049405361164e-01,2.422487024985482684e-02,2.573892464047082551e-02,1.221144052493195603e-01,9.130825773165314185e-01,3.332374986474506073e+01
1.095790288302642690e-01,2.187605691347200426e-02,2.324331047056402144e-02,1.164277181321557997e-01,9.141898557725726127e-01,3.336682020128124293e+01
1.037465578198186050e-01,1.953050822881276932e-02,2.075116499311352447e-02,1.102307176835571334e-01,9.147902657272332094e-01,3.334641981901869201e+01
9.885240374322036561e-02,1.819243953211383338e-02,1.932946700287112296e-02,1.050306789771716931e-01,9.151718720770706250e-01,3.334241469245773715e+01
9.605206189412132667e-02,1.814360526044791339e-02,1.927758058922587545e-02,1.020553157625037066e-01,9.147270118869569311e-01,3.340373611900405848e+01
9.201206561434142894e-02,1.811961574888958093e-02,1.925209173319528469e-02,9.776281971523775871e-02,9.131071808229451747e-01,3.351991095256234132e+01
9.204758657773684516e-02,1.963362512617536013e-02,2.086072669656134290e-02,9.780056073884565992e-02,9.106407052244303024e-01,3.366624813959941065e+01
9.561521219009495864e-02,2.167353907547889952e-02,2.302813526769624183e-02,1.015911629519756498e-01,9.080076218381212261e-01,3.374980115606482656e+01
9.576532927691153163e-02,2.177365961906369343e-02,2.313451334525530589e-02,1.017506623567185770e-01,9.049898850503337311e-01,3.386055928991020636e+01
9.723943322609658602e-02,2.130516395667308299e-02,2.263673670396528642e-02,1.033168978027276669e-01,9.012936170978771422e-01,3.398538910007099645e+01
9.684249899490586511e-02,2.095457131957250557e-02,2.226423202704570087e-02,1.028951551820872362e-01,8.975145025722510717e-01,3.412879610432970878e+01
9.868378103175828864e-02,2.238136517259420658e-02,2.378020049588156284e-02,1.048515173462433309e-01,8.940267347821188038e-01,3.433374678590605100e+01
1.019571478061399999e-01,2.528129938845217681e-02,2.686138060023030363e-02,1.083294695440232269e-01,8.905009226440174785e-01,3.459446094704954078e+01
1.044883537888223884e-01,2.800187548458236628e-02,2.975199270236897342e-02,1.110188759006238285e-01,8.869305395266647851e-01,3.486448929633143479e+01
1.005170608412000732e-01,2.834110628469958468e-02,3.011242542749326817e-02,1.067993771437749095e-01,8.839912445492658088e-01,3.512759590016941047e+01
9.504807964885397809e-02,2.743780801859489055e-02,2.915267101975719394e-02,1.009885846269075599e-01,8.819195452305053085e-01,3.538602703833452523e+01
9.292095820857498856e-02,2.669338845642980559e-02,2.836172523495661055e-02,9.872851809661079003e-02,8.802940781407074811e-01,3.562325149246378686e+01
9.171948057645278041e-02,2.643734593949272765e-02,2.808968006071094550e-02,9.745194811248102107e-02,8.788855051529752549e-01,3.585576976848353326e+01
8.883613049277454266e-02,2.650368405065817168e-02,2.816016430382424149e-02,9.438838864857275468e-02,8.774502496900502546e-01,3.612283074588740561e+01
8.520828127427775012e-02,2.735242078022993850e-02,2.906194707899429144e-02,9.053379885392007220e-02,8.760777566021974438e-01,3.638004376846927812e+01
7.981363824804721396e-02,2.837886134559832255e-02,3.015254017969815764e-02,8.480199063855024810e-02,8.754279729194973658e-01,3.661553231400606734e+01
7.365208037635938287e-02,2.984824489271647313e-02,3.171376019851131212e-02,7.825533539988144272e-02,8.746121962204129741e-01,3.680979904261537428e+01
7.153778047112582805e-02,3.198706343946218500e-02,3.398625490442844232e-02,7.600889175057122527e-02,8.730211348221561529e-01,3.696004926205562668e+01
6.944496992558708837e-02,3.587611202445202541e-02,3.811836902598032817e-02,7.378528054593597174e-02,8.716048814545604984e-01,3.712109056924668948e+01
6.772263018764074216e-02,3.745546254154272919e-02,3.979642895038903311e-02,7.195529457436806997e-02,8.712581803517456258e-01,3.725430289626326186e+01
6.468192025861491112e-02,3.910221707682454834e-02,4.154610564412613422e-02,6.872454027477822858e-02,8.709491014592296576e-01,3.739429593991147271e+01
6.108585909366351374e-02,4.092178058515230643e-02,4.347939187172429609e-02,6.490372528701765509e-02,8.706071731084725762e-01,3.756085040912351047e+01
6.056444449627415572e-02,4.133820432980107873e-02,4.392184210041343712e-02,6.434972227729120198e-02,8.703752082110109978e-01,3.765689214672855911e+01
6.050729735171744839e-02,4.133834932802747664e-02,4.392199616102929888e-02,6.428900343619968483e-02,8.702488915868913377e-01,3.770934009619605831e+01
6.041326582131390649e-02,4.117786224213777768e-02,4.375147863227126649e-02,6.418909493514596276e-02,8.701534092386062902e-01,3.774044391916834940e+01
6.029782109678705204e-02,4.095860730042975156e-02,4.351852025670650825e-02,6.406643491533614565e-02,8.700287159722431829e-01,3.776099623108769521e+01
6.025659362486014692e-02,4.072113951411938243e-02,4.326621073375178789e-02,6.402263072641380115e-02,8.699245713131442681e-01,3.777440751661681873e+01
6.020881012213452621e-02,4.047900270844267956e-02,4.300894037772038520e-02,6.397186075476776757e-02,8.698614812173696142e-01,3.778264773050037917e+01
5.961412088844648960e-02,4.007170369449970793e-02,4.257618517540584513e-02,6.334000344397434923e-02,8.698153649504377638e-01,3.778403043602423850e+01
5.746722127158982590e-02,3.904224000081444462e-02,4.148238000086522381e-02,6.105892260106404734e-02,8.699822725155834657e-01,3.776662537331488778e+01
5.556351753935838411e-02,3.773823236132672898e-02,4.009687188390963219e-02,5.903623738556828399e-02,8.707841189459113451e-01,3.773246530051623182e+01
5.353707151590312435e-02,3.630648135288789408e-02,3.857563643744337661e-02,5.688313848564703623e-02,8.717384476268773552e-01,3.769556767949143961e+01
5.135832571329275453e-02,3.484461744964213042e-02,3.702240604024468335e-02,5.456822107037360980e-02,8.727887910522126313e-01,3.765490811105830460e+01
4.894016372218434191e-02,3.340363225016155374e-02,3.549135926579646827e-02,5.199892395482109964e-02,8.739124018128630045e-01,3.760821358902740741e+01
4.625277158946372591e-02,3.175681277071555619e-02,3.374161356888523422e-02,4.914356981380506306e-02,8.762297504295041284e-01,3.754249120873068080e+01
4.370707749997711222e-02,3.349577629476106072e-02,3.558926231318355199e-02,4.643876984372578148e-02,8.782350591453336186e-01,3.749181237463904637e+01
4.577981880021995270e-02,3.736541455471480838e-02,3.970075296438444618e-02,4.864105747523335410e-02,8.798108175161953870e-01,3.741302650017448883e+01
4.717101824361753099e-02,4.228824398923809041e-02,4.493125923856546022e-02,5.011920688384359501e-02,8.790880799282100311e-01,3.735118200029567959e+01
5.664666797117125924e-02,5.027464179786061277e-02,5.341680691022678007e-02,6.018708471936936449e-02,8.778975846108283410e-01,3.727802253739648108e+01
6.940304077452451315e-02,5.986296566301983063e-02,6.360440101695852277e-02,7.374073082293201853e-02,8.762148019921516262e-01,3.718534816350003069e+01
7.344676792605983606e-02,6.765664622210157408e-02,7.188518661098283746e-02,7.803719092143845959e-02,8.746176688281954714e-01,3.708539230786043817e+01
7.288804018888518643e-02,7.352708855224500406e-02,7.812253158676030207e-02,7.744354270069080115e-02,8.724597437633296870e-01,3.699610342405075869e+01
7.616947244803579098e-02,7.871914617869825437e-02,8.363909281486689440e-02,8.093006447603776077e-02,8.701088067133087023e-01,3.696954995817527134e+01
7.916594229057077881e-02,8.287398500970423465e-02,8.805360907281073457e-02,8.411381368373148371e-02,8.666861101793623678e-01,3.697447738307313614e+01
8.327376959167094583e-02,8.523661813505553630e-02,9.056390676849652988e-02,8.847838019115064623e-02,8.644094915671047819e-01,3.686977785545583686e+01
8.597968500605682185e-02,8.515692147145813296e-02,9.047922906342424632e-02,9.135341531893528821e-02,8.643330314030740480e-01,3.667140874673903994e+01
8.665813622288251472e-02,8.291022411252843560e-02,8.809211311956144375e-02,9.207426973681263893e-02,8.643167620645543225e-01,3.645475476419988325e+01
8.721683731164069087e-02,7.906167265226568541e-02,8.400302719303233412e-02,9.266788964361818981e-02,8.640022410785580531e-01,3.623880347994499829e+01
8.977055672347913906e-02,7.526740736382933616e-02,7.997162032406862631e-02,9.538121651869665985e-02,8.632719714775017872e-01,3.603804880441087022e+01
9.263354168545318013e-02,7.260354451879340310e-02,7.714126605121783553e-02,9.842313804079395878e-02,8.623591033199605738e-01,3.586850497245146130e+01
9.723636211087595405e-02,7.126801561517909223e-02,7.572226659112769875e-02,1.033136347428056656e-01,8.614163616174870253e-01,3.572405207232394275e+01
1.038528568233023364e-01,7.114408925354558100e-02,7.559059483189214945e-02,1.103436603747588451e-01,8.605680755174603958e-01,3.562699103101906672e+01
1.086122585413949876e-01,7.216080496619281526e-02,7.667085527657981070e-02,1.154005247002323348e-01,8.599046491021240524e-01,3.560422684736997212e+01
1.132501766194082132e-01,7.114215365814019476e-02,7.558853826177386326e-02,1.203283126581211060e-01,8.599576562680791847e-01,3.569702904419610690e+01
1.226839556025287881e-01,6.966964649979939805e-02,7.402399940603668349e-02,1.303517028276865997e-01,8.603910798503056068e-01,3.582045542178092745e+01
1.346991238050612161e-01,6.931176743644075489e-02,7.364375290121839834e-02,1.431178190428778196e-01,8.612531776755183444e-01,3.593090834371621867e+01
1.469125899264702162e-01,6.941766357771286811e-02,7.375626755131986512e-02,1.560946267968744694e-01,8.619987730426628136e-01,3.602316516365375776e+01
1.575584912684739047e-01,6.998665603672356295e-02,7.436082203901871190e-02,1.674058969727533486e-01,8.614574270882657814e-01,3.610284867559013833e+01
1.677422027982106434e-01,7.057115543282656278e-02,7.498185264737833311e-02,1.782260904730990914e-01,8.608536416401767477e-01,3.618209101876724532e+01
1.771498264848587745e-01,7.092934840874380586e-02,7.536243268429025643e-02,1.882216906401625034e-01,8.602460974452461606e-01,3.625907171128373108e+01
1.853234009871572441e-01,7.258114164274620528e-02,7.711746299541778760e-02,1.969061135488545666e-01,8.588482197412339314e-01,3.639378569222034088e+01
1.960099478675846052e-01,7.612210322964838016e-02,8.087973468150155831e-02,2.082605696093090542e-01,8.561254890408516172e-01,3.652483598793361352e+01
2.092240417421041276e-01,7.874922719171624508e-02,8.367105389119855463e-02,2.223005443509855905e-01,8.558107320902805792e-01,3.662728821768414633e+01
2.204174938538130124e-01,8.001810792164634756e-02,8.501923966674940214e-02,2.341935872196766188e-01,8.546415137572982434e-01,3.682763776572287640e+01
2.313854509414639549e-01,8.141391945317588696e-02,8.650228941899938684e-02,2.458470416253056290e-01,8.545819634060235481e-01,3.708369439901526476e+01
2.422297609512857053e-01,8.046189957398536263e-02,8.549076829735935412e-02,2.573691210107408311e-01,8.534300378694791300e-01,3.727643160130686084e+01
2.493882378812641021e-01,8.024257238814744286e-02,8.525773316240671529e-02,2.649750027488430026e-01,8.519196280889466122e-01,3.745948703189342410e+01
2.526271461697726095e-01,8.045271770726021565e-02,8.548101256396396785e-02,2.684163428053834566e-01,8.504631024992627131e-01,3.767030640316411194e+01
2.534592539469753825e-01,8.105249871710248910e-02,8.611827988692122293e-02,2.693004573186609241e-01,8.486322184248381584e-01,3.786557072439228477e+01
2.534169539602029730e-01,8.075237141351125636e-02,8.579939462685574891e-02,2.692555135827158219e-01,8.467043128464315505e-01,3.798499515291496920e+01
2.533546270848509030e-01,8.039079343907164221e-02,8.541521802901366756e-02,2.691892912776545632e-01,8.448038639596495702e-01,3.808846718743919268e+01
2.519627209607013807e-01,7.989217070054531467e-02,8.488543136932942546e-02,2.677103910207454529e-01,8.430143116660161473e-01,3.815398017907023132e+01
2.468817969487652753e-01,7.896949108075743129e-02,8.390508427330466146e-02,2.623119092580629141e-01,8.420586321777813188e-01,3.817873378975205156e+01
2.420090768115329971e-01,7.688267813487098534e-02,8.168784551830025886e-02,2.571346441122536741e-01,8.434318306005791355e-01,3.819550654195415262e+01
2.391517073154962869e-01,7.465891775973823585e-02,7.932510011972167263e-02,2.540986890227142636e-01,8.448470218099509710e-01,3.828469711991758828e+01
2.403298282550357934e-01,7.469473509704209480e-02,7.936315604060707740e-02,2.553504425209752182e-01,8.442718984913691882e-01,3.840327057417332668e+01
2.426224287264129031e-01,7.602707156244889464e-02,8.077876353510184126e-02,2.577863305218136558e-01,8.419740093345583487e-01,3.850442378011544520e+01
2.451560934644661238e-01,7.755400653859739757e-02,8.240113194725966206e-02,2.604783493059952826e-01,8.392655799265692496e-01,3.860204416741322575e+01
2.467303287266683354e-01,7.924692926064141885e-02,8.419986233943153875e-02,2.621509742720852243e-01,8.367867012134678761e-01,3.867072146117085651e+01
2.488708642614688715e-01,8.119451026855717402e-02,8.626916716034184474e-02,2.644252932778106135e-01,8.345055579772706622e-01,3.875132700245000450e+01
2.486547779560834837e-01,8.306100628505322381e-02,8.825231917786900693e-02,2.641957015783384377e-01,8.327595471640758529e-01,3.884428936246538200e+01
2.485547283878533076e-01,8.502361109092039515e-02,9.033758678410286347e-02,2.640893989120939311e-01,8.311313994695633811e-01,3.892710085828775135e+01
2.487185568172099459e-01,8.714609079378955736e-02,9.259272146840125117e-02,2.642634666182854253e-01,8.292542295715605860e-01,3.899722980066957234e+01
2.489304423080828110e-01,8.879346097586005016e-02,9.434305228685115063e-02,2.644885949523376190e-01,8.275554341574210548e-01,3.904611182372911315e+01
2.490351848532913193e-01,8.977260179514230665e-02,9.538338940733857851e-02,2.645998839066217578e-01,8.263038577235832793e-01,3.907674281240602454e+01
2.496672993737356627e-01,9.042949474737753401e-02,9.608133816908852320e-02,2.652715055845940584e-01,8.251308363770365473e-01,3.910746996097437744e+01
2.502031423938679833e-01,9.089350577306422319e-02,9.657434988388055586e-02,2.658408387934845241e-01,8.240473919163063821e-01,3.913313234420931508e+01
2.496449570283860997e-01,9.078396499856429547e-02,9.645796281097437919e-02,2.652477668426602153e-01,8.235262739815641941e-01,3.916046969366700381e+01
2.486722786332122292e-01,9.069106341515879854e-02,9.635925487860624861e-02,2.642142960477881775e-01,8.233227205439460628e-01,3.919087584332898899e+01
2.475315379829218509e-01,8.983019690603730179e-02,9.544458421266469039e-02,2.630022591068544857e-01,8.238042221561386880e-01,3.922008126856155030e+01
2.450245240536607083e-01,8.734174193352571558e-02,9.280060080437101122e-02,2.603385568070141765e-01,8.247759335392526037e-01,3.922971475994124546e+01
2.433835907566046231e-01,8.490391940685981798e-02,9.021041436978846639e-02,2.585950651788922472e-01,8.254232122278081230e-01,3.923094718590245833e+01
2.421318884344225986e-01,8.229384880902274046e-02,8.743721435958655419e-02,2.572651314615737039e-01,8.259579123864405625e-01,3.923519444055273198e+01
2.412083494090667968e-01,7.946469224236496487e-02,8.443123550751278905e-02,2.562838712471333658e-01,8.264824028671639011e-01,3.924155798648286009e+01
2.405253075934899454e-01,7.639531447175287870e-02,8.117002162623741801e-02,2.555581393180830219e-01,8.270689427999965426e-01,3.924825492584612618e+01
2.367922852223384445e-01,7.168440420963272108e-02,7.616467947273457273e-02,2.515918030487342971e-01,8.285399560982626976e-01,3.925145208044616396e+01
2.300128060873223579e-01,6.553576240841328671e-02,6.963174755893911105e-02,2.443886064677798786e-01,8.306212148329192857e-01,3.923071999755990902e+01
2.221936779934751971e-01,5.888766291901733479e-02,6.256814185145591345e-02,2.360807828680673848e-01,8.327668659261722173e-01,3.920319589533995241e+01
2.139086532599288326e-01,5.118753897692698840e-02,5.438676016298499977e-02,2.272779440886747160e-01,8.351879801848940410e-01,3.916725893119487978e+01
2.076206109201468586e-01,4.467343228836257590e-02,4.746552180638532320e-02,2.205968991026561743e-01,8.368585060857602897e-01,3.907618585728336313e+01
2.019805258913222323e-01,3.899251983941345173e-02,4.142955232937677035e-02,2.146043087595297938e-01,8.367802257678008671e-01,3.892110096250152651e+01
1.924031698872855634e-01,3.391168374103791655e-02,3.603116397485288391e-02,2.044283680052411956e-01,8.369881440231771164e-01,3.878219714190558420e+01
1.764235565662589378e-01,3.038509244954640948e-02,3.228416072764328515e-02,1.874500288516507962e-01,8.389635002749786796e-01,3.862750796898379235e+01
1.610482015183123949e-01,2.691127961357540899e-02,2.859323458942385557e-02,1.711137141132068884e-01,8.413761560537570405e-01,3.848611072947970513e+01
1.467474176166865818e-01,2.345400881897122605e-02,2.491988437015683205e-02,1.559191312177291844e-01,8.437904083235242547e-01,3.834799034782349025e+01
1.344926816513598578e-01,2.265330029259720809e-02,2.406913156088433606e-02,1.428984742545695574e-01,8.465239191916383854e-01,3.822006824712059370e+01
1.280710787504071579e-01,2.247681258726776099e-02,2.388161337397197437e-02,1.360755211723076175e-01,8.491930326691643494e-01,3.814159397975053878e+01
1.316833932135428598e-01,2.130931005221815139e-02,2.264114193048176460e-02,1.399136052893892590e-01,8.533558341679626791e-01,3.821174382240463530e+01
1.342127745848099851e-01,2.039091261084679044e-02,2.166534464902473631e-02,1.426010729963606283e-01,8.582674905046450142e-01,3.830349141273786273e+01
1.318181590466628861e-01,2.008206163253785023e-02,2.133719048457156237e-02,1.400567939870795697e-01,8.629964562362701930e-01,3.839004933859247615e+01
1.303837583527287791e-01,1.917688681324936084e-02,2.037544223907744936e-02,1.385327432497744649e-01,8.678962930345459625e-01,3.852296277519737089e+01
1.269997445713152151e-01,1.748538409153010953e-02,1.857822059725085240e-02,1.349372286070227300e-01,8.739155462386423157e-01,3.871380899914255735e+01
1.242401775034209371e-01,1.596802829726312253e-02,1.696603006584177301e-02,1.320051885973843320e-01,8.803427328066812940e-01,3.893085249440358808e+01
1.213075185374053594e-01,1.408679092807938946e-02,1.496721536108461779e-02,1.288892384459938423e-01,8.865016025342972172e-01,3.908239848030741115e+01
1.162346320869939303e-01,1.262596560555590518e-02,1.341508845590309341e-02,1.234992965924307656e-01,8.927341789780198766e-01,3.924247815866715428e+01
1.103030531205078518e-01,1.244717656312181037e-02,1.322512509831681032e-02,1.171969939405395483e-01,8.988270619826167485e-01,3.942712377166886029e+01
1.097548726899122279e-01,1.438200420311639728e-02,1.528087946581111606e-02,1.166145522330317846e-01,9.044407289879979883e-01,3.958943562495036872e+01
1.058405850180011293e-01,1.700472406311218793e-02,1.806751931705681546e-02,1.124556215816263915e-01,9.078398747674147895e-01,3.977514895657719052e+01
9.599706843352782959e-02,1.984678043114743856e-02,2.108720420809424498e-02,1.019968852106234447e-01,9.093584487335645283e-01,3.998628242319605874e+01
9.186472667378847712e-02,2.476127240680083344e-02,2.630885193222592608e-02,9.760627209090030898e-02,9.096354974263456405e-01,4.020852034548466492e+01
9.153742204607069610e-02,2.977279697835730904e-02,3.163359678950462828e-02,9.725851092394997843e-02,9.083724419279175510e-01,4.036750969322267935e+01
9.382659772079660065e-02,3.503829603173531232e-02,3.722818953371878625e-02,9.969076007834644371e-02,9.063461276996414018e-01,4.057187250447902471e+01
9.718649348672128707e-02,3.989353685813099709e-02,4.238688291176420653e-02,1.032606493296415878e-01,9.040740509003577507e-01,4.086223499212372445e+01
9.931829393892958879e-02,4.515346251296535607e-02,4.797555392002569169e-02,1.055256873101126230e-01,9.011750787586114697e-01,4.109668733431676912e+01
9.927813719115627378e-02,5.022039318891532989e-02,5.335916776322261607e-02,1.054830207656036467e-01,8.971940840221807045e-01,4.136997580525876117e+01
9.913761941541440748e-02,5.595957182670076302e-02,5.945704506586962229e-02,1.053337206288778444e-01,8.930095218625598852e-01,4.167395997002122243e+01
9.807576231156472923e-02,6.033829377599933541e-02,6.410943713699945867e-02,1.042054974560374936e-01,8.893222346357655406e-01,4.195848844651553122e+01
9.577446510618999043e-02,6.108303364996904572e-02,6.490072325309205470e-02,1.017603691753268397e-01,8.889892449429560584e-01,4.216504788783768021e+01
9.319174423684298270e-02,6.102559341721932457e-02,6.483969300579559003e-02,9.901622825164554942e-02,8.889309273407298706e-01,4.228870724924004776e+01
9.173683497101942086e-02,6.042081329071842533e-02,6.419711412138830176e-02,9.747038715670815201e-02,8.895303820971984798e-01,4.233282948522538902e+01
9.111578303695674896e-02,5.961902734068738607e-02,6.334521654948037372e-02,9.681051947676649894e-02,8.897413696650476878e-01,4.235334577554404945e+01
9.024107485081854507e-02,5.855083019615306417e-02,6.221025708341271915e-02,9.588114202899485072e-02,8.894397381829657334e-01,4.237193596969271425e+01
9.109758581819375756e-02,5.632356682101353346e-02,5.984378974732679907e-02,9.679118493183089256e-02,8.901109285755373079e-01,4.238511884674648655e+01
9.146719141503067974e-02,5.487941893546847277e-02,5.830938261893529179e-02,9.718389087847006946e-02,8.907366254081582335e-01,4.240124715897171370e+01
9.127571135265263869e-02,5.439075155701463687e-02,5.779017352932801915e-02,9.698044331219334013e-02,8.911093270482804973e-01,4.242451808122713430e+01
9.098780526022751114e-02,5.433179206990263604e-02,5.772752907427160241e-02,9.667454308899177395e-02,8.913045375817810756e-01,4.244826843154136498e+01
9.109001773813014957e-02,5.471644763444315218e-02,5.813622561159584312e-02,9.678314384676325877e-02,8.914407667322153950e-01,4.246351313349942558e+01
9.141635460092342735e-02,5.528135674858880577e-02,5.873644154537560613e-02,9.712987676348111554e-02,8.914817912857705418e-01,4.247190480162271342e+01
9.167124730431509827e-02,5.554059804598424077e-02,5.901188542385837899e-02,9.740070026083494370e-02,8.917425296726316786e-01,4.247949545370094881e+01
9.209382315213106296e-02,5.579266004156093611e-02,5.927970129415835454e-02,9.784968709913907658e-02,8.919537493530604877e-01,4.248598418901410412e+01
9.247723658847253891e-02,5.610117429640981007e-02,5.960749768993558323e-02,9.825706387525236229e-02,8.920896419366798336e-01,4.248989151815018772e+01
9.280730321749741663e-02,5.634613705177260456e-02,5.986777061750846868e-02,9.860775966859106068e-02,8.921759023397999311e-01,4.249346071873868169e+01
9.300073094098976201e-02,5.651698234046940300e-02,6.004929373674870730e-02,9.881327662480164642e-02,8.922275468130091980e-01,4.249650638515466738e+01
9.305952135037130757e-02,5.661045327735531735e-02,6.014860660719003466e-02,9.887574143476964006e-02,8.922518146837851161e-01,4.249922778631363229e+01
9.301324291017118440e-02,5.664071040470691071e-02,6.018075480500112429e-02,9.882657059205707251e-02,8.922548556842847534e-01,4.250175635709588562e+01
9.290311424428326914e-02,5.663129872981526730e-02,6.017075490042880781e-02,9.870955888455099081e-02,8.922439059530437033e-01,4.250418304009204462e+01
9.276235304164708040e-02,5.660034821363286311e-02,6.013786997698496173e-02,9.856000010675017298e-02,8.922243781837581045e-01,4.250644957867922358e+01
9.275302313324965131e-02,5.654040597215873043e-02,6.007418134541869098e-02,9.855008707907780829e-02,8.922513933019872168e-01,4.250634834310800869e+01
9.356747738667726966e-02,5.656539424219038381e-02,6.010073138232725765e-02,9.941544472334457039e-02,8.924252612797108908e-01,4.250214835853522999e+01
9.479522774120645312e-02,5.662294667542205201e-02,6.016188084263597580e-02,1.007199294750319718e-01,8.925782243522971671e-01,4.249789713266337543e+01
9.642820962173336008e-02,5.670974016833340431e-02,6.025409892885441598e-02,1.024549727230918278e-01,8.926665346915741983e-01,4.249428828597740448e+01
9.841520820154249505e-02,5.680700120491692651e-02,6.035743878022428732e-02,1.045661587141389903e-01,8.926560404108370150e-01,4.249161177729994421e+01
1.007273040995774888e-01,5.690819312036970307e-02,6.046495519039277872e-02,1.070227606058008762e-01,8.925185767756488309e-01,4.249018284702083292e+01
1.033231834398204846e-01,5.700822316308895576e-02,6.057123711078201550e-02,1.097808824048093074e-01,8.922297582940985627e-01,4.249022219017499680e+01
1.038759775786860240e-01,5.713358741209049324e-02,6.070443662534619200e-02,1.103682261773539647e-01,8.918575654143017228e-01,4.249575243071903685e+01
1.042358083983208755e-01,5.739430478015020154e-02,6.098144882890958046e-02,1.107505464232159953e-01,8.911904669152070912e-01,4.249718222924623490e+01
1.032026550125989400e-01,5.781991642391142577e-02,6.143366120040594930e-02,1.096528209508863538e-01,8.901064347273671684e-01,4.247944205342272284e+01
1.024552820370599610e-01,5.812705981796641858e-02,6.176000105658923517e-02,1.088587371643760238e-01,8.885931461749279059e-01,4.246848924190242514e+01
1.007259383789811807e-01,5.752553777754362829e-02,6.112088388864000271e-02,1.070213095276672660e-01,8.863544218916613593e-01,4.243908675812160425e+01
9.953684308855484386e-02,5.709884339960961258e-02,6.066752111208516957e-02,1.057578957815893533e-01,8.824275820565848916e-01,4.236782152247436528e+01
1.043493324687377738e-01,5.895637118884999167e-02,6.264114438815297781e-02,1.108711657480338231e-01,8.797108242607835082e-01,4.227180748075587502e+01
1.089360931824580880e-01,6.091986652456928691e-02,6.472735818235483829e-02,1.157445990063616786e-01,8.783258891459841955e-01,4.223160224925570105e+01
1.131332785022651222e-01,6.409332839388520719e-02,6.809916141850300142e-02,1.202041084086567652e-01,8.775759730156558192e-01,4.219761614195182631e+01
1.225315476704043754e-01,7.056071763653798401e-02,7.497076248882160454e-02,1.301897693998045891e-01,8.761215727933455710e-01,4.209656797677524054e+01
1.307805166404470143e-01,7.977150168876935565e-02,8.475722054431740482e-02,1.389542989304750620e-01,8.734243613483836377e-01,4.195958653800607863e+01
1.345999551402535521e-01,8.768019630927428865e-02,9.316020857860388138e-02,1.430124523365194356e-01,8.711669600657674373e-01,4.185275087574908071e+01
1.417949540616517401e-01,9.662681579998438908e-02,1.026659917874834238e-01,1.506571386905052046e-01,8.693891362772241393e-01,4.165988824302230142e+01
1.460058240241524918e-01,1.027997715058417555e-01,1.092247572249568366e-01,1.551311880256619202e-01,8.690085838655474682e-01,4.143981297841072120e+01
1.470602935555689883e-01,1.055662968595405121e-01,1.121641904132618384e-01,1.562515619027922131e-01,8.694383746300682336e-01,4.120845368258166275e+01
1.508029246242434951e-01,1.076269603933655977e-01,1.143536454179509276e-01,1.602281074132585470e-01,8.706907656481249758e-01,4.090947986441826600e+01
1.565132123122716379e-01,1.102536992481260719e-01,1.171445554511339471e-01,1.662952880817886447e-01,8.720305279712800006e-01,4.066073832764801921e+01
1.612752107330320261e-01,1.116245190068523435e-01,1.186010514447805447e-01,1.713549114038465104e-01,8.729083523590902560e-01,4.044211022127328903e+01
1.664919042669974480e-01,1.130539236090671168e-01,1.201197938346337396e-01,1.768976482836847608e-01,8.734415283396742558e-01,4.023867017199597029e+01
1.722069088000042492e-01,1.143163724553988708e-01,1.214611457338611727e-01,1.829698406000044297e-01,8.735985156567471765e-01,4.004293193867887624e+01
1.790030727885951467e-01,1.148437523382473402e-01,1.220214868593878649e-01,1.901907648378822480e-01,8.728613046914421858e-01,3.988093620275974871e+01
1.879261690939191543e-01,1.132001651593386449e-01,1.202751754817973084e-01,1.996715546622891135e-01,8.727242179511992548e-01,3.977520985572646595e+01
1.979567239480955476e-01,1.113747203419094972e-01,1.183356403632788850e-01,2.103290191948513077e-01,8.728644528285047777e-01,3.969138955888937659e+01
2.072918556066801477e-01,1.097045001472155001e-01,1.165610314064164099e-01,2.202475965820972770e-01,8.725883737946303897e-01,3.962849951668476223e+01
2.156423643294309578e-01,1.078658468574482387e-01,1.146074622860386999e-01,2.291200121000203371e-01,8.718111868174497348e-01,3.958484578894294259e+01
2.227662192118630979e-01,1.058792023877510174e-01,1.124966525369852643e-01,2.366891079126041963e-01,8.706552220254396568e-01,3.957297223275088527e+01
2.266767299090838017e-01,1.044269911856602617e-01,1.109536781347640888e-01,2.408440255284016729e-01,8.691602084478524670e-01,3.960604827997707389e+01
2.299571040087369234e-01,1.020189055447446869e-01,1.083950871412909384e-01,2.443294230092825092e-01,8.677456556833614831e-01,3.975396369222410442e+01
2.293183189801492328e-01,1.002852879818725423e-01,1.065531184807394921e-01,2.436507139164083569e-01,8.662429722853606240e-01,3.998087842479611709e+01
2.320416656599630645e-01,9.802950677627710052e-02,1.041563509497944601e-01,2.465442697637111047e-01,8.656298955260774974e-01,4.027495544527043592e+01
2.382441512271827877e-01,9.566500063705665746e-02,1.016440631768727870e-01,2.531344106788820381e-01,8.658231392175673724e-01,4.061903188456808778e+01
2.440988142033079789e-01,9.345016438550217408e-02,9.929079965959618226e-02,2.593549900910150918e-01,8.662690821763578963e-01,4.099379348471796192e+01
2.432938797489294369e-01,9.201322812071031920e-02,9.776405487825459706e-02,2.584997472332374313e-01,8.652488912327690462e-01,4.132672133729938935e+01
2.423582692419981310e-01,9.045302661033226277e-02,9.610634077347807169e-02,2.575056610696233594e-01,8.654676082033289086e-01,4.162460629363786069e+01
2.402987819966144745e-01,8.994496795901568698e-02,9.556652845645421945e-02,2.553174558714029763e-01,8.665615158874228063e-01,4.193681512498866937e+01
2.379033102483848749e-01,9.010467873986195697e-02,9.573622116110347413e-02,2.527722671389092679e-01,8.677537938972076370e-01,4.225109353933223844e+01
2.361343457536753954e-01,9.078984021979552566e-02,9.646420523353274601e-02,2.508927423632801301e-01,8.689464433766880269e-01,4.255970351261211704e+01
2.348209785984851639e-01,9.183780950659482800e-02,9.757767260075714266e-02,2.494972897608910001e-01,8.698824935291415983e-01,4.285955046708779292e+01
2.337478979452042027e-01,9.353981534708062651e-02,9.938605380627323072e-02,2.483571415667797933e-01,8.705145334261692458e-01,4.316356380544279148e+01
2.328473586300681408e-01,9.577067779049992791e-02,1.017563451524061413e-01,2.474003185444474118e-01,8.711146989143249142e-01,4.348240571535127685e+01
2.290456906113146063e-01,9.777046465049810120e-02,1.038811186911541978e-01,2.433610462745217640e-01,8.714664591704551766e-01,4.379749546881120636e+01
2.244778633870109230e-01,9.953321181362492776e-02,1.057540375519763348e-01,2.385077298486987796e-01,8.713945257791485544e-01,4.406943663863840044e+01
2.196465221745633190e-01,1.013291903630420820e-01,1.076622647607322208e-01,2.333744298104735437e-01,8.710340388573326598e-01,4.431296844944939295e+01
2.166688792594048396e-01,1.028656678726614648e-01,1.092947721147027873e-01,2.302106842131176334e-01,8.696076006927625501e-01,4.457818315997185010e+01
2.135852418453120516e-01,1.045028659493976025e-01,1.110342950712349813e-01,2.269343194606441849e-01,8.681708306445655721e-01,4.481649462882501211e+01
2.111686718189892675e-01,1.061330308937582789e-01,1.127663453246181696e-01,2.243667138076762546e-01,8.667658898440391280e-01,4.502729800615423983e+01
2.096442227135592584e-01,1.072158670608150954e-01,1.139168587521160736e-01,2.227469866331568127e-01,8.657135128135241553e-01,4.516197228405743402e+01
2.092976816988505739e-01,1.076815875309954373e-01,1.144116867516826730e-01,2.223787868050287331e-01,8.651052225498139236e-01,4.522984926681621687e+01
2.091429224871484693e-01,1.079592371813908463e-01,1.147066895052278740e-01,2.222143551425955210e-01,8.647428663994325415e-01,4.526666608781945200e+01
2.090614876913182152e-01,1.081272245295430701e-01,1.148851760626393992e-01,2.221278306720254891e-01,8.645293009205088364e-01,4.528636148373269776e+01
2.090153850986317952e-01,1.082284536758520294e-01,1.149927320305926537e-01,2.220788466672961592e-01,8.644049627751307918e-01,4.529678304952145140e+01
2.089880592591965847e-01,1.082883259681928917e-01,1.150563463412049431e-01,2.220498129628964423e-01,8.643329583298674512e-01,4.530218863623311165e+01
2.089717423925272488e-01,1.083228267377522314e-01,1.150930034088617493e-01,2.220324762920602435e-01,8.642917604564231970e-01,4.530489918858358322e+01
2.089625197978288718e-01,1.083418880453695665e-01,1.151132560482049511e-01,2.220226772851927877e-01,8.642689042178458569e-01,4.530617622168702496e+01
2.104611252188375026e-01,1.085284614707771184e-01,1.153114903127005902e-01,2.236149455450146262e-01,8.650169972305955524e-01,4.529889482520972877e+01
2.123463724793719920e-01,1.087705348951249207e-01,1.155686933260704208e-01,2.256180207593332654e-01,8.659550942662925799e-01,4.529025943245266461e+01
2.144966630155421827e-01,1.090652496688489098e-01,1.158818277731519381e-01,2.279027044540135882e-01,8.670196853620008026e-01,4.528086936964690068e+01
2.161458115217070874e-01,1.093071595176472177e-01,1.161388569875000387e-01,2.296549247418135375e-01,8.678276176729748936e-01,4.527438839402605453e+01
2.189920327656562915e-01,1.089593268787440866e-01,1.157692848086655096e-01,2.326790348135096276e-01,8.684165897908975307e-01,4.526877386469638509e+01
2.212098355118710946e-01,1.069707906596095714e-01,1.136564650758349337e-01,2.350354502313626581e-01,8.693470933491617147e-01,4.520965084142604695e+01
2.230699697927942815e-01,1.046633178330292763e-01,1.112047751975935445e-01,2.370118429048439501e-01,8.701647507496584888e-01,4.513122115339790241e+01
2.247061089360050945e-01,1.021081007794719109e-01,1.084898570781888255e-01,2.387502407445055430e-01,8.709621478896916180e-01,4.504993581803021385e+01
2.264630037855630829e-01,9.934599072136278408e-02,1.055551151414479139e-01,2.406169415221607599e-01,8.716969077352416662e-01,4.496859457148575245e+01
2.285831289439818892e-01,9.644553151796074475e-02,1.024733772378332020e-01,2.428695745029806063e-01,8.723913422228022352e-01,4.488751405393086458e+01
2.308404855397120370e-01,9.300299203795382719e-02,9.881567904032598215e-02,2.452680158859443516e-01,8.734565369475787433e-01,4.480533136687738249e+01
2.295638427313039520e-01,8.771115895858451472e-02,9.319310639349609460e-02,2.439115829020106763e-01,8.749594164470432256e-01,4.467274394023478123e+01
2.282057104972997630e-01,8.230734592834758334e-02,8.745155504886928388e-02,2.424685674033810467e-01,8.746265251285476605e-01,4.450932679070132281e+01
2.242980255273394896e-01,7.822574882186879297e-02,8.311485812323557432e-02,2.383166521227982060e-01,8.749107473575605809e-01,4.434433901604707984e+01
2.143520943754364805e-01,7.479139391394330760e-02,7.946585603356465244e-02,2.277491002739011616e-01,8.746930474231184860e-01,4.419321873692205571e+01
2.089386527952608319e-01,7.548292514929395847e-02,8.020060797112474327e-02,2.219973185949646322e-01,8.737795992843592208e-01,4.407707564338842587e+01
2.103837059764790407e-01,7.830611668591604124e-02,8.320024897878562642e-02,2.235326876000086616e-01,8.764382570575046660e-01,4.393290183894350776e+01
2.134491674280779294e-01,8.264263824060891217e-02,8.780780313064685816e-02,2.267897403923327393e-01,8.777459720014822997e-01,4.376762053924421281e+01
2.218048390464473774e-01,8.438924513007714512e-02,8.966357295070688516e-02,2.356676414868505431e-01,8.786204890172309989e-01,4.349647267915240434e+01
2.299959984806893842e-01,8.509891265328355103e-02,9.041759469411370098e-02,2.443707483857323337e-01,8.802706293348421251e-01,4.322828792046493618e+01
2.372216626980390430e-01,8.517931887982525818e-02,9.050302630981416074e-02,2.520480166166663705e-01,8.819179876422630349e-01,4.298897150331142569e+01
2.457529341228455178e-01,8.626056016370374502e-02,9.165184517393536179e-02,2.611124925055235413e-01,8.833260559406548307e-01,4.281835031651510803e+01
2.533675113443258908e-01,8.683506718344567721e-02,9.226225888241103290e-02,2.692029808033462035e-01,8.844705905072538510e-01,4.272226056628824153e+01
2.534246000340895089e-01,8.730023564432856653e-02,9.275650037209892673e-02,2.692636375362197909e-01,8.858390719163620197e-01,4.257279370376105732e+01
2.498824181401094191e-01,8.715120229344745784e-02,9.259815243678803931e-02,2.655000692738665458e-01,8.863409283362511104e-01,4.249842570125152008e+01
2.426982057534669002e-01,8.474706051203236001e-02,9.004375179403442675e-02,2.578668436130587827e-01,8.879898839840710822e-01,4.252354249085775706e+01
2.347321757046195445e-01,8.178444553048241916e-02,8.689597337613751138e-02,2.494029366861583441e-01,8.911453137733710284e-01,4.258992323622872078e+01
2.254282938701537842e-01,7.946693518482848828e-02,8.443361863388032518e-02,2.395175622370382118e-01,8.939866181221490793e-01,4.267779368937035400e+01
2.156989808570138334e-01,7.749177686811560550e-02,8.233501292237281610e-02,2.291801671605772639e-01,8.965963416704884059e-01,4.282292533586168304e+01
2.051959744997807478e-01,7.560707264766089453e-02,8.033251468813978891e-02,2.180207229060169560e-01,8.987692784695173742e-01,4.299792616005564838e+01
1.934864107873930650e-01,7.283066076714039827e-02,7.738257706508659683e-02,2.055793114616048800e-01,9.003159683570236549e-01,4.324629238132990139e+01
1.820423568732703890e-01,6.998215564657238319e-02,7.435604037448310943e-02,1.934200041778497692e-01,9.013291709461084267e-01,4.353158666665255794e+01
1.725290620927343033e-01,6.706942564897845627e-02,7.126126475203967137e-02,1.833121284735300116e-01,9.020623179507277767e-01,4.384983159017858156e+01
1.655776542082719738e-01,6.398974036003811372e-02,6.798909913254064241e-02,1.759262575962889652e-01,9.021283609392712899e-01,4.418076693832199453e+01
1.600549786082967052e-01,6.127444879395804733e-02,6.510410184358032815e-02,1.700584147713151695e-01,9.017010654572356065e-01,4.451548164008138997e+01
1.521696368642939112e-01,5.917990358782412169e-02,6.287864756206332228e-02,1.616802391683125339e-01,9.021526528407438628e-01,4.482924037911168114e+01
1.425696285178039424e-01,5.753078441878582000e-02,6.112645844496004954e-02,1.514802303001668016e-01,9.027197865180012215e-01,4.513167837635239721e+01
1.366584667172208722e-01,5.608653067334047615e-02,5.959193884042440770e-02,1.451996208870472427e-01,9.033273872047247188e-01,4.530393042226828726e+01
1.321878307308085032e-01,5.478872034938157137e-02,5.821301537121787578e-02,1.404495701514839878e-01,9.035515929926519751e-01,4.539258503236052178e+01
1.278030081533274298e-01,5.449125616201938582e-02,5.789695967214572581e-02,1.357906961629105624e-01,9.033805576746879451e-01,4.544718459277507350e+01
1.246359609234534704e-01,5.478868997879279834e-02,5.821298310246729446e-02,1.324257084811693019e-01,9.032682854631929326e-01,4.548431212782686117e+01
1.205907012232307063e-01,5.552221802707486137e-02,5.899235665376689058e-02,1.281276200496825057e-01,9.032096391907518118e-01,4.549309585559042546e+01
1.167505060069965739e-01,5.626639769021212628e-02,5.978304754585053032e-02,1.240474126324339899e-01,9.031103050474116323e-01,4.549398760532181996e+01
1.133569365263143308e-01,5.732537184356878424e-02,6.090820758379177080e-02,1.204417450592089184e-01,9.029329170530731030e-01,4.548629356866481999e+01
1.091500875084395195e-01,5.982100716299579291e-02,6.355982011068310455e-02,1.159719679777171247e-01,9.024584453627646496e-01,4.551820391015452572e+01
1.057646463325657565e-01,6.300287507134412490e-02,6.694055476330304510e-02,1.123749367283510409e-01,9.023248871668319016e-01,4.556171572713622453e+01
1.027112914096863089e-01,6.595807987291779639e-02,7.008045986497517255e-02,1.091307471227917075e-01,9.031070311106248472e-01,4.564728838450018600e+01
1.019186416315386590e-01,6.936678655404687754e-02,7.370221071367477617e-02,1.082885567335097610e-01,9.046448252372244481e-01,4.573685402442207248e+01
1.046424380155567824e-01,7.242745266451451613e-02,7.695416845604662048e-02,1.111825903915291403e-01,9.063599703631148863e-01,4.582977137631483799e+01
1.080436782697975079e-01,7.396242186837206911e-02,7.858507323514546394e-02,1.147964081616600213e-01,9.085447379643943888e-01,4.591712550386366587e+01
1.108283392760999325e-01,7.528700345793060134e-02,7.999244117405131249e-02,1.177551104808561983e-01,9.101690963645192589e-01,4.600201819814174797e+01
1.130262601669997924e-01,7.638660348944162348e-02,8.116076620753166770e-02,1.200904014274372517e-01,9.112169626603953132e-01,4.608331962842139262e+01
1.147906625926295582e-01,7.703984464195838544e-02,8.185483493208069172e-02,1.219650790046687416e-01,9.120396785058182410e-01,4.614473176951646138e+01
1.158761485788062096e-01,7.746352537886158629e-02,8.230499571504050482e-02,1.231184078649815994e-01,9.125058759415238807e-01,4.618164755861783988e+01
1.165190071433410829e-01,7.769800862605637237e-02,8.255413416518500580e-02,1.238014450898000246e-01,9.127611114812506088e-01,4.620266784422709350e+01
1.168864929791004620e-01,7.780561330086084582e-02,8.266846413216474843e-02,1.241918987902943666e-01,9.128887326277179692e-01,4.621514365022038362e+01
1.170823054734453361e-01,7.783176778524077133e-02,8.269625327181831520e-02,1.243999495655356696e-01,9.129358129930775778e-01,4.622310213372700360e+01
1.171719662158270253e-01,7.780833770197928545e-02,8.267135880835306538e-02,1.244952141043162985e-01,9.129308257714742192e-01,4.622868414541267867e+01
1.171966160525840378e-01,7.775609885779824482e-02,8.261585503641072359e-02,1.245214045558706156e-01,9.128935863400328143e-01,4.623294149403533737e+01
1.171830062888427060e-01,7.769098789642893410e-02,8.254667463995586651e-02,1.245069441818954514e-01,9.128379879739227931e-01,4.623634172835963341e+01
1.171771065895311492e-01,7.758730507900762907e-02,8.243651164644558160e-02,1.245006757513767159e-01,9.127878213008067121e-01,4.623655670931726291e+01
1.171747982556360645e-01,7.748703839276864513e-02,8.232997829231671061e-02,1.244982231466133654e-01,9.127450255061518858e-01,4.623608823263327139e+01
1.171754726384759693e-01,7.739956870991759885e-02,8.223704175428742102e-02,1.244989396783806324e-01,9.127093758958405578e-01,4.623469415361611112e+01
1.165921666767327641e-01,7.637632348343119382e-02,8.114984370114580736e-02,1.238791770940287362e-01,9.126635268498499709e-01,4.621830783239516904e+01
1.160777280299970099e-01,7.515202496894944628e-02,7.984902652950866264e-02,1.233325860318716660e-01,9.126320058636196997e-01,4.620132522132167452e+01
1.157576142724147245e-01,7.372957471428628895e-02,7.833767313392936416e-02,1.229924651644407618e-01,9.126487842495255576e-01,4.618320396622617352e+01
1.153200150014805775e-01,7.219386612619665966e-02,7.670598275908392660e-02,1.225275159390730451e-01,9.126548121993901530e-01,4.616485084968319796e+01
1.148060287450407696e-01,7.057116671510757500e-02,7.498186463480181752e-02,1.219814055416058307e-01,9.126315182352449096e-01,4.614724096625827343e+01
1.142173271375267612e-01,6.887271718639235984e-02,7.317726201054179647e-02,1.213559100836221344e-01,9.125721652914309256e-01,4.613047263324778413e+01
1.136254466392926238e-01,6.734320475281656282e-02,7.155215504986769948e-02,1.207270370542484345e-01,9.124854802243396179e-01,4.611705170779752194e+01
1.139497209745254508e-01,6.501006537361046778e-02,6.907319445946126513e-02,1.210715785354334051e-01,9.115860620277699278e-01,4.609652822263570471e+01
1.119420114280473694e-01,6.416514905341068331e-02,6.817547086924874433e-02,1.189383871423002614e-01,9.076028926539773112e-01,4.608546305862997627e+01
1.105398805505950349e-01,6.695665242455085819e-02,7.114144320108525821e-02,1.174486230850072255e-01,9.038231041675833799e-01,4.604552479207692528e+01
1.116254736630292871e-01,7.176781538231918889e-02,7.625330384371414860e-02,1.186020657669686479e-01,8.999383429855843941e-01,4.591666611232592743e+01
1.114551083035181800e-01,7.876030764243105442e-02,8.368282687008318788e-02,1.184210525724881113e-01,8.950958038687283347e-01,4.578209967144489667e+01
1.139948371573749619e-01,8.521136907514713366e-02,9.053707964234401773e-02,1.211195144797109491e-01,8.911500194660547658e-01,4.564821103292968729e+01
1.134870591258633071e-01,8.859452162702384503e-02,9.413167922871289173e-02,1.205800003212298688e-01,8.883443903821841570e-01,4.555033306931036208e+01
1.066810724740083621e-01,8.830830770777174654e-02,9.382757693950739830e-02,1.133486395036338718e-01,8.868881722129937639e-01,4.547178314584791536e+01
9.842864041303832356e-02,8.789677926729519419e-02,9.339032797150124965e-02,1.045804304388532058e-01,8.854323901440213085e-01,4.540587530707208685e+01
9.208748420305284954e-02,8.827403209811143792e-02,9.379115910424354330e-02,9.784295196574370468e-02,8.834048597942703029e-01,4.531675683254791664e+01
8.792256398935419104e-02,8.912634998926469154e-02,9.469674686359379201e-02,9.341772423868885400e-02,8.811379412928229682e-01,4.519247489796421746e+01
8.558370523182420864e-02,9.065164226889085852e-02,9.631736991069643483e-02,9.093268680881314014e-02,8.793573202988823612e-01,4.490864195333730891e+01
8.356856958452062167e-02,9.064504503039290395e-02,9.631036034479253938e-02,8.879160518355352916e-02,8.795953671729664913e-01,4.473947329056611721e+01
8.723645433268933935e-02,9.188495066980245651e-02,9.762776008666516903e-02,9.268873272848242306e-02,8.794628290776486113e-01,4.471525856394383425e+01
9.451995583942827961e-02,9.369632413024817086e-02,9.955234438838848898e-02,1.004274530793921871e-01,8.794954986214830184e-01,4.473570005092140889e+01
1.032870973413217569e-01,9.487190341035482699e-02,1.008013973735020774e-01,1.097425409251543416e-01,8.793278887651699849e-01,4.476925575424752424e+01
1.109095548442314977e-01,9.513577467561759593e-02,1.010817605928437807e-01,1.178414020219963054e-01,8.786397475715242988e-01,4.474942752658240153e+01
1.193197964218043611e-01,9.484126477994969662e-02,1.007688438286964416e-01,1.267772836981668483e-01,8.776851052068660453e-01,4.471640389877205024e+01
1.292267252017112178e-01,9.397835459371500777e-02,9.985200175582195636e-02,1.373033955268178063e-01,8.765352010516125336e-01,4.467283465653991215e+01
1.407962866945927372e-01,9.283946788619144852e-02,9.864193462907822063e-02,1.495960546130042645e-01,8.753597960536528833e-01,4.463015930992160207e+01
1.543915896260339982e-01,9.150836774071639812e-02,9.722764072451114958e-02,1.640410639776608559e-01,8.744010452920549792e-01,4.459454731300793640e+01
1.669905262441211957e-01,8.955962343549224436e-02,9.515709990021040121e-02,1.774274341343785866e-01,8.737293191914545787e-01,4.456325144669089156e+01
1.799393186483113083e-01,8.802155899613142709e-02,9.352290643338953546e-02,1.911855260638303522e-01,8.739091845555375659e-01,4.460571000554482879e+01
1.907445065495041447e-01,8.765776173713020480e-02,9.313637184570074112e-02,2.026660382088480705e-01,8.743409379401164694e-01,4.466257422537884025e+01
1.986284946964516629e-01,8.795170062920500131e-02,9.344868191853034078e-02,2.110427756149798884e-01,8.746823800399259330e-01,4.472772076263365904e+01
2.053769889378130875e-01,8.854661106619646227e-02,9.408077425783376024e-02,2.182130507464266345e-01,8.750479546172074130e-01,4.479530126074953245e+01
2.137750280162543648e-01,8.886086523768917111e-02,9.441466931504466364e-02,2.271359672672700891e-01,8.757453088481961245e-01,4.493595368295041226e+01
2.206761713622962806e-01,8.932530941234644029e-02,9.490814125061805551e-02,2.344684320724396975e-01,8.768296865341098645e-01,4.511814815324249395e+01
2.278253354464767899e-01,9.023680948391493706e-02,9.587661007665954083e-02,2.420644189118813516e-01,8.773035241184258259e-01,4.530884874224618386e+01
2.335609666347426561e-01,9.138658756792326920e-02,9.709824929091834256e-02,2.481585270494138240e-01,8.776272009673780072e-01,4.550557432740500019e+01
2.381740722019140277e-01,9.199324048117844821e-02,9.774281801125193903e-02,2.530599517145333266e-01,8.788367442327094103e-01,4.570824107322017937e+01
2.428206145092132451e-01,9.166958803367089570e-02,9.739893728577531107e-02,2.579969029160391059e-01,8.801903358499247876e-01,4.590838437922482029e+01
2.409573357641169034e-01,9.040469132992483281e-02,9.605498453804503511e-02,2.560171692493741213e-01,8.809336742491608030e-01,4.611233457747150766e+01
2.362799644319590053e-01,8.932253006506021831e-02,9.490518819412632756e-02,2.510474622089561292e-01,8.815520023739787936e-01,4.623211271912136766e+01
2.315967503570334207e-01,8.868960702317392475e-02,9.423270746212225601e-02,2.460715472543478777e-01,8.821737156104514366e-01,4.640187951678379363e+01
2.277229761231089888e-01,8.916638331145433638e-02,9.473928226842019684e-02,2.419556621308033006e-01,8.832847707816328109e-01,4.663959263665797295e+01
2.240123886046096191e-01,8.962030841976340034e-02,9.522157769599855215e-02,2.380131628923977116e-01,8.845157504258736036e-01,4.686888532676847063e+01
2.200231406196399286e-01,8.950022819634816107e-02,9.509399245861994976e-02,2.337745869083676931e-01,8.855546583270558214e-01,4.704637834036392974e+01
2.172914804911946773e-01,9.020722663607311231e-02,9.584517830082760204e-02,2.308721980218942926e-01,8.870038559367511288e-01,4.712910305689391066e+01
2.150289804885346101e-01,9.065516851131034948e-02,9.632111654326713790e-02,2.284682917690679105e-01,8.880686867926976813e-01,4.726517896424559240e+01
2.133574702043055105e-01,9.067086891006555238e-02,9.633779821694445078e-02,2.266923120920741053e-01,8.886104410247572805e-01,4.739879130448389333e+01
2.122949321981421056e-01,9.068222433638029045e-02,9.634986335740386432e-02,2.255633654605256333e-01,8.889634480774445402e-01,4.750752365210947659e+01
2.116522945844958592e-01,9.076087133484778136e-02,9.643342579327576769e-02,2.248805629960268504e-01,8.892250607969850451e-01,4.758765642250623529e+01
2.113542107522594082e-01,9.081427191047622416e-02,9.649016390488095174e-02,2.245638489242756664e-01,8.893733298649914021e-01,4.763649483758667458e+01
2.112098893034692060e-01,9.084241465005628291e-02,9.652006556568479279e-02,2.244105073849361476e-01,8.894525538546458332e-01,4.766290092201037254e+01
2.111244586268153367e-01,9.085762944499493898e-02,9.653623128530729181e-02,2.243197372909918608e-01,8.894931555994372019e-01,4.767701979393926592e+01
2.110717991652508174e-01,9.086583799407929596e-02,9.654495286870919124e-02,2.242637866130790525e-01,8.895136715264178040e-01,4.768450232678822687e+01
2.110359665908904947e-01,9.087031758090192979e-02,9.654971242970833423e-02,2.242257145028213328e-01,8.895243533835913707e-01,4.768841451959976752e+01
2.110115282833513461e-01,9.087190522852239827e-02,9.655139930530505510e-02,2.241997488010607775e-01,8.895299329898699314e-01,4.769040133005356097e+01
2.109955536981725499e-01,9.087145842669365481e-02,9.655092457836191022e-02,2.241827758043081209e-01,8.895328150731446337e-01,4.769136045245489441e+01
2.109847079580606244e-01,9.087008770677108827e-02,9.654946818844407919e-02,2.241712522054388201e-01,8.895343536436781662e-01,4.769177921475861837e+01
2.109770715607424130e-01,9.086824553848059371e-02,9.654751088463567332e-02,2.241631385332889803e-01,8.895352120984979516e-01,4.769191601664218894e+01
2.109715214099433522e-01,9.086620307859721857e-02,9.654534077100944411e-02,2.241572414980646244e-01,8.895357279027855668e-01,4.769190946573604606e+01
2.109673563335821844e-01,9.086412242000602157e-02,9.654313007125632506e-02,2.241528161044310796e-01,8.895360720303469027e-01,4.769183354394058227e+01
2.109641358946968970e-01,9.086209472420880839e-02,9.654097564447171320e-02,2.241493943881151807e-01,8.895363295353329036e-01,4.769172740866721938e+01
2.109615819563475936e-01,9.086016857245995948e-02,9.653892910823873297e-02,2.241466808286194379e-01,8.895365418978218308e-01,4.769161148476197098e+01
2.109595162469716789e-01,9.085836756032499018e-02,9.653701553284535497e-02,2.241444860124076621e-01,8.895367288517500581e-01,4.769149615041878576e+01
2.083598831159397813e-01,8.976107588333696874e-02,9.537114312604554056e-02,2.213823758106862327e-01,8.888646675524406460e-01,4.769381289841782490e+01
2.060467658891453890e-01,8.823474592639216074e-02,9.374941754679172456e-02,2.189246887572171563e-01,8.877803716561384340e-01,4.767361668735527047e+01
2.064660246648172826e-01,8.705533810956232743e-02,9.249629674141009172e-02,2.193701512063686854e-01,8.856889566109756862e-01,4.764712992749220177e+01
2.059604892426688261e-01,8.539632932848750801e-02,9.073359991151812298e-02,2.188330198203360943e-01,8.834348177183517503e-01,4.760829538594797583e+01
2.037255445303705337e-01,8.315461158896139682e-02,8.835177481327141646e-02,2.164583910635185515e-01,8.816046661382002103e-01,4.757587176371907134e+01
1.988093595078953557e-01,7.914511542315107173e-02,8.409168513709816550e-02,2.112349444771391138e-01,8.808658741668633496e-01,4.754138346912480273e+01
1.927837366647630335e-01,7.257320203712766538e-02,7.710902716444822946e-02,2.048327202063109087e-01,8.816869141921400699e-01,4.751227597852152940e+01
1.890172742770752368e-01,6.829162687748496774e-02,7.255985355732771924e-02,2.008308539193923992e-01,8.836445051916367310e-01,4.751663559010036408e+01
1.905962140400130622e-01,6.873809246769103931e-02,7.303422324692161738e-02,2.025084774175137381e-01,8.864718292172519831e-01,4.751638397108791878e+01
1.915193836604755506e-01,6.945645317318603629e-02,7.379748149651021993e-02,2.034893451392556785e-01,8.882348499668907271e-01,4.739735890465113499e+01
1.931675197532855826e-01,7.188272903427644911e-02,7.637539959891870289e-02,2.052404897378659610e-01,8.902521875468275558e-01,4.728380524457288914e+01
1.950909952982800288e-01,7.564875587654788791e-02,8.037680311883195483e-02,2.072841825044224595e-01,8.914743895903215476e-01,4.718216013396487085e+01
1.965205086415749425e-01,7.692747439291251765e-02,8.173544154246972782e-02,2.088030404316739697e-01,8.934770757836133503e-01,4.708733022160332382e+01
2.007167023252044435e-01,7.621453819741220992e-02,8.097794683475038890e-02,2.132614962205298392e-01,8.958417627630714808e-01,4.714088762948266265e+01
1.999658553258150395e-01,7.423835898584917048e-02,7.887825642246455715e-02,2.124637212836782141e-01,8.977011850844190954e-01,4.706417322453047092e+01
2.025034300821196842e-01,7.433710392619960472e-02,7.898317292158683889e-02,2.151598944622520326e-01,9.005576099401036982e-01,4.690747084084975427e+01
2.035567864330344867e-01,7.444410438629575633e-02,7.909686091043915956e-02,2.162790855850991178e-01,9.035653069415353622e-01,4.670449968541645092e+01
2.009247389532720640e-01,7.413740419371298018e-02,7.877099195582015767e-02,2.134825351378516478e-01,9.064446796201230949e-01,4.651224096134772168e+01
1.966459168605399765e-01,7.333600545806759352e-02,7.791950579919690312e-02,2.089362866643240668e-01,9.100502999487578570e-01,4.634301175822626107e+01
1.967314740375528115e-01,7.367783210491164747e-02,7.828269661146873559e-02,2.090271911648999836e-01,9.128357291832447373e-01,4.632223016603991539e+01
1.946411869905521619e-01,7.432052082144120775e-02,7.896555337278117481e-02,2.068062611774613979e-01,9.155852288512831283e-01,4.629826413477353242e+01
1.899730382011769192e-01,7.403282714549541677e-02,7.865987884208895664e-02,2.018463530887505686e-01,9.183496201881227172e-01,4.626714644951145061e+01
1.858288907243460519e-01,7.372689654819922223e-02,7.833482758246174127e-02,1.974431963946177426e-01,9.207072555658617485e-01,4.624751645403008382e+01
1.811618851969955257e-01,7.329787758614539350e-02,7.787899493527949968e-02,1.924845030218080011e-01,9.223471906333512438e-01,4.625479097773255432e+01
1.773372786656426947e-01,7.290659878452264431e-02,7.746326120855534514e-02,1.884208585822454152e-01,9.237299963518115220e-01,4.626408926935966548e+01
1.728486709274635602e-01,7.230807750039293380e-02,7.682733234416748436e-02,1.836517128604299165e-01,9.249877811056472776e-01,4.629978956401223655e+01
1.675309641859571153e-01,7.139320770071473643e-02,7.585528318200956965e-02,1.780016494475794575e-01,9.266474681217108378e-01,4.636714292027173911e+01
1.629848935351516648e-01,7.017285826022286177e-02,7.455866190148674466e-02,1.731714493810986022e-01,9.284378275645471801e-01,4.646304161587598713e+01
1.599163471010219273e-01,6.795324375610191370e-02,7.220032149085826856e-02,1.699111187948358082e-01,9.301934455260071344e-01,4.661900777663772288e+01
1.582669676477630738e-01,6.637013848829466378e-02,7.051827214381314879e-02,1.681586531257483474e-01,9.307559641630217540e-01,4.689019803976979972e+01
1.580079389979519022e-01,6.575639998805868358e-02,6.986617498731230447e-02,1.678834351853238649e-01,9.319601564035426833e-01,4.716243114865073949e+01
1.595206674840626559e-01,6.602825653198826639e-02,7.015502256523761804e-02,1.694907092018166916e-01,9.326744124971606542e-01,4.745518355221714302e+01
1.626944040462506014e-01,6.712541849059326660e-02,7.132075714625522866e-02,1.728628042991412761e-01,9.323936182564249719e-01,4.773557875482349999e+01
1.657327411001915940e-01,6.870597487247800950e-02,7.300009830200770988e-02,1.760910374189535443e-01,9.316119578614804331e-01,4.799590934806409592e+01
1.687068338959615832e-01,7.252157547398502269e-02,7.705417394110906926e-02,1.792510110144591717e-01,9.298426854558984322e-01,4.819781596001253376e+01
1.714549514505102901e-01,7.664078531872726974e-02,8.143083440114773364e-02,1.821708859161671468e-01,9.281910947279832236e-01,4.834977382950192748e+01
1.722664793517844350e-01,8.113096720764778613e-02,8.620165265812579358e-02,1.830331343112710230e-01,9.265803887439865161e-01,4.847016179154606874e+01
1.727577648368345542e-01,8.559796662253732480e-02,9.094783953644597352e-02,1.835551251391367156e-01,9.250734404807255951e-01,4.855712422889526891e+01
1.731417325923657602e-01,9.027667500048908167e-02,9.591896718801964927e-02,1.839630908793885855e-01,9.235864375533586745e-01,4.862922512475875436e+01
1.732575292669933376e-01,9.482731300565463983e-02,1.007540200685080184e-01,1.840861248461804212e-01,9.220571081869807228e-01,4.869236639918822362e+01
1.728999028074913180e-01,9.891934063835255975e-02,1.051017994282497647e-01,1.837061467329595965e-01,9.208512910708112065e-01,4.874857390858248607e+01
1.721872215048715071e-01,1.028966865109835205e-01,1.093277294179200859e-01,1.829489228489261099e-01,9.198548710998556421e-01,4.880586292224685252e+01
1.718494185872184721e-01,1.063811533030543377e-01,1.130299753844952321e-01,1.825900072489196890e-01,9.188630597873005401e-01,4.883110212344954704e+01
1.712213424581893184e-01,1.090025342142748599e-01,1.158151926026670525e-01,1.819226763618262688e-01,9.180453337267264757e-01,4.885280077086392225e+01
1.702959090291615019e-01,1.105443551136440772e-01,1.174533773082469812e-01,1.809394033434841287e-01,9.173832628950924217e-01,4.887430415142532070e+01
1.697061546847532243e-01,1.116065887219926528e-01,1.185820005171174113e-01,1.803127893525503789e-01,9.169460189660113558e-01,4.888668700948259982e+01
1.693102230300542466e-01,1.122927028948412509e-01,1.193109968257689141e-01,1.798921119694326387e-01,9.167227683083682965e-01,4.889541637268552421e+01
1.691297150342984945e-01,1.126920248111574485e-01,1.197352763618548116e-01,1.797003222239422771e-01,9.165790737431097623e-01,4.890068002817084647e+01
1.690736703365797733e-01,1.129112100326891271e-01,1.199681606597320371e-01,1.796407747326160820e-01,9.164874892603119827e-01,4.890391479350772386e+01
1.690888086036546334e-01,1.130224294947213132e-01,1.200863313381413944e-01,1.796568591413830462e-01,9.164274319104656064e-01,4.890602909367270001e+01
1.691409104570675281e-01,1.130707432069427282e-01,1.201376646573766305e-01,1.797122173606343076e-01,9.163876820347981456e-01,4.890748717276943580e+01
1.692212262348442575e-01,1.130793049454115462e-01,1.201467615044997383e-01,1.797975528745220930e-01,9.163540629346846877e-01,4.890865265020032382e+01
1.693133287884936722e-01,1.130660255823732890e-01,1.201326521812716430e-01,1.798954118377744382e-01,9.163237827763227594e-01,4.890908833984096304e+01
1.693988550472664556e-01,1.130445745893224607e-01,1.201098605011551163e-01,1.799862834877205831e-01,9.163067240898842281e-01,4.890848322163830630e+01
1.694790955991217485e-01,1.130188750093332334e-01,1.200825546974165492e-01,1.800715390740668664e-01,9.163130169834581285e-01,4.890850457066738954e+01
1.695404404636426943e-01,1.129962413123245663e-01,1.200585063943449687e-01,1.801367179926203488e-01,9.163248416183122913e-01,4.890861866903910027e+01
1.698527055896744964e-01,1.123405299918807804e-01,1.193618131163733664e-01,1.804684996890291715e-01,9.162887998003513834e-01,4.889943954363336331e+01
1.703003926282741498e-01,1.115797115687380270e-01,1.185534435417841259e-01,1.809441671675411645e-01,9.158542386515458045e-01,4.888237323597603989e+01
1.706770648957137704e-01,1.117196260367157995e-01,1.187021026640104615e-01,1.813443814516958741e-01,9.143753331193236189e-01,4.885613068536088122e+01
1.706766650766395055e-01,1.121244223920433436e-01,1.191321987915461011e-01,1.813439566439296047e-01,9.126187985560005878e-01,4.882890332712931780e+01
1.702942881456886437e-01,1.131751592258552763e-01,1.202486066774713092e-01,1.809376811547942221e-01,9.106775239562188151e-01,4.880775019411618132e+01
1.711475845953118191e-01,1.158390718048989132e-01,1.230790137927051942e-01,1.818443086325188529e-01,9.083286095034588392e-01,4.878258513134192498e+01
1.712786079813733431e-01,1.184663887345967781e-01,1.258705380305090715e-01,1.819835209802091736e-01,9.063154813827360989e-01,4.875468365452151431e+01
1.707187349041413837e-01,1.221680294986201704e-01,1.298035313422840897e-01,1.813886558356503365e-01,9.045895231735973097e-01,4.869755794957742978e+01
1.718004688010011938e-01,1.257095299476972683e-01,1.335663755694284083e-01,1.825379981010637753e-01,9.022142266355072104e-01,4.862627525537921969e+01
1.727339322464847560e-01,1.260171367750786975e-01,1.338932078235210710e-01,1.835298030118899804e-01,8.994061588144527386e-01,4.848255621650221059e+01
1.731067074049838228e-01,1.256198269166692305e-01,1.334710660989611164e-01,1.839258766177952475e-01,8.958132822726574407e-01,4.826249764319648250e+01
1.710110870456790777e-01,1.264704070587795159e-01,1.343748074999531750e-01,1.816992799860339958e-01,8.917457693610782998e-01,4.804736707998017664e+01
1.672368098635276246e-01,1.283892889164486850e-01,1.364136194737269325e-01,1.776891104799979970e-01,8.877368279948184560e-01,4.783967950302859151e+01
1.647453528333340245e-01,1.307120738754062594e-01,1.388815784926191732e-01,1.750419373854175120e-01,8.856314341006356061e-01,4.768528980083290492e+01
1.586291543122021475e-01,1.302412160406012376e-01,1.383812920431389537e-01,1.685434764567148858e-01,8.853947598050230239e-01,4.754941589455218320e+01
1.497315172876825251e-01,1.278509973029927915e-01,1.358416846344298046e-01,1.590897371181627107e-01,8.858894529362830728e-01,4.747071404964761854e+01
1.433866066487773372e-01,1.243945688734086480e-01,1.321692294279965818e-01,1.523482695643258999e-01,8.860643132178190884e-01,4.736576910656957295e+01
1.397209487444247833e-01,1.232572464019194014e-01,1.309608243020394247e-01,1.484535080409511432e-01,8.862612499909970909e-01,4.723670185727092985e+01
1.360994168884101518e-01,1.235581678896788410e-01,1.312805533827837712e-01,1.446056304439357620e-01,8.859451205906947457e-01,4.714780058359296788e+01
1.334475086743837358e-01,1.255913047417254458e-01,1.334407612880832428e-01,1.417879779665326412e-01,8.847483469061676598e-01,4.703601487528926128e+01
1.321903119469543808e-01,1.275466082069691975e-01,1.355182712199047568e-01,1.404522064436390105e-01,8.844386680225320152e-01,4.692667638525144014e+01
1.329641883494839805e-01,1.284213671883936148e-01,1.364477026376682001e-01,1.412744501213268056e-01,8.841238289915943627e-01,4.681845877054702498e+01
1.381808920659192974e-01,1.310487939202347463e-01,1.392393435402493884e-01,1.468171978200393246e-01,8.839945295669185965e-01,4.669013911009065509e+01
1.421220983040276109e-01,1.339769198999557487e-01,1.423504773937030732e-01,1.510047294480292568e-01,8.840023122400174627e-01,4.659890838571536875e+01
1.453355722878932055e-01,1.367195809193700040e-01,1.452645547268305026e-01,1.544190455558865083e-01,8.839810349382009047e-01,4.651873090236245645e+01
1.503492463454730865e-01,1.386272394710356959e-01,1.472914419379753592e-01,1.597460742420651891e-01,8.840022016815347605e-01,4.643663758518653850e+01
1.559995653809025662e-01,1.402977567742512421e-01,1.490663665726420228e-01,1.657495382172090026e-01,8.834401050945086542e-01,4.636880205377094200e+01
1.622356123320232713e-01,1.411286475428167875e-01,1.499491880142428124e-01,1.723753381027747222e-01,8.828971438007825467e-01,4.630287677179671846e+01
1.699750067413470789e-01,1.413122582330707810e-01,1.501442743726377760e-01,1.805984446626813511e-01,8.822139601697243094e-01,4.624057632515597760e+01
1.792251213892804562e-01,1.401993021421931440e-01,1.489617585260802068e-01,1.904266914761106599e-01,8.814788610024949511e-01,4.615103333880409053e+01
1.898197847399070437e-01,1.383992591323225108e-01,1.470492128280926070e-01,2.016835212861507742e-01,8.805600298357184608e-01,4.604764185124640363e+01
2.022151454701296702e-01,1.360438445864253498e-01,1.445465848730770053e-01,2.148535920620127937e-01,8.796233952073121420e-01,4.595858909457118102e+01
2.150566762907304974e-01,1.346594422017897419e-01,1.430756573394017239e-01,2.284977185589011361e-01,8.792010448187815852e-01,4.591741955031572786e+01
2.284305636209751911e-01,1.313378569983871536e-01,1.395464730607863801e-01,2.427074738472860260e-01,8.791854084837013028e-01,4.599052018105119544e+01
2.396906169828273425e-01,1.255687603488507553e-01,1.334168078706539362e-01,2.546712805442541971e-01,8.793000077846326867e-01,4.613981474649597914e+01
2.491050341812172941e-01,1.193889275249069987e-01,1.268507354952136956e-01,2.646740988175432796e-01,8.792807605872019483e-01,4.629203994903009800e+01
2.644383421923636734e-01,1.165612975890261416e-01,1.238463786883403778e-01,2.809657385793865592e-01,8.800419707985768225e-01,4.656692106553791888e+01
2.783621856531913741e-01,1.131195306909860837e-01,1.201895013591726402e-01,2.957598222565158697e-01,8.809193455676144202e-01,4.687768175563006423e+01
2.853634753922071887e-01,1.123766174154252895e-01,1.194001560038893128e-01,3.031986926042201658e-01,8.805716947000415962e-01,4.722075212172983072e+01
2.883185348065243070e-01,1.129189235242630124e-01,1.199763562445294446e-01,3.063384432319322670e-01,8.803173728130295750e-01,4.757527982366569574e+01
2.900597553841191556e-01,1.122334141080482406e-01,1.192480024898013580e-01,3.081884900956266549e-01,8.811627174824079312e-01,4.793453438484820595e+01
2.913026908281886596e-01,1.097741041953403662e-01,1.166349857075491270e-01,3.095091090049503779e-01,8.832759452588212490e-01,4.830320478705298370e+01
2.896949396255678599e-01,1.069877431061265205e-01,1.136744770502594731e-01,3.078008733521660489e-01,8.851296977587718162e-01,4.858665528324692673e+01
2.892271602200889857e-01,1.056239980886856111e-01,1.122254979692284826e-01,3.073038577338446653e-01,8.863052506352273596e-01,4.887203368681264237e+01
2.915130470313944122e-01,1.048913171193726623e-01,1.114470244393335197e-01,3.097326124708567607e-01,8.873542756946483090e-01,4.921287270266387281e+01
2.937472359714832781e-01,1.040336993292041851e-01,1.105358055372794440e-01,3.121064382197010212e-01,8.882379225837602199e-01,4.949702737501281291e+01
2.964010185463641922e-01,1.032629019491748540e-01,1.097168333209982416e-01,3.149260822055117148e-01,8.889105913913882828e-01,4.973483762380720208e+01
2.983659053635229763e-01,1.024919093614264504e-01,1.088976536965154396e-01,3.170137744487432352e-01,8.896164765736622737e-01,4.995604936312315658e+01
2.993517772005357402e-01,1.015088604317098825e-01,1.078531642086916764e-01,3.180612632755691060e-01,8.901193972553463896e-01,5.014519679666998542e+01
2.977151589778190832e-01,9.967989279344732778e-02,1.059098860930376695e-01,3.163223564139324706e-01,8.903417104336810439e-01,5.027200728691526876e+01
2.944018479563562662e-01,9.730481626864075084e-02,1.033863672854307136e-01,3.128019634536285398e-01,8.902524251348297168e-01,5.035240520250145835e+01
2.934262664353969319e-01,9.615767800956616373e-02,1.021675328851639614e-01,3.117654080876092193e-01,8.900194366308723515e-01,5.042899645985409762e+01
2.937056890067978876e-01,9.582310926434112197e-02,1.018120535933624837e-01,3.120622945697227313e-01,8.898478898934372161e-01,5.047986809457967894e+01
2.938302121661595101e-01,9.558536189234526081e-02,1.015594470106166297e-01,3.121946004265440666e-01,8.897223468279952252e-01,5.050722136113191141e+01
2.938954591000846883e-01,9.543699307881485516e-02,1.014018051462406561e-01,3.122639252938396170e-01,8.896394527673723296e-01,5.052181405018266958e+01
2.939345527831305760e-01,9.533924685140954258e-02,1.012979497796226841e-01,3.123054623320764001e-01,8.895833275429856357e-01,5.052948620072135100e+01
2.939642601308568026e-01,9.526983197584518170e-02,1.012241964743353789e-01,3.123370263890352660e-01,8.895435035267662549e-01,5.053341144874137569e+01
2.939908750054207043e-01,9.521635740514444723e-02,1.011673797429660099e-01,3.123653046932596822e-01,8.895139108079785917e-01,5.053532694740442821e+01
2.940167022692745658e-01,9.517203355968428813e-02,1.011202856571646047e-01,3.123927461611045731e-01,8.894906145836877220e-01,5.053616966612108286e+01
2.940428554455870036e-01,9.513295313537321884e-02,1.010787627063339938e-01,3.124205339109362711e-01,8.894711352703442708e-01,5.053644524919608472e+01
2.947315922012080924e-01,9.553486720487264217e-02,1.015057964051771233e-01,3.131523167137832964e-01,8.895294335857105716e-01,5.051276563532292840e+01
2.972108065494061813e-01,9.706519637106159060e-02,1.031317711442529816e-01,3.157864819587440364e-01,8.897658504121044309e-01,5.043968760941380935e+01
3.003942579326638329e-01,9.948184202787860309e-02,1.056994571546208683e-01,3.191688990534549686e-01,8.900134418295093663e-01,5.033705186097954254e+01
3.044971951231026375e-01,1.015800363508412296e-01,1.079287886227687648e-01,3.235282698182967431e-01,8.902495852926280984e-01,5.022510854561232208e+01
3.057968899793764295e-01,1.025067157567666476e-01,1.089133854915645822e-01,3.249091956030876194e-01,8.896842054936492383e-01,5.012204631056732040e+01
3.060477701445136756e-01,1.042745055398604931e-01,1.107916621361016291e-01,3.251757557785457387e-01,8.895237561518153369e-01,5.002251252917952939e+01
3.059273568620383688e-01,1.072703393985117576e-01,1.139747356109188925e-01,3.250478166659164225e-01,8.894928277264655403e-01,4.990810454435565902e+01
3.039866347217742848e-01,1.103034717481702759e-01,1.171974387324309641e-01,3.229857993918849868e-01,8.897149219257849406e-01,4.977555735053955033e+01
3.000683622772182257e-01,1.126734890764678476e-01,1.197155821437469875e-01,3.188226349195442677e-01,8.901934840327465626e-01,4.963072878071949390e+01
2.957364249125442601e-01,1.146316671930796560e-01,1.217961463926471449e-01,3.142199514695784290e-01,8.909964396288921895e-01,4.947964382554427232e+01
2.910189881783651900e-01,1.132776133623239478e-01,1.203574641974693160e-01,3.092076749395130109e-01,8.928470879765973978e-01,4.930768792391348398e+01
2.841720640828032107e-01,1.113133972586771714e-01,1.182704845873447236e-01,3.019328180879789492e-01,8.949467590123293403e-01,4.915498851461632768e+01
2.794596019126761033e-01,1.085998863417698274e-01,1.153873792381303748e-01,2.969258270322184812e-01,8.961457250469007096e-01,4.900597006728440164e+01
2.724013569177144434e-01,1.055497027799727761e-01,1.121465592037211023e-01,2.894264417250714816e-01,8.966377268047189819e-01,4.895452271032241498e+01
2.592991370564537990e-01,1.039097072491051432e-01,1.104040639521743500e-01,2.755053331224823765e-01,8.969630532281747115e-01,4.890768690372114236e+01
2.419578830013947579e-01,1.042873371057547599e-01,1.108052956748645512e-01,2.570802506889819927e-01,8.971867638133520506e-01,4.883255828931285691e+01
2.319668402039417598e-01,1.052132671261685054e-01,1.117890963215540795e-01,2.464647677166884598e-01,8.955953665873375158e-01,4.873503024950874618e+01
2.269018809496811395e-01,1.058018451401590149e-01,1.124144604614189941e-01,2.410832485090361466e-01,8.943363133702624257e-01,4.857753082188902027e+01
2.234634625146990627e-01,1.041229831092663205e-01,1.106306695535953094e-01,2.374299289218675668e-01,8.951617172437273950e-01,4.840086543085450899e+01
2.225002578134162856e-01,1.036135700250131048e-01,1.100894181515763987e-01,2.364065239267548191e-01,8.972451312420703928e-01,4.835565141461701444e+01
2.204333192142525766e-01,1.021706100246343174e-01,1.085562731511739293e-01,2.342104016651435083e-01,8.994102103887816613e-01,4.845600824452542810e+01
2.183504954072184867e-01,1.010943719650308908e-01,1.074127702128454959e-01,2.319974013701698590e-01,9.009322711778187109e-01,4.853986766968089483e+01
2.172102168483476814e-01,9.980447437760700535e-02,1.060422540262075247e-01,2.307858554013694496e-01,9.022344076318085104e-01,4.859604775108974195e+01
2.127878640045377245e-01,9.871283897357348291e-02,1.048823914094217796e-01,2.260871055048213063e-01,9.044629594162177932e-01,4.863774954558314789e+01
2.039271854288382535e-01,9.818394817766032401e-02,1.043204449387640509e-01,2.166726345181406999e-01,9.071091670840136789e-01,4.864066825723732990e+01
1.930464172766502839e-01,9.789920781171601583e-02,1.040179082999483640e-01,2.051118183564407949e-01,9.087004074886091409e-01,4.868966388177636873e+01
1.793375053586055978e-01,9.801045144690984090e-02,1.041361046623417858e-01,1.905460994435186073e-01,9.086996539024826403e-01,4.879668648584280533e+01
1.660248161066134043e-01,9.808664699588616476e-02,1.042170624331289486e-01,1.764013671132764194e-01,9.078875962012696865e-01,4.896636807291113769e+01
1.582736185198575507e-01,9.762221264379546126e-02,1.037236009340326143e-01,1.681657196773485852e-01,9.072329855005207833e-01,4.915163179610510724e+01
1.567257808712013145e-01,9.717956306321101634e-02,1.032532857546617083e-01,1.665211421756513377e-01,9.064500943663307275e-01,4.937205831998036132e+01
1.621100695776545586e-01,9.701831205640121247e-02,1.030819565599262605e-01,1.722419489262580483e-01,9.053598128206792328e-01,4.958928611212545690e+01
1.728284987910830017e-01,9.747408927319865801e-02,1.035662198527736305e-01,1.836302799655258056e-01,9.039965288582282321e-01,4.976087196523339884e+01
1.854116826356523862e-01,9.808102327474976789e-02,1.042110872294216839e-01,1.969999128003807609e-01,9.023225465446650384e-01,4.989098598714593891e+01
1.976485202130141838e-01,9.874948939202730924e-02,1.049213324790290031e-01,2.100015527263276449e-01,9.005155849213909436e-01,4.999170540240169203e+01
2.087581251783423297e-01,9.945591981315463070e-02,1.056719148014768211e-01,2.218055080019887548e-01,8.986983348767516588e-01,5.008207790035102391e+01
2.161367409754229307e-01,1.006701165521105279e-01,1.069619988366174446e-01,2.296452872863867234e-01,8.979567171902859135e-01,5.016709841755390187e+01
2.206029771983782639e-01,1.021623812358574135e-01,1.085475300630985712e-01,2.343906632732768169e-01,8.978576726580094203e-01,5.023633578462867888e+01
2.235406098156506594e-01,1.043428004015304611e-01,1.108642254266261062e-01,2.375118979291288845e-01,8.979401933631995236e-01,5.028303900054046949e+01
2.241473937863218413e-01,1.077558604839954637e-01,1.144906017642453033e-01,2.381566058979671663e-01,8.980335626630058243e-01,5.031381408680574197e+01
2.250048221001871296e-01,1.112054396121809896e-01,1.181557795879423500e-01,2.390676234814488599e-01,8.981571503187621985e-01,5.031974711763455588e+01
2.256513864497718957e-01,1.142682123406947303e-01,1.214099756119881995e-01,2.397545981028827433e-01,8.983922324901103540e-01,5.031290297282999546e+01
2.257448263212834816e-01,1.171090741422158299e-01,1.244283912761042776e-01,2.398538779663637877e-01,8.990457572520593743e-01,5.029440686803164340e+01
2.255710022801067638e-01,1.196956855233861361e-01,1.271766658685977158e-01,2.396691899226136291e-01,9.001108310483131314e-01,5.025607295353695037e+01
2.244722132638391765e-01,1.232910941783005726e-01,1.309967875644443280e-01,2.385017265928291441e-01,9.008770994635705298e-01,5.026708475594802650e+01
2.228473163833233350e-01,1.268643579753247486e-01,1.347933803487825766e-01,2.367752736572812378e-01,9.014666142540752602e-01,5.029574997486790267e+01
2.207566447730399950e-01,1.301432699562714568e-01,1.382772243285384228e-01,2.345539350713550242e-01,9.019588887097305108e-01,5.032436886505067974e+01
2.190747236265871700e-01,1.326909772904522056e-01,1.409841633711055864e-01,2.327668938532485576e-01,9.024996777706417728e-01,5.035618442604796030e+01
2.166361785738830648e-01,1.341031877659759619e-01,1.424846370013495567e-01,2.301759397347506730e-01,9.032350681857220787e-01,5.038929909457544198e+01
2.139188828518978069e-01,1.347879437746973552e-01,1.432121902606158792e-01,2.272888130301415066e-01,9.039716813408370522e-01,5.043455103765261782e+01
2.124475558337551584e-01,1.352612579761197087e-01,1.437150865996272564e-01,2.257255280733649894e-01,9.043661446232408307e-01,5.047973424085583360e+01
2.119441721898983888e-01,1.355286687981402394e-01,1.439992105980240911e-01,2.251906829517671405e-01,9.045525434509159579e-01,5.050576102897480268e+01
2.117745540671256421e-01,1.356774935948286964e-01,1.441573369445054986e-01,2.250104636963210780e-01,9.046369316779240277e-01,5.052364684739792722e+01
2.118462357656114847e-01,1.357478399890277021e-01,1.442320799883419769e-01,2.250866255009622008e-01,9.046601663676746563e-01,5.053389764311283017e+01
2.120683867997082694e-01,1.357679187102036611e-01,1.442534136295913483e-01,2.253226609746900033e-01,9.046460001357259362e-01,5.054015137492292808e+01
2.123873763253198987e-01,1.357572383450655340e-01,1.442420657416322305e-01,2.256615873456524479e-01,9.046071486450357746e-01,5.054426680114601567e+01
2.127595071315283581e-01,1.357292354764108588e-01,1.442123126936865063e-01,2.260569763272489430e-01,9.045523739489098602e-01,5.054720262172562428e+01
2.136638451565184560e-01,1.353766878216745018e-01,1.438377308105291685e-01,2.270178354788007780e-01,9.044539226657315467e-01,5.054333307247487994e+01
2.149072820652301319e-01,1.346116804669270361e-01,1.430249104961100748e-01,2.283389871943069527e-01,9.044160153599373198e-01,5.053383733404938027e+01
2.161876811368129703e-01,1.336039043668779680e-01,1.419541483898077716e-01,2.296994112078639683e-01,9.044470874944535721e-01,5.052131225826890670e+01
2.175479977002375831e-01,1.324649779256109050e-01,1.407440390459616664e-01,2.311447475565024390e-01,9.044753603131473474e-01,5.050798255074182919e+01
2.189714761105230334e-01,1.312239313718121247e-01,1.394254270825504016e-01,2.326571933674307091e-01,9.044876825525192121e-01,5.049442295030625871e+01
2.203912602662328468e-01,1.298987315499688100e-01,1.380174022718419213e-01,2.341657140328723408e-01,9.044870116926280179e-01,5.048051609617289159e+01
2.217965438315571136e-01,1.285013060601070956e-01,1.365326376888638393e-01,2.356588278210296206e-01,9.044649651893007514e-01,5.046657246834036670e+01
2.229860012237045719e-01,1.272490338327583181e-01,1.352020984473058240e-01,2.369226263001860122e-01,9.044235894131800180e-01,5.045514593088532962e+01
2.237139974377005402e-01,1.264480114332889593e-01,1.343510121478695141e-01,2.376961222775569316e-01,9.043855195374325140e-01,5.044899523531700680e+01
2.241584829026670722e-01,1.259428314395963366e-01,1.338142584045712291e-01,2.381683880840838319e-01,9.043569125500829919e-01,5.044567795149862377e+01
2.241210742964234448e-01,1.270144727650497629e-01,1.349528773128653991e-01,2.381286414399499674e-01,9.035062501192360207e-01,5.042713793744787409e+01
2.231157908175811500e-01,1.288032016770181698e-01,1.368534017818318349e-01,2.370605277436802771e-01,9.033861010035273420e-01,5.034028915802164761e+01
2.187113616880622946e-01,1.305482022509055762e-01,1.387074648915871400e-01,2.323808217935665332e-01,9.027293719478169942e-01,5.017528399247192539e+01
2.150446185473592342e-01,1.322285529899540346e-01,1.404928375518261496e-01,2.284849072065692765e-01,9.013150204625354212e-01,4.995694930170991910e+01
2.140904938863759099e-01,1.317039878968145894e-01,1.399354871403654943e-01,2.274711497542743488e-01,8.990161818664264004e-01,4.974208300387810766e+01
2.152675722897181287e-01,1.307161653596538575e-01,1.388859256946322618e-01,2.287217955578255413e-01,8.956654504030188146e-01,4.951121263334183453e+01
2.140504767217544513e-01,1.303092037294239502e-01,1.384535289625129784e-01,2.274286315168639883e-01,8.920705319908667219e-01,4.927857201360373551e+01
2.099833029923716954e-01,1.309896866370191537e-01,1.391765420518330243e-01,2.231072594293948830e-01,8.886230669460761789e-01,4.905911165572238986e+01
2.023964664739818231e-01,1.322021713686045985e-01,1.404648070791425507e-01,2.150462456286057478e-01,8.870866772764535169e-01,4.883805159768304804e+01
1.912373872874192360e-01,1.294291153309159170e-01,1.375184350390982191e-01,2.031897239928831533e-01,8.874793078844950278e-01,4.847828905658156629e+01
1.779359925506464324e-01,1.254561515777460334e-01,1.332971610513553617e-01,1.890569920850619923e-01,8.881470725598231697e-01,4.808396546442982356e+01
1.654851210827490426e-01,1.221148844833942343e-01,1.297470647636063124e-01,1.758279411504207468e-01,8.877185461418585222e-01,4.774312018973316896e+01
1.544519532699128450e-01,1.185778591738688992e-01,1.259889753722358008e-01,1.641052003492824984e-01,8.864999186696963518e-01,4.742433021244719527e+01
1.448769992423385999e-01,1.185639864358720430e-01,1.259742355881140752e-01,1.539318116949847659e-01,8.849122948122971621e-01,4.712681920392052604e+01
1.375272051838060672e-01,1.193711771281494860e-01,1.268318756986587803e-01,1.461226555077940192e-01,8.838081635476169318e-01,4.690935716036466374e+01
1.319803932208204189e-01,1.206939070877010578e-01,1.282372762806824329e-01,1.402291677971217176e-01,8.830977993199509157e-01,4.669883639732142910e+01
1.295060506731171013e-01,1.211907751500691660e-01,1.287651985969484048e-01,1.376001788401867154e-01,8.829143383811262069e-01,4.652869494643525172e+01
1.328522686086549831e-01,1.194188630144348423e-01,1.268825419528370746e-01,1.411555353966962301e-01,8.835397685811312574e-01,4.637986038636577746e+01
1.384677175891395329e-01,1.196780101518967188e-01,1.271578857863901457e-01,1.471219499384604779e-01,8.840443126379502470e-01,4.630107971053497096e+01
1.424673620513279004e-01,1.224948323671726652e-01,1.301507593901209126e-01,1.513715721795358959e-01,8.836317108453938252e-01,4.622637088226576907e+01
1.496687894789840989e-01,1.245833943148188794e-01,1.323698564594950611e-01,1.590230888214208271e-01,8.832366605433689122e-01,4.611276614082650838e+01
1.589172282745525688e-01,1.266416641145273470e-01,1.345567681216852662e-01,1.688495550417119795e-01,8.824043984892904202e-01,4.600868058202730282e+01
1.699746880485072109e-01,1.279733828979994215e-01,1.359717193291244408e-01,1.805981060515390035e-01,8.818886425345504598e-01,4.592914124949415822e+01
1.801484612315994716e-01,1.297084455194930930e-01,1.378152233644613367e-01,1.914077400585746380e-01,8.816016019551294880e-01,4.590349102124041991e+01
1.910893211456560770e-01,1.300358187925123032e-01,1.381630574670443534e-01,2.030324037172595575e-01,8.814180544030090214e-01,4.599244995768905397e+01
2.017671862227813362e-01,1.293122424748792687e-01,1.373942576295592854e-01,2.143776353617049824e-01,8.811512912476057169e-01,4.602219294360709512e+01
2.143140015123801145e-01,1.283521042732036488e-01,1.363741107902789462e-01,2.277086266069038856e-01,8.807376167230677177e-01,4.607438539510700792e+01
2.268830097200104923e-01,1.255674828929539966e-01,1.334154505737636665e-01,2.410631978275114828e-01,8.807039289733442633e-01,4.617998355916548547e+01
2.398425101086723299e-01,1.213598663861826799e-01,1.289448580353190765e-01,2.548326669904643071e-01,8.806517259075206105e-01,4.632867931626321933e+01
2.557371878835111301e-01,1.164200255023317004e-01,1.236962770962274916e-01,2.717207621262303086e-01,8.815465726669836632e-01,4.654402345160927723e+01
2.677904898689409952e-01,1.112054850112342425e-01,1.181558278244362881e-01,2.845273954857496235e-01,8.824090414969524288e-01,4.680669778698553785e+01
2.750311289494224432e-01,1.061487301910891967e-01,1.127830258280321379e-01,2.922205745087614881e-01,8.824529387739381558e-01,4.706893428152781667e+01
2.806756471115763873e-01,1.014421749012906493e-01,1.077823108326212420e-01,2.982178750560496860e-01,8.823452866466482414e-01,4.727923827635885345e+01
2.874907437018675016e-01,9.810897948804737922e-02,1.042407907060501626e-01,3.054589151832339255e-01,8.816310766740651506e-01,4.747239216145425900e+01
2.971551374057697092e-01,9.634075344101333815e-02,1.023620505310766926e-01,3.157273334936304132e-01,8.822132808097860046e-01,4.775160328311651625e+01
3.042895397042650885e-01,9.403023580541505777e-02,9.990712554325348327e-02,3.233076359357817120e-01,8.826765125552203939e-01,4.806453959467526715e+01
3.109585516395790283e-01,9.092993778311261877e-02,9.661305889455729101e-02,3.303934611170529223e-01,8.829836075045900401e-01,4.838323081380235635e+01
3.157504734962957027e-01,8.684703540933051691e-02,9.227497512241365774e-02,3.354848780898140315e-01,8.844356324740391129e-01,4.869594289685454669e+01
3.168701118879398981e-01,8.325594765253691021e-02,8.845944438082026240e-02,3.366744938809358434e-01,8.852462136926986247e-01,4.893876989561690749e+01
3.206174871620848799e-01,8.231166277812752841e-02,8.745614170176052582e-02,3.406560801097152646e-01,8.859041231072647404e-01,4.920624525568873509e+01
3.236145873469652989e-01,8.112580377279424160e-02,8.619616650859394935e-02,3.438404990561506613e-01,8.857813460093266755e-01,4.946090608629492635e+01
3.250461129479882971e-01,8.056628853888875286e-02,8.560168157256921317e-02,3.453614950072374512e-01,8.857243595460211338e-01,4.969645084277990321e+01
3.256616517662179189e-01,7.972080424532608511e-02,8.470335451065910681e-02,3.460155050016067158e-01,8.855634329659451964e-01,4.989484093907822881e+01
3.265265778150596154e-01,7.910954247793591798e-02,8.405388888280682091e-02,3.469344889285009281e-01,8.853222830756548589e-01,5.006132133089486302e+01
3.270819043020720684e-01,7.863219258441772608e-02,8.354670462094385130e-02,3.475245233209514062e-01,8.851235491306161940e-01,5.015986526455321837e+01
3.275836078536168428e-01,7.832856694877085579e-02,8.322410238306915398e-02,3.480575833444681799e-01,8.849851989601779101e-01,5.021249844647651628e+01
3.279085636912086876e-01,7.815278408588616221e-02,8.303733309125409245e-02,3.484028489219095359e-01,8.848985107847876508e-01,5.024079937662082074e+01
3.281102289985007303e-01,7.805403999046688079e-02,8.293241748987099926e-02,3.486171183109070260e-01,8.848446486821192059e-01,5.025591922390567845e+01
3.282254202918788444e-01,7.799887528854057561e-02,8.287380499407427659e-02,3.487395090601210779e-01,8.848102068034139345e-01,5.026391045438975880e+01
3.282851821655585756e-01,7.796909149580244502e-02,8.284215971429012559e-02,3.488030060509060837e-01,8.847887058627077472e-01,5.026806375093050150e+01
3.283113527993778424e-01,7.795458948663101795e-02,8.282675132954536723e-02,3.488308123493389923e-01,8.847759825681587031e-01,5.027015508968509039e+01
3.283189199079838971e-01,7.794833346460725010e-02,8.282010430614536456e-02,3.488388524022332238e-01,8.847689266172995559e-01,5.027114982346062533e+01
3.283175334204938567e-01,7.794655673258862882e-02,8.281821652837531578e-02,3.488373792592745493e-01,8.847655769110408519e-01,5.027156626666866401e+01
3.283274478047774059e-01,7.795507737804031889e-02,8.282726971416796979e-02,3.488479132925761950e-01,8.847720440608404235e-01,5.027172009505862604e+01
3.283682385999891484e-01,7.797977907421051180e-02,8.285351526634857078e-02,3.488912535124882308e-01,8.847949180438359207e-01,5.027178384848303949e+01
3.281846298251104299e-01,7.818456719614767791e-02,8.307110264590701620e-02,3.486961691891800053e-01,8.848281110627767010e-01,5.026932298539216504e+01
3.294670880722280204e-01,7.760962769046696186e-02,8.246022942112116172e-02,3.500587810767424313e-01,8.849526726828680356e-01,5.025510229021888620e+01
3.315517133568681718e-01,7.669573201080277791e-02,8.148921526147791250e-02,3.522736954416722521e-01,8.851126961366447832e-01,5.024332318807233122e+01
3.335757600692941804e-01,7.627022422660537093e-02,8.103711324076814937e-02,3.544242450736247996e-01,8.853923305974195079e-01,5.020040738176876971e+01
3.352423498570838434e-01,7.737992771933879799e-02,8.221617320179752664e-02,3.561949967231517467e-01,8.861477989154635804e-01,5.010182186874484955e+01
3.324129118443730491e-01,7.940717259526916538e-02,8.437012088247360098e-02,3.531887188346466977e-01,8.873262110656743307e-01,5.002406558006517656e+01
3.279820206876631894e-01,8.156787313235350223e-02,8.666586520312546948e-02,3.484808969806419410e-01,8.881602383625191166e-01,4.997908679177068336e+01
3.232438943755169825e-01,8.371486129757886585e-02,8.894704012867760134e-02,3.434466377739869292e-01,8.878040616878011271e-01,4.995889651278951504e+01
3.129790141468131170e-01,8.308257278256801770e-02,8.827523358147863763e-02,3.325402025309892040e-01,8.887142007016987089e-01,4.993310444635510947e+01
2.975503789173325475e-01,8.116083511143751261e-02,8.623338730590228429e-02,3.161472775996657103e-01,8.917376746486023187e-01,4.986596566629648919e+01
2.869514764449885291e-01,8.039067053495706217e-02,8.541508744339176840e-02,3.048859437228001457e-01,8.929682394878224461e-01,4.967577671436179543e+01
2.767751265011381689e-01,7.954837184357266278e-02,8.452014508379578073e-02,2.940735719074590304e-01,8.937254855852896362e-01,4.954135847403628645e+01
2.687360652567881703e-01,7.821514305683475998e-02,8.310358949788693161e-02,2.855320693353373129e-01,8.933575691144810538e-01,4.961579890663367109e+01
2.573153481901089279e-01,7.620724623867389247e-02,8.097019912859104718e-02,2.733975574519909024e-01,8.922042575818792676e-01,4.973255666169342959e+01
2.423669740822186891e-01,7.476386877872097381e-02,7.943661057739086206e-02,2.575149099623568194e-01,8.912723857560126417e-01,4.978527225831307845e+01
2.289289369885452730e-01,7.517690662638255861e-02,7.987546329053123173e-02,2.432369955503290437e-01,8.891913454985428400e-01,4.979346124644202121e+01
2.226849605251874642e-01,8.078289209598313314e-02,8.583182285198222294e-02,2.366027705580119878e-01,8.862069623028450138e-01,4.982588794122357712e+01
2.168621234316158719e-01,8.675400918633398295e-02,9.217613476047989418e-02,2.304160061460919229e-01,8.847353280613008408e-01,4.992528707093680396e+01
2.105303305735501673e-01,8.964932590727406336e-02,9.525240877647872528e-02,2.236884762343971100e-01,8.866778746166389391e-01,5.007236623304504519e+01
2.040500255179225619e-01,9.306910595350380289e-02,9.888592507559798572e-02,2.168031521127930517e-01,8.884890617508162114e-01,5.026603419339227941e+01
1.943032833030704509e-01,9.743621993233787804e-02,1.035259836781089182e-01,2.064472385095123264e-01,8.900352181831052700e-01,5.044847948014690076e+01
1.826430325282481226e-01,1.008085469819930274e-01,1.071090811683675370e-01,1.940582220612637188e-01,8.923267201079434496e-01,5.065944374827201102e+01
1.758457070044836534e-01,1.033743375453188701e-01,1.098352336419014252e-01,1.868360636922643259e-01,8.951624722530623357e-01,5.080351706304698922e+01
1.712823004347248934e-01,1.086588722290938586e-01,1.154500517434122880e-01,1.819874442118953328e-01,8.962989812495971709e-01,5.097175493840961025e+01
1.665113922518687561e-01,1.155171059437651720e-01,1.227369250652504962e-01,1.769183542676105447e-01,8.963430028163528185e-01,5.110374999712882271e+01
1.622510345785781183e-01,1.241695841867391931e-01,1.319301831984103779e-01,1.723917242397392247e-01,8.952184801081786159e-01,5.118354446841279071e+01
1.597485496999532240e-01,1.335426833807431546e-01,1.418891010920395879e-01,1.697328340562002380e-01,8.936683026534343322e-01,5.121770502856142571e+01
1.589956846553941539e-01,1.394364419485457363e-01,1.481512195703299783e-01,1.689329149463562607e-01,8.926105866641926845e-01,5.134264400703958842e+01
1.586551984672776028e-01,1.458988262249676648e-01,1.550175028640282116e-01,1.685711483714822934e-01,8.898830584677156486e-01,5.146980826621089733e+01
1.607530639947937212e-01,1.510386085369565812e-01,1.604785215705163692e-01,1.708001304944682108e-01,8.876983008108767503e-01,5.159907341359525645e+01
1.659367156745827354e-01,1.573989837967587901e-01,1.672364202840562475e-01,1.763077604042442015e-01,8.844793959237094993e-01,5.178185285765179913e+01
1.744586390304153634e-01,1.627957343641423527e-01,1.729704677619014197e-01,1.853623039698161223e-01,8.822577599499950018e-01,5.187986876718629503e+01
1.855944504776912141e-01,1.660532409703217860e-01,1.764315685309668924e-01,1.971941036325467467e-01,8.804860965910523696e-01,5.196701691239941567e+01
1.966103264479159285e-01,1.673720031810861930e-01,1.778327533799041182e-01,2.088984718509108718e-01,8.791215890980482728e-01,5.211184668784623852e+01
2.061712090284136267e-01,1.683593794313072711e-01,1.788818406457640675e-01,2.190569095926894472e-01,8.778850033864749047e-01,5.232202510375125115e+01
2.140267119040061838e-01,1.680977329493794081e-01,1.786038412587155622e-01,2.274033813980065877e-01,8.777896921701027200e-01,5.249988610133347322e+01
2.215646934471135199e-01,1.674620845595874707e-01,1.779284648445617900e-01,2.354124867875581339e-01,8.782302731691689068e-01,5.263641052939798470e+01
2.267435185158168109e-01,1.670503316333979693e-01,1.774909773604854690e-01,2.409149884230553929e-01,8.787018462424293075e-01,5.272419005870941078e+01
2.372404027855937181e-01,1.667927235013206833e-01,1.772172687201531982e-01,2.520679279596932942e-01,8.779159897262646117e-01,5.274975764449538218e+01
2.497714017810860332e-01,1.660792512446621627e-01,1.764592044474534993e-01,2.653821143924042780e-01,8.773272427160210274e-01,5.275788639917544742e+01
2.661690519135576638e-01,1.655545235440010754e-01,1.759016812655012085e-01,2.828046176581552329e-01,8.753621925018792993e-01,5.271853011604643058e+01
2.769693381876633942e-01,1.660061571192774088e-01,1.763815419392323058e-01,2.942799218243923320e-01,8.740250006271407246e-01,5.270572433513737565e+01
2.844721676100403496e-01,1.657278933792634412e-01,1.760858867154673491e-01,3.022516780856681073e-01,8.738775741362097005e-01,5.270398131341664083e+01
2.907118733964980661e-01,1.655213549765270076e-01,1.758664396625599369e-01,3.088813654837793132e-01,8.738088396722071272e-01,5.271074211193990067e+01
2.953107389252590531e-01,1.653741988769868165e-01,1.757100863067985463e-01,3.137676601080877647e-01,8.740384760098399708e-01,5.272551042123089360e+01
2.984441777910531446e-01,1.647711734343250689e-01,1.750693717739704447e-01,3.170969389029938412e-01,8.747448710102984082e-01,5.274924553561606189e+01
3.010427796503685749e-01,1.641238140474298168e-01,1.743815524253942983e-01,3.198579533785166351e-01,8.752831413013067996e-01,5.276175403465847324e+01
3.026834163482224893e-01,1.634700165206640354e-01,1.736868925532056573e-01,3.216011298699863463e-01,8.758272061556168220e-01,5.277952828611766023e+01
3.040709809940576602e-01,1.629567150757431082e-01,1.731415097679770143e-01,3.230754173061864409e-01,8.761698439884586520e-01,5.279172466306469857e+01
3.049346030884440006e-01,1.626151942106641712e-01,1.727786438488307375e-01,3.239930157814715495e-01,8.763719064316081164e-01,5.279967773719758384e+01
3.054666212916132828e-01,1.624168075954453561e-01,1.725678580701607012e-01,3.245582851223390297e-01,8.764868199932200898e-01,5.280407568305277266e+01
3.057735027859388444e-01,1.622957991922928667e-01,1.724392866418113235e-01,3.248843467100601123e-01,8.765587226822614264e-01,5.280640384174103730e+01
3.059432529392835942e-01,1.622206354921450766e-01,1.723594252104042046e-01,3.250647062479887217e-01,8.766050142314480986e-01,5.280761220398331091e+01
3.060332068632196645e-01,1.621740263876743082e-01,1.723099030369039664e-01,3.251602822921708658e-01,8.766348229368070566e-01,5.280821069845808324e+01
3.060765787613625721e-01,1.621450472664330567e-01,1.722791127205851036e-01,3.252063649339477225e-01,8.766541333282714676e-01,5.280848201383217599e+01
3.060925517622888892e-01,1.621268746603854727e-01,1.722598043266594658e-01,3.252233362474322709e-01,8.766668893335348711e-01,5.280858173258192068e+01
3.060924760459888261e-01,1.621152940044681134e-01,1.722474998797473567e-01,3.252232557988631312e-01,8.766755557464485094e-01,5.280859414874393565e+01
3.060834499723610880e-01,1.621077935015758364e-01,1.722395305954242950e-01,3.252136655956336941e-01,8.766816295741198806e-01,5.280856354584892642e+01
3.060696799841288729e-01,1.621028281984203123e-01,1.722342549608214535e-01,3.251990349831371252e-01,8.766860442310309143e-01,5.280851344288616644e+01
3.060536502708391393e-01,1.620994492179323732e-01,1.722306647940531898e-01,3.251820034127665404e-01,8.766893822922935398e-01,5.280845617378238188e+01
3.060368155995867867e-01,1.620970734601207830e-01,1.722281405513782782e-01,3.251641165745612350e-01,8.766920082172564577e-01,5.280839806348370757e+01
3.060200120148245384e-01,1.620953411875580563e-01,1.722263000117803533e-01,3.251462627657513149e-01,8.766941513965768040e-01,5.280834222470814154e+01
3.060037054433722425e-01,1.620940292934587301e-01,1.722249061243000812e-01,3.251289370335829765e-01,8.766959574233094132e-01,5.280829006548081850e+01
3.054685679966068768e-01,1.622213727215338908e-01,1.723602085166298648e-01,3.245603534963947268e-01,8.766520842789767842e-01,5.279608283034679062e+01
3.019906968178529549e-01,1.624836909960389042e-01,1.726389216832912299e-01,3.208651153689691671e-01,8.766565021126067059e-01,5.277628344082586409e+01
2.962541219870225007e-01,1.623454658673449125e-01,1.724920574840538567e-01,3.147700046112116290e-01,8.760275674808500890e-01,5.275574380633791804e+01
2.902712867166072908e-01,1.598719603940274292e-01,1.698639579186542459e-01,3.084132421363952048e-01,8.757984471997153353e-01,5.271303836363256323e+01
2.854943206857282201e-01,1.561616093726607701e-01,1.659217099584520683e-01,3.033377157285863102e-01,8.762384889023263623e-01,5.261321719438181077e+01
2.832650356539331282e-01,1.516819867181589399e-01,1.611621108880438857e-01,3.009691003823040667e-01,8.771301335936698695e-01,5.242186343487590960e+01
2.808261201093385506e-01,1.470788512865273678e-01,1.562712794919353110e-01,2.983777526161721649e-01,8.779083558681379795e-01,5.220509342257531671e+01
2.798555258273769941e-01,1.442718572144043310e-01,1.532888482903047300e-01,2.973464961915880944e-01,8.771299023183680710e-01,5.195872015424069446e+01
2.778476846408224343e-01,1.407727613311195447e-01,1.495710589143146030e-01,2.952131649308737393e-01,8.758047567407067913e-01,5.172228988661811400e+01
2.715465987394511949e-01,1.403200802886870879e-01,1.490900853067301246e-01,2.885182611606670333e-01,8.754512772678607613e-01,5.150901192432630182e+01
2.660059665542083285e-01,1.410378962151173365e-01,1.498527647285622377e-01,2.826313394638463317e-01,8.758893628972219680e-01,5.128172183983242860e+01
2.536924178321005585e-01,1.387693083703804842e-01,1.474423901435292228e-01,2.695481939466070065e-01,8.781658209946329174e-01,5.088378134925648766e+01
2.377146222401432252e-01,1.350272088046691465e-01,1.434664093549610220e-01,2.525717861301521872e-01,8.811154737094186729e-01,5.048966788532780470e+01
2.205374382728212124e-01,1.310800975141021563e-01,1.392726036087336139e-01,2.343210281648726578e-01,8.845687474852543808e-01,5.013689966528179554e+01
2.050485272578590201e-01,1.264661126313383621e-01,1.343702446707970011e-01,2.178640602114751135e-01,8.871253385605561981e-01,4.982833697047455246e+01
1.914155205404583227e-01,1.210505793945610836e-01,1.286162406067212216e-01,2.033789905742370285e-01,8.888669793831689425e-01,4.955097230625987947e+01
1.797025888885009637e-01,1.184760801565022670e-01,1.258808351662836778e-01,1.909340006940323242e-01,8.890283949137647301e-01,4.929163742550663585e+01
1.672463505671155370e-01,1.159037481802767944e-01,1.231477324415440611e-01,1.776992474775604958e-01,8.893841406815706785e-01,4.898399672983781983e+01
1.542527685043074137e-01,1.120316527305831866e-01,1.190336310262446878e-01,1.638935665358269567e-01,8.907931050447752686e-01,4.869263468997237254e+01
1.458358729530604969e-01,1.086643170000083092e-01,1.154558368125087747e-01,1.549506150126267467e-01,8.925616752117369046e-01,4.848092493413384574e+01
1.416616920819572523e-01,1.063376543875794999e-01,1.129837577868031406e-01,1.505155478370794331e-01,8.937256248619429577e-01,4.832207744717212705e+01
1.417382241118708697e-01,1.049200521776645356e-01,1.114775554387686524e-01,1.505968631188628337e-01,8.940523925235037694e-01,4.820978192106395710e+01
1.432505163850092411e-01,1.027704672916312373e-01,1.091936214973581593e-01,1.522036736590724471e-01,8.961546035553308309e-01,4.823394898345893722e+01
1.460835981220349744e-01,1.006867442073201974e-01,1.069796657202777279e-01,1.552138230046622991e-01,8.973942562738564943e-01,4.823485875535092759e+01
1.532302636376998983e-01,9.985067471183552146e-02,1.060913418813251990e-01,1.628071551150560570e-01,8.979626155673656740e-01,4.823610560017407067e+01
1.646698208099764138e-01,9.964902618713025739e-02,1.058770903238258898e-01,1.749616846105997714e-01,8.977612791700293471e-01,4.820859684191130157e+01
1.798716833796977221e-01,9.955143725025450419e-02,1.057734020783953621e-01,1.911136635909287396e-01,8.969655487718876108e-01,4.820619014038340566e+01
1.970792864589671900e-01,9.948976260519433457e-02,1.057078727680189900e-01,2.093967418626528076e-01,8.957049914284159753e-01,4.822904206381123515e+01
2.140149128846871307e-01,9.954431206741022609e-02,1.057658315716233643e-01,2.273908449399800469e-01,8.939991143646216498e-01,4.827326447147544286e+01
2.353014377325750583e-01,9.771280851034157278e-02,1.038198590422380330e-01,2.500077775908611799e-01,8.926173397853149893e-01,4.835236255654826465e+01
2.490604537175673816e-01,9.606760287167707968e-02,1.020718280511568737e-01,2.646267320749154384e-01,8.907983589504741007e-01,4.851879592347565762e+01
2.553791423919944403e-01,9.587253855194875773e-02,1.018645722114455698e-01,2.713403387914939957e-01,8.883327385842170187e-01,4.877388340031320979e+01
2.585085539158047396e-01,9.625029323373372747e-02,1.022659365608419579e-01,2.746653385355424803e-01,8.855257960626850000e-01,4.902625529071778487e+01
2.606707811770692662e-01,9.742143792366447785e-02,1.035102777938935875e-01,2.769627050006362445e-01,8.831346891186668824e-01,4.928590913674805307e+01
2.642902588097572614e-01,9.860537487210850605e-02,1.047682108016153579e-01,2.808083999853673296e-01,8.812179663979410327e-01,4.953702821787074839e+01
2.689342509261187786e-01,9.930526478707898952e-02,1.055118438362715461e-01,2.857426416090012578e-01,8.795032601282748441e-01,4.977213386753037838e+01
2.755228297699457429e-01,1.005626594456494882e-01,1.068478256610024824e-01,2.927430066305672929e-01,8.769440366832137457e-01,4.996616051146833115e+01
2.830987878293116933e-01,1.011332015866240469e-01,1.074540266857880039e-01,3.007924620686437955e-01,8.731963635976850435e-01,5.016607993122799058e+01
2.890310730810575768e-01,1.015920879044459185e-01,1.079415933984740339e-01,3.070955151486239321e-01,8.697729356301436843e-01,5.033300554992184317e+01
2.925817001871359180e-01,9.983779594354061371e-02,1.060776581900120114e-01,3.108680564488323639e-01,8.693877130744951387e-01,5.051076217682159353e+01
2.945624868215049319e-01,9.745813863633284724e-02,1.035492723011036953e-01,3.129726422478490977e-01,8.697724096130621252e-01,5.068405027784603334e+01
2.967844290412026687e-01,9.524558243661965240e-02,1.011984313389085316e-01,3.153334558562782552e-01,8.697850818401686723e-01,5.084991540922585784e+01
2.987403814794170609e-01,9.301587110966774707e-02,9.882936305402183208e-02,3.174116553218806480e-01,8.696435342495690834e-01,5.100035607629632750e+01
3.003453240642726119e-01,9.143405084326888810e-02,9.714867902097326646e-02,3.191169068182900248e-01,8.695259260149696967e-01,5.111182430920396058e+01
3.019295201389595174e-01,9.053059656791143106e-02,9.618875885340598397e-02,3.208001151476445045e-01,8.693745707635649467e-01,5.120597430218911228e+01
3.030951545492334143e-01,8.982254884205474743e-02,9.543645814468308675e-02,3.220386017085602459e-01,8.692570092422883254e-01,5.127011096619226294e+01
3.038423559721337708e-01,8.940935558248813697e-02,9.499744030639352410e-02,3.228325032203920308e-01,8.691762998936938267e-01,5.130874600597194757e+01
3.043281023170445465e-01,8.919289522265079484e-02,9.476745117406622232e-02,3.233486087118596086e-01,8.691500190611303189e-01,5.132978389979424350e+01
3.046399661504880507e-01,8.908437411766753633e-02,9.465214750002179378e-02,3.236799640348936302e-01,8.691525983944948797e-01,5.134112610209152905e+01
3.048480379731597911e-01,8.903753052183568939e-02,9.460237617945042865e-02,3.239010403464824273e-01,8.691737528120305756e-01,5.134721261979397156e+01
3.049900678606733417e-01,8.902424784239948430e-02,9.458826333254949370e-02,3.240519471019657205e-01,8.692071475389067103e-01,5.135044253196909381e+01
3.050967017945102611e-01,8.903224916920043919e-02,9.459676474227546317e-02,3.241652456566672669e-01,8.692486814602574663e-01,5.135216311029000025e+01
3.051911824317057320e-01,8.905660477438573364e-02,9.462264257278479862e-02,3.242656313336872986e-01,8.692971814884691284e-01,5.135312933681779413e+01
3.052877780523337026e-01,8.909416150858412431e-02,9.466254660287058698e-02,3.243682641806044931e-01,8.693544346188029071e-01,5.135373499180145274e+01
3.052413708587597974e-01,8.923364930268930240e-02,9.481075238410738293e-02,3.243189565374323124e-01,8.694140841190964863e-01,5.135003958158979032e+01
3.055767316808216671e-01,8.913131562423233512e-02,9.470202285074671988e-02,3.246752774108727646e-01,8.695069935378136883e-01,5.134379501530435874e+01
3.057787759366978886e-01,8.912881935649130671e-02,9.469937056627188154e-02,3.248899494327415205e-01,8.696087946371221511e-01,5.133851731051078104e+01
3.059382229324403291e-01,8.932701187105632212e-02,9.490995011299727113e-02,3.250593618657177108e-01,8.697396039660095779e-01,5.132392568241239417e+01
3.075485971024815579e-01,9.076122456990103060e-02,9.643380110551998119e-02,3.267703844213867281e-01,8.700548051387889670e-01,5.125694504145121044e+01
3.101882844476556156e-01,9.306255011255792908e-02,9.887895949459271638e-02,3.295750522256341020e-01,8.704994144197861772e-01,5.115794846145355024e+01
3.130461523642948385e-01,9.546879435710567408e-02,1.014355940044246174e-01,3.326115368870635192e-01,8.709494172226244224e-01,5.107047159735652286e+01
3.156807845835112869e-01,9.762624404445409410e-02,1.037278842972323423e-01,3.354108336199805862e-01,8.713946440593488552e-01,5.099478171425332818e+01
3.160238350770163684e-01,9.903392465391180899e-02,1.052235449447813387e-01,3.357753247693301413e-01,8.713975590135313309e-01,5.092506996839072997e+01
3.145987364517348617e-01,1.014372326136382535e-01,1.077770596519904422e-01,3.342611574799678187e-01,8.706524189709443640e-01,5.089570317782141018e+01
3.118310939715299157e-01,1.044706289136039246e-01,1.110000432207041421e-01,3.313205373447506430e-01,8.703374408279366259e-01,5.087055068390684909e+01
3.072061515093450490e-01,1.060214674081076530e-01,1.126478091211143284e-01,3.264065359786790244e-01,8.706602196328276921e-01,5.083287397039411104e+01
2.992312702191618490e-01,1.045531078553086080e-01,1.110876770962654081e-01,3.179332246078597768e-01,8.709598178868166451e-01,5.077118063288459382e+01
2.907171204515471841e-01,1.009570966788667229e-01,1.072669152212956667e-01,3.088869404797687235e-01,8.706318664318236644e-01,5.074779003598089844e+01
2.748813859721375708e-01,9.790665120615679728e-02,1.040258169065415711e-01,2.920614725953958324e-01,8.710378461807408712e-01,5.086432251731564236e+01
2.594136167798907211e-01,9.097087784494718721e-02,9.665655771025614962e-02,2.756269678286338842e-01,8.719064676458088137e-01,5.115001118808174141e+01
2.399818104022575227e-01,8.328133948419114141e-02,8.848642320195311550e-02,2.549806735523987289e-01,8.746358750499207968e-01,5.143703408160158830e+01
2.155187406351664614e-01,7.866716385441856196e-02,8.358386159531962234e-02,2.289886619248645006e-01,8.786155607541180634e-01,5.164906759334603237e+01
1.923988402315308655e-01,7.646920185604823283e-02,8.124852697205117713e-02,2.044237677460015168e-01,8.820389645534232326e-01,5.172485062875472295e+01
1.778322871738131083e-01,7.711969065641947896e-02,8.193967132244552032e-02,1.889468051221762646e-01,8.852372792279858960e-01,5.173630801692029735e+01
1.671050698887875663e-01,7.906238405578600026e-02,8.400378305927250211e-02,1.775491367568366730e-01,8.873176587029842910e-01,5.177163888005953396e+01
1.574695011115912480e-01,8.244219275899467014e-02,8.759482980643171213e-02,1.673113449310654477e-01,8.885504255131575491e-01,5.187904236070110642e+01
1.465753166106161798e-01,8.618256640250684941e-02,9.156897680266344597e-02,1.557362738987798090e-01,8.886049763611937324e-01,5.195795239883421601e+01
1.465368341496791627e-01,8.981532971513553343e-02,9.542878782233139845e-02,1.556953862840340930e-01,8.890859659793960423e-01,5.197402714595102680e+01
1.478745356270868838e-01,9.171670223656880339e-02,9.744899612635446462e-02,1.571166941037798470e-01,8.905439592920829650e-01,5.204100185845154414e+01
1.511216528930001968e-01,9.300842766460190592e-02,9.882145439363940187e-02,1.605667561988123881e-01,8.917812698971171459e-01,5.214519037338675389e+01
1.560452300261512271e-01,9.466175233173297621e-02,1.005781118524661788e-01,1.657980569027856788e-01,8.912452393954497509e-01,5.226132424184450542e+01
1.633595893169090540e-01,9.686390100548675219e-02,1.029178948183297609e-01,1.735695636492159966e-01,8.902738948671415908e-01,5.235222158015240268e+01
1.724828279983247892e-01,9.921761599046838298e-02,1.054187169898725407e-01,1.832630047482200486e-01,8.883448638093647265e-01,5.240820890804055665e+01
1.857975131965207694e-01,1.014750526120261342e-01,1.078172434002777486e-01,1.974098577713031821e-01,8.863095302308877654e-01,5.240277908044718203e+01
2.015622779902726258e-01,1.036754985871508744e-01,1.101552172488477754e-01,2.141599203646646354e-01,8.843199169667748105e-01,5.238744038985782936e+01
2.181704208802540956e-01,1.061545847565487227e-01,1.127892463038330378e-01,2.318060721852700790e-01,8.821786560532567378e-01,5.238132345767360221e+01
2.340256496491268934e-01,1.097205901498003178e-01,1.165781270341627734e-01,2.486522527521973780e-01,8.799237199151132005e-01,5.239660472471281594e+01
2.467459389110521206e-01,1.145242917179873643e-01,1.216820599503616318e-01,2.621675600929929684e-01,8.778220732947150662e-01,5.241409691635930557e+01
2.584013542908439320e-01,1.190267750413020603e-01,1.264659484813833445e-01,2.745514389340216188e-01,8.756657329891485153e-01,5.249799842071963241e+01
2.691330700371062923e-01,1.242179943379719126e-01,1.319816189840952170e-01,2.859538869144253037e-01,8.729604196701039598e-01,5.262320204930279743e+01
2.789765745642920347e-01,1.288106631985191652e-01,1.368613296484264830e-01,2.964126104745604673e-01,8.706724088511247350e-01,5.273764839330078047e+01
2.876333252111212824e-01,1.332120890578814554e-01,1.415378446239991539e-01,3.056104080368162168e-01,8.686146054816317186e-01,5.284237793266464678e+01
2.948450049515662363e-01,1.378217458726589961e-01,1.464356049897002077e-01,3.132728177610392128e-01,8.665347902155352555e-01,5.294681345307209597e+01
3.002468002848372453e-01,1.430246084192368927e-01,1.519636464454392211e-01,3.190122253026395627e-01,8.642605018744146106e-01,5.304113715755683955e+01
3.032281179633102286e-01,1.476534939007269620e-01,1.568818372695224006e-01,3.221798753360173295e-01,8.629563672661417773e-01,5.315873055305433326e+01
3.057601378528742586e-01,1.512653145028216572e-01,1.607193966592481982e-01,3.248701464686788998e-01,8.617998302355693863e-01,5.329280739711309423e+01
3.101850866693884878e-01,1.543734732792910458e-01,1.640218153592469530e-01,3.295716545862254487e-01,8.602115047574888651e-01,5.337692986554606733e+01
3.123118897519252535e-01,1.569904657579724305e-01,1.668023698678458844e-01,3.318313828614202210e-01,8.590918891459733420e-01,5.342675303737610903e+01
3.127736837870453979e-01,1.597833801972524947e-01,1.697698414595809613e-01,3.323220390237356381e-01,8.584489630663273418e-01,5.345711664634200133e+01
3.121443272224099230e-01,1.615417734190652543e-01,1.716381342577568969e-01,3.316533476738107167e-01,8.587336900949631424e-01,5.348912107994377152e+01
3.109576227416322447e-01,1.624330942162817426e-01,1.725851626047995024e-01,3.303924741629843398e-01,8.594509257518240242e-01,5.352089717503915978e+01
3.101563116799059827e-01,1.628340352825229098e-01,1.730111624876808363e-01,3.295410811599000511e-01,8.600293511645996647e-01,5.355221025566037696e+01
3.100368568317515283e-01,1.630174116242819327e-01,1.732059998507994025e-01,3.294141603837359988e-01,8.605702271922180957e-01,5.358215303261320628e+01
3.092055606330831319e-01,1.628288226982087528e-01,1.730056241168468900e-01,3.285309081726506819e-01,8.611157900767368867e-01,5.361084515986774335e+01
3.081455005658148005e-01,1.625147065254755052e-01,1.726718756833177659e-01,3.274045943511785239e-01,8.616121974519329596e-01,5.362876091254612732e+01
3.076286501955899366e-01,1.623011137782377766e-01,1.724449333893779135e-01,3.268554408328139815e-01,8.619183339816469669e-01,5.363877287200217125e+01
3.074822578620907687e-01,1.621850565803061306e-01,1.723216226165754095e-01,3.266998989784712926e-01,8.620659040157133690e-01,5.364392212384453273e+01
3.073906759524376309e-01,1.621281837077037380e-01,1.722611951894352234e-01,3.266025931994649967e-01,8.621470620739566382e-01,5.364664437035023781e+01
3.073211720697902050e-01,1.620931788924589445e-01,1.722240025732376667e-01,3.265287453241521587e-01,8.621976309388936777e-01,5.364804114817744818e+01
3.072705380266763098e-01,1.620687415227123895e-01,1.721980378678819035e-01,3.264749466533437561e-01,8.622306532926953260e-01,5.364871747812311753e+01
3.072333681304885156e-01,1.620507580175165885e-01,1.721789303936114568e-01,3.264354536386441796e-01,8.622529677220841515e-01,5.364901600433255879e+01
3.072054814548946799e-01,1.620369137912381630e-01,1.721642209031906123e-01,3.264058240458258542e-01,8.622686163798467529e-01,5.364912292191483800e+01
3.071841326036361397e-01,1.620257534880446271e-01,1.721523630810474770e-01,3.263831408913631660e-01,8.622800609084714241e-01,5.364913788361559455e+01
3.071674665674140603e-01,1.620163879223183445e-01,1.721424121674632324e-01,3.263654332278773662e-01,8.622887967105623552e-01,5.364911245589293998e+01
3.071535169034583235e-01,1.620084530409658941e-01,1.721339813560262555e-01,3.263506117099244652e-01,8.622957487002687049e-01,5.364906397925584258e+01
3.071415348023719405e-01,1.620015796179209711e-01,1.721266783440412174e-01,3.263378807275202353e-01,8.623014806130578913e-01,5.364900563476525264e+01
3.071310666615684748e-01,1.619955138817449625e-01,1.721202334993540140e-01,3.263267583279165773e-01,8.623063451877074348e-01,5.364894518555102820e+01
3.071217751096077531e-01,1.619900927770239751e-01,1.721144735755881228e-01,3.263168860539581995e-01,8.623105679932712153e-01,5.364888650178041729e+01
3.071134300294295350e-01,1.619852025390124406e-01,1.721092776977007632e-01,3.263080194062690231e-01,8.623142960959895298e-01,5.364883138294818110e+01
3.071058713151584851e-01,1.619807610728116187e-01,1.721045586398624316e-01,3.262999882723557898e-01,8.623176279208240036e-01,5.364878053914160461e+01
3.070989833025908333e-01,1.619767075181619553e-01,1.721002517380471608e-01,3.262926697590027292e-01,8.623206313904301368e-01,5.364873411824020621e+01
3.084979097007151116e-01,1.608670625161632284e-01,1.709212539234236106e-01,3.277790290570097853e-01,8.622597882148754778e-01,5.363974300462663081e+01
3.112247735573137053e-01,1.586231478839362219e-01,1.685370946266823156e-01,3.306763219046460756e-01,8.620814002739470849e-01,5.362366391292133017e+01
3.139863866170899409e-01,1.560467444384584790e-01,1.657996659658622640e-01,3.336105357806579685e-01,8.622913675504472186e-01,5.359428211969893852e+01
3.187062386817380299e-01,1.513957470933238458e-01,1.608579812866564873e-01,3.386253785993467158e-01,8.638260358081033541e-01,5.352813084268860422e+01
3.193102818058096148e-01,1.463912812751798354e-01,1.555407363548786948e-01,3.392671744186727678e-01,8.650607531778413684e-01,5.346223372643888894e+01
3.178041739559177015e-01,1.421151078634171616e-01,1.509973021048808262e-01,3.376669348281626792e-01,8.656859648819548170e-01,5.333874889014295206e+01
3.151283427981669272e-01,1.375101514215421039e-01,1.461045358853884646e-01,3.348238642230526585e-01,8.667422439349409258e-01,5.319596268664164995e+01
3.070402134190289289e-01,1.337766967455769063e-01,1.421377402921754629e-01,3.262302267577181780e-01,8.701714533614017810e-01,5.307272372151527406e+01
2.949425009800219488e-01,1.308552042459090459e-01,1.390336545112783317e-01,3.133764072912734733e-01,8.740516285722406131e-01,5.293151448722627350e+01
2.836260866819589332e-01,1.302865462369197092e-01,1.384294553767273506e-01,3.013527170995816129e-01,8.772035975665397611e-01,5.279947393370013486e+01
2.731311503934745200e-01,1.306431813494649263e-01,1.388083801838064513e-01,2.902018472930666393e-01,8.787688315933745997e-01,5.268279654197535677e+01
2.614892431275646634e-01,1.303585535779345217e-01,1.385059631765554189e-01,2.778323208230374375e-01,8.801273293763093308e-01,5.258327063012841762e+01
2.437401696818603525e-01,1.300522473646801569e-01,1.381805128249725956e-01,2.589739302869766835e-01,8.819381838328888001e-01,5.236179534065888674e+01
2.249230175302132095e-01,1.280580334782994156e-01,1.360616605706931326e-01,2.389807061258516496e-01,8.834358495135530287e-01,5.214193546221893882e+01
2.068033636434545575e-01,1.248809903944614191e-01,1.326860522941151754e-01,2.197285738711702019e-01,8.848298330186206151e-01,5.187460294265984118e+01
1.866334252905166025e-01,1.217631304418247129e-01,1.293733260944388008e-01,1.982980143711739196e-01,8.857490648845205428e-01,5.159290061861709376e+01
1.695045377338346981e-01,1.187488643693552920e-01,1.261706683924400385e-01,1.800985713421993095e-01,8.856282675439657304e-01,5.133609070030041721e+01
1.540123065499297006e-01,1.172158309308615337e-01,1.245418203640404203e-01,1.636380757093003901e-01,8.851793849448574836e-01,5.107917337549343273e+01
1.344910909298452084e-01,1.187811074970542696e-01,1.262049267156201138e-01,1.428967841129605010e-01,8.835609779225170879e-01,5.093750883158627829e+01
1.145740836564122234e-01,1.184097354216951115e-01,1.258103438855509848e-01,1.217349638849381799e-01,8.829834119517262492e-01,5.084583993071224484e+01
9.856360791611978867e-02,1.169836963398318969e-01,1.242951773610713462e-01,1.047238334108773344e-01,8.851754004276537469e-01,5.079474264698548325e+01
8.748577178182821712e-02,1.161614427380128212e-01,1.234215329091384733e-01,9.295363251819223349e-02,8.866449113503436230e-01,5.078104403415213852e+01
8.839003299431448524e-02,1.166351957925997052e-01,1.239248955296372023e-01,9.391441005645956297e-02,8.878865385549894462e-01,5.079594398832591651e+01
1.018742911549230801e-01,1.195453564393618023e-01,1.270169412168218603e-01,1.082414343521057726e-01,8.885230580080842877e-01,5.089485228002475736e+01
1.175090664943979624e-01,1.205334976741862102e-01,1.280668412788227573e-01,1.248533831502977864e-01,8.892358951754012475e-01,5.097769790716375127e+01
1.323743597629734314e-01,1.183214037526957307e-01,1.257164914872392347e-01,1.406477572481591165e-01,8.903802653478549711e-01,5.108928732974980846e+01
1.469987113080009344e-01,1.164966782182357413e-01,1.237777206068755576e-01,1.561861307647510744e-01,8.911359899116892969e-01,5.126674853944914645e+01
1.602044354378923396e-01,1.142885956964504179e-01,1.214316329274785222e-01,1.702172126527605189e-01,8.911238012225779492e-01,5.133689882258777004e+01
1.774906349745076217e-01,1.144778929123503736e-01,1.216327612193722901e-01,1.885837996604141642e-01,8.913073953716715847e-01,5.152246197642954684e+01
1.887443934267291346e-01,1.138393262432672443e-01,1.209542841334714791e-01,2.005409180158997384e-01,8.918215322040433657e-01,5.171262820473011601e+01
1.998352734322603741e-01,1.116042615535528804e-01,1.185795279006499059e-01,2.123249780217764948e-01,8.923922189610071776e-01,5.187902590280637583e+01
2.119706063727718748e-01,1.076624671643111597e-01,1.143913713620805517e-01,2.252187692710699018e-01,8.918050271073236779e-01,5.198186388148471337e+01
2.229628488442284284e-01,1.040042733802126890e-01,1.105045404664761061e-01,2.368980268969927971e-01,8.902643738244906402e-01,5.203516449830912194e+01
2.356267549262577865e-01,1.011678875470023997e-01,1.074908805186901017e-01,2.503534271091491514e-01,8.884783792392867419e-01,5.209092509342958266e+01
2.490529644181973812e-01,9.989403251451130228e-02,1.061374095466680045e-01,2.646187746943344243e-01,8.865806644906288891e-01,5.214573002102932264e+01
2.644285399976476492e-01,9.911051433137109401e-02,1.053049214770816616e-01,2.809553237475004850e-01,8.841275052593537964e-01,5.215633396508422237e+01
2.796506195558701169e-01,9.862808540440561045e-02,1.047923407421809394e-01,2.971287832781120963e-01,8.811433523941749613e-01,5.213018653070135144e+01
2.968317123398994117e-01,1.008484997640017589e-01,1.071515309992518428e-01,3.153836943611433297e-01,8.792985049290076294e-01,5.212772357395383693e+01
3.132244064226342717e-01,1.037718950224215397e-01,1.102576384613228599e-01,3.328009318240488512e-01,8.790766913286957029e-01,5.213956568635900624e+01
3.275759756383809229e-01,1.063968832477534404e-01,1.130466884507379255e-01,3.480494741157794114e-01,8.793978668101886109e-01,5.215730977633530330e+01
3.400764717087496614e-01,1.083727148319958283e-01,1.151460095089954921e-01,3.613312511905467650e-01,8.800246000597475859e-01,5.217889735417669073e+01
3.445827463529453905e-01,1.091706100740014035e-01,1.159937732036266933e-01,3.661191680000049908e-01,8.819264572165604887e-01,5.225652731013907015e+01
3.461846920521965409e-01,1.094083706936291867e-01,1.162463938619809900e-01,3.678212353054589601e-01,8.835312935041028659e-01,5.233127624302433389e+01
3.478828679076014785e-01,1.099813402442422483e-01,1.168551740095073593e-01,3.696255471518266611e-01,8.840923422614648253e-01,5.241702542067742598e+01
3.488909249497672560e-01,1.099157574853625446e-01,1.167854923281975710e-01,3.706966077591277164e-01,8.846907858120294232e-01,5.252823056201458485e+01
3.495101462143796467e-01,1.097497384341261373e-01,1.166090970862590503e-01,3.713545303527784891e-01,8.853160414517429189e-01,5.260588426989937005e+01
3.498822348369283741e-01,1.096294711078298206e-01,1.164813130520691714e-01,3.717498745142365779e-01,8.857215026813523018e-01,5.264846407523712202e+01
3.502254602603317446e-01,1.094961552047219733e-01,1.163396649050172094e-01,3.721145515266027215e-01,8.859644420278912635e-01,5.266679314920701671e+01
3.504272778966398549e-01,1.094104225224530741e-01,1.162485739301064025e-01,3.723289827651797279e-01,8.861086822469915747e-01,5.267663151852313064e+01
3.505360407255892485e-01,1.093553566079824707e-01,1.161900663959814783e-01,3.724445432709391768e-01,8.861960072393852972e-01,5.268190733554910565e+01
3.493411676956497125e-01,1.090371096373769777e-01,1.158519289897130822e-01,3.711749906766276252e-01,8.861684427853419033e-01,5.268481750001802055e+01
3.475829925795099196e-01,1.086094210852379116e-01,1.153975099030651874e-01,3.693069296157292514e-01,8.860788860802195632e-01,5.268643909709521722e+01
3.457204047556702298e-01,1.084137373144318101e-01,1.151895958965837574e-01,3.673279300528994873e-01,8.859564267675308358e-01,5.265400828396480648e+01
3.442709765602525729e-01,1.085774466800070448e-01,1.153635370975075736e-01,3.657879125952687160e-01,8.856866083402885614e-01,5.260614708335624812e+01
3.425714880000286233e-01,1.086594609716059340e-01,1.154506772823311600e-01,3.639822060000301729e-01,8.852446642051674530e-01,5.255848637618174735e+01
3.408104412879686129e-01,1.087784811383193245e-01,1.155771362094643179e-01,3.621110938684666825e-01,8.846610728033008630e-01,5.251378757142493470e+01
3.387499293270426204e-01,1.085967149252476394e-01,1.153840096080755995e-01,3.599217999099830201e-01,8.840034030635433027e-01,5.247021816285226947e+01
3.365451800070783928e-01,1.080846030728992158e-01,1.148398907649554601e-01,3.575792537575209762e-01,8.833386669440268513e-01,5.242907421617265129e+01
3.333185616150252661e-01,1.073430330139402838e-01,1.140519725773115195e-01,3.541509717159646020e-01,8.824651119651790721e-01,5.239378690063161059e+01
3.282855537658275757e-01,1.059881358388686384e-01,1.126123943287977575e-01,3.488034008761913829e-01,8.817106798171937543e-01,5.235967894228998176e+01
3.208619625216423410e-01,1.040164825394766235e-01,1.105175126981939593e-01,3.409158351792451747e-01,8.818690131942755750e-01,5.230351359511221432e+01
3.124966808337928947e-01,1.018693298764342531e-01,1.082361629937111519e-01,3.320277233859048605e-01,8.822030999428644993e-01,5.223588808086665125e+01
3.010359847473713657e-01,9.886973387531899915e-02,1.050490922425264817e-01,3.198507337940821316e-01,8.831591896858050905e-01,5.218361339764778961e+01
2.868803741867322898e-01,9.635316177260169757e-02,1.023752343833893852e-01,3.048103975734034465e-01,8.843277532101398997e-01,5.213551548741853736e+01
2.702609009401628071e-01,9.413676204205022324e-02,1.000203096696783284e-01,2.871522072489229860e-01,8.860908794701730651e-01,5.209479311583410066e+01
2.543623876617098767e-01,9.204220133164001116e-02,9.779483891486730196e-02,2.702600368905663242e-01,8.878923417169247712e-01,5.204209325370646866e+01
2.393064748454836188e-01,9.008573232960277732e-02,9.571609060020304371e-02,2.542631295233265254e-01,8.904201687354365014e-01,5.196485574329719981e+01
2.259292214601213156e-01,8.682490065594353212e-02,9.225145694694003584e-02,2.400497978013788614e-01,8.922418186948893881e-01,5.186305412726566288e+01
2.093373063276779134e-01,8.345007167309032026e-02,8.866570115265848262e-02,2.224208879731581212e-01,8.925322751418103273e-01,5.175545199479874725e+01
1.886570299517264515e-01,8.206842957798377025e-02,8.719770642660766569e-02,2.004480943237093304e-01,8.937221968456429133e-01,5.173750041491793183e+01
1.683541239389785005e-01,8.071564329688409034e-02,8.576037100293930349e-02,1.788762566851646585e-01,8.954723095063555904e-01,5.184919588814187108e+01
1.505747828092720564e-01,8.223971854345675514e-02,8.737970095242285351e-02,1.599857067348513795e-01,8.975291591826655146e-01,5.194375901261435757e+01
1.385648874219072846e-01,8.649561684610532208e-02,9.190159289898687522e-02,1.472251928857765402e-01,8.979280978232522248e-01,5.194372239390184376e+01
1.277656490200111128e-01,9.132272682886805049e-02,9.703039725567208507e-02,1.357510020837616460e-01,8.978139993619440595e-01,5.202283445666655837e+01
1.220284726219183213e-01,9.560541552125237375e-02,1.015807539913305968e-01,1.296552521607883812e-01,8.979445451910783582e-01,5.209478968930440601e+01
1.213735719363105009e-01,1.001771683537452523e-01,1.064382413758543089e-01,1.289594201823298925e-01,8.984089272777719959e-01,5.213581368927225412e+01
1.258628441649156660e-01,1.044554455910186447e-01,1.109839109404573837e-01,1.337292719252228257e-01,8.978728015183715661e-01,5.221104373585451697e+01
1.376922558579333489e-01,1.086197766943194226e-01,1.154085127377143111e-01,1.462980218490540218e-01,8.967034862102526427e-01,5.228300633293664390e+01
1.545451621685414167e-01,1.112259378716746183e-01,1.181775589886542022e-01,1.642042348040752275e-01,8.968389998635620808e-01,5.241218183199027436e+01
1.745832703490228788e-01,1.126142183251258311e-01,1.196526069704462042e-01,1.854947247458368365e-01,8.965139426737260830e-01,5.258327969032119142e+01
1.969911623489198904e-01,1.140253157192845923e-01,1.211518979517398620e-01,2.093031099957272934e-01,8.954421956764027080e-01,5.276738201729134659e+01
2.183504873207373909e-01,1.157409043249004038e-01,1.229747108452067250e-01,2.319973927782833512e-01,8.939511708040447369e-01,5.296541106095305196e+01
2.398975459346534556e-01,1.173571167957491168e-01,1.246919365954834436e-01,2.548911425555689947e-01,8.921676725758915794e-01,5.315269218127130557e+01
2.619791399473518911e-01,1.192267610876442674e-01,1.266784336556220913e-01,2.783528361940613705e-01,8.903550669729166644e-01,5.327886496228979496e+01
2.816747361264616556e-01,1.217156062537518985e-01,1.293228316446114190e-01,2.992794071343652385e-01,8.883468020707071533e-01,5.337406910364673962e+01
2.975095081491400673e-01,1.240534637705080212e-01,1.318068052561648662e-01,3.161038524084612833e-01,8.862172866610318334e-01,5.345707084542527809e+01
3.118295929426326829e-01,1.264275185654017419e-01,1.343292384757394375e-01,3.313189425015471978e-01,8.839261278865119253e-01,5.363870131229985105e+01
3.251927313099277628e-01,1.287858184480792922e-01,1.368349321010843278e-01,3.455172770167981855e-01,8.814038839430172745e-01,5.383007138970722849e+01
3.343972502783209011e-01,1.319489415100491003e-01,1.401957503544270511e-01,3.552970784207161170e-01,8.791192895284262177e-01,5.402818484452803460e+01
3.421689961821776649e-01,1.347992541147688128e-01,1.432242074969418133e-01,3.635545584435638244e-01,8.775163676384183375e-01,5.418211814401692550e+01
3.469345530710533643e-01,1.380840802110728793e-01,1.467143352242648580e-01,3.686179626379940122e-01,8.763608921084122816e-01,5.430638093531801047e+01
3.514117071451755003e-01,1.406805224658455034e-01,1.494730551199608959e-01,3.733749388417491599e-01,8.752255690639657582e-01,5.440482108125267047e+01
3.548324602692523588e-01,1.426804568809381668e-01,1.515979854359968126e-01,3.770094890360807249e-01,8.741956400183692466e-01,5.446483188625607141e+01
3.570180717374761281e-01,1.441509795406317185e-01,1.531604157619212703e-01,3.793317012210685735e-01,8.736084124395213646e-01,5.449997945683772116e+01
3.574629351118708831e-01,1.449635714688980170e-01,1.540237946857042628e-01,3.798043685563628480e-01,8.738714527731548110e-01,5.451646596349981877e+01
3.570003838055176293e-01,1.457634550936972861e-01,1.548736710370532954e-01,3.793129077933627413e-01,8.741482030436791284e-01,5.451611701611053462e+01
3.547084226921264349e-01,1.476794223979567278e-01,1.569093862978290232e-01,3.768776991103844343e-01,8.746757332634307325e-01,5.452810676527337108e+01
3.509466479921241611e-01,1.496748655132583150e-01,1.590295446078368868e-01,3.728808134916321571e-01,8.753010768557718535e-01,5.454196838063494113e+01
3.462675739452647505e-01,1.518520524457877829e-01,1.613428057236497570e-01,3.679092973168436309e-01,8.759441282889469660e-01,5.454771407539882944e+01
3.411242250545017951e-01,1.532912817320522814e-01,1.628719868403057103e-01,3.624444891204079977e-01,8.770123002383056754e-01,5.452803752565681350e+01
3.349489976793427748e-01,1.544809076419400296e-01,1.641359643695614878e-01,3.558833100343014588e-01,8.785187494668988961e-01,5.449544741148338289e+01
3.293071598245435050e-01,1.554268845006619992e-01,1.651410647819534783e-01,3.498888573135776059e-01,8.799054688217119446e-01,5.447289524536135730e+01
3.245483415318030640e-01,1.563199199510270920e-01,1.660899149479664050e-01,3.448326128775410782e-01,8.810146893073974583e-01,5.445844327888168124e+01
3.209423082549979211e-01,1.569712868274688033e-01,1.667819922541856348e-01,3.410012025209352982e-01,8.817926628532740674e-01,5.444706057969244029e+01
3.184254560957075486e-01,1.574558896563100219e-01,1.672968827598295127e-01,3.383270471016895931e-01,8.822773088373603301e-01,5.444304145040214138e+01
3.170492884336106321e-01,1.577596539607489523e-01,1.676196323332958538e-01,3.368648689607113833e-01,8.825000169371580716e-01,5.444158087020228010e+01
3.163742084702906299e-01,1.579328040725603843e-01,1.678036043270955679e-01,3.361475964996840649e-01,8.825849720021725631e-01,5.444121506022101187e+01
3.161186737459107388e-01,1.580190399376561194e-01,1.678952299337597154e-01,3.358760908550304514e-01,8.826000633462018907e-01,5.444135671597973669e+01
3.161070941085022401e-01,1.580530232329130091e-01,1.679313371849700531e-01,3.358637874902838938e-01,8.825760146932649652e-01,5.444174571947532115e+01
3.162232142386924849e-01,1.580579033349348850e-01,1.679365222933683621e-01,3.359871651286107652e-01,8.825326683375251946e-01,5.444221661518793098e+01
3.163834064675331570e-01,1.580489178294236796e-01,1.679269751937627619e-01,3.361573693717540001e-01,8.824850368808088152e-01,5.444265239581417859e+01
3.167733149740825649e-01,1.580096561111759834e-01,1.678852596181244217e-01,3.365716471599629611e-01,8.823917259741234087e-01,5.444357978753223648e+01
3.171378671486477785e-01,1.579699218963500074e-01,1.678430420148719349e-01,3.369589838454382646e-01,8.823074136529465150e-01,5.444434677752482798e+01
3.174169960624487197e-01,1.579376145233973572e-01,1.678087154311097839e-01,3.372555583163520110e-01,8.822438457225028063e-01,5.444486495136929705e+01
3.175928917899063508e-01,1.579154567773284334e-01,1.677851728259114605e-01,3.374424475267756574e-01,8.822048630908720934e-01,5.444513337567443756e+01
3.177006998163430795e-01,1.579001923665913076e-01,1.677689543895033997e-01,3.375569935548643485e-01,8.821816924796662684e-01,5.444526204660849089e+01
3.177664464533776489e-01,1.578893250283910643e-01,1.677574078426655457e-01,3.376268493567141649e-01,8.821680711573226530e-01,5.444531675932971382e+01
3.178063854889968676e-01,1.578812766291000369e-01,1.677488564184189401e-01,3.376692845820591371e-01,8.821601812049413294e-01,5.444533297235540914e+01
3.178304427429860524e-01,1.578750718233035144e-01,1.677422638122599841e-01,3.376948454144225731e-01,8.821557381883685656e-01,5.444532971666031784e+01
3.183058783925056257e-01,1.588489375241442791e-01,1.687769961194034163e-01,3.381999957920370226e-01,8.813806180479520913e-01,5.444158179592756852e+01
3.191260870479316614e-01,1.607059477736153819e-01,1.707500695094663068e-01,3.390714674884273694e-01,8.798931522183354170e-01,5.443530275687236042e+01
3.205934199744697732e-01,1.604480232720131294e-01,1.704760247265140471e-01,3.406305087228742035e-01,8.798660470724667393e-01,5.437439677741418365e+01
3.222697275333004652e-01,1.605287049444709402e-01,1.705617490035004624e-01,3.424115855041317547e-01,8.795960779705904731e-01,5.428807913892743642e+01
3.223157470290052840e-01,1.599188109225405385e-01,1.699137366051992060e-01,3.424604812183182911e-01,8.786072085116853891e-01,5.420031915673017409e+01
3.159836220143381613e-01,1.594463360803461960e-01,1.694117320853678332e-01,3.357325983902343380e-01,8.769877889735763210e-01,5.407527164532461228e+01
3.105899205673529062e-01,1.585290685028014068e-01,1.684371352842267966e-01,3.300017906028123171e-01,8.754274297951649686e-01,5.387907587345635108e+01
3.029196506746600348e-01,1.569904447785444301e-01,1.668023475772036079e-01,3.218521288418264015e-01,8.740338131532165988e-01,5.371830835299424223e+01
2.922812191379073332e-01,1.536037270513775088e-01,1.632039599920885875e-01,3.105487953340268503e-01,8.735681719163995718e-01,5.356981282274006873e+01
2.813695892650884822e-01,1.507384600176662204e-01,1.601596137687703314e-01,2.989551885941566511e-01,8.738845473743785952e-01,5.339978039266258492e+01
2.711811693601904882e-01,1.499154145528270310e-01,1.592851279623787863e-01,2.881299924452025985e-01,8.747920761197416351e-01,5.322169107435402680e+01
2.566438542237944320e-01,1.488370299218892967e-01,1.581393442920073777e-01,2.726840951127815216e-01,8.765210620897064819e-01,5.308132920267830457e+01
2.402445503383391912e-01,1.460184321721952339e-01,1.551445841829575123e-01,2.552598347344854912e-01,8.795673801694764427e-01,5.289655652681184250e+01
2.225718707769293037e-01,1.434899091000664817e-01,1.524580284188208068e-01,2.364826127004874823e-01,8.826070663429146368e-01,5.264331157002150263e+01
2.061803201590742818e-01,1.409535385263186169e-01,1.497631346842135391e-01,2.190665901690163619e-01,8.849335038783185947e-01,5.237774998166194962e+01
1.894062248547167537e-01,1.378045294755556038e-01,1.464173125677778464e-01,2.012441139081361519e-01,8.867564656641636622e-01,5.211603861843210694e+01
1.764089387198151671e-01,1.339910015537857380e-01,1.423654391508975547e-01,1.874344973898035838e-01,8.877342359491063872e-01,5.188865988403095031e+01
1.627646374038918264e-01,1.316659466944702372e-01,1.398950683628746583e-01,1.729374272416349667e-01,8.883091170895311972e-01,5.168785580918076761e+01
1.484430651666568124e-01,1.293909554797887385e-01,1.374778901972754652e-01,1.577207567395730869e-01,8.888344672670367430e-01,5.153349052610699488e+01
1.370375918060152409e-01,1.266645712027555104e-01,1.345811069029277107e-01,1.456024412938914103e-01,8.892835439859221314e-01,5.142968257578720426e+01
1.270296949619299232e-01,1.230809096341281828e-01,1.307734664862610641e-01,1.349690508970503577e-01,8.896655752677794515e-01,5.139653334086769831e+01
1.165621979850697265e-01,1.187842345653170456e-01,1.262082492256494937e-01,1.238473353591366399e-01,8.897346494185912613e-01,5.146949893366230100e+01
1.086948696765322186e-01,1.134747825835109025e-01,1.205669564949803235e-01,1.154882990313153418e-01,8.895360827349002575e-01,5.154554311404082512e+01
1.067838231670321103e-01,1.094869890276735092e-01,1.163299258419030757e-01,1.134578121149715096e-01,8.886921625929812274e-01,5.159086095977568220e+01
1.125970492911479853e-01,1.079517585041972205e-01,1.146987434107094861e-01,1.196343648718446451e-01,8.879766463062991333e-01,5.170930809081353630e+01
1.189716022002359208e-01,1.041234933993025885e-01,1.106312117367590775e-01,1.264073273377505635e-01,8.873158458867551612e-01,5.184459980442556315e+01
1.321161670422787704e-01,1.031925341001389412e-01,1.096420674813976814e-01,1.403734274824213479e-01,8.877165277177702096e-01,5.195947543239096689e+01
1.476547208496632735e-01,1.032078515025057208e-01,1.096583422214122971e-01,1.568831409027671708e-01,8.880619046613068557e-01,5.205381404191819428e+01
1.629368075195871679e-01,1.016082073789498913e-01,1.079587203401343870e-01,1.731203579895613798e-01,8.885009094030204002e-01,5.217059837111351328e+01
1.808627628507575580e-01,1.023376871656554304e-01,1.087337926135089478e-01,1.921666855289299314e-01,8.880346896683914970e-01,5.239678758858570973e+01
1.936575186733061893e-01,1.037194748362820773e-01,1.102019420135497557e-01,2.057611135903878452e-01,8.871002535090486418e-01,5.263244073687587132e+01
2.056914569879035870e-01,1.034177886539723590e-01,1.098814004448454423e-01,2.185471730496473253e-01,8.863993247150014909e-01,5.280685726514079192e+01
2.174848184034140486e-01,1.020901772513290312e-01,1.084708133295370636e-01,2.310776195536274891e-01,8.856895076603098493e-01,5.295703761031150236e+01
2.298589366324718386e-01,1.015131639166404892e-01,1.078577366614306837e-01,2.442251201720016252e-01,8.853551157219864409e-01,5.305972137032440372e+01
2.404368091267704011e-01,1.003123918671257608e-01,1.065819163588211937e-01,2.554641096971937420e-01,8.842614634806729157e-01,5.307977055351895501e+01
2.503708913370402689e-01,9.847572171456785151e-02,1.046304543217284194e-01,2.660190720456052649e-01,8.829991828024303935e-01,5.304097844909183124e+01
2.598584237108494399e-01,9.727403404243201157e-02,1.033536611700840019e-01,2.760995751927776132e-01,8.822089102573494879e-01,5.300283174955018950e+01
2.694303651748884421e-01,9.537227343691816184e-02,1.013330405267254125e-01,2.862697629983186332e-01,8.819776677190377390e-01,5.297321350592149258e+01
2.795771347247183458e-01,9.450873784845069403e-02,1.004155339639789535e-01,2.970507056450136796e-01,8.823251696716752912e-01,5.298515857719072386e+01
2.889468621335407050e-01,9.436576045548444869e-02,1.002636204839522510e-01,3.070060410168873322e-01,8.839901171611662667e-01,5.303429745833360442e+01
2.973550386519913102e-01,9.484745945598144212e-02,1.007754256719803621e-01,3.159397285677408296e-01,8.850473710171186115e-01,5.303002631598409522e+01
3.007223385161246210e-01,9.683014541872625447e-02,1.028820295073966662e-01,3.195174846733826457e-01,8.867344125981229119e-01,5.304194582851019391e+01
3.039945685607333137e-01,9.934801823636035811e-02,1.055572693761329811e-01,3.229942290957794615e-01,8.877378048738066019e-01,5.307040935208084420e+01
3.043247460946997274e-01,9.996480380106029240e-02,1.062126040386263959e-01,3.233450427256178705e-01,8.888434286146861263e-01,5.310276695050083617e+01
3.035805582554697013e-01,9.978809363395473031e-02,1.060248494860770441e-01,3.225543431464369393e-01,8.896353304976224452e-01,5.319776093558154884e+01
3.040033614504310533e-01,9.937440246345842498e-02,1.055853026174246451e-01,3.230035715410832786e-01,8.899670189845533264e-01,5.324183184452004980e+01
3.047262786902617537e-01,9.926170241283552298e-02,1.054655588136376165e-01,3.237716711084030474e-01,8.904126289433165198e-01,5.326047953905626287e+01
3.051324191548032139e-01,9.915347644523644921e-02,1.053505687230635313e-01,3.242031953519781129e-01,8.908001369956617399e-01,5.327341005126515228e+01
3.053739253288174083e-01,9.909191378945476913e-02,1.052851584012956532e-01,3.244597956618685552e-01,8.910235053142631090e-01,5.328044132950541467e+01
3.055067651626850456e-01,9.905535243556222447e-02,1.052463119627847360e-01,3.246009379853525556e-01,8.911531010301008138e-01,5.328423166128791166e+01
3.055748624741984609e-01,9.903510517465677343e-02,1.052247992480725564e-01,3.246732913788356045e-01,8.912288246839181749e-01,5.328627187494994644e+01
3.056029864770679616e-01,9.902441918139323618e-02,1.052134453802302944e-01,3.247031731318848480e-01,8.912741506407391157e-01,5.328735687888102746e+01
3.057312217885778116e-01,9.909259416243176855e-02,1.052858812975836639e-01,3.248394231503636265e-01,8.913078549659203542e-01,5.328197441309594495e+01
3.069899036912077106e-01,9.986623775781700019e-02,1.061078776176805211e-01,3.261767726719083105e-01,8.913951667569284254e-01,5.324050105594901083e+01
3.085329526927770294e-01,1.008142680043453421e-01,1.071151597546169121e-01,3.278162622360755729e-01,8.914879528938246533e-01,5.319219373056374423e+01
3.102308754668463009e-01,1.018488054229536449e-01,1.082143557618882174e-01,3.296203051835242537e-01,8.915667106969394906e-01,5.314366452698684640e+01
3.121645648054543476e-01,1.030183304226789526e-01,1.094569760740962960e-01,3.316748501057953380e-01,8.916281213673398209e-01,5.309474874722114635e+01
3.140987812785988043e-01,1.043500259069364694e-01,1.108719025261199614e-01,3.337299551085110005e-01,8.916698530226280228e-01,5.304282602608224551e+01
3.164360488750389555e-01,1.053385933150832732e-01,1.119222553972757384e-01,3.362133019297285919e-01,8.917349292761981294e-01,5.299257948894875625e+01
3.183652247445019623e-01,1.063482576214583725e-01,1.129950237227994869e-01,3.382630512910332898e-01,8.917639042350451462e-01,5.294825149508779560e+01
3.197576430639771372e-01,1.072741789169072979e-01,1.139788150992139953e-01,3.397424957554756042e-01,8.917673011706148678e-01,5.291147633558435359e+01
3.169929305179922663e-01,1.069346550680970453e-01,1.136180710098530361e-01,3.368049886753667899e-01,8.908660816611642108e-01,5.288550467467651117e+01
3.111401609434147342e-01,1.061327113426284718e-01,1.127660058015426819e-01,3.305864210023779504e-01,8.901781227630464199e-01,5.287407026756670803e+01
3.038739329998002558e-01,1.047466897172027733e-01,1.112933578245278027e-01,3.228660538122874457e-01,8.894616783644287983e-01,5.285607195992191976e+01
2.927745824038135991e-01,1.013516005928694758e-01,1.076860756299237304e-01,3.110729938040519005e-01,8.895810045438462543e-01,5.279379575613067033e+01
2.814572990724812374e-01,9.726326052362258001e-02,1.033422143063491144e-01,2.990483802645115263e-01,8.898196856953755063e-01,5.270901047785159932e+01
2.707585393684137642e-01,9.352346290554537644e-02,9.936867933714196854e-02,2.876809480789395690e-01,8.899561603520790287e-01,5.261749049881283469e+01
2.577000628914781766e-01,9.017308662500132799e-02,9.580890453906401594e-02,2.738063168221957500e-01,8.911251389980607840e-01,5.252415288389976666e+01
2.449722830231057802e-01,8.731895748140575120e-02,9.277639232399355340e-02,2.602830507120498238e-01,8.920058181438158540e-01,5.241119186723608436e+01
2.290322311146866519e-01,8.527762181150404242e-02,9.060747317472307716e-02,2.433467455593546491e-01,8.933647257687444831e-01,5.237349586151698588e+01
2.127127057192000625e-01,8.540286676821429168e-02,9.074054594122762940e-02,2.260072498266500474e-01,8.952893517259903344e-01,5.251832690297354134e+01
1.959372077782033927e-01,8.501302639941460404e-02,9.032634054937792312e-02,2.081832832643410458e-01,8.971248973941613469e-01,5.267058518287429081e+01
1.803807952997640018e-01,8.493802900175492776e-02,9.024665581436450146e-02,1.916545950059987402e-01,8.977171380158263103e-01,5.272529609998503730e+01
1.646937074186973771e-01,8.494022402832400453e-02,9.024898803009426262e-02,1.749870641323661991e-01,8.974729425565426411e-01,5.270383561887563673e+01
1.543825181140086322e-01,8.731659575388869832e-02,9.277388298850666737e-02,1.640314254961340590e-01,8.974989892361640020e-01,5.262079224570929625e+01
1.452164657108100665e-01,9.204210861218546647e-02,9.779474040044693062e-02,1.542924948177356037e-01,8.981655803559291940e-01,5.269579750953421637e+01
1.403912830799800282e-01,9.848053807441184415e-02,1.046355717040627076e-01,1.491657382724790315e-01,8.993353198689357786e-01,5.283472050816736498e+01
1.390289850768858804e-01,1.043578134964096571e-01,1.108801768399352433e-01,1.477182966441913936e-01,8.994109551630939947e-01,5.299072174706250138e+01
1.427517033212528930e-01,1.100956804305005393e-01,1.169766604574068031e-01,1.516736847788310305e-01,8.991756199250879877e-01,5.318720853787450409e+01
1.500278599145464242e-01,1.152416779977198658e-01,1.224442828725775673e-01,1.594046011592056833e-01,8.981885074956434956e-01,5.342017715791575938e+01
1.592090972046125708e-01,1.222492575218881716e-01,1.298898361170061078e-01,1.691596657799008252e-01,8.969882691231059191e-01,5.367129306229331576e+01
1.693454254234447731e-01,1.297980401470842926e-01,1.379104176562772621e-01,1.799295145124100159e-01,8.963700494571723576e-01,5.385375670406013171e+01
1.759190475231716677e-01,1.385578791503770668e-01,1.472177465972754618e-01,1.869139879933699178e-01,8.952504154568905470e-01,5.398670964150658591e+01
1.807620295701737323e-01,1.471846603939958864e-01,1.563837016686206172e-01,1.920596564183097155e-01,8.933376752978615665e-01,5.406811725508550381e+01
1.889067903184594444e-01,1.540279215904503396e-01,1.636546666898535118e-01,2.007134647133630156e-01,8.912785439670402043e-01,5.416822629243002751e+01
2.006657962197161416e-01,1.583699448932477383e-01,1.682680664490756040e-01,2.132074084834482686e-01,8.887776982866621989e-01,5.433148261880196372e+01
2.137456018378103562e-01,1.618990665011415531e-01,1.720177581574630077e-01,2.271047019526735711e-01,8.866661139968800009e-01,5.446830247946157755e+01
2.235051204748828568e-01,1.652245771479197989e-01,1.755511132196648505e-01,2.374741905045629764e-01,8.843360749565891687e-01,5.465772694447582580e+01
2.301784891471059524e-01,1.695106463894762994e-01,1.801050617888186323e-01,2.445646447188000727e-01,8.814449840985282281e-01,5.490177204247440557e+01
2.386068094800937178e-01,1.731524526045233048e-01,1.839744808923060027e-01,2.535197350725996168e-01,8.779521190183804391e-01,5.508908606688368081e+01
2.474064117835261811e-01,1.767256135116003213e-01,1.877709643560753205e-01,2.628693125199970115e-01,8.737778650721959028e-01,5.526571779751839131e+01
2.565756992222675836e-01,1.793074737519799733e-01,1.905141908614788049e-01,2.726116804236591307e-01,8.699827925647168891e-01,5.544906775966240531e+01
2.640848751555381346e-01,1.812289771345299838e-01,1.925557882054381720e-01,2.805901798527594693e-01,8.672789078194763634e-01,5.563642969203921496e+01
2.729908075756793395e-01,1.831057985531075460e-01,1.945499109626766254e-01,2.900527330491594613e-01,8.656312388331591778e-01,5.578710116155166787e+01
2.826347742229281534e-01,1.849158614710330883e-01,1.964731028129727552e-01,3.002994476118613365e-01,8.634657577503408454e-01,5.594849351092320688e+01
2.960789777399274181e-01,1.870654288459342451e-01,1.987570181488051702e-01,3.145839138486730135e-01,8.601557653227942524e-01,5.612948201896193723e+01
3.122875903518781415e-01,1.877962488254437678e-01,1.995335143770340935e-01,3.318055647488703519e-01,8.567313856373471870e-01,5.627107893856191367e+01
3.281648342864231793e-01,1.859116154659386788e-01,1.975310914325600076e-01,3.486751364293245725e-01,8.557539347715741318e-01,5.631743458114936374e+01
3.400023250461699509e-01,1.836911260194095119e-01,1.951718213956226966e-01,3.612524703615556110e-01,8.575755095888976109e-01,5.633012319263866630e+01
3.513032660759824455e-01,1.806511288888646427e-01,1.919418244444186794e-01,3.732597202057315044e-01,8.600673834228586001e-01,5.623777692922133298e+01
3.574828275356091711e-01,1.785366318132315666e-01,1.896951713015585794e-01,3.798255042565849560e-01,8.614599230330476365e-01,5.602949873875880371e+01
3.599089198382311450e-01,1.769374100920193260e-01,1.879959982227706050e-01,3.824032273281206540e-01,8.627533326075824682e-01,5.585674981524312699e+01
3.607061765455494284e-01,1.752967061618256606e-01,1.862527502969399118e-01,3.832503125796462573e-01,8.641872371840582101e-01,5.576331278756988041e+01
3.582331195358081644e-01,1.731241751011153296e-01,1.839444360449349891e-01,3.806226895067962301e-01,8.659733710615341584e-01,5.568942815294666104e+01
3.557865558507127268e-01,1.715044161869053729e-01,1.822234421985870767e-01,3.780232155913820780e-01,8.674991457055737376e-01,5.565861070307648362e+01
3.542237094163130373e-01,1.705705206581582256e-01,1.812311781992931858e-01,3.763626912548326819e-01,8.683954674215372815e-01,5.564204394231029482e+01
3.532457590907749356e-01,1.700058439348355599e-01,1.806312091807628639e-01,3.753236190339483969e-01,8.689487203823692552e-01,5.563461240432965837e+01
3.526466910329306148e-01,1.696661831984724034e-01,1.802703196483769199e-01,3.746871092224887123e-01,8.692759542106420767e-01,5.563055128643050296e+01
3.522691765085617654e-01,1.694579246343798917e-01,1.800490449240285951e-01,3.742860000403471221e-01,8.694753150272647169e-01,5.562831657562794163e+01
3.520278040727600199e-01,1.693296858677347805e-01,1.799127912344682667e-01,3.740295418273077988e-01,8.695972864858911855e-01,5.562706567372158162e+01
3.518692983434154598e-01,1.692508375674767473e-01,1.798290149154441464e-01,3.738611294898788739e-01,8.696725446927885406e-01,5.562635213479903484e+01
3.517625911608184275e-01,1.692022885051423509e-01,1.797774315367137443e-01,3.737477531083697180e-01,8.697191706171245595e-01,5.562593307884500859e+01
3.516885310725343938e-01,1.691722922933413809e-01,1.797455605616751217e-01,3.736690642645679739e-01,8.697482139926175915e-01,5.562567649475575848e+01
3.516351899545819837e-01,1.691536735122923241e-01,1.797257781068105909e-01,3.736123893267434548e-01,8.697664673806393409e-01,5.562551069267596660e+01
3.515951936270725886e-01,1.691420475689326131e-01,1.797134255419909898e-01,3.735698932287644380e-01,8.697780811101869514e-01,5.562539664847253107e+01
3.515639678702878190e-01,1.691347336274952040e-01,1.797056544792137167e-01,3.735367158621808459e-01,8.697855926409323590e-01,5.562531301818090412e+01
3.515386552464032643e-01,1.691300910736794894e-01,1.797007217657844713e-01,3.735098211993037043e-01,8.697905565902587233e-01,5.562524802732664853e+01
3.515174547483378986e-01,1.691271141213109563e-01,1.796975587538929275e-01,3.734872956701091873e-01,8.697939275255682778e-01,5.562519509363535519e+01
3.514992178327467354e-01,1.691251845030348477e-01,1.796955085344745795e-01,3.734679189472933647e-01,8.697962932262419677e-01,5.562515046181160017e+01
3.514832008455655021e-01,1.691239207450212223e-01,1.796941657915852031e-01,3.734509008984134293e-01,8.697980169633829917e-01,5.562511192371950131e+01
3.532705427738461190e-01,1.674279419245798539e-01,1.778921882948661104e-01,3.753499516972116923e-01,8.711807276698962932e-01,5.560464077507118930e+01
3.569159170241396062e-01,1.647271942609951911e-01,1.750226439023074843e-01,3.792231618381484703e-01,8.726241739884722515e-01,5.557926368427592934e+01
3.531519569057962049e-01,1.623714626343648326e-01,1.725196790490126919e-01,3.752239542124085614e-01,8.740522158206218695e-01,5.553302837834139893e+01
3.439228311772375424e-01,1.584304805966686436e-01,1.683323856339605240e-01,3.654180081258148194e-01,8.755986475087151888e-01,5.546484399779770769e+01
3.367677778217885720e-01,1.539909051136188478e-01,1.636153366832200917e-01,3.578157639356506214e-01,8.770570087129122561e-01,5.532635132557513913e+01
3.309991722518975665e-01,1.502397176462487716e-01,1.596296999991395071e-01,3.516866205176412130e-01,8.779697133120303310e-01,5.515978422081357735e+01
3.228046732555338028e-01,1.480226617311402038e-01,1.572740780893364387e-01,3.429799653340045440e-01,8.785430804570085739e-01,5.496462993466703750e+01
3.153354997797864212e-01,1.447005141998652378e-01,1.537442963373567839e-01,3.350439685160231940e-01,8.789372734009587296e-01,5.475690740583138449e+01
3.052883794374664506e-01,1.390719241496028158e-01,1.477639194089530594e-01,3.243689031523079858e-01,8.804591717255600969e-01,5.455397218106887181e+01
2.930538433042061408e-01,1.341521446738785650e-01,1.425366537159959979e-01,3.113697085107191564e-01,8.821481810770346321e-01,5.438150220311626271e+01
2.820616645052701488e-01,1.325999070016422310e-01,1.408874011892448652e-01,2.996905185368494706e-01,8.854446212422099061e-01,5.414335884294640522e+01
2.684548162841361441e-01,1.320418436737422208e-01,1.402944589033511824e-01,2.852332423018946739e-01,8.892344833866505649e-01,5.387732021854441200e+01
2.512300263037279824e-01,1.297842554874595045e-01,1.378957714554256975e-01,2.669319029477110750e-01,8.935347085522806765e-01,5.363472025991794112e+01
2.306186283033996864e-01,1.267002340624882872e-01,1.346189986913937930e-01,2.450322925723624756e-01,8.977897283299206554e-01,5.340315361683054363e+01
2.071168208909169028e-01,1.229709462677809478e-01,1.306566304095171938e-01,2.200616221965995267e-01,9.004821528576587575e-01,5.321344019254366486e+01
1.865407599885038070e-01,1.195949978234837480e-01,1.270696851874515976e-01,1.981995574877853661e-01,9.009925943894939726e-01,5.303949669701822955e+01
1.665974462659012001e-01,1.163821602436857922e-01,1.236560452589160475e-01,1.770097866575200962e-01,9.013137501703111232e-01,5.285628514280293189e+01
1.493912817541077631e-01,1.136575722242829239e-01,1.207611704883005677e-01,1.587282368637394636e-01,9.015098777043095701e-01,5.269162818674191584e+01
1.349163105317466305e-01,1.109726688709474218e-01,1.179084606753816322e-01,1.433485799399806249e-01,9.019191091141917083e-01,5.257150382332748961e+01
1.187689764119336244e-01,1.090458145179743626e-01,1.158611779253479329e-01,1.261920374376793164e-01,9.013752537609256432e-01,5.252633110011798578e+01
1.019454399243778508e-01,1.071753137226828800e-01,1.138737708303506208e-01,1.083170299196514752e-01,9.009588372667782785e-01,5.252839327083584919e+01
8.792699830331353328e-02,1.043719496433994642e-01,1.108951964961119724e-01,9.342243569727085029e-02,8.997628395297424531e-01,5.256953689039052335e+01
7.596058282313172816e-02,1.007893816943493670e-01,1.070887180502461677e-01,8.070811924957757566e-02,8.992701478706844886e-01,5.258443598267802344e+01
6.896758778819936375e-02,9.735377226150722374e-02,1.034383830278514521e-01,7.327806202496148225e-02,8.998171346125726222e-01,5.258219140368260724e+01
7.022597552940854082e-02,9.753043911671771538e-02,1.036260915615126593e-01,7.461509899999654860e-02,8.998231710954932572e-01,5.264422169604462454e+01
8.519201710963776597e-02,9.891458540732731008e-02,1.050967469952852340e-01,9.051651817898995200e-02,9.007632616648705293e-01,5.280943330610823949e+01
1.003079862937751865e-01,9.790466905212887039e-02,1.040237108678867400e-01,1.065772354371360281e-01,9.012664697718327789e-01,5.297200706466176712e+01
1.193570800497647522e-01,9.877066922564509133e-02,1.049438360522479408e-01,1.268168975528748965e-01,9.005317440666694706e-01,5.316807041200967632e+01
1.411860768283463019e-01,9.501756896756424764e-02,1.009561670280368917e-01,1.500102066301178261e-01,9.000955127168240866e-01,5.334436260284879694e+01
1.633878514345699917e-01,9.433521569565352094e-02,1.002311666766318998e-01,1.735995921492307636e-01,8.994043681729039230e-01,5.347629556516327654e+01
1.787042162354865460e-01,9.364589793965610864e-02,9.949876656088471605e-02,1.898732297502044586e-01,8.986929914738988057e-01,5.363268369983675399e+01
1.928351913642221971e-01,9.448116977156793828e-02,1.003862428822910741e-01,2.048873908244863429e-01,8.971017534102058155e-01,5.379537283585189300e+01
2.089954193713305375e-01,9.405530747429921568e-02,9.993376419144277267e-02,2.220576330820384914e-01,8.944515525295786418e-01,5.395786200130133636e+01
2.234550121695633440e-01,9.259425675295238078e-02,9.838139780001170509e-02,2.374209504301607043e-01,8.921670639850743934e-01,5.404982521491685077e+01
2.376166014624418454e-01,9.205466895114537695e-02,9.780808576059187021e-02,2.524676390538441173e-01,8.910165064366083465e-01,5.410261554935048167e+01
2.519005305375854875e-01,9.311642773898011483e-02,9.893620447266643358e-02,2.676443136961847991e-01,8.888559858070718134e-01,5.420345414163561770e+01
2.673009744872387183e-01,9.472994200234836903e-02,1.006505633774949782e-01,2.840072853926909335e-01,8.861821754038404775e-01,5.430543912857395839e+01
2.808293125787847400e-01,9.592479763337771748e-02,1.019200974854638647e-01,2.983811446149588487e-01,8.841399208247232577e-01,5.438947113641486197e+01
2.947276354498529760e-01,9.627991845869424137e-02,1.022974133623626991e-01,3.131481126654688252e-01,8.814975336655774818e-01,5.444074509516219251e+01
2.999587795148657143e-01,1.002027003774491332e-01,1.064653691510398376e-01,3.187062032345449047e-01,8.789770289989692342e-01,5.450110151237054623e+01
3.042735300145548716e-01,1.040809435702818447e-01,1.105860025434245025e-01,3.232906256404646239e-01,8.778386154898164540e-01,5.454892191005347968e+01
3.075571562367198641e-01,1.072723229535166023e-01,1.139768431381114472e-01,3.267794785015152859e-01,8.782108003385967754e-01,5.455508051472335751e+01
3.101293267220597283e-01,1.096390228606164002e-01,1.164914617894048932e-01,3.295124096421884752e-01,8.786578067719544860e-01,5.457878006100814616e+01
3.125676151805973357e-01,1.113834355337449677e-01,1.183449002546041184e-01,3.321030911293848531e-01,8.788500710072844058e-01,5.460835487408475331e+01
3.154809220110292300e-01,1.127828227465680344e-01,1.198317491682285574e-01,3.351984796367185604e-01,8.796975210318974669e-01,5.461226740774511512e+01
3.161716604850292045e-01,1.130932202029277661e-01,1.201615464656106969e-01,3.359323892653435784e-01,8.803415322622720751e-01,5.463200790231641690e+01
3.167339555534633977e-01,1.130950870430175864e-01,1.201635299832063547e-01,3.365298277755553458e-01,8.809341010350164591e-01,5.464536743281236397e+01
3.171376336796293827e-01,1.130994224954526839e-01,1.201681364014183240e-01,3.369587357846060560e-01,8.811968339231580627e-01,5.464659078901988210e+01
3.173707769368502296e-01,1.131014076773090848e-01,1.201702456571408506e-01,3.372064504954034314e-01,8.813346048470047656e-01,5.464685298035376348e+01
3.174925090672179318e-01,1.130948356535189103e-01,1.201632628818637416e-01,3.373357908839189623e-01,8.814315944382485890e-01,5.464702032297294920e+01
3.175498875404994537e-01,1.130866675298656809e-01,1.201545842504822825e-01,3.373967555117808881e-01,8.814959191548988882e-01,5.464704924312906797e+01
3.175718992321579504e-01,1.130807542650966585e-01,1.201483014066652144e-01,3.374201429341679437e-01,8.815364487939878479e-01,5.464701435804435903e+01
3.175730780943417653e-01,1.130758563098338831e-01,1.201430973291982840e-01,3.374213954752377509e-01,8.815624951664120523e-01,5.464694398719777269e+01
3.175624658794046207e-01,1.130713750630860798e-01,1.201383360045287785e-01,3.374101199968670972e-01,8.815798378514795308e-01,5.464685722694869696e+01
3.175526715714550585e-01,1.130943607412157742e-01,1.201627582875417766e-01,3.373997135446712425e-01,8.815948113610536652e-01,5.463895242734876234e+01
3.177691685046113435e-01,1.133961899175127963e-01,1.204834517873573513e-01,3.376297415361496079e-01,8.816275388641143795e-01,5.458987317437764375e+01
3.186837925013976669e-01,1.140770138495495328e-01,1.212068272151463344e-01,3.386015295327351460e-01,8.816603140335419475e-01,5.454809052297248684e+01
3.180770185058004462e-01,1.146364842923039973e-01,1.218012645605728028e-01,3.379568321624126792e-01,8.814209973601191406e-01,5.450742663392581022e+01
3.154630389615513120e-01,1.150284191630864122e-01,1.222176953607792688e-01,3.351794788966483973e-01,8.810102981314281712e-01,5.446529230097412722e+01
3.130631087721942873e-01,1.153822188210836680e-01,1.225936074974015438e-01,3.326295530704568293e-01,8.804124450839488913e-01,5.441513739433310803e+01
3.100046008794364871e-01,1.156461759188076449e-01,1.228740619137329987e-01,3.293798884344009692e-01,8.797209309388885901e-01,5.436554087655538581e+01
3.070298625260367564e-01,1.159299251273842452e-01,1.231755454478457440e-01,3.262192289339139739e-01,8.786110323086184781e-01,5.433674666558449928e+01
3.034238819103762808e-01,1.158839414257515771e-01,1.231266877648611591e-01,3.223878745297749648e-01,8.770779100970796938e-01,5.432613637555709829e+01
2.948814557467974717e-01,1.144036148025768945e-01,1.215538407277380467e-01,3.133115467309726676e-01,8.758802414014673632e-01,5.430923516626586434e+01
2.853818499203012449e-01,1.116338190370436273e-01,1.186109327268587144e-01,3.032182155403199131e-01,8.749698028307680842e-01,5.426305638746465121e+01
2.725359910803477614e-01,1.069377081465525681e-01,1.136213149057122007e-01,2.895694905228697880e-01,8.743088579001537797e-01,5.421065452265661122e+01
2.539685263806938376e-01,1.027068257774071264e-01,1.091260023884949582e-01,2.698415592794870532e-01,8.744746168016719334e-01,5.412595249625008620e+01
2.302191387945125289e-01,9.787775624525764384e-02,1.039951160105861000e-01,2.446078349691693798e-01,8.758173283367015616e-01,5.419862622351698889e+01
2.154560741491676756e-01,9.194297238796830807e-02,9.768940816221620416e-02,2.289220787834905513e-01,8.775983902958727212e-01,5.424398392162401450e+01
1.984115139354263035e-01,8.905293231189391479e-02,9.461874058138738941e-02,2.108122335563909489e-01,8.795373156939828574e-01,5.430637108070846608e+01
1.748782545164988822e-01,8.874321060304594944e-02,9.428966126573647133e-02,1.858081454237800190e-01,8.828444090902369812e-01,5.445382338171503989e+01
1.547668461682836227e-01,8.993836389284046162e-02,9.555951163614283261e-02,1.644397740538012243e-01,8.861905029737329187e-01,5.461739017757761161e+01
1.386179322324431196e-01,9.144045170279913037e-02,9.715547993422417317e-02,1.472815529969711268e-01,8.891981544374595314e-01,5.473810117232124384e+01
1.302680166128006300e-01,9.323708938655719813e-02,9.906440747321691720e-02,1.384097676511005515e-01,8.917355077608778435e-01,5.474434294922728839e+01
1.286181183342312573e-01,9.567528983342866999e-02,1.016549954480178153e-01,1.366567507301204853e-01,8.923429990073236118e-01,5.477540634112278184e+01
1.319771321495211147e-01,9.898731441138509946e-02,1.051740215620964869e-01,1.402257029088660734e-01,8.915868111655144146e-01,5.494346094942658709e+01
1.434383475815260711e-01,1.032765609378098609e-01,1.097313459964230492e-01,1.524032443053715824e-01,8.909239934994656052e-01,5.510763010648206262e+01
1.598358081568200806e-01,1.091321152676780759e-01,1.159528724719077197e-01,1.698255461666213773e-01,8.913715809813774760e-01,5.522667253808790377e+01
1.760090504449976778e-01,1.130259445788640987e-01,1.200900661150432064e-01,1.870096160978102495e-01,8.922676988540814147e-01,5.535260067858637711e+01
1.907180243386688567e-01,1.173245932548682424e-01,1.246573803332973462e-01,2.026379008598357123e-01,8.931206185216129523e-01,5.539545801281353476e+01
2.041409122154367595e-01,1.232176348833170648e-01,1.309187370635242487e-01,2.168997192289015830e-01,8.926361055932080513e-01,5.546894128745769592e+01
2.201277341475839366e-01,1.281357441272731601e-01,1.361442281352276407e-01,2.338857175318079518e-01,8.915917799441170910e-01,5.556144504843071275e+01
2.347993131473844197e-01,1.331002869388949739e-01,1.414190548725759999e-01,2.494742702190959338e-01,8.900407346788226093e-01,5.564438098777316100e+01
2.440787021989659911e-01,1.377814293821351677e-01,1.463927687185185011e-01,2.593336210864013447e-01,8.876787613551956335e-01,5.571723160683912823e+01
2.521950294463597975e-01,1.436276961911079897e-01,1.526044272030521731e-01,2.679572187867571009e-01,8.845310376363341165e-01,5.579530153313493201e+01
2.537165021997792036e-01,1.508596144915168857e-01,1.602883403972366338e-01,2.695737835872653032e-01,8.817496321119548952e-01,5.596270343267772063e+01
2.554910567934593479e-01,1.581865060509940746e-01,1.680731626791811539e-01,2.714592478430508660e-01,8.784898971648924526e-01,5.622821295171473110e+01
2.600588991642657777e-01,1.645474240809776667e-01,1.748316380860387986e-01,2.763125803620325449e-01,8.755859956704902247e-01,5.645530188329708210e+01
2.699998781601787301e-01,1.672543382554697589e-01,1.777077343964365008e-01,2.868748705451901748e-01,8.727814451336695090e-01,5.658545643507355294e+01
2.828189007626265017e-01,1.699843204338275238e-01,1.806083404609418741e-01,3.004950820602906303e-01,8.699901127410243351e-01,5.669383313069576502e+01
2.969524851555070399e-01,1.731587027488777075e-01,1.839811216706825625e-01,3.155120154777262265e-01,8.664883919646613197e-01,5.677336974361119104e+01
3.091375239464811964e-01,1.757896662265574783e-01,1.867765203657172912e-01,3.284586191931365140e-01,8.629393105461262703e-01,5.682120386166327108e+01
3.196343746352978132e-01,1.796439431243490314e-01,1.908716895696208338e-01,3.396115230500040827e-01,8.599581991082480004e-01,5.684651869859697371e+01
3.273044672182734427e-01,1.835371047200647920e-01,1.950081737650689317e-01,3.477609964194154357e-01,8.583289804614921970e-01,5.685279948806459771e+01
3.382595273071827280e-01,1.855500263422825702e-01,1.971469029886753210e-01,3.594007477638817005e-01,8.569230876140735420e-01,5.681695411375260107e+01
3.519377040084284980e-01,1.847929840503503285e-01,1.963425455534972552e-01,3.739338105089553554e-01,8.558769822282862316e-01,5.669720095796893133e+01
3.660459063162165294e-01,1.823144322903123837e-01,1.937090843084568192e-01,3.889237754609800590e-01,8.554567019528517280e-01,5.659417819686876783e+01
3.741628713112921667e-01,1.789673123585136805e-01,1.901527693809209330e-01,3.975480507682478404e-01,8.566503067230167856e-01,5.652586579817417345e+01
3.788836473166602992e-01,1.761289678859708774e-01,1.871370283788441058e-01,4.025638752739518211e-01,8.583974888601533237e-01,5.648431816884887269e+01
3.782415486918129788e-01,1.753131571773046682e-01,1.862702295008863973e-01,4.018816454850511755e-01,8.593996066570054326e-01,5.647183479876834156e+01
3.760299470812553668e-01,1.749866487957939254e-01,1.859233143455310266e-01,3.995318187738339799e-01,8.600193411876155825e-01,5.648714567099858641e+01
3.737544380184705806e-01,1.747860945406211619e-01,1.857102254494099325e-01,3.971140903946254186e-01,8.604431709663987737e-01,5.648315463167563166e+01
3.726956070823040923e-01,1.738556896128490292e-01,1.847216702136521838e-01,3.959890825249480772e-01,8.609990002550442778e-01,5.646605685662476048e+01
3.704978548541452144e-01,1.732014640217793833e-01,1.840265555231406502e-01,3.936539707825292278e-01,8.618432701255077655e-01,5.646535255903111761e+01
3.690075132326675611e-01,1.727170171192117243e-01,1.835118306891624917e-01,3.920704828097093531e-01,8.625578168920281508e-01,5.646556675139606796e+01
3.683038153138676885e-01,1.723944334865862571e-01,1.831690855794980144e-01,3.913228037709847729e-01,8.630022764317581974e-01,5.646698463662892920e+01
3.679508789481921172e-01,1.722158027673459657e-01,1.829792904403053644e-01,3.909478088824539510e-01,8.632379968959141836e-01,5.646755543088863760e+01
3.677327149934163097e-01,1.721130827645794281e-01,1.828701504373658193e-01,3.907160096805051275e-01,8.633742066063779808e-01,5.646782003702143982e+01
3.675856836178797438e-01,1.720510339564627345e-01,1.828042235787415981e-01,3.905597888439972243e-01,8.634584902248324534e-01,5.646796749471363341e+01
3.674851931831634722e-01,1.720132309609779253e-01,1.827640578960390838e-01,3.904530177571116090e-01,8.635108793145310768e-01,5.646804067796667681e+01
3.674169176093189937e-01,1.719895537618892911e-01,1.827389008720074759e-01,3.903804749599012469e-01,8.635436536547416164e-01,5.646805190223462745e+01
3.673709211004810293e-01,1.719744187816771852e-01,1.827228199555321342e-01,3.903316036692613955e-01,8.635638839340018524e-01,5.646802821697912833e+01
3.673404553227321845e-01,1.719644846816351658e-01,1.827122649742374538e-01,3.902992337804032097e-01,8.635759613404797586e-01,5.646798741337654803e+01
3.673179139590104225e-01,1.719578868913749781e-01,1.827052548220860495e-01,3.902752835814484733e-01,8.635835173429992073e-01,5.646794112113544628e+01
3.673002218448238043e-01,1.719534035256322091e-01,1.827004912459843089e-01,3.902564857101250562e-01,8.635883741293789440e-01,5.646789525888890182e+01
3.672859551460041505e-01,1.719502461283387296e-01,1.826971365113599644e-01,3.902413273426294515e-01,8.635915091411892064e-01,5.646785171715560381e+01
3.672740352054720270e-01,1.719479401190998902e-01,1.826946863765436246e-01,3.902286624058141640e-01,8.635935791739087763e-01,5.646781131240671670e+01
3.672637691472709909e-01,1.719461923071289033e-01,1.826928293263244962e-01,3.902177547189756290e-01,8.635949911481064500e-01,5.646777429623340083e+01
3.672547174084001553e-01,1.719448195402075719e-01,1.826913707614705729e-01,3.902081372464252240e-01,8.635959938952478820e-01,5.646774063443690039e+01
3.672465932080198892e-01,1.719437065452996960e-01,1.826901882043809600e-01,3.901995052835213751e-01,8.635967407773285087e-01,5.646771015565092000e+01
3.672392052210629032e-01,1.719427799226893316e-01,1.826892036678574305e-01,3.901916555473796122e-01,8.635973266769167989e-01,5.646768262973915853e+01
3.626114634937877002e-01,1.718781058931131145e-01,1.826204875114326442e-01,3.852746799621495910e-01,8.637192085118405860e-01,5.646221417164596801e+01
3.549399752011060949e-01,1.708808512630573262e-01,1.815609044669984351e-01,3.771237236511750246e-01,8.635863809248134348e-01,5.644107464678084085e+01
3.474739823294218377e-01,1.682372745216044185e-01,1.787521041792047849e-01,3.691911062250106124e-01,8.646641486110929753e-01,5.641286768944843999e+01
3.392267235544505488e-01,1.657811805233759817e-01,1.761425043060871054e-01,3.604283937766037949e-01,8.654555881369284664e-01,5.632389370999053568e+01
3.334334327251944896e-01,1.617167150521736929e-01,1.718240097429346025e-01,3.542730222705188781e-01,8.669552390326052960e-01,5.613599423642556019e+01
3.264956834314041711e-01,1.578698317604781409e-01,1.677366962455079658e-01,3.469016636458670533e-01,8.683561116362135124e-01,5.590984394726801554e+01
3.141875325435360411e-01,1.535387467782023674e-01,1.631349184518401940e-01,3.338242533275069257e-01,8.704390290165436861e-01,5.569687289022134280e+01
2.994769617235236159e-01,1.494997357659684500e-01,1.588434692513416013e-01,3.181942718312437690e-01,8.726654959378353782e-01,5.551838484357139691e+01
2.859474301924019302e-01,1.463908880810784741e-01,1.555403185861460313e-01,3.038191445794269918e-01,8.750206562678474187e-01,5.539711472916810919e+01
2.770476540846784630e-01,1.465118493914674136e-01,1.556688399784342813e-01,2.943631324649708669e-01,8.768938021662635585e-01,5.528781199915457734e+01
2.680311857262488440e-01,1.470877297896946712e-01,1.562807129015506835e-01,2.847831348341395286e-01,8.783248664959244500e-01,5.516820351173875281e+01
2.521916365008050609e-01,1.459767744850444249e-01,1.551003228903598263e-01,2.679536137821054709e-01,8.810511732556598474e-01,5.501935755304973696e+01
2.326951500527895678e-01,1.432498173632711091e-01,1.522029309484756177e-01,2.472385969310887943e-01,8.843084008485923020e-01,5.485116991780054718e+01
2.130729635051774040e-01,1.394857878605872126e-01,1.482036496018738214e-01,2.263900237242512103e-01,8.868506252460861550e-01,5.466051069138120511e+01
1.962330348500492261e-01,1.342534994174942597e-01,1.426443431310875920e-01,2.084975995281774241e-01,8.886268169766108338e-01,5.449520251128958392e+01
1.802009339292336698e-01,1.279683168005053828e-01,1.359663366005370022e-01,1.914634922998108557e-01,8.886273283671926038e-01,5.435744646009658965e+01
1.672921600972287759e-01,1.218623134745243364e-01,1.294787080666821855e-01,1.777479201033053957e-01,8.881632349659132064e-01,5.419326997982957295e+01
1.537666691052840817e-01,1.183491283016431111e-01,1.257459488204956677e-01,1.633770859243643958e-01,8.866335186807573487e-01,5.398512999944250623e+01
1.365395380774258316e-01,1.164275081641216597e-01,1.237042274243791429e-01,1.450732592072647986e-01,8.843554324821074619e-01,5.377496317939619530e+01
1.197939031121781905e-01,1.133120064451667297e-01,1.203940068479896486e-01,1.272810220566894246e-01,8.835460864094518696e-01,5.360367389247042524e+01
1.037102578723254065e-01,1.093790231022644804e-01,1.162152120461559662e-01,1.101921489893456368e-01,8.835629960321729204e-01,5.343862614027197822e+01
8.926766032839242304e-02,1.061914110586812260e-01,1.128283742498488174e-01,9.484688909891691999e-02,8.827539807369065850e-01,5.337330635186818029e+01
7.881252966677859684e-02,1.036717452157103203e-01,1.101512292916920210e-01,8.373831277095199199e-02,8.815897439942925740e-01,5.339179949870038655e+01
7.877958579677495077e-02,1.020218842802757403e-01,1.083982520477929506e-01,8.370330990907322299e-02,8.808654396123662966e-01,5.346331224946804639e+01
8.628483977168774355e-02,1.007057139012364905e-01,1.069998210200636957e-01,9.167764225741834028e-02,8.813832331767407213e-01,5.356632214340155684e+01
9.354892462616291871e-02,9.810104329496838194e-02,1.042323585009038572e-01,9.939573241529826853e-02,8.805747774572127984e-01,5.355881108074277819e+01
1.048982322931341776e-01,9.651937333206721259e-02,1.025518341653214038e-01,1.114543718114553439e-01,8.794903319259609331e-01,5.362141582737380929e+01
1.185733303386262150e-01,9.617136986206505089e-02,1.021820804784441955e-01,1.259841634847907454e-01,8.786748399392737552e-01,5.366611494114648195e+01
1.375954476846294183e-01,9.961625613321083150e-02,1.058422721415364087e-01,1.461951631649187067e-01,8.779766794075677394e-01,5.366021427415650180e+01
1.540032857189033433e-01,1.019534856775643900e-01,1.083255785324121201e-01,1.636284910763349809e-01,8.769481125916831488e-01,5.368519943849139509e+01
1.673419980351550373e-01,1.048233147798866838e-01,1.113747719536295894e-01,1.778008729123524700e-01,8.757029420580042522e-01,5.375640996688297690e+01
1.802572314368606765e-01,1.036678013404961490e-01,1.101470389242771436e-01,1.915233084016643994e-01,8.740609293860204243e-01,5.395133054848230358e+01
1.921786382461693754e-01,1.032712801145350412e-01,1.097257351216934518e-01,2.041898031365549648e-01,8.717717643958096119e-01,5.407283716301247978e+01
2.103977130981475596e-01,1.025052765672522237e-01,1.089118563527055605e-01,2.235475701667818393e-01,8.705563457461212851e-01,5.429212195271731645e+01
2.281306790541126894e-01,1.029541148753850971e-01,1.093887470550966579e-01,2.423888464949946475e-01,8.713435385173512460e-01,5.446336559501573049e+01
2.521680502751207920e-01,9.994174861513788199e-02,1.061881079035840170e-01,2.679285534173158623e-01,8.722461406877658474e-01,5.458086602712639746e+01
2.725354208814033119e-01,9.859370729792064914e-02,1.047558140040405900e-01,2.895688846864907240e-01,8.724757551839673608e-01,5.470274738488599553e+01
2.881886539854120466e-01,9.905783786139733815e-02,1.052489527277345738e-01,3.062004448595003203e-01,8.722806316981801533e-01,5.478088536141351028e+01
3.035804507818309905e-01,1.011513732430200097e-01,1.074733340707089146e-01,3.225542289556955766e-01,8.717989266629002643e-01,5.477505780221107301e+01
3.159181891397360720e-01,1.032588528920352078e-01,1.097125311977872747e-01,3.356630759609693926e-01,8.716392679660409648e-01,5.475658522021741703e+01
3.236750434297970269e-01,1.064687498936608412e-01,1.131230467620147617e-01,3.439047336441596880e-01,8.715552513762624409e-01,5.478384319146437775e+01
3.274682008375320863e-01,1.097217783961146609e-01,1.165793895458717838e-01,3.479349633898777272e-01,8.717837490684755553e-01,5.474836262135097797e+01
3.309124913710493887e-01,1.120765828875923548e-01,1.190813693180668847e-01,3.515945220817400241e-01,8.715025526129419609e-01,5.467197507892806385e+01
3.325484591498775178e-01,1.142186421496150656e-01,1.213573072839662093e-01,3.533327378467454594e-01,8.720474116698185840e-01,5.464738043267984580e+01
3.345649118243776976e-01,1.149188536045267495e-01,1.221012819548094874e-01,3.554752188134008284e-01,8.733737303890083403e-01,5.465346153500009763e+01
3.352672695015521676e-01,1.150463208061208858e-01,1.222367158565034334e-01,3.562214738453990948e-01,8.753181069397441005e-01,5.467483947548600298e+01
3.351121237836263700e-01,1.147507811307462017e-01,1.219227049514177985e-01,3.560566315201032506e-01,8.769593752374170714e-01,5.469338714118932643e+01
3.350028824746836831e-01,1.145957318858251278e-01,1.217579651286892078e-01,3.559405626293515312e-01,8.778619282085988740e-01,5.470317264905897758e+01
3.349219840713715257e-01,1.145009120965226751e-01,1.216572191025553223e-01,3.558546080758322461e-01,8.783947110082914733e-01,5.470822299446601278e+01
3.348599274571553708e-01,1.144368114760286881e-01,1.215891121932803631e-01,3.557886729232273004e-01,8.787217772698732166e-01,5.471094481942738952e+01
3.348100783530661428e-01,1.143942945541433498e-01,1.215439379637773265e-01,3.557357082501328982e-01,8.789227821694408638e-01,5.471237788047332629e+01
3.347205190526106322e-01,1.139843952561873375e-01,1.211084199596989264e-01,3.556405514933987377e-01,8.790086284257225824e-01,5.469682564748687525e+01
3.354167277420984639e-01,1.142133743461627160e-01,1.213517102427979499e-01,3.563802732259798156e-01,8.790740967568794195e-01,5.467428021768508017e+01
3.371880558076179590e-01,1.151965090478919429e-01,1.223962908633852847e-01,3.582623092955944388e-01,8.791364066201620142e-01,5.463580543190447258e+01
3.391180525808959456e-01,1.162744716069270545e-01,1.235416260823600232e-01,3.603129308672021192e-01,8.791759122738034282e-01,5.459552955745051861e+01
3.384616503820789268e-01,1.168599431087579132e-01,1.241636895530553036e-01,3.596155035309590575e-01,8.787668592392027245e-01,5.455453569612538445e+01
3.380396083125747908e-01,1.173398399529465147e-01,1.246735799500056086e-01,3.591670838321106562e-01,8.781207180164942727e-01,5.451170438724175682e+01
3.393531514808115768e-01,1.176261286493748698e-01,1.249777616899606647e-01,3.605627234483620991e-01,8.775335992808143137e-01,5.446993781583459082e+01
3.403330913301405580e-01,1.177295239623536161e-01,1.250876192100005280e-01,3.616039095382741486e-01,8.767669420154310389e-01,5.443829495968164167e+01
3.402813123601101108e-01,1.179546326628581471e-01,1.253267972042867440e-01,3.615488943826170587e-01,8.758580729057429126e-01,5.441522051774632018e+01
3.375389011249187443e-01,1.176291203037367339e-01,1.249809403227203075e-01,3.586350824452262387e-01,8.752522123569933532e-01,5.440363722062911478e+01
3.316228151777361188e-01,1.164313924117308385e-01,1.237083544374640298e-01,3.523492411263448587e-01,8.750446425627268487e-01,5.440407147157230128e+01
3.202629287620973875e-01,1.133584858807057255e-01,1.204433912482497648e-01,3.402793618097284534e-01,8.746659056873011817e-01,5.437517730146782213e+01
3.062433025315662305e-01,1.092262014085039756e-01,1.160528389965353735e-01,3.253835089397888458e-01,8.742176314804945836e-01,5.432534037337180166e+01
2.876097992244892043e-01,1.034619519622748118e-01,1.099283239599171957e-01,3.055854116760203798e-01,8.750593867027341988e-01,5.424311174263091573e+01
2.693574642490823567e-01,9.859025248380473561e-02,1.047521432640425715e-01,2.861923057646497126e-01,8.757736721045287220e-01,5.414341495870831977e+01
2.491454716578410111e-01,9.295576980162648106e-02,9.876550541422823848e-02,2.647170636364562513e-01,8.771288844616892399e-01,5.417931902310792225e+01
2.322545400261827875e-01,8.569884788808516951e-02,9.105502588109043449e-02,2.467704487778189792e-01,8.799811568130223582e-01,5.419208928788096102e+01
2.188788411275293944e-01,8.212793827487463449e-02,8.726093441705431997e-02,2.325587686979999624e-01,8.822268516934922422e-01,5.416621001955043369e+01
2.038044571901127533e-01,8.072958258668583298e-02,8.577518149835368366e-02,2.165422357644947449e-01,8.853040818314067417e-01,5.411206054481522187e+01
1.866065859727837617e-01,8.139833075965009768e-02,8.648572643212822098e-02,1.982694975960827000e-01,8.875938681487787196e-01,5.409967328475880777e+01
1.762090417133189701e-01,8.451955134200549169e-02,8.980202330088069007e-02,1.872221068204012462e-01,8.893188261023382557e-01,5.403036661825914422e+01
1.696986253232548869e-01,8.943022330646141493e-02,9.501961226311519959e-02,1.803047894059582601e-01,8.907432050507819721e-01,5.391456935644511361e+01
1.630686260569572388e-01,9.441445112630698910e-02,1.003153543217012028e-01,1.732604151855171581e-01,8.921035855465976327e-01,5.383638123028520539e+01
1.560421944459535193e-01,9.777706428030769059e-02,1.038881307978268553e-01,1.657948315988257981e-01,8.934757941715435470e-01,5.380419508219213753e+01
1.557371771493791801e-01,9.916829581584538089e-02,1.053663143043356426e-01,1.654707507212151707e-01,8.957936349927401176e-01,5.387019119617774265e+01
1.611168586482442100e-01,1.008718533891620334e-01,1.071763442259845156e-01,1.711866623137595356e-01,8.973572825667468500e-01,5.400528000799647543e+01
1.736791958997063179e-01,1.037141313679761645e-01,1.101962645784746314e-01,1.845341456434378691e-01,8.980050603515653540e-01,5.418619803303386107e+01
1.898424084419412239e-01,1.058113616047860195e-01,1.124245717050850468e-01,2.017075589695625781e-01,8.996315825191120163e-01,5.438327294623488939e+01
2.064178008181105639e-01,1.066391698261862503e-01,1.133041179403228155e-01,2.193189133692424464e-01,9.029856918270819932e-01,5.446935413591638309e+01
2.217965999334844396e-01,1.087056486404276434e-01,1.154997516804545377e-01,2.356588874293272518e-01,9.050765295610238015e-01,5.448927821031949748e+01
2.364352398505764896e-01,1.113213185322081966e-01,1.182789009404712072e-01,2.512124423412377960e-01,9.057883818287093547e-01,5.449015541922211270e+01
2.508676599451880040e-01,1.143163008572900818e-01,1.214610696608706131e-01,2.665468886917622959e-01,9.055823331982472135e-01,5.448580007456016006e+01
2.634607045479671616e-01,1.178958112740196296e-01,1.252642994786457298e-01,2.799269985822150364e-01,9.044789069605951859e-01,5.450604120495886207e+01
2.732016279952524385e-01,1.226197758720168757e-01,1.302835118640179035e-01,2.902767297449557193e-01,9.020306176160561851e-01,5.465365577629618343e+01
2.841196867394835124e-01,1.269135223194140794e-01,1.348456174643774819e-01,3.018771671607012874e-01,8.989684960906779709e-01,5.490984144883773155e+01
2.966368958871240524e-01,1.311840904535635788e-01,1.393830961069111585e-01,3.151767018800696873e-01,8.949388333960091035e-01,5.517686954779045294e+01
3.100405329451788039e-01,1.344142491748638035e-01,1.428151397482927687e-01,3.294180662542525173e-01,8.908468087028346138e-01,5.537167251860415007e+01
3.202488536414329068e-01,1.377822282950554034e-01,1.463936175634963643e-01,3.402644069940225502e-01,8.870756826342299783e-01,5.549648167632164331e+01
3.276270783346031945e-01,1.405745021548979456e-01,1.493604085395789649e-01,3.481037707305160156e-01,8.837675879580312310e-01,5.555392113330574233e+01
3.328227567847311108e-01,1.430957176967268540e-01,1.520392000527722720e-01,3.536241790837769683e-01,8.807728975547208794e-01,5.555367347849605153e+01
3.368189970395297772e-01,1.462089238203018449e-01,1.553469815590706737e-01,3.578701843545005756e-01,8.781599385660633361e-01,5.555669992353628572e+01
3.383543623228151831e-01,1.508879296932755243e-01,1.603184252991052550e-01,3.595015099679910731e-01,8.754549515081138100e-01,5.554500791486113798e+01
3.386728668064184489e-01,1.558820264720073845e-01,1.656246531265078148e-01,3.598399209818196609e-01,8.728133615056112848e-01,5.551122509043352693e+01
3.364174879740475799e-01,1.596307555676626799e-01,1.696076777906415922e-01,3.574435809724252899e-01,8.710621057179978033e-01,5.555898414124727935e+01
3.342662605169978707e-01,1.630192911532191424e-01,1.732079968502953371e-01,3.551579017993101162e-01,8.697737125030078342e-01,5.563312119306505821e+01
3.297207467845056361e-01,1.654071287207561913e-01,1.757450742658033249e-01,3.503282934585373321e-01,8.702524626480473424e-01,5.568651982203504502e+01
3.202853529954626244e-01,1.657602023436426930e-01,1.761202149901204550e-01,3.403031875576790766e-01,8.725078111317364771e-01,5.573558200406661456e+01
3.102118890672076468e-01,1.656794656140689881e-01,1.760344322149482998e-01,3.296001321339082635e-01,8.751367608358898709e-01,5.574565344526162392e+01
3.013757652822514621e-01,1.654977540689546722e-01,1.758413636982645856e-01,3.202117506123920432e-01,8.775313452381695578e-01,5.573804561431722249e+01
2.934691750518774733e-01,1.653441109789800800e-01,1.756781179151664374e-01,3.118109984926200062e-01,8.796379330430337262e-01,5.572848333762019024e+01
2.885188984466014461e-01,1.651048595783912443e-01,1.754239133020408237e-01,3.065513295995139775e-01,8.810000332733799455e-01,5.571440542674422147e+01
2.857913293424354517e-01,1.647870712629283529e-01,1.750862632168614097e-01,3.036532874263375703e-01,8.817628519045561664e-01,5.571943159015342673e+01
2.838934107842868149e-01,1.645610893222798354e-01,1.748461574049223477e-01,3.016367489583046124e-01,8.822556554197331646e-01,5.572387858235200753e+01
2.827481575579860462e-01,1.644540476044534794e-01,1.747324255797316206e-01,3.004199174053604482e-01,8.824949202885612465e-01,5.572729824186327363e+01
2.821514922889735155e-01,1.644146448088165124e-01,1.746905601093674543e-01,2.997859605570346031e-01,8.825734969143975706e-01,5.573303782221303493e+01
2.818138385443886840e-01,1.643941613506908206e-01,1.746687964351091304e-01,2.994272034534131155e-01,8.826022928665416822e-01,5.573620088925299143e+01
2.816093346775624950e-01,1.643799538408884930e-01,1.746537009559440690e-01,2.992099180949102100e-01,8.826179348057943130e-01,5.573788687120291740e+01
2.814858162749753201e-01,1.643699103909186943e-01,1.746430297903510398e-01,2.990786797921615725e-01,8.826265730777120844e-01,5.573877095738674115e+01
2.814109431002556061e-01,1.643616939427243462e-01,1.746342998141447167e-01,2.989991270440217619e-01,8.826320648462168128e-01,5.573921682975145586e+01
2.813653935150211560e-01,1.643544816014578802e-01,1.746266367015491261e-01,2.989507306097099470e-01,8.826360509229622675e-01,5.573943014924376627e+01
2.813377471529886487e-01,1.643480930031762377e-01,1.746198488158747508e-01,2.989213563500505155e-01,8.826391059273421824e-01,5.573952087131819866e+01
2.813210452670825701e-01,1.643423941435931401e-01,1.746137937775678328e-01,2.989036105962750156e-01,8.826415545008102770e-01,5.573954775418552998e+01
2.813110324797662987e-01,1.643372714693945025e-01,1.746083509362315878e-01,2.988929720097517340e-01,8.826435959020390021e-01,5.573954235043268568e+01
2.813051127096535819e-01,1.643326384403372420e-01,1.746034283428583300e-01,2.988866822540070523e-01,8.826453482865938005e-01,5.573952150406784511e+01
2.813017018708100503e-01,1.643284283929643819e-01,1.745989551675246887e-01,2.988830582377356992e-01,8.826468833354144117e-01,5.573949411413400412e+01
2.812998319839518091e-01,1.643245884769116150e-01,1.745948752567186568e-01,2.988810714829489013e-01,8.826482465185971904e-01,5.573946480726749542e+01
2.812989104395653417e-01,1.643210759238884766e-01,1.745911431691315741e-01,2.988800923420383837e-01,8.826494680678755866e-01,5.573943592055604768e+01
2.812985735416619337e-01,1.643178555547379072e-01,1.745877215269091287e-01,2.988797343880158497e-01,8.826505691090512640e-01,5.573940857047760744e+01
2.812985973503637216e-01,1.643148980204116039e-01,1.745845791466873465e-01,2.988797596847613813e-01,8.826515651688719988e-01,5.573938322875565632e+01
2.812988433782165898e-01,1.643121785320847683e-01,1.745816896903402138e-01,2.988800210893549636e-01,8.826524682084263551e-01,5.573936003200125100e+01
2.812992254865305242e-01,1.643096759224478287e-01,1.745790306676007209e-01,2.988804270794387929e-01,8.826532878249453429e-01,5.573933894766133079e+01
2.845203958860682558e-01,1.614270531303531320e-01,1.715162439510002634e-01,3.023029206289474247e-01,8.833556837024492125e-01,5.571741217397937618e+01
2.895293686192303984e-01,1.567752605311322489e-01,1.665737143143281029e-01,3.076249541579322289e-01,8.850318602713654892e-01,5.568219579298467892e+01
2.870973298282977759e-01,1.523699965452426641e-01,1.618931213293202387e-01,3.050409129425666332e-01,8.860579992195232180e-01,5.568208856026592457e+01
2.799918132190842845e-01,1.477947494960872021e-01,1.570319213395925950e-01,2.974913015452770315e-01,8.859525036524736885e-01,5.569716809470915564e+01
2.695945045935929096e-01,1.422032247685393047e-01,1.510909263165730876e-01,2.864441611306924873e-01,8.867125959929983425e-01,5.566940245943155219e+01
2.551325495268027543e-01,1.363970101896481713e-01,1.449218233265012756e-01,2.710783338722281832e-01,8.880815643743417143e-01,5.560943029687883410e+01
2.418801313183555068e-01,1.316808585105602725e-01,1.399109121674703970e-01,2.569976395257528301e-01,8.906603958241737784e-01,5.550692699508228856e+01
2.309100143795682070e-01,1.293249251250319642e-01,1.374077329453465002e-01,2.453418902782913413e-01,8.935508846642443714e-01,5.534273144915528064e+01
2.223727406865425305e-01,1.266300114862318471e-01,1.345443872041214572e-01,2.362710369794513710e-01,8.968746997465487647e-01,5.504953635657248867e+01
2.103775584621747075e-01,1.229521793204553931e-01,1.306366905279839064e-01,2.235261558660606440e-01,9.008113508090478394e-01,5.475714143955447355e+01
1.971977885746590275e-01,1.196562642834473333e-01,1.271347808011628056e-01,2.095226503605753243e-01,9.043931191958451965e-01,5.443345395324342917e+01
1.829402019358675191e-01,1.154242108177614690e-01,1.226382239938715868e-01,1.943739645568591523e-01,9.074305026741942282e-01,5.409806670163897024e+01
1.703274354788840150e-01,1.105503794920276728e-01,1.174597782102793919e-01,1.809729001963144845e-01,9.095065400027321223e-01,5.383017393901341308e+01
1.593893121911232336e-01,1.057043964879329223e-01,1.123109212684288150e-01,1.693511442030684322e-01,9.103872051508600238e-01,5.365394690370294484e+01
1.493966511027523814e-01,1.023715539610786235e-01,1.087697760836460192e-01,1.587339417966743826e-01,9.110554314884448113e-01,5.351541296933960723e+01
1.415252437146449216e-01,9.940898918199575496e-02,1.056220510058705209e-01,1.503705714468103471e-01,9.114111634570521980e-01,5.342726971272912095e+01
1.354951563482517940e-01,9.741573412681013566e-02,1.035042175097357769e-01,1.439636036200173108e-01,9.108648055746911831e-01,5.340265701505337859e+01
1.304952592164491665e-01,9.567154064820097836e-02,1.016510119387135092e-01,1.386512129174775620e-01,9.099661559813576606e-01,5.339157065261068880e+01
1.273056007659423283e-01,9.356247012679286268e-02,9.941012450971757619e-02,1.352622008138138487e-01,9.095000836110749276e-01,5.337621670918335326e+01
1.260288937718157531e-01,9.156309594553097009e-02,9.728578944212663837e-02,1.339056996325539706e-01,9.086349562731074192e-01,5.339812884808935678e+01
1.291962171566138906e-01,9.199422377496162262e-02,9.774386276089667980e-02,1.372709807289021755e-01,9.077018245539905106e-01,5.343992656611318637e+01
1.334585212072982585e-01,9.091817092745273221e-02,9.660055661041849762e-02,1.417996787827543181e-01,9.067057669971253508e-01,5.349219075172819515e+01
1.422553797108525864e-01,8.877704538832818792e-02,9.432561072509874911e-02,1.511463409427809823e-01,9.044327768918773991e-01,5.360853756832570127e+01
1.562214958362784789e-01,8.898217708822694916e-02,9.454356315624111440e-02,1.659853393260456444e-01,9.019523266496677349e-01,5.380867875124302202e+01
1.686057141262873316e-01,9.036728281456990475e-02,9.601523799048056196e-02,1.791435712591802065e-01,9.000847423422213556e-01,5.408160277247510095e+01
1.813707631600550430e-01,9.235276515609323889e-02,9.812481297834901861e-02,1.927064358575583947e-01,8.973648309950752466e-01,5.440504237296790535e+01
1.845579294360399358e-01,9.442304343802154776e-02,1.003244836528977141e-01,1.960928000257923243e-01,8.946812119004556862e-01,5.458637898093924434e+01
2.010649434723598972e-01,9.298372309029420690e-02,9.879520578343753412e-02,2.136315024393821427e-01,8.919945214779485543e-01,5.484106327809427484e+01
2.193793504561934726e-01,9.079374622246956517e-02,9.646835536137386702e-02,2.330905598597056427e-01,8.886686746137854032e-01,5.507511904159460414e+01
2.365220595810962889e-01,8.745720092898244535e-02,9.292327598704394620e-02,2.513046883049149804e-01,8.866177930285552566e-01,5.531575189987067631e+01
2.508842572475931121e-01,8.721673860000159206e-02,9.266778476250168983e-02,2.665645233255677371e-01,8.841404436934540145e-01,5.557280267786863703e+01
2.610105194655695793e-01,8.896904848834366608e-02,9.452961401886506021e-02,2.773236769321674178e-01,8.810014976100176698e-01,5.568002306728456574e+01
2.686199617285822128e-01,9.053655127877233144e-02,9.619508573369571491e-02,2.854087093366186600e-01,8.778067331968263387e-01,5.557784423425125908e+01
2.796955762786068611e-01,9.103917536567301960e-02,9.672912382602749659e-02,2.971765497960192626e-01,8.762622813091653917e-01,5.551870096825607703e+01
2.923990510492142092e-01,9.241280156622858066e-02,9.818860166411769175e-02,3.106739917397898232e-01,8.751232352200484232e-01,5.552162283546978472e+01
3.001151715271265230e-01,9.476187608226846470e-02,1.006844933374100720e-01,3.188723697475719931e-01,8.747744108882459235e-01,5.565091411941517663e+01
3.121800059973913188e-01,9.756090526768147753e-02,1.036584618469116870e-01,3.316912563722285712e-01,8.734617992705913103e-01,5.567549647192988260e+01
3.221368728482886801e-01,1.007936535508557191e-01,1.070932568977841781e-01,3.422704274013066428e-01,8.720036073934555043e-01,5.563661439311260892e+01
3.263501288409865753e-01,1.055369380378565619e-01,1.121329966652225701e-01,3.467470118935481738e-01,8.714740328919952095e-01,5.560566704989878417e+01
3.300199028063480200e-01,1.093829251487684895e-01,1.162193579705665530e-01,3.506461467317447123e-01,8.720190843688194748e-01,5.564088146653341482e+01
3.335014363876083188e-01,1.121537839228784611e-01,1.191633954180582600e-01,3.543452761618334779e-01,8.739856488063657558e-01,5.573568239174498729e+01
3.355189456412300819e-01,1.139233627479790817e-01,1.210435729197276988e-01,3.564888797438069412e-01,8.769979902836078089e-01,5.582184865441308119e+01
3.368260807534337875e-01,1.147314045704583702e-01,1.219021173561120885e-01,3.578777108005234409e-01,8.799611601958965412e-01,5.588549283878052876e+01
3.371411253979689215e-01,1.144818800912279222e-01,1.216369975969297385e-01,3.582124457353422775e-01,8.811502302460658687e-01,5.593313164954361838e+01
3.377006521066039380e-01,1.140453778947771307e-01,1.211732140132006086e-01,3.588069428632666424e-01,8.814537738246915888e-01,5.594363993659020906e+01
3.379793854156716293e-01,1.137965309750139514e-01,1.209088141609520606e-01,3.591030970041510506e-01,8.816299561257078254e-01,5.594689969124935658e+01
3.381430692626886114e-01,1.136435048068259596e-01,1.207462238572527963e-01,3.592770110916069237e-01,8.817405392449628732e-01,5.594862183723124360e+01
3.382350187298399646e-01,1.135459883955846766e-01,1.206426126703088464e-01,3.593747074004551290e-01,8.818120684149065580e-01,5.594946320912986693e+01
3.382807341177500593e-01,1.134839170008402898e-01,1.205766618133928270e-01,3.594232800001094796e-01,8.818583375627793153e-01,5.594985083928153102e+01
3.392776568101216750e-01,1.139700208257251324e-01,1.210931471273328647e-01,3.604825103607541825e-01,8.819089820917666023e-01,5.592810799171650160e+01
3.411517131609774767e-01,1.149456282026543874e-01,1.221297299653202884e-01,3.624736952335385620e-01,8.819642918363973516e-01,5.589475982717972613e+01
3.431959089239549066e-01,1.160207981934120031e-01,1.232720980805002697e-01,3.646456532317020605e-01,8.820093861355757792e-01,5.585975137891396969e+01
3.454374892961192822e-01,1.172079147746436512e-01,1.245334094480589349e-01,3.670273323771270357e-01,8.820453135269474831e-01,5.582280562375749611e+01
3.478357834490296563e-01,1.184861834614682058e-01,1.258915699278099765e-01,3.695755199145941416e-01,8.820715062510665616e-01,5.578467633045396923e+01
3.504949631841990376e-01,1.197376801396667495e-01,1.272212851483959795e-01,3.724008983832117758e-01,8.821015179035904819e-01,5.574454313592861610e+01
3.538631378902379332e-01,1.207471450565160836e-01,1.282938416225481437e-01,3.759795840083775542e-01,8.821930848356626109e-01,5.570628236032273861e+01
3.522744240150491590e-01,1.209473494402543425e-01,1.285065587802702858e-01,3.742915755159900160e-01,8.817359095184851281e-01,5.566893626538680451e+01
3.475129188839526928e-01,1.212869487853736883e-01,1.288673830844595247e-01,3.692324763141997535e-01,8.815978553191818889e-01,5.563623445304664727e+01
3.406656675328322836e-01,1.215806554932218758e-01,1.291794464615483029e-01,3.619572717536343465e-01,8.813070993375174966e-01,5.560603893804285747e+01
3.294135858738121425e-01,1.207445194380163400e-01,1.282910519028924168e-01,3.500019349909256339e-01,8.807395442156181753e-01,5.560517039359744018e+01
3.187983141445971946e-01,1.186142792609341801e-01,1.260276717147424397e-01,3.387232087786343770e-01,8.794784817138862065e-01,5.561618564135989828e+01
3.018207448034919138e-01,1.153686726266833634e-01,1.225792146658510329e-01,3.206845413537101619e-01,8.795168552834836673e-01,5.563005174972124678e+01
2.844858505551856043e-01,1.124350230687141544e-01,1.194622120105087726e-01,3.022662162148847531e-01,8.799601009376701866e-01,5.560819417483624960e+01
2.649799598880273610e-01,1.085792437919652492e-01,1.153654465289634112e-01,2.815412073810294458e-01,8.815095130610025587e-01,5.555232534950750534e+01
2.448711106968653461e-01,1.007867758266450947e-01,1.070859493158103221e-01,2.601755551154192325e-01,8.834869206221600546e-01,5.537916443149206458e+01
2.266500143286251379e-01,9.272867091872158407e-02,9.852421285114175420e-02,2.408156402241642957e-01,8.852067309923481453e-01,5.518657950862611017e+01
2.192362721983037721e-01,8.774294847047016399e-02,9.322688274987447898e-02,2.329385392106979036e-01,8.859066544946230248e-01,5.521272427058445942e+01
2.110525580253109490e-01,8.427878020038895301e-02,8.954620396291311513e-02,2.242433429018923785e-01,8.863952075381643647e-01,5.532130969299191037e+01
1.944835239805104143e-01,8.195713027999430855e-02,8.707945092249405605e-02,2.066387442292924592e-01,8.874581909372120103e-01,5.538705187212802628e+01
1.819338370180304254e-01,8.253225766853523881e-02,8.769052377281870425e-02,1.933047018316573218e-01,8.889659726300023213e-01,5.540171880800942006e+01
1.691044599857445541e-01,8.622147179573838582e-02,9.161031378297206096e-02,1.796734887348539755e-01,8.897369352122638242e-01,5.533536157747114714e+01
1.598785800642858468e-01,8.904890644261996557e-02,9.461446309528383225e-02,1.698709913183038267e-01,8.906789497680038803e-01,5.545006028852162672e+01
1.485612427348717290e-01,9.376174932342583312e-02,9.962185865613980285e-02,1.578463204058012381e-01,8.913730420900121132e-01,5.555559087778511440e+01
1.393463229669568426e-01,9.783113163655464406e-02,1.039455773638392477e-01,1.480554681523916782e-01,8.925297825368311289e-01,5.568666984453953717e+01
1.370070738735091331e-01,1.031038623180031838e-01,1.095478537128785484e-01,1.455700159906037350e-01,8.931130073940068970e-01,5.581141204872469785e+01
1.417305149205781989e-01,1.100890452924606217e-01,1.169696106232392674e-01,1.505886721031143849e-01,8.940180057662755475e-01,5.591509680904901103e+01
1.488480499222995523e-01,1.166246806758445137e-01,1.239137232180848869e-01,1.581510530424433125e-01,8.949340374269684206e-01,5.604616890307400467e+01
1.595922854967163074e-01,1.210521126229955058e-01,1.286178696619327544e-01,1.695668033402609742e-01,8.954068675415948197e-01,5.621163727322267079e+01
1.746531138053223353e-01,1.255327954745321661e-01,1.333785951916903745e-01,1.855689334181549188e-01,8.955086398967968542e-01,5.635750271893734009e+01
1.835700622155917727e-01,1.316994175059977845e-01,1.399306311001227154e-01,1.950431911040662325e-01,8.950255964894195948e-01,5.645989323790010417e+01
1.910401422571108843e-01,1.366393856670634621e-01,1.451793472712549771e-01,2.029801511481803822e-01,8.942098726617822013e-01,5.656032911355526238e+01
1.947896364520478596e-01,1.437154985965971299e-01,1.526977172588843967e-01,2.069639887303009740e-01,8.914687952797470949e-01,5.660054655520169575e+01
2.008834748059319941e-01,1.495723523448437564e-01,1.589206243663966456e-01,2.134386919813027750e-01,8.885780377487408899e-01,5.659321682807560450e+01
2.131957715570174106e-01,1.535485786044819001e-01,1.631453647672620744e-01,2.265205072793308461e-01,8.864889694123545549e-01,5.664237623909542663e+01
2.245041618995336219e-01,1.562029418659983682e-01,1.659656257326232454e-01,2.385356720182545964e-01,8.846814482975928762e-01,5.670873312261039700e+01
2.358256585812396611e-01,1.591123732887196329e-01,1.690568966192646794e-01,2.505647622425671295e-01,8.819158650801772747e-01,5.691980563645613245e+01
2.479932980216480454e-01,1.621161449504292529e-01,1.722484040098310187e-01,2.634928791480010135e-01,8.787181018485480388e-01,5.712194130696117611e+01
2.601954959804831935e-01,1.651669476500016720e-01,1.754898818781268355e-01,2.764577144792634833e-01,8.752786566497455789e-01,5.733201573938011819e+01
2.700072778515710259e-01,1.687366161727038294e-01,1.792826546834979939e-01,2.868827327172939756e-01,8.724037874022271266e-01,5.757992089100950750e+01
2.791003720276647448e-01,1.719067606690854733e-01,1.826509332109032824e-01,2.965441452793940447e-01,8.695435576180945425e-01,5.779136579920926664e+01
2.870198737820022772e-01,1.747537451112667339e-01,1.856758541807209395e-01,3.049586158933773050e-01,8.669173511384780095e-01,5.796988356664675024e+01
2.939731490224277710e-01,1.773124249811065534e-01,1.883944515424255950e-01,3.123464708363294928e-01,8.644921253449038279e-01,5.813185799545206578e+01
3.056624508588634548e-01,1.771966652983712753e-01,1.882714568795196552e-01,3.247663540375422819e-01,8.643482717579621388e-01,5.819530452627078176e+01
3.220237781840299407e-01,1.743236273911441814e-01,1.852188541030906632e-01,3.421502643205319716e-01,8.658685567064079436e-01,5.817131318093520065e+01
3.341660505838501272e-01,1.740640272850261239e-01,1.849430289903404578e-01,3.550514287453406248e-01,8.662469001692486570e-01,5.814436448431906967e+01
3.456675764192395084e-01,1.746231821865920630e-01,1.855371310732540358e-01,3.672717999454420679e-01,8.653854694012991233e-01,5.808161418419874167e+01
3.530822239131774509e-01,1.736301106884378664e-01,1.844819926064653337e-01,3.751498629077509861e-01,8.659895768990414355e-01,5.804793575111514059e+01
3.604833079955335751e-01,1.725850140933558874e-01,1.833715774741906945e-01,3.830135147452543021e-01,8.661745760103520819e-01,5.800746019760351402e+01
3.628247861171265964e-01,1.717075285517452865e-01,1.824392490862294380e-01,3.855013352494470746e-01,8.669819970631339467e-01,5.797855708126748908e+01
3.649721295451640035e-01,1.710931085788179040e-01,1.817864278649940213e-01,3.877828876417368509e-01,8.674388607562493192e-01,5.794908946730215860e+01
3.637564972604639957e-01,1.704543593243968980e-01,1.811077567821718914e-01,3.864912783392431828e-01,8.683339800460642133e-01,5.793553502791672116e+01
3.625892781663557773e-01,1.700361394982986551e-01,1.806633982169425501e-01,3.852511080517528330e-01,8.690299270065823256e-01,5.792711910831983602e+01
3.616448238930631276e-01,1.697614294820526115e-01,1.803715188246807488e-01,3.842476253863799651e-01,8.694886582254759411e-01,5.791997153241454299e+01
3.610720724856254504e-01,1.695968457303766719e-01,1.801966485885252711e-01,3.836390770159771035e-01,8.697457552847687179e-01,5.791572312622430019e+01
3.607001976646885821e-01,1.694973411971696098e-01,1.800909250219926705e-01,3.832439600187316220e-01,8.698950661316955379e-01,5.791339305604952159e+01
3.604559127018033826e-01,1.694366342801957026e-01,1.800264239227078455e-01,3.829844072456662918e-01,8.699864064709215139e-01,5.791210965692296497e+01
3.602918153168515603e-01,1.693994646479307642e-01,1.799869311884264855e-01,3.828100537741548903e-01,8.700429602667199003e-01,5.791138366627004785e+01
3.601800232724960971e-01,1.693761216769343048e-01,1.799621292817426554e-01,3.826912747270272419e-01,8.700783451743724362e-01,5.791094034192254725e+01
3.601015624840915308e-01,1.693612260429171179e-01,1.799463026705994950e-01,3.826079101393473625e-01,8.701007601523285118e-01,5.791065162348126449e+01
3.600432867722378472e-01,1.693513444506775101e-01,1.799358034788448579e-01,3.825459921955027265e-01,8.701154423797943238e-01,5.791045466322550084e+01
3.599984019278970049e-01,1.693446410848225281e-01,1.799286811526239205e-01,3.824983020483908591e-01,8.701252915672456067e-01,5.791031147870403117e+01
3.599625243212525860e-01,1.693399488682124365e-01,1.799236956724758474e-01,3.824601820913309802e-01,8.701321127958869805e-01,5.791020100740853849e+01
3.599328541397225911e-01,1.693365404697238785e-01,1.799200742490816851e-01,3.824286575234552843e-01,8.701370199056945864e-01,5.791011152787893934e+01
3.599076130724501166e-01,1.693339672626143488e-01,1.799173402165281099e-01,3.824018388894781517e-01,8.701406965261654358e-01,5.791003637885302879e+01
3.598856537240168740e-01,1.693319505811863301e-01,1.799151974925105313e-01,3.823785070817677934e-01,8.701435648881358231e-01,5.790997166114580352e+01
3.589506808072992494e-01,1.693804995866529661e-01,1.799667808108186551e-01,3.813850983577555809e-01,8.702077903630968114e-01,5.790886493438041782e+01
3.554384744069871149e-01,1.697285318866962878e-01,1.803365651296149619e-01,3.776533790574237437e-01,8.702815838319883923e-01,5.789179941446506206e+01
3.472910446580206867e-01,1.699685227928193487e-01,1.805915554673706847e-01,3.689967349491469761e-01,8.705424582892251628e-01,5.790065389120272954e+01
3.414690759115268648e-01,1.675382453706275587e-01,1.780093857062916840e-01,3.628108931559972938e-01,8.719913611788606689e-01,5.789855727720485135e+01
3.354206414857522356e-01,1.647968082245802601e-01,1.750966087386165437e-01,3.563844315786117711e-01,8.732612422469439029e-01,5.789574467211148345e+01
3.302352518517631119e-01,1.601876353225925032e-01,1.701993625302544166e-01,3.508749550924986638e-01,8.740128875946238107e-01,5.786002474132505569e+01
3.274463508681583757e-01,1.546318257630286963e-01,1.642963148732178857e-01,3.479117477974186246e-01,8.748915136192252362e-01,5.779494502896838526e+01
3.254320961054528172e-01,1.503028638071940148e-01,1.596967927951437882e-01,3.457716021120439964e-01,8.759197903029883880e-01,5.765279735339824896e+01
3.202163798443308229e-01,1.470071306826088164e-01,1.561950763502717998e-01,3.402299035846015896e-01,8.765584750855470730e-01,5.747915758275023279e+01
3.107241059256028448e-01,1.437563167771819528e-01,1.527410865757558300e-01,3.301443625459531406e-01,8.774001366654472500e-01,5.731976325336815847e+01
2.914881665198551519e-01,1.397309590373759236e-01,1.484641439772118598e-01,3.097061769273460330e-01,8.803339905149939471e-01,5.720824337851659891e+01
2.733081113488921021e-01,1.365562206019133029e-01,1.450909843895328843e-01,2.903898683081980736e-01,8.834194984840744169e-01,5.707196256859361938e+01
2.637033725661551142e-01,1.341081685155851300e-01,1.424899290478092162e-01,2.801848333515400413e-01,8.868314459928433591e-01,5.691477593290552051e+01
2.550620676875839932e-01,1.306598858663338691e-01,1.388261287329796978e-01,2.710034469180579997e-01,8.905416581075282778e-01,5.668315943636370946e+01
2.416909616736091226e-01,1.271017587076754274e-01,1.350456186269052006e-01,2.567966467782099027e-01,8.944201284295253407e-01,5.637455887617903016e+01
2.280435377712375922e-01,1.235095950557909689e-01,1.312289447467779313e-01,2.422962588819401464e-01,8.975248090523955113e-01,5.601455466634789815e+01
2.133362079913354858e-01,1.189428285065232405e-01,1.263767552881810696e-01,2.266697209907940214e-01,9.001701832874494658e-01,5.564832585552844790e+01
1.952541026781849376e-01,1.142361333285604741e-01,1.213758916615955835e-01,2.074574840955715482e-01,9.020277018756256426e-01,5.530711382386382269e+01
1.754455274364120076e-01,1.106667943704259527e-01,1.175834690185776354e-01,1.864108729011876853e-01,9.031003040770081425e-01,5.503982913274861488e+01
1.592896321050481789e-01,1.079380069500892186e-01,1.146841323844699084e-01,1.692452341116137404e-01,9.038582542493514005e-01,5.483730765508148153e+01
1.471053945312373046e-01,1.063978259012456351e-01,1.130476900200735046e-01,1.562994816894396344e-01,9.038026728744308347e-01,5.471934058581528149e+01
1.368370831363282525e-01,1.061602162493919116e-01,1.127952297649789659e-01,1.453894008323489140e-01,9.022720465879229268e-01,5.459582906822569726e+01
1.278729871090239223e-01,1.066732660840794267e-01,1.133403452143344342e-01,1.358650488033380233e-01,9.004330164397446046e-01,5.449873144954932513e+01
1.212693361216491544e-01,1.069675695582115033e-01,1.136530426555998202e-01,1.288486696292521771e-01,8.984961218636047242e-01,5.439376022897954499e+01
1.166863943668233206e-01,1.078492747926166201e-01,1.145898544671550418e-01,1.239792940147498024e-01,8.965243173873653770e-01,5.432964411341929889e+01
1.173315309403672735e-01,1.091834368571057146e-01,1.160074016606749275e-01,1.246647516241406184e-01,8.933561148540042351e-01,5.439535730556172410e+01
1.275283804592145243e-01,1.099414315255666935e-01,1.168127709959146387e-01,1.354989042379153297e-01,8.907950186225985778e-01,5.451610567184271616e+01
1.396591390989452286e-01,1.089615297673879879e-01,1.157716253778496296e-01,1.483878352926293054e-01,8.886835610063738011e-01,5.462392388155359413e+01
1.575960891444612988e-01,1.101913537116246677e-01,1.170783133186012182e-01,1.674458447159903052e-01,8.876165885537666833e-01,5.475521209083808571e+01
1.718549244258427144e-01,1.096914092179961525e-01,1.165471222941207169e-01,1.825958572024577731e-01,8.859453926069527085e-01,5.484907617556852699e+01
1.841050320483301750e-01,1.103677634884003278e-01,1.172657487064252685e-01,1.956115965513506305e-01,8.852209083692789138e-01,5.493321995299783111e+01
1.927931341376826480e-01,1.117045544089625558e-01,1.186860890595225621e-01,2.048427050212874578e-01,8.837287221811602755e-01,5.503606108589474388e+01
2.044064703023225071e-01,1.087654993137588955e-01,1.155633430208688750e-01,2.171818746962175806e-01,8.807355964777460189e-01,5.524703616630446135e+01
2.194558016020498326e-01,1.019448019662995836e-01,1.083163520891932685e-01,2.331717892021782090e-01,8.769376983508384571e-01,5.544844357825061110e+01
2.335607660590323098e-01,9.624762170616477097e-02,1.022630980628000813e-01,2.481583139377219749e-01,8.733701554529847977e-01,5.565970814969348623e+01
2.456247117998187346e-01,9.281329656382401871e-02,9.861412759906293402e-02,2.609762562873071956e-01,8.695756184021660173e-01,5.588405261655718448e+01
2.618685791658012518e-01,9.289377300554001182e-02,9.869963381838633976e-02,2.782353653636638335e-01,8.666190886856176556e-01,5.606243871213978025e+01
2.780133276975830792e-01,9.097745750658801922e-02,9.666354860074996558e-02,2.953891606786823720e-01,8.653724487740209748e-01,5.621654995090163709e+01
2.909760848950538326e-01,9.104717264014304534e-02,9.673762093015186858e-02,3.091620902009943328e-01,8.649298999207724048e-01,5.634765288084529544e+01
3.026268517540142144e-01,9.184901418244956206e-02,9.758957756885253132e-02,3.215410299886398704e-01,8.642981241132623449e-01,5.643027977457259681e+01
3.114010729084594753e-01,9.427536289756402454e-02,1.001675730786616564e-01,3.308636399652380433e-01,8.651060387209100755e-01,5.648816643246476588e+01
3.197325358787723726e-01,9.648131345607560694e-02,1.025113955470802612e-01,3.397158193711957153e-01,8.658001985488930075e-01,5.639696878232150823e+01
3.318149960888047700e-01,9.816321604380552623e-02,1.042984170465433152e-01,3.525534333443548496e-01,8.658635439013386836e-01,5.633985798704142667e+01
3.369648320891627802e-01,1.014878479276517392e-01,1.078308384231300016e-01,3.580251340947353533e-01,8.665541631855963045e-01,5.638460136980786785e+01
3.396892767235221156e-01,1.038823811727448837e-01,1.103750299960413184e-01,3.609198565187420882e-01,8.686094513216204849e-01,5.637504580171792412e+01
3.418790730926569155e-01,1.070707554654421745e-01,1.137626776820322427e-01,3.632465151609479137e-01,8.693161650286402864e-01,5.638774006770300673e+01
3.439330346413742578e-01,1.096778811164351303e-01,1.165327486862124950e-01,3.654288493064606347e-01,8.709322952057360068e-01,5.643414589290608774e+01
3.449870936220297279e-01,1.112218378890976744e-01,1.181732027571662097e-01,3.665487869734066484e-01,8.733070039785441052e-01,5.648627955137467893e+01
3.445905460192658643e-01,1.113147517336509074e-01,1.182719237170042487e-01,3.661274551454704040e-01,8.745766761168025649e-01,5.654678696268610594e+01
3.444564484766745593e-01,1.111699013676463038e-01,1.181180202031242854e-01,3.659849765064668858e-01,8.750564847929256374e-01,5.657916058667862558e+01
3.444719338582096779e-01,1.109966882261870236e-01,1.179339812403238374e-01,3.660014297243480152e-01,8.753289885137366388e-01,5.659237573648145059e+01
3.444721273290630714e-01,1.108894225748968260e-01,1.178200114858280190e-01,3.660016352871298118e-01,8.755010986257085737e-01,5.659971098179824622e+01
3.444509199617490913e-01,1.108164513455680983e-01,1.177424795546660047e-01,3.659791024593581077e-01,8.756128317377628312e-01,5.660359572045886267e+01
3.444279597693561956e-01,1.107663178514620289e-01,1.176892127171783875e-01,3.659547072549410585e-01,8.756868076294770376e-01,5.660557239878946945e+01
3.448103660502922496e-01,1.109632993382264482e-01,1.178985055468654286e-01,3.663610139284351197e-01,8.757485754999568828e-01,5.659478109520747324e+01
3.463888025657553826e-01,1.118273749512850024e-01,1.188165858857403862e-01,3.680381027261152016e-01,8.758285822443241386e-01,5.656567297971383113e+01
3.481208467435897846e-01,1.127798110420594191e-01,1.198285492321881085e-01,3.698783996650640837e-01,8.758967735254082898e-01,5.653477709627335912e+01
3.500462995567651947e-01,1.138463253194464259e-01,1.209617206519117694e-01,3.719241932790628979e-01,8.759563168657181764e-01,5.650155543910665301e+01
3.520844702986972719e-01,1.149851138084244384e-01,1.221716834214510022e-01,3.740897496923659693e-01,8.760072404206078467e-01,5.646728000521586921e+01
3.539811991740280384e-01,1.162566662524525118e-01,1.235227078932307349e-01,3.761050241224047075e-01,8.760420352605727823e-01,5.643178486371292024e+01
3.563108596774411940e-01,1.171644337855387297e-01,1.244872108971349783e-01,3.785802884072811403e-01,8.761223802596121990e-01,5.640144156451765411e+01
3.546300993447531469e-01,1.171594951823152486e-01,1.244819636312100436e-01,3.767944805538002706e-01,8.756154972112752954e-01,5.637464954098654601e+01
3.498139608397800582e-01,1.169161542972792789e-01,1.242234139408593119e-01,3.716773333922664402e-01,8.752327439819511667e-01,5.635245157227502233e+01
3.443867734659910029e-01,1.163496170220009451e-01,1.236214680858760823e-01,3.659109468076153782e-01,8.741656493283722629e-01,5.632135748293244859e+01
3.387617402405244671e-01,1.155619465774178484e-01,1.227845682385065584e-01,3.599343490055575412e-01,8.723306715260844557e-01,5.629925679479787703e+01
3.296766660983251329e-01,1.137306275613492873e-01,1.208387917839335302e-01,3.502814577294702802e-01,8.712864584994202133e-01,5.628968351071086573e+01
3.148769444595991285e-01,1.096393214612954164e-01,1.164917790526261709e-01,3.345567534883238103e-01,8.716364365363020728e-01,5.626455925570170535e+01
2.987544352446266371e-01,1.047938884501286999e-01,1.113435064782619249e-01,3.174265874474159199e-01,8.721614596603933789e-01,5.621528817073713924e+01
2.800148734109699777e-01,9.839847114054386945e-02,1.045483755868279324e-01,2.975158029991555875e-01,8.733470564843196504e-01,5.616570572519653837e+01
2.603046223599221887e-01,9.028932480812563999e-02,9.593240760863340488e-02,2.765736612574171138e-01,8.752433870188361942e-01,5.617972215135550584e+01
2.426713295614699173e-01,8.232974959978757445e-02,8.747535894977420678e-02,2.578382876590616379e-01,8.771582044660941602e-01,5.622894289284821667e+01
2.261279739419911894e-01,7.721490009197136406e-02,8.204083134771934793e-02,2.402609723133651287e-01,8.791439065278247034e-01,5.637121137302264628e+01
2.088723839697482210e-01,7.263838723985448220e-02,7.717828644234564495e-02,2.219269079678578005e-01,8.818406555169981953e-01,5.651596641547495636e+01
1.945179749124422430e-01,6.953344053121142398e-02,7.387928056441223079e-02,2.066753483444700168e-01,8.845920354479385184e-01,5.659740312017910924e+01
1.819050994746297667e-01,7.006121028507494852e-02,7.444003592789223689e-02,1.932741681917941878e-01,8.865065064311676846e-01,5.654614282376409307e+01
1.661741725928938263e-01,7.099929758941717073e-02,7.543675368875582543e-02,1.765600583799500078e-01,8.880511249976966726e-01,5.640501481143810025e+01
1.528473967870574990e-01,7.392061326420111544e-02,7.854065159321367562e-02,1.624003590862486412e-01,8.900766641852119188e-01,5.637776845281889138e+01
1.394526579115330789e-01,7.723086592095382286e-02,8.205779504101348709e-02,1.481684490310041236e-01,8.918825030254960984e-01,5.637179984213854311e+01
1.292207000372100067e-01,8.072852062166367693e-02,8.577405316051783801e-02,1.372969937895355264e-01,8.933532118162417213e-01,5.640921919015723063e+01
1.313976156247085025e-01,8.559636665296584124e-02,9.094613956877600769e-02,1.396099666012526885e-01,8.941535956437224320e-01,5.646607475562078093e+01
1.404534968587101973e-01,8.743779302362063299e-02,9.290265508759704138e-02,1.492318404123795517e-01,8.946476447102069685e-01,5.658610535635388317e+01
1.566457981723085591e-01,8.759516003252011684e-02,9.306985753455268573e-02,1.664361605580778336e-01,8.956745788220750182e-01,5.673032601602007219e+01
1.752908876240233116e-01,8.826663748839007340e-02,9.378330233141456140e-02,1.862465681005247564e-01,8.959536621876587059e-01,5.691587194530007565e+01
1.942589393850059076e-01,8.899693365660196753e-02,9.455924201013965469e-02,2.064001230965686329e-01,8.969755991999566191e-01,5.708534716429678468e+01
2.095995751092901427e-01,8.996921178737873892e-02,9.559228752408986673e-02,2.226995485536208963e-01,8.994533617675537496e-01,5.723580887886094359e+01
2.232862139381985578e-01,9.150241144684211070e-02,9.722131216226975736e-02,2.372416023093361082e-01,9.006992019944187744e-01,5.737896958461774233e+01
2.381676500775262439e-01,9.400714803257692598e-02,9.988259478461294916e-02,2.530531282073716359e-01,9.004246330044204383e-01,5.751558998507531584e+01
2.535317794312714756e-01,9.928355532711227727e-02,1.054887775350567408e-01,2.693775156457261510e-01,8.974957805444556680e-01,5.765789682928350857e+01
2.676554415287442090e-01,1.048778691911647215e-01,1.114327360156125296e-01,2.843839066242906388e-01,8.936984288007309152e-01,5.778161343385554005e+01
2.797924592775061226e-01,1.099082826902331861e-01,1.167775503583727698e-01,2.972794879823503766e-01,8.900935546213702976e-01,5.788012349325551043e+01
2.891993076865466694e-01,1.146868884541159955e-01,1.218548189824984751e-01,3.072742644169557114e-01,8.866881123603069792e-01,5.796515585225736089e+01
2.971046880316408068e-01,1.194325043446415741e-01,1.268970358661817011e-01,3.156737310336185653e-01,8.833771869309167135e-01,5.804274484457445027e+01
3.039062280686909423e-01,1.240163856735281567e-01,1.317674097781237896e-01,3.229003673229840499e-01,8.800942867975997119e-01,5.817269391276141022e+01
3.108351890871762224e-01,1.284647220965596526e-01,1.364937672275945979e-01,3.302623884051247294e-01,8.767491918175855936e-01,5.832789802347411978e+01
3.178826513783920005e-01,1.326967575935650290e-01,1.409903049431628086e-01,3.377503170895416740e-01,8.737645353807608206e-01,5.845099797664973096e+01
3.230394258995478718e-01,1.372685323600104368e-01,1.458478156325111741e-01,3.432293900182698532e-01,8.709074189179627501e-01,5.853170361940225064e+01
3.263047025125671574e-01,1.426301850625361356e-01,1.515445716289447742e-01,3.466987464196022994e-01,8.686521455992637364e-01,5.857053354541872636e+01
3.272458610971813453e-01,1.474956092757374049e-01,1.567140848554709476e-01,3.476987274157553598e-01,8.676328284080233599e-01,5.852981414490682965e+01
3.266458419088020815e-01,1.514953232960966900e-01,1.609637810021027626e-01,3.470612070281023920e-01,8.673856514664837203e-01,5.849733005507047778e+01
3.246785818787805700e-01,1.550264789610916183e-01,1.647156338961598410e-01,3.449709932462045603e-01,8.672033647294185021e-01,5.846496941868979746e+01
3.178205580009744735e-01,1.569721030179398735e-01,1.667828594565612665e-01,3.376843428760353816e-01,8.685939498266400660e-01,5.840127032508898708e+01
3.104399199808173804e-01,1.587421864824126172e-01,1.686635731375634994e-01,3.298424149796186922e-01,8.702644633184455358e-01,5.834366645702263554e+01
3.059411980523096264e-01,1.599625098797671230e-01,1.699601667472525612e-01,3.250625229305789121e-01,8.713245378035753275e-01,5.828706105073236898e+01
3.035956140847927975e-01,1.608304302489258486e-01,1.708823321394839223e-01,3.225703399650923231e-01,8.717683363158484910e-01,5.822157226581644096e+01
3.025314626787855565e-01,1.614539724213954197e-01,1.715448456977326508e-01,3.214396790962096295e-01,8.721799811943369285e-01,5.815625912222129301e+01
3.019097329634107263e-01,1.620202247245460248e-01,1.721464887698302137e-01,3.207790912736241951e-01,8.725157040440473244e-01,5.810725881051131125e+01
3.008778648939970934e-01,1.619547911401471030e-01,1.720769655864063108e-01,3.196827314498719153e-01,8.731758144200446603e-01,5.808639758738765124e+01
3.009859347927726358e-01,1.617933114280958873e-01,1.719053933923517796e-01,3.197975557173211025e-01,8.736317832179811838e-01,5.808475908433669588e+01
3.011903403602785856e-01,1.616901875290731594e-01,1.717958242496403498e-01,3.200147366327958376e-01,8.738727954320342217e-01,5.808837469310280710e+01
3.013796919146048969e-01,1.616339791512118595e-01,1.717361028481626251e-01,3.202159226592676822e-01,8.739986471820102576e-01,5.809142884751305758e+01
3.014950272908484274e-01,1.615973362517068856e-01,1.716971697674385677e-01,3.203384664965268080e-01,8.740755432932464375e-01,5.809309339794693017e+01
3.015616552706633646e-01,1.615714034040489910e-01,1.716696161168020929e-01,3.204092587250799706e-01,8.741240678518301666e-01,5.809399203871135597e+01
3.015987650255625985e-01,1.615519285007736561e-01,1.716489240320720755e-01,3.204486878396602401e-01,8.741556763998759028e-01,5.809446900017757542e+01
3.016189362857150669e-01,1.615367738670289988e-01,1.716328222337184239e-01,3.204701198035723730e-01,8.741765096715795602e-01,5.809471741521849708e+01
3.016289933347866548e-01,1.615245779501283396e-01,1.716198640720112134e-01,3.204808054182110011e-01,8.741905347475544819e-01,5.809484336887988576e+01
3.016330354250530421e-01,1.615144486030446747e-01,1.716091016407349512e-01,3.204851001391191834e-01,8.742002558656479794e-01,5.809490395080944580e+01
3.016335737674515349e-01,1.615058093271626583e-01,1.715999224101102671e-01,3.204856721279173981e-01,8.742072283666659782e-01,5.809492993531625160e+01
3.016321267558005892e-01,1.614982835814913198e-01,1.715919263053345967e-01,3.204841346780384903e-01,8.742124210224024861e-01,5.809493790039746131e+01
3.016296051817046187e-01,1.614916202707459836e-01,1.715848465376676180e-01,3.204814555055613412e-01,8.742164403007098850e-01,5.809493673966266414e+01
3.016265519749679047e-01,1.614856479231363551e-01,1.715785009183324050e-01,3.204782114734037179e-01,8.742196678550699929e-01,5.809493119707298803e+01
3.016232876855519662e-01,1.614802462665005378e-01,1.715727616581569082e-01,3.204747431658990231e-01,8.742223456160308492e-01,5.809492378055283268e+01
3.016199986950648393e-01,1.614753284468164740e-01,1.715675364747426268e-01,3.204712486135065097e-01,8.742246285009671602e-01,5.809491579546360640e+01
3.016167907283385241e-01,1.614708298274511455e-01,1.715627566916668456e-01,3.204678401488595396e-01,8.742266170414025872e-01,5.809490790243782499e+01
3.016137212654799171e-01,1.614667008616524901e-01,1.715583696655058332e-01,3.204645788445724675e-01,8.742283775973380688e-01,5.809490041828325957e+01
3.021885680430455023e-01,1.609655120862980016e-01,1.710258565916915330e-01,3.210753535457360752e-01,8.741879661904478072e-01,5.809258391069563032e+01
3.064277164252517394e-01,1.571424223997202885e-01,1.669638237997030650e-01,3.255794487018298100e-01,8.754791935454182550e-01,5.806557386403379439e+01
3.112947231087745958e-01,1.524893589417310458e-01,1.620199438755893229e-01,3.307506433030731330e-01,8.771390990339307248e-01,5.803582406277688222e+01
3.086743517278887072e-01,1.496275118394126691e-01,1.589792313293761639e-01,3.279664987108817376e-01,8.778213856127999870e-01,5.798025728947848734e+01
3.071770991198252698e-01,1.444237237496727444e-01,1.534502064840272129e-01,3.263756678148143631e-01,8.776786168747409134e-01,5.793166638824818904e+01
3.026932153907970213e-01,1.375255048657638979e-01,1.461208489198740357e-01,3.216115413527219080e-01,8.793900020994128708e-01,5.780772920293807715e+01
2.919933811821961434e-01,1.314094957709696088e-01,1.396225892566552718e-01,3.102429675060836001e-01,8.820223772014430530e-01,5.766102806830012639e+01
2.863845111219401884e-01,1.282205104977530430e-01,1.362342924038624503e-01,3.042835430670615682e-01,8.844108035202863372e-01,5.754490083992312321e+01
2.830934653531973488e-01,1.260130047538303433e-01,1.338888175509446721e-01,3.007868069377720444e-01,8.867550609218339819e-01,5.740812377375311826e+01
2.765493757997435909e-01,1.229081032304763649e-01,1.305898596823811542e-01,2.938337117872275583e-01,8.892811429794282851e-01,5.718481189762352557e+01
2.618387264257078240e-01,1.190437513336101427e-01,1.264839857919607957e-01,2.782036468273146879e-01,8.936175175614731181e-01,5.691056087885857551e+01
2.459657350150279698e-01,1.153654912750008976e-01,1.225758344796883670e-01,2.613385934534672717e-01,8.976757650068182270e-01,5.663868201553916037e+01
2.296289441108506357e-01,1.115824410794310079e-01,1.185563436468954623e-01,2.439807531177789757e-01,9.007083516335756546e-01,5.637216885176101755e+01
2.109322785132775602e-01,1.072229029190024940e-01,1.139243343514400597e-01,2.241155459203576783e-01,9.030069937274339820e-01,5.608883751619646318e+01
1.921358768581789833e-01,1.040066812691317205e-01,1.105070988484525840e-01,2.041443691618150813e-01,9.041918333929550577e-01,5.582279361343488233e+01
1.764841201308136598e-01,1.024472319829490968e-01,1.088501839818833833e-01,1.875143776389894545e-01,9.044057352742704836e-01,5.565320146192483008e+01
1.614996379702954843e-01,1.002864713989026629e-01,1.065543758613340802e-01,1.715933653434390527e-01,9.039836443241701103e-01,5.555524460807556153e+01
1.485151443514755587e-01,9.743567783426525242e-02,1.035254076989069183e-01,1.577973408734427707e-01,9.033119205459669843e-01,5.551566690488422040e+01
1.379144718346903276e-01,9.526317649884365191e-02,1.012171250300212544e-01,1.465341263243583603e-01,9.020248164952112679e-01,5.552335411688320477e+01
1.269888424209635880e-01,9.324535015219755085e-02,9.907318453670990732e-02,1.349256450722736145e-01,9.005679233125082339e-01,5.555884634403501110e+01
1.192610608464227812e-01,9.156899029083523378e-02,9.729205218401250355e-02,1.267148771493241122e-01,8.991876135762794098e-01,5.559697653000672091e+01
1.140458821999739691e-01,9.000117575019016269e-02,9.562624923457700710e-02,1.211737498374722694e-01,8.982116393012765654e-01,5.566158288367957141e+01
1.163311919644004488e-01,8.796345297554804266e-02,9.346116878651972160e-02,1.236018914621755949e-01,8.970763962544550107e-01,5.578055817946575701e+01
1.228444223606359603e-01,8.564461629930286701e-02,9.099740481800933090e-02,1.305221987581755561e-01,8.958385121217790070e-01,5.595185977745164507e+01
1.391953818364592976e-01,8.677863699603961811e-02,9.220230180829205868e-02,1.478950932012378927e-01,8.955734094101962528e-01,5.619134497349300972e+01
1.553694995828756586e-01,8.783845706275916765e-02,9.332836062918170583e-02,1.650800933068055365e-01,8.945576113320244938e-01,5.638736749967617357e+01
1.731159234081821596e-01,8.880686521742010842e-02,9.435729429350882269e-02,1.839356686211935654e-01,8.932582579252414945e-01,5.663007509772337045e+01
1.881075510899640479e-01,8.814983611870737257e-02,9.365920087612655820e-02,1.998642730330866812e-01,8.917662041796563521e-01,5.690273166843263652e+01
2.004925881299797763e-01,8.483343887974593989e-02,9.013552880973003945e-02,2.130233748881033562e-01,8.902051269967761193e-01,5.714035105152564853e+01
2.164514982729655868e-01,8.380466238028375092e-02,8.904245377905155301e-02,2.299797169150260834e-01,8.890615771569708725e-01,5.742866538291402634e+01
2.313987211086631912e-01,8.322060601404539237e-02,8.842189388992319210e-02,2.458611411779545453e-01,8.880893223868921993e-01,5.775158390816680054e+01
2.407694829514794299e-01,8.346420145111464739e-02,8.868071404180913331e-02,2.558175756359465924e-01,8.866953610359900040e-01,5.812057265986883436e+01
2.494720077186624863e-01,8.204862158263377669e-02,8.717666043154843891e-02,2.650640082010791154e-01,8.829202823931626698e-01,5.832283359634466535e+01
2.577973670125690009e-01,8.259967116646460550e-02,8.776215061436859477e-02,2.739097024508543865e-01,8.794424049235666230e-01,5.847578901875859714e+01
2.642861463515804865e-01,8.311033731640768418e-02,8.830473339868312455e-02,2.808040304985541802e-01,8.772050786739701289e-01,5.860755134902333197e+01
2.738608183494941617e-01,8.347770507509354176e-02,8.869506164228679879e-02,2.909771194963373664e-01,8.752238218800072467e-01,5.871779077843575578e+01
2.846995626791645195e-01,8.263535521621659385e-02,8.780006491723033046e-02,3.024932853466125726e-01,8.740637026553320643e-01,5.873267864315529607e+01
2.933388173158257839e-01,8.164565360398039207e-02,8.674850695422935132e-02,3.116724933980651313e-01,8.730299694780118136e-01,5.873593676761495885e+01
3.035086505114995004e-01,8.261457451332138158e-02,8.777798542040392282e-02,3.224779411684680075e-01,8.727516862930816410e-01,5.875370113481586998e+01
3.086082468045627247e-01,8.512399123622939323e-02,9.044424068849367393e-02,3.278962622298476903e-01,8.732865037584657264e-01,5.876233691279409044e+01
3.118552630080755339e-01,8.763916023663999300e-02,9.311660775142990842e-02,3.313462169460800189e-01,8.740722260042864677e-01,5.874383567663367245e+01
3.142499269578616361e-01,9.013012472030899891e-02,9.576325751532824282e-02,3.338905473927277767e-01,8.746578001829179438e-01,5.879286504985695672e+01
3.160969379072671170e-01,9.160976367112932950e-02,9.733537390057475647e-02,3.358529965264712147e-01,8.758487286252073512e-01,5.881261665924136395e+01
3.184625788442894123e-01,9.243729907494967202e-02,9.821463026713389555e-02,3.383664900220573202e-01,8.768099118740962927e-01,5.882139998104968015e+01
3.202250810937142811e-01,9.291451375407747126e-02,9.872167086370722822e-02,3.402391486620711114e-01,8.773450411886767331e-01,5.882009285593464654e+01
3.211280266700221597e-01,9.335785606505629663e-02,9.919272206912221890e-02,3.411985283368983435e-01,8.775917447749288502e-01,5.882350328848603738e+01
3.216828785442220062e-01,9.362416763030148581e-02,9.947567810719545878e-02,3.417880584532362875e-01,8.777531553940646214e-01,5.882507992218262416e+01
3.220081287761905053e-01,9.377793831681374703e-02,9.963905946161447091e-02,3.421336368247021031e-01,8.778623318779787965e-01,5.882561723827718225e+01
3.221121670919435132e-01,9.370002818793672639e-02,9.955627994968273276e-02,3.422441775351899862e-01,8.779207835133011617e-01,5.881800440220597892e+01
3.228428994063858304e-01,9.417465344666960114e-02,1.000605692870864677e-01,3.430205806192849760e-01,8.779693097405378843e-01,5.880075454295992898e+01
3.238155023994168658e-01,9.481939295740970941e-02,1.007456050172478024e-01,3.440539712993805344e-01,8.780046568636026283e-01,5.877831529764643648e+01
3.250913458903125774e-01,9.566433282836384056e-02,1.016433536301365043e-01,3.454095550084569921e-01,8.780721661343732221e-01,5.875310045916685198e+01
3.268021184543561941e-01,9.682358376618399598e-02,1.028750577515704784e-01,3.472272508577534667e-01,8.781669576114189413e-01,5.872760362751459695e+01
3.284355553467516731e-01,9.797027475923736350e-02,1.040934169316897057e-01,3.489627775559236422e-01,8.782611251267166130e-01,5.870512893556834655e+01
3.299637544332266192e-01,9.907847560410228127e-02,1.052708803293587736e-01,3.505864890853034321e-01,8.783361628264194643e-01,5.868505273544150924e+01
3.310556379559084217e-01,1.001981810419386443e-01,1.064605673570597072e-01,3.517466153281525454e-01,8.783892145849782063e-01,5.866861031309665719e+01
3.321938233708024990e-01,1.008802083685998163e-01,1.071852213916372476e-01,3.529559373314772874e-01,8.784588508951384211e-01,5.866101240392359273e+01
3.316369615612592137e-01,1.010754260933170862e-01,1.073926402241495576e-01,3.523642716588379353e-01,8.783199931357137391e-01,5.865722711984147963e+01
3.259416705577491968e-01,1.001273678461795935e-01,1.063853283365659569e-01,3.463130249676087402e-01,8.780907165625455590e-01,5.866687443981560790e+01
3.193366601455732701e-01,9.909032588419489085e-02,1.052834712519572363e-01,3.392952014046719533e-01,8.775087754598986933e-01,5.868257020563051185e+01
3.119371699972742773e-01,9.810935649938075376e-02,1.042411912805920604e-01,3.314332431221040931e-01,8.762259966896892571e-01,5.870410941447710940e+01
3.050271210630459695e-01,9.688122213802051463e-02,1.029362985216468879e-01,3.240913161294863842e-01,8.746869493974229748e-01,5.872452446030199269e+01
2.937687034551325072e-01,9.392969609717792545e-02,9.980030210325174789e-02,3.121292474210787815e-01,8.739848293826888437e-01,5.871144730024284542e+01
2.830085149004538114e-01,9.045585341534168045e-02,9.610934425380056323e-02,3.006965470817319908e-01,8.726595573169569908e-01,5.867671410695447065e+01
2.735959814950676972e-01,8.686691490342396405e-02,9.229609708488802078e-02,2.906957303385094837e-01,8.731511775466860303e-01,5.861836045865324252e+01
2.608933887475249347e-01,8.247412524118430399e-02,8.762875806875815299e-02,2.771992255442449204e-01,8.760154997819256106e-01,5.856976519306121531e+01
2.410480362278163702e-01,7.840304541099231417e-02,8.330323574917918028e-02,2.561135384920544822e-01,8.785931519219876140e-01,5.856565473693422064e+01
2.199816023145539923e-01,7.464985968932051630e-02,7.931547591990288637e-02,2.337304524592135058e-01,8.803530760737038330e-01,5.855301238355495030e+01
2.031847886195089492e-01,7.101381801079791056e-02,7.545218163647299248e-02,2.158838379082285430e-01,8.822273543290537479e-01,5.857970763508678402e+01
1.894237014162957755e-01,6.982428285737128648e-02,7.418830053595684704e-02,2.012626827548139319e-01,8.843114747986582369e-01,5.856098307980612105e+01
1.773623278029618500e-01,7.073950707818851824e-02,7.516072627057517053e-02,1.884474732906467609e-01,8.865747724569338351e-01,5.844640164459079301e+01
1.659823286754375238e-01,7.206159561783237466e-02,7.656544534394675583e-02,1.763562242176519856e-01,8.882842709004468151e-01,5.838951776530521443e+01
1.548744326573414098e-01,7.343776711838093108e-02,7.802762756327982774e-02,1.645540846984252792e-01,8.900346584240667047e-01,5.847785063755995338e+01
1.455432047090808589e-01,7.594737507117325925e-02,8.069408601312146045e-02,1.546396550033980466e-01,8.911492648183728660e-01,5.860401858576057776e+01
1.411826586505880443e-01,8.001609339224305395e-02,8.501709922925831941e-02,1.500065748162498769e-01,8.922795643650560660e-01,5.875334384246590247e+01
1.460278760674060261e-01,8.445138078489473898e-02,8.972959208395042685e-02,1.551546183216187536e-01,8.946208446012581250e-01,5.889110858381810942e+01
1.530984381842424857e-01,8.635209962210632639e-02,9.174910584848811057e-02,1.626670905707576775e-01,8.975548180786592223e-01,5.904590857324763675e+01
1.646959161497662805e-01,8.828619898613720984e-02,9.380408642277079934e-02,1.749894109091268135e-01,9.001203628592191475e-01,5.915404144765608407e+01
1.782423059461231973e-01,9.053008051385895427e-02,9.618821054597509468e-02,1.893824500677558642e-01,9.016145632228090845e-01,5.924396375629086009e+01
1.920002146808083565e-01,9.339886871848240846e-02,9.923629801338752776e-02,2.040002280983588823e-01,9.022793147345180564e-01,5.932998561286862582e+01
2.015425790354991586e-01,9.721059947814277014e-02,1.032862619455267583e-01,2.141389902252177901e-01,9.014319797082583907e-01,5.937736309415699765e+01
2.089715304056682932e-01,1.024993830840632975e-01,1.089055945268173620e-01,2.220322510560225893e-01,9.006111359686059803e-01,5.941206461259862692e+01
2.173966608270632428e-01,1.083816541666732247e-01,1.151555075520903082e-01,2.309839521287547215e-01,8.989611312760270589e-01,5.938780403458216739e+01
2.270990845026422400e-01,1.129923632257179011e-01,1.200543859273253966e-01,2.412927772840573470e-01,8.966480181938405458e-01,5.933937540617952777e+01
2.339458191658647102e-01,1.197365039705536316e-01,1.272200354687132717e-01,2.485674328637313413e-01,8.938082142413058540e-01,5.928546082779591586e+01
2.361388455559576272e-01,1.274615286292790917e-01,1.354278741686091025e-01,2.508975234032050361e-01,8.914929816173281507e-01,5.923929399394504713e+01
2.397298816984882175e-01,1.365308045029378914e-01,1.450639797843714662e-01,2.547129993046435836e-01,8.889645866867555979e-01,5.926526579454195343e+01
2.456879164791390957e-01,1.438100011341373885e-01,1.527981262050210620e-01,2.610434112590853117e-01,8.868762973795920601e-01,5.937181223103686278e+01
2.526950295802815050e-01,1.469823119469886863e-01,1.561687064436755312e-01,2.684884689290490956e-01,8.847285656564912726e-01,5.943421967374131043e+01
2.618522986469385971e-01,1.500790583561535385e-01,1.594589995034132457e-01,2.782180673123721970e-01,8.821064310074564485e-01,5.951754915541248181e+01
2.696221018438481054e-01,1.533901739203371584e-01,1.629770597903582308e-01,2.864734832090887195e-01,8.798709649272586919e-01,5.963327444695688939e+01
2.772247357114591138e-01,1.572403736874896651e-01,1.670678970429578802e-01,2.945512816934253153e-01,8.783470645274417121e-01,5.972519491232883837e+01
2.840637999069334230e-01,1.608353892023707543e-01,1.708876010275188484e-01,3.018177874011171435e-01,8.768681760500188771e-01,5.979785717452807603e+01
2.919257010125311802e-01,1.637466914863840439e-01,1.739808597042830640e-01,3.101710573258145698e-01,8.755540830285508669e-01,5.980770294089754913e+01
3.052920634354827634e-01,1.661175201427601278e-01,1.764998651516826167e-01,3.243728174002007414e-01,8.729855923454747924e-01,5.977080205727042994e+01
3.186013264161618452e-01,1.679639286871074944e-01,1.784616742300517978e-01,3.385139093171721791e-01,8.704513271176822498e-01,5.974263593426911001e+01
3.313493170096332152e-01,1.694423698832223657e-01,1.800325180009236803e-01,3.520586493227351177e-01,8.681508171844354305e-01,5.972695642684674056e+01
3.424631705901442502e-01,1.690120639094923882e-01,1.795753179038359071e-01,3.638671187520282069e-01,8.673295855237090901e-01,5.970251848827697216e+01
3.564782151533170129e-01,1.674738979607968969e-01,1.779410165833468227e-01,3.787581036003995205e-01,8.662965615986740753e-01,5.962089958874840789e+01
3.653170181791495774e-01,1.670387371574416635e-01,1.774786582297819548e-01,3.881493318153462213e-01,8.653761883906606611e-01,5.953442309868231064e+01
3.660300739813545090e-01,1.682917233735532481e-01,1.788099560844004787e-01,3.889069536051890097e-01,8.650726092568490344e-01,5.950689951443236225e+01
3.614300838390485660e-01,1.705272315614552725e-01,1.811851835340461958e-01,3.840194640789892921e-01,8.650139299072783228e-01,5.952960691935216175e+01
3.585535558713272564e-01,1.722941201670164513e-01,1.830625026774550523e-01,3.809631531132853244e-01,8.647120011501094883e-01,5.955423798825788140e+01
3.572168632202821215e-01,1.728047996683449161e-01,1.836050996476165931e-01,3.795429171715498096e-01,8.645683017542010740e-01,5.956119193084781216e+01
3.564490109442969290e-01,1.730151194607169873e-01,1.838285644270118424e-01,3.787270741283156883e-01,8.645240344110053377e-01,5.956842939475277632e+01
3.558975012591109599e-01,1.731367387502316946e-01,1.839577849221211980e-01,3.781410950878054678e-01,8.645380929539484560e-01,5.957471690277665033e+01
3.555359789009496785e-01,1.732059801472760896e-01,1.840313539064808712e-01,3.777569775822591236e-01,8.645568710103479493e-01,5.957819110227833193e+01
3.552947851218626885e-01,1.732444091542437170e-01,1.840721847263839528e-01,3.775007091919790891e-01,8.645751511668783307e-01,5.958011758953422543e+01
3.551315537321237392e-01,1.732636589018233253e-01,1.840926375831873074e-01,3.773272758403816707e-01,8.645915653188155359e-01,5.958117566426279410e+01
3.550202123778121721e-01,1.732718184214039336e-01,1.841013070727417489e-01,3.772089756514253600e-01,8.646052572560198879e-01,5.958174846174020445e+01
3.549441461029772538e-01,1.732738598743905345e-01,1.841034761165399880e-01,3.771281552344135091e-01,8.646160089456754738e-01,5.958204486378592435e+01
3.548917797949062702e-01,1.732725696919205360e-01,1.841021052976656580e-01,3.770725160320879121e-01,8.646242372342890503e-01,5.958218223359273935e+01
3.548540734395091434e-01,1.732693766529820045e-01,1.840987126937933538e-01,3.770324530294785204e-01,8.646308490384133627e-01,5.958223381641360561e+01
3.548266751214167458e-01,1.732653413489324001e-01,1.840944251832407341e-01,3.770033423165054520e-01,8.646361044875443547e-01,5.958223552971373493e+01
3.548042991638282184e-01,1.732610492211335007e-01,1.840898647974543167e-01,3.769795678615676660e-01,8.646410180547537960e-01,5.958222021792922618e+01
3.543029800421353959e-01,1.733097264003460314e-01,1.841415843003677000e-01,3.764469162947690628e-01,8.646783912100611813e-01,5.957968497915262418e+01
3.507252522582574583e-01,1.737073501684225085e-01,1.845640595539488893e-01,3.726455805243986674e-01,8.648850835777387447e-01,5.956469297515436523e+01
3.465253324479641295e-01,1.741241188489726643e-01,1.850068762770335218e-01,3.681831657259619361e-01,8.650578981724592609e-01,5.954734278884280485e+01
3.429800704881631468e-01,1.739259389393048583e-01,1.847963101230114535e-01,3.644163248936734822e-01,8.650126173462275858e-01,5.951230944366674436e+01
3.381791921061224615e-01,1.729105821316208880e-01,1.837174935148472577e-01,3.593153916127552194e-01,8.645260717490195201e-01,5.948022914832905172e+01
3.313436780603064014e-01,1.707970612240069797e-01,1.814718775505075044e-01,3.520526579390753641e-01,8.638171647166650313e-01,5.949070869661470340e+01
3.260625795476048139e-01,1.673912312659337764e-01,1.778531832200547225e-01,3.464414907693301182e-01,8.635134960890306077e-01,5.949409931706037469e+01
3.228707286456009018e-01,1.628652854923720861e-01,1.730443658356453085e-01,3.430501491859513363e-01,8.642552938061394130e-01,5.942030938349516589e+01
3.196723790224438311e-01,1.581333742279348586e-01,1.680167101171808341e-01,3.396519027113463762e-01,8.651000533147991112e-01,5.929501802348261208e+01
3.175248542215486913e-01,1.520699429930332802e-01,1.615743144300978984e-01,3.373701576103955158e-01,8.658376434496471985e-01,5.915603401695126706e+01
3.099077707016881233e-01,1.460035624722906267e-01,1.551287851268088880e-01,3.292770063705436900e-01,8.667202171961698731e-01,5.905121627446607135e+01
2.983250367551936177e-01,1.410544833655655028e-01,1.498703885759135046e-01,3.169703515523932813e-01,8.678572958180111874e-01,5.894523073999889107e+01
2.888429449786716341e-01,1.378161997004159478e-01,1.464297121816920400e-01,3.068956290398386355e-01,8.685730908199023048e-01,5.883369313981571480e+01
2.812419043573759492e-01,1.362963484470829933e-01,1.448148702250256215e-01,2.988195233797120154e-01,8.708230589710626024e-01,5.869902091927686172e+01
2.671639310102441045e-01,1.344928516482981617e-01,1.428986548763167830e-01,2.838616766983845241e-01,8.740140954384252314e-01,5.842261676327973419e+01
2.502994979904797912e-01,1.309223238562254032e-01,1.391049690972394615e-01,2.659432166148845145e-01,8.778405192048152061e-01,5.816612063945055411e+01
2.344504128288771305e-01,1.278068029509714654e-01,1.357947281354072722e-01,2.491035636306820900e-01,8.810941677469462663e-01,5.791844305184621078e+01
2.207852597803587336e-01,1.236191895811318414e-01,1.313453889299525945e-01,2.345843385166311856e-01,8.831097629801252236e-01,5.763969122523889155e+01
2.051956291919496411e-01,1.196031548148897283e-01,1.270783519908202652e-01,2.180203560164465093e-01,8.839048257530961461e-01,5.739527208552007664e+01
1.861907269357729600e-01,1.153205259786581893e-01,1.225280588523243591e-01,1.978276473692590354e-01,8.843331463824760652e-01,5.720288538718247651e+01
1.697513061235115250e-01,1.128219569903402691e-01,1.198733293022365559e-01,1.803607627562311688e-01,8.838985337525404606e-01,5.704396178806855033e+01
1.502051939830741367e-01,1.095248465472110078e-01,1.163701494564115813e-01,1.595930186070163015e-01,8.833939080620112350e-01,5.693962207045900925e+01
1.347429974094100646e-01,1.070154556254829803e-01,1.137039216020756527e-01,1.431644347474984869e-01,8.819645246360384716e-01,5.689609986520837026e+01
1.217276326621121174e-01,1.052533965296690022e-01,1.118317338127733235e-01,1.293356097034938090e-01,8.802326317549958867e-01,5.687803964044579885e+01
1.110896100858137642e-01,1.022263430473861756e-01,1.086154894878477994e-01,1.180327107161770195e-01,8.797137416805030918e-01,5.683678972878441016e+01
1.037079177429341692e-01,1.001022798863971108e-01,1.063586723792969424e-01,1.101896626018673137e-01,8.783147618780156041e-01,5.680868676216080360e+01
1.015919920416114147e-01,9.889063336350463473e-02,1.050712979487237186e-01,1.079414915442122869e-01,8.761552690690062040e-01,5.678844731110949340e+01
1.060929098710839402e-01,9.651724273972568657e-02,1.025495704109584960e-01,1.127237167380264332e-01,8.746175894112937499e-01,5.675052897150136033e+01
1.171712939871332876e-01,9.442086631283537479e-02,1.003221704573877271e-01,1.244944998613291276e-01,8.753269621178425552e-01,5.669972115157156622e+01
1.320252359929340591e-01,9.131593136161311741e-02,9.702317707171413674e-02,1.402768132424924152e-01,8.770482918848174769e-01,5.669859858510008621e+01
1.465126276288217511e-01,8.799823004847709407e-02,9.349811942650701480e-02,1.556696668556234175e-01,8.773399994522123047e-01,5.670158766120022875e+01
1.621926190909765697e-01,8.810364599738264302e-02,9.361012387221896713e-02,1.723296577841625377e-01,8.753619275450043036e-01,5.677810894518662366e+01
1.786077210820529448e-01,8.969567734387819125e-02,9.530165717787063284e-02,1.897707036496810717e-01,8.723437853197612002e-01,5.679817365572527166e+01
1.913154813944177857e-01,9.103747040082088571e-02,9.672731230087222576e-02,2.032726989815687446e-01,8.703800767647030812e-01,5.685236117082868645e+01
2.073950650457560552e-01,9.065650415192083589e-02,9.632253566141599221e-02,2.203572566111156594e-01,8.686408039168912465e-01,5.709246701572281069e+01
2.259144711886464651e-01,9.344017602268472888e-02,9.928018702410260077e-02,2.400341256379368571e-01,8.662429676513732080e-01,5.731212829958017352e+01
2.430428422081924444e-01,9.406102372187158389e-02,9.993983770448852666e-02,2.582330198462045034e-01,8.652555057424197171e-01,5.763121246130805986e+01
2.582747855521676517e-01,9.510778183473374281e-02,1.010520181994045280e-01,2.744169596491783936e-01,8.645891614878633558e-01,5.798690904738775487e+01
2.695592705798173783e-01,9.269681728632030160e-02,9.849036836671529183e-02,2.864067249910559054e-01,8.639483395104941010e-01,5.818919201461109481e+01
2.827859702869370828e-01,9.088014364621169183e-02,9.656015262409993472e-02,3.004600934298703452e-01,8.640068598219624585e-01,5.840124129697535693e+01
2.928334185618419738e-01,9.218506928809711010e-02,9.794663611860317254e-02,3.111355072219570972e-01,8.644127212590783094e-01,5.866424405492512051e+01
3.090613545286940433e-01,9.330991247824538259e-02,9.914178200813578146e-02,3.283776891867374870e-01,8.639790438605261524e-01,5.874653662173254531e+01
3.238287385789151984e-01,9.459875575565630801e-02,1.005111779903848646e-01,3.440680347400974504e-01,8.638120602065122444e-01,5.879312789398900208e+01
3.302903993537172345e-01,9.724655743987259404e-02,1.033244672798647457e-01,3.509335493133247108e-01,8.648167400218249590e-01,5.886392249699118651e+01
3.347440813781998314e-01,1.015007671316150717e-01,1.078445650773408870e-01,3.556655864643371578e-01,8.652579464324856584e-01,5.894136093550959288e+01
3.385083987414316264e-01,1.042529896847586846e-01,1.107688015400558890e-01,3.596651736627706208e-01,8.669685296593525603e-01,5.901125042908394391e+01
3.417814562594791994e-01,1.059740828993206013e-01,1.125974630805281484e-01,3.631427972756965938e-01,8.698383352518875844e-01,5.909127647627012436e+01
3.433146152709474208e-01,1.073268124399411882e-01,1.140347382174374258e-01,3.647717787253815236e-01,8.720700194913557635e-01,5.916784869014195891e+01
3.436848574279889323e-01,1.071613363666708840e-01,1.138589198895877674e-01,3.651651610172382822e-01,8.723312112201262458e-01,5.923065714856584663e+01
3.438222111949821302e-01,1.071144595684178635e-01,1.138091132914440390e-01,3.653110993946688256e-01,8.723070602972362586e-01,5.924222000537303501e+01
3.436665169528658748e-01,1.069334046784578274e-01,1.136167424708613843e-01,3.651456742624196727e-01,8.725420626928266365e-01,5.925092741383772932e+01
3.436777328309157942e-01,1.069397382910076133e-01,1.136234719341955579e-01,3.651575911328479029e-01,8.725276496340532706e-01,5.925497293936435739e+01
3.436616634045678298e-01,1.069453143588304789e-01,1.136293965062574046e-01,3.651405173673534232e-01,8.725307037394515186e-01,5.925488191700309670e+01
3.443420385878892542e-01,1.073781338060791068e-01,1.140892671689591881e-01,3.658634159996325685e-01,8.726036968335072475e-01,5.924225832046649742e+01
3.452978038087046175e-01,1.079645857252146401e-01,1.147123723330404493e-01,3.668789165467483682e-01,8.726789727795354334e-01,5.922527946797283960e+01
3.464542921372164019e-01,1.086603757998471920e-01,1.154516492873376154e-01,3.681076853957924166e-01,8.727552020963783574e-01,5.920555559978301829e+01
3.478196923726586953e-01,1.094714275804040543e-01,1.163133918041791975e-01,3.695584231459496105e-01,8.728342227136161036e-01,5.918338369395050336e+01
3.493549743593764578e-01,1.103768777729790956e-01,1.172754326337901720e-01,3.711896602568372505e-01,8.729180180447545512e-01,5.915960532148789497e+01
3.510203802804344186e-01,1.113573733055101683e-01,1.183172091371045981e-01,3.729591540479615386e-01,8.730089053839286128e-01,5.913490959577276129e+01
3.527500060658791403e-01,1.123803055192793138e-01,1.194040746142343290e-01,3.747968814449965658e-01,8.731085068777625358e-01,5.911013363023959499e+01
3.530578209695384162e-01,1.133042610390367078e-01,1.203857773539765835e-01,3.751239347801346713e-01,8.732665916904563952e-01,5.908612049243606634e+01
3.534911553286218533e-01,1.133263714526358684e-01,1.204092696684255781e-01,3.755843525366607816e-01,8.735615393801221540e-01,5.907239395192623732e+01
3.531327884114240367e-01,1.131027210533777083e-01,1.201716411192137735e-01,3.752035876871380737e-01,8.738197963419859216e-01,5.906225881565511315e+01
3.516030936055705713e-01,1.128469369476635537e-01,1.198998705068924225e-01,3.735782869559185482e-01,8.739898706141178142e-01,5.905423900494848510e+01
3.485207789606242224e-01,1.124725292071397931e-01,1.195020622825860024e-01,3.703033276456631495e-01,8.739450303745487370e-01,5.905119663395885254e+01
3.428348146029272514e-01,1.119607191257237927e-01,1.189582640710814543e-01,3.642619905156102011e-01,8.731506975314267116e-01,5.906088394996202595e+01
3.357470806085565140e-01,1.114274396512652671e-01,1.183916546294692673e-01,3.567312731465913100e-01,8.717350501674401286e-01,5.907857283853037700e+01
3.251809478870568704e-01,1.089243293198425000e-01,1.157320999023325053e-01,3.455047571299979525e-01,8.711286306093191101e-01,5.905957880447405728e+01
3.134186742341988352e-01,1.051327694765828713e-01,1.117035675688693580e-01,3.330073413738365851e-01,8.704530147618578795e-01,5.899645830301778204e+01
2.990805146824817018e-01,9.946968239677848878e-02,1.056865375465771417e-01,3.177730468501366312e-01,8.702859054439155972e-01,5.886562241298901199e+01
2.806686653176076462e-01,9.393777761149481320e-02,9.980888871221343939e-02,2.982104568999582872e-01,8.712119025252663684e-01,5.875286401711922935e+01
2.612102027895810141e-01,8.916218732303357597e-02,9.473482403072304436e-02,2.775358404639298171e-01,8.730521133407275203e-01,5.872897765163673256e+01
2.466976935888843814e-01,8.193828792276595940e-02,8.705943091793894029e-02,2.621162994381897038e-01,8.767536376886755356e-01,5.878392540876134831e+01
2.364033981002506002e-01,7.495256252774860906e-02,7.963709768573276615e-02,2.511786104815160736e-01,8.792487636835649711e-01,5.891357658173318157e+01
2.218194644454315190e-01,7.098056672035536752e-02,7.541685214037767426e-02,2.356831809732713168e-01,8.813617869936263283e-01,5.898349933682037971e+01
2.074245959842459242e-01,6.979363857515530345e-02,7.415574098610248910e-02,2.203886332332612163e-01,8.840595192363023269e-01,5.906609828961241959e+01
1.909787741008306949e-01,7.089516938842592431e-02,7.532611747520245871e-02,2.029149474821324572e-01,8.856224526224747429e-01,5.908674884071977829e+01
1.742880709474992629e-01,7.406991096750790982e-02,7.869928040297727301e-02,1.851810753817181021e-01,8.862823389125683571e-01,5.909990957020418989e+01
1.625246843976470845e-01,7.901698308778744295e-02,8.395554453077397339e-02,1.726824771724999597e-01,8.878854844053656326e-01,5.924994213691184797e+01
1.549233812683247780e-01,8.405615460467621980e-02,8.930966426746866915e-02,1.646060925975952327e-01,8.893984433194950245e-01,5.940388325643628065e+01
1.527295394331201484e-01,8.951259721696809557e-02,9.510713454302856251e-02,1.622751356476898610e-01,8.890400400919057367e-01,5.959227341049696491e+01
1.578011635602055152e-01,9.471010832919497802e-02,1.006294900997696945e-01,1.676637362827183009e-01,8.885810662608782939e-01,5.978691918495998436e+01
1.677122922418468887e-01,1.001621992323046689e-01,1.064223366843237290e-01,1.781943105069624111e-01,8.886004476866857793e-01,5.997026244673148909e+01
1.835087363120385395e-01,1.044457239073688926e-01,1.109735816515795004e-01,1.949780323315409014e-01,8.890787521153379336e-01,6.010951243539909683e+01
2.002324254624758271e-01,1.095255699146869960e-01,1.163709180343549948e-01,2.127469520538803893e-01,8.888390710271367734e-01,6.020089890876980832e+01
2.132662440705162255e-01,1.173337169517246342e-01,1.246670742612073779e-01,2.265953843249234878e-01,8.874953056829544273e-01,6.025947603265894514e+01
2.233860649284824806e-01,1.249995703999133706e-01,1.328120435499080820e-01,2.373476939865126478e-01,8.854447036296111406e-01,6.032729298747924673e+01
2.368061813471958599e-01,1.296023233445955103e-01,1.377024685536327175e-01,2.516065676813958318e-01,8.830115988930090642e-01,6.036631050939946874e+01
2.514799145917275269e-01,1.331441923644781089e-01,1.414657043872580844e-01,2.671974092537104939e-01,8.792026388174312146e-01,6.040121329435940112e+01
2.627083702187883452e-01,1.361071394132940815e-01,1.446138356266250535e-01,2.791276433574624294e-01,8.756267494641163385e-01,6.046484778106746916e+01
2.708498102204865421e-01,1.393769798316899511e-01,1.480880410711706008e-01,2.877779233592667740e-01,8.719127520230443018e-01,6.053474738912693454e+01
2.775365901712519845e-01,1.431749878444893709e-01,1.521234245847699895e-01,2.948826270569551711e-01,8.684486268804076925e-01,6.066007518458321357e+01
2.854824838972447876e-01,1.474205361766196543e-01,1.566343196876583965e-01,3.033251391408225417e-01,8.651615817334853409e-01,6.088518730717477467e+01
2.948918924371368155e-01,1.510592704824841870e-01,1.605004748876395215e-01,3.133226357144577312e-01,8.618609126936489506e-01,6.107403580995310932e+01
3.021398889370150997e-01,1.537965787654869965e-01,1.634088649383297898e-01,3.210236319955785400e-01,8.590159284998878375e-01,6.118513767948365256e+01
3.062898972792596486e-01,1.564719656821028371e-01,1.662514635372343841e-01,3.254330158592132483e-01,8.585187368750759607e-01,6.125645051207268210e+01
3.101762413331060619e-01,1.601926281164999522e-01,1.702046673737812599e-01,3.295622564164254475e-01,8.577972654695099619e-01,6.128910203433815695e+01
3.184726106932900258e-01,1.643971499569172878e-01,1.746719718292248091e-01,3.383771488616207357e-01,8.561297690357690948e-01,6.126082871525806439e+01
3.256988305537098505e-01,1.688991484768928575e-01,1.794553452566985674e-01,3.460550074633169104e-01,8.540326719363453556e-01,6.120976795331196740e+01
3.320933690268467187e-01,1.725720624020748439e-01,1.833578163022044627e-01,3.528492045910248120e-01,8.521090591784836743e-01,6.115839195855689070e+01
3.385633720271786218e-01,1.745851042620936433e-01,1.854966732784744943e-01,3.597235827788772267e-01,8.508920091217582193e-01,6.108642256715834407e+01
3.431220040645945879e-01,1.754557673768437354e-01,1.864217528378965261e-01,3.645671293186314998e-01,8.505456985511661294e-01,6.100347384353377578e+01
3.460674165147157866e-01,1.764922414678867513e-01,1.875230065596296958e-01,3.676966300468856863e-01,8.509831721006251293e-01,6.094017743074544313e+01
3.494210838717570766e-01,1.771992408824361043e-01,1.882741934375884163e-01,3.712599016137418939e-01,8.513989336661829110e-01,6.088699581695626506e+01
3.502784465768404298e-01,1.777565797915823809e-01,1.888663660285562207e-01,3.721708494878930851e-01,8.517431774404717881e-01,6.082861232911867688e+01
3.492276857723827233e-01,1.775156141889661920e-01,1.886103400757764559e-01,3.710544161331568724e-01,8.524468547986193689e-01,6.079082291082677614e+01
3.480285426544826310e-01,1.771597050077116375e-01,1.882321865706937658e-01,3.697803265703877851e-01,8.532732355564058846e-01,6.076728431974247258e+01
3.479309805759935870e-01,1.769895218099346856e-01,1.880513669230556573e-01,3.696766668619931862e-01,8.536025708437603443e-01,6.075786611288344119e+01
3.477174993220067400e-01,1.768465390793056702e-01,1.878994477717624290e-01,3.694498430296324631e-01,8.538558924281974827e-01,6.074970139453757412e+01
3.475370542026566256e-01,1.767596268828763029e-01,1.878071035630560770e-01,3.692581200903227723e-01,8.540095119685409131e-01,6.074508993551481240e+01
3.471350719997381429e-01,1.767195709853464913e-01,1.877645441719307806e-01,3.688310139997219017e-01,8.541969962931306171e-01,6.074523245148365902e+01
3.468764339203819769e-01,1.766959918746834890e-01,1.877394913668511967e-01,3.685562110404059233e-01,8.543143523355241076e-01,6.074534002592154991e+01
3.467053826194709809e-01,1.766804313158185091e-01,1.877229582730572111e-01,3.683744690331879346e-01,8.543887263665207454e-01,6.074543666836856914e+01
3.465905913437224428e-01,1.766686761317974586e-01,1.877104683900348292e-01,3.682525033027050365e-01,8.544366681187401946e-01,6.074550261605957502e+01
3.465118354334841277e-01,1.766591863908947846e-01,1.877003855403256427e-01,3.681688251480768614e-01,8.544679981076928055e-01,6.074554530923734319e+01
3.464581480854432294e-01,1.766512119022771443e-01,1.876919126461694676e-01,3.681117823407834555e-01,8.544882152553271437e-01,6.074555929141029509e+01
3.464218538157481930e-01,1.766441923680490689e-01,1.876844543910523022e-01,3.680732196792322886e-01,8.545009852264362493e-01,6.074554498252564372e+01
3.463956402765593912e-01,1.766379395169820343e-01,1.876778107367934045e-01,3.680453677938442802e-01,8.545094858243585945e-01,6.074552037715113073e+01
3.463749323414321846e-01,1.766324636446434670e-01,1.876719926224337254e-01,3.680233656127717690e-01,8.545156784911247527e-01,6.074549921790244866e+01
3.463581943070262459e-01,1.766275721047567693e-01,1.876667953613041229e-01,3.680055814512158130e-01,8.545202835576234390e-01,6.074548071036984709e+01
3.463442256898464078e-01,1.766231592467959188e-01,1.876621066997206377e-01,3.679907397954619852e-01,8.545238459879026527e-01,6.074546434547414719e+01
3.463322278511533625e-01,1.766191535710049942e-01,1.876578506691929105e-01,3.679779920918503922e-01,8.545267194852560477e-01,6.074544977693666681e+01
3.463216923870421904e-01,1.766155005180362614e-01,1.876539693004136977e-01,3.679667981612321226e-01,8.545291225168908378e-01,6.074543675358220440e+01
3.463122871264693314e-01,1.766121576787820779e-01,1.876504175337059266e-01,3.679568050718736716e-01,8.545311924475619270e-01,6.074542508202300439e+01
3.478239377996321657e-01,1.755331708860172202e-01,1.865039940663931750e-01,3.695629339121092038e-01,8.544076867509861062e-01,6.074160839707262483e+01
3.477845478731166895e-01,1.733305470281843730e-01,1.841637062174458772e-01,3.695210821151864722e-01,8.542132172470828788e-01,6.075375572531373791e+01
3.425153383469620727e-01,1.713817838123398163e-01,1.820931453006109646e-01,3.639225469936474555e-01,8.534749734478799255e-01,6.079222209556645140e+01
3.357168589482871779e-01,1.697587677897467728e-01,1.803686907766059166e-01,3.566991626325553000e-01,8.526037998941168317e-01,6.076237844601025984e+01
3.281312323513939089e-01,1.670981281162063070e-01,1.775417611234692827e-01,3.486394343733562051e-01,8.520219959422067335e-01,6.069074165260899179e+01
3.218507617052406844e-01,1.618349421035667202e-01,1.719496259850396835e-01,3.419664343118182237e-01,8.529175536561780513e-01,6.058521682627425520e+01
3.120088463861618311e-01,1.567574144002022440e-01,1.665547528002149502e-01,3.315093992852969906e-01,8.540746017527851564e-01,6.048201845200646432e+01
2.998190924804626234e-01,1.529196434713709640e-01,1.624771211883317967e-01,3.185577857604914853e-01,8.546577275959683639e-01,6.037904091309895449e+01
2.914310160327676646e-01,1.505980546592054214e-01,1.600104330754057724e-01,3.096454545348158449e-01,8.567670011198272872e-01,6.028635254534847121e+01
2.821586155062180135e-01,1.483980256185604696e-01,1.576729022197204400e-01,2.997935289753569377e-01,8.600768168515539047e-01,6.021294681818305605e+01
2.720499246512149139e-01,1.449274020072534308e-01,1.539853646327067616e-01,2.890530449419159154e-01,8.635692223751268992e-01,6.009100497247057149e+01
2.586175123998371017e-01,1.397780032947657791e-01,1.485141285006886525e-01,2.747811069248269900e-01,8.690901220034604746e-01,5.991420029080000376e+01
2.415678541381499900e-01,1.343676429623231472e-01,1.427656206474685052e-01,2.566658450217842447e-01,8.744151900556474954e-01,5.970650486787976519e+01
2.253306590519105479e-01,1.302779189219379075e-01,1.384202888545590926e-01,2.394138252426551705e-01,8.792900424545176952e-01,5.953940722909336358e+01
2.065040529886258136e-01,1.258153790046593612e-01,1.336788401924504932e-01,2.194105563004151160e-01,8.840165894447153949e-01,5.935385271751296443e+01
1.866529420205133016e-01,1.213754607762629334e-01,1.289614270747793667e-01,1.983187508967953760e-01,8.880066310936791663e-01,5.921783018942833365e+01
1.682117596616276578e-01,1.189375645672412218e-01,1.263711623526937999e-01,1.787249946404794454e-01,8.902143608376303918e-01,5.907607330428888304e+01
1.532791272641287339e-01,1.166332218484729399e-01,1.239227982140024970e-01,1.628590727181367936e-01,8.914880775074255359e-01,5.899237520113081246e+01
1.417538968675167987e-01,1.146207533113909327e-01,1.217845503933529527e-01,1.506135154217367045e-01,8.913949817697237599e-01,5.896842501865034336e+01
1.320877115361930310e-01,1.113619494780891395e-01,1.183220713204696239e-01,1.403431935072049774e-01,8.900733255360580021e-01,5.898894116549405453e+01
1.238339852188500151e-01,1.071602983706396450e-01,1.138578170188046246e-01,1.315736092950277880e-01,8.881510310829381361e-01,5.903893740677935398e+01
1.158260797298635708e-01,1.023581634194715012e-01,1.087555486331884119e-01,1.230652097129798922e-01,8.864233275864253914e-01,5.905876823388963714e+01
1.090784962936263841e-01,9.728149632550578407e-02,1.033615898458499771e-01,1.158959023119779941e-01,8.854193639517221603e-01,5.903943709919317939e+01
1.066469936805454211e-01,9.384598304724581230e-02,9.971135698769874323e-02,1.133124307855794405e-01,8.854587021223889742e-01,5.902532320313518710e+01
1.079472874939445826e-01,9.141367549535646397e-02,9.712703021381625945e-02,1.146939929623161242e-01,8.847218133395696738e-01,5.907241154839545061e+01
1.088645999379312945e-01,8.917319189443242977e-02,9.474651638783448959e-02,1.156686374340517853e-01,8.830386532482110695e-01,5.907536559143984789e+01
1.123514276418878383e-01,8.632326156871311662e-02,9.171846541675775233e-02,1.193733918695056156e-01,8.808390204130024381e-01,5.911916704740313122e+01
1.170603697859630837e-01,8.415437104914709476e-02,8.941401923971875609e-02,1.243766428975858346e-01,8.777792706955593882e-01,5.914546296867074915e+01
1.294566576513397627e-01,8.285466102876866412e-02,8.803307734306677068e-02,1.375476987545484198e-01,8.733975560270941241e-01,5.914913384224851001e+01
1.454704190853760570e-01,7.793474141978952441e-02,8.280566275852638269e-02,1.545623202782119843e-01,8.686445365682481379e-01,5.923102288275269700e+01
1.645446887173902251e-01,7.481021901954917896e-02,7.948585770827112928e-02,1.748287317622273240e-01,8.647733622458418923e-01,5.939175867693084854e+01
1.771578051955276512e-01,7.232377965438180345e-02,7.684401588278060025e-02,1.882301680202480287e-01,8.613706142292441026e-01,5.951902876630975925e+01
1.885733347133737026e-01,6.974838046535335179e-02,7.410765424443793714e-02,2.003591681329594254e-01,8.582972988196062580e-01,5.966798402243711763e+01
2.021230502410229224e-01,6.731538917171717151e-02,7.152260099494944789e-02,2.147557408810868984e-01,8.571191397945645551e-01,5.983059910937276271e+01
2.197646916219184177e-01,6.864046397624654072e-02,7.293049297476189574e-02,2.334999848482882112e-01,8.578446970245644509e-01,5.993171361634200167e+01
2.357024871301482416e-01,6.938406410874081720e-02,7.372056811553714950e-02,2.504338925757825240e-01,8.588013316385345597e-01,6.002633367891342431e+01
2.498930629050704622e-01,6.871595310960026959e-02,7.301070017895029685e-02,2.655113793366373764e-01,8.603860723003057265e-01,6.010228657016968157e+01
2.573871804085367532e-01,7.102026032124376942e-02,7.545902659132151802e-02,2.734738791840701788e-01,8.620641249869992473e-01,6.020602705183826941e+01
2.672321176665641285e-01,7.476426125245391741e-02,7.943702758073251102e-02,2.839341250207247369e-01,8.636740685935159201e-01,6.027922078143210882e+01
2.780492847469862583e-01,8.026356163561770840e-02,8.528003423784387416e-02,2.954273650436728405e-01,8.661679043713041981e-01,6.035655151363287274e+01
2.887667605526640924e-01,8.507810113773382754e-02,9.039548245884196365e-02,3.068146830872052755e-01,8.685244476629574439e-01,6.036704730161066834e+01
2.997457154320686823e-01,8.897089746566397284e-02,9.453157855726786185e-02,3.184798226465726523e-01,8.691317743051670819e-01,6.037838537384107696e+01
3.036500609937345940e-01,9.242406721025657468e-02,9.820057141089770514e-02,3.226281898058431241e-01,8.704574790067800549e-01,6.040537046821324907e+01
3.079104365154232692e-01,9.464151933792606941e-02,1.005566142965463317e-01,3.271548387976371264e-01,8.707230254531109770e-01,6.035066929264458224e+01
3.099007629134197805e-01,9.615875538688378743e-02,1.021686775985641005e-01,3.292695605955085481e-01,8.714519657041075451e-01,6.033946674551685163e+01
3.107800365993898528e-01,9.638375780214550326e-02,1.024077426647795885e-01,3.302037888868515347e-01,8.735401335440976522e-01,6.036504764976273663e+01
3.116632466128540502e-01,9.643713093539837966e-02,1.024644516188608356e-01,3.311421995261575879e-01,8.760918003995912251e-01,6.040814501247565715e+01
3.128221876616320563e-01,9.650378623726932337e-02,1.025352728770986127e-01,3.323735743904838169e-01,8.787443133343119106e-01,6.046865305163439785e+01
3.137972180351599194e-01,9.675963370384094153e-02,1.028071108103309622e-01,3.334095441623572409e-01,8.802389546733355719e-01,6.049839955142423520e+01
3.146683684147254523e-01,9.715666547353773996e-02,1.032289570656338140e-01,3.343351414406456890e-01,8.810748970275024128e-01,6.050897817376240795e+01
3.155954967012294388e-01,9.770073278712808340e-02,1.038070285863235548e-01,3.353202152450563411e-01,8.815429909266266906e-01,6.050772755457371943e+01
3.165883405166046716e-01,9.835276473692391996e-02,1.044998125329817951e-01,3.363751117988926786e-01,8.817979024008353317e-01,6.049936391748739339e+01
3.172305425986089999e-01,9.901120863276685613e-02,1.051994091723148644e-01,3.370574515110222324e-01,8.817954684909224961e-01,6.048766776063480677e+01
3.164466276645413467e-01,9.943187050147589412e-02,1.056463624078181063e-01,3.362245418935752017e-01,8.812541027701350504e-01,6.047601589092158747e+01
3.152099128193826538e-01,9.974371437343557134e-02,1.059776965217753414e-01,3.349105323705940940e-01,8.805001646489954981e-01,6.046472144747064448e+01
3.134465840859295693e-01,9.983681074280535694e-02,1.060766114142307620e-01,3.330369955913003444e-01,8.795621919709122327e-01,6.045448127440981523e+01
3.114956211159556898e-01,9.986950606799019359e-02,1.061113501972396622e-01,3.309640974357030974e-01,8.785984556439733195e-01,6.044855190319245253e+01
3.092718010490562719e-01,9.986517137822556456e-02,1.061067445893645184e-01,3.286012886146217338e-01,8.775626377715401993e-01,6.044891942857822897e+01
3.068509600619929167e-01,9.973681117728988577e-02,1.059703618758704585e-01,3.260291450658673318e-01,8.764423226462306760e-01,6.045242735045057714e+01
3.034712560310372509e-01,9.950332091152178093e-02,1.057222784684919842e-01,3.224382095329772491e-01,8.753168014656864671e-01,6.045931560481691491e+01
2.965127610182398121e-01,9.816991302083372117e-02,1.043055325846357351e-01,3.150448085818796651e-01,8.748580324066634883e-01,6.047227808459199139e+01
2.890007160592578672e-01,9.681515080507233084e-02,1.028660977303892943e-01,3.070632608129614805e-01,8.743467408893040860e-01,6.049020291152858420e+01
2.815583294374001677e-01,9.552118731532351081e-02,1.014912615225312120e-01,2.991557250272379176e-01,8.737650694533065643e-01,6.051245525010395454e+01
2.720821890337151716e-01,9.286486160956584912e-02,9.866891546016388903e-02,2.890873258483227515e-01,8.727909124131072449e-01,6.047615730026026171e+01
2.619817246135521804e-01,8.988284240863185504e-02,9.550052005917133990e-02,2.783555824018994485e-01,8.724959113048738057e-01,6.040154684796033280e+01
2.484487362524672449e-01,8.556436313415104189e-02,9.091213583003550369e-02,2.639767822682466125e-01,8.725551738155309378e-01,6.029109416754170780e+01
2.364960619124129582e-01,7.936221753509414834e-02,8.432235613103761240e-02,2.512770657819387576e-01,8.726738746403212010e-01,6.021193066500654112e+01
2.268123143055386648e-01,7.307348037272703989e-02,7.764057289602244172e-02,2.409880839496349736e-01,8.736275432850633127e-01,6.013368457273183054e+01
2.168322519085373046e-01,6.844853061346017897e-02,7.272656377680121464e-02,2.303842676528204680e-01,8.753862684710274067e-01,6.002336859075879971e+01
2.081317711586236630e-01,6.829658402205915357e-02,7.256512052343780383e-02,2.211400068560375465e-01,8.786406582050790837e-01,5.980496378552458481e+01
2.060178772828170357e-01,7.148563233467826461e-02,7.595348435559577671e-02,2.188939946129932479e-01,8.813085165278585764e-01,5.956701570609720875e+01
2.010734132847525613e-01,7.285859509874199891e-02,7.741225729241346665e-02,2.136405016150497438e-01,8.828758780056048527e-01,5.944971962771576557e+01
1.922627754395056232e-01,7.500360080770308857e-02,7.969132585818448911e-02,2.042791989044746570e-01,8.843190000262697303e-01,5.934971503677346760e+01
1.758270857898058259e-01,7.696749458423460255e-02,8.177796299574924266e-02,1.868162786516685825e-01,8.866384830210339851e-01,5.935284069015983732e+01
1.641096550879199700e-01,8.022097431171759663e-02,8.523478520619984233e-02,1.743665085309149265e-01,8.887681960468154507e-01,5.939035690238522847e+01
1.591458847729494419e-01,8.554441027343738513e-02,9.089093591552718787e-02,1.690925025712586016e-01,8.905033251124691018e-01,5.942569029351253818e+01
1.600674983934229634e-01,9.063163395318116211e-02,9.629611107525498648e-02,1.700717170430121605e-01,8.915538497843670251e-01,5.954574810844605537e+01
1.624296381339563611e-01,9.461598758330865000e-02,1.005294868072654224e-01,1.725814905173286284e-01,8.918257335263710672e-01,5.971587378529600443e+01
1.682069616074825524e-01,9.829733175601078343e-02,1.044409149907615242e-01,1.787198967079502154e-01,8.924567727073198231e-01,5.981447118722908129e+01
1.762937055249065577e-01,1.033627708996664035e-01,1.098229440808956014e-01,1.873120621202132574e-01,8.934836806898630579e-01,5.984438523550902289e+01
1.854822087863992885e-01,1.107460626122991204e-01,1.176676915255677885e-01,1.970748468355491556e-01,8.930863843132631485e-01,5.991245104226288731e+01
1.908754464756820812e-01,1.190548262279272351e-01,1.264957528671727116e-01,2.028051618804121159e-01,8.911377870406297363e-01,5.997323533963994890e+01
1.985298991513135269e-01,1.243100031715428516e-01,1.320793783697642720e-01,2.109380178482706814e-01,8.897146283701399261e-01,6.002624156236714015e+01
2.060613407862247337e-01,1.286767156969063630e-01,1.367190104279628615e-01,2.189401745853637449e-01,8.877485647498127852e-01,6.006680461825799711e+01
2.106510775019361792e-01,1.355555642161052898e-01,1.440277869796118271e-01,2.238167698458072563e-01,8.845382902239222744e-01,6.007522312731931891e+01
2.127043746102868227e-01,1.423035470663458479e-01,1.511975187579923663e-01,2.259983980234299139e-01,8.810785274588586180e-01,6.005789349134727217e+01
2.182769177253771620e-01,1.482316963002219545e-01,1.574961773189860192e-01,2.319192250832131097e-01,8.775445735861640006e-01,6.008734431822759348e+01
2.273604098267396068e-01,1.532113864384280766e-01,1.627870980908298904e-01,2.415704354409110854e-01,8.750184592329526279e-01,6.021677610972156458e+01
2.348167202507121243e-01,1.578132558578936029e-01,1.676765843490119756e-01,2.494927652663815887e-01,8.727906606541692147e-01,6.038067142471154369e+01
2.414787170526350446e-01,1.619358921390900707e-01,1.720568853977831880e-01,2.565711368684248095e-01,8.696091621148810402e-01,6.057646842767120177e+01
2.471538261631509026e-01,1.665849158024283183e-01,1.769964730400800934e-01,2.626009402983478513e-01,8.666169883767659288e-01,6.081127204865023117e+01
2.537352622991005391e-01,1.712020375971174679e-01,1.819021649469374224e-01,2.695937161927942083e-01,8.634427278434686492e-01,6.100105928338186345e+01
2.593950860748676090e-01,1.754356256645552836e-01,1.864003522685901693e-01,2.756072789545469526e-01,8.605513020962651805e-01,6.117017930182650787e+01
2.637605790735939038e-01,1.785615620072149856e-01,1.897216596326660454e-01,2.802456152656935262e-01,8.585295214969085320e-01,6.129045400865454951e+01
2.699705677169894624e-01,1.788176334816304336e-01,1.899937355742324918e-01,2.868437281993014287e-01,8.596224964090665166e-01,6.130493574516196276e+01
2.822916404720373640e-01,1.779270813199762546e-01,1.890475239024747567e-01,2.999348680015395674e-01,8.606396703722032360e-01,6.125924717819119536e+01
2.961697912319312120e-01,1.782223416771038516e-01,1.893612380319228683e-01,3.146804031839267601e-01,8.598775737880800518e-01,6.124707392939941997e+01
3.108500544656362385e-01,1.799582339184786495e-01,1.912056235383834957e-01,3.302781828697388677e-01,8.573687988356382128e-01,6.121392653124969740e+01
3.208929589461730347e-01,1.816990584071105641e-01,1.930552495575551530e-01,3.409487688803088390e-01,8.553829377713407789e-01,6.118201165154530941e+01
3.263166755335056846e-01,1.817234090001246527e-01,1.930811220626325597e-01,3.467114677543496337e-01,8.552305158643251914e-01,6.115806281938188960e+01
3.277675780282415241e-01,1.811135819887683407e-01,1.924331808630662943e-01,3.482530516550069177e-01,8.555320045206045165e-01,6.113891911287451109e+01
3.280862170591051230e-01,1.803280205037010309e-01,1.915985217851822742e-01,3.485916056252991724e-01,8.562191118942288348e-01,6.113271002369974383e+01
3.286169277479265016e-01,1.795538865969931175e-01,1.907760045093052637e-01,3.491554857321716998e-01,8.567085019071672969e-01,6.112370272580332653e+01
3.281016385559242798e-01,1.790992150822466322e-01,1.902929160248870710e-01,3.486079909656697451e-01,8.570794826043713899e-01,6.111725623564738186e+01
3.283589847282529783e-01,1.787588588998346717e-01,1.899312875810743595e-01,3.488814212737688658e-01,8.572476975446833292e-01,6.111322525162810138e+01
3.286887590254629066e-01,1.785900455726446845e-01,1.897519234209349426e-01,3.492318064645543174e-01,8.572675632886694874e-01,6.111066001300350337e+01
3.288859466326608527e-01,1.784805463101093725e-01,1.896355804544911372e-01,3.494413182972021525e-01,8.572867088955671289e-01,6.110933442004277794e+01
3.289862237538611622e-01,1.784080137532727817e-01,1.895585146128524190e-01,3.495478627384775439e-01,8.573136241101061428e-01,6.110874166305325161e+01
3.290336771367607382e-01,1.783584288268583729e-01,1.895058306285370142e-01,3.495982819578082879e-01,8.573430605119803927e-01,6.110851435855762048e+01
3.290480975005176112e-01,1.783255412968439424e-01,1.894708876278968501e-01,3.496136035942998266e-01,8.573660514771799246e-01,6.110837473284442467e+01
3.290464915865419782e-01,1.783034525512875168e-01,1.894474183357431341e-01,3.496118973107008032e-01,8.573823368360808939e-01,6.110826088908072506e+01
3.290365450157758942e-01,1.782881337677629241e-01,1.894311421282480756e-01,3.496013290792620021e-01,8.573939765795374202e-01,6.110816482661569182e+01
3.290222071936995674e-01,1.782771084304466125e-01,1.894194277073494304e-01,3.495860951433059638e-01,8.574025946282508581e-01,6.110808236726074227e+01
3.290058707017097239e-01,1.782688524427918086e-01,1.894106557204664476e-01,3.495687376205666164e-01,8.574092060309753682e-01,6.110801030517967547e+01
3.289889422015226939e-01,1.782624203857714751e-01,1.894038216598823154e-01,3.495507510891177616e-01,8.574144531963380222e-01,6.110794659695775266e+01
3.289722134875003312e-01,1.782572215450378694e-01,1.893982978916027571e-01,3.495329768304695772e-01,8.574187517847251527e-01,6.110788988728173621e+01
3.289561120064676270e-01,1.782528834412826779e-01,1.893936886563629407e-01,3.495158690068715379e-01,8.574223724432840088e-01,6.110783919557582067e+01
3.301739643863968454e-01,1.778253702333150443e-01,1.889394558728973439e-01,3.508098371605465893e-01,8.571851510921959516e-01,6.110571862223412865e+01
3.321402080732171469e-01,1.768286572365955212e-01,1.878804483138828973e-01,3.528989710777933331e-01,8.569226008166587194e-01,6.110974734642568507e+01
3.333572124790101787e-01,1.757803458282765074e-01,1.867666174425439141e-01,3.541920382589480165e-01,8.566445064374443863e-01,6.111321486854299678e+01
3.320148531983116991e-01,1.733614047661180546e-01,1.841964925640005024e-01,3.527657815232059235e-01,8.569721556442209121e-01,6.110679953460380176e+01
3.273640037901690003e-01,1.692948637965414893e-01,1.798757927838254556e-01,3.478242540270549132e-01,8.579892689112187387e-01,6.108317594955219221e+01
3.208467535259764136e-01,1.650024945829343670e-01,1.753151504943678551e-01,3.408996756213498736e-01,8.591509261528325059e-01,6.104173574599477803e+01
3.189482076547487943e-01,1.609059083276533353e-01,1.709625275981317416e-01,3.388824706331705627e-01,8.605665579933829967e-01,6.090011817593570242e+01
3.156627202604440630e-01,1.569894126058853923e-01,1.668012508937533056e-01,3.353916402767217475e-01,8.617217054692251077e-01,6.075301398549112974e+01
3.104983052435470459e-01,1.535617985122953166e-01,1.631594109193139630e-01,3.299044493212686668e-01,8.623091036108242458e-01,6.061557734777220929e+01
3.012539605344725091e-01,1.494211806062223646e-01,1.587600043941112815e-01,3.200823330678772005e-01,8.634501943073540353e-01,6.050633386754701348e+01
2.891462167787600679e-01,1.455155551994202212e-01,1.546102773993839608e-01,3.072178553274330648e-01,8.642009153563584567e-01,6.041042898025027341e+01
2.816295634250560176e-01,1.434407499146404807e-01,1.524057967843056027e-01,2.992314111391219944e-01,8.640437051123579515e-01,6.030598214603758578e+01
2.761479808180131723e-01,1.419165165664063311e-01,1.507862988518067215e-01,2.934072296191391205e-01,8.648686923331032617e-01,6.013915302799291140e+01
2.674556479919013019e-01,1.398443554249284015e-01,1.485846276389864717e-01,2.841716259913950604e-01,8.668285666316383198e-01,5.994564149343091231e+01
2.557801920677652552e-01,1.366112579731894039e-01,1.451494615965137625e-01,2.717664540720008404e-01,8.690545496717292373e-01,5.975991239097916718e+01
2.409115161433454111e-01,1.337129616929902398e-01,1.420700217988021818e-01,2.559684859023044212e-01,8.706368704047187101e-01,5.957660714143683833e+01
2.186853446788163957e-01,1.300901774866481120e-01,1.382208135795635895e-01,2.323531787212425870e-01,8.738621629561130755e-01,5.939598550464958038e+01
1.975453123967014779e-01,1.261066467317362438e-01,1.339883121524697573e-01,2.098918944214953342e-01,8.753190421291966450e-01,5.930853921307594590e+01
1.796081752218366412e-01,1.230006038902451970e-01,1.306881416333856016e-01,1.908336861732014555e-01,8.755785624923280164e-01,5.931553187487837420e+01
1.637886211688667215e-01,1.205256414419132310e-01,1.280584940320329268e-01,1.740254099919210373e-01,8.749107513039419137e-01,5.938221013817558713e+01
1.464223111229388807e-01,1.182542652091529145e-01,1.256451567847248485e-01,1.555737055681227499e-01,8.741196792449402730e-01,5.944525389889813738e+01
1.268280152361587476e-01,1.166398927773092814e-01,1.239298860758911575e-01,1.347547661884186398e-01,8.722612166348980844e-01,5.956836436243685995e+01
1.084561502678126066e-01,1.154375510193783178e-01,1.226523979580894097e-01,1.152346596595511252e-01,8.695896670254454897e-01,5.972124166121889743e+01
9.152460686479860219e-02,1.132849024348504541e-01,1.203652088370286699e-01,9.724489479384869350e-02,8.664332512926963270e-01,5.993713753550947132e+01
7.406880578625728295e-02,1.107407397450414915e-01,1.176620359791066134e-01,7.869810614789839176e-02,8.645013552833045178e-01,6.021135820272968431e+01
5.624475003845243182e-02,1.097755460858207827e-01,1.166365177161845373e-01,5.976004691585575651e-02,8.618987837300819965e-01,6.052688122478790689e+01
4.024879141728168047e-02,1.095205087099358904e-01,1.163655405043069468e-01,4.276434088086196461e-02,8.581241527238885336e-01,6.082407314891584349e+01
3.429828049966216624e-02,1.059018990594579046e-01,1.125207677506740028e-01,3.644192303089145712e-02,8.555953794986859151e-01,6.097932699913604182e+01
5.721899330561187186e-02,1.020893506766763215e-01,1.084699350939686974e-01,6.079518038721246076e-02,8.547768325772484577e-01,6.104648346203239839e+01
8.998051796963361937e-02,9.915336439806848867e-02,1.053504496729476825e-01,9.560430034273562083e-02,8.554579446082599681e-01,6.116091894390152817e+01
1.239117030880432652e-01,9.748561307323395930e-02,1.035784638903110844e-01,1.316561845310460499e-01,8.558356470903418778e-01,6.128949271417488376e+01
1.537230574722943666e-01,9.660302758174697801e-02,1.026407168056061303e-01,1.633307485643126222e-01,8.556740017944787224e-01,6.149179412641807119e+01
1.805015092106658225e-01,1.004283754604391454e-01,1.067051489267166753e-01,1.917828535363324260e-01,8.541010847318576404e-01,6.168042904448351749e+01
2.066854276323632222e-01,1.015733996955540258e-01,1.079217371765261169e-01,2.196032668593856652e-01,8.520487257573964301e-01,6.207275006615731883e+01
2.268132702130305767e-01,9.966167598463152033e-02,1.058905307336710233e-01,2.409890996013449582e-01,8.523048416414579220e-01,6.247860776780234460e+01
2.471794343818411177e-01,9.833833900748585599e-02,1.044844851954537523e-01,2.626281490307063038e-01,8.526409954202192054e-01,6.288400388682784126e+01
2.644034558453157158e-01,9.946331918692932761e-02,1.056797766361125546e-01,2.809286718356482915e-01,8.521190664475820631e-01,6.327932683188075913e+01
2.775873075433794024e-01,1.012016249813824931e-01,1.075267265427188451e-01,2.949365142648405214e-01,8.513719919986918461e-01,6.357860091638064404e+01
2.919728075823008195e-01,1.031493032797796555e-01,1.095961347347659126e-01,3.102211080561946832e-01,8.513815119475939275e-01,6.380014226508227893e+01
3.035805188419602452e-01,1.063707406802760075e-01,1.130189119727933178e-01,3.225543012695829548e-01,8.509040072338116545e-01,6.399883458436739403e+01
3.212567564318119517e-01,1.063167041030971954e-01,1.129614981095408283e-01,3.413353037088004416e-01,8.503882627185221921e-01,6.418275104976294188e+01
3.283803153642329553e-01,1.089973345891572659e-01,1.158096680009794571e-01,3.489040850744971611e-01,8.503649542416644724e-01,6.439050487141302881e+01
3.354175240535546276e-01,1.128998483336264985e-01,1.199560888544783377e-01,3.563811193069019168e-01,8.503408153249996104e-01,6.447884505059064963e+01
3.417586287369447362e-01,1.164210758214775099e-01,1.236973930603199184e-01,3.631185430330037822e-01,8.506010454360253270e-01,6.449438393441747053e+01
3.464832493961885196e-01,1.196348491554214827e-01,1.271120272276353991e-01,3.681384524834502292e-01,8.501547632699484325e-01,6.441166050825771094e+01
3.506533768186884670e-01,1.221686384113971485e-01,1.298041783121095250e-01,3.725692128698563366e-01,8.495286820536727124e-01,6.436163232365500164e+01
3.554638126867077363e-01,1.242933019502589220e-01,1.320616333221502348e-01,3.776803009796271260e-01,8.488164492485610335e-01,6.431376234476529419e+01
3.594013609557680788e-01,1.259818285837956131e-01,1.338556928702827331e-01,3.818639460155032195e-01,8.483954874673579338e-01,6.426030111719714455e+01
3.615079427398402157e-01,1.269111211851654264e-01,1.348430662592381146e-01,3.841021891610797989e-01,8.482315601082240919e-01,6.421022676401693730e+01
3.624132605837344645e-01,1.268895162049359371e-01,1.348201109677444609e-01,3.850640893702182432e-01,8.480553478165228087e-01,6.415483997172221109e+01
3.619375661912206943e-01,1.272864942449603298e-01,1.352419001352704597e-01,3.845586640781721854e-01,8.488260037160459959e-01,6.411843434417687604e+01
3.602514794450439317e-01,1.253391543812469033e-01,1.331728515300748816e-01,3.827671969103590977e-01,8.537939560932218397e-01,6.412772364065310171e+01
3.591204515754064519e-01,1.235552201103301412e-01,1.312774213672256995e-01,3.815654797988691227e-01,8.577004028527680513e-01,6.413366898107567238e+01
3.590523554126489603e-01,1.229115275151756170e-01,1.305934979848741295e-01,3.814931276259393989e-01,8.593782134283415308e-01,6.412731903524726818e+01
3.603236721630925787e-01,1.233816762782994486e-01,1.310930310456932257e-01,3.828439016732858580e-01,8.603678336382931668e-01,6.411356849935211244e+01
3.618227570493950385e-01,1.240794490405377759e-01,1.318344146055714927e-01,3.844366793649821035e-01,8.609958127990142707e-01,6.409910775935976801e+01
3.635345905269354860e-01,1.249443654444332835e-01,1.327533882847104219e-01,3.862555024348688915e-01,8.614036404857567941e-01,6.408429172366348325e+01
3.654350958200831556e-01,1.259393489610432515e-01,1.338105582711083819e-01,3.882747893088380753e-01,8.616868101009627079e-01,6.406942516546462230e+01
3.674672397279227787e-01,1.270274559525271518e-01,1.349666719495600520e-01,3.904339422109179281e-01,8.618914516577750318e-01,6.405479326264693896e+01
3.684153221227652875e-01,1.279746095725766419e-01,1.359730226708626144e-01,3.914412797554380208e-01,8.622517623790670882e-01,6.401647488872391989e+01
3.672395830681812745e-01,1.285994203091690991e-01,1.366368840784920602e-01,3.901920570099424168e-01,8.632345631010874820e-01,6.393723442679237934e+01
3.647626674155704518e-01,1.288230072372032464e-01,1.368744451895283210e-01,3.875603341290432269e-01,8.645492431019171642e-01,6.383709535562766035e+01
3.604057410912276938e-01,1.283659011752402712e-01,1.363887699986927882e-01,3.829310999094293066e-01,8.660930380133682327e-01,6.372287292218783961e+01
3.505227896631310514e-01,1.269565479934607610e-01,1.348913322430518869e-01,3.724304640170761904e-01,8.685138327964621041e-01,6.358976113420069964e+01
3.370863378585193249e-01,1.254469557507120470e-01,1.332873904851315239e-01,3.581542339746764947e-01,8.704137610250251011e-01,6.346886416723042146e+01
3.230995710692958767e-01,1.235408701011577320e-01,1.312621744824802594e-01,3.432932942611269800e-01,8.712674020844823897e-01,6.338943794469297899e+01
3.114759686079475731e-01,1.213954012712830516e-01,1.289826138507381148e-01,3.309432166459440605e-01,8.705536215532633237e-01,6.332481541103404510e+01
2.984427459982590403e-01,1.190925736607876817e-01,1.265358595145868736e-01,3.170954176231500221e-01,8.696171339269046507e-01,6.323766500977686178e+01
2.804023401222601186e-01,1.145858743750628045e-01,1.217474915235044058e-01,2.979274863799016293e-01,8.695363606883590446e-01,6.311923834491438612e+01
2.631050482323964990e-01,1.074035733562399841e-01,1.141162966910050786e-01,2.795491137469214848e-01,8.697769503541972202e-01,6.306676986387419959e+01
2.486710994066913538e-01,9.752266167651330031e-02,1.036178280312955169e-01,2.642130431196096918e-01,8.707368967989287389e-01,6.303962180694203710e+01
2.376687906199724809e-01,8.751732513643911693e-02,9.298715795746662072e-02,2.525230900337208650e-01,8.722203090614318866e-01,6.305409276146991715e+01
2.255130616117472786e-01,7.914194726271242541e-02,8.408831896663208905e-02,2.396076279624817784e-01,8.745600003764382180e-01,6.302608080471014773e+01
2.134136797438329347e-01,7.223247320802020366e-02,7.674700278352128424e-02,2.267520347278222104e-01,8.775579803340878282e-01,6.293165597385836207e+01
2.071254708424922486e-01,7.024204582814262687e-02,7.463217369240149335e-02,2.200708127701480055e-01,8.791260373471121436e-01,6.285079709693091843e+01
1.997570156536711550e-01,6.941841610416984998e-02,7.375706711068061305e-02,2.122418291320258554e-01,8.789338390368095499e-01,6.278572661420398049e+01
1.881825113325210630e-01,6.937833965750087040e-02,7.371448588609473551e-02,1.999439182908037682e-01,8.809886965742613762e-01,6.280468748410599744e+01
1.762154220127345461e-01,7.022310158829787874e-02,7.461204543756655427e-02,1.872288858885303720e-01,8.826314099351898479e-01,6.284062233937090980e+01
1.685733420507998515e-01,7.291842492338189430e-02,7.747582648109319070e-02,1.791091759289746566e-01,8.846082110555094635e-01,6.285117332486861841e+01
1.676748277393287911e-01,7.709277629493181683e-02,8.191107481336512564e-02,1.781545044730369620e-01,8.876494794028673141e-01,6.286351101769238880e+01
1.708462358942942072e-01,8.123860283637163171e-02,8.631601551364483094e-02,1.815241256376878276e-01,8.918291893407932491e-01,6.293440969303507160e+01
1.745904834301557629e-01,8.289368893572071628e-02,8.807454449420332177e-02,1.855023886445404113e-01,8.950218517652303030e-01,6.300217651087649529e+01
1.796578404817814056e-01,8.333931615683110028e-02,8.854802341663289833e-02,1.908864555118927331e-01,8.972358201613190865e-01,6.309972389133374548e+01
1.883022691419602157e-01,8.448451369204663941e-02,8.976479579779947371e-02,2.000711609633326060e-01,8.985285910426970002e-01,6.324462507507404752e+01
1.972438148680647207e-01,8.575360913720664335e-02,9.111320970828208632e-02,2.095715532973189965e-01,8.980569560652894578e-01,6.336425949170218530e+01
2.075872537048475686e-01,8.745894917871836760e-02,9.292513350238833236e-02,2.205614570614008174e-01,8.968654258591389761e-01,6.347012512679356178e+01
2.198199367423726014e-01,8.939033228762442718e-02,9.497722805560093740e-02,2.335586827887709549e-01,8.949436942929338556e-01,6.353075841827072878e+01
2.333124847390602441e-01,9.181203522643503756e-02,9.755028742808714848e-02,2.478945150352514226e-01,8.924810900013521175e-01,6.356627610495606007e+01
2.455074531534995330e-01,9.616412138326412007e-02,1.021743789697182464e-01,2.608516689755930873e-01,8.890675309301708795e-01,6.359635840305703169e+01
2.575612446016412038e-01,1.018217998543030772e-01,1.081856623451972477e-01,2.736588223892437721e-01,8.858892499204493731e-01,6.364141063813936228e+01
2.683376485610289852e-01,1.083230706296537393e-01,1.150932625440072021e-01,2.851087515960933350e-01,8.826098537200752769e-01,6.370718750375952055e+01
2.749782968873981659e-01,1.146961504679392257e-01,1.218646598721853658e-01,2.921644404428606068e-01,8.799770471901101621e-01,6.371822888806832452e+01
2.815579220424446749e-01,1.206026409007539824e-01,1.281403059570510317e-01,2.991552921700974532e-01,8.778362642797209459e-01,6.365795228221911373e+01
2.871370606144028059e-01,1.265871135885244803e-01,1.344988081878072395e-01,3.050831269028033699e-01,8.759817757147493333e-01,6.364040423378145306e+01
2.930032912834106829e-01,1.334676762195811106e-01,1.418094059833050480e-01,3.113159969886238332e-01,8.738417580638762061e-01,6.369620398919595772e+01
2.961975038524176651e-01,1.403888241828908923e-01,1.491631256943215245e-01,3.147098478431939461e-01,8.721931565215712556e-01,6.374556934326335522e+01
2.967662448304649314e-01,1.465129075728946739e-01,1.556699642962005858e-01,3.153141351323691111e-01,8.709802494343554802e-01,6.376315387639786536e+01
2.986600335373199022e-01,1.523739753013433895e-01,1.618973487576773063e-01,3.173262856334025939e-01,8.694345775589719105e-01,6.375563181874044716e+01
2.996352264333899673e-01,1.573810267854627853e-01,1.672173409595541227e-01,3.183624280854771005e-01,8.684524903686081654e-01,6.373018804967034612e+01
2.994654092396965561e-01,1.619643177294339265e-01,1.720870875875235573e-01,3.181819973171778893e-01,8.682812845517323685e-01,6.368870426782266492e+01
2.974891953978027193e-01,1.666850059073196888e-01,1.771028187765271988e-01,3.160822701101652088e-01,8.679698437413542189e-01,6.365304109867769711e+01
2.938181436619126674e-01,1.714564740030494472e-01,1.821725036282402788e-01,3.121817776407823652e-01,8.675204394652341611e-01,6.360780669410038968e+01
2.939111136435581528e-01,1.751803492186111699e-01,1.861291210447743871e-01,3.122805582462805374e-01,8.662128173782192020e-01,6.355427633223462180e+01
2.930198442526551483e-01,1.772757617024512400e-01,1.883554968088547443e-01,3.113335845184461159e-01,8.655053568945340059e-01,6.349553574040088932e+01
2.928745835612219239e-01,1.783489154669511967e-01,1.894957226836357922e-01,3.111792450337983462e-01,8.651826508862051623e-01,6.345062308481846713e+01
2.912650191745352890e-01,1.789148471762155301e-01,1.900970251247290077e-01,3.094690828729435572e-01,8.652423835230877991e-01,6.342357911309023422e+01
2.903308905614475077e-01,1.793520433821778892e-01,1.905615460935640715e-01,3.084765712215380984e-01,8.651948946079841551e-01,6.338077462220486780e+01
2.895231836848068396e-01,1.796618761972155476e-01,1.908907434595414343e-01,3.076183826651072706e-01,8.651373550067129603e-01,6.335275423253519023e+01
2.891284680543853014e-01,1.798863926370543043e-01,1.911292921768701636e-01,3.071989973077844938e-01,8.650397627244295062e-01,6.334232119774538461e+01
2.892785530536775562e-01,1.800551452495903482e-01,1.913085918276897779e-01,3.073584626195325908e-01,8.649074677069450434e-01,6.333438807241274304e+01
2.894084135965193094e-01,1.801500452795068430e-01,1.914094231094762566e-01,3.074964394463017836e-01,8.648257542327897340e-01,6.333033845645186943e+01
2.894870604059425201e-01,1.802033875488038284e-01,1.914660992706039566e-01,3.075800016813141080e-01,8.647774082171358900e-01,6.332818922410424278e+01
2.895326432597509214e-01,1.802307741789677120e-01,1.914951975651533189e-01,3.076284334634851736e-01,8.647502843719953036e-01,6.332703843856622683e+01
2.895583750645582266e-01,1.802425235353331268e-01,1.915076812562914177e-01,3.076557735060933552e-01,8.647361367591029913e-01,6.332642328233472995e+01
2.895722342048582809e-01,1.802451889060314172e-01,1.915105132126584397e-01,3.076704988426620657e-01,8.647297034729914955e-01,6.332609741970190953e+01
2.895789906299885974e-01,1.802427061112906459e-01,1.915078752432462228e-01,3.076776775443628709e-01,8.647277977016886163e-01,6.332592736792960864e+01
2.895815375583110085e-01,1.802374213074247888e-01,1.915022601391389301e-01,3.076803836557052696e-01,8.647284979112733749e-01,6.332584085016812026e+01
2.895816286296361008e-01,1.802307285832072115e-01,1.914951491196578703e-01,3.076804804189882114e-01,8.647306462087032131e-01,6.332579891169408626e+01
2.895803222047413916e-01,1.802234476640883487e-01,1.914874131430941151e-01,3.076790923425378188e-01,8.647335491400280905e-01,6.332578057453555687e+01
2.895782544568566985e-01,1.802160524675716913e-01,1.914795557467950105e-01,3.076768953604103740e-01,8.647367951969312516e-01,6.332577455421421320e+01
2.895758057870611024e-01,1.802088099023377021e-01,1.914718605212337998e-01,3.076742936487524838e-01,8.647401433185248898e-01,6.332577479792297481e+01
2.895732018516562478e-01,1.802018638029639075e-01,1.914644802906490806e-01,3.076715269673847009e-01,8.647434550769949047e-01,6.332577807498248035e+01
2.895705748621660858e-01,1.801952855092608385e-01,1.914574908535897624e-01,3.076687357910514731e-01,8.647466535424670475e-01,6.332578267529928695e+01
2.917505390401956000e-01,1.784223895901899670e-01,1.895737889395768261e-01,3.099849477302081269e-01,8.646457593732702618e-01,6.332114165602396127e+01
2.943335340084343721e-01,1.761955560754525085e-01,1.872077783301684395e-01,3.127293798839614891e-01,8.644599735166008658e-01,6.331637312478195412e+01
2.965749970362162591e-01,1.740815547778787886e-01,1.849616519514962754e-01,3.151109343509798655e-01,8.642609277561403847e-01,6.330859666632848359e+01
2.986241929347485113e-01,1.699753394062491485e-01,1.805987981191397584e-01,3.172882049931704529e-01,8.656272674163215664e-01,6.327435204303565541e+01
2.946550455531770085e-01,1.650507841054135449e-01,1.753664581120018828e-01,3.130709859002507867e-01,8.653080089206484082e-01,6.325490936262595199e+01
2.906796853416577786e-01,1.582039336860586454e-01,1.680916795414375553e-01,3.088471656755112926e-01,8.652271339917454451e-01,6.327119245549531712e+01
2.840742040670397039e-01,1.491520955295363160e-01,1.584741015001323305e-01,3.018288418212296542e-01,8.659588623371307081e-01,6.329974983387176479e+01
2.715630791359362473e-01,1.436790116427056618e-01,1.526589498703748438e-01,2.885357715819321656e-01,8.672388918377056388e-01,6.328108716069684192e+01
2.596240790595059633e-01,1.405001905332877721e-01,1.492814524416182509e-01,2.758505840007253740e-01,8.674607683768746913e-01,6.324490213108556702e+01
2.505208116865859092e-01,1.401292678635665812e-01,1.488873471050394526e-01,2.661783624169976048e-01,8.678407126278948613e-01,6.321984058487063152e+01
2.397453883072499792e-01,1.388300762586376635e-01,1.475069560248024325e-01,2.547294750764531601e-01,8.694432030730496752e-01,6.323136670100232237e+01
2.270328013381830989e-01,1.364464200582006237e-01,1.449743213118382390e-01,2.412223514218197196e-01,8.712040699420233736e-01,6.318945607423750488e+01
2.120617018075718341e-01,1.354938735923592319e-01,1.439622406918818209e-01,2.253155581705451327e-01,8.732708826807886737e-01,6.295653789235209530e+01
1.979444151119527928e-01,1.338841768011214683e-01,1.422519378511915566e-01,2.103159410564499898e-01,8.749345826278526195e-01,6.271949147929398549e+01
1.821671271939107328e-01,1.305066808737431472e-01,1.386633484283521511e-01,1.935525726435300686e-01,8.769839219162353094e-01,6.252538478658792798e+01
1.691071116904433180e-01,1.284535746813538493e-01,1.364819230989384735e-01,1.796763061710960618e-01,8.777416070484939103e-01,6.236931455799646784e+01
1.562946673842119105e-01,1.259027513519204722e-01,1.337716733114154566e-01,1.660630840957250665e-01,8.782493679893123018e-01,6.222846527127400407e+01
1.414190439423083367e-01,1.224116529993388991e-01,1.300623813117975647e-01,1.502577341887026963e-01,8.785595830624653990e-01,6.211881829328949323e+01
1.274189373203490072e-01,1.190156979408669435e-01,1.264541790621711015e-01,1.353826209028707317e-01,8.782462305661801194e-01,6.204746192202682664e+01
1.146233118869227074e-01,1.158974972440961343e-01,1.231410908218521089e-01,1.217872688798553454e-01,8.782597473223527906e-01,6.198111941306984818e+01
1.054527524271907241e-01,1.126737028620244246e-01,1.197158092909009208e-01,1.120435494538899734e-01,8.788823171296190617e-01,6.192728632688190515e+01
1.008646732985740979e-01,1.099618482724016300e-01,1.168344637894267457e-01,1.071687153797350744e-01,8.793486560533706475e-01,6.193077286658251523e+01
9.855210208810105676e-02,1.076189591784523225e-01,1.143451441271054331e-01,1.047116084686073867e-01,8.793810645091939548e-01,6.195285700009080898e+01
9.879180719880575889e-02,1.037439016252131030e-01,1.102278954767890590e-01,1.049662951487312368e-01,8.789272555627528627e-01,6.195945213921610417e+01
1.032483717375584503e-01,9.974422061265687811e-02,1.059782344009478905e-01,1.097013949711558856e-01,8.791461707066876574e-01,6.201985257718536815e+01
1.127918554037874721e-01,9.756518851157147676e-02,1.036630127935447843e-01,1.198413463665244788e-01,8.788550169265300083e-01,6.210921042191473163e+01
1.250125278557022435e-01,9.626834129310184174e-02,1.022851126239208014e-01,1.328258108466834342e-01,8.778588988502473711e-01,6.228244892685152934e+01
1.422920997659276043e-01,9.816686076244522663e-02,1.043022895600980299e-01,1.511853560012982045e-01,8.773392624414421137e-01,6.244044772773700913e+01
1.578367786994543387e-01,9.821101539337404041e-02,1.043492038554597878e-01,1.677015773681701516e-01,8.759571219715436285e-01,6.263423293567990413e+01
1.700693624052790065e-01,9.989094129089039209e-02,1.061341251215710824e-01,1.806986975556086616e-01,8.737623497695320429e-01,6.289240704323356113e+01
1.800910681927984647e-01,1.006440073680605896e-01,1.069342578285645273e-01,1.913467599548484555e-01,8.709477118519129979e-01,6.320324594221217041e+01
1.868955738229768904e-01,1.041861336974481134e-01,1.106977670535386343e-01,1.985765471869130050e-01,8.683902835578712898e-01,6.353815680265048371e+01
1.932498408917571464e-01,1.058465901617141325e-01,1.124620020468211357e-01,2.053279559474917026e-01,8.655332188605965316e-01,6.381012963764212742e+01
2.056160854783112280e-01,1.070198971555835626e-01,1.137086407278074668e-01,2.184670908207056172e-01,8.637976906760573836e-01,6.405717210898511382e+01
2.207175034716034046e-01,1.084401228650837823e-01,1.152176305441514059e-01,2.345123474385787110e-01,8.634183258170465836e-01,6.426343400427066399e+01
2.345870695394585981e-01,1.090264071217417613e-01,1.158405575668505633e-01,2.492487613856746997e-01,8.631026655510865009e-01,6.439896002943578424e+01
2.467086631335712599e-01,1.096029875070911735e-01,1.164531742262843311e-01,2.621279545794193422e-01,8.625557065370654808e-01,6.454589644207892718e+01
2.568775830558481799e-01,1.084393630118092589e-01,1.152168232000474191e-01,2.729324319968388091e-01,8.625043071428359909e-01,6.465456698611990305e+01
2.686419575623619216e-01,1.086964806703823866e-01,1.154900107122812797e-01,2.854320799100094619e-01,8.622638858864242195e-01,6.475979921717313914e+01
2.794518918806945251e-01,1.090554212037899151e-01,1.158713850290267744e-01,2.969176351232377664e-01,8.628294088587371569e-01,6.480670006152170970e+01
2.884848696644300992e-01,1.097174799595201228e-01,1.165748224569900099e-01,3.065151740184566820e-01,8.644057055804655887e-01,6.484263677196845777e+01
2.958560435775725583e-01,1.103810012270415170e-01,1.172798138037315085e-01,3.143470463011706628e-01,8.664737751486043527e-01,6.487672976824589455e+01
3.010935944997660263e-01,1.105475943194819954e-01,1.174568189644494970e-01,3.199119441560012711e-01,8.688596301982300929e-01,6.492420156003278464e+01
3.048291002541810846e-01,1.109062910501138893e-01,1.178379342407460811e-01,3.238809190200675481e-01,8.706272704545077179e-01,6.496842621325195921e+01
3.074309568624477573e-01,1.119153278634171939e-01,1.189100358548808301e-01,3.266453916663509260e-01,8.710963615242525160e-01,6.500153969196881576e+01
3.089519645740545495e-01,1.126959799788510436e-01,1.197394787275291861e-01,3.282614623599330872e-01,8.713264243456235736e-01,6.502043372157056922e+01
3.098887039501219132e-01,1.131577413849118863e-01,1.202301002214690717e-01,3.292567479470049352e-01,8.714833817889005019e-01,6.503086803000665839e+01
3.104532422455719698e-01,1.134332427155324285e-01,1.205228203852532903e-01,3.298565698859202144e-01,8.715851823985290014e-01,6.503638973125549683e+01
3.107650112071796422e-01,1.135982202953002007e-01,1.206981090637565951e-01,3.301878244076285607e-01,8.716445553416370950e-01,6.503765837472370492e+01
3.111193012184053641e-01,1.138577125882888480e-01,1.209738196250567527e-01,3.305642575445555398e-01,8.716832363231071801e-01,6.503001149766804190e+01
3.120773879310607679e-01,1.145002757891446232e-01,1.216565430259662628e-01,3.315822246767523573e-01,8.717633031831379942e-01,6.502162633235181488e+01
3.132323547809567343e-01,1.152713200582901054e-01,1.224757775619333688e-01,3.328093769547667558e-01,8.718455179962039114e-01,6.501129260570104407e+01
3.145595896776222089e-01,1.161546710971212842e-01,1.234143380406913793e-01,3.342195640324737149e-01,8.719256218756977761e-01,6.499984929007071344e+01
3.157509557360470565e-01,1.172767600620238521e-01,1.246065575659005414e-01,3.354853904695503375e-01,8.719829944948475076e-01,6.498720980990009366e+01
3.173640733096805833e-01,1.181907474002605180e-01,1.255776691127769296e-01,3.371993278915357273e-01,8.720481043546071120e-01,6.498583850890501878e+01
3.188401199471500580e-01,1.191532538589358120e-01,1.266003322251194052e-01,3.387676274438469193e-01,8.720928930649036737e-01,6.498416791941164661e+01
3.193062853036411353e-01,1.199249297038773587e-01,1.274202378103695410e-01,3.392629281351186021e-01,8.720148644866427823e-01,6.498224381187161214e+01
3.174842197611456585e-01,1.200769790213116611e-01,1.275817902101436252e-01,3.373269834962172031e-01,8.716401606045532935e-01,6.498022039716046550e+01
3.149625540447827943e-01,1.199673271333100838e-01,1.274652850791419822e-01,3.346477136725817259e-01,8.711707304188054390e-01,6.497786897951993978e+01
3.115871422733758611e-01,1.196413903312621013e-01,1.271189772269659124e-01,3.310613386654616130e-01,8.707472514235595762e-01,6.497766142171091985e+01
3.066377590703013301e-01,1.189229409640384511e-01,1.263556247742908256e-01,3.258026190121950938e-01,8.703386166485302944e-01,6.498124710021211570e+01
2.964966443700865484e-01,1.172702920278258232e-01,1.245996852795649562e-01,3.150276846432168987e-01,8.698187740709877325e-01,6.499832460880146812e+01
2.860214878127853022e-01,1.155690631028493953e-01,1.227921295467776647e-01,3.038978308010846230e-01,8.686727987715888721e-01,6.502484413809396813e+01
2.736903119941583307e-01,1.127029835300742550e-01,1.197469200007038603e-01,2.907959564937928620e-01,8.677438946431532685e-01,6.501277633449436166e+01
2.582196639709278818e-01,1.089410353717771146e-01,1.157498500825133170e-01,2.743583929691108536e-01,8.676447706163379348e-01,6.495336421140622463e+01
2.406177416904872191e-01,1.055615169276441639e-01,1.121591117356220274e-01,2.556563505461426633e-01,8.674854833869773962e-01,6.486956070078579728e+01
2.244862526746352061e-01,9.933945786118120180e-02,1.055481739775051414e-01,2.385166434668002378e-01,8.681983702909104039e-01,6.486973355397694263e+01
2.094247562304178134e-01,9.142961502490176695e-02,9.714396596395814820e-02,2.225138034948189736e-01,8.709439712604595263e-01,6.495111636850462844e+01
1.887915631811472317e-01,8.612985408122741937e-02,9.151296996130413308e-02,2.005910358799689874e-01,8.742153093227092997e-01,6.498434610379436549e+01
1.711200507312002628e-01,8.175255888407897964e-02,8.686209381433404597e-02,1.818150539019008083e-01,8.779596630487870312e-01,6.500109617676443463e+01
1.551278377632376027e-01,7.841236119960996731e-02,8.331313377458546277e-02,1.648233276234398748e-01,8.810784025490836502e-01,6.499928173285844935e+01
1.420393395220158894e-01,7.854400233435276935e-02,8.345300248024987988e-02,1.509167982421419085e-01,8.833687052535036388e-01,6.485157931872512904e+01
1.349672764772576750e-01,7.887617474437372267e-02,8.380593566589722432e-02,1.434027312570865520e-01,8.842470364405742300e-01,6.484328620208825100e+01
1.300981424295046540e-01,8.102551356626792878e-02,8.608960816415972550e-02,1.382292763313489603e-01,8.853096386477475876e-01,6.486502086317821636e+01
1.307625226532621865e-01,8.621690353039458687e-02,9.160546000104428932e-02,1.389351803190912726e-01,8.862401359223809338e-01,6.492845257077152610e+01
1.329517228919503968e-01,9.014920005745158393e-02,9.578352506104247099e-02,1.412612055726973626e-01,8.881513606678780315e-01,6.503617439599079830e+01
1.394618602889055869e-01,9.254011630185451920e-02,9.832387357072028267e-02,1.481782265569621393e-01,8.891307410804849543e-01,6.519056188431774501e+01
1.497580594056791004e-01,9.367175561172508269e-02,9.952624033745788301e-02,1.591179381185340580e-01,8.908920852696861070e-01,6.533231453906789454e+01
1.628598893620358812e-01,9.510076805994566174e-02,1.010445660636922205e-01,1.730386324471632209e-01,8.934083351492840830e-01,6.545396917615252619e+01
1.794698139835921857e-01,9.761198199378948170e-02,1.037127308684013122e-01,1.906866773575666418e-01,8.950997182691425857e-01,6.554635785067955567e+01
1.940988904433362250e-01,1.034529437609447849e-01,1.099187527460039060e-01,2.062300710960446870e-01,8.951555340462706845e-01,6.562196580995168915e+01
2.040745168972699919e-01,1.107499899512431191e-01,1.176718643231957490e-01,2.168291742033494618e-01,8.940760163932146565e-01,6.568461650742862901e+01
2.123004361757293845e-01,1.172300935390286625e-01,1.245569743852179140e-01,2.255692134367126844e-01,8.931566178807944789e-01,6.571128908430326021e+01
2.226983368639119665e-01,1.216036755502633293e-01,1.292039052721547787e-01,2.366169829179063100e-01,8.916985720460918197e-01,6.569102364850023434e+01
2.375692831531752702e-01,1.244698427559574189e-01,1.322492079282047428e-01,2.524173633502486691e-01,8.895583779709222982e-01,6.566114279174790624e+01
2.529249799166540802e-01,1.268710185144442393e-01,1.348004571715970823e-01,2.687327911614451059e-01,8.861598479453217658e-01,6.565677553346658613e+01
2.637957665450471056e-01,1.297319478726947362e-01,1.378401946147382318e-01,2.802830019541125983e-01,8.825553893746147516e-01,6.567529545653700040e+01
2.713819845153239152e-01,1.328009143110700507e-01,1.411009714555120087e-01,2.883433585475317917e-01,8.786793723523856903e-01,6.576510854347995405e+01
2.788920707299066271e-01,1.365037296303920344e-01,1.450352127322916129e-01,2.963228251505259370e-01,8.744064824333442898e-01,6.588716819300185534e+01
2.880092063897846111e-01,1.407631367528507371e-01,1.495608327999040088e-01,3.060097817891461180e-01,8.700790721504315650e-01,6.602507899595318008e+01
2.965389602738411901e-01,1.444669594696946224e-01,1.534961444365506855e-01,3.150726452909560771e-01,8.659604897515439381e-01,6.618282009768037710e+01
3.020017514514389267e-01,1.479905820076642120e-01,1.572399933831432894e-01,3.208768609171538944e-01,8.637308841066907439e-01,6.633507044495996752e+01
