time,s1,s2,s3,s4,s5,s6,s7,s8,s9,s10,s11,s12,s13,s14,s15,s16,s17
1.000000,2.011917,2.003986,2.055598,2.013185,2.010553,1.979914,2.006259,1.989914,0.318295,0.075136,0.031484,0.052822,0.303405,0.429631,0.447924,1.930117,0.758477
1.016667,2.012056,2.004053,2.054968,2.013627,2.010440,1.979486,2.006083,1.989379,0.310912,0.075741,0.030926,0.053556,0.285174,0.433405,0.462565,1.927442,0.783142
1.033333,2.012233,2.004080,2.053500,2.014189,2.010291,1.978800,2.005895,1.988376,0.301222,0.076469,0.030464,0.054981,0.257950,0.436150,0.474339,1.922141,0.809079
1.050000,2.012364,2.004125,2.052610,2.014568,2.010249,1.978222,2.005688,1.986915,0.297639,0.076757,0.030096,0.056465,0.233746,0.435086,0.487448,1.918073,0.824878
1.066667,2.012439,2.004208,2.052078,2.014794,2.010254,1.977572,2.005786,1.985208,0.296630,0.076919,0.029732,0.056941,0.220509,0.433001,0.503030,1.915667,0.833543
1.083333,2.012496,2.004291,2.051237,2.014943,2.010278,1.976866,2.006041,1.983890,0.296726,0.077102,0.029438,0.057312,0.208569,0.431496,0.516591,1.912699,0.836533
1.100000,2.012541,2.004373,2.050667,2.015067,2.010313,1.976143,2.006426,1.982868,0.297407,0.077268,0.029176,0.057528,0.199201,0.430462,0.528695,1.910666,0.836956
1.116667,2.012580,2.004453,2.050105,2.015148,2.010348,1.975427,2.006911,1.982069,0.298285,0.077415,0.028955,0.057630,0.191127,0.429837,0.539243,1.909241,0.835512
1.133333,2.012606,2.004500,2.049572,2.015212,2.010384,1.974738,2.007477,1.981427,0.299290,0.077556,0.028783,0.057639,0.183939,0.428080,0.546238,1.908393,0.833707
1.150000,2.012541,2.004438,2.049091,2.015267,2.010418,1.974092,2.008120,1.981014,0.300319,0.077682,0.028666,0.057513,0.177641,0.418339,0.545783,1.907910,0.831719
1.166667,2.012336,2.004438,2.048663,2.015320,2.010451,1.973501,2.008822,1.981329,0.301385,0.077734,0.028595,0.057223,0.172458,0.401007,0.547937,1.907748,0.830032
1.183333,2.012107,2.004461,2.048303,2.015364,2.010479,1.972995,2.009267,1.982085,0.302330,0.077797,0.028546,0.057013,0.168764,0.383686,0.550873,1.907711,0.828479
1.200000,2.011876,2.004498,2.048025,2.015393,2.010502,1.972576,2.009583,1.982699,0.303103,0.077762,0.028509,0.056883,0.166599,0.367496,0.554329,1.907809,0.826857
1.216667,2.011708,2.004523,2.047861,2.015416,2.010521,1.972256,2.009759,1.983036,0.303758,0.077758,0.028475,0.056809,0.165083,0.356032,0.556770,1.908217,0.825609
1.233333,2.011593,2.004547,2.047776,2.015433,2.010535,1.972041,2.009880,1.983306,0.304225,0.077745,0.028450,0.056778,0.164152,0.348545,0.558811,1.908640,0.824810
1.250000,2.011525,2.004564,2.047733,2.015453,2.010543,1.971921,2.009946,1.983459,0.304524,0.077750,0.028423,0.056762,0.163598,0.344183,0.560629,1.908915,0.824841
1.266667,2.011490,2.004575,2.047711,2.015493,2.010545,1.971870,2.009953,1.983464,0.304562,0.077781,0.028400,0.056757,0.163296,0.341859,0.561976,1.909066,0.826260
1.283333,2.011472,2.004581,2.047699,2.015532,2.010549,1.971848,2.009905,1.983338,0.304672,0.077800,0.028378,0.056757,0.163124,0.340619,0.563066,1.909150,0.827918
1.300000,2.011464,2.004586,2.047693,2.015572,2.010553,1.971843,2.009806,1.983098,0.304823,0.077813,0.028359,0.056761,0.163015,0.339962,0.563975,1.909199,0.829698
1.316667,2.011464,2.004594,2.047690,2.015609,2.010558,1.971846,2.009657,1.982758,0.304996,0.077821,0.028344,0.056765,0.162933,0.339699,0.564860,1.909228,0.831441
1.333333,2.011470,2.004605,2.047689,2.015641,2.010563,1.971851,2.009465,1.982324,0.305188,0.077822,0.028336,0.056770,0.162857,0.339671,0.565615,1.909244,0.832950
1.350000,2.011479,2.004620,2.047688,2.015701,2.010514,1.972592,2.009228,1.981798,0.302986,0.077667,0.028307,0.056763,0.162772,0.339757,0.567341,1.909260,0.835915
1.366667,2.011490,2.004637,2.047748,2.015750,2.010455,1.973430,2.008954,1.981191,0.300354,0.077477,0.028299,0.056751,0.162677,0.339907,0.568655,1.909261,0.838328
1.383333,2.011503,2.004669,2.048071,2.015815,2.010390,1.974320,2.008649,1.980511,0.297488,0.077292,0.028351,0.056738,0.162569,0.340093,0.569672,1.908960,0.841380
1.400000,2.011522,2.004733,2.047782,2.015858,2.010320,1.975195,2.008321,1.979772,0.294555,0.077074,0.028412,0.056726,0.162450,0.340289,0.570629,1.906937,0.843280
1.416667,2.011540,2.004796,2.047468,2.015879,2.010251,1.975957,2.007952,1.978967,0.291684,0.076860,0.028490,0.056710,0.162307,0.340428,0.571243,1.904586,0.844275
1.433333,2.011556,2.004890,2.047252,2.015887,2.010211,1.976105,2.007424,1.977966,0.289651,0.076811,0.028595,0.056691,0.162102,0.340532,0.571670,1.902309,0.844732
1.450000,2.011577,2.005021,2.047109,2.015883,2.010193,1.975854,2.006802,1.976691,0.288248,0.076878,0.028710,0.056672,0.161859,0.340626,0.572059,1.900377,0.844883
1.466667,2.011646,2.005140,2.046996,2.015873,2.010196,1.975287,2.006152,1.975375,0.287451,0.077107,0.028828,0.056629,0.161484,0.343433,0.572438,1.898497,0.844852
1.483333,2.011954,2.005194,2.046948,2.015859,2.010220,1.974496,2.005613,1.974407,0.287127,0.077744,0.028939,0.056482,0.160673,0.360788,0.572794,1.896580,0.844719
1.500000,2.012259,2.005225,2.046820,2.015922,2.010254,1.973595,2.005165,1.974044,0.287021,0.078415,0.029069,0.056353,0.159846,0.379010,0.573262,1.894183,0.853093
1.516667,2.012552,2.005228,2.046599,2.016024,2.010293,1.972532,2.004823,1.974102,0.287030,0.079093,0.029217,0.056240,0.159017,0.397268,0.573794,1.891358,0.866392
1.533333,2.012843,2.005184,2.046278,2.016123,2.010320,1.972127,2.004505,1.974331,0.286892,0.079157,0.029386,0.056320,0.158231,0.416011,0.574339,1.888155,0.879843
1.550000,2.013105,2.005087,2.045852,2.016206,2.010420,1.972388,2.004295,1.974348,0.290770,0.078303,0.029566,0.056643,0.157598,0.434918,0.574870,1.884563,0.892532
1.566667,2.013431,2.004932,2.045328,2.016274,2.010566,1.973148,2.004182,1.973271,0.297591,0.076811,0.029793,0.057137,0.157625,0.458468,0.575092,1.880659,0.904443
1.583333,2.013751,2.004822,2.044713,2.016169,2.010713,1.974120,2.004082,1.971633,0.304088,0.075428,0.030157,0.057706,0.158048,0.484359,0.574762,1.875866,0.915346
1.600000,2.013803,2.004797,2.043909,2.016108,2.010832,1.974020,2.003785,1.969394,0.309379,0.074529,0.031025,0.058460,0.158602,0.498625,0.575927,1.871598,0.928003
1.616667,2.013790,2.005207,2.043243,2.016064,2.010902,1.973271,2.003509,1.967590,0.312946,0.073654,0.032149,0.059484,0.159189,0.508237,0.579000,1.868890,0.942467
1.633333,2.013256,2.005965,2.043151,2.016057,2.010746,1.972559,2.003233,1.966176,0.311352,0.072369,0.032869,0.060690,0.159520,0.488937,0.583505,1.869255,0.954868
1.650000,2.012848,2.006687,2.043988,2.015980,2.010578,1.972529,2.002852,1.964558,0.308679,0.071315,0.033111,0.061884,0.159469,0.474731,0.587167,1.873632,0.963331
1.666667,2.012838,2.007225,2.044111,2.015878,2.010291,1.973622,2.002501,1.963506,0.302270,0.070445,0.033243,0.063225,0.159267,0.471621,0.590055,1.873378,0.969298
1.683333,2.012769,2.007682,2.042437,2.015725,2.009759,1.976010,2.002191,1.962586,0.285485,0.070301,0.033416,0.064734,0.159170,0.462530,0.594671,1.864166,0.976187
1.700000,2.012565,2.008036,2.040256,2.015548,2.009264,1.978227,2.001959,1.961043,0.268538,0.070813,0.033635,0.066234,0.159117,0.447667,0.599820,1.849856,0.981604
1.716667,2.012287,2.008319,2.037986,2.015341,2.008794,1.980314,2.001823,1.957528,0.251338,0.071498,0.033863,0.067274,0.160135,0.432625,0.604812,1.832681,0.987685
1.733333,2.011964,2.008524,2.035814,2.015051,2.008318,1.982574,2.001760,1.953781,0.234722,0.071636,0.033740,0.067639,0.163037,0.417300,0.609382,1.814345,0.988627
1.750000,2.011616,2.008740,2.034162,2.014691,2.007904,1.983689,2.001719,1.952365,0.221391,0.071717,0.033710,0.067853,0.165994,0.401124,0.614677,1.794327,0.987509
1.766667,2.011253,2.008854,2.032751,2.014429,2.007551,1.984182,2.001695,1.952307,0.210385,0.071977,0.033448,0.068144,0.168867,0.384601,0.648332,1.776984,0.986930
1.783333,2.010816,2.008926,2.031602,2.014206,2.007285,1.984415,2.001674,1.952720,0.202780,0.072350,0.033112,0.068488,0.171514,0.365288,0.690267,1.759559,0.986108
1.800000,2.010426,2.008972,2.030645,2.014020,2.007098,1.985820,2.001651,1.953297,0.197666,0.073020,0.033228,0.068725,0.172916,0.352876,0.726250,1.740165,0.984911
1.816667,2.010051,2.008953,2.030202,2.013909,2.006923,1.987905,2.001634,1.952791,0.193292,0.074337,0.033495,0.069312,0.173152,0.350522,0.744965,1.733725,0.983049
1.833333,2.009588,2.008931,2.029941,2.014045,2.006714,1.988607,2.001614,1.952456,0.187811,0.075511,0.033757,0.069948,0.172649,0.336177,0.760947,1.725134,0.984278
1.850000,2.009019,2.008829,2.029707,2.014219,2.006528,1.988261,2.001590,1.952500,0.183218,0.076588,0.033991,0.070637,0.170644,0.312921,0.785612,1.711403,0.983662
1.866667,2.008457,2.008767,2.029902,2.014339,2.006358,1.987411,2.001567,1.952540,0.179137,0.077509,0.034213,0.071225,0.168559,0.289240,0.808555,1.695332,0.981189
1.883333,2.007946,2.008777,2.029915,2.014405,2.006194,1.986888,2.001539,1.952479,0.175469,0.078385,0.034444,0.071828,0.166355,0.268344,0.839365,1.674798,0.975224
1.900000,2.007482,2.008832,2.030440,2.014432,2.006040,1.986479,2.001505,1.952380,0.172151,0.079105,0.034558,0.072329,0.164175,0.250198,0.860942,1.659845,0.967587
1.916667,2.007090,2.008880,2.031194,2.014407,2.005958,1.986110,2.001467,1.952237,0.169124,0.079784,0.034647,0.072797,0.161992,0.235531,0.875531,1.650186,0.956125
1.933333,2.006792,2.008887,2.031686,2.014246,2.006024,1.985762,2.001429,1.952068,0.166546,0.080428,0.034693,0.073218,0.159836,0.224549,0.886195,1.642248,0.930394
1.950000,2.006717,2.008872,2.032056,2.014009,2.006085,1.985423,2.001388,1.951248,0.164268,0.081022,0.034699,0.073613,0.157297,0.214919,0.894980,1.637015,0.895689
1.966667,2.006823,2.008856,2.032536,2.013717,2.006146,1.985087,2.001351,1.950315,0.162330,0.081601,0.034683,0.073978,0.154849,0.207746,0.902634,1.635832,0.855723
1.983333,2.006915,2.008800,2.033123,2.013352,2.006211,1.984751,2.001319,1.949593,0.160721,0.082125,0.034760,0.074293,0.152651,0.200775,0.904728,1.638021,0.811751
2.000000,2.007061,2.008665,2.033791,2.012994,2.006267,1.984412,2.001293,1.948950,0.159378,0.082637,0.034859,0.074580,0.150595,0.197357,0.899970,1.642861,0.769933
2.016667,2.007218,2.008483,2.034226,2.012720,2.006297,1.984072,2.001274,1.948346,0.158264,0.083083,0.035048,0.074820,0.148668,0.195928,0.890287,1.642051,0.738098
2.033333,2.007378,2.008307,2.034452,2.012465,2.006321,1.983722,2.001263,1.947888,0.157305,0.083448,0.035347,0.074986,0.146925,0.195493,0.877075,1.636076,0.709786
2.050000,2.007541,2.008168,2.034362,2.012244,2.006339,1.983375,2.001258,1.947421,0.156457,0.083791,0.035779,0.075134,0.145286,0.195553,0.862931,1.623311,0.684344
2.066667,2.007662,2.008008,2.034417,2.012036,2.006351,1.983036,2.001261,1.946963,0.155692,0.084104,0.036072,0.075268,0.143761,0.195747,0.848687,1.615458,0.662609
2.083333,2.007730,2.007822,2.034442,2.011872,2.006357,1.982702,2.001269,1.946175,0.155004,0.084395,0.036298,0.075395,0.142264,0.195914,0.834569,1.610345,0.643914
2.100000,2.007778,2.007653,2.034581,2.011688,2.006361,1.982371,2.001282,1.945283,0.154390,0.084663,0.036466,0.075513,0.140864,0.196062,0.820881,1.608334,0.627618
2.116667,2.007816,2.007504,2.034764,2.011520,2.006362,1.982038,2.001299,1.944391,0.153870,0.084881,0.036591,0.075608,0.139618,0.196168,0.809728,1.606964,0.613432
2.133333,2.007858,2.007366,2.034959,2.011385,2.006357,1.981690,2.001319,1.943653,0.153486,0.085000,0.036691,0.075651,0.138587,0.196222,0.801257,1.606123,0.601231
2.150000,2.007894,2.007216,2.035108,2.011351,2.006239,1.981377,2.001341,1.942971,0.150427,0.085531,0.036714,0.075816,0.137681,0.196253,0.793508,1.606896,0.597969
2.166667,2.007926,2.007085,2.035295,2.011309,2.006141,1.981096,2.001365,1.942367,0.147942,0.086010,0.036730,0.075963,0.136900,0.196257,0.787814,1.608403,0.593285
2.183333,2.007953,2.006973,2.035493,2.011259,2.006084,1.980851,2.001387,1.941850,0.146525,0.086325,0.036731,0.076060,0.136244,0.196248,0.782848,1.610780,0.587494
2.200000,2.007976,2.006879,2.035651,2.011204,2.006050,1.980648,2.001408,1.941431,0.145709,0.086532,0.036732,0.076126,0.135715,0.196232,0.779203,1.612695,0.581841
2.216667,2.007995,2.006808,2.035802,2.011154,2.006030,1.980492,2.001424,1.941119,0.145220,0.086673,0.036733,0.076171,0.135314,0.196216,0.776509,1.614424,0.577045
2.233333,2.008008,2.006763,2.035906,2.011117,2.006017,1.980382,2.001435,1.940910,0.144920,0.086768,0.036738,0.076202,0.135041,0.196208,0.774728,1.615472,0.573395
2.250000,2.008018,2.006742,2.035956,2.011094,2.006009,1.980321,2.001440,1.940796,0.144737,0.086827,0.036746,0.076221,0.134887,0.196211,0.773677,1.615816,0.571046
2.266667,2.008024,2.006732,2.035981,2.011081,2.006005,1.980289,2.001443,1.940736,0.144637,0.086860,0.036751,0.076232,0.134806,0.196216,0.773115,1.615956,0.569776
2.283333,2.008027,2.006726,2.035995,2.011074,2.006003,1.980272,2.001445,1.940704,0.144585,0.086877,0.036753,0.076237,0.134763,0.196221,0.772816,1.616034,0.569102
2.300000,2.008029,2.006723,2.036002,2.011071,2.006001,1.980263,2.001445,1.940687,0.144557,0.086886,0.036755,0.076240,0.134740,0.196224,0.772657,1.616079,0.568748
2.316667,2.008030,2.006722,2.036006,2.011069,2.006001,1.980258,2.001446,1.940678,0.144544,0.086890,0.036755,0.076241,0.134729,0.196228,0.772574,1.616104,0.568567
2.333333,2.008030,2.006721,2.036008,2.011068,2.006001,1.980255,2.001446,1.940674,0.144537,0.086892,0.036756,0.076241,0.134723,0.196231,0.772532,1.616119,0.568476
2.350000,2.008032,2.006729,2.036009,2.011068,2.006000,1.980254,2.001446,1.940674,0.144534,0.086893,0.036756,0.076242,0.134724,0.196227,0.772843,1.616129,0.568435
2.366667,2.008038,2.006756,2.036009,2.011068,2.006000,1.980253,2.001446,1.940679,0.144533,0.086893,0.036755,0.076243,0.134733,0.196210,0.773965,1.616136,0.568418
2.383333,2.008045,2.006787,2.036010,2.011067,2.006000,1.980253,2.001446,1.940686,0.144533,0.086892,0.036755,0.076245,0.134744,0.196200,0.775221,1.616143,0.568415
2.400000,2.008054,2.006822,2.036010,2.011067,2.005999,1.980253,2.001446,1.940694,0.144533,0.086891,0.036755,0.076246,0.134757,0.196204,0.776587,1.616149,0.568418
2.416667,2.008064,2.006867,2.036012,2.011081,2.006005,1.980252,2.001445,1.940702,0.144539,0.086886,0.036811,0.076246,0.134770,0.196229,0.778082,1.616169,0.571151
2.433333,2.008074,2.006944,2.036023,2.011145,2.006039,1.980251,2.001444,1.940711,0.144573,0.086866,0.037103,0.076236,0.134782,0.196286,0.779795,1.616249,0.584672
2.450000,2.008086,2.007025,2.036035,2.011205,2.006073,1.980249,2.001442,1.940720,0.144606,0.086848,0.037405,0.076227,0.134795,0.196376,0.781560,1.616330,0.597780
2.466667,2.008110,2.007527,2.035902,2.011267,2.006113,1.980247,2.001440,1.940737,0.144653,0.086839,0.037450,0.076217,0.134819,0.196607,0.796281,1.611580,0.612181
2.483333,2.008134,2.008326,2.035700,2.011329,2.006157,1.980243,2.001441,1.940778,0.144711,0.086832,0.037194,0.076171,0.135372,0.196730,0.824882,1.604560,0.627176
2.500000,2.008174,2.009236,2.035324,2.011385,2.006190,1.980274,2.001557,1.939513,0.144742,0.086807,0.037135,0.076066,0.136599,0.196346,0.845068,1.591011,0.640189
2.516667,2.008215,2.010080,2.034610,2.011431,2.006208,1.980349,2.001703,1.937906,0.144738,0.086773,0.037198,0.075946,0.138053,0.195782,0.861303,1.572210,0.651580
2.533333,2.008252,2.010818,2.033966,2.011469,2.006229,1.980383,2.001822,1.936466,0.144757,0.086745,0.037261,0.075824,0.139571,0.195162,0.875681,1.554581,0.661488
2.550000,2.008259,2.011355,2.033410,2.011499,2.006250,1.980392,2.001933,1.935081,0.144785,0.086702,0.037354,0.075636,0.142184,0.193905,0.888175,1.539156,0.670082
2.566667,2.008250,2.011779,2.032839,2.011521,2.006269,1.980387,2.002034,1.933706,0.144817,0.086655,0.037509,0.075426,0.145297,0.192328,0.898463,1.522891,0.677557
2.583333,2.008171,2.012064,2.032248,2.011544,2.006291,1.980226,2.002131,1.932299,0.144963,0.086616,0.037835,0.075228,0.148419,0.190442,0.898430,1.505825,0.684547
2.600000,2.008073,2.012167,2.031828,2.011601,2.006308,1.979020,2.002268,1.930886,0.145136,0.086634,0.038228,0.075063,0.151525,0.188472,0.895520,1.489346,0.691193
2.616667,2.008036,2.012210,2.031834,2.011650,2.006320,1.977786,2.002453,1.927874,0.145295,0.086655,0.038631,0.074920,0.154266,0.186611,0.892205,1.476075,0.697150
2.633333,2.008020,2.012217,2.031903,2.011686,2.006330,1.977936,2.002625,1.924623,0.145596,0.086532,0.039008,0.074646,0.155617,0.185021,0.888570,1.466106,0.702473
2.650000,2.007991,2.012399,2.031931,2.011731,2.006339,1.978619,2.002816,1.921331,0.145872,0.086378,0.039018,0.074201,0.156620,0.183404,0.895004,1.457958,0.710019
2.666667,2.007958,2.012610,2.031982,2.011782,2.006340,1.979137,2.003009,1.917879,0.145993,0.086293,0.038944,0.073812,0.157645,0.181772,0.903609,1.451150,0.718133
2.683333,2.007944,2.012723,2.031955,2.011838,2.006330,1.979712,2.003188,1.914542,0.146138,0.086209,0.038799,0.073460,0.158528,0.180229,0.911950,1.444394,0.723586
2.700000,2.007949,2.012598,2.031558,2.011893,2.006311,1.980325,2.003356,1.911280,0.146319,0.086129,0.038597,0.073143,0.159267,0.178619,0.923734,1.434830,0.727269
2.716667,2.007976,2.012517,2.030944,2.011948,2.006288,1.980990,2.003507,1.908209,0.146504,0.086067,0.038216,0.072904,0.159440,0.176825,0.948490,1.421440,0.729973
2.733333,2.008002,2.012460,2.030426,2.012076,2.006194,1.981612,2.003653,1.905114,0.145182,0.086265,0.037837,0.072776,0.159609,0.175186,0.971934,1.408335,0.742281
2.750000,2.008029,2.012637,2.030110,2.012201,2.006094,1.982313,2.003778,1.902133,0.143822,0.086488,0.037451,0.072727,0.159237,0.173874,0.994631,1.396340,0.754414
2.766667,2.007967,2.012902,2.029911,2.012316,2.005998,1.982769,2.003887,1.899466,0.142640,0.086752,0.037116,0.072577,0.162303,0.170037,1.015464,1.385261,0.765446
2.783333,2.007870,2.013080,2.029696,2.012566,2.005757,1.982866,2.003977,1.897177,0.138795,0.087881,0.036796,0.072622,0.169314,0.164958,1.035996,1.374125,0.796691
2.800000,2.007793,2.013319,2.029532,2.012900,2.005457,1.983116,2.004044,1.895426,0.134117,0.089370,0.036461,0.072866,0.175589,0.160549,1.056464,1.363436,0.840744
2.816667,2.007693,2.013595,2.029417,2.013023,2.005358,1.983541,2.004088,1.895222,0.133429,0.089951,0.036213,0.072938,0.180913,0.155910,1.075274,1.353217,0.851257
2.833333,2.007543,2.014017,2.029314,2.013078,2.005317,1.984024,2.004116,1.897993,0.134472,0.090154,0.035963,0.072972,0.185040,0.150585,1.097168,1.343337,0.837106
2.850000,2.007402,2.014532,2.029251,2.013015,2.005342,1.984519,2.004138,1.900878,0.136403,0.090224,0.035896,0.072982,0.188803,0.145970,1.120392,1.333937,0.814050
2.866667,2.007284,2.015186,2.029188,2.013145,2.005277,1.985021,2.004155,1.903771,0.137128,0.090914,0.035949,0.073182,0.192131,0.142164,1.148183,1.324840,0.809904
2.883333,2.007179,2.015555,2.029052,2.013571,2.004945,1.985226,2.004021,1.906263,0.133560,0.092874,0.035892,0.073819,0.194066,0.139029,1.172265,1.315159,0.847078
2.900000,2.007103,2.015867,2.028964,2.014045,2.004587,1.984863,2.003813,1.906433,0.130023,0.095377,0.035835,0.074849,0.191895,0.136706,1.190532,1.306495,0.893067
2.916667,2.007077,2.016123,2.028903,2.014435,2.004280,1.984534,2.003563,1.907251,0.127425,0.097652,0.035807,0.075870,0.187555,0.134973,1.205487,1.298656,0.932872
2.933333,2.007065,2.016341,2.028879,2.014764,2.004012,1.984309,2.003303,1.908196,0.125509,0.099706,0.035784,0.076805,0.183296,0.133664,1.218306,1.291607,0.967011
2.950000,2.007053,2.016531,2.028866,2.015099,2.003757,1.984244,2.003095,1.908884,0.124153,0.101500,0.035741,0.077459,0.181297,0.132695,1.229598,1.285314,0.994974
2.966667,2.007046,2.016813,2.028848,2.015385,2.003525,1.984371,2.002971,1.909438,0.123370,0.102975,0.035703,0.077900,0.180451,0.131963,1.231110,1.279903,1.010991
2.983333,2.007033,2.017076,2.028847,2.015638,2.003326,1.984313,2.002884,1.909862,0.122934,0.104213,0.035561,0.078214,0.180658,0.131418,1.195245,1.276479,1.020600
3.000000,2.007015,2.017022,2.028864,2.016175,2.003128,1.984185,2.002798,1.910144,0.119962,0.104177,0.035370,0.079704,0.181648,0.131015,1.139539,1.274598,1.042361
3.016667,2.006982,2.017011,2.028906,2.016891,2.002848,1.984036,2.002729,1.910365,0.116209,0.104409,0.035160,0.081519,0.184201,0.130452,1.099407,1.273615,1.070823
3.033333,2.006947,2.016963,2.028998,2.017816,2.002501,1.983906,2.002701,1.910548,0.111968,0.104911,0.034939,0.083590,0.187204,0.129914,1.066806,1.273752,1.106400
3.050000,2.006924,2.016864,2.029149,2.018473,2.002279,1.983760,2.002688,1.910695,0.109594,0.105389,0.034743,0.085036,0.189966,0.129558,1.038229,1.274917,1.128636
3.066667,2.006919,2.016759,2.029277,2.018949,2.002129,1.983560,2.002684,1.910825,0.108474,0.105950,0.034577,0.086098,0.192381,0.129473,1.013014,1.275923,1.142194
3.083333,2.006918,2.016629,2.029389,2.019358,2.002029,1.983335,2.002668,1.910940,0.108382,0.106117,0.034445,0.086270,0.194576,0.129471,0.991229,1.276630,1.152585
3.100000,2.006915,2.016748,2.029280,2.019714,2.001957,1.983085,2.002630,1.911038,0.108736,0.106122,0.034484,0.086097,0.196475,0.129381,0.974604,1.263982,1.160372
3.116667,2.006908,2.017074,2.028884,2.019992,2.001895,1.982848,2.002605,1.911121,0.109098,0.106223,0.034705,0.086019,0.198097,0.129191,0.963138,1.237807,1.165117
3.133333,2.006899,2.017503,2.028336,2.020320,2.001787,1.982663,2.002582,1.911196,0.109135,0.106486,0.034983,0.086011,0.199517,0.128949,0.954590,1.205927,1.172234
3.150000,2.006891,2.017822,2.027886,2.020803,2.001618,1.982509,2.002570,1.911267,0.108849,0.106971,0.035183,0.086064,0.200802,0.128739,0.946800,1.181249,1.185439
3.166667,2.006881,2.018050,2.027537,2.021152,2.001506,1.982365,2.002563,1.911333,0.108852,0.107308,0.035345,0.086090,0.202095,0.128542,0.939696,1.162319,1.193856
3.183333,2.006873,2.018232,2.027243,2.021377,2.001431,1.982230,2.002562,1.911486,0.108930,0.107565,0.035484,0.086151,0.203251,0.128351,0.933810,1.146946,1.198106
3.200000,2.006867,2.018425,2.027028,2.021537,2.001378,1.982111,2.002561,1.911621,0.109062,0.107770,0.035476,0.086218,0.204203,0.128179,0.928600,1.135499,1.200667
3.216667,2.006862,2.018659,2.026848,2.021650,2.001338,1.982006,2.002560,1.911735,0.109181,0.107951,0.035383,0.086299,0.204986,0.128018,0.925874,1.125679,1.202214
3.233333,2.006858,2.018823,2.026727,2.021741,2.001307,1.981916,2.002561,1.911827,0.109293,0.108090,0.035312,0.086350,0.205625,0.127897,0.924639,1.118963,1.203701
3.250000,2.006846,2.018880,2.026661,2.021825,2.001278,1.981843,2.002558,1.912006,0.109321,0.108214,0.035267,0.086406,0.206172,0.127478,0.922176,1.115209,1.205681
3.266667,2.006838,2.018909,2.026625,2.021921,2.001254,1.981787,2.002557,1.912109,0.109306,0.108314,0.035227,0.086468,0.206485,0.127231,0.920635,1.113181,1.208766
3.283333,2.006833,2.018932,2.026607,2.022023,2.001236,1.981747,2.002557,1.912169,0.109278,0.108377,0.035188,0.086515,0.206740,0.127087,0.920144,1.112102,1.212499
3.300000,2.006829,2.018959,2.026597,2.022135,2.001222,1.981726,2.002558,1.912209,0.109237,0.108420,0.035145,0.086556,0.206999,0.126993,0.920574,1.111529,1.216806
3.316667,2.006824,2.018992,2.026591,2.022255,2.001209,1.981718,2.002560,1.912239,0.109187,0.108450,0.035096,0.086593,0.207282,0.126922,0.921660,1.111216,1.221493
3.333333,2.006819,2.019018,2.026589,2.022375,2.001198,1.981716,2.002563,1.912276,0.109132,0.108469,0.035053,0.086624,0.207660,0.126856,0.922777,1.111049,1.226254
3.350000,2.006815,2.019038,2.026587,2.022487,2.001188,1.981717,2.002565,1.912308,0.109081,0.108479,0.035019,0.086650,0.207976,0.126806,0.923722,1.110961,1.230696
3.366667,2.006812,2.019051,2.026587,2.022580,2.001181,1.981719,2.002567,1.912340,0.109041,0.108480,0.034998,0.086668,0.208196,0.126773,0.924324,1.110920,1.234393
3.383333,2.006811,2.019057,2.026587,2.022644,2.001178,1.981721,2.002568,1.912374,0.109025,0.108473,0.034985,0.086675,0.208301,0.126754,0.924652,1.110903,1.236944
3.400000,2.006811,2.019061,2.026587,2.022681,2.001176,1.981723,2.002569,1.912420,0.109020,0.108470,0.034979,0.086681,0.208319,0.126743,0.924831,1.110899,1.238380
3.416667,2.006812,2.019063,2.026587,2.022767,2.001170,1.981727,2.002570,1.912484,0.108971,0.108482,0.034971,0.086720,0.208282,0.126737,0.924928,1.110901,1.241818
3.433333,2.006814,2.019064,2.026587,2.022817,2.001167,1.981730,2.002570,1.912421,0.108949,0.108475,0.034966,0.086731,0.208217,0.126736,0.924982,1.110907,1.243767
3.450000,2.006816,2.019064,2.026588,2.022843,2.001165,1.981731,2.002571,1.912458,0.108938,0.108473,0.034964,0.086742,0.208079,0.126733,0.925012,1.110914,1.244813
3.466667,2.006818,2.019065,2.026588,2.022858,2.001165,1.981732,2.002572,1.912567,0.108932,0.108473,0.034963,0.086752,0.207874,0.126730,0.925028,1.110920,1.245372
3.483333,2.006821,2.019068,2.026554,2.022866,2.001168,1.981466,2.002550,1.912734,0.108940,0.108498,0.034958,0.086762,0.207594,0.126727,0.925082,1.110852,1.245670
3.500000,2.006829,2.018950,2.026499,2.022866,2.001174,1.980965,2.002502,1.912952,0.108958,0.108542,0.034800,0.086777,0.207253,0.126804,0.924872,1.117693,1.245822
3.516667,2.006845,2.018430,2.027092,2.023021,2.001225,1.980468,2.002455,1.913200,0.108902,0.108572,0.034168,0.086798,0.206879,0.127139,0.922977,1.152263,1.259909
3.533333,2.006864,2.017767,2.027936,2.023162,2.001422,1.979961,2.002407,1.913349,0.108696,0.108591,0.033424,0.086813,0.206651,0.127562,0.921299,1.194348,1.280939
3.550000,2.006879,2.017095,2.028764,2.023255,2.001598,1.978807,2.002319,1.913663,0.108529,0.108621,0.032695,0.086638,0.210387,0.127985,0.921670,1.235132,1.298438
3.566667,2.006892,2.016680,2.029377,2.023333,2.001757,1.976696,2.002270,1.913989,0.108424,0.108804,0.032104,0.086512,0.215216,0.128359,0.922880,1.269680,1.314369
3.583333,2.006902,2.016416,2.029866,2.023389,2.001908,1.974573,2.002283,1.914247,0.108767,0.108515,0.031943,0.085378,0.219403,0.128664,0.919282,1.295944,1.328692
3.600000,2.006915,2.016183,2.030133,2.023494,2.002177,1.972804,2.002309,1.914497,0.110214,0.106643,0.032047,0.082688,0.223770,0.128963,0.912450,1.318167,1.342025
3.616667,2.006936,2.015949,2.030366,2.023581,2.002446,1.972815,2.002283,1.914907,0.111786,0.104601,0.032389,0.079774,0.231399,0.129153,0.903904,1.337846,1.354573
3.633333,2.006974,2.015596,2.030540,2.023628,2.002705,1.974945,2.002196,1.915426,0.113136,0.102635,0.032958,0.077308,0.241611,0.129795,0.894710,1.355463,1.366812
3.650000,2.007131,2.015256,2.030755,2.023594,2.002963,1.977805,2.002140,1.915900,0.114788,0.100741,0.033704,0.075122,0.249475,0.132707,0.884979,1.371591,1.378553
3.666667,2.007264,2.015101,2.031269,2.023527,2.003150,1.980067,2.002214,1.916467,0.116422,0.099076,0.034652,0.073112,0.260125,0.135395,0.874990,1.386841,1.389960
3.683333,2.007374,2.014929,2.031835,2.023387,2.003288,1.982234,2.002269,1.917084,0.117615,0.097809,0.035698,0.071528,0.272732,0.137889,0.864226,1.400392,1.393912
3.700000,2.007486,2.014819,2.032286,2.023257,2.003409,1.984870,2.002289,1.916369,0.118400,0.096817,0.036905,0.070292,0.281680,0.140646,0.853445,1.412701,1.395234
3.716667,2.007652,2.014791,2.032693,2.023139,2.003493,1.987391,2.002318,1.915849,0.118806,0.096190,0.038197,0.069330,0.287817,0.144120,0.848249,1.423457,1.395907
3.733333,2.007849,2.014773,2.033089,2.023001,2.003508,1.988868,2.002358,1.913349,0.118327,0.096315,0.039166,0.068747,0.293360,0.148231,0.846127,1.433471,1.396228
3.750000,2.008041,2.014663,2.033510,2.022869,2.003509,1.988591,2.002437,1.910604,0.117867,0.096857,0.039650,0.068472,0.296674,0.152396,0.842724,1.444545,1.396375
3.766667,2.008228,2.014528,2.033906,2.022747,2.003488,1.987916,2.002492,1.907948,0.117365,0.097632,0.039850,0.068389,0.298541,0.156587,0.839690,1.454984,1.396439
3.783333,2.008387,2.014312,2.034276,2.022643,2.003435,1.987858,2.002527,1.905319,0.116693,0.098528,0.039911,0.068421,0.299639,0.160555,0.834890,1.464776,1.396470
3.800000,2.008526,2.014023,2.034638,2.022550,2.003370,1.988074,2.002547,1.902706,0.116031,0.099464,0.039898,0.068506,0.300322,0.164441,0.828357,1.474352,1.396487
3.816667,2.008660,2.013606,2.035114,2.022466,2.003301,1.988259,2.002553,1.900126,0.115514,0.100413,0.039814,0.068587,0.300784,0.168476,0.818035,1.487045,1.394455
3.833333,2.008773,2.013139,2.035599,2.022472,2.003210,1.988454,2.002552,1.897580,0.115112,0.101359,0.039709,0.068620,0.301138,0.172262,0.806966,1.499932,1.385699
3.850000,2.008870,2.012645,2.036078,2.022657,2.003097,1.988553,2.002541,1.895109,0.114676,0.102352,0.039591,0.068683,0.301430,0.175866,0.795870,1.512696,1.374388
3.866667,2.008962,2.012159,2.036385,2.022800,2.002997,1.988735,2.002528,1.892704,0.114411,0.103344,0.039524,0.068721,0.301702,0.179439,0.785741,1.521465,1.367890
3.883333,2.009005,2.011709,2.036480,2.023345,2.002866,1.989018,2.002515,1.891604,0.114195,0.104424,0.039288,0.068905,0.296041,0.183063,0.777216,1.525336,1.363284
3.900000,2.009040,2.011276,2.036410,2.023658,2.002715,1.989115,2.002491,1.890645,0.113998,0.105632,0.039060,0.069190,0.290484,0.186591,0.769849,1.525642,1.341940
3.916667,2.009071,2.010828,2.036428,2.023687,2.002669,1.989268,2.002469,1.889725,0.113703,0.106192,0.038934,0.070301,0.286037,0.189931,0.762988,1.528170,1.317411
3.933333,2.009083,2.010383,2.036464,2.023560,2.002631,1.989546,2.002452,1.888920,0.113663,0.107108,0.039063,0.071678,0.282188,0.192458,0.756703,1.531358,1.291537
3.950000,2.009093,2.009921,2.036562,2.023280,2.002600,1.989865,2.002435,1.888286,0.113697,0.108053,0.039202,0.073217,0.278804,0.194705,0.750846,1.536481,1.257518
3.966667,2.009099,2.009436,2.036734,2.022929,2.002562,1.990045,2.002422,1.887861,0.113628,0.108807,0.039204,0.074635,0.275840,0.196602,0.745318,1.543750,1.218395
3.983333,2.009093,2.008925,2.037046,2.022567,2.002522,1.990286,2.002485,1.887683,0.113517,0.109338,0.039001,0.075826,0.273248,0.197697,0.739928,1.554437,1.177254
4.000000,2.009115,2.008357,2.037269,2.022231,2.002476,1.990361,2.002524,1.887817,0.113612,0.109945,0.038779,0.076786,0.270941,0.198751,0.734563,1.564463,1.135953
4.016667,2.009171,2.007750,2.036822,2.021948,2.002422,1.990381,2.002557,1.888313,0.113846,0.110610,0.038846,0.077383,0.268859,0.199844,0.728066,1.559223,1.096995
4.033333,2.009227,2.007228,2.036118,2.021762,2.002373,1.990368,2.002559,1.889085,0.114084,0.111197,0.039041,0.077733,0.266904,0.200689,0.721921,1.549122,1.065787
4.050000,2.009263,2.006682,2.035555,2.021619,2.002319,1.990389,2.002565,1.889816,0.114301,0.111701,0.039143,0.077947,0.264913,0.201253,0.716794,1.543411,1.034166
4.066667,2.009303,2.006171,2.034998,2.021218,2.002272,1.990424,2.002560,1.890732,0.114546,0.112136,0.039204,0.078097,0.262984,0.201586,0.713009,1.537035,0.999495
4.083333,2.009344,2.005762,2.034560,2.021022,2.002220,1.990429,2.002547,1.891745,0.114646,0.112456,0.039204,0.078193,0.261107,0.201616,0.712104,1.532184,0.970205
4.100000,2.009390,2.005480,2.034232,2.020813,2.002178,1.990436,2.002528,1.892808,0.114527,0.112594,0.039165,0.078242,0.259316,0.201304,0.714520,1.528891,0.941594
4.116667,2.009434,2.005081,2.034083,2.020591,2.002137,1.990431,2.002509,1.893862,0.114126,0.112591,0.039161,0.078271,0.257613,0.200902,0.710055,1.529777,0.913790
4.133333,2.009478,2.004643,2.033972,2.020361,2.002111,1.990431,2.002490,1.893552,0.113756,0.112564,0.039169,0.078305,0.255381,0.200517,0.704013,1.531843,0.886825
4.150000,2.009516,2.004212,2.033885,2.020124,2.002106,1.990427,2.002475,1.892539,0.113416,0.112521,0.039189,0.078324,0.253132,0.200164,0.697698,1.534271,0.860706
4.166667,2.009546,2.003810,2.033819,2.019886,2.002112,1.990428,2.002459,1.891582,0.113115,0.112480,0.039220,0.078338,0.251188,0.199846,0.691642,1.536758,0.836642
4.183333,2.009568,2.003450,2.033789,2.019678,2.002123,1.990430,2.002445,1.890771,0.112845,0.112443,0.039248,0.078351,0.249573,0.199569,0.685747,1.539566,0.818048
4.200000,2.009586,2.002556,2.033769,2.019557,2.002129,1.990433,2.002434,1.890117,0.112653,0.112410,0.039169,0.078363,0.248284,0.199434,0.683810,1.544267,0.807913
4.216667,2.009599,2.001817,2.033705,2.019489,2.002132,1.990378,2.002467,1.889618,0.112527,0.112392,0.039116,0.078373,0.247309,0.199341,0.682145,1.547156,0.802495
4.233333,2.009607,2.001294,2.033651,2.019451,2.002134,1.990344,2.002488,1.889281,0.112449,0.112380,0.039077,0.078379,0.246654,0.199281,0.681071,1.548859,0.799608
4.250000,2.009612,2.000991,2.033618,2.019430,2.002135,1.990327,2.002499,1.889091,0.112407,0.112373,0.039056,0.078383,0.246288,0.199249,0.680456,1.549782,0.798083
4.266667,2.009614,2.000827,2.033600,2.019419,2.002137,1.990318,2.002504,1.888990,0.112383,0.112369,0.039045,0.078385,0.246093,0.199234,0.680115,1.550263,0.797285
4.283333,2.009616,2.000738,2.033589,2.019414,2.002138,1.990313,2.002507,1.888938,0.112371,0.112367,0.039039,0.078386,0.245990,0.199226,0.679929,1.550510,0.796873
4.300000,2.009617,2.000691,2.033583,2.019411,2.002138,1.990311,2.002508,1.888913,0.112364,0.112366,0.039036,0.078386,0.245935,0.199221,0.679831,1.550633,0.796668
4.316667,2.009617,2.000666,2.033579,2.019409,2.002139,1.990310,2.002508,1.888899,0.112361,0.112365,0.039034,0.078386,0.245907,0.199217,0.679785,1.550696,0.796574
4.333333,2.009617,2.000653,2.033578,2.019409,2.002139,1.990309,2.002508,1.888892,0.112359,0.112365,0.039033,0.078386,0.245893,0.199215,0.679765,1.550735,0.796537
4.350000,2.009617,2.000653,2.033578,2.019445,2.002144,1.990308,2.002508,1.888888,0.112357,0.112361,0.039065,0.078384,0.245885,0.199214,0.679784,1.550758,0.798832
4.366667,2.009616,2.000686,2.033583,2.019579,2.002176,1.990230,2.002474,1.888884,0.112379,0.112351,0.039283,0.078369,0.245880,0.199222,0.679956,1.550793,0.808362
4.383333,2.009614,2.000728,2.033589,2.019690,2.002211,1.990130,2.002429,1.888880,0.112413,0.112343,0.039544,0.078352,0.245876,0.199230,0.680153,1.550826,0.817275
4.400000,2.009611,2.000777,2.033596,2.019808,2.002250,1.990054,2.002395,1.888877,0.112449,0.112334,0.039845,0.078334,0.245873,0.199239,0.680371,1.550861,0.827031
4.416667,2.009609,2.000832,2.033604,2.019928,2.002293,1.990004,2.002372,1.888874,0.112486,0.112323,0.040184,0.078313,0.245870,0.199248,0.680603,1.550898,0.837363
4.433333,2.009604,2.000993,2.033610,2.020051,2.002340,1.989976,2.002359,1.888870,0.112527,0.112317,0.040412,0.078294,0.245865,0.199230,0.685459,1.550904,0.848349
4.450000,2.009627,2.001640,2.033609,2.020186,2.002352,1.989939,2.002341,1.888897,0.112642,0.112323,0.040252,0.078286,0.245892,0.199410,0.708328,1.550820,0.861361
4.466667,2.009670,2.002727,2.033747,2.020362,2.002366,1.989913,2.002327,1.888947,0.112793,0.112328,0.039872,0.078290,0.245942,0.199817,0.730941,1.555406,0.879331
4.483333,2.009722,2.004495,2.033659,2.020558,2.002390,1.989902,2.002320,1.889004,0.112963,0.112341,0.039322,0.078305,0.245998,0.200421,0.745634,1.556617,0.900898
4.500000,2.009764,2.006193,2.033366,2.020746,2.002422,1.989898,2.002315,1.889052,0.113121,0.112349,0.038965,0.078313,0.246043,0.200959,0.762207,1.552085,0.922524
4.516667,2.009737,2.007806,2.033042,2.020916,2.002453,1.989894,2.002319,1.889213,0.113268,0.112341,0.038695,0.078214,0.250762,0.200045,0.780658,1.546466,0.943007
4.533333,2.009700,2.009450,2.032432,2.021051,2.002466,1.989891,2.002324,1.889383,0.113404,0.112332,0.038605,0.078099,0.256012,0.198973,0.796869,1.532420,0.959578
4.550000,2.009768,2.010901,2.031830,2.021160,2.002461,1.989863,2.002431,1.886913,0.113529,0.112316,0.038603,0.077995,0.260892,0.198072,0.810060,1.517476,0.973339
4.566667,2.009841,2.012166,2.031207,2.021270,2.002450,1.989337,2.002614,1.884164,0.113655,0.112311,0.038759,0.077910,0.265635,0.197102,0.819909,1.495392,0.987111
4.583333,2.009873,2.013327,2.030583,2.021437,2.002384,1.988480,2.002815,1.881293,0.113661,0.112299,0.038918,0.077810,0.271507,0.195509,0.825673,1.477247,1.000335
4.600000,2.009866,2.014139,2.030554,2.021799,2.002220,1.987752,2.002984,1.878256,0.113396,0.112259,0.039065,0.077688,0.277992,0.193534,0.827521,1.473585,1.013598
4.616667,2.009848,2.014463,2.030436,2.022305,2.002055,1.987057,2.003130,1.875400,0.113016,0.112213,0.039309,0.077563,0.284432,0.191421,0.826974,1.472470,1.024698
4.633333,2.009823,2.014857,2.030597,2.022665,2.001981,1.986356,2.003261,1.872651,0.112872,0.112205,0.039045,0.077463,0.290764,0.189238,0.840881,1.476877,1.036465
4.650000,2.009790,2.015322,2.030730,2.022917,2.001933,1.985636,2.003378,1.869960,0.112861,0.112214,0.038747,0.077369,0.296958,0.187079,0.858768,1.477029,1.045856
4.666667,2.009759,2.015632,2.030834,2.023098,2.001877,1.985460,2.003466,1.867304,0.112850,0.112071,0.038494,0.077184,0.300353,0.185233,0.873205,1.474545,1.051094
4.683333,2.009852,2.015877,2.030939,2.023045,2.001796,1.985617,2.003523,1.864736,0.112707,0.111508,0.038260,0.076580,0.303211,0.187086,0.886951,1.470902,1.053923
4.700000,2.010002,2.016542,2.031362,2.022875,2.001747,1.986311,2.003605,1.862208,0.112873,0.111039,0.037673,0.075910,0.304805,0.189327,0.916095,1.477186,1.053787
4.716667,2.010103,2.017238,2.031868,2.022699,2.001706,1.986919,2.003661,1.859616,0.112972,0.110570,0.037035,0.075367,0.304225,0.190152,0.946471,1.485787,1.052611
4.733333,2.010173,2.017937,2.032422,2.022555,2.001670,1.987414,2.003703,1.856986,0.113037,0.110093,0.036397,0.074886,0.302631,0.190225,0.976194,1.495462,1.050750
4.750000,2.010200,2.018669,2.033010,2.022436,2.001637,1.987791,2.003737,1.854574,0.113088,0.109611,0.035769,0.074415,0.302015,0.189215,1.005681,1.505649,1.048349
4.766667,2.010053,2.019400,2.033613,2.022322,2.001605,1.987807,2.003769,1.855585,0.113139,0.109130,0.035210,0.073858,0.306860,0.183435,1.033534,1.515688,1.045465
4.783333,2.009813,2.020039,2.034084,2.022250,2.001568,1.987591,2.003802,1.859065,0.113174,0.108656,0.034793,0.073271,0.313949,0.175657,1.056888,1.521518,1.043059
4.800000,2.009557,2.020690,2.034372,2.022008,2.001555,1.987512,2.003813,1.862920,0.113283,0.108193,0.034369,0.072682,0.321203,0.168604,1.079512,1.520400,1.036339
4.816667,2.009278,2.021546,2.034631,2.021817,2.001537,1.987433,2.003813,1.866852,0.114119,0.107164,0.034182,0.070631,0.329421,0.161957,1.069835,1.521557,1.030820
4.833333,2.008709,2.021956,2.034726,2.021907,2.001464,1.987186,2.003785,1.878903,0.114904,0.106696,0.034217,0.068819,0.327704,0.153802,1.044383,1.519551,1.036646
4.850000,2.008095,2.021988,2.034793,2.022105,2.001381,1.986848,2.003761,1.893639,0.114835,0.105922,0.034379,0.067398,0.322788,0.145628,1.009894,1.516624,1.043743
4.866667,2.007311,2.021825,2.034877,2.022452,2.001354,1.986020,2.003721,1.909335,0.112107,0.103193,0.034572,0.066668,0.320574,0.136260,0.975903,1.513877,1.054013
4.883333,2.006519,2.021958,2.034942,2.023553,2.001314,1.985010,2.003666,1.918762,0.108405,0.100830,0.034749,0.067003,0.316978,0.127913,0.954712,1.510864,1.096691
4.900000,2.005801,2.021962,2.035060,2.024784,2.001256,1.984243,2.003632,1.925903,0.104308,0.098863,0.034660,0.068009,0.310866,0.121360,0.934562,1.508964,1.140600
4.916667,2.005132,2.021857,2.035219,2.026107,2.001165,1.983634,2.003613,1.931967,0.100060,0.097300,0.034492,0.069437,0.304078,0.115900,0.918241,1.508064,1.183349
4.933333,2.004504,2.021873,2.035409,2.027587,2.001041,1.983130,2.003606,1.936936,0.095830,0.096182,0.034260,0.071122,0.300196,0.111117,0.912943,1.507721,1.226526
4.950000,2.003920,2.021865,2.035594,2.028825,2.000917,1.982688,2.003600,1.940832,0.092748,0.095620,0.034035,0.072495,0.297988,0.107106,0.912164,1.507721,1.257918
4.966667,2.003415,2.021809,2.035802,2.029929,2.000793,1.982181,2.003460,1.944102,0.090387,0.095396,0.033815,0.073664,0.297039,0.104023,0.912952,1.507885,1.282629
4.983333,2.002981,2.021897,2.035747,2.031052,2.000691,1.981704,2.003288,1.946959,0.088852,0.095526,0.033740,0.074767,0.296124,0.101801,0.915480,1.501366,1.305329
5.000000,2.002610,2.022133,2.035506,2.031928,2.000598,1.981257,2.003189,1.949449,0.088063,0.095833,0.033704,0.075494,0.295570,0.100208,0.920662,1.490029,1.320702
5.016667,2.002302,2.022343,2.035286,2.032662,2.000508,1.980861,2.003127,1.951209,0.087670,0.096183,0.033709,0.075993,0.295726,0.099117,0.924920,1.479337,1.331328
5.033333,2.002034,2.022601,2.034962,2.033273,2.000425,1.980507,2.003083,1.952846,0.087495,0.096517,0.033741,0.076344,0.296115,0.098352,0.929028,1.463939,1.338940
5.050000,2.001814,2.022844,2.034431,2.033788,2.000355,1.980100,2.002940,1.954099,0.087442,0.096813,0.033808,0.076602,0.296752,0.097865,0.932700,1.445338,1.344291
5.066667,2.001643,2.023030,2.033959,2.034214,2.000288,1.979720,2.002815,1.955131,0.087462,0.097053,0.033866,0.076813,0.297503,0.097600,0.935528,1.429074,1.347705
5.083333,2.001521,2.023186,2.033490,2.034536,2.000232,1.979401,2.002731,1.955894,0.087520,0.097229,0.033907,0.076988,0.298621,0.097507,0.938220,1.413945,1.349370
5.100000,2.001426,2.023296,2.033028,2.034769,2.000186,1.979110,2.002676,1.956494,0.087599,0.097334,0.033957,0.077124,0.300171,0.097518,0.940070,1.399899,1.349221
5.116667,2.001355,2.023381,2.032586,2.035072,2.000134,1.978850,2.002621,1.956913,0.087696,0.097492,0.033993,0.077268,0.301244,0.097633,0.941668,1.387119,1.350696
5.133333,2.001300,2.023426,2.032191,2.035279,2.000094,1.978613,2.002542,1.957237,0.087792,0.097583,0.034036,0.077382,0.302157,0.097797,0.942365,1.375950,1.350660
5.150000,2.001259,2.023453,2.031827,2.035416,2.000063,1.978410,2.002494,1.957478,0.087888,0.097628,0.034077,0.077472,0.302765,0.097988,0.942745,1.366149,1.349638
5.166667,2.001224,2.023471,2.031507,2.035513,2.000037,1.978211,2.002443,1.957660,0.087980,0.097650,0.034112,0.077547,0.303129,0.098190,0.943045,1.357729,1.348243
5.183333,2.001193,2.023520,2.031233,2.035588,2.000016,1.978040,2.002404,1.957797,0.088066,0.097665,0.034111,0.077609,0.303327,0.098380,0.944621,1.350651,1.346789
5.200000,2.001169,2.023556,2.031012,2.035646,1.999998,1.977895,2.002381,1.957900,0.088142,0.097674,0.034110,0.077656,0.303446,0.098552,0.945861,1.344973,1.345495
5.216667,2.001148,2.023584,2.030845,2.035692,1.999982,1.977768,2.002367,1.957976,0.088205,0.097680,0.034108,0.077691,0.303576,0.098694,0.946861,1.340679,1.344455
5.233333,2.001129,2.023618,2.030733,2.035729,1.999968,1.977656,2.002359,1.958033,0.088251,0.097687,0.034096,0.077713,0.303792,0.098797,0.948109,1.337755,1.343723
5.250000,2.001112,2.023654,2.030673,2.035758,1.999957,1.977556,2.002356,1.958076,0.088281,0.097693,0.034078,0.077723,0.304146,0.098853,0.949432,1.336099,1.343307
5.266667,2.001097,2.023690,2.030643,2.035778,1.999950,1.977468,2.002355,1.958114,0.088300,0.097699,0.034062,0.077725,0.304650,0.098865,0.950692,1.335216,1.343092
5.283333,2.001085,2.023719,2.030626,2.035789,1.999946,1.977394,2.002355,1.958151,0.088312,0.097704,0.034043,0.077722,0.305285,0.098853,0.951737,1.334748,1.342975
5.300000,2.001074,2.023742,2.030617,2.035910,1.999932,1.977340,2.002357,1.958190,0.088320,0.097784,0.034021,0.077733,0.306017,0.098831,0.952616,1.334500,1.345168
5.316667,2.001063,2.023760,2.030611,2.036112,1.999911,1.977309,2.002359,1.958228,0.088328,0.097918,0.033999,0.077756,0.306800,0.098804,0.953318,1.334366,1.349020
5.333333,2.001054,2.023771,2.030608,2.036335,1.999888,1.977295,2.002360,1.958266,0.088336,0.098066,0.033981,0.077781,0.307573,0.098777,0.953803,1.334294,1.353293
5.350000,2.001046,2.023785,2.030606,2.036570,1.999864,1.977289,2.002361,1.958299,0.088346,0.098222,0.033960,0.077809,0.308267,0.098751,0.954366,1.334254,1.357777
5.366667,2.001039,2.023805,2.030603,2.036801,1.999841,1.977289,2.002362,1.958324,0.088358,0.098378,0.033928,0.077838,0.308801,0.098730,0.955209,1.334227,1.362169
5.383333,2.001035,2.023815,2.030602,2.037011,1.999821,1.977291,2.002363,1.958339,0.088369,0.098518,0.033907,0.077867,0.309121,0.098718,0.955683,1.334214,1.366134
5.400000,2.001026,2.023822,2.030601,2.037183,1.999804,1.977293,2.002364,1.958377,0.088379,0.098630,0.033899,0.077882,0.309944,0.098685,0.955953,1.334210,1.369352
5.416667,2.001021,2.023826,2.030601,2.037302,1.999792,1.977295,2.002365,1.958400,0.088386,0.098707,0.033894,0.077893,0.310414,0.098667,0.956098,1.334211,1.371559
5.433333,2.001018,2.023828,2.030601,2.037368,1.999786,1.977296,2.002365,1.958411,0.088390,0.098750,0.033892,0.077900,0.310668,0.098658,0.956175,1.334213,1.372789
5.450000,2.001017,2.023829,2.030601,2.037461,1.999777,1.977298,2.002366,1.958417,0.088396,0.098811,0.033889,0.077912,0.310804,0.098653,0.956216,1.334216,1.374515
5.466667,2.001018,2.023824,2.030524,2.037530,1.999769,1.977300,2.002366,1.958421,0.088399,0.098856,0.033876,0.077923,0.310879,0.098658,0.956283,1.334014,1.375830
5.483333,2.001030,2.023652,2.030602,2.037560,1.999761,1.977301,2.002367,1.958429,0.088393,0.098873,0.033706,0.077937,0.310926,0.098807,0.951052,1.345444,1.376525
5.500000,2.001045,2.023439,2.030611,2.037572,1.999758,1.976947,2.002351,1.958435,0.088396,0.098893,0.033440,0.077946,0.310950,0.099058,0.945207,1.359922,1.376894
5.516667,2.001062,2.023181,2.031084,2.037766,1.999870,1.976296,2.002310,1.958439,0.088280,0.098915,0.032969,0.077955,0.310961,0.099420,0.938709,1.389531,1.383978
5.533333,2.001080,2.022926,2.031878,2.038384,2.000028,1.975650,2.002253,1.958443,0.088104,0.098929,0.032403,0.077967,0.310967,0.099834,0.933252,1.425568,1.402376
5.550000,2.001104,2.022690,2.032763,2.038610,2.000127,1.974887,2.002222,1.958693,0.087879,0.098953,0.031812,0.077974,0.310908,0.100273,0.929722,1.463143,1.402838
5.566667,2.001156,2.022456,2.033907,2.038779,2.000236,1.973439,2.002301,1.959862,0.087547,0.099009,0.031141,0.077972,0.310598,0.100765,0.928583,1.504881,1.395987
5.583333,2.001220,2.022232,2.035237,2.039010,2.000360,1.971456,2.002456,1.961396,0.087159,0.099098,0.030406,0.078042,0.308037,0.101264,0.930386,1.548246,1.390856
5.600000,2.001384,2.021926,2.036497,2.039387,2.000416,1.970811,2.002614,1.963337,0.086293,0.099919,0.029772,0.078752,0.303376,0.103121,0.930810,1.585064,1.390848
5.616667,2.001591,2.021417,2.037536,2.039662,2.000456,1.970939,2.002765,1.966378,0.085337,0.100873,0.029554,0.079676,0.295847,0.105009,0.921320,1.609906,1.391173
5.633333,2.001843,2.020951,2.038531,2.039525,2.000488,1.971613,2.002890,1.969221,0.084560,0.101923,0.029458,0.080704,0.290567,0.107078,0.910298,1.631245,1.391205
5.650000,2.002258,2.020550,2.039411,2.038851,2.000505,1.972626,2.003064,1.970021,0.083912,0.102973,0.029400,0.081772,0.285514,0.109467,0.899664,1.649283,1.389337
5.666667,2.002758,2.020188,2.040170,2.038242,2.000557,1.974263,2.003315,1.970036,0.083722,0.103109,0.029426,0.081364,0.280234,0.112336,0.889391,1.664752,1.392900
5.683333,2.003206,2.019883,2.040782,2.037653,2.000624,1.978985,2.003575,1.970260,0.083937,0.102772,0.029765,0.080265,0.276098,0.115523,0.880226,1.677765,1.399801
5.700000,2.003613,2.019601,2.041255,2.037091,2.000655,1.982554,2.004022,1.970969,0.084467,0.102446,0.030356,0.079074,0.271983,0.118759,0.871491,1.688669,1.408461
5.716667,2.003946,2.019291,2.041581,2.036645,2.000681,1.985610,2.004510,1.972132,0.085354,0.101936,0.031174,0.077284,0.267968,0.122079,0.861481,1.696686,1.422344
5.733333,2.004165,2.018825,2.041479,2.036052,2.000723,1.987683,2.004886,1.973750,0.086202,0.101663,0.032129,0.075771,0.264175,0.125606,0.845228,1.694738,1.437362
5.750000,2.004365,2.018386,2.040693,2.035306,2.000777,1.988993,2.005166,1.975552,0.086786,0.101718,0.033028,0.074904,0.260523,0.129522,0.828944,1.682541,1.453225
5.766667,2.004568,2.017994,2.039779,2.034764,2.000833,1.989061,2.005414,1.977274,0.087241,0.102037,0.033707,0.074520,0.257198,0.133901,0.814111,1.669739,1.466760
5.783333,2.004799,2.017614,2.039096,2.034578,2.000876,1.988948,2.005567,1.978024,0.087684,0.102477,0.034120,0.074382,0.255234,0.138427,0.800319,1.663884,1.475376
5.800000,2.005076,2.017328,2.038706,2.034663,2.000919,1.988905,2.005652,1.978016,0.088066,0.102976,0.034299,0.074387,0.254052,0.142739,0.791023,1.663747,1.487260
5.816667,2.005418,2.017027,2.038490,2.034586,2.000976,1.988811,2.005705,1.977117,0.088318,0.103471,0.034370,0.074551,0.249483,0.146476,0.782260,1.665836,1.503998
5.833333,2.005674,2.016695,2.038496,2.034608,2.001023,1.988730,2.005732,1.976215,0.088586,0.103924,0.034354,0.074733,0.245072,0.149859,0.773798,1.670407,1.513075
5.850000,2.005875,2.016345,2.038631,2.034707,2.001063,1.988706,2.005745,1.975361,0.088858,0.104340,0.034295,0.074911,0.240977,0.153008,0.765683,1.676166,1.518048
5.866667,2.006091,2.015939,2.038579,2.034857,2.001099,1.988775,2.005748,1.974582,0.089199,0.104798,0.034239,0.075088,0.237248,0.156955,0.755304,1.683005,1.520889
5.883333,2.006283,2.015528,2.038138,2.035044,2.001133,1.988691,2.005735,1.973873,0.089542,0.105243,0.034261,0.075246,0.233846,0.160961,0.743663,1.686106,1.522609
5.900000,2.006436,2.015002,2.037583,2.035255,2.001165,1.988300,2.005689,1.973228,0.089847,0.105638,0.034256,0.075377,0.230765,0.164566,0.728934,1.690983,1.523743
5.916667,2.006550,2.014474,2.037012,2.035480,2.001195,1.987808,2.005585,1.972650,0.090189,0.105738,0.034297,0.075106,0.228049,0.167501,0.715123,1.695737,1.524566
5.933333,2.006625,2.014021,2.036548,2.035707,2.001220,1.987291,2.005491,1.972142,0.090706,0.105977,0.034563,0.074795,0.225584,0.169509,0.705030,1.697032,1.525211
5.950000,2.006673,2.013612,2.036245,2.035946,2.001238,1.986822,2.005405,1.971704,0.091193,0.106218,0.034799,0.074566,0.223396,0.170912,0.697642,1.697721,1.525779
5.966667,2.006695,2.013231,2.036024,2.036243,2.001239,1.986416,2.005324,1.971339,0.091753,0.106451,0.035017,0.074345,0.221488,0.171726,0.692090,1.697950,1.526386
5.983333,2.006683,2.012867,2.035833,2.036525,2.001233,1.986043,2.005247,1.971054,0.092420,0.106939,0.035224,0.074301,0.219796,0.171482,0.687903,1.697716,1.526925
6.000000,2.006701,2.012507,2.035643,2.036808,2.001212,1.985680,2.005166,1.970852,0.093287,0.107777,0.035349,0.074381,0.218345,0.171774,0.684684,1.696895,1.527463
6.016667,2.006729,2.012163,2.035435,2.035939,2.001208,1.985369,2.005092,1.970731,0.094049,0.108520,0.035450,0.074447,0.217116,0.172389,0.682381,1.695414,1.520812
6.033333,2.006758,2.011843,2.035197,2.033977,2.001232,1.985091,2.005020,1.970694,0.094713,0.109165,0.035564,0.074495,0.216066,0.173081,0.680965,1.693166,1.507285
6.050000,2.006808,2.011651,2.034924,2.031931,2.001320,1.984822,2.004951,1.970751,0.095101,0.109300,0.035667,0.074709,0.215205,0.173640,0.683336,1.690267,1.494474
6.066667,2.006863,2.011508,2.034868,2.030544,2.001409,1.984578,2.004888,1.970832,0.095371,0.109142,0.035768,0.075003,0.214356,0.174077,0.687693,1.687436,1.479037
6.083333,2.006941,2.011274,2.035317,2.029768,2.001480,1.984379,2.004833,1.970977,0.095628,0.108990,0.035546,0.075323,0.213601,0.174300,0.697485,1.687506,1.466843
6.100000,2.007031,2.010918,2.035732,2.029315,2.001544,1.984224,2.004788,1.971196,0.095807,0.108762,0.035277,0.075662,0.212961,0.174416,0.706465,1.687306,1.456772
6.116667,2.007128,2.010135,2.036267,2.028970,2.001606,1.984118,2.004786,1.971223,0.095937,0.108503,0.035055,0.075986,0.211920,0.174644,0.705156,1.686935,1.447109
6.133333,2.007271,2.009361,2.036738,2.028523,2.001689,1.984049,2.004784,1.970664,0.095929,0.108217,0.034853,0.076280,0.210108,0.174784,0.704625,1.686724,1.445008
6.150000,2.007401,2.008506,2.036934,2.027929,2.001768,1.984005,2.004777,1.970150,0.095762,0.107975,0.034664,0.076445,0.208518,0.174878,0.703703,1.687792,1.444276
6.166667,2.007516,2.007579,2.036897,2.027469,2.001832,1.983900,2.004742,1.969694,0.095631,0.107841,0.034522,0.076547,0.207162,0.174939,0.702829,1.686915,1.445134
6.183333,2.007607,2.006888,2.036993,2.027056,2.001895,1.983833,2.004718,1.969306,0.095528,0.107763,0.034367,0.076607,0.206026,0.174950,0.703029,1.688984,1.447215
6.200000,2.007682,2.006179,2.037060,2.026720,2.001944,1.983801,2.004702,1.968996,0.095450,0.107720,0.034244,0.076650,0.205119,0.174949,0.703096,1.690016,1.449336
6.216667,2.007739,2.005639,2.037073,2.026422,2.001990,1.983769,2.004685,1.968761,0.095394,0.107697,0.034157,0.076679,0.204427,0.174934,0.703557,1.690098,1.452028
6.233333,2.007777,2.005240,2.037124,2.026218,2.002024,1.983718,2.004665,1.968608,0.095364,0.107689,0.034083,0.076699,0.203952,0.174919,0.704018,1.691063,1.453893
6.250000,2.007800,2.005007,2.037157,2.026086,2.002046,1.983678,2.004657,1.968527,0.095349,0.107688,0.034042,0.076712,0.203677,0.174906,0.704508,1.691401,1.455337
6.266667,2.007812,2.004888,2.037177,2.026012,2.002058,1.983626,2.004644,1.968485,0.095343,0.107689,0.034021,0.076719,0.203531,0.174890,0.704985,1.691538,1.456095
6.283333,2.007820,2.004836,2.037189,2.025971,2.002065,1.983567,2.004625,1.968464,0.095340,0.107691,0.034009,0.076723,0.203458,0.174871,0.705506,1.691579,1.456491
6.300000,2.007825,2.004820,2.037198,2.025948,2.002069,1.983506,2.004601,1.968455,0.095339,0.107693,0.034003,0.076725,0.203423,0.174849,0.706114,1.691576,1.456694
6.316667,2.007829,2.004826,2.037204,2.025936,2.002071,1.983446,2.004577,1.968452,0.095340,0.107696,0.033998,0.076727,0.203410,0.174825,0.706826,1.691561,1.456796
6.333333,2.007834,2.004847,2.037209,2.025930,2.002072,1.983392,2.004554,1.968453,0.095341,0.107698,0.033995,0.076728,0.203410,0.174801,0.707652,1.691546,1.456851
6.350000,2.007838,2.004878,2.037214,2.025927,2.002073,1.983350,2.004536,1.968456,0.095341,0.107699,0.033992,0.076729,0.203417,0.174778,0.708604,1.691540,1.456883
6.366667,2.007844,2.004917,2.037217,2.025926,2.002073,1.983324,2.004524,1.968461,0.095342,0.107700,0.033989,0.076731,0.203428,0.174760,0.709692,1.691542,1.456901
6.383333,2.007851,2.004964,2.037219,2.025925,2.002073,1.983276,2.004503,1.968467,0.095343,0.107701,0.033987,0.076732,0.203443,0.174751,0.710920,1.691544,1.456909
6.400000,2.007859,2.005019,2.037220,2.025925,2.002073,1.983236,2.004486,1.968475,0.095343,0.107703,0.033984,0.076734,0.203462,0.174755,0.712293,1.691547,1.456913
6.416667,2.007869,2.005081,2.037219,2.025925,2.002073,1.983214,2.004476,1.968485,0.095344,0.107703,0.033981,0.076736,0.203482,0.174779,0.713802,1.691551,1.456913
6.433333,2.007881,2.005243,2.037179,2.025926,2.002073,1.983203,2.004471,1.968495,0.095344,0.107704,0.033988,0.076738,0.203505,0.174827,0.715697,1.690345,1.456916
6.450000,2.007893,2.005774,2.036528,2.025930,2.002074,1.983196,2.004468,1.968505,0.095346,0.107706,0.034199,0.076738,0.203528,0.174902,0.717284,1.674689,1.456935
6.466667,2.007891,2.006367,2.035863,2.025934,2.002075,1.983192,2.004466,1.968545,0.095349,0.107706,0.034427,0.076718,0.204403,0.174790,0.718707,1.657745,1.456956
6.483333,2.007851,2.006984,2.035202,2.025939,2.002076,1.983189,2.004467,1.968651,0.095352,0.107701,0.034671,0.076646,0.207345,0.174114,0.719445,1.639864,1.456980
6.500000,2.007798,2.008054,2.034442,2.025947,2.002079,1.983186,2.004467,1.968762,0.095363,0.107711,0.034714,0.076571,0.210576,0.173266,0.727917,1.617828,1.457030
6.516667,2.007738,2.009222,2.033711,2.025957,2.002083,1.983184,2.004467,1.968878,0.095379,0.107728,0.034649,0.076494,0.213977,0.172309,0.739999,1.595249,1.457092
6.533333,2.007695,2.010516,2.033002,2.025968,2.002086,1.983181,2.004466,1.969023,0.095396,0.107749,0.034527,0.076415,0.217705,0.171491,0.756054,1.572118,1.457162
6.550000,2.007642,2.011855,2.032324,2.025976,2.002085,1.982727,2.004498,1.969238,0.095418,0.107783,0.034379,0.076321,0.222872,0.170402,0.774400,1.548882,1.457239
6.566667,2.007562,2.013074,2.031521,2.026279,2.002100,1.981363,2.004582,1.970032,0.095493,0.107854,0.034301,0.076273,0.227455,0.168784,0.792539,1.521075,1.457990
6.583333,2.007453,2.014200,2.030539,2.026255,2.002118,1.979964,2.004667,1.971046,0.095623,0.107916,0.034265,0.076247,0.231636,0.166736,0.807117,1.492587,1.455049
6.600000,2.007348,2.014878,2.029660,2.026378,2.002091,1.978654,2.004644,1.971992,0.095829,0.107973,0.034174,0.076229,0.235675,0.164507,0.817912,1.472013,1.448545
6.616667,2.007296,2.015073,2.029162,2.026277,2.002080,1.977931,2.004612,1.972847,0.096324,0.108188,0.034294,0.076204,0.239700,0.161943,0.822261,1.459974,1.444559
6.633333,2.007242,2.015176,2.029022,2.025984,2.002132,1.977560,2.004590,1.973181,0.095218,0.107368,0.034738,0.076824,0.244187,0.159319,0.825477,1.452348,1.442698
6.650000,2.007277,2.015288,2.028990,2.025633,2.002193,1.977430,2.004557,1.971201,0.093920,0.106449,0.035361,0.077614,0.247747,0.157196,0.827048,1.445488,1.441935
6.666667,2.007318,2.015336,2.029001,2.025979,2.002126,1.978429,2.004562,1.969059,0.093348,0.106462,0.035846,0.078163,0.249433,0.155593,0.827944,1.439101,1.442729
6.683333,2.007346,2.015402,2.029026,2.027119,2.001865,1.979701,2.004616,1.966949,0.093867,0.107465,0.036073,0.078278,0.249905,0.154364,0.832425,1.433006,1.418129
6.700000,2.007360,2.015660,2.029055,2.028545,2.001543,1.980345,2.004676,1.964829,0.094976,0.109045,0.036058,0.078378,0.250391,0.153205,0.844901,1.427136,1.389514
6.716667,2.007371,2.015897,2.029029,2.029861,2.001192,1.981218,2.004706,1.962686,0.096363,0.110973,0.036002,0.078508,0.250518,0.152185,0.856268,1.418923,1.357982
6.733333,2.007382,2.016663,2.028971,2.030361,2.000895,1.982222,2.004723,1.960570,0.098232,0.112543,0.035733,0.077952,0.249883,0.151149,0.883225,1.409563,1.322335
6.750000,2.007366,2.017485,2.028917,2.030455,2.000598,1.983046,2.004723,1.958452,0.100305,0.114263,0.035439,0.077419,0.248616,0.150541,0.910942,1.400350,1.279873
6.766667,2.007279,2.018249,2.028892,2.030268,2.000318,1.983668,2.004729,1.956508,0.102425,0.115877,0.035717,0.076630,0.251079,0.148619,0.935974,1.391539,1.236275
6.783333,2.007095,2.019032,2.028866,2.030056,2.000100,1.984825,2.004783,1.954858,0.102445,0.116012,0.035976,0.076534,0.258780,0.144599,0.960541,1.382764,1.195846
6.800000,2.006902,2.019820,2.028837,2.029588,1.999929,1.985217,2.004791,1.953301,0.102425,0.115993,0.036134,0.076544,0.267842,0.140595,0.984369,1.374087,1.155881
6.816667,2.006690,2.020572,2.028802,2.028881,1.999781,1.985201,2.004764,1.951849,0.102554,0.116170,0.036083,0.076724,0.277491,0.136763,1.006710,1.365498,1.117166
6.833333,2.006464,2.021457,2.028763,2.027942,1.999673,1.984367,2.004729,1.950389,0.102807,0.116507,0.036117,0.077010,0.287863,0.132951,1.013432,1.357155,1.080041
6.850000,2.006224,2.022053,2.028738,2.026980,1.999625,1.981432,2.004693,1.948985,0.103096,0.116961,0.036361,0.077335,0.298770,0.129273,0.997231,1.349746,1.050583
6.866667,2.005978,2.022244,2.028748,2.025674,1.999605,1.979228,2.004643,1.947644,0.103431,0.117418,0.036731,0.077676,0.310028,0.125872,0.973877,1.343712,1.019335
6.883333,2.005732,2.022070,2.028774,2.024032,1.999612,1.977504,2.004583,1.946344,0.103799,0.117872,0.037098,0.078012,0.321455,0.122749,0.942999,1.339051,0.987833
6.900000,2.005337,2.022104,2.028831,2.022741,1.999608,1.975724,2.004518,1.946598,0.104134,0.118593,0.037236,0.078580,0.328732,0.119107,0.930946,1.335031,0.968792
6.916667,2.004765,2.022163,2.029093,2.022655,1.999555,1.974383,2.004445,1.948948,0.103494,0.119115,0.037194,0.079550,0.330221,0.114628,0.923164,1.339061,0.976745
6.933333,2.004165,2.022255,2.029700,2.022544,1.999545,1.973340,2.004376,1.952371,0.101253,0.118071,0.036621,0.080377,0.332319,0.110280,0.920567,1.356057,0.988558
6.950000,2.003565,2.022225,2.030101,2.022747,1.999546,1.972500,2.004309,1.956376,0.098103,0.116633,0.036191,0.081477,0.335463,0.106248,0.917381,1.365342,1.009278
6.966667,2.003011,2.022119,2.030451,2.022962,1.999572,1.971712,2.004249,1.960582,0.094455,0.115087,0.035838,0.082848,0.342110,0.102894,0.914550,1.372504,1.037114
6.983333,2.002447,2.022140,2.030720,2.023392,1.999620,1.971036,2.004195,1.964882,0.090554,0.113341,0.035574,0.084150,0.346219,0.099992,0.915762,1.377096,1.075383
7.000000,2.002039,2.022294,2.030613,2.024043,1.999677,1.970486,2.004153,1.967418,0.086764,0.111628,0.035445,0.085314,0.349862,0.098212,0.918634,1.368318,1.121207
7.016667,2.001718,2.022486,2.030451,2.025152,1.999676,1.969935,2.004115,1.969052,0.083993,0.110328,0.035362,0.086009,0.353027,0.097101,0.922686,1.357991,1.160048
7.033333,2.001444,2.022692,2.030284,2.026588,1.999663,1.969395,2.004079,1.970413,0.082905,0.108912,0.035323,0.085291,0.356084,0.096357,0.927408,1.347631,1.193065
7.050000,2.001231,2.022881,2.030072,2.027888,1.999622,1.968876,2.004029,1.971854,0.082500,0.107950,0.035417,0.084539,0.358797,0.095910,0.931077,1.326696,1.214619
7.066667,2.001075,2.023039,2.029763,2.028963,1.999543,1.968441,2.003971,1.972803,0.082347,0.107468,0.035559,0.084116,0.361266,0.095724,0.934056,1.302864,1.222660
7.083333,2.000956,2.023156,2.029465,2.029775,1.999459,1.968031,2.003915,1.973453,0.082316,0.107219,0.035683,0.083876,0.363292,0.095701,0.936498,1.282128,1.224916
7.100000,2.000865,2.023236,2.029180,2.030358,1.999381,1.967708,2.003856,1.973912,0.082341,0.107073,0.035806,0.083732,0.364826,0.095790,0.938267,1.262930,1.224270
7.116667,2.000782,2.023279,2.028903,2.030817,1.999308,1.967442,2.003797,1.974300,0.082401,0.106997,0.035934,0.083639,0.366618,0.095924,0.939240,1.245457,1.222723
7.133333,2.000712,2.023302,2.028640,2.031251,1.999241,1.967187,2.003743,1.974620,0.082492,0.106994,0.036054,0.083588,0.368253,0.096092,0.939840,1.229811,1.221734
7.150000,2.000660,2.023298,2.028400,2.031537,1.999181,1.966932,2.003699,1.974771,0.082571,0.106971,0.036173,0.083591,0.366820,0.096308,0.939719,1.216099,1.219641
7.166667,2.000618,2.023282,2.028186,2.031711,1.999132,1.966713,2.003675,1.974824,0.082637,0.106929,0.036280,0.083613,0.364033,0.096550,0.939309,1.204336,1.216938
7.183333,2.000581,2.023309,2.028002,2.031811,1.999093,1.966530,2.003661,1.974874,0.082696,0.106883,0.036334,0.083613,0.362360,0.096773,0.940519,1.194484,1.214097
7.200000,2.000553,2.023327,2.027853,2.031868,1.999061,1.966346,2.003661,1.974897,0.082746,0.106841,0.036377,0.083611,0.360734,0.096981,0.941456,1.186635,1.211567
7.216667,2.000530,2.023345,2.027740,2.031901,1.999035,1.966155,2.003669,1.974899,0.082788,0.106811,0.036406,0.083614,0.359152,0.097159,0.942357,1.180714,1.209628
7.233333,2.000511,2.023367,2.027664,2.031941,1.999014,1.965973,2.003678,1.974896,0.082825,0.106806,0.036416,0.083621,0.357962,0.097297,0.943387,1.176644,1.208707
7.250000,2.000496,2.023406,2.027637,2.032004,1.998995,1.965815,2.003686,1.974890,0.082864,0.106838,0.036371,0.083636,0.357224,0.097386,0.944866,1.174700,1.208900
7.266667,2.000486,2.023449,2.027624,2.032104,1.998979,1.965678,2.003691,1.974887,0.082903,0.106898,0.036329,0.083654,0.356823,0.097435,0.946513,1.173629,1.210055
7.283333,2.000474,2.023484,2.027616,2.032242,1.998965,1.965562,2.003696,1.974910,0.082948,0.106984,0.036293,0.083671,0.357117,0.097432,0.947731,1.173059,1.212044
7.300000,2.000462,2.023513,2.027611,2.032417,1.998950,1.965414,2.003701,1.974946,0.082999,0.107094,0.036258,0.083691,0.357781,0.097409,0.948840,1.172752,1.214713
7.316667,2.000452,2.023537,2.027608,2.032619,1.998935,1.965254,2.003705,1.974982,0.083055,0.107221,0.036226,0.083714,0.358477,0.097383,0.949797,1.172585,1.217876
7.333333,2.000444,2.023554,2.027605,2.032838,1.998920,1.965114,2.003709,1.975014,0.083114,0.107357,0.036198,0.083740,0.359123,0.097358,0.950538,1.172496,1.221308
7.350000,2.000438,2.023565,2.027604,2.033057,1.998905,1.965015,2.003713,1.975039,0.083173,0.107491,0.036178,0.083766,0.359630,0.097340,0.951009,1.172451,1.224739
7.366667,2.000434,2.023594,2.027602,2.033219,1.998889,1.964962,2.003715,1.975053,0.083238,0.107627,0.036135,0.083793,0.359935,0.097325,0.952240,1.172414,1.227028
7.383333,2.000427,2.023612,2.027601,2.033355,1.998877,1.964935,2.003716,1.975082,0.083288,0.107733,0.036108,0.083810,0.360545,0.097299,0.953022,1.172397,1.228861
7.400000,2.000422,2.023622,2.027600,2.033448,1.998868,1.964921,2.003717,1.975107,0.083320,0.107802,0.036094,0.083821,0.361057,0.097277,0.953450,1.172391,1.230064
7.416667,2.000419,2.023627,2.027600,2.033499,1.998864,1.964914,2.003717,1.975120,0.083338,0.107840,0.036087,0.083826,0.361332,0.097266,0.953680,1.172392,1.230727
7.433333,2.000417,2.023630,2.027599,2.033591,1.998857,1.964912,2.003718,1.975127,0.083365,0.107899,0.036081,0.083838,0.361480,0.097260,0.953803,1.172396,1.232088
7.450000,2.000416,2.023631,2.027599,2.033657,1.998851,1.964911,2.003718,1.975130,0.083385,0.107945,0.036078,0.083847,0.361560,0.097257,0.953867,1.172401,1.232801
7.466667,2.000422,2.023459,2.027857,2.033692,1.998847,1.964911,2.003719,1.975135,0.083394,0.107967,0.035895,0.083854,0.361605,0.097403,0.949131,1.184380,1.233185
7.483333,2.000430,2.023044,2.028120,2.033710,1.998843,1.964912,2.003719,1.975139,0.083396,0.107977,0.035665,0.083861,0.361632,0.097678,0.937041,1.199547,1.233389
7.500000,2.000449,2.022644,2.028419,2.034088,1.998823,1.964912,2.003720,1.975149,0.083331,0.107974,0.035110,0.083886,0.361656,0.098115,0.927261,1.227300,1.238789
7.516667,2.000474,2.022316,2.028807,2.034630,1.998784,1.964292,2.003704,1.975161,0.083235,0.107997,0.034409,0.083922,0.361677,0.098604,0.920632,1.259736,1.245402
7.533333,2.000499,2.022052,2.029237,2.035324,1.998736,1.963161,2.003670,1.975171,0.083247,0.108173,0.033733,0.083982,0.361690,0.099081,0.916848,1.292177,1.254316
7.550000,2.000565,2.021816,2.029829,2.035995,1.998751,1.961673,2.003623,1.974934,0.083191,0.108342,0.033120,0.084032,0.361772,0.099500,0.914146,1.325617,1.259532
7.566667,2.000721,2.021500,2.030507,2.036445,1.998799,1.960893,2.003560,1.974720,0.082844,0.107895,0.032679,0.083543,0.361988,0.099839,0.906473,1.356395,1.261897
7.583333,2.000868,2.021114,2.031260,2.036580,1.998854,1.960352,2.003538,1.976505,0.082428,0.107610,0.032315,0.083351,0.355654,0.100509,0.895213,1.386619,1.263129
7.600000,2.001057,2.020678,2.032040,2.036708,1.998907,1.962070,2.003456,1.978386,0.081797,0.108147,0.032021,0.083669,0.360587,0.102156,0.881777,1.416038,1.266935
7.616667,2.001246,2.020219,2.032808,2.036739,1.998984,1.964051,2.003354,1.979970,0.081741,0.107328,0.031744,0.081802,0.366182,0.104264,0.867112,1.444173,1.273932
7.633333,2.001421,2.019749,2.033530,2.036690,1.999092,1.965762,2.003268,1.981372,0.081656,0.106488,0.031501,0.079970,0.371735,0.106467,0.851779,1.470552,1.284750
7.650000,2.001779,2.019428,2.034154,2.036478,1.999188,1.968083,2.003322,1.980851,0.081585,0.105964,0.031303,0.078648,0.377258,0.109219,0.840944,1.494123,1.298506
7.666667,2.002286,2.019209,2.034640,2.036038,1.999241,1.969015,2.003935,1.979993,0.081072,0.106504,0.031403,0.078995,0.380838,0.111995,0.833135,1.514218,1.314213
7.683333,2.002752,2.018995,2.034986,2.035757,1.999257,1.969220,2.004572,1.980503,0.080495,0.107459,0.031828,0.079887,0.382596,0.114424,0.825416,1.531085,1.335220
7.700000,2.003140,2.018788,2.035192,2.035375,1.999302,1.970116,2.004984,1.981402,0.080005,0.108340,0.032176,0.080734,0.380232,0.117063,0.817839,1.545063,1.358298
7.716667,2.003484,2.018605,2.035258,2.035379,1.999411,1.971279,2.005304,1.982286,0.079594,0.109229,0.032480,0.081624,0.376183,0.119798,0.811348,1.555947,1.386418
7.733333,2.003850,2.018254,2.035443,2.035379,1.999631,1.972648,2.005601,1.983288,0.078114,0.109256,0.033073,0.083387,0.371849,0.123813,0.799134,1.570223,1.413985
7.750000,2.004178,2.017923,2.035537,2.035350,1.999856,1.973370,2.005935,1.984525,0.076731,0.109363,0.033817,0.085252,0.367677,0.129042,0.788065,1.582297,1.441699
7.766667,2.004513,2.017683,2.035775,2.035062,2.000021,1.975119,2.006275,1.985588,0.075721,0.110084,0.034496,0.087361,0.363560,0.134584,0.780021,1.592397,1.464929
7.783333,2.004880,2.017489,2.036079,2.034610,2.000156,1.976248,2.006572,1.985846,0.075104,0.110827,0.035212,0.089142,0.361099,0.140039,0.773530,1.601184,1.483437
7.800000,2.005231,2.017236,2.036295,2.034071,2.000263,1.977508,2.006825,1.985493,0.074980,0.111041,0.035905,0.089721,0.358300,0.144938,0.765510,1.608301,1.502164
7.816667,2.005564,2.016941,2.036433,2.033537,2.000355,1.978633,2.007043,1.984605,0.075250,0.110997,0.036489,0.089531,0.352255,0.149311,0.756795,1.614068,1.521597
7.833333,2.005856,2.016665,2.036501,2.033010,2.000440,1.978431,2.007167,1.983718,0.075504,0.111367,0.036824,0.089722,0.346508,0.153887,0.748888,1.618711,1.541471
7.850000,2.006108,2.016279,2.036642,2.032476,2.000517,1.977842,2.007201,1.982877,0.075816,0.111658,0.036966,0.089730,0.341176,0.158422,0.737777,1.625783,1.561754
7.866667,2.006303,2.015813,2.036818,2.031982,2.000590,1.977019,2.007172,1.982092,0.076087,0.111944,0.037007,0.089757,0.336282,0.162295,0.724732,1.633931,1.581555
7.883333,2.006458,2.015332,2.037019,2.031532,2.000654,1.976302,2.007128,1.981366,0.076333,0.112210,0.036986,0.089792,0.331813,0.165674,0.712170,1.642327,1.598432
7.900000,2.006581,2.014840,2.037328,2.031300,2.000702,1.975728,2.007085,1.980704,0.076578,0.112450,0.036908,0.089831,0.327761,0.168634,0.700489,1.652126,1.607525
7.916667,2.006662,2.014361,2.037669,2.031196,2.000738,1.975207,2.007040,1.980108,0.077175,0.112602,0.037047,0.089477,0.324107,0.170624,0.690025,1.662245,1.612499
7.933333,2.006707,2.013891,2.038016,2.031167,2.000771,1.974824,2.006959,1.979583,0.077719,0.112400,0.037181,0.088768,0.320912,0.171800,0.680658,1.672031,1.615311
7.950000,2.006712,2.013431,2.038334,2.031179,2.000821,1.974366,2.006879,1.979128,0.078073,0.111812,0.037300,0.087997,0.318131,0.171880,0.672399,1.681138,1.616976
7.966667,2.006659,2.012939,2.037880,2.031247,2.000844,1.973812,2.006791,1.978746,0.078432,0.111392,0.037541,0.087410,0.315676,0.170610,0.662394,1.684395,1.618121
7.983333,2.006602,2.012519,2.037138,2.031343,2.000858,1.973499,2.006944,1.978435,0.078794,0.111095,0.037863,0.086969,0.313560,0.169341,0.654208,1.681301,1.618924
8.000000,2.006585,2.012122,2.036589,2.031440,2.000881,1.973179,2.007066,1.978204,0.079195,0.110741,0.038110,0.086450,0.311813,0.168958,0.648713,1.678549,1.619551
8.016667,2.006609,2.011746,2.036205,2.031532,2.000910,1.972845,2.007138,1.978047,0.079588,0.110339,0.038267,0.085881,0.310395,0.169467,0.644931,1.676338,1.620098
8.033333,2.006638,2.011392,2.035898,2.031619,2.000943,1.972099,2.007139,1.977971,0.079932,0.109975,0.038357,0.085363,0.309249,0.170236,0.642420,1.674139,1.620595
8.050000,2.006664,2.011061,2.035603,2.031698,2.000979,1.970022,2.006966,1.977976,0.080268,0.109667,0.038421,0.084890,0.308304,0.171067,0.640925,1.671627,1.621060
8.066667,2.006694,2.010754,2.035314,2.031712,2.001008,1.968510,2.006864,1.977947,0.080579,0.109353,0.038486,0.084437,0.307185,0.171833,0.640185,1.668662,1.616528
8.083333,2.006783,2.010593,2.034986,2.031661,2.001022,1.967484,2.006801,1.978031,0.080858,0.108834,0.038241,0.083708,0.306400,0.172191,0.649939,1.666761,1.608116
8.100000,2.006865,2.010405,2.034867,2.031361,2.001053,1.966614,2.006783,1.978165,0.081128,0.108395,0.037936,0.083012,0.305692,0.172499,0.660220,1.665872,1.605392
8.116667,2.006998,2.009750,2.035334,2.030715,2.001103,1.965958,2.006770,1.977834,0.081389,0.108021,0.037674,0.082393,0.303545,0.172893,0.658496,1.665600,1.604335
8.133333,2.007150,2.009001,2.035795,2.030314,2.001136,1.965545,2.006752,1.977237,0.081617,0.107697,0.037438,0.081854,0.300896,0.173234,0.656813,1.665240,1.601546
8.150000,2.007284,2.008325,2.036184,2.029658,2.001188,1.965219,2.006728,1.976671,0.081811,0.107420,0.037233,0.081382,0.298523,0.173504,0.656120,1.665021,1.601826
8.166667,2.007404,2.007522,2.036265,2.029106,2.001232,1.964944,2.006721,1.976175,0.081985,0.107183,0.037042,0.080965,0.296503,0.173734,0.654530,1.666322,1.601356
8.183333,2.007564,2.006771,2.036411,2.028769,2.001259,1.964720,2.006695,1.975323,0.082139,0.106988,0.036900,0.080639,0.295203,0.173825,0.653762,1.666329,1.598813
8.200000,2.007732,2.006163,2.036460,2.028278,2.001303,1.964497,2.006670,1.974334,0.082263,0.106835,0.036764,0.080391,0.294142,0.173836,0.653667,1.667307,1.599798
8.216667,2.007852,2.005716,2.036529,2.027986,2.001328,1.964346,2.006647,1.973645,0.082353,0.106706,0.036671,0.080186,0.293399,0.173840,0.654055,1.667505,1.599024
8.233333,2.007935,2.005371,2.036587,2.027720,2.001351,1.964190,2.006616,1.973161,0.082400,0.106633,0.036594,0.080070,0.292922,0.173834,0.654447,1.668313,1.600084
8.250000,2.007982,2.005176,2.036611,2.027517,2.001369,1.964066,2.006588,1.972887,0.082427,0.106597,0.036550,0.080010,0.292643,0.173825,0.654840,1.668685,1.601072
8.266667,2.008007,2.005076,2.036624,2.027406,2.001379,1.963956,2.006563,1.972739,0.082443,0.106579,0.036525,0.079978,0.292496,0.173811,0.655166,1.668883,1.601600
8.283333,2.008022,2.005028,2.036631,2.027346,2.001385,1.963863,2.006541,1.972661,0.082453,0.106571,0.036512,0.079962,0.292421,0.173792,0.655504,1.668994,1.601878
8.300000,2.008030,2.005010,2.036636,2.027314,2.001388,1.963786,2.006523,1.972621,0.082459,0.106568,0.036503,0.079953,0.292385,0.173770,0.655877,1.669056,1.602024
8.316667,2.008035,2.005008,2.036638,2.027298,2.001390,1.963724,2.006506,1.972600,0.082463,0.106567,0.036498,0.079949,0.292369,0.173745,0.656296,1.669089,1.602101
8.333333,2.008039,2.005016,2.036639,2.027289,2.001391,1.963636,2.006481,1.972590,0.082466,0.106568,0.036495,0.079948,0.292365,0.173718,0.656777,1.669106,1.602140
8.350000,2.008042,2.005032,2.036639,2.027285,2.001392,1.963550,2.006455,1.972586,0.082469,0.106570,0.036492,0.079947,0.292368,0.173689,0.657341,1.669114,1.602158
8.366667,2.008045,2.005054,2.036639,2.027283,2.001392,1.963492,2.006437,1.972587,0.082471,0.106572,0.036489,0.079948,0.292375,0.173660,0.658010,1.669119,1.602165
8.383333,2.008049,2.005082,2.036639,2.027282,2.001392,1.963461,2.006428,1.972589,0.082472,0.106572,0.036486,0.079950,0.292385,0.173632,0.658803,1.669122,1.602166
8.400000,2.008055,2.005117,2.036639,2.027282,2.001392,1.963444,2.006423,1.972593,0.082472,0.106573,0.036484,0.079952,0.292398,0.173610,0.659732,1.669125,1.602164
8.416667,2.008061,2.005158,2.036639,2.027282,2.001392,1.963436,2.006420,1.972599,0.082472,0.106573,0.036481,0.079955,0.292414,0.173597,0.660805,1.669128,1.602161
8.433333,2.008070,2.005205,2.036639,2.027281,2.001391,1.963431,2.006418,1.972607,0.082471,0.106572,0.036479,0.079958,0.292432,0.173599,0.662016,1.669132,1.602156
8.450000,2.008078,2.005490,2.036535,2.027284,2.001392,1.963428,2.006417,1.972614,0.082472,0.106574,0.036509,0.079959,0.292451,0.173620,0.663196,1.665924,1.602160
8.466667,2.008087,2.006071,2.035964,2.027289,2.001393,1.963427,2.006416,1.972621,0.082475,0.106577,0.036649,0.079959,0.292471,0.173664,0.664269,1.653764,1.602173
8.483333,2.008101,2.006800,2.035400,2.027294,2.001395,1.963426,2.006415,1.972632,0.082482,0.106589,0.036654,0.079962,0.292499,0.173761,0.670665,1.640491,1.602195
8.500000,2.008136,2.008201,2.034665,2.027304,2.001399,1.963424,2.006413,1.972655,0.082503,0.106627,0.036363,0.079976,0.292555,0.174022,0.691845,1.619628,1.602243
8.516667,2.008172,2.009606,2.033919,2.027314,2.001402,1.963422,2.006411,1.972679,0.082525,0.106666,0.036104,0.079988,0.292610,0.174337,0.712691,1.597188,1.602299
8.533333,2.008186,2.011004,2.033191,2.027325,2.001405,1.963420,2.006408,1.972780,0.082547,0.106703,0.035864,0.079970,0.294573,0.174274,0.733699,1.574072,1.602359
8.550000,2.008158,2.012384,2.032500,2.027332,2.001400,1.965845,2.006446,1.973041,0.082517,0.106568,0.035677,0.079807,0.300322,0.173449,0.755017,1.551028,1.602423
8.566667,2.008068,2.013678,2.031809,2.027339,2.001393,1.968489,2.006493,1.973886,0.082486,0.106430,0.035538,0.079661,0.304931,0.172024,0.774843,1.527942,1.602491
8.583333,2.007844,2.014801,2.031071,2.027060,2.001389,1.968719,2.006605,1.976002,0.082497,0.106366,0.035467,0.079546,0.308815,0.168805,0.790518,1.504804,1.602764
8.600000,2.007695,2.015505,2.030597,2.026164,2.001351,1.967820,2.006566,1.977471,0.082695,0.106401,0.035501,0.079478,0.313112,0.165866,0.799848,1.485649,1.603450
8.616667,2.007591,2.015744,2.030518,2.025328,2.001318,1.968237,2.006334,1.978700,0.083310,0.106670,0.035787,0.079342,0.320547,0.162736,0.804191,1.474511,1.604023
8.633333,2.007515,2.015871,2.030541,2.024582,2.001290,1.969108,2.006155,1.979227,0.083434,0.106660,0.036082,0.079274,0.328533,0.160090,0.808371,1.466662,1.604539
8.650000,2.007515,2.016013,2.030604,2.023873,2.001240,1.970530,2.006175,1.977552,0.082805,0.106172,0.036660,0.078963,0.335714,0.157919,0.811645,1.459994,1.605102
8.666667,2.007505,2.016093,2.030705,2.022681,2.001141,1.972354,2.006321,1.975766,0.082338,0.105641,0.037621,0.078213,0.342032,0.156033,0.814332,1.454093,1.573668
8.683333,2.007476,2.016172,2.030817,2.022588,2.000921,1.974493,2.006545,1.974077,0.082261,0.105724,0.038664,0.077369,0.348345,0.154150,0.818689,1.448623,1.538570
8.700000,2.007433,2.016594,2.030923,2.023723,2.000585,1.976684,2.006817,1.972372,0.082885,0.106483,0.039427,0.076438,0.354294,0.152239,0.835898,1.443340,1.504152
8.716667,2.007431,2.017488,2.030914,2.025493,2.000219,1.978528,2.007103,1.970617,0.085372,0.108198,0.039886,0.075148,0.358574,0.150322,0.867006,1.434513,1.470457
8.733333,2.007410,2.018943,2.030933,2.027587,1.999863,1.980820,2.007417,1.968851,0.087464,0.108912,0.040585,0.073273,0.361433,0.148734,0.914799,1.426060,1.438534
8.750000,2.007293,2.020569,2.030935,2.029363,1.999528,1.982803,2.007725,1.967467,0.090938,0.110751,0.040982,0.071408,0.370731,0.144862,0.965527,1.417561,1.405247
8.766667,2.007163,2.021853,2.030911,2.030375,1.999268,1.984742,2.007974,1.966153,0.091619,0.110760,0.041061,0.070652,0.380887,0.141261,1.004571,1.408888,1.367276
8.783333,2.007048,2.023115,2.030853,2.031053,1.999027,1.986663,2.008204,1.964806,0.091145,0.110118,0.040875,0.070520,0.390092,0.138252,1.041326,1.400105,1.328522
8.800000,2.006941,2.024299,2.030618,2.031268,1.998813,1.987430,2.008310,1.963454,0.091271,0.110197,0.040577,0.070658,0.398918,0.135669,1.075944,1.389826,1.290900
8.816667,2.006580,2.025004,2.030393,2.031104,1.998610,1.986855,2.008328,1.962781,0.091790,0.110726,0.040443,0.070977,0.396454,0.131775,1.073175,1.380230,1.248162
8.833333,2.006045,2.025006,2.030271,2.030617,1.998441,1.983403,2.008182,1.963508,0.092100,0.111067,0.040519,0.071256,0.399110,0.125426,1.048932,1.372330,1.204570
8.850000,2.005468,2.024375,2.030373,2.029811,1.998290,1.978540,2.007979,1.965327,0.092502,0.111508,0.040524,0.071565,0.403109,0.118781,1.008620,1.371534,1.160074
8.866667,2.004897,2.023940,2.030626,2.028880,1.998173,1.975224,2.007833,1.967557,0.092917,0.111948,0.040764,0.071868,0.408011,0.112394,0.975934,1.374641,1.119222
8.883333,2.004349,2.023981,2.031614,2.027774,1.998088,1.973002,2.007725,1.969899,0.093374,0.112423,0.040084,0.072195,0.414285,0.106495,0.966936,1.403002,1.080134
8.900000,2.003838,2.024194,2.033241,2.026551,1.998018,1.970673,2.007615,1.972294,0.093867,0.112928,0.038870,0.072507,0.422084,0.101165,0.971231,1.448335,1.043703
8.916667,2.003428,2.024134,2.034476,2.025357,1.997962,1.968680,2.007511,1.974436,0.094302,0.113364,0.038236,0.072763,0.429243,0.097183,0.969807,1.477830,1.013706
8.933333,2.003042,2.024471,2.035327,2.023777,1.997961,1.967187,2.007424,1.976645,0.094739,0.113752,0.037856,0.072931,0.439521,0.093407,0.981186,1.494741,0.981522
8.950000,2.002688,2.024808,2.035932,2.023292,1.997944,1.966037,2.007355,1.979377,0.093368,0.113094,0.037704,0.073333,0.461171,0.089657,0.993179,1.504615,0.979921
8.966667,2.002428,2.024431,2.036648,2.023393,1.997916,1.965041,2.007295,1.981912,0.090461,0.111345,0.037602,0.073958,0.484169,0.086928,0.986423,1.516960,0.994711
8.983333,2.002231,2.024167,2.037016,2.024008,1.997874,1.964162,2.007243,1.983731,0.087158,0.109257,0.037293,0.074570,0.500991,0.085417,0.977835,1.520613,1.018506
9.000000,2.002033,2.024209,2.036806,2.024823,1.997851,1.963425,2.007197,1.985378,0.083723,0.107086,0.037136,0.075200,0.518244,0.084133,0.977469,1.508011,1.051088
9.016667,2.001871,2.024376,2.036408,2.025672,1.997813,1.962771,2.007148,1.986719,0.081481,0.105813,0.037047,0.075662,0.532273,0.083305,0.981210,1.491682,1.081033
9.033333,2.001716,2.024563,2.036014,2.026809,1.997766,1.962196,2.007088,1.987835,0.080399,0.105315,0.036976,0.075947,0.543220,0.082762,0.986117,1.475732,1.109698
9.050000,2.001577,2.024711,2.035589,2.027671,1.997705,1.961651,2.007027,1.988774,0.079929,0.105143,0.036960,0.076066,0.551962,0.082398,0.990383,1.459770,1.128417
9.066667,2.001447,2.024825,2.035147,2.028355,1.997638,1.961202,2.006964,1.989595,0.079765,0.105116,0.036974,0.076105,0.559092,0.082214,0.994139,1.444366,1.141169
9.083333,2.001338,2.024906,2.034666,2.028895,1.997574,1.960815,2.006901,1.990268,0.079745,0.105143,0.037004,0.076108,0.564447,0.082167,0.997278,1.429543,1.149952
9.100000,2.001241,2.024948,2.034218,2.029295,1.997514,1.960547,2.006854,1.990844,0.079857,0.105160,0.037054,0.076007,0.568787,0.082204,0.999465,1.415900,1.155576
9.116667,2.001155,2.024975,2.033793,2.029660,1.997450,1.960549,2.006841,1.991335,0.080193,0.105220,0.037107,0.075737,0.572298,0.082294,1.001320,1.403482,1.160328
9.133333,2.001077,2.024975,2.033401,2.029990,1.997393,1.960551,2.006810,1.991748,0.080443,0.105292,0.037166,0.075575,0.575110,0.082420,1.002359,1.392412,1.164351
9.150000,2.001011,2.025005,2.033187,2.030203,1.997351,1.960550,2.006771,1.992085,0.080628,0.105316,0.037008,0.075488,0.577216,0.082560,1.004508,1.384695,1.166536
9.166667,2.000952,2.025109,2.032996,2.030318,1.997337,1.960534,2.006730,1.992373,0.080735,0.105299,0.036827,0.075511,0.579022,0.082679,1.009506,1.377502,1.167206
9.183333,2.000901,2.025169,2.032840,2.030381,1.997326,1.960522,2.006691,1.992606,0.080801,0.105256,0.036700,0.075537,0.580454,0.082800,1.012910,1.371678,1.167166
9.200000,2.000854,2.025213,2.032724,2.030415,1.997317,1.960513,2.006657,1.992851,0.080848,0.105211,0.036587,0.075554,0.582532,0.082893,1.015571,1.367436,1.166883
9.216667,2.000813,2.025243,2.032637,2.030435,1.997307,1.960507,2.006629,1.993036,0.080881,0.105172,0.036509,0.075568,0.584147,0.082979,1.017514,1.364216,1.166585
9.233333,2.000779,2.025277,2.032580,2.030446,1.997298,1.960505,2.006606,1.993183,0.080905,0.105146,0.036453,0.075574,0.585636,0.083039,1.019410,1.361939,1.166397
9.250000,2.000753,2.025318,2.032552,2.030453,1.997288,1.960505,2.006590,1.993288,0.080922,0.105132,0.036409,0.075575,0.586887,0.083074,1.021339,1.360594,1.166339
9.266667,2.000733,2.025367,2.032538,2.030457,1.997282,1.960505,2.006580,1.993369,0.080935,0.105127,0.036367,0.075572,0.588046,0.083080,1.023399,1.359871,1.166348
9.283333,2.000719,2.025399,2.032530,2.030459,1.997280,1.960506,2.006575,1.993432,0.080945,0.105127,0.036328,0.075568,0.589035,0.083063,1.024958,1.359486,1.166386
9.300000,2.000708,2.025430,2.032524,2.030461,1.997278,1.960450,2.006573,1.993480,0.080955,0.105131,0.036288,0.075564,0.589857,0.083040,1.026414,1.359275,1.166427
9.316667,2.000701,2.025457,2.032519,2.030462,1.997278,1.960306,2.006574,1.993515,0.080963,0.105139,0.036247,0.075563,0.590485,0.083020,1.027751,1.359155,1.166456
9.333333,2.000692,2.025480,2.032516,2.030463,1.997277,1.960208,2.006575,1.993567,0.080970,0.105145,0.036212,0.075557,0.591450,0.082982,1.028914,1.359085,1.166473
9.350000,2.000683,2.025497,2.032513,2.030464,1.997277,1.960031,2.006577,1.993618,0.080977,0.105154,0.036183,0.075552,0.592431,0.082943,1.029813,1.359044,1.166483
9.366667,2.000677,2.025508,2.032511,2.030465,1.997277,1.959878,2.006579,1.993651,0.080981,0.105161,0.036164,0.075550,0.593053,0.082919,1.030387,1.359022,1.166488
9.383333,2.000674,2.025529,2.032510,2.030465,1.997277,1.959777,2.006580,1.993668,0.080985,0.105166,0.036143,0.075549,0.593388,0.082903,1.031274,1.359008,1.166492
9.400000,2.000672,2.025552,2.032507,2.030466,1.997277,1.959722,2.006581,1.993677,0.080990,0.105172,0.036112,0.075549,0.593565,0.082894,1.032340,1.358993,1.166496
9.416667,2.000671,2.025560,2.032506,2.030466,1.997277,1.959693,2.006581,1.993682,0.080993,0.105175,0.036095,0.075549,0.593657,0.082890,1.032792,1.358985,1.166498
9.433333,2.000671,2.025565,2.032506,2.030466,1.997277,1.959677,2.006582,1.993684,0.080995,0.105176,0.036087,0.075548,0.593705,0.082889,1.033034,1.358983,1.166498
9.450000,2.000671,2.025564,2.032467,2.030466,1.997277,1.959669,2.006582,1.993686,0.080995,0.105177,0.036075,0.075549,0.593728,0.082890,1.033167,1.358896,1.166497
9.466667,2.000682,2.025509,2.032338,2.030460,1.997273,1.959665,2.006583,1.993691,0.080988,0.105170,0.035861,0.075555,0.593745,0.083018,1.031595,1.366794,1.166492
9.483333,2.000698,2.025438,2.031923,2.030953,1.997262,1.959663,2.006584,1.993699,0.080915,0.105162,0.035582,0.075576,0.593760,0.083220,1.029346,1.370983,1.174805
9.500000,2.000723,2.025385,2.031509,2.031561,1.997243,1.958993,2.006537,1.993735,0.080780,0.105106,0.035267,0.075592,0.593679,0.083445,1.027433,1.374629,1.182393
9.516667,2.000788,2.025272,2.031506,2.032373,1.997277,1.957576,2.006445,1.993773,0.080468,0.104693,0.034803,0.075519,0.593214,0.083741,1.023910,1.393760,1.193145
9.533333,2.000864,2.025148,2.031756,2.033645,1.997287,1.956052,2.006427,1.994365,0.080482,0.104720,0.034266,0.075509,0.592570,0.084113,1.020605,1.421357,1.211499
9.550000,2.000926,2.025045,2.032235,2.034799,1.997292,1.954649,2.006487,1.995754,0.080604,0.104863,0.033702,0.075594,0.584794,0.084533,1.018783,1.453138,1.228262
9.566667,2.000989,2.024957,2.033126,2.035244,1.997396,1.953304,2.006553,1.997622,0.080143,0.104538,0.033042,0.076070,0.560836,0.084922,1.019181,1.492626,1.234751
9.583333,2.001066,2.024883,2.034261,2.035546,1.997675,1.952181,2.006593,1.999219,0.078764,0.103467,0.032370,0.076834,0.538360,0.085352,1.022240,1.534447,1.241148
9.600000,2.001359,2.024705,2.035449,2.035652,1.997986,1.951692,2.006565,1.999961,0.077639,0.102735,0.031768,0.077618,0.513369,0.086853,1.021576,1.571351,1.247793
9.616667,2.001809,2.024289,2.036179,2.035572,1.998309,1.952228,2.006692,1.999368,0.077379,0.100901,0.031412,0.075992,0.504093,0.088964,1.010425,1.593144,1.255258
9.633333,2.002244,2.023823,2.036860,2.035359,1.998596,1.955032,2.006912,1.997982,0.076963,0.099948,0.031236,0.075349,0.499249,0.090815,0.995598,1.612563,1.264527
9.650000,2.002587,2.023490,2.037458,2.035011,1.998795,1.958615,2.007243,1.997490,0.076393,0.100141,0.031259,0.076156,0.482386,0.092484,0.983893,1.629654,1.275951
9.666667,2.002886,2.023250,2.037935,2.034534,1.998854,1.963103,2.007695,1.997199,0.075867,0.100993,0.031518,0.077313,0.469730,0.094177,0.974471,1.644189,1.289571
9.683333,2.003155,2.023045,2.038285,2.034039,1.998939,1.966584,2.008272,1.997209,0.075323,0.101473,0.032053,0.078034,0.455532,0.096093,0.965775,1.656493,1.306766
9.700000,2.003428,2.022848,2.038512,2.033626,1.999077,1.971432,2.008853,1.997179,0.074647,0.101858,0.032878,0.078918,0.441074,0.097901,0.957121,1.666764,1.329404
9.716667,2.003679,2.022669,2.038636,2.033422,1.999248,1.976626,2.009460,1.997450,0.074087,0.102095,0.033981,0.079626,0.429126,0.099716,0.948871,1.675246,1.356900
9.733333,2.003880,2.022368,2.038952,2.033047,1.999434,1.980286,2.010138,1.998488,0.073785,0.102255,0.035218,0.079882,0.418287,0.101979,0.936176,1.686640,1.386882
9.750000,2.004048,2.022109,2.039119,2.032598,1.999583,1.982489,2.010841,1.999738,0.073577,0.102635,0.036288,0.080301,0.409749,0.104415,0.926090,1.696491,1.413045
9.766667,2.004200,2.021865,2.039203,2.032040,1.999700,1.982328,2.011493,2.000846,0.073480,0.103288,0.036884,0.080928,0.402213,0.106872,0.918306,1.704715,1.433673
9.783333,2.004333,2.021655,2.039553,2.031401,1.999804,1.980263,2.012026,2.001759,0.073485,0.104069,0.037183,0.081585,0.395123,0.109349,0.911580,1.712198,1.452596
9.800000,2.004453,2.021476,2.039870,2.030835,1.999891,1.978163,2.012351,2.002433,0.073566,0.104875,0.037307,0.082212,0.389611,0.111804,0.906065,1.718798,1.471765
9.816667,2.004572,2.021231,2.039900,2.030340,1.999980,1.975361,2.012587,2.002804,0.073701,0.105724,0.037425,0.082817,0.386373,0.114208,0.898203,1.722207,1.490466
9.833333,2.004687,2.020954,2.039385,2.030117,2.000045,1.972624,2.012712,2.002998,0.073914,0.106548,0.037651,0.083374,0.384625,0.116578,0.888726,1.718249,1.502048
9.850000,2.004826,2.020717,2.038767,2.030030,2.000096,1.970806,2.012705,2.003105,0.074239,0.106570,0.037810,0.082982,0.383789,0.119525,0.880785,1.715105,1.508372
9.866667,2.004960,2.020563,2.038397,2.030023,2.000138,1.969537,2.012650,2.003165,0.074652,0.106046,0.037803,0.081920,0.383454,0.122521,0.876776,1.716485,1.511913
9.883333,2.005075,2.020379,2.038090,2.030059,2.000174,1.968672,2.012614,2.003200,0.075054,0.105671,0.037751,0.081052,0.383319,0.125227,0.872170,1.720628,1.513954
9.900000,2.005196,2.020200,2.037376,2.030119,2.000207,1.968081,2.012596,2.003125,0.075525,0.105616,0.037448,0.080505,0.383408,0.127621,0.881012,1.723283,1.515199
9.916667,2.005347,2.020014,2.036627,2.030192,2.000243,1.967188,2.012617,2.002726,0.076016,0.105963,0.037053,0.080459,0.378033,0.129574,0.893845,1.727088,1.516032
9.933333,2.005479,2.019819,2.035853,2.030263,2.000277,1.965684,2.012655,2.002297,0.076610,0.106448,0.037140,0.080421,0.372605,0.131262,0.900630,1.725100,1.516633
9.950000,2.005595,2.019664,2.035250,2.030336,2.000311,1.963719,2.012688,2.001853,0.077153,0.106922,0.037354,0.080397,0.367293,0.132841,0.904510,1.721656,1.517128
9.966667,2.005698,2.019535,2.034763,2.030408,2.000345,1.960616,2.012921,2.001402,0.077641,0.107424,0.037594,0.080430,0.362206,0.134323,0.906807,1.717420,1.517577
9.983333,2.005789,2.019412,2.034333,2.030529,2.000321,1.956012,2.013241,2.000944,0.078108,0.107925,0.037780,0.080516,0.357358,0.135747,0.908210,1.713010,1.518136
10.000000,2.005880,2.019191,2.034064,2.030643,2.000300,1.950280,2.013622,2.000483,0.078581,0.108407,0.037864,0.080561,0.352759,0.137312,0.906911,1.711211,1.518669
10.016667,2.005968,2.018904,2.034763,2.030749,2.000283,1.943622,2.014055,2.000023,0.079034,0.108913,0.037933,0.080649,0.348408,0.138907,0.904979,1.711782,1.519190
10.033333,2.005989,2.018579,2.035472,2.030848,2.000270,1.936199,2.014535,1.999549,0.079419,0.109327,0.037905,0.080708,0.344209,0.139185,0.909408,1.713304,1.519697
10.050000,2.005983,2.018266,2.036090,2.029850,2.000279,1.928139,2.015053,1.999080,0.079737,0.109672,0.037899,0.080740,0.340273,0.138991,0.915383,1.713856,1.516847
10.066667,2.006006,2.018004,2.036627,2.028597,2.000288,1.921079,2.015483,1.998628,0.080100,0.110137,0.037882,0.080920,0.336596,0.139540,0.918796,1.713909,1.506524
10.083333,2.006026,2.017768,2.037102,2.027862,2.000291,1.915292,2.015799,1.998195,0.080422,0.110546,0.037720,0.081110,0.333205,0.140047,0.920784,1.714473,1.497229
10.100000,2.006029,2.017001,2.037633,2.027218,2.000303,1.909896,2.016092,1.997783,0.080676,0.110851,0.037554,0.081243,0.330112,0.140337,0.913417,1.714701,1.492970
10.116667,2.006028,2.015637,2.037852,2.026474,2.000325,1.904843,2.016369,1.997405,0.080922,0.111120,0.037365,0.081375,0.327402,0.140431,0.900913,1.717049,1.490780
10.133333,2.006036,2.014236,2.038070,2.025987,2.000337,1.900178,2.016623,1.997072,0.081246,0.111357,0.037155,0.081471,0.325133,0.140273,0.895868,1.720178,1.485699
10.150000,2.006041,2.012923,2.038405,2.025348,2.000366,1.895801,2.016867,1.996769,0.081526,0.111543,0.036974,0.081524,0.323118,0.140185,0.892297,1.724669,1.485796
10.166667,2.006042,2.011854,2.038587,2.024837,2.000390,1.891216,2.017153,1.996501,0.081763,0.111713,0.036817,0.081578,0.321364,0.140087,0.890935,1.728530,1.484573
10.183333,2.006043,2.010913,2.038742,2.024105,2.000430,1.887447,2.017381,1.996138,0.081880,0.111824,0.036670,0.081679,0.318705,0.139977,0.889950,1.733174,1.487835
10.200000,2.006050,2.010043,2.038936,2.023615,2.000453,1.882926,2.017482,1.995488,0.081866,0.111885,0.036572,0.081848,0.314030,0.139919,0.888485,1.736562,1.487523
10.216667,2.006056,2.009340,2.039121,2.023138,2.000481,1.879098,2.017555,1.995006,0.081847,0.111939,0.036494,0.081977,0.310770,0.139875,0.887478,1.739372,1.490699
10.233333,2.006060,2.008851,2.039260,2.022822,2.000499,1.876763,2.017605,1.994686,0.081835,0.111972,0.036443,0.082061,0.308692,0.139853,0.886589,1.741361,1.492300
10.250000,2.006062,2.008556,2.039347,2.022610,2.000512,1.875474,2.017632,1.994500,0.081827,0.111989,0.036413,0.082109,0.307503,0.139846,0.885954,1.742607,1.493928
10.266667,2.006064,2.008398,2.039396,2.022493,2.000519,1.874781,2.017647,1.994399,0.081822,0.111999,0.036398,0.082135,0.306864,0.139842,0.885542,1.743284,1.494789
10.283333,2.006065,2.008313,2.039421,2.022429,2.000523,1.874410,2.017655,1.994345,0.081820,0.112004,0.036389,0.082149,0.306524,0.139839,0.885313,1.743649,1.495244
10.300000,2.006065,2.008268,2.039435,2.022394,2.000525,1.874216,2.017659,1.994316,0.081818,0.112006,0.036385,0.082157,0.306343,0.139837,0.885189,1.743848,1.495482
10.316667,2.006065,2.008245,2.039443,2.022376,2.000526,1.874115,2.017661,1.994300,0.081817,0.112007,0.036383,0.082161,0.306248,0.139836,0.885127,1.743954,1.495607
10.333333,2.006065,2.008233,2.039447,2.022367,2.000527,1.874065,2.017662,1.994292,0.081816,0.112008,0.036382,0.082163,0.306199,0.139834,0.885097,1.744009,1.495673
10.350000,2.006066,2.008245,2.039449,2.022362,2.000527,1.874042,2.017662,1.994289,0.081816,0.112007,0.036380,0.082165,0.306179,0.139826,0.885512,1.744038,1.495710
10.366667,2.006070,2.008303,2.039450,2.022360,2.000527,1.874032,2.017662,1.994290,0.081815,0.112007,0.036376,0.082170,0.306187,0.139803,0.886987,1.744055,1.495727
10.383333,2.006075,2.008371,2.039450,2.022359,2.000526,1.874030,2.017662,1.994292,0.081814,0.112006,0.036372,0.082175,0.306203,0.139784,0.888661,1.744065,1.495733
10.400000,2.006079,2.008731,2.039200,2.022361,2.000527,1.874032,2.017661,1.994295,0.081815,0.112007,0.036420,0.082178,0.306224,0.139770,0.890290,1.739347,1.495744
10.416667,2.006084,2.009169,2.038572,2.022364,2.000528,1.874035,2.017661,1.994298,0.081817,0.112009,0.036538,0.082182,0.306249,0.139770,0.891996,1.729733,1.495755
10.433333,2.006091,2.009647,2.037894,2.022368,2.000529,1.874039,2.017660,1.994302,0.081818,0.112010,0.036724,0.082185,0.306277,0.139790,0.893777,1.716367,1.495767
10.450000,2.006100,2.010148,2.037185,2.022372,2.000530,1.874043,2.017660,1.994307,0.081820,0.112012,0.036957,0.082189,0.306307,0.139835,0.895608,1.700259,1.495782
10.466667,2.006108,2.010718,2.036535,2.022376,2.000531,1.874046,2.017659,1.994311,0.081823,0.112014,0.037173,0.082192,0.306337,0.139906,0.897397,1.684476,1.495798
10.483333,2.006121,2.011457,2.035803,2.022380,2.000528,1.876428,2.017789,1.994329,0.081846,0.112196,0.037434,0.082409,0.306055,0.140020,0.899059,1.665415,1.495819
10.500000,2.006132,2.012434,2.035017,2.022385,2.000525,1.878951,2.017930,1.994358,0.081878,0.112405,0.037564,0.082652,0.305547,0.140121,0.905629,1.643450,1.495853
10.516667,2.006122,2.013603,2.034240,2.022393,2.000523,1.881348,2.018070,1.994453,0.081919,0.112624,0.037414,0.082876,0.306278,0.139836,0.921467,1.620320,1.495903
10.533333,2.006052,2.014691,2.033532,2.022402,2.000521,1.883644,2.018208,1.994694,0.081963,0.112844,0.037483,0.083049,0.309940,0.138726,0.923364,1.597477,1.495959
10.550000,2.005985,2.015676,2.032790,2.022411,2.000518,1.885865,2.018337,1.994916,0.082009,0.113070,0.037734,0.083227,0.313868,0.137563,0.914429,1.573193,1.496021
10.566667,2.005908,2.016726,2.031928,2.022414,2.000505,1.892531,2.018541,1.995048,0.082542,0.112770,0.038009,0.082470,0.313869,0.136009,0.905618,1.545975,1.496093
10.583333,2.005810,2.017531,2.031151,2.022114,2.000496,1.899827,2.018753,1.995270,0.083072,0.112284,0.038297,0.081540,0.310769,0.134350,0.892874,1.521998,1.495716
10.600000,2.005693,2.017910,2.030500,2.021276,2.000436,1.906942,2.019088,1.994589,0.083658,0.111386,0.038510,0.080083,0.309486,0.132900,0.880434,1.504430,1.494191
10.616667,2.005597,2.017940,2.030274,2.020405,2.000365,1.914270,2.019557,1.993503,0.084127,0.109973,0.038884,0.078163,0.309307,0.132013,0.871568,1.493539,1.493660
10.633333,2.005536,2.017906,2.030274,2.019631,2.000335,1.921857,2.020116,1.992323,0.083658,0.107725,0.039611,0.076302,0.309387,0.131650,0.865767,1.487270,1.493624
10.650000,2.005474,2.017868,2.030324,2.018866,2.000326,1.930178,2.020796,1.991158,0.082738,0.105110,0.040685,0.074539,0.309715,0.131164,0.859875,1.480907,1.493896
10.666667,2.005421,2.017782,2.030435,2.018164,2.000282,1.941592,2.021876,1.990024,0.082077,0.103009,0.042155,0.072939,0.310192,0.130623,0.853804,1.475239,1.486439
10.683333,2.005395,2.017684,2.030546,2.017992,2.000138,1.954513,2.023284,1.988902,0.082493,0.102432,0.043373,0.071591,0.310741,0.130126,0.849540,1.469816,1.463543
10.700000,2.005365,2.017746,2.030630,2.018916,1.999907,1.966170,2.024707,1.987777,0.083997,0.102897,0.043916,0.070234,0.311306,0.129547,0.851604,1.464403,1.431033
10.716667,2.005328,2.018724,2.030587,2.020479,1.999646,1.974727,2.025819,1.986631,0.085972,0.103770,0.043705,0.069028,0.311152,0.128365,0.881961,1.455333,1.395986
10.733333,2.005248,2.019825,2.030581,2.022529,1.999380,1.978892,2.026602,1.985610,0.087312,0.104771,0.044075,0.068722,0.312474,0.126172,0.914762,1.446715,1.360298
10.750000,2.005167,2.020686,2.030599,2.024792,1.999153,1.979792,2.027577,1.984353,0.087309,0.103721,0.044825,0.067769,0.310504,0.124116,0.939875,1.438452,1.325506
10.766667,2.005089,2.021318,2.030601,2.026248,1.998946,1.979656,2.028554,1.982992,0.087565,0.102704,0.045348,0.066719,0.306549,0.122142,0.957738,1.430064,1.285884
10.783333,2.005007,2.021784,2.030586,2.026761,1.998756,1.979253,2.029275,1.981584,0.087775,0.101433,0.045839,0.065518,0.301932,0.120140,0.970492,1.421638,1.240396
10.800000,2.004923,2.022120,2.030540,2.026881,1.998584,1.979849,2.029868,1.980247,0.087891,0.100031,0.046190,0.064337,0.298970,0.118203,0.979896,1.413029,1.198240
10.816667,2.004850,2.022435,2.030338,2.026792,1.998441,1.979432,2.030289,1.978926,0.087283,0.098205,0.046552,0.063718,0.296352,0.116553,0.992297,1.403006,1.153685
10.833333,2.004773,2.022922,2.030215,2.026182,1.998316,1.976897,2.030515,1.977632,0.086879,0.096972,0.046793,0.063576,0.294479,0.114858,1.008096,1.393937,1.107129
10.850000,2.004694,2.022953,2.030430,2.025049,1.998195,1.972173,2.030539,1.976390,0.086934,0.096477,0.046185,0.063707,0.292971,0.113397,1.010090,1.395906,1.058307
10.866667,2.004617,2.023155,2.031373,2.024271,1.998057,1.966044,2.030574,1.975871,0.087976,0.097450,0.044435,0.064211,0.285831,0.112207,1.021432,1.423420,1.024144
10.883333,2.004522,2.023363,2.032253,2.024050,1.997897,1.958565,2.030581,1.975834,0.090115,0.099854,0.043117,0.064861,0.278202,0.110611,1.032613,1.446785,1.007768
10.900000,2.004433,2.023626,2.033001,2.023926,1.997774,1.949830,2.030540,1.976021,0.088732,0.099572,0.042167,0.066416,0.270031,0.109025,1.045187,1.464093,1.000467
10.916667,2.004343,2.023891,2.033539,2.024199,1.997636,1.940789,2.030554,1.976338,0.086533,0.099061,0.041551,0.068426,0.262117,0.107392,1.056443,1.474352,1.007858
10.933333,2.004258,2.024137,2.033894,2.024219,1.997511,1.932839,2.030753,1.976712,0.084542,0.098825,0.041222,0.070476,0.254841,0.105766,1.065899,1.478890,1.015932
10.950000,2.004196,2.024549,2.034265,2.024404,1.997408,1.923113,2.030825,1.977261,0.083229,0.099198,0.040847,0.072369,0.249176,0.104330,1.080213,1.480776,1.030847
10.966667,2.004151,2.025069,2.034580,2.024699,1.997296,1.910985,2.030788,1.977911,0.082053,0.099933,0.040409,0.074510,0.241307,0.103071,1.097673,1.481774,1.050748
10.983333,2.004100,2.025632,2.034819,2.024921,1.997193,1.897944,2.030759,1.978471,0.080996,0.100487,0.039993,0.076325,0.234562,0.101625,1.116094,1.482389,1.069577
11.000000,2.004048,2.026163,2.035033,2.025259,1.997062,1.881140,2.030632,1.978902,0.080599,0.101934,0.039682,0.078271,0.231873,0.100124,1.133125,1.482841,1.092532
11.016667,2.003988,2.026510,2.035041,2.025764,1.996934,1.862369,2.030563,1.979269,0.080868,0.104365,0.039611,0.080622,0.231555,0.098500,1.129409,1.476418,1.114890
11.033333,2.003919,2.026649,2.034686,2.026798,1.996813,1.841892,2.030536,1.979608,0.081809,0.107591,0.039817,0.083218,0.231068,0.096838,1.115199,1.455147,1.137630
11.050000,2.003879,2.026899,2.033996,2.027597,1.996698,1.820287,2.030400,1.979988,0.082888,0.110088,0.040114,0.085120,0.226320,0.095379,1.107888,1.425329,1.152905
11.066667,2.003828,2.026990,2.033347,2.028211,1.996594,1.797870,2.030335,1.980325,0.084226,0.112245,0.040417,0.086485,0.221786,0.094025,1.098290,1.399571,1.162652
11.083333,2.003776,2.027034,2.032914,2.028791,1.996484,1.773514,2.030240,1.980639,0.085796,0.114335,0.040507,0.087624,0.217332,0.092754,1.090660,1.380123,1.170570
11.100000,2.003727,2.027028,2.032436,2.029273,1.996381,1.747362,2.030178,1.980927,0.087541,0.116337,0.040513,0.088571,0.213057,0.091559,1.084877,1.359312,1.176257
11.116667,2.003681,2.026958,2.031894,2.030244,1.996251,1.718098,2.030065,1.981190,0.089296,0.118453,0.040603,0.089611,0.209254,0.090449,1.079934,1.337609,1.189244
11.133333,2.003629,2.026787,2.031436,2.031181,1.996130,1.686923,2.029945,1.981457,0.091141,0.120575,0.040764,0.090596,0.205864,0.089296,1.074024,1.319360,1.201140
11.150000,2.003582,2.026567,2.031100,2.032243,1.996003,1.654435,2.029820,1.981691,0.093155,0.122817,0.040895,0.091559,0.202195,0.088365,1.069171,1.305924,1.214300
11.166667,2.003542,2.026414,2.030872,2.032819,1.995903,1.622178,2.029644,1.981891,0.094309,0.124142,0.040950,0.092361,0.199652,0.087611,1.066732,1.296803,1.221740
11.183333,2.003508,2.026340,2.030650,2.032553,1.995852,1.593642,2.029434,1.982056,0.094316,0.124688,0.040963,0.093392,0.198518,0.086979,1.065917,1.288232,1.219293
11.200000,2.003481,2.026258,2.030437,2.032289,1.995819,1.563008,2.029142,1.982201,0.093960,0.125063,0.040952,0.094501,0.197421,0.086491,1.065208,1.280425,1.212103
11.216667,2.003460,2.026218,2.030306,2.032107,1.995757,1.533890,2.028826,1.982312,0.093952,0.125471,0.040971,0.095307,0.196452,0.086122,1.065392,1.275295,1.205254
11.233333,2.003445,2.026200,2.030186,2.032004,1.995716,1.500188,2.028508,1.982398,0.093914,0.125852,0.040975,0.096111,0.195401,0.085865,1.066216,1.270805,1.201508
11.250000,2.003437,2.026225,2.030103,2.031950,1.995684,1.460724,2.028070,1.982458,0.094033,0.126165,0.040993,0.096711,0.194720,0.085691,1.067726,1.267700,1.199503
11.266667,2.003433,2.026274,2.030058,2.031921,1.995666,1.433785,2.027775,1.982495,0.094069,0.126312,0.040991,0.097082,0.194342,0.085587,1.069725,1.265996,1.198430
11.283333,2.003431,2.026318,2.030032,2.031907,1.995658,1.418442,2.027582,1.982517,0.094081,0.126382,0.040973,0.097283,0.194126,0.085529,1.071669,1.265078,1.197853
11.300000,2.003429,2.026358,2.030017,2.031941,1.995653,1.409644,2.027463,1.982530,0.094086,0.126445,0.040944,0.097417,0.194006,0.085496,1.073554,1.264582,1.198214
11.316667,2.003428,2.026394,2.030008,2.032046,1.995647,1.404491,2.027387,1.982537,0.094078,0.126531,0.040910,0.097544,0.193944,0.085476,1.075350,1.264310,1.199674
11.333333,2.003427,2.026426,2.030001,2.032125,1.995642,1.401371,2.027336,1.982540,0.094070,0.126610,0.040877,0.097649,0.193914,0.085464,1.076975,1.264159,1.200505
11.350000,2.003426,2.026450,2.029997,2.032176,1.995639,1.399403,2.027299,1.982542,0.094066,0.126662,0.040849,0.097714,0.193900,0.085458,1.078317,1.264075,1.200973
11.366667,2.003426,2.026466,2.029998,2.032275,1.995637,1.398111,2.027271,1.982543,0.094119,0.126770,0.040834,0.097760,0.193889,0.085456,1.079265,1.264047,1.202174
11.383333,2.003439,2.026475,2.030056,2.032624,1.995641,1.397240,2.027249,1.982546,0.094016,0.126907,0.040801,0.097903,0.193866,0.085696,1.079821,1.265313,1.206796
11.400000,2.003493,2.026479,2.030233,2.033069,1.995659,1.396634,2.027232,1.982556,0.093577,0.126820,0.040676,0.098094,0.193821,0.086592,1.080131,1.269608,1.212755
11.416667,2.003553,2.026482,2.030406,2.033496,1.995682,1.396206,2.027220,1.982571,0.093026,0.126672,0.040561,0.098325,0.193736,0.087593,1.080330,1.273678,1.218442
11.433333,2.003616,2.026483,2.030614,2.033923,1.995712,1.395913,2.027211,1.982596,0.092337,0.126422,0.040428,0.098580,0.193606,0.088673,1.080457,1.278665,1.224119
11.450000,2.003681,2.026485,2.030908,2.034383,1.995750,1.395727,2.027204,1.982630,0.091469,0.126028,0.040241,0.098845,0.193432,0.089825,1.080543,1.286029,1.230290
11.466667,2.003758,2.026493,2.031131,2.034751,1.995788,1.398710,2.027204,1.982675,0.091283,0.125436,0.040110,0.098182,0.193268,0.091225,1.080617,1.292309,1.235150
11.483333,2.003836,2.026521,2.031178,2.035110,1.995806,1.408468,2.027315,1.982735,0.091427,0.124882,0.040004,0.097194,0.193109,0.092622,1.080651,1.300714,1.240036
11.500000,2.003930,2.026472,2.031330,2.035430,1.995814,1.420887,2.027464,1.982809,0.092072,0.124127,0.039776,0.095446,0.192966,0.094339,1.079494,1.315640,1.244492
11.516667,2.004006,2.026447,2.031470,2.035650,1.995860,1.434244,2.027631,1.982945,0.090825,0.123243,0.039695,0.095523,0.193496,0.095556,1.079038,1.330114,1.247503
11.533333,2.004092,2.026342,2.031885,2.035791,1.995914,1.456379,2.027981,1.983329,0.089991,0.122796,0.039375,0.095402,0.198254,0.096908,1.078550,1.357251,1.249510
11.550000,2.004171,2.026210,2.032444,2.035852,1.995975,1.477962,2.028335,1.983563,0.089343,0.122656,0.038975,0.095474,0.203263,0.098119,1.079105,1.390773,1.250530
11.566667,2.004223,2.026075,2.033020,2.035998,1.996169,1.501654,2.028753,1.983206,0.088835,0.123108,0.038756,0.096037,0.205870,0.099358,1.079361,1.420023,1.253410
11.583333,2.004277,2.025842,2.033747,2.036676,1.996460,1.527389,2.029233,1.982753,0.088319,0.123948,0.038812,0.096917,0.207954,0.100854,1.073645,1.446135,1.266100
11.600000,2.004339,2.025536,2.034566,2.036886,1.996761,1.545979,2.029505,1.982171,0.087541,0.124963,0.039111,0.098116,0.211809,0.102462,1.063966,1.470927,1.265143
11.616667,2.004408,2.025187,2.035433,2.037040,1.997098,1.557238,2.029482,1.981712,0.086368,0.126446,0.039647,0.100034,0.219255,0.104086,1.051936,1.494695,1.266402
11.633333,2.004488,2.024813,2.036308,2.037153,1.997468,1.584978,2.029670,1.981460,0.084476,0.126436,0.040423,0.100953,0.226916,0.105922,1.038522,1.517299,1.271157
11.650000,2.004586,2.024434,2.037161,2.037247,1.997898,1.620256,2.029604,1.981441,0.082139,0.123582,0.041438,0.099244,0.238425,0.108170,1.024296,1.538517,1.280532
11.666667,2.004682,2.024057,2.037961,2.037156,1.998217,1.654757,2.029319,1.981437,0.080023,0.121129,0.042722,0.097846,0.250869,0.110409,1.009634,1.558083,1.293419
11.683333,2.004792,2.023689,2.038687,2.037013,1.998485,1.685904,2.028908,1.981265,0.078172,0.118953,0.044309,0.096565,0.261281,0.112759,0.994774,1.575792,1.311008
11.700000,2.004906,2.023312,2.039284,2.036532,1.998735,1.716340,2.028482,1.980981,0.076565,0.116991,0.046279,0.095432,0.270004,0.115176,0.979975,1.591423,1.327440
11.716667,2.005014,2.022927,2.039719,2.035727,1.998942,1.746167,2.028212,1.980564,0.075197,0.115221,0.048675,0.094476,0.275394,0.117644,0.965613,1.604779,1.341058
11.733333,2.005119,2.022606,2.040084,2.035156,1.999129,1.774573,2.028020,1.980115,0.074087,0.113664,0.051710,0.093614,0.279961,0.120096,0.952415,1.616130,1.355758
11.750000,2.005230,2.022170,2.040522,2.034649,1.999286,1.803426,2.027858,1.979713,0.073343,0.111989,0.054552,0.092326,0.286741,0.122687,0.934579,1.629335,1.371802
11.766667,2.005370,2.021816,2.040850,2.034190,1.999414,1.831231,2.027721,1.979365,0.072942,0.109929,0.056510,0.090433,0.295997,0.125790,0.919918,1.641474,1.388488
11.783333,2.005508,2.021617,2.041265,2.033658,1.999547,1.850545,2.027610,1.978905,0.072100,0.109911,0.057696,0.091349,0.302481,0.128803,0.911127,1.650766,1.405482
11.800000,2.005641,2.021484,2.041768,2.033365,1.999651,1.867281,2.027907,1.978432,0.071629,0.110165,0.058331,0.092269,0.309415,0.131815,0.905592,1.659390,1.415572
11.816667,2.005771,2.021379,2.042232,2.033254,1.999720,1.887628,2.028760,1.977855,0.071714,0.108947,0.058660,0.091142,0.314629,0.135110,0.901864,1.667544,1.421159
11.833333,2.005888,2.021149,2.042722,2.033258,1.999776,1.901612,2.029577,1.977258,0.071884,0.107901,0.058777,0.090050,0.319556,0.138143,0.894349,1.676693,1.424373
11.850000,2.005986,2.021034,2.043014,2.033326,1.999823,1.907557,2.030064,1.976629,0.072187,0.107532,0.057813,0.089416,0.324766,0.140761,0.892784,1.687881,1.426293
11.866667,2.006067,2.020857,2.042431,2.033414,1.999865,1.909610,2.030371,1.975949,0.072600,0.107686,0.057177,0.089109,0.329556,0.143172,0.888005,1.688074,1.427451
11.883333,2.006133,2.020644,2.041637,2.033515,1.999904,1.909593,2.030570,1.975201,0.073069,0.108155,0.056678,0.089022,0.333906,0.145438,0.881750,1.686686,1.428213
11.900000,2.006179,2.020642,2.041065,2.033627,1.999943,1.909198,2.031677,1.974462,0.073543,0.109464,0.055810,0.089827,0.338454,0.147259,0.885092,1.692629,1.428790
11.916667,2.006196,2.021258,2.040475,2.033743,1.999983,1.908135,2.032746,1.973704,0.074057,0.111967,0.054008,0.091894,0.342592,0.148256,0.914721,1.702786,1.429275
11.933333,2.006219,2.022045,2.039980,2.033860,2.000020,1.906902,2.033766,1.972857,0.075070,0.112305,0.052071,0.091246,0.346019,0.149515,0.951494,1.714958,1.429726
11.950000,2.006304,2.022468,2.039284,2.033980,2.000055,1.905615,2.034764,1.971998,0.076392,0.114099,0.050958,0.091704,0.372930,0.146467,0.972607,1.722098,1.430172
11.966667,2.006173,2.022606,2.038731,2.033601,2.000105,1.904340,2.035757,1.971372,0.077765,0.116243,0.050596,0.092502,0.413258,0.137760,0.982327,1.724033,1.427197
11.983333,2.005956,2.022601,2.038372,2.031941,2.000198,1.903019,2.036670,1.974342,0.079613,0.117795,0.050607,0.092648,0.426417,0.128365,0.986311,1.724491,1.415749
12.000000,2.005727,2.022499,2.038138,2.030423,2.000289,1.901757,2.037604,1.977263,0.081476,0.119369,0.050740,0.092951,0.430868,0.119664,0.990513,1.725038,1.406061
12.016667,2.005517,2.022314,2.037947,2.028314,2.000288,1.900343,2.038393,1.979949,0.083470,0.121017,0.050908,0.093322,0.433816,0.112038,0.996377,1.726156,1.393029
12.033333,2.005363,2.022144,2.037713,2.025976,2.000348,1.899080,2.039232,1.982505,0.085926,0.120595,0.051219,0.091159,0.439650,0.106148,0.999249,1.725581,1.377257
12.050000,2.005316,2.022014,2.037488,2.024527,2.000437,1.897682,2.039903,1.984912,0.088701,0.119187,0.051584,0.087737,0.452279,0.101673,1.000820,1.723693,1.360084
12.066667,2.005246,2.021898,2.037187,2.023682,2.000526,1.896310,2.040458,1.986960,0.091215,0.118424,0.051987,0.085360,0.463202,0.097112,1.001819,1.721150,1.346541
12.083333,2.005189,2.021350,2.036846,2.023151,2.000620,1.894985,2.040989,1.988734,0.093641,0.117879,0.052361,0.083384,0.472938,0.092885,0.995937,1.717848,1.335343
12.100000,2.005184,2.020509,2.036730,2.022796,2.000727,1.893845,2.041605,1.989932,0.095384,0.117392,0.052583,0.082129,0.476610,0.089613,0.985964,1.714625,1.325673
12.116667,2.005243,2.019343,2.037377,2.022286,2.000871,1.892604,2.042017,1.990323,0.095909,0.116807,0.052737,0.082038,0.472512,0.087511,0.972717,1.712918,1.322227
12.133333,2.005361,2.018217,2.038003,2.021389,2.001035,1.891614,2.042569,1.989888,0.095926,0.116479,0.052762,0.082699,0.468315,0.085863,0.962339,1.714496,1.322361
12.150000,2.005496,2.017180,2.038497,2.020543,2.001150,1.890595,2.042948,1.989039,0.095825,0.116331,0.052606,0.083358,0.461525,0.084453,0.957787,1.719848,1.324322
12.166667,2.005642,2.016029,2.038692,2.019793,2.001231,1.889616,2.043219,1.987953,0.095793,0.116225,0.052491,0.083746,0.453144,0.083354,0.952772,1.723434,1.325279
12.183333,2.005800,2.015037,2.038889,2.019092,2.001296,1.888729,2.043436,1.986730,0.095788,0.116138,0.052354,0.083982,0.443694,0.082454,0.949584,1.727880,1.327416
12.200000,2.005971,2.014187,2.039088,2.018656,2.001332,1.888064,2.043587,1.985426,0.095815,0.116046,0.052251,0.084096,0.433602,0.081702,0.947472,1.731052,1.326336
12.216667,2.006150,2.013500,2.039226,2.018113,2.001372,1.887549,2.043718,1.984072,0.095820,0.115972,0.052170,0.084197,0.423084,0.081037,0.946024,1.733695,1.328961
12.233333,2.006302,2.013008,2.039330,2.017752,2.001397,1.887198,2.043814,1.983224,0.095855,0.115981,0.052155,0.084405,0.417141,0.079657,0.945132,1.735597,1.330162
12.250000,2.006465,2.012717,2.039381,2.017522,2.001414,1.886996,2.043880,1.982336,0.095883,0.116011,0.052168,0.084633,0.410692,0.078368,0.944631,1.736717,1.331425
12.266667,2.006645,2.012557,2.039407,2.017397,2.001423,1.886888,2.043922,1.981376,0.095918,0.116138,0.052190,0.084945,0.402854,0.077347,0.944364,1.737319,1.332105
12.283333,2.006798,2.012471,2.039420,2.017330,2.001428,1.886832,2.043945,1.980613,0.095963,0.116366,0.052203,0.085288,0.396725,0.076799,0.944234,1.737641,1.332474
12.300000,2.006911,2.012426,2.039427,2.017295,2.001431,1.886803,2.043957,1.980273,0.096033,0.116774,0.052203,0.085718,0.393987,0.076662,0.944167,1.737812,1.332677
12.316667,2.007033,2.012402,2.039431,2.017276,2.001432,1.886789,2.043962,1.980353,0.096187,0.117702,0.052193,0.086575,0.394529,0.076782,0.944135,1.737902,1.332787
12.333333,2.007147,2.012391,2.039433,2.017267,2.001433,1.886785,2.043965,1.980558,0.096363,0.118791,0.052175,0.087560,0.396087,0.077098,0.944122,1.737948,1.332847
12.350000,2.007184,2.012385,2.039435,2.017264,2.001434,1.886787,2.043966,1.980836,0.096593,0.120254,0.052168,0.088922,0.398404,0.076982,0.944149,1.737971,1.332880
12.366667,2.007185,2.012382,2.039435,2.017264,2.001436,1.886794,2.043966,1.981170,0.096861,0.122003,0.052171,0.090593,0.401370,0.076450,0.944204,1.737980,1.332900
12.383333,2.007191,2.012383,2.039436,2.017265,2.001437,1.886800,2.043965,1.981547,0.097113,0.123693,0.052175,0.092210,0.404972,0.076034,0.944250,1.737985,1.332912
12.400000,2.007244,2.012604,2.039193,2.017270,2.001440,1.886803,2.043963,1.982020,0.097588,0.125039,0.052226,0.093184,0.409773,0.075990,0.944071,1.733114,1.332931
12.416667,2.007373,2.012901,2.038587,2.017276,2.001444,1.886803,2.043960,1.982794,0.098654,0.125924,0.052438,0.093012,0.417943,0.076096,0.943810,1.719865,1.332961
12.433333,2.007519,2.013208,2.037938,2.017283,2.001448,1.886803,2.043957,1.983588,0.099712,0.126784,0.052680,0.092817,0.427033,0.076166,0.943522,1.704934,1.332992
12.450000,2.007679,2.013515,2.037267,2.017289,2.001452,1.886802,2.043953,1.984387,0.100788,0.127624,0.052948,0.092583,0.437000,0.076207,0.943215,1.688593,1.333025
12.466667,2.007843,2.013819,2.036581,2.017297,2.001456,1.886801,2.043949,1.985153,0.101860,0.128422,0.053241,0.092310,0.447467,0.076229,0.942892,1.670878,1.333060
12.483333,2.007970,2.014453,2.035851,2.017306,2.001460,1.886799,2.043945,1.985745,0.102740,0.129072,0.053038,0.092083,0.456244,0.076155,0.955907,1.650960,1.333112
12.500000,2.008030,2.015315,2.035094,2.017318,2.001465,1.886797,2.043941,1.986055,0.103228,0.129441,0.052827,0.091963,0.461085,0.076092,0.969066,1.628417,1.333168
12.516667,2.008051,2.016178,2.034348,2.017330,2.001470,1.886795,2.043937,1.986214,0.103500,0.129658,0.052632,0.091902,0.463739,0.076041,0.982205,1.604648,1.333224
12.533333,2.007991,2.016993,2.033625,2.017343,2.001475,1.886790,2.043932,1.986267,0.103655,0.129791,0.052590,0.091870,0.465099,0.075878,0.987789,1.580112,1.333283
12.550000,2.007416,2.017647,2.033178,2.017354,2.001478,1.886785,2.043927,1.985357,0.103748,0.129904,0.051841,0.091906,0.464460,0.075495,0.991804,1.564247,1.333358
12.566667,2.006391,2.018382,2.032655,2.017366,2.001480,1.886778,2.043919,1.984014,0.103810,0.130011,0.050855,0.092015,0.460323,0.074855,0.999693,1.547306,1.333454
12.583333,2.005569,2.018941,2.031886,2.017379,2.001452,1.886851,2.043971,1.982788,0.103885,0.130092,0.050293,0.092125,0.455110,0.074338,1.009570,1.524283,1.333551
12.600000,2.004863,2.019345,2.031310,2.016861,2.001398,1.887389,2.044364,1.982371,0.104082,0.130160,0.049839,0.092308,0.441084,0.073888,1.020308,1.503981,1.332794
12.616667,2.004201,2.019635,2.030967,2.015914,2.001361,1.887905,2.044730,1.982110,0.104227,0.130222,0.049581,0.092583,0.420873,0.073399,1.031538,1.488483,1.332737
12.633333,2.003653,2.019819,2.030956,2.014679,2.001350,1.888269,2.044959,1.981573,0.104614,0.129310,0.050008,0.091402,0.400381,0.072868,1.044002,1.480776,1.332911
12.650000,2.003239,2.020044,2.031062,2.013984,2.001324,1.888048,2.044720,1.980121,0.104410,0.127649,0.050952,0.089733,0.384266,0.072338,1.056992,1.475291,1.344027
12.666667,2.002906,2.020566,2.031220,2.013380,2.001297,1.893061,2.045237,1.978499,0.103690,0.126895,0.052408,0.089745,0.368814,0.071500,1.079584,1.469874,1.355604
12.683333,2.002642,2.021246,2.031397,2.012974,2.001250,1.887492,2.044086,1.976292,0.102744,0.127568,0.053855,0.091629,0.355269,0.070554,1.107102,1.464713,1.369722
12.700000,2.002438,2.021875,2.031543,2.012545,2.001187,1.875181,2.042464,1.974447,0.102412,0.127744,0.054752,0.092284,0.342185,0.069763,1.131741,1.459551,1.382501
12.716667,2.002287,2.022531,2.031620,2.012182,2.001142,1.861375,2.041038,1.973209,0.102686,0.126159,0.055912,0.090426,0.333152,0.068845,1.155286,1.451263,1.394960
12.733333,2.002162,2.023117,2.031693,2.011864,2.001094,1.846845,2.039714,1.972334,0.103328,0.124292,0.057016,0.087899,0.332163,0.067686,1.175126,1.443019,1.407075
12.750000,2.002080,2.024503,2.031709,2.011572,2.001046,1.832111,2.038458,1.971616,0.104341,0.122337,0.057216,0.084950,0.332365,0.066743,1.214258,1.434526,1.418937
12.766667,2.002030,2.025939,2.031684,2.011306,2.000994,1.817588,2.037249,1.971010,0.105621,0.120392,0.057048,0.081755,0.332916,0.066140,1.251888,1.425868,1.430644
12.783333,2.001998,2.027300,2.031538,2.012777,2.000858,1.803641,2.036076,1.970486,0.107219,0.118737,0.056967,0.078538,0.334310,0.065729,1.284770,1.416265,1.422897
12.800000,2.001971,2.028845,2.031298,2.014491,2.000705,1.789240,2.035358,1.970025,0.108728,0.117057,0.056749,0.075616,0.336651,0.065331,1.310393,1.406021,1.386944
12.816667,2.001940,2.030424,2.031195,2.016427,2.000559,1.787973,2.035482,1.969477,0.109201,0.114775,0.057450,0.073373,0.339034,0.064755,1.312683,1.397390,1.335989
12.833333,2.001908,2.031426,2.031990,2.018839,2.000309,1.803094,2.036175,1.969126,0.109759,0.113757,0.056476,0.071902,0.341859,0.064178,1.305054,1.421145,1.288349
12.850000,2.001863,2.032114,2.033673,2.022255,1.999983,1.829823,2.037451,1.969031,0.109500,0.113637,0.053742,0.071507,0.346021,0.063433,1.296170,1.472367,1.264329
12.866667,2.001817,2.032514,2.036078,2.025459,1.999685,1.854844,2.038897,1.969058,0.108546,0.113640,0.050854,0.071817,0.350384,0.062812,1.285866,1.535456,1.255848
12.883333,2.001770,2.032486,2.037619,2.027855,1.999397,1.868189,2.039919,1.969160,0.106785,0.113658,0.048746,0.073071,0.355109,0.062196,1.269290,1.576434,1.247102
12.900000,2.001718,2.032172,2.038835,2.029771,1.999110,1.876040,2.041410,1.969160,0.104349,0.113780,0.047097,0.075169,0.357435,0.061501,1.247821,1.607211,1.239895
12.916667,2.001667,2.031649,2.040157,2.031078,1.998819,1.878067,2.042441,1.969165,0.101709,0.114118,0.045955,0.077842,0.359513,0.060749,1.222883,1.634074,1.227483
12.933333,2.001617,2.030958,2.041552,2.031623,1.998543,1.875863,2.042739,1.969197,0.099480,0.114778,0.045137,0.080636,0.361862,0.060006,1.197267,1.657924,1.206601
12.950000,2.001561,2.030552,2.042438,2.031928,1.998273,1.875035,2.043226,1.969675,0.097453,0.115705,0.044295,0.083667,0.358935,0.059272,1.191145,1.670202,1.186559
12.966667,2.001505,2.030533,2.042455,2.032872,1.997982,1.875200,2.044063,1.970362,0.095443,0.116810,0.043540,0.086724,0.354158,0.058499,1.204715,1.668149,1.187068
12.983333,2.001452,2.029917,2.041887,2.034060,1.997663,1.873064,2.044106,1.971019,0.094425,0.118811,0.043287,0.089394,0.351655,0.057921,1.202140,1.657074,1.198667
13.000000,2.001376,2.029385,2.041533,2.035268,1.997341,1.872329,2.043895,1.971632,0.093535,0.119968,0.043264,0.091227,0.348301,0.057512,1.195688,1.648734,1.215988
13.016667,2.001297,2.028956,2.041238,2.036082,1.997149,1.871897,2.043471,1.972311,0.092381,0.117584,0.043361,0.089637,0.346371,0.057065,1.189518,1.640648,1.227339
13.033333,2.001209,2.028574,2.040939,2.036779,1.996979,1.870754,2.043147,1.973166,0.091506,0.115227,0.043569,0.087808,0.347890,0.056392,1.183371,1.632200,1.238699
13.050000,2.001135,2.028164,2.040885,2.037141,1.996897,1.871092,2.043108,1.973885,0.091582,0.113302,0.043431,0.085551,0.347804,0.055886,1.176284,1.627603,1.245382
13.066667,2.001069,2.027925,2.040791,2.037364,1.996851,1.872727,2.043261,1.974466,0.092113,0.111913,0.043276,0.083401,0.345939,0.055509,1.174605,1.622350,1.250388
13.083333,2.001012,2.027901,2.040692,2.037400,1.996805,1.874827,2.043504,1.974953,0.092692,0.111221,0.043030,0.082060,0.343249,0.055154,1.181065,1.616015,1.252140
13.100000,2.000959,2.027816,2.040600,2.037421,1.996769,1.877054,2.043780,1.975367,0.093090,0.110694,0.042870,0.081187,0.340188,0.054936,1.184838,1.610449,1.254247
13.116667,2.000914,2.027729,2.040584,2.037310,1.996729,1.879268,2.044062,1.975728,0.093361,0.110469,0.042816,0.080801,0.337032,0.054777,1.186353,1.606942,1.255555
13.133333,2.000864,2.027700,2.040633,2.037261,1.996694,1.881351,2.044335,1.976044,0.093515,0.110367,0.042794,0.080667,0.334003,0.054668,1.188228,1.604999,1.257988
13.150000,2.000814,2.027688,2.040707,2.037201,1.996661,1.883248,2.044588,1.976319,0.093610,0.110325,0.042791,0.080656,0.331215,0.054595,1.189696,1.603964,1.260253
13.166667,2.000775,2.027669,2.040803,2.037122,1.996632,1.884230,2.044797,1.976591,0.093675,0.110318,0.042810,0.080696,0.329821,0.054497,1.190308,1.603475,1.262140
13.183333,2.000741,2.027650,2.040898,2.036957,1.996612,1.884460,2.044964,1.976858,0.093743,0.110343,0.042844,0.080754,0.329952,0.054356,1.190501,1.603266,1.262956
13.200000,2.000711,2.027636,2.040986,2.036815,1.996599,1.884416,2.045108,1.977120,0.093817,0.110463,0.042895,0.080813,0.330729,0.054166,1.190613,1.603200,1.263859
13.216667,2.000688,2.027632,2.041064,2.036707,1.996587,1.884330,2.045210,1.977335,0.093868,0.110529,0.042928,0.080856,0.331630,0.054012,1.190919,1.603202,1.264569
13.233333,2.000672,2.027642,2.041127,2.036633,1.996574,1.884250,2.045305,1.977480,0.093907,0.110575,0.042941,0.080890,0.332242,0.053913,1.191640,1.603228,1.265064
13.250000,2.000663,2.027669,2.041171,2.036595,1.996562,1.884205,2.045357,1.977561,0.093938,0.110606,0.042934,0.080911,0.332576,0.053856,1.192900,1.603251,1.265396
13.266667,2.000657,2.027712,2.041197,2.036579,1.996554,1.884183,2.045387,1.977604,0.093961,0.110628,0.042910,0.080923,0.332753,0.053821,1.194665,1.603262,1.265594
13.283333,2.000654,2.027766,2.041209,2.036573,1.996549,1.884170,2.045404,1.977626,0.093980,0.110644,0.042875,0.080931,0.332846,0.053798,1.196850,1.603261,1.265711
13.300000,2.000652,2.027829,2.041213,2.036571,1.996547,1.884163,2.045414,1.977638,0.093997,0.110659,0.042833,0.080937,0.332896,0.053779,1.199331,1.603252,1.265775
13.316667,2.000651,2.027895,2.041214,2.036570,1.996546,1.884158,2.045419,1.977644,0.094013,0.110672,0.042787,0.080940,0.332924,0.053764,1.201946,1.603239,1.265809
13.333333,2.000650,2.027961,2.041212,2.036570,1.996546,1.884155,2.045422,1.977647,0.094028,0.110684,0.042742,0.080944,0.332941,0.053750,1.204502,1.603226,1.265828
13.350000,2.000651,2.028015,2.041269,2.036571,1.996551,1.884152,2.045424,1.977649,0.094010,0.110652,0.042694,0.080936,0.332950,0.053740,1.206696,1.604679,1.265837
13.366667,2.000653,2.028041,2.041532,2.036571,1.996570,1.884148,2.045423,1.977650,0.093906,0.110496,0.042611,0.080902,0.332956,0.053740,1.207974,1.611330,1.265839
13.383333,2.000656,2.028048,2.041830,2.036570,1.996590,1.884144,2.045421,1.977651,0.093789,0.110322,0.042533,0.080864,0.332960,0.053742,1.208667,1.618767,1.265837
13.400000,2.000660,2.028045,2.042162,2.036569,1.996612,1.884139,2.045419,1.977652,0.093665,0.110132,0.042455,0.080823,0.332963,0.053747,1.209047,1.626915,1.265835
13.416667,2.000664,2.028034,2.042521,2.036569,1.996634,1.884134,2.045417,1.977653,0.093536,0.109931,0.042375,0.080781,0.332965,0.053754,1.209254,1.635575,1.265833
13.433333,2.000669,2.028017,2.042905,2.036568,1.996657,1.884129,2.045414,1.977654,0.093404,0.109721,0.042292,0.080737,0.332967,0.053760,1.209367,1.644663,1.265831
13.450000,2.000673,2.027996,2.043311,2.036568,1.996679,1.884124,2.045411,1.977654,0.093271,0.109505,0.042207,0.080692,0.332967,0.053767,1.209425,1.654077,1.265832
13.466667,2.000678,2.027947,2.041812,2.036571,1.996703,1.884119,2.045408,1.977655,0.093142,0.109286,0.042362,0.080645,0.332968,0.053776,1.209457,1.642317,1.265839
13.483333,2.000685,2.028103,2.040197,2.036574,1.996727,1.884114,2.045404,1.977655,0.093015,0.109064,0.042302,0.080597,0.332969,0.053809,1.216278,1.633605,1.265851
13.500000,2.000696,2.028647,2.038853,2.036581,1.996749,1.884109,2.045401,1.977657,0.092899,0.108855,0.041794,0.080552,0.332971,0.053908,1.235050,1.634895,1.265869
13.516667,2.000708,2.029286,2.037697,2.036270,1.996838,1.884103,2.045397,1.977658,0.092843,0.108740,0.041140,0.080529,0.332973,0.054007,1.256861,1.641128,1.259517
13.533333,2.000721,2.030040,2.036646,2.035633,1.997041,1.883818,2.045654,1.978617,0.092742,0.108686,0.040528,0.080516,0.332811,0.054081,1.280339,1.647139,1.245665
13.550000,2.000766,2.031166,2.035359,2.036242,1.997235,1.883325,2.046101,1.980307,0.092406,0.109061,0.039890,0.080940,0.332507,0.054363,1.312452,1.649164,1.265983
13.566667,2.000825,2.032235,2.034270,2.037065,1.997435,1.882839,2.046500,1.981537,0.092585,0.108072,0.039454,0.079625,0.326662,0.054880,1.338882,1.651897,1.290917
13.583333,2.000900,2.032938,2.033895,2.037662,1.997620,1.882419,2.046928,1.982597,0.093271,0.107045,0.039602,0.077827,0.320814,0.055604,1.353478,1.643290,1.309909
13.600000,2.000957,2.033550,2.033455,2.038245,1.997802,1.882505,2.047754,1.983588,0.094158,0.105954,0.039878,0.075753,0.316509,0.056389,1.364163,1.636191,1.328561
13.616667,2.001047,2.034241,2.033448,2.038650,1.997977,1.882510,2.048526,1.984481,0.095176,0.104901,0.040085,0.073618,0.312200,0.057229,1.369623,1.643228,1.343155
13.633333,2.001205,2.035807,2.033526,2.039031,1.998146,1.882402,2.049230,1.985338,0.096448,0.104271,0.040195,0.071732,0.308629,0.058344,1.391401,1.655490,1.357028
13.650000,2.001394,2.038778,2.033807,2.039628,1.998324,1.888101,2.050787,1.986162,0.097966,0.103845,0.040250,0.069806,0.304785,0.059839,1.440558,1.665105,1.373969
13.666667,2.001515,2.041906,2.034417,2.040794,1.998441,1.891270,2.052454,1.987507,0.098995,0.103432,0.040186,0.068211,0.300059,0.061215,1.479426,1.678557,1.387805
13.683333,2.001636,2.046348,2.034881,2.042107,1.998476,1.889756,2.053633,1.988890,0.100014,0.103440,0.039910,0.066865,0.295354,0.062841,1.528891,1.691134,1.401474
13.700000,2.001732,2.050498,2.035923,2.042974,1.998622,1.886390,2.054190,1.990167,0.099763,0.102197,0.040202,0.065995,0.290292,0.064407,1.563475,1.710675,1.409223
13.716667,2.001827,2.050388,2.037163,2.043584,1.998783,1.884117,2.054607,1.991195,0.098505,0.099940,0.040598,0.065503,0.285299,0.066216,1.568968,1.729203,1.416028
13.733333,2.001929,2.050161,2.038541,2.044424,1.998948,1.880214,2.054282,1.992020,0.097234,0.097860,0.040932,0.065361,0.280478,0.068272,1.583788,1.747560,1.427016
13.750000,2.001979,2.049314,2.040060,2.044929,1.999127,1.875107,2.053578,1.992583,0.096045,0.095693,0.041349,0.065205,0.275841,0.069823,1.593500,1.766653,1.433101
13.766667,2.002015,2.048073,2.041303,2.045244,1.999303,1.868501,2.052547,1.993018,0.095130,0.093930,0.041663,0.065196,0.271428,0.071249,1.596171,1.786021,1.436185
13.783333,2.002040,2.046478,2.042032,2.045463,1.999459,1.860370,2.051248,1.993383,0.094438,0.092582,0.041708,0.065295,0.267288,0.072511,1.593823,1.803574,1.438791
13.800000,2.002005,2.044568,2.042548,2.045601,1.999589,1.851628,2.049956,1.993816,0.093960,0.091830,0.041474,0.065579,0.266814,0.072765,1.587804,1.820424,1.441427
13.816667,2.001847,2.042197,2.042913,2.045625,1.999662,1.839697,2.048432,1.994439,0.093779,0.092823,0.041068,0.066351,0.275908,0.071008,1.575542,1.836850,1.445538
13.833333,2.001705,2.039617,2.043078,2.045862,1.999712,1.825531,2.046623,1.995106,0.093929,0.094218,0.040528,0.067185,0.289560,0.069185,1.559816,1.852507,1.453786
13.850000,2.001566,2.037085,2.043134,2.045900,1.999772,1.805680,2.044276,1.995815,0.094254,0.095715,0.039931,0.068146,0.305136,0.067283,1.543517,1.867373,1.459964
13.866667,2.001467,2.034668,2.043110,2.045844,1.999844,1.782157,2.041720,1.996520,0.094664,0.097167,0.039301,0.069099,0.324843,0.065559,1.527751,1.881539,1.465258
13.883333,2.001418,2.032416,2.043070,2.045774,1.999915,1.757070,2.039230,1.997239,0.095123,0.098706,0.038644,0.070019,0.350130,0.064084,1.513347,1.894860,1.471321
13.900000,2.001416,2.030272,2.042779,2.045683,2.000010,1.737635,2.037404,1.997937,0.095308,0.099523,0.037982,0.070727,0.378483,0.063027,1.500150,1.907141,1.478019
13.916667,2.001442,2.028346,2.042378,2.045502,2.000110,1.719746,2.036108,1.998480,0.095330,0.100109,0.037349,0.071468,0.409610,0.062132,1.489169,1.918176,1.484816
13.933333,2.001489,2.027017,2.041922,2.045301,2.000211,1.707245,2.035425,1.998666,0.095228,0.100576,0.036884,0.072296,0.441238,0.061452,1.478397,1.926568,1.493425
13.950000,2.001543,2.026265,2.041387,2.045104,2.000311,1.697900,2.035076,1.998839,0.095062,0.101074,0.036574,0.073344,0.476029,0.060902,1.467685,1.933038,1.504186
13.966667,2.001620,2.025854,2.040608,2.044935,2.000414,1.690608,2.034898,1.999035,0.094851,0.101620,0.036424,0.074651,0.517952,0.060337,1.457523,1.935840,1.516913
13.983333,2.001754,2.025619,2.039943,2.044807,2.000508,1.684506,2.034819,1.999186,0.094609,0.102099,0.036330,0.076168,0.564779,0.059871,1.448199,1.937230,1.530006
14.000000,2.001865,2.025478,2.039475,2.043962,2.000627,1.679150,2.034796,1.999931,0.094208,0.102039,0.036313,0.077850,0.598933,0.059600,1.439301,1.938407,1.537278
14.016667,2.001867,2.025386,2.039251,2.042642,2.000753,1.674251,2.034799,2.001792,0.093964,0.102133,0.036412,0.080051,0.606606,0.059062,1.430437,1.940236,1.539097
14.033333,2.001856,2.025317,2.039198,2.040999,2.000849,1.669761,2.034819,2.003530,0.094070,0.102680,0.036560,0.082212,0.608253,0.058529,1.421583,1.942574,1.536631
14.050000,2.001844,2.025259,2.039229,2.039213,2.000940,1.665614,2.034851,2.005086,0.094371,0.103457,0.036743,0.084266,0.605222,0.058111,1.412878,1.945082,1.532107
14.066667,2.001882,2.025204,2.040256,2.037424,2.001034,1.661746,2.034890,2.006154,0.094688,0.104130,0.037040,0.085964,0.600568,0.057856,1.403292,1.946938,1.526999
14.083333,2.001987,2.024938,2.041731,2.035614,2.001130,1.658193,2.034932,2.006791,0.094982,0.104643,0.037284,0.087339,0.595060,0.057747,1.399049,1.948490,1.521652
14.100000,2.002147,2.024084,2.043801,2.033944,2.001234,1.655084,2.035045,2.007272,0.095257,0.105082,0.037214,0.088593,0.588719,0.057765,1.408341,1.953178,1.516970
14.116667,2.002349,2.023323,2.045801,2.032379,2.001343,1.652558,2.035265,2.007753,0.095554,0.105499,0.037250,0.089771,0.582339,0.057872,1.415214,1.957015,1.512854
14.133333,2.002599,2.022322,2.046814,2.031145,2.001436,1.650107,2.035406,2.008214,0.096028,0.105903,0.037107,0.090644,0.575414,0.058074,1.426659,1.962883,1.506096
14.150000,2.002905,2.021231,2.047954,2.030459,2.001496,1.647870,2.035503,2.008585,0.096495,0.106271,0.037021,0.091423,0.567134,0.058356,1.438145,1.967962,1.498903
14.166667,2.003267,2.020205,2.049022,2.030087,2.001545,1.645836,2.035580,2.008923,0.097004,0.106937,0.036946,0.092357,0.558494,0.058619,1.448715,1.972685,1.493111
14.183333,2.003780,2.019248,2.049968,2.029662,2.001624,1.644211,2.035648,2.009512,0.097841,0.108806,0.036862,0.093981,0.555564,0.058532,1.457947,1.976709,1.493829
14.200000,2.004339,2.018394,2.050752,2.029344,2.001684,1.642954,2.035702,2.010077,0.098583,0.110560,0.036822,0.095551,0.550638,0.058493,1.465621,1.979935,1.494154
14.216667,2.004934,2.017727,2.051317,2.029032,2.001744,1.641978,2.035748,2.010452,0.099151,0.112017,0.036808,0.096930,0.543593,0.058514,1.471251,1.982181,1.496242
14.233333,2.005343,2.017206,2.051656,2.028818,2.001786,1.641329,2.035781,2.010705,0.099524,0.112968,0.036794,0.097819,0.539605,0.058544,1.475282,1.983662,1.497645
14.250000,2.005571,2.016880,2.051841,2.028677,2.001814,1.640453,2.035822,2.010848,0.099728,0.113487,0.036786,0.098302,0.537442,0.058562,1.477672,1.984494,1.498998
14.266667,2.005697,2.016702,2.051937,2.028601,2.001829,1.639979,2.035843,2.010928,0.099838,0.113768,0.036782,0.098562,0.536260,0.058573,1.478957,1.984933,1.499752
14.283333,2.005766,2.016605,2.051987,2.028560,2.001837,1.639727,2.035855,2.010970,0.099897,0.113919,0.036780,0.098702,0.535611,0.058579,1.479646,1.985162,1.500164
14.300000,2.005803,2.016554,2.052012,2.028539,2.001841,1.639596,2.035861,2.010993,0.099928,0.113999,0.036779,0.098776,0.535266,0.058582,1.480013,1.985280,1.500389
14.316667,2.005822,2.016527,2.052025,2.028528,2.001843,1.639528,2.035865,2.011005,0.099945,0.114042,0.036779,0.098814,0.535083,0.058583,1.480208,1.985340,1.500511
14.333333,2.005832,2.016513,2.052031,2.028523,2.001844,1.639495,2.035867,2.011011,0.099954,0.114064,0.036779,0.098834,0.534984,0.058584,1.480310,1.985369,1.500575
14.350000,2.005838,2.016507,2.052034,2.028521,2.001845,1.639481,2.035868,2.011013,0.099958,0.114076,0.036778,0.098844,0.534929,0.058585,1.480362,1.985383,1.500608
14.366667,2.005842,2.016508,2.052045,2.028518,2.001843,1.639478,2.035867,2.011015,0.099941,0.113997,0.036848,0.098731,0.534906,0.058584,1.480387,1.985435,1.500623
14.383333,2.005845,2.016511,2.052055,2.028516,2.001841,1.639481,2.035866,2.011016,0.099919,0.113901,0.036929,0.098598,0.534898,0.058583,1.480399,1.985487,1.500627
14.400000,2.005847,2.016516,2.052065,2.028514,2.001839,1.639485,2.035865,2.011016,0.099895,0.113792,0.037017,0.098451,0.534897,0.058584,1.480402,1.985540,1.500627
14.416667,2.005849,2.016520,2.052072,2.028512,2.001837,1.639490,2.035863,2.011016,0.099878,0.113715,0.037078,0.098350,0.534898,0.058586,1.480402,1.985574,1.500625
14.433333,2.005719,2.016629,2.052075,2.028471,2.001759,1.639496,2.035864,2.010945,0.099714,0.113862,0.037166,0.098347,0.534845,0.058583,1.476264,1.985594,1.500702
14.450000,2.005262,2.016686,2.052079,2.028424,2.001616,1.639504,2.035864,2.010696,0.099374,0.113996,0.037325,0.098553,0.534664,0.058605,1.459374,1.985618,1.500834
14.466667,2.004679,2.016769,2.052083,2.028419,2.001470,1.639517,2.035864,2.010388,0.098670,0.113963,0.037528,0.099137,0.534435,0.058662,1.436453,1.985643,1.501030
14.483333,2.004104,2.016874,2.052087,2.028415,2.001334,1.639529,2.035865,2.010087,0.097989,0.113965,0.037767,0.099714,0.534183,0.058715,1.409771,1.985671,1.501226
14.500000,2.003537,2.016996,2.052092,2.028406,2.001197,1.639541,2.035865,2.009792,0.097315,0.114009,0.038041,0.100303,0.533905,0.058764,1.380621,1.985703,1.501425
14.516667,2.002984,2.017130,2.052097,2.028396,2.001072,1.639552,2.035866,2.009504,0.096667,0.114092,0.038346,0.100880,0.533601,0.058805,1.349748,1.985738,1.501620
14.533333,2.002457,2.017211,2.052007,2.028430,2.000954,1.639562,2.035865,2.009237,0.096095,0.114222,0.038686,0.101438,0.532966,0.058829,1.317999,1.985670,1.500186
14.550000,2.001827,2.017006,2.050456,2.028622,2.000889,1.639582,2.035864,2.009082,0.095500,0.114266,0.039328,0.102214,0.526703,0.058776,1.287652,1.982503,1.490283
14.566667,2.001347,2.016801,2.048066,2.028720,2.000885,1.639631,2.035864,2.008958,0.094488,0.114100,0.040473,0.103511,0.520680,0.058738,1.257035,1.974533,1.475053
14.583333,2.000964,2.016641,2.046453,2.028908,2.000908,1.639705,2.035867,2.008818,0.093349,0.113968,0.041193,0.105202,0.516888,0.058749,1.230567,1.968179,1.458278
14.600000,2.000712,2.017338,2.044808,2.029059,2.000944,1.640225,2.036181,2.008690,0.092284,0.113882,0.041210,0.107002,0.514619,0.058738,1.226214,1.960774,1.441013
14.616667,2.000617,2.018354,2.044347,2.028814,2.000999,1.640886,2.036590,2.008634,0.091637,0.113397,0.041192,0.107414,0.512922,0.058812,1.211382,1.958163,1.427878
14.633333,2.000567,2.019521,2.043511,2.029315,2.001030,1.641503,2.036948,2.008602,0.090744,0.111172,0.041295,0.105823,0.511179,0.059181,1.194856,1.951017,1.431622
14.650000,2.000500,2.020813,2.043448,2.029940,2.000964,1.642172,2.037295,2.008502,0.089528,0.108755,0.041952,0.103980,0.508593,0.059450,1.187108,1.947852,1.425563
14.666667,2.000463,2.022605,2.043877,2.030793,2.000799,1.642899,2.037646,2.008013,0.088087,0.107578,0.043018,0.102833,0.507783,0.059606,1.188191,1.941930,1.398545
14.683333,2.000452,2.024481,2.044591,2.031689,2.000624,1.650786,2.038346,2.007404,0.086988,0.107394,0.043997,0.102137,0.504232,0.059872,1.192953,1.937405,1.374002
14.700000,2.000458,2.026219,2.044881,2.032674,2.000431,1.663794,2.039336,2.006724,0.086084,0.107544,0.045429,0.101580,0.497577,0.060256,1.197729,1.932159,1.350630
14.716667,2.000477,2.027753,2.045016,2.033516,2.000264,1.675008,2.040268,2.006085,0.085225,0.107489,0.047220,0.101102,0.492155,0.060580,1.199599,1.927087,1.333133
14.733333,2.000499,2.028527,2.044979,2.034003,2.000161,1.688749,2.041420,2.005466,0.084202,0.107009,0.049345,0.100755,0.487283,0.060895,1.190744,1.921663,1.329895
14.750000,2.000497,2.027738,2.045437,2.034570,2.000085,1.718402,2.043832,2.004888,0.083520,0.106361,0.052064,0.100137,0.483583,0.061206,1.157296,1.917146,1.334209
14.766667,2.000479,2.026974,2.046696,2.035141,1.999997,1.761200,2.047961,2.004350,0.083384,0.106379,0.055078,0.099699,0.480936,0.061149,1.128433,1.918038,1.341097
14.783333,2.000445,2.026913,2.047193,2.036115,1.999877,1.795955,2.051607,2.003845,0.083907,0.106552,0.057968,0.099108,0.479278,0.060901,1.109826,1.915713,1.339326
14.800000,2.000398,2.027739,2.047087,2.036204,1.999760,1.821633,2.053668,2.003332,0.085115,0.106634,0.061114,0.098159,0.477554,0.060692,1.108937,1.911085,1.312921
14.816667,2.000358,2.027859,2.046554,2.035389,1.999661,1.837418,2.054617,2.002699,0.086355,0.106846,0.063692,0.097568,0.472899,0.060798,1.098727,1.904306,1.270884
14.833333,2.000318,2.027146,2.045190,2.033782,1.999561,1.839467,2.054274,2.002041,0.087677,0.107159,0.064197,0.097161,0.467065,0.061104,1.083509,1.892826,1.216917
14.850000,2.000281,2.025904,2.043555,2.031903,1.999467,1.833955,2.053166,2.001396,0.089036,0.107617,0.063372,0.096954,0.460838,0.061502,1.066933,1.879468,1.160798
14.866667,2.000245,2.024663,2.041627,2.030729,1.999371,1.821550,2.051521,2.000730,0.090002,0.108028,0.062163,0.096933,0.454692,0.061926,1.058041,1.863295,1.123920
14.883333,2.000210,2.023275,2.039681,2.029708,1.999275,1.805114,2.049582,2.000053,0.090791,0.108420,0.060809,0.097017,0.448711,0.062367,1.051854,1.846011,1.094084
14.900000,2.000174,2.021943,2.038143,2.028696,1.999185,1.786682,2.047539,1.999437,0.091499,0.108796,0.059348,0.097182,0.443374,0.062743,1.053010,1.828599,1.067891
14.916667,2.000143,2.021257,2.038268,2.027935,1.999102,1.768676,2.045589,1.998823,0.092000,0.109194,0.057988,0.097618,0.439491,0.062955,1.066245,1.816504,1.049931
14.933333,2.000114,2.021285,2.038010,2.027389,1.999029,1.752234,2.043767,1.998204,0.092339,0.109591,0.056722,0.098198,0.436026,0.063119,1.086720,1.804872,1.039183
14.950000,2.000085,2.021930,2.037676,2.027278,1.998967,1.739111,2.042195,1.997607,0.092788,0.109201,0.055494,0.097727,0.432761,0.063345,1.113091,1.793874,1.038503
14.966667,2.000040,2.021970,2.037191,2.027443,1.998915,1.734105,2.041298,1.997231,0.093154,0.108796,0.054549,0.097258,0.425329,0.063689,1.134000,1.782417,1.043524
14.983333,1.999987,2.022057,2.036801,2.027834,1.998886,1.734961,2.040834,1.997007,0.093576,0.108319,0.053771,0.096651,0.416671,0.064163,1.141402,1.773969,1.052421
15.000000,1.999933,2.022417,2.036637,2.028293,1.998858,1.739232,2.040814,1.996872,0.093954,0.107968,0.053201,0.096176,0.407593,0.064654,1.146280,1.768542,1.062509
15.016667,1.999879,2.022879,2.036667,2.029019,1.998835,1.745049,2.041033,1.996792,0.094304,0.107720,0.052805,0.095706,0.398576,0.065168,1.149317,1.764358,1.077731
15.033333,1.999827,2.023629,2.036953,2.030011,1.998819,1.751426,2.041379,1.996746,0.094850,0.107292,0.052145,0.094753,0.389935,0.065740,1.157539,1.762221,1.097727
15.050000,1.999778,2.024441,2.037870,2.030520,1.998797,1.757819,2.041780,1.996722,0.095518,0.107008,0.050909,0.093849,0.381769,0.066297,1.164754,1.764219,1.109329
15.066667,1.999730,2.025149,2.038704,2.030700,1.998775,1.763956,2.042201,1.996712,0.096191,0.106826,0.050014,0.093022,0.374158,0.066817,1.169721,1.765714,1.116116
15.083333,1.999691,2.025876,2.039527,2.030842,1.998759,1.769920,2.042625,1.996759,0.097105,0.106712,0.049225,0.092023,0.368119,0.067549,1.170295,1.767484,1.122725
15.100000,1.999692,2.026406,2.040261,2.030919,1.998765,1.776724,2.043077,1.996966,0.098946,0.106710,0.048595,0.090244,0.366609,0.068951,1.168078,1.769459,1.129336
15.116667,1.999692,2.026898,2.040526,2.030914,1.998779,1.782735,2.043495,1.997159,0.100741,0.107030,0.047851,0.088801,0.365108,0.070293,1.166278,1.768298,1.135837
15.133333,1.999701,2.027361,2.040835,2.030996,1.998813,1.788305,2.043892,1.997381,0.102284,0.108134,0.046829,0.088367,0.364725,0.071723,1.165338,1.767260,1.144248
15.150000,1.999682,2.027792,2.041422,2.031239,1.998854,1.794606,2.044305,1.997667,0.103512,0.109606,0.045969,0.088538,0.366154,0.072660,1.165062,1.769104,1.153892
15.166667,1.999666,2.028127,2.041894,2.031578,1.998901,1.800425,2.044689,1.998004,0.104400,0.111070,0.045526,0.089054,0.370353,0.073268,1.164588,1.770864,1.164896
15.183333,1.999677,2.028383,2.042477,2.031890,1.998941,1.803716,2.044957,1.998439,0.105126,0.112466,0.045161,0.089707,0.377261,0.073703,1.164018,1.773215,1.174414
15.200000,1.999683,2.028570,2.042963,2.032205,1.998974,1.805547,2.045150,1.998769,0.105586,0.113734,0.044961,0.090354,0.382778,0.074027,1.163445,1.775244,1.184030
15.216667,1.999688,2.028717,2.043342,2.032523,1.998995,1.806582,2.045292,1.999024,0.105956,0.114594,0.044861,0.090665,0.387162,0.074290,1.163258,1.776793,1.193999
15.233333,1.999693,2.028855,2.043599,2.032744,1.999007,1.807165,2.045394,1.999215,0.106235,0.115235,0.044802,0.090895,0.390634,0.074487,1.163869,1.777777,1.200132
15.250000,1.999693,2.029007,2.043735,2.032871,1.999009,1.807496,2.045464,1.999319,0.106400,0.115597,0.044755,0.091019,0.392538,0.074591,1.165456,1.778213,1.203293
15.266667,1.999693,2.029182,2.043807,2.032940,1.999009,1.807677,2.045506,1.999375,0.106498,0.115799,0.044710,0.091085,0.393571,0.074647,1.167850,1.778416,1.205023
15.283333,1.999692,2.029385,2.043844,2.032978,1.999010,1.807771,2.045528,1.999405,0.106559,0.115917,0.044660,0.091123,0.394126,0.074674,1.170908,1.778526,1.205955
15.300000,1.999692,2.029613,2.043863,2.032999,1.999010,1.807820,2.045540,1.999421,0.106602,0.115988,0.044607,0.091146,0.394425,0.074687,1.174489,1.778583,1.206455
15.316667,1.999691,2.029860,2.043871,2.033011,1.999011,1.807844,2.045547,1.999429,0.106633,0.116035,0.044550,0.091162,0.394586,0.074692,1.178405,1.778613,1.206722
15.333333,1.999691,2.030113,2.043873,2.033018,1.999011,1.807855,2.045551,1.999433,0.106660,0.116068,0.044493,0.091173,0.394672,0.074693,1.182423,1.778627,1.206864
15.350000,1.999691,2.030355,2.043873,2.033022,1.999011,1.807859,2.045553,1.999435,0.106682,0.116093,0.044440,0.091181,0.394718,0.074692,1.186270,1.778633,1.206938
15.366667,1.999690,2.030542,2.043872,2.033025,1.999012,1.807859,2.045554,1.999436,0.106701,0.116113,0.044394,0.091187,0.394743,0.074691,1.188855,1.778635,1.206976
15.383333,1.999690,2.030693,2.043871,2.033027,1.999012,1.807858,2.045554,1.999437,0.106716,0.116128,0.044358,0.091191,0.394756,0.074689,1.190881,1.778636,1.206994
15.400000,1.999689,2.030765,2.043870,2.033028,1.999012,1.807856,2.045555,1.999437,0.106727,0.116138,0.044336,0.091194,0.394762,0.074687,1.191637,1.778636,1.207002
15.416667,1.999688,2.030809,2.043880,2.033042,1.999026,1.807851,2.045553,1.999435,0.106635,0.115948,0.044367,0.091143,0.394763,0.074682,1.192098,1.778662,1.207029
15.433333,1.999687,2.030834,2.043910,2.033057,1.999041,1.807846,2.045551,1.999434,0.106537,0.115732,0.044421,0.091085,0.394762,0.074675,1.192365,1.778583,1.207057
15.450000,1.999686,2.030849,2.043912,2.033075,1.999058,1.807840,2.045548,1.999433,0.106435,0.115483,0.044496,0.091021,0.394760,0.074668,1.192519,1.777906,1.207092
15.466667,1.999686,2.030859,2.043800,2.033093,1.999075,1.807834,2.045545,1.999431,0.106339,0.115233,0.044551,0.090960,0.394757,0.074661,1.192616,1.776544,1.207130
15.483333,1.999685,2.030867,2.043688,2.033113,1.999092,1.807828,2.045542,1.999430,0.106247,0.114980,0.044612,0.090899,0.394754,0.074655,1.192684,1.775110,1.207170
15.500000,1.999684,2.030873,2.043574,2.033133,1.999109,1.807821,2.045539,1.999428,0.106160,0.114727,0.044679,0.090837,0.394750,0.074648,1.192735,1.773596,1.207213
15.516667,1.999684,2.030877,2.043473,2.033151,1.999123,1.807816,2.045536,1.999427,0.106093,0.114519,0.044740,0.090786,0.394747,0.074642,1.192771,1.772209,1.207250
15.533333,1.999641,2.030859,2.043327,2.033441,1.999179,1.807816,2.045534,1.999218,0.105956,0.114371,0.044752,0.090758,0.394555,0.074592,1.192225,1.771650,1.216511
15.550000,1.999610,2.030563,2.042255,2.034142,1.999280,1.807835,2.045535,1.998917,0.105648,0.114340,0.044634,0.090903,0.394284,0.074477,1.186173,1.771692,1.237020
15.566667,1.999602,2.030089,2.040683,2.034972,1.999341,1.807847,2.045539,1.998687,0.105771,0.112861,0.044608,0.089424,0.394174,0.074610,1.174440,1.769402,1.232365
15.583333,1.999647,2.029261,2.039526,2.035533,1.999346,1.807875,2.045551,1.998255,0.106003,0.111061,0.045047,0.087460,0.387596,0.075208,1.147942,1.755644,1.226912
15.600000,1.999689,2.028250,2.038690,2.035814,1.999334,1.807909,2.045567,1.997860,0.106277,0.109177,0.045750,0.085296,0.381715,0.075845,1.119365,1.737759,1.221749
15.616667,1.999683,2.026855,2.038127,2.036230,1.999382,1.808067,2.045652,1.997507,0.106579,0.108208,0.046579,0.083563,0.377280,0.076086,1.084156,1.724441,1.220607
15.633333,1.999660,2.025906,2.038278,2.036356,1.999398,1.811100,2.046305,1.997147,0.106874,0.107716,0.047446,0.082093,0.371414,0.076254,1.058415,1.723977,1.221472
15.650000,1.999650,2.025149,2.038815,2.036176,1.999377,1.823881,2.047917,1.996878,0.107428,0.107603,0.048543,0.080551,0.365412,0.076488,1.041855,1.728887,1.224170
15.666667,1.999646,2.024263,2.039894,2.035935,1.999407,1.834252,2.049325,1.996709,0.108077,0.107472,0.049614,0.078924,0.359431,0.076863,1.025292,1.741239,1.229316
15.683333,1.999639,2.022945,2.041439,2.035931,1.999514,1.841509,2.050699,1.997075,0.108787,0.107850,0.051268,0.077574,0.353224,0.077119,0.999030,1.755492,1.241367
15.700000,1.999646,2.021257,2.043547,2.036125,1.999673,1.849453,2.052522,1.998080,0.108825,0.107161,0.053562,0.076195,0.346960,0.077477,0.966667,1.775043,1.260304
15.716667,1.999667,2.019495,2.046061,2.036066,1.999837,1.853096,2.054902,1.998823,0.108311,0.105071,0.056700,0.074608,0.341060,0.078208,0.933694,1.797685,1.279058
15.733333,1.999760,2.017855,2.048135,2.035856,1.999964,1.854855,2.056749,1.999263,0.107439,0.102588,0.059518,0.073755,0.340561,0.079288,0.900467,1.815131,1.293351
15.750000,1.999962,2.016189,2.050918,2.035759,2.000065,1.854660,2.057932,1.999410,0.106899,0.101322,0.061590,0.073874,0.342446,0.080874,0.868326,1.837907,1.307587
15.766667,2.000170,2.014423,2.053577,2.035695,2.000162,1.852096,2.058527,1.999548,0.106633,0.100703,0.063896,0.074179,0.347375,0.082059,0.845169,1.859345,1.323611
15.783333,2.000351,2.012598,2.055827,2.035662,2.000250,1.842944,2.058064,1.999662,0.106678,0.100404,0.066095,0.074370,0.351564,0.082915,0.819824,1.877396,1.340696
15.800000,2.000444,2.010767,2.057320,2.035561,2.000327,1.827285,2.056643,1.999788,0.106555,0.100129,0.066823,0.074551,0.350996,0.083668,0.793162,1.892706,1.358916
15.816667,2.000490,2.009004,2.058339,2.035396,2.000399,1.805365,2.054499,1.999932,0.106335,0.099892,0.066630,0.074795,0.348139,0.084447,0.778524,1.906254,1.377962
15.833333,2.000513,2.007279,2.059281,2.035222,2.000467,1.777356,2.051841,2.000096,0.106094,0.099757,0.065876,0.075112,0.344556,0.085191,0.773870,1.918967,1.397064
15.850000,2.000526,2.005285,2.059765,2.034999,2.000535,1.744917,2.048995,2.000257,0.105832,0.099654,0.064837,0.075410,0.341023,0.085893,0.772924,1.930162,1.417040
15.866667,2.000536,2.003708,2.059099,2.034865,2.000603,1.709064,2.046120,2.000409,0.105605,0.099562,0.063863,0.075666,0.338482,0.086504,0.768817,1.936155,1.436737
15.883333,2.000538,2.002756,2.058161,2.034700,2.000670,1.670439,2.043314,2.000545,0.105386,0.099464,0.063140,0.075899,0.336590,0.087064,0.762500,1.939441,1.455873
15.900000,2.000593,2.002056,2.057051,2.034737,2.000702,1.629818,2.040629,2.000737,0.105417,0.099517,0.062544,0.076529,0.342521,0.087063,0.754363,1.941540,1.467287
15.916667,2.000675,2.001478,2.055908,2.034906,2.000725,1.594817,2.038511,2.000813,0.105540,0.099463,0.062016,0.077117,0.352448,0.086600,0.745369,1.943229,1.473698
15.933333,2.000770,2.000961,2.054807,2.035130,2.000757,1.567509,2.036903,2.000757,0.105680,0.099281,0.061529,0.077633,0.363274,0.085996,0.736000,1.944887,1.477393
15.950000,2.000866,2.000463,2.053902,2.035386,2.000798,1.543072,2.035552,2.000656,0.105830,0.099011,0.061063,0.078119,0.374318,0.085390,0.726439,1.947028,1.479644
15.966667,2.000967,1.999979,2.052983,2.035664,2.000853,1.520047,2.034524,2.000565,0.106003,0.098690,0.060625,0.078640,0.386972,0.084613,0.716944,1.949039,1.481118
15.983333,2.001087,1.999496,2.052221,2.035984,2.000923,1.504600,2.033983,2.000410,0.106266,0.098186,0.060124,0.079161,0.401183,0.083808,0.707677,1.950877,1.482236
16.000000,2.001226,1.999054,2.052034,2.036284,2.001001,1.493561,2.033703,2.000214,0.106585,0.097829,0.059499,0.079676,0.415260,0.083046,0.699412,1.952294,1.483099
16.016667,2.001381,1.998587,2.052244,2.036585,2.001080,1.485234,2.033564,2.000019,0.106895,0.097474,0.058896,0.080160,0.429335,0.082323,0.691098,1.954712,1.483860
16.033333,2.001546,1.998112,2.052665,2.036862,2.001134,1.478540,2.033501,1.999808,0.107136,0.097186,0.058339,0.080488,0.443242,0.081641,0.682941,1.957584,1.484567
16.050000,2.001638,1.997637,2.053191,2.036624,2.001194,1.472804,2.033477,2.000396,0.107404,0.097157,0.057857,0.081064,0.449844,0.080792,0.675034,1.960651,1.482655
16.066667,2.001666,1.997168,2.053776,2.035275,2.001291,1.467777,2.033473,2.001256,0.107747,0.097310,0.057459,0.081872,0.451571,0.079816,0.667474,1.963743,1.470222
16.083333,2.001577,1.996711,2.054353,2.034513,2.001343,1.463298,2.033482,2.002159,0.108154,0.097497,0.057097,0.082560,0.439484,0.080156,0.660334,1.966624,1.458051
16.100000,2.001547,1.996216,2.054628,2.034061,2.001364,1.459248,2.033499,2.002986,0.108671,0.097850,0.056803,0.083356,0.428120,0.080809,0.653108,1.967706,1.446553
16.116667,2.001553,1.995326,2.054773,2.033358,2.001456,1.455641,2.033521,2.003809,0.109207,0.098269,0.056488,0.084187,0.417494,0.081524,0.649613,1.968997,1.444112
16.133333,2.001591,1.993297,2.054951,2.032875,2.001521,1.452465,2.033544,2.004537,0.109818,0.098744,0.056032,0.084878,0.407702,0.082402,0.653013,1.972000,1.440775
16.150000,2.001604,1.991414,2.055093,2.032475,2.001584,1.449729,2.033562,2.005148,0.110371,0.099129,0.055665,0.085396,0.395603,0.083515,0.656644,1.974680,1.437574
16.166667,2.001533,1.989636,2.055214,2.032132,2.001642,1.447321,2.033590,2.005759,0.110794,0.099404,0.055347,0.085758,0.381754,0.084638,0.660189,1.977120,1.436296
16.183333,2.001547,1.988036,2.055315,2.031670,2.001734,1.445312,2.033616,2.006132,0.111165,0.099637,0.055086,0.086049,0.372288,0.085706,0.663429,1.979224,1.438312
16.200000,2.001611,1.986667,2.055398,2.031343,2.001800,1.443700,2.033638,2.006358,0.111469,0.099831,0.054873,0.086277,0.365592,0.086664,0.666221,1.980964,1.439121
16.216667,2.001668,1.985577,2.055464,2.031051,2.001863,1.442480,2.033660,2.006527,0.111693,0.099968,0.054705,0.086444,0.361120,0.087332,0.668446,1.982328,1.441492
16.233333,2.001713,1.984803,2.055514,2.030835,2.001909,1.441648,2.033680,2.006647,0.111849,0.100067,0.054584,0.086561,0.357951,0.087822,0.670003,1.983312,1.443770
16.250000,2.001742,1.984349,2.055545,2.030695,2.001939,1.441181,2.033699,2.006720,0.111940,0.100125,0.054505,0.086631,0.356127,0.088103,0.670899,1.983914,1.445372
16.266667,2.001757,1.984103,2.055562,2.030617,2.001955,1.440941,2.033711,2.006760,0.111988,0.100157,0.054461,0.086669,0.355129,0.088255,0.671386,1.984240,1.446220
16.283333,2.001766,1.983970,2.055571,2.030574,2.001964,1.440820,2.033718,2.006782,0.112013,0.100174,0.054437,0.086690,0.354580,0.088338,0.671652,1.984413,1.446669
16.300000,2.001770,1.983900,2.055577,2.030551,2.001968,1.440762,2.033722,2.006793,0.112027,0.100183,0.054425,0.086701,0.354282,0.088383,0.671797,1.984505,1.446906
16.316667,2.001773,1.983863,2.055580,2.030538,2.001971,1.440736,2.033724,2.006799,0.112034,0.100188,0.054418,0.086706,0.354131,0.088406,0.671877,1.984553,1.447029
16.333333,2.001774,1.983844,2.055581,2.030532,2.001972,1.440728,2.033725,2.006801,0.112038,0.100191,0.054415,0.086709,0.354055,0.088418,0.671921,1.984577,1.447095
16.350000,2.001775,1.983835,2.055582,2.030530,2.001972,1.440728,2.033726,2.006803,0.112039,0.100192,0.054413,0.086710,0.354017,0.088425,0.671946,1.984589,1.447130
16.366667,2.001775,1.983830,2.055583,2.030528,2.001972,1.440733,2.033727,2.006803,0.112040,0.100193,0.054413,0.086710,0.353998,0.088428,0.671960,1.984594,1.447146
16.383333,2.001775,1.983829,2.055583,2.030528,2.001972,1.440739,2.033727,2.006803,0.112040,0.100193,0.054412,0.086711,0.353989,0.088430,0.671969,1.984596,1.447152
16.400000,2.001775,1.983828,2.055583,2.030528,2.001972,1.440746,2.033728,2.006803,0.112040,0.100193,0.054412,0.086710,0.353986,0.088430,0.671974,1.984596,1.447153
16.416667,2.001775,1.983829,2.055584,2.030528,2.001972,1.440753,2.033728,2.006803,0.112040,0.100193,0.054412,0.086710,0.353986,0.088431,0.671978,1.984595,1.447151
16.433333,2.001775,1.983830,2.055584,2.030529,2.001972,1.440760,2.033728,2.006802,0.112040,0.100193,0.054413,0.086710,0.353987,0.088431,0.671980,1.984593,1.447148
16.450000,2.001775,1.983830,2.055584,2.030529,2.001972,1.440766,2.033729,2.006802,0.112040,0.100193,0.054413,0.086710,0.353988,0.088430,0.671982,1.984592,1.447145
16.466667,2.001774,1.983831,2.055584,2.030529,2.001972,1.440772,2.033729,2.006802,0.112039,0.100193,0.054413,0.086709,0.353990,0.088430,0.671984,1.984590,1.447142
16.483333,2.001773,1.984016,2.055580,2.030534,2.001974,1.440777,2.033728,2.006800,0.112054,0.100226,0.053887,0.086721,0.353987,0.088415,0.683419,1.984542,1.447152
16.500000,2.001680,1.984222,2.055576,2.030520,2.001953,1.440783,2.033727,2.006773,0.111993,0.100309,0.053331,0.086785,0.352380,0.088598,0.695909,1.984490,1.447186
16.516667,2.001404,1.984678,2.055759,2.030436,2.001809,1.440796,2.033726,2.006826,0.111592,0.100622,0.052197,0.087155,0.352950,0.088203,0.710138,1.985570,1.447365
16.533333,2.001156,1.986705,2.056008,2.030401,2.001624,1.440816,2.033726,2.006865,0.110858,0.100524,0.050236,0.087790,0.353230,0.087906,0.719893,1.986997,1.447637
16.550000,2.000934,1.988545,2.056237,2.030394,2.001455,1.440839,2.033726,2.006870,0.110017,0.100259,0.048390,0.088491,0.353122,0.087727,0.715713,1.988245,1.447942
16.566667,2.000710,1.989707,2.056262,2.030487,2.001304,1.440857,2.033726,2.006740,0.109288,0.100089,0.046799,0.089100,0.353168,0.087615,0.685700,1.988834,1.447991
16.583333,2.000539,1.990233,2.056043,2.030787,2.001179,1.440871,2.033720,2.006153,0.108639,0.099919,0.045499,0.089684,0.353566,0.087627,0.646622,1.988868,1.447487
16.600000,2.000399,1.988922,2.056448,2.031116,2.001110,1.440913,2.033717,2.005522,0.107370,0.099594,0.045177,0.090543,0.354014,0.087724,0.625175,1.990600,1.456389
16.616667,2.000287,1.986503,2.057082,2.031670,2.001027,1.444129,2.033840,2.004973,0.105722,0.099537,0.045289,0.091681,0.354320,0.087771,0.619804,1.992987,1.463390
16.633333,2.000228,1.984092,2.058003,2.032838,2.000818,1.458303,2.034447,2.004392,0.104187,0.099915,0.045718,0.093035,0.354087,0.087470,0.620305,1.995829,1.440099
16.650000,2.000225,1.981817,2.059110,2.033760,2.000688,1.480359,2.035675,2.003713,0.102664,0.100283,0.046360,0.094254,0.352518,0.087412,0.627332,1.995737,1.438911
16.666667,2.000242,1.979695,2.060129,2.034905,2.000619,1.504471,2.037058,2.003002,0.101104,0.101014,0.047424,0.095147,0.350221,0.087481,0.640951,1.992647,1.464417
16.683333,2.000253,1.977792,2.060567,2.035824,2.000551,1.526899,2.038401,2.002293,0.099436,0.100511,0.048749,0.095721,0.347971,0.087739,0.653591,1.987529,1.484282
16.700000,2.000286,1.974391,2.060828,2.036512,2.000500,1.541667,2.039475,2.001475,0.097837,0.099524,0.050380,0.096156,0.343978,0.088245,0.665174,1.982449,1.501766
16.716667,2.000324,1.971136,2.060850,2.038310,2.000348,1.556356,2.040799,2.000634,0.096623,0.099148,0.052601,0.096651,0.339719,0.088773,0.676495,1.976077,1.490198
16.733333,2.000346,1.968581,2.060772,2.040511,2.000180,1.572302,2.042094,1.999837,0.095465,0.099046,0.055518,0.096901,0.336353,0.089210,0.687578,1.968503,1.479310
16.750000,2.000369,1.966698,2.060863,2.041649,2.000036,1.587921,2.043361,1.999085,0.094519,0.098791,0.058371,0.097125,0.333231,0.089721,0.700357,1.960722,1.453289
16.766667,2.000400,1.965167,2.061274,2.041523,1.999936,1.602273,2.044609,1.998292,0.093931,0.098276,0.060237,0.097241,0.330090,0.090300,0.716886,1.953572,1.418561
16.783333,2.000404,1.964006,2.060876,2.040745,1.999834,1.615548,2.045848,1.997499,0.093826,0.097905,0.061124,0.097304,0.326878,0.090916,0.738943,1.944225,1.373502
16.800000,2.000394,1.964768,2.059472,2.039477,1.999730,1.626744,2.047327,1.996664,0.094245,0.097535,0.060949,0.097091,0.322782,0.091629,0.742025,1.931201,1.322675
16.816667,2.000337,1.967376,2.057429,2.038364,1.999624,1.639999,2.048595,1.996016,0.094827,0.097217,0.059654,0.096981,0.324033,0.090613,0.732571,1.915650,1.280568
16.833333,2.000272,1.969479,2.055345,2.037346,1.999510,1.654024,2.049415,1.995320,0.096010,0.097946,0.057929,0.097464,0.324954,0.089519,0.719970,1.900901,1.243251
16.850000,2.000201,1.971555,2.053420,2.036312,1.999399,1.667427,2.050099,1.994696,0.097076,0.098495,0.056522,0.097691,0.325775,0.088556,0.714046,1.887827,1.209180
16.866667,2.000128,1.973623,2.051612,2.035541,1.999298,1.683043,2.050813,1.994041,0.097945,0.099017,0.055034,0.097812,0.326251,0.087566,0.712330,1.876013,1.184945
16.883333,2.000051,1.975603,2.049726,2.034652,1.999196,1.702332,2.051612,1.993365,0.098839,0.099444,0.053645,0.097796,0.326293,0.086574,0.711714,1.864631,1.159668
16.900000,1.999977,1.978449,2.047777,2.033787,1.999102,1.718451,2.052022,1.992749,0.099740,0.099989,0.052235,0.097752,0.325948,0.085648,0.712763,1.851863,1.137691
16.916667,1.999922,1.982674,2.045654,2.033010,1.999015,1.732399,2.052065,1.992114,0.100676,0.100526,0.050939,0.097624,0.325146,0.084837,0.714041,1.835168,1.120128
16.933333,1.999850,1.987019,2.043445,2.032286,1.998934,1.745305,2.051978,1.991474,0.101598,0.100967,0.049880,0.097424,0.324022,0.084091,0.716980,1.815319,1.106066
16.950000,1.999801,1.990561,2.041290,2.031813,1.998855,1.757124,2.051833,1.990779,0.102363,0.101293,0.049187,0.097322,0.322490,0.083775,0.722926,1.793928,1.098787
16.966667,1.999782,1.992525,2.040008,2.031404,1.998779,1.767675,2.051443,1.990228,0.103117,0.101705,0.049354,0.097253,0.321663,0.084931,0.729519,1.781561,1.094546
16.983333,1.999722,1.993800,2.039545,2.031299,1.998704,1.777698,2.050647,1.989883,0.103773,0.101823,0.050211,0.096667,0.322633,0.086212,0.736727,1.777494,1.096144
17.000000,1.999644,1.994857,2.039511,2.031414,1.998622,1.787697,2.049055,1.989552,0.104249,0.101855,0.051223,0.096162,0.322685,0.087313,0.743244,1.776969,1.101429
17.016667,1.999571,1.995713,2.039579,2.031688,1.998553,1.797109,2.047410,1.989022,0.104411,0.101824,0.051905,0.096098,0.319096,0.088425,0.749607,1.776092,1.109157
17.033333,1.999513,1.996399,2.039986,2.032043,1.998493,1.805671,2.046022,1.988475,0.104401,0.101772,0.052500,0.096277,0.314905,0.089574,0.755379,1.774128,1.118009
17.050000,1.999479,1.997010,2.040432,2.032734,1.998444,1.810130,2.045249,1.988018,0.104279,0.102149,0.052896,0.096633,0.312823,0.090394,0.760700,1.772154,1.133977
17.066667,1.999455,1.997480,2.040783,2.033359,1.998405,1.811679,2.044784,1.987676,0.104184,0.102608,0.053228,0.096948,0.312705,0.090925,0.765743,1.770200,1.148214
17.083333,1.999430,1.997880,2.041133,2.033929,1.998370,1.811727,2.044496,1.987421,0.104101,0.103051,0.053518,0.097258,0.313418,0.091246,0.770132,1.766695,1.161039
17.100000,1.999407,1.998213,2.041324,2.033989,1.998338,1.811039,2.044313,1.987203,0.104097,0.103578,0.053679,0.097573,0.314506,0.091415,0.773954,1.763598,1.167006
17.116667,1.999387,1.998528,2.041471,2.033763,1.998318,1.809994,2.044191,1.987028,0.104125,0.104175,0.053763,0.097907,0.315743,0.091507,0.777565,1.761175,1.170031
17.133333,1.999367,1.998896,2.041586,2.033590,1.998305,1.808808,2.044109,1.986947,0.104143,0.104755,0.053793,0.098246,0.316687,0.091581,0.780836,1.759074,1.173714
17.150000,1.999346,1.999133,2.041683,2.033478,1.998292,1.807616,2.044052,1.987054,0.104152,0.105290,0.053822,0.098578,0.316801,0.091689,0.783768,1.757236,1.176738
17.166667,1.999327,1.999326,2.042011,2.033520,1.998278,1.806506,2.044014,1.987191,0.104140,0.105760,0.053845,0.098874,0.316873,0.091782,0.786550,1.757054,1.180489
17.183333,1.999310,1.999532,2.042246,2.033616,1.998267,1.803659,2.043952,1.987337,0.104123,0.106168,0.053842,0.099149,0.316887,0.091872,0.789346,1.756619,1.184255
17.200000,1.999297,1.999703,2.042533,2.033722,1.998256,1.801358,2.043903,1.987524,0.104114,0.106532,0.053834,0.099398,0.316724,0.091976,0.791763,1.757021,1.187583
17.216667,1.999291,1.999847,2.042726,2.033812,1.998247,1.799687,2.043868,1.987776,0.104128,0.106903,0.053831,0.099647,0.316401,0.092118,0.793856,1.757087,1.190218
17.233333,1.999284,1.999939,2.042892,2.033873,1.998239,1.798693,2.043874,1.987937,0.104138,0.107149,0.053829,0.099810,0.316214,0.092207,0.795087,1.757279,1.191928
17.250000,1.999279,2.000024,2.042964,2.033908,1.998230,1.798151,2.043896,1.988028,0.104161,0.107298,0.053769,0.099904,0.316111,0.092253,0.796354,1.757032,1.192918
17.266667,1.999275,2.000115,2.042997,2.033927,1.998225,1.797859,2.043910,1.988077,0.104179,0.107381,0.053717,0.099956,0.316056,0.092278,0.797804,1.756848,1.193451
17.283333,1.999273,2.000207,2.043014,2.033937,1.998223,1.797699,2.043918,1.988103,0.104192,0.107429,0.053673,0.099984,0.316027,0.092290,0.799302,1.756748,1.193739
17.300000,1.999272,2.000296,2.043022,2.033944,1.998221,1.797611,2.043923,1.988117,0.104203,0.107456,0.053634,0.100000,0.316011,0.092296,0.800767,1.756693,1.193893
17.316667,1.999271,2.000378,2.043025,2.033947,1.998221,1.797562,2.043925,1.988125,0.104213,0.107473,0.053600,0.100009,0.316003,0.092299,0.802125,1.756663,1.193976
17.333333,1.999270,2.000461,2.043025,2.033950,1.998220,1.797535,2.043927,1.988129,0.104222,0.107484,0.053567,0.100014,0.315998,0.092300,0.803507,1.756646,1.194021
17.350000,1.999270,2.000536,2.043024,2.033952,1.998220,1.797519,2.043928,1.988132,0.104229,0.107492,0.053538,0.100016,0.315996,0.092299,0.804506,1.756636,1.194045
17.366667,1.999269,2.000587,2.043024,2.033953,1.998220,1.797509,2.043929,1.988133,0.104235,0.107497,0.053519,0.100018,0.315995,0.092299,0.804861,1.756632,1.194057
17.383333,1.999269,2.000575,2.043023,2.033954,1.998221,1.797503,2.043930,1.988133,0.104238,0.107499,0.053509,0.100019,0.315994,0.092299,0.805089,1.756632,1.194063
17.400000,1.999269,2.000554,2.043023,2.033954,1.998221,1.797499,2.043930,1.988134,0.104240,0.107501,0.053504,0.100019,0.315994,0.092298,0.805224,1.756633,1.194066
17.416667,1.999268,2.000545,2.043036,2.033965,1.998229,1.797494,2.043929,1.988133,0.104228,0.107425,0.053566,0.099990,0.315993,0.092295,0.805319,1.756668,1.194083
17.433333,1.999267,2.000543,2.043062,2.033980,1.998244,1.797495,2.043929,1.988133,0.104207,0.107366,0.053719,0.099961,0.315980,0.092235,0.805411,1.756740,1.194106
17.450000,1.999268,2.000545,2.043298,2.033998,1.998263,1.797513,2.043932,1.988134,0.104204,0.107484,0.053812,0.099990,0.315935,0.092015,0.805518,1.759143,1.194130
17.466667,1.999268,2.000547,2.043318,2.034017,1.998282,1.797533,2.043935,1.988135,0.104219,0.107629,0.053810,0.100036,0.315889,0.091786,0.805618,1.760306,1.194156
17.483333,1.999269,2.000549,2.043363,2.034026,1.998294,1.797557,2.043941,1.988137,0.104229,0.107835,0.053814,0.100105,0.315843,0.091562,0.805709,1.761627,1.194164
17.500000,1.999295,2.000549,2.043426,2.034030,1.998300,1.799368,2.044270,1.988191,0.104232,0.108080,0.053820,0.100138,0.317528,0.091170,0.805792,1.763083,1.194159
17.516667,1.999311,2.000550,2.043510,2.034031,1.998306,1.800354,2.044453,1.988224,0.104378,0.107951,0.053825,0.099808,0.318526,0.090967,0.805885,1.764832,1.194166
17.533333,1.999332,2.000554,2.043661,2.034029,1.998315,1.800893,2.044559,1.988082,0.105001,0.106784,0.053832,0.098340,0.319162,0.091082,0.806045,1.767897,1.194227
17.550000,1.999383,2.000559,2.043832,2.033626,1.998409,1.801199,2.044623,1.987348,0.105732,0.105680,0.053897,0.096899,0.319666,0.091288,0.806215,1.771130,1.186582
17.566667,1.999442,2.000321,2.043743,2.033208,1.998524,1.801379,2.044658,1.986676,0.106594,0.104962,0.054156,0.094860,0.320389,0.090914,0.796515,1.774624,1.177006
17.583333,1.999504,1.999732,2.043643,2.033177,1.998661,1.801487,2.044680,1.986043,0.107017,0.103640,0.054532,0.092785,0.321191,0.090765,0.771885,1.780498,1.185082
17.600000,1.999569,1.998993,2.043646,2.033159,1.998774,1.801562,2.044698,1.985406,0.107526,0.102452,0.055120,0.090803,0.321947,0.090663,0.740385,1.785149,1.192484
17.616667,1.999622,1.998204,2.044741,2.033175,1.998874,1.801621,2.044712,1.984773,0.108020,0.101355,0.055872,0.088943,0.322679,0.090617,0.705514,1.793338,1.200887
17.633333,1.999600,1.998506,2.046890,2.033314,1.998967,1.806561,2.045149,1.984361,0.108602,0.100865,0.056828,0.087286,0.324027,0.091150,0.689709,1.809019,1.212220
17.650000,1.999582,1.998180,2.049294,2.033481,1.998953,1.816249,2.046284,1.983939,0.109414,0.101270,0.058175,0.085907,0.324969,0.091194,0.664219,1.827786,1.218527
17.666667,1.999570,1.997557,2.051370,2.034204,1.998902,1.824427,2.047350,1.983504,0.109878,0.101763,0.059484,0.084950,0.325598,0.091178,0.636663,1.841062,1.215660
17.683333,1.999560,1.996315,2.053386,2.034648,1.998935,1.831464,2.048292,1.983079,0.110423,0.102342,0.061645,0.084217,0.326065,0.091093,0.608059,1.852261,1.216759
17.700000,1.999559,1.994944,2.055652,2.034800,1.998976,1.848530,2.050781,1.982700,0.111130,0.102675,0.063561,0.083312,0.326762,0.091388,0.579130,1.864056,1.216709
17.716667,1.999617,1.993139,2.058159,2.034826,1.999009,1.865617,2.053563,1.982096,0.111858,0.103091,0.065220,0.082645,0.330236,0.091229,0.553592,1.876337,1.216051
17.733333,1.999806,1.990254,2.060423,2.034827,1.999040,1.866946,2.054830,1.981697,0.112822,0.104084,0.066898,0.082427,0.344315,0.089515,0.535190,1.890485,1.215873
17.750000,2.000042,1.987394,2.061734,2.034400,1.999125,1.865181,2.055393,1.981434,0.112861,0.103537,0.069358,0.082517,0.362985,0.087718,0.521568,1.900441,1.200905
17.766667,2.000246,1.984910,2.061256,2.033267,1.999273,1.860556,2.055554,1.980951,0.113000,0.102852,0.072041,0.082653,0.375818,0.086748,0.508536,1.902075,1.167482
17.783333,2.000390,1.982960,2.060633,2.032218,1.999412,1.849445,2.054785,1.980031,0.113044,0.101998,0.074671,0.082809,0.374960,0.087055,0.498645,1.903417,1.136256
17.800000,2.000476,1.982864,2.059337,2.031195,1.999539,1.832944,2.053416,1.979039,0.113163,0.101351,0.076347,0.082916,0.371611,0.087596,0.489939,1.902740,1.106393
17.816667,2.000526,1.982587,2.057677,2.030170,1.999662,1.814610,2.051913,1.978038,0.113348,0.100863,0.076859,0.083039,0.367442,0.088288,0.481718,1.900193,1.076493
17.833333,2.000561,1.980559,2.056355,2.029142,1.999779,1.789407,2.049872,1.977045,0.113536,0.100558,0.076412,0.083198,0.362809,0.088978,0.480982,1.900748,1.046622
17.850000,2.000579,1.979251,2.055166,2.028118,1.999894,1.758043,2.047506,1.976093,0.113725,0.100394,0.075834,0.083386,0.358194,0.089630,0.475313,1.901812,1.016880
17.866667,2.000583,1.978210,2.053937,2.027106,2.000007,1.721870,2.045044,1.975209,0.113917,0.100306,0.075256,0.083580,0.354175,0.090207,0.470730,1.901951,0.987445
17.883333,2.000580,1.977188,2.052882,2.026116,2.000118,1.681523,2.042599,1.974410,0.114107,0.100252,0.074619,0.083782,0.350773,0.090734,0.465217,1.903072,0.958645
17.900000,2.000554,1.976215,2.051926,2.025157,2.000226,1.637369,2.040223,1.974049,0.114292,0.100210,0.073988,0.084095,0.343759,0.091584,0.459288,1.904690,0.930751
17.916667,2.000523,1.975272,2.050986,2.024233,2.000331,1.589638,2.037937,1.973889,0.114472,0.100162,0.073387,0.084486,0.334521,0.092692,0.453071,1.906421,0.903965
17.933333,2.000505,1.974345,2.050069,2.023349,2.000433,1.539314,2.035777,1.973834,0.114642,0.100098,0.072825,0.084831,0.328453,0.093556,0.446650,1.908232,0.878441
17.950000,2.000500,1.973445,2.049303,2.022155,2.000427,1.500229,2.034212,1.973855,0.114983,0.100148,0.073071,0.085171,0.324784,0.094080,0.440217,1.910414,0.844103
17.966667,2.000513,1.972560,2.048680,2.020688,2.000430,1.469917,2.033091,1.974159,0.115373,0.100243,0.073491,0.085566,0.324076,0.094154,0.433942,1.912214,0.803102
17.983333,2.000559,1.971753,2.048478,2.019085,2.000443,1.450397,2.032469,1.975060,0.115823,0.100549,0.073844,0.086258,0.326565,0.093497,0.428179,1.913241,0.763011
18.000000,2.000606,1.970889,2.048613,2.018238,2.000452,1.437107,2.032120,1.975950,0.115911,0.100857,0.074042,0.087064,0.330524,0.092983,0.422322,1.915362,0.743013
18.016667,2.000665,1.969995,2.048963,2.018194,2.000446,1.427607,2.031921,1.977168,0.114436,0.101432,0.073750,0.088831,0.337666,0.092689,0.416548,1.918400,0.739737
18.033333,2.000728,1.969100,2.049415,2.018113,2.000466,1.420369,2.031802,1.978273,0.112647,0.102167,0.073210,0.090956,0.345333,0.092584,0.410979,1.921838,0.736359
18.050000,2.000840,1.968189,2.049920,2.017963,2.000535,1.414428,2.031734,1.979443,0.111333,0.103599,0.072691,0.093268,0.347138,0.093337,0.405567,1.925371,0.730686
18.066667,2.001005,1.967278,2.050428,2.017749,2.000670,1.409405,2.031693,1.980551,0.110510,0.105508,0.072246,0.095678,0.343184,0.094592,0.400380,1.928890,0.722379
18.083333,2.001167,1.963845,2.051072,2.017410,2.000865,1.405077,2.031663,1.981509,0.110060,0.107490,0.071544,0.097633,0.340200,0.095638,0.402296,1.935545,0.712252
18.100000,2.001317,1.960414,2.051693,2.017082,2.001088,1.401243,2.031643,1.982151,0.109888,0.109348,0.070964,0.099199,0.334433,0.096873,0.403782,1.942036,0.703396
18.116667,2.001480,1.956832,2.052273,2.017178,2.001249,1.397845,2.031629,1.982298,0.110188,0.111529,0.070413,0.100421,0.329247,0.098154,0.406208,1.948095,0.704420
18.133333,2.001665,1.953334,2.052793,2.017613,2.001436,1.394858,2.031620,1.982208,0.110294,0.113692,0.069940,0.101943,0.324620,0.099876,0.408706,1.953513,0.714469
18.150000,2.001846,1.949623,2.053071,2.017675,2.001855,1.392279,2.031614,1.982001,0.110327,0.115427,0.069612,0.103398,0.321013,0.101586,0.411250,1.957026,0.715751
18.166667,2.002020,1.946077,2.053238,2.017667,2.002317,1.386498,2.031625,1.981700,0.110681,0.117077,0.069338,0.104448,0.318006,0.103052,0.413774,1.959857,0.717438
18.183333,2.002178,1.942837,2.053354,2.017655,2.002796,1.380349,2.031699,1.981359,0.111285,0.118675,0.069136,0.105201,0.315583,0.104292,0.416143,1.962263,0.721157
18.200000,2.002313,1.940056,2.053440,2.017641,2.003282,1.375811,2.031764,1.981027,0.112035,0.120175,0.069011,0.105731,0.313791,0.105333,0.418212,1.964258,0.726525
18.216667,2.002421,1.937838,2.053505,2.017718,2.003728,1.372458,2.031811,1.980742,0.112692,0.121537,0.068945,0.106223,0.312558,0.106171,0.419868,1.965830,0.734352
18.233333,2.002497,1.936270,2.053554,2.018220,2.004010,1.369709,2.031836,1.980529,0.113136,0.122967,0.068918,0.106917,0.311798,0.106826,0.421024,1.966974,0.744282
18.250000,2.002542,1.935351,2.053588,2.019035,2.004174,1.367741,2.031841,1.980404,0.113179,0.124286,0.068934,0.107854,0.311419,0.107322,0.421684,1.967683,0.756359
18.266667,2.002566,1.934855,2.053606,2.019674,2.004361,1.366618,2.031842,1.980339,0.112946,0.125154,0.068973,0.108640,0.311233,0.107652,0.422040,1.968076,0.768942
18.283333,2.002579,1.934588,2.053616,2.020029,2.004495,1.366024,2.031844,1.980304,0.112765,0.125630,0.068997,0.109072,0.311133,0.107830,0.422232,1.968286,0.777998
18.300000,2.002586,1.934446,2.053621,2.020215,2.004572,1.365713,2.031844,1.980285,0.112674,0.125880,0.069012,0.109301,0.311080,0.107926,0.422336,1.968397,0.782835
18.316667,2.002589,1.934372,2.053624,2.020316,2.004613,1.365554,2.031845,1.980274,0.112625,0.126014,0.069020,0.109423,0.311052,0.107976,0.422392,1.968455,0.785428
18.333333,2.002591,1.934334,2.053626,2.020370,2.004634,1.365475,2.031846,1.980269,0.112600,0.126085,0.069024,0.109489,0.311037,0.108003,0.422423,1.968485,0.786830
18.350000,2.002592,1.934315,2.053627,2.020398,2.004644,1.365440,2.031846,1.980265,0.112586,0.126123,0.069027,0.109523,0.311031,0.108017,0.422439,1.968499,0.787587
18.366667,2.002592,1.934307,2.053628,2.020411,2.004648,1.365426,2.031846,1.980264,0.112578,0.126142,0.069029,0.109541,0.311028,0.108024,0.422448,1.968505,0.787995
18.383333,2.002592,1.934304,2.053628,2.020418,2.004648,1.365425,2.031847,1.980263,0.112574,0.126152,0.069029,0.109550,0.311028,0.108027,0.422453,1.968507,0.788214
18.400000,2.002592,1.934303,2.053628,2.020420,2.004647,1.365429,2.031847,1.980262,0.112572,0.126157,0.069030,0.109554,0.311028,0.108028,0.422456,1.968507,0.788331
18.416667,2.002592,1.934304,2.053628,2.020376,2.004521,1.365437,2.031848,1.980262,0.112556,0.126157,0.069029,0.109556,0.311029,0.108029,0.422457,1.968505,0.788475
18.433333,2.002592,1.934305,2.053626,2.020268,2.004147,1.365446,2.031849,1.980262,0.112496,0.126151,0.069026,0.109559,0.311031,0.108030,0.422456,1.968501,0.788706
18.450000,2.002501,1.934304,2.053622,2.020120,2.003661,1.365458,2.031853,1.979956,0.112412,0.126142,0.069022,0.109563,0.311069,0.108054,0.422454,1.968495,0.788958
18.466667,2.002329,1.934304,2.053619,2.019960,2.003193,1.365473,2.031855,1.979522,0.112328,0.126134,0.069017,0.109597,0.310281,0.108267,0.422453,1.968490,0.789182
18.483333,2.002178,1.934496,2.053605,2.019810,2.002786,1.365488,2.031857,1.979285,0.112303,0.126192,0.068520,0.109687,0.309661,0.108322,0.430172,1.968421,0.789386
18.500000,2.002087,1.934825,2.053821,2.019605,2.002308,1.365501,2.031860,1.979145,0.112348,0.126313,0.066710,0.109758,0.309267,0.108346,0.444280,1.970427,0.789572
18.516667,2.002039,1.936521,2.054067,2.019285,2.001669,1.365514,2.031864,1.979069,0.112396,0.126442,0.064826,0.109813,0.309055,0.108359,0.453709,1.972608,0.789716
18.533333,2.001981,1.939805,2.054286,2.018910,2.001005,1.365526,2.031869,1.978991,0.112476,0.126603,0.062783,0.109873,0.308751,0.108387,0.461398,1.974525,0.789855
18.550000,2.001945,1.945099,2.054448,2.018512,2.000401,1.365538,2.031874,1.978950,0.112599,0.126796,0.060705,0.109927,0.308610,0.108386,0.465219,1.975956,0.790016
18.566667,2.001864,1.949957,2.053581,2.018134,1.999899,1.365548,2.031879,1.978866,0.112774,0.127032,0.058522,0.109989,0.308509,0.108380,0.463816,1.974262,0.790195
18.583333,2.001764,1.952404,2.052246,2.017791,1.999494,1.365556,2.031881,1.978740,0.113036,0.127355,0.056186,0.110075,0.308406,0.108368,0.447175,1.969957,0.792047
18.600000,2.001699,1.949384,2.051166,2.017759,1.999232,1.368972,2.031995,1.978633,0.112926,0.127498,0.055026,0.110327,0.308227,0.108275,0.439408,1.962523,0.798065
18.616667,2.001620,1.942868,2.049951,2.017819,1.999072,1.382653,2.032394,1.978480,0.111601,0.127008,0.054979,0.111341,0.307546,0.107809,0.443897,1.953199,0.806127
18.633333,2.001610,1.934809,2.048813,2.018134,1.998950,1.395496,2.032311,1.978239,0.110105,0.126643,0.055755,0.112523,0.304812,0.107489,0.451799,1.943205,0.818642
18.650000,2.001621,1.929001,2.048764,2.018526,1.998842,1.413840,2.032867,1.978057,0.108392,0.126214,0.056590,0.113820,0.301671,0.107340,0.462104,1.938678,0.830896
18.666667,2.001621,1.924963,2.049662,2.018949,1.998731,1.435411,2.033882,1.977541,0.106621,0.125843,0.056826,0.115198,0.299300,0.107217,0.480991,1.940119,0.842465
18.683333,2.001645,1.921435,2.050755,2.019428,1.998624,1.458627,2.034990,1.974966,0.105200,0.126097,0.057766,0.116413,0.297678,0.107227,0.508041,1.943271,0.856417
18.700000,2.001663,1.924330,2.052148,2.019584,1.998504,1.488662,2.036439,1.972472,0.104701,0.125927,0.059314,0.116437,0.296156,0.107490,0.505553,1.945107,0.856289
18.716667,2.001658,1.931047,2.054178,2.019565,1.998380,1.546474,2.039331,1.970161,0.103808,0.125522,0.060557,0.116806,0.294093,0.107588,0.501070,1.942213,0.852192
18.733333,2.001645,1.937921,2.056209,2.019448,1.998273,1.615294,2.043265,1.967833,0.102451,0.125589,0.062856,0.117943,0.290798,0.107538,0.497993,1.941846,0.855397
18.750000,2.001640,1.942951,2.057960,2.019464,1.998165,1.683085,2.047787,1.965380,0.100755,0.126208,0.067150,0.119695,0.285599,0.107601,0.499794,1.943705,0.861488
18.766667,2.001622,1.946697,2.059364,2.019600,1.998068,1.737874,2.052436,1.962998,0.098929,0.126431,0.072325,0.121235,0.281130,0.107776,0.507886,1.944717,0.869796
18.783333,2.001597,1.949904,2.059747,2.019695,1.997986,1.775876,2.055792,1.960667,0.097578,0.127332,0.077340,0.122975,0.277164,0.107871,0.519275,1.938233,0.877178
18.800000,2.001555,1.955409,2.059771,2.019723,1.997899,1.794172,2.055839,1.958474,0.096920,0.126964,0.083133,0.123136,0.274809,0.107923,0.529195,1.928963,0.883291
18.816667,2.001480,1.961136,2.059813,2.019719,1.997814,1.824230,2.056752,1.956489,0.096916,0.126127,0.091334,0.122334,0.275274,0.106856,0.538544,1.919235,0.887827
18.833333,2.001406,1.964408,2.060269,2.019743,1.997747,1.847230,2.056844,1.954418,0.096861,0.125715,0.101575,0.121984,0.275650,0.105825,0.547191,1.912728,0.893154
18.850000,2.001331,1.966709,2.060447,2.019813,1.997690,1.855747,2.055833,1.952545,0.096696,0.125506,0.106383,0.122068,0.275858,0.104925,0.553704,1.907271,0.900004
18.866667,2.001259,1.968440,2.060263,2.019888,1.997614,1.857717,2.054186,1.950792,0.096677,0.125492,0.103968,0.122269,0.275907,0.104127,0.559047,1.901860,0.906643
18.883333,2.001184,1.970352,2.059239,2.019944,1.997527,1.860741,2.052924,1.948919,0.096825,0.125589,0.098807,0.122412,0.275791,0.103373,0.563043,1.892378,0.913346
18.900000,2.001103,1.973553,2.057590,2.020038,1.997417,1.864001,2.051688,1.947236,0.097028,0.125789,0.093145,0.122592,0.275459,0.102667,0.571972,1.877901,0.920142
18.916667,2.001019,1.976923,2.055612,2.020132,1.997306,1.868922,2.050762,1.945551,0.097264,0.126063,0.087905,0.122811,0.274947,0.102023,0.587118,1.860395,0.927181
18.933333,2.000934,1.980325,2.053442,2.020353,1.997194,1.874817,2.050466,1.943892,0.097524,0.126420,0.083244,0.123055,0.274317,0.101456,0.604631,1.840837,0.936377
18.950000,2.000852,1.982552,2.051933,2.020648,1.997084,1.880864,2.050642,1.942403,0.097759,0.126739,0.079586,0.123291,0.273564,0.100970,0.624639,1.827716,0.946519
18.966667,2.000781,1.984148,2.051217,2.020928,1.996975,1.886789,2.051112,1.941141,0.097987,0.127036,0.076575,0.123533,0.272332,0.100619,0.646034,1.821483,0.956381
18.983333,2.000711,1.985489,2.050646,2.021217,1.996870,1.892462,2.051737,1.940729,0.098159,0.127370,0.074310,0.123899,0.269859,0.100507,0.666347,1.816052,0.965966
19.000000,2.000652,1.986599,2.049601,2.021563,1.996780,1.896975,2.052368,1.940725,0.098418,0.127195,0.072723,0.123779,0.267483,0.100651,0.686136,1.806101,0.976117
19.016667,2.000597,1.987719,2.048595,2.021922,1.996697,1.900482,2.052996,1.940938,0.098818,0.126683,0.071352,0.123218,0.265292,0.100980,0.706473,1.795947,0.986190
19.033333,2.000541,1.988873,2.047530,2.022441,1.996626,1.902583,2.053518,1.941275,0.099268,0.126128,0.070153,0.122482,0.263695,0.101364,0.722429,1.785786,0.998841
19.050000,2.000487,1.989924,2.046517,2.022838,1.996578,1.903938,2.053979,1.941673,0.099975,0.125384,0.069172,0.121266,0.262485,0.101897,0.735516,1.776410,1.006722
19.066667,2.000438,1.991056,2.045475,2.023147,1.996536,1.904855,2.054379,1.942088,0.100649,0.124797,0.068278,0.120188,0.261466,0.102378,0.742481,1.766704,1.013724
19.083333,2.000386,1.992039,2.044532,2.023364,1.996499,1.905557,2.054761,1.942500,0.101305,0.124259,0.067543,0.119139,0.260591,0.102820,0.745420,1.757880,1.019540
19.100000,2.000340,1.992853,2.043854,2.023476,1.996473,1.906123,2.055121,1.942889,0.101911,0.123776,0.066895,0.118222,0.259830,0.103247,0.745105,1.750197,1.024121
19.116667,2.000299,1.993439,2.043581,2.023486,1.996465,1.905006,2.055496,1.943248,0.102307,0.123476,0.066476,0.117793,0.259167,0.103691,0.743145,1.745174,1.027486
19.133333,2.000278,1.993942,2.043496,2.023663,1.996452,1.903575,2.055796,1.943609,0.102547,0.123473,0.066230,0.117903,0.259070,0.104220,0.741793,1.741734,1.031614
19.150000,2.000263,1.994405,2.043714,2.023898,1.996440,1.902008,2.056030,1.943937,0.102702,0.123550,0.066146,0.118195,0.259091,0.104749,0.741617,1.739865,1.036684
19.166667,2.000250,1.994771,2.044090,2.024131,1.996426,1.900596,2.056220,1.944214,0.102804,0.123632,0.066119,0.118496,0.259096,0.105190,0.741440,1.738826,1.041601
19.183333,2.000239,1.995028,2.044437,2.024353,1.996420,1.899404,2.056374,1.944442,0.102868,0.123890,0.066178,0.118817,0.259116,0.105547,0.740735,1.738297,1.046398
19.200000,2.000252,1.995219,2.044729,2.024549,1.996416,1.898459,2.056510,1.944801,0.102913,0.124144,0.066264,0.119186,0.258985,0.105962,0.740149,1.737873,1.050737
19.216667,2.000271,1.995380,2.045021,2.024697,1.996410,1.898247,2.056569,1.945146,0.102949,0.124329,0.066354,0.119503,0.258838,0.106328,0.740246,1.737683,1.054087
19.233333,2.000281,1.995514,2.045189,2.024796,1.996401,1.897694,2.056442,1.945367,0.102985,0.124513,0.066413,0.119713,0.258757,0.106555,0.740924,1.737408,1.056425
19.250000,2.000284,1.995637,2.045266,2.024853,1.996392,1.896944,2.056335,1.945496,0.103015,0.124630,0.066438,0.119842,0.258722,0.106698,0.742128,1.736998,1.057826
19.266667,2.000285,1.995758,2.045304,2.024884,1.996384,1.896670,2.056276,1.945566,0.103037,0.124696,0.066428,0.119910,0.258703,0.106774,0.743723,1.736741,1.058579
19.283333,2.000285,1.995884,2.045323,2.024901,1.996380,1.896486,2.056237,1.945603,0.103056,0.124736,0.066396,0.119948,0.258693,0.106814,0.745633,1.736600,1.058981
19.300000,2.000285,1.996019,2.045330,2.024910,1.996378,1.896386,2.056216,1.945623,0.103074,0.124762,0.066350,0.119968,0.258688,0.106835,0.747785,1.736520,1.059196
19.316667,2.000285,1.996158,2.045330,2.024915,1.996377,1.896331,2.056204,1.945634,0.103091,0.124780,0.066296,0.119978,0.258685,0.106845,0.750092,1.736473,1.059311
19.333333,2.000284,1.996299,2.045328,2.024919,1.996377,1.896300,2.056198,1.945640,0.103109,0.124794,0.066240,0.119984,0.258684,0.106850,0.752440,1.736443,1.059371
19.350000,2.000284,1.996413,2.045338,2.024924,1.996382,1.896282,2.056194,1.945642,0.103092,0.124767,0.066274,0.119977,0.258683,0.106850,0.754358,1.736460,1.059404
19.366667,2.000283,1.996477,2.045443,2.024932,1.996391,1.896270,2.056190,1.945643,0.103053,0.124703,0.066317,0.119959,0.258682,0.106848,0.755405,1.737318,1.059426
19.383333,2.000282,1.996512,2.045458,2.024941,1.996402,1.896261,2.056187,1.945643,0.103016,0.124625,0.066273,0.119937,0.258681,0.106845,0.755973,1.737774,1.059447
19.400000,2.000282,1.996543,2.045474,2.024952,1.996415,1.896254,2.056184,1.945643,0.102975,0.124538,0.066228,0.119913,0.258680,0.106841,0.756480,1.738246,1.059467
19.416667,2.000281,1.996579,2.045487,2.024963,1.996428,1.896249,2.056182,1.945643,0.102935,0.124445,0.066182,0.119887,0.258679,0.106837,0.757056,1.738688,1.059487
19.433333,2.000281,1.996599,2.045500,2.024975,1.996441,1.896244,2.056179,1.945642,0.102892,0.124344,0.066138,0.119859,0.258678,0.106833,0.757371,1.739117,1.059509
19.450000,2.000280,1.996611,2.045509,2.024988,1.996455,1.896239,2.056176,1.945641,0.102848,0.124237,0.066094,0.119829,0.258677,0.106829,0.757544,1.739504,1.059533
19.466667,2.000279,1.996618,2.045514,2.025000,1.996467,1.896234,2.056173,1.945641,0.102814,0.124146,0.066059,0.119803,0.258676,0.106825,0.757640,1.739795,1.059554
19.483333,2.000279,1.996622,2.045517,2.025007,1.996473,1.896231,2.056171,1.945640,0.102798,0.124098,0.066042,0.119788,0.258676,0.106822,0.757689,1.739954,1.059565
19.500000,2.000279,1.996624,2.045519,2.025010,1.996476,1.896229,2.056170,1.945640,0.102792,0.124072,0.066034,0.119780,0.258675,0.106821,0.757714,1.740042,1.059569
19.516667,2.000280,1.996626,2.045564,2.025007,1.996479,1.896246,2.056175,1.945642,0.102928,0.123862,0.066359,0.119387,0.258671,0.106701,0.757788,1.740208,1.059562
19.533333,2.000282,1.996630,2.045654,2.024825,1.996515,1.896260,2.056181,1.945647,0.103335,0.122179,0.066972,0.117812,0.258805,0.107037,0.757919,1.740470,1.059319
19.550000,2.000298,1.996837,2.045598,2.024347,1.996591,1.896279,2.056187,1.945746,0.103844,0.120673,0.067448,0.115432,0.259460,0.106771,0.764942,1.747122,1.058710
19.566667,2.000316,1.997735,2.044912,2.024060,1.996683,1.896303,2.056194,1.945856,0.104503,0.119128,0.067900,0.112843,0.260199,0.106508,0.754046,1.751429,1.061325
19.583333,2.000349,1.998628,2.044107,2.024491,1.996830,1.896330,2.056199,1.945376,0.105068,0.117546,0.068441,0.110196,0.261063,0.106297,0.739045,1.754727,1.081015
19.600000,2.000403,1.999345,2.043230,2.024791,1.997003,1.896360,2.056205,1.943690,0.105551,0.116140,0.069854,0.107754,0.261937,0.105828,0.720766,1.756393,1.099255
19.616667,2.000461,1.999529,2.043002,2.024871,1.997157,1.896395,2.056211,1.942026,0.106218,0.114888,0.071658,0.105261,0.262833,0.105372,0.698550,1.758194,1.113160
19.633333,2.000530,1.999524,2.043583,2.024873,1.997296,1.896572,2.056314,1.939919,0.107002,0.113801,0.073411,0.102821,0.263818,0.105067,0.675972,1.764692,1.125449
19.650000,2.000561,1.999138,2.044761,2.025542,1.997296,1.887106,2.055125,1.938060,0.107359,0.112699,0.075627,0.100912,0.264753,0.105003,0.650725,1.774186,1.127418
19.666667,2.000553,1.998749,2.046853,2.026989,1.997314,1.883380,2.056294,1.936771,0.106778,0.110730,0.079209,0.099231,0.265627,0.105045,0.629038,1.789735,1.127063
19.683333,2.000544,1.998936,2.049462,2.028479,1.997411,1.883228,2.058262,1.935665,0.105924,0.108858,0.081742,0.098037,0.265688,0.104528,0.639431,1.808631,1.127179
19.700000,2.000538,1.999750,2.052197,2.029719,1.997543,1.877518,2.058230,1.934680,0.105081,0.107242,0.083476,0.097218,0.265123,0.103541,0.672948,1.828033,1.125756
19.716667,2.000542,2.000012,2.055501,2.030669,1.997680,1.872546,2.057962,1.933923,0.104559,0.105811,0.084233,0.096132,0.264918,0.102736,0.701193,1.849929,1.123618
19.733333,2.000613,1.999588,2.059251,2.031292,1.997815,1.873953,2.058465,1.931486,0.104654,0.104562,0.083858,0.094681,0.265905,0.102930,0.716153,1.874232,1.124055
19.750000,2.000779,1.998474,2.062964,2.031571,1.997912,1.876259,2.058489,1.929342,0.105266,0.104127,0.083279,0.093875,0.272452,0.102094,0.715604,1.895775,1.124697
19.766667,2.000943,1.996928,2.063729,2.031675,1.997979,1.879785,2.058493,1.927268,0.105780,0.103982,0.082385,0.093224,0.278550,0.101223,0.706469,1.904052,1.124638
19.783333,2.001098,1.995115,2.062683,2.031677,1.998028,1.873189,2.057056,1.925134,0.106167,0.103911,0.081096,0.092998,0.282775,0.100899,0.685811,1.904652,1.123857
19.800000,2.001312,1.993216,2.061199,2.031672,1.998066,1.860416,2.054822,1.926346,0.106507,0.104154,0.079760,0.093367,0.281544,0.100989,0.662643,1.903177,1.123580
19.816667,2.001588,1.992552,2.060955,2.030608,1.998199,1.842217,2.052082,1.925359,0.106875,0.104609,0.077997,0.094128,0.273923,0.102190,0.649742,1.910011,1.098661
19.833333,2.001796,1.992820,2.060709,2.029314,1.998375,1.819072,2.049069,1.921540,0.107181,0.104971,0.076419,0.094751,0.265550,0.103723,0.637343,1.916349,1.068678
19.850000,2.002030,1.993214,2.059501,2.028092,1.998544,1.792323,2.046031,1.917472,0.107437,0.105461,0.076207,0.095335,0.256514,0.105255,0.627422,1.916711,1.040595
19.866667,2.002216,1.993589,2.057811,2.026872,1.998713,1.762717,2.043097,1.913285,0.107715,0.105967,0.076584,0.095835,0.248352,0.106748,0.618793,1.914514,1.012813
19.883333,2.002300,1.993757,2.056125,2.025659,1.998878,1.730708,2.040317,1.910109,0.108100,0.106510,0.077248,0.096101,0.243183,0.107798,0.610547,1.912492,0.985506
19.900000,2.002365,1.993581,2.055187,2.024468,1.999040,1.703094,2.038353,1.905283,0.108539,0.107120,0.077884,0.096321,0.239069,0.108922,0.601980,1.913826,0.958989
19.916667,2.002492,1.993225,2.054463,2.023398,1.999200,1.683288,2.037268,1.899450,0.109109,0.108086,0.078798,0.097147,0.236303,0.110814,0.593357,1.915845,0.935934
19.933333,2.002581,1.992764,2.053819,2.022348,1.999354,1.663278,2.036252,1.894802,0.109720,0.109160,0.079449,0.098312,0.234497,0.112516,0.584802,1.918085,0.913985
19.950000,2.002546,1.992240,2.053142,2.021293,1.999501,1.643556,2.035352,1.892600,0.110249,0.110036,0.079805,0.099429,0.233040,0.113139,0.576416,1.920265,0.892371
19.966667,2.002526,1.991672,2.052524,2.020332,1.999650,1.629791,2.034722,1.889796,0.109922,0.109822,0.079974,0.100500,0.233063,0.113911,0.568177,1.922834,0.871635
19.983333,2.002518,1.991118,2.052142,2.019401,1.999791,1.620955,2.034399,1.887666,0.109614,0.109588,0.080132,0.101494,0.233823,0.114608,0.560570,1.924623,0.851956
20.000000,2.002431,1.990568,2.052205,2.018263,1.999834,1.613956,2.034249,1.882099,0.109369,0.109444,0.079357,0.103034,0.232691,0.116126,0.553426,1.927171,0.828778
20.016667,2.002307,1.989981,2.052533,2.016660,1.999843,1.608042,2.034188,1.874851,0.109189,0.109291,0.078649,0.104815,0.231239,0.117800,0.546260,1.930385,0.797820
20.033333,2.002243,1.989372,2.052984,2.015094,1.999861,1.602828,2.034178,1.867786,0.109202,0.109290,0.078006,0.106491,0.230053,0.119406,0.539204,1.933935,0.765744
20.050000,2.002222,1.988758,2.053523,2.014115,1.999877,1.598072,2.034195,1.863188,0.109242,0.109229,0.077372,0.107786,0.229747,0.120552,0.532389,1.937571,0.743203
20.066667,2.002217,1.988148,2.054078,2.014247,1.999868,1.593726,2.034227,1.860881,0.108556,0.109472,0.076709,0.109195,0.230908,0.121427,0.525888,1.941145,0.747329
20.083333,2.002225,1.986507,2.054719,2.014370,1.999876,1.589767,2.034261,1.859905,0.107598,0.110552,0.075970,0.110891,0.233402,0.122161,0.525487,1.946320,0.750934
20.100000,2.002237,1.984319,2.055361,2.014091,1.999928,1.586087,2.034303,1.859623,0.107097,0.112162,0.075275,0.112410,0.236112,0.122726,0.527506,1.952333,0.748747
20.116667,2.002252,1.981848,2.055831,2.013652,2.000028,1.582762,2.034344,1.859729,0.107008,0.113972,0.074715,0.113628,0.238479,0.123112,0.530241,1.957254,0.746145
20.133333,2.002269,1.979236,2.056096,2.013313,2.000154,1.579767,2.034387,1.860024,0.107316,0.115846,0.074239,0.114526,0.240554,0.123374,0.533203,1.961094,0.747979
20.150000,2.002284,1.976703,2.056268,2.013474,2.000248,1.577129,2.034424,1.860381,0.108000,0.117846,0.073776,0.115338,0.242768,0.123522,0.536299,1.964321,0.751471
20.166667,2.002296,1.974327,2.056389,2.013647,2.000436,1.574851,2.034464,1.860733,0.108352,0.119466,0.073408,0.116264,0.245024,0.123722,0.539320,1.967110,0.762655
20.183333,2.002318,1.972193,2.056483,2.013526,2.000715,1.572936,2.034501,1.860538,0.108771,0.120829,0.073134,0.117029,0.246705,0.123950,0.542113,1.969475,0.770073
20.200000,2.002359,1.970370,2.056555,2.013393,2.001010,1.571397,2.034536,1.859314,0.109456,0.122098,0.072931,0.117487,0.247559,0.124343,0.544530,1.971410,0.778551
20.216667,2.002392,1.968921,2.056612,2.013381,2.001291,1.570233,2.034568,1.858440,0.110199,0.123272,0.072793,0.117824,0.248052,0.124733,0.546459,1.972925,0.787630
20.233333,2.002414,1.967894,2.056655,2.013485,2.001558,1.569448,2.034595,1.857887,0.110728,0.124259,0.072713,0.118163,0.248367,0.125073,0.547811,1.974028,0.799264
20.250000,2.002429,1.967291,2.056683,2.013520,2.001737,1.569008,2.034617,1.857578,0.111011,0.124791,0.072657,0.118358,0.248660,0.125239,0.548586,1.974713,0.806802
20.266667,2.002442,1.966965,2.056699,2.013541,2.001836,1.568780,2.034631,1.857386,0.111163,0.125074,0.072614,0.118465,0.248882,0.125313,0.549006,1.975104,0.810973
20.283333,2.002449,1.966789,2.056709,2.013552,2.001891,1.568664,2.034638,1.857285,0.111247,0.125225,0.072582,0.118521,0.249001,0.125352,0.549234,1.975329,0.813188
20.300000,2.002452,1.966696,2.056714,2.013558,2.001921,1.568608,2.034643,1.857234,0.111294,0.125306,0.072562,0.118549,0.249065,0.125373,0.549358,1.975455,0.814377
20.316667,2.002454,1.966647,2.056717,2.013561,2.001937,1.568582,2.034645,1.857208,0.111319,0.125349,0.072550,0.118564,0.249099,0.125384,0.549425,1.975522,0.815020
20.333333,2.002455,1.966622,2.056719,2.013563,2.001945,1.568572,2.034647,1.857195,0.111332,0.125372,0.072544,0.118572,0.249116,0.125389,0.549460,1.975556,0.815369
20.350000,2.002455,1.966609,2.056720,2.013565,2.001949,1.568571,2.034648,1.857189,0.111339,0.125384,0.072541,0.118576,0.249125,0.125392,0.549479,1.975573,0.815559
20.366667,2.002456,1.966604,2.056721,2.013566,2.001951,1.568573,2.034648,1.857187,0.111343,0.125390,0.072539,0.118577,0.249129,0.125393,0.549489,1.975580,0.815662
20.383333,2.002456,1.966601,2.056721,2.013566,2.001952,1.568578,2.034649,1.857187,0.111344,0.125392,0.072538,0.118578,0.249131,0.125394,0.549495,1.975583,0.815718
20.400000,2.002456,1.966601,2.056722,2.013566,2.001953,1.568583,2.034649,1.857188,0.111345,0.125394,0.072530,0.118578,0.249131,0.125394,0.549497,1.975597,0.815750
20.416667,2.002456,1.966601,2.056725,2.013567,2.001953,1.568588,2.034650,1.857190,0.111346,0.125394,0.072510,0.118578,0.249131,0.125394,0.549498,1.975633,0.815767
20.433333,2.002414,1.966601,2.056731,2.013567,2.001953,1.568593,2.034650,1.856655,0.111347,0.125395,0.072472,0.118579,0.249202,0.125413,0.549497,1.975701,0.815778
20.450000,2.002145,1.966603,2.056741,2.013567,2.001952,1.568604,2.034650,1.853672,0.111350,0.125401,0.072414,0.118630,0.249068,0.125782,0.549500,1.975808,0.815784
20.466667,2.001889,1.966606,2.056757,2.013567,2.001951,1.568618,2.034649,1.850878,0.111356,0.125427,0.072333,0.118772,0.248815,0.126140,0.549504,1.975961,0.815789
20.483333,2.001675,1.966607,2.056778,2.013606,2.001799,1.568631,2.034649,1.848475,0.111334,0.125448,0.072225,0.118899,0.248527,0.126473,0.549508,1.976163,0.815978
20.500000,2.001515,1.966607,2.056806,2.013745,2.001334,1.568644,2.034650,1.846665,0.111245,0.125460,0.072089,0.119006,0.248230,0.126753,0.549509,1.976416,0.816397
20.516667,2.001412,1.966615,2.057042,2.014151,2.000843,1.568655,2.034654,1.845534,0.111054,0.125400,0.071972,0.119072,0.247995,0.126943,0.549539,1.978018,0.826572
20.533333,2.001355,1.966650,2.057455,2.014652,2.000465,1.568665,2.034658,1.844911,0.110734,0.125270,0.071797,0.119102,0.247859,0.127046,0.552259,1.980642,0.846411
20.550000,2.001320,1.966811,2.057220,2.015002,2.000176,1.568674,2.034662,1.844467,0.110596,0.125235,0.070935,0.119127,0.247653,0.127151,0.569992,1.981355,0.860939
20.566667,2.001205,1.964556,2.054982,2.015511,1.999968,1.568681,2.034663,1.844047,0.110568,0.125255,0.069599,0.119136,0.247456,0.127204,0.594633,1.976367,0.880362
20.583333,2.001050,1.959441,2.053231,2.015842,1.999781,1.573335,2.034836,1.844005,0.110643,0.125361,0.067316,0.119127,0.246820,0.127228,0.606902,1.969171,0.895701
20.600000,2.000911,1.959902,2.051552,2.016035,1.999619,1.600594,2.035916,1.845907,0.110884,0.125639,0.064524,0.119359,0.245616,0.126334,0.561109,1.958249,0.904115
20.616667,2.000809,1.959833,2.050006,2.016192,1.999470,1.621767,2.037019,1.847595,0.111019,0.126010,0.062252,0.119908,0.243400,0.125667,0.519929,1.946792,0.910465
20.633333,2.000758,1.960095,2.049531,2.016492,1.999326,1.632317,2.037639,1.850315,0.110424,0.126153,0.060709,0.120978,0.237743,0.125798,0.494942,1.940862,0.920415
20.650000,2.000692,1.961833,2.049833,2.016878,1.999167,1.644596,2.038706,1.853130,0.109608,0.126447,0.059530,0.122328,0.231878,0.126180,0.477713,1.940143,0.921957
20.666667,2.000621,1.963551,2.050289,2.017282,1.998992,1.660010,2.040232,1.855500,0.108627,0.126839,0.059235,0.123795,0.227120,0.126546,0.459944,1.940821,0.916638
20.683333,2.000543,1.965326,2.050825,2.017518,1.998852,1.677138,2.041836,1.857435,0.107589,0.127589,0.059805,0.125466,0.223223,0.126914,0.440677,1.941723,0.911712
20.700000,2.000461,1.966847,2.051422,2.017019,1.998803,1.694805,2.043496,1.859090,0.107312,0.129137,0.060443,0.127019,0.219773,0.127270,0.424272,1.943755,0.919216
20.716667,2.000372,1.967934,2.052070,2.016696,1.998723,1.723020,2.045949,1.860580,0.106940,0.130354,0.061475,0.127643,0.218144,0.127525,0.410596,1.946353,0.930438
20.733333,2.000284,1.968649,2.052606,2.016465,1.998607,1.770669,2.050526,1.861711,0.105768,0.129795,0.063302,0.127802,0.217619,0.128152,0.399632,1.946946,0.937230
20.750000,2.000177,1.968782,2.053021,2.016381,1.998482,1.805370,2.053962,1.863417,0.104889,0.128864,0.064907,0.127627,0.215711,0.129550,0.396167,1.941422,0.947374
20.766667,2.000067,1.970017,2.053225,2.016358,1.998365,1.837208,2.057169,1.865485,0.104496,0.128004,0.066137,0.127060,0.215199,0.130439,0.390956,1.933241,0.958494
20.783333,1.999989,1.969982,2.053347,2.016362,1.998250,1.866788,2.059705,1.866035,0.104157,0.127367,0.067681,0.126578,0.216515,0.129789,0.393832,1.923319,0.968771
20.800000,1.999933,1.969370,2.053053,2.016468,1.998182,1.878234,2.059310,1.861515,0.103019,0.126053,0.070583,0.126172,0.218569,0.129732,0.410586,1.910287,0.980367
20.816667,1.999872,1.969343,2.053221,2.017701,1.998161,1.880884,2.058219,1.856648,0.101781,0.124561,0.073732,0.126072,0.220724,0.130331,0.429700,1.898410,1.011574
20.833333,1.999804,1.970089,2.053488,2.019811,1.998196,1.886096,2.058243,1.852451,0.100367,0.122425,0.076695,0.125900,0.221992,0.131709,0.443055,1.886634,1.054886
20.850000,1.999735,1.970266,2.053633,2.021677,1.998185,1.892834,2.059036,1.848747,0.099290,0.120539,0.080625,0.126050,0.223890,0.132850,0.459903,1.873890,1.069913
20.866667,1.999665,1.971014,2.053838,2.023087,1.998160,1.899164,2.059840,1.845107,0.098247,0.118901,0.086905,0.126538,0.224680,0.134298,0.481182,1.861092,1.060342
20.883333,1.999598,1.971596,2.053894,2.023569,1.998021,1.904746,2.059493,1.841385,0.098469,0.118737,0.093620,0.127648,0.223946,0.135483,0.508696,1.847589,1.047106
20.900000,1.999531,1.972054,2.053868,2.023520,1.997936,1.910276,2.059130,1.838113,0.097966,0.118343,0.101620,0.128771,0.222812,0.136332,0.541759,1.834973,1.034722
20.916667,1.999465,1.972993,2.053600,2.023276,1.997815,1.915763,2.058897,1.834958,0.097923,0.118601,0.111946,0.130063,0.221755,0.137158,0.579177,1.820337,1.023623
20.933333,1.999400,1.974490,2.053297,2.023229,1.997735,1.920252,2.058442,1.832950,0.097185,0.118627,0.125662,0.131521,0.222572,0.137907,0.621490,1.805049,1.017684
20.950000,1.999330,1.976659,2.053249,2.023229,1.997695,1.922989,2.058412,1.831682,0.096746,0.118199,0.141250,0.130837,0.226033,0.138532,0.654465,1.794474,1.014790
20.966667,1.999255,1.980031,2.053392,2.023243,1.997638,1.924771,2.058644,1.831251,0.096007,0.117867,0.151857,0.130260,0.230047,0.139350,0.687474,1.793023,1.014275
20.983333,1.999216,1.983272,2.053450,2.023251,1.997562,1.924231,2.058156,1.832410,0.094894,0.117357,0.161914,0.130089,0.233915,0.140795,0.716487,1.792835,1.014801
21.000000,1.999188,1.985419,2.053530,2.023250,1.997458,1.920764,2.056790,1.834263,0.093760,0.116693,0.172882,0.129613,0.240292,0.141765,0.727825,1.793395,1.015343
21.016667,1.999181,1.986981,2.053937,2.023218,1.997357,1.917165,2.055440,1.836926,0.093311,0.116536,0.183269,0.128610,0.250998,0.140776,0.732582,1.796908,1.016157
21.033333,1.999173,1.988286,2.054083,2.023058,1.997256,1.913406,2.054046,1.838942,0.093489,0.117015,0.189039,0.127983,0.258512,0.139978,0.736317,1.797832,1.016081
21.050000,1.999183,1.989221,2.053994,2.022834,1.997165,1.910437,2.052921,1.840775,0.093789,0.117574,0.192086,0.127902,0.263314,0.139371,0.735820,1.796606,1.015834
21.066667,1.999182,1.990135,2.054065,2.022549,1.997083,1.906917,2.052080,1.842110,0.094234,0.118156,0.187647,0.127993,0.266446,0.138921,0.740269,1.798453,1.015014
21.083333,1.999174,1.991168,2.053986,2.022241,1.997014,1.904000,2.051761,1.843062,0.094773,0.118703,0.182596,0.128138,0.268611,0.138575,0.746571,1.794977,1.014187
21.100000,1.999163,1.992109,2.054228,2.021956,1.996969,1.901797,2.051729,1.843687,0.095281,0.119190,0.172086,0.128279,0.269890,0.138447,0.755071,1.798188,1.013693
21.116667,1.999171,1.992856,2.054477,2.021942,1.996918,1.900092,2.051831,1.844136,0.095721,0.119699,0.165799,0.128542,0.271186,0.138285,0.759906,1.799202,1.015330
21.133333,1.999196,1.993478,2.054661,2.022050,1.996865,1.898705,2.051996,1.844555,0.096241,0.120319,0.161443,0.128765,0.273553,0.138014,0.763906,1.798429,1.018200
21.150000,1.999218,1.994016,2.054575,2.022209,1.996815,1.897569,2.052187,1.844820,0.096717,0.120894,0.157707,0.128936,0.275782,0.137762,0.768147,1.795792,1.021617
21.166667,1.999246,1.994447,2.054541,2.022397,1.996770,1.896643,2.052380,1.844912,0.097134,0.121390,0.154197,0.129113,0.277480,0.137603,0.771916,1.794583,1.025000
21.183333,1.999275,1.994816,2.054492,2.022552,1.996727,1.895906,2.052562,1.844851,0.097448,0.121716,0.151780,0.129271,0.278457,0.137595,0.775551,1.792235,1.027392
21.200000,1.999298,1.995077,2.054462,2.022670,1.996688,1.895336,2.052727,1.844727,0.097673,0.121933,0.149712,0.129392,0.279057,0.137643,0.778067,1.791203,1.029046
21.216667,1.999316,1.995280,2.054438,2.022841,1.996651,1.894931,2.052864,1.844592,0.097864,0.122152,0.148278,0.129508,0.279383,0.137707,0.780220,1.789930,1.031934
21.233333,1.999325,1.995420,2.054395,2.022953,1.996622,1.894686,2.052967,1.844485,0.097993,0.122294,0.147165,0.129585,0.279578,0.137757,0.781936,1.788924,1.033853
21.250000,1.999329,1.995496,2.054344,2.023015,1.996599,1.894573,2.053041,1.844420,0.098066,0.122373,0.146593,0.129631,0.279676,0.137786,0.782852,1.788089,1.034916
21.266667,1.999331,1.995536,2.054307,2.023048,1.996583,1.894516,2.053084,1.844386,0.098106,0.122415,0.146291,0.129655,0.279726,0.137802,0.783338,1.787544,1.035487
21.283333,1.999331,1.995557,2.054286,2.023066,1.996575,1.894486,2.053108,1.844367,0.098127,0.122438,0.146130,0.129669,0.279751,0.137811,0.783592,1.787242,1.035791
21.300000,1.999332,1.995567,2.054274,2.023075,1.996570,1.894470,2.053120,1.844357,0.098138,0.122450,0.146044,0.129676,0.279762,0.137815,0.783720,1.787076,1.035950
21.316667,1.999332,1.995573,2.054267,2.023081,1.996567,1.894462,2.053128,1.844351,0.098144,0.122457,0.145997,0.129680,0.279767,0.137818,0.783782,1.786989,1.036034
21.333333,1.999332,1.995575,2.054265,2.023084,1.996566,1.894457,2.053132,1.844348,0.098148,0.122460,0.145971,0.129682,0.279768,0.137819,0.783810,1.786946,1.036078
21.350000,1.999332,1.995576,2.054264,2.023085,1.996565,1.894454,2.053134,1.844346,0.098149,0.122462,0.145955,0.129683,0.279768,0.137820,0.783820,1.786929,1.036101
21.366667,1.999332,1.995577,2.054264,2.023086,1.996565,1.894452,2.053135,1.844345,0.098150,0.122463,0.145946,0.129683,0.279766,0.137820,0.783820,1.786923,1.036112
21.383333,1.999332,1.995576,2.054265,2.023087,1.996565,1.894451,2.053136,1.844345,0.098150,0.122464,0.145940,0.129684,0.279764,0.137820,0.783816,1.786922,1.036117
21.400000,1.999332,1.995576,2.054265,2.023087,1.996565,1.894450,2.053136,1.844344,0.098150,0.122464,0.145937,0.129684,0.279763,0.137820,0.783810,1.786923,1.036118
21.416667,1.999332,1.995576,2.054266,2.023087,1.996565,1.894450,2.053137,1.844344,0.098150,0.122464,0.145934,0.129684,0.279761,0.137820,0.783803,1.786926,1.036118
21.433333,1.999332,1.995575,2.054266,2.023087,1.996565,1.894450,2.053137,1.844344,0.098150,0.122464,0.145932,0.129684,0.279759,0.137820,0.783796,1.786929,1.036117
21.450000,1.999332,1.995575,2.054267,2.023088,1.996565,1.894449,2.053137,1.844344,0.098150,0.122464,0.145930,0.129684,0.279757,0.137820,0.783790,1.786933,1.036116
21.466667,1.999332,1.995574,2.054267,2.023088,1.996565,1.894449,2.053137,1.844344,0.098150,0.122464,0.145929,0.129684,0.279756,0.137820,0.783784,1.786936,1.036115
21.483333,1.999334,1.995998,2.054507,2.023088,1.996565,1.894449,2.053137,1.844344,0.098149,0.122462,0.145777,0.129685,0.279755,0.137821,0.787286,1.792291,1.036114
21.500000,1.999342,1.996570,2.055302,2.023085,1.996564,1.894449,2.053138,1.844347,0.098143,0.122456,0.145313,0.129689,0.279758,0.137826,0.790121,1.806289,1.036108
21.516667,1.999360,1.996668,2.054295,2.023074,1.996576,1.894448,2.053137,1.844354,0.098034,0.122429,0.144994,0.129696,0.279766,0.137835,0.793207,1.811721,1.039965
21.533333,1.999386,1.996503,2.053031,2.022929,1.996609,1.894443,2.053133,1.844364,0.098008,0.122390,0.144107,0.129546,0.279774,0.137811,0.798305,1.818480,1.047781
21.550000,1.999411,1.996616,2.052023,2.022896,1.996703,1.894435,2.053126,1.844375,0.096990,0.121609,0.142992,0.129693,0.279791,0.137863,0.793621,1.826553,1.056706
21.566667,1.999430,1.996841,2.051053,2.022867,1.996855,1.894425,2.053117,1.844384,0.095009,0.120171,0.141228,0.130225,0.279816,0.138011,0.764530,1.834575,1.064838
21.583333,1.999450,1.996649,2.050067,2.022804,1.997039,1.895555,2.053338,1.844393,0.092924,0.118619,0.139106,0.130901,0.279855,0.138260,0.729493,1.842505,1.072277
21.600000,1.999471,1.996216,2.049089,2.022718,1.997250,1.900546,2.054312,1.844405,0.090894,0.116837,0.136942,0.131764,0.279967,0.138982,0.691759,1.850265,1.079334
21.616667,1.999493,1.995596,2.048956,2.022552,1.997524,1.903797,2.054930,1.844417,0.089189,0.115274,0.135169,0.132684,0.280080,0.139712,0.653456,1.858035,1.085553
21.633333,1.999416,1.994463,2.049217,2.022258,1.997778,1.908866,2.056386,1.844508,0.088244,0.113699,0.133497,0.133339,0.280260,0.140769,0.616474,1.860016,1.089226
21.650000,1.999311,1.993096,2.049610,2.022201,1.997864,1.899096,2.054898,1.844634,0.087353,0.112171,0.132711,0.134068,0.280457,0.141833,0.581318,1.863483,1.071746
21.666667,1.999233,1.991717,2.051248,2.021650,1.997997,1.887486,2.053418,1.845013,0.087454,0.110530,0.133062,0.131923,0.282405,0.142004,0.551845,1.872906,1.041045
21.683333,1.999189,1.990288,2.054041,2.020872,1.998254,1.875930,2.052134,1.845894,0.087972,0.109244,0.134651,0.129512,0.286615,0.141021,0.522880,1.888940,1.004643
21.700000,1.999176,1.988891,2.057325,2.020159,1.998522,1.864691,2.050969,1.847344,0.088877,0.108671,0.137837,0.127010,0.294036,0.138522,0.494539,1.906850,0.969182
21.716667,1.999170,1.987621,2.060957,2.019373,1.998755,1.854113,2.049888,1.848781,0.089704,0.109010,0.139470,0.125167,0.301572,0.135988,0.466720,1.924920,0.936168
21.733333,1.999174,1.986314,2.065097,2.018668,1.998928,1.844654,2.048885,1.850220,0.090416,0.109911,0.139914,0.123835,0.309321,0.133520,0.440542,1.943258,0.912037
21.750000,1.999299,1.984139,2.067998,2.018062,1.999058,1.838629,2.048152,1.847055,0.091010,0.111111,0.139816,0.122881,0.317840,0.131275,0.421022,1.954358,0.894408
21.766667,1.999549,1.981442,2.067904,2.017508,1.999184,1.845694,2.048566,1.846376,0.091530,0.112065,0.140462,0.122035,0.322905,0.129547,0.404245,1.955125,0.880670
21.783333,2.000010,1.978747,2.067760,2.016984,1.999312,1.855667,2.049231,1.854158,0.091856,0.113425,0.141086,0.122477,0.318059,0.128238,0.399369,1.954673,0.869834
21.800000,2.000475,1.975968,2.067027,2.016524,1.999384,1.857528,2.049024,1.861933,0.091799,0.115782,0.142412,0.123851,0.310314,0.127213,0.418279,1.950427,0.862116
21.816667,2.000939,1.973386,2.065666,2.016107,1.999442,1.852972,2.048071,1.869806,0.092009,0.117964,0.144094,0.125078,0.302195,0.126302,0.437607,1.942558,0.856195
21.833333,2.001381,1.970619,2.064186,2.015797,1.999498,1.838662,2.046137,1.876747,0.092318,0.120180,0.146876,0.126659,0.293394,0.125699,0.455604,1.933982,0.855348
21.850000,2.001902,1.970348,2.064254,2.015807,1.999626,1.826285,2.044864,1.880046,0.092834,0.121127,0.150656,0.127391,0.284263,0.125688,0.473095,1.936420,0.848462
21.866667,2.002461,1.968090,2.065228,2.015697,1.999806,1.820974,2.044451,1.880623,0.093425,0.121792,0.153119,0.128160,0.275350,0.125920,0.487955,1.945149,0.835117
21.883333,2.002953,1.964730,2.065952,2.015670,1.999976,1.813061,2.043727,1.879835,0.093987,0.122358,0.153724,0.129006,0.266905,0.126350,0.500745,1.953433,0.825543
21.900000,2.003330,1.962560,2.064895,2.015512,2.000119,1.801087,2.042831,1.877836,0.094600,0.122891,0.153966,0.129959,0.258879,0.126881,0.504247,1.953180,0.814003
21.916667,2.003594,1.960932,2.062829,2.015292,2.000253,1.789310,2.042074,1.874737,0.095241,0.123193,0.153944,0.130903,0.251071,0.127693,0.502624,1.948690,0.801881
21.933333,2.003742,1.959604,2.060280,2.015047,2.000378,1.779757,2.041505,1.870644,0.095870,0.123199,0.153702,0.131819,0.243383,0.128908,0.498117,1.942122,0.790390
21.950000,2.003771,1.958468,2.057592,2.014785,2.000494,1.771995,2.040955,1.865709,0.096478,0.122948,0.153304,0.132770,0.235775,0.130596,0.492244,1.934740,0.779948
21.966667,2.003762,1.957387,2.055794,2.014292,2.000540,1.762847,2.040364,1.860417,0.097188,0.122595,0.152989,0.133866,0.228204,0.132795,0.485588,1.931148,0.763949
21.983333,2.003619,1.956261,2.054699,2.013488,2.000565,1.757262,2.039986,1.854632,0.097792,0.122477,0.152907,0.135409,0.220593,0.135309,0.478400,1.930725,0.740607
22.000000,2.003407,1.955134,2.053776,2.012503,2.000611,1.752461,2.039752,1.852705,0.098226,0.122598,0.152759,0.137271,0.212617,0.137108,0.471189,1.930799,0.717435
22.016667,2.003262,1.953998,2.052969,2.011428,2.000689,1.748349,2.039675,1.851311,0.098499,0.122730,0.152603,0.138677,0.206938,0.138331,0.464109,1.931257,0.693127
22.033333,2.003192,1.952991,2.053336,2.010471,2.000792,1.744653,2.039694,1.850344,0.098610,0.122841,0.152022,0.139795,0.202476,0.139267,0.457750,1.932308,0.675360
22.050000,2.003243,1.952055,2.053758,2.009659,2.000900,1.741262,2.039761,1.850536,0.098571,0.122954,0.151126,0.140805,0.198692,0.139876,0.451887,1.933649,0.663150
22.066667,2.003271,1.951053,2.054209,2.008825,2.001030,1.738145,2.039852,1.852930,0.098511,0.123098,0.150192,0.141821,0.194716,0.140292,0.446099,1.935745,0.652678
22.083333,2.003284,1.950022,2.054680,2.008579,2.001145,1.735236,2.039958,1.853580,0.098449,0.123887,0.149277,0.142752,0.193385,0.140426,0.440498,1.938335,0.645501
22.100000,2.003285,1.949004,2.055147,2.008280,2.001301,1.732528,2.040067,1.854575,0.098543,0.125300,0.148371,0.143581,0.193228,0.140373,0.435226,1.940969,0.640564
22.116667,2.003297,1.945812,2.056068,2.007712,2.001505,1.730053,2.040173,1.855391,0.098799,0.126704,0.147344,0.144324,0.194167,0.140185,0.436301,1.945543,0.639575
22.133333,2.003309,1.941346,2.056881,2.007195,2.001721,1.727847,2.040270,1.856241,0.099254,0.128065,0.146269,0.144810,0.195602,0.140028,0.440138,1.950906,0.643282
22.150000,2.003322,1.937490,2.057525,2.006590,2.001982,1.725882,2.040363,1.857296,0.099844,0.129316,0.145428,0.145178,0.196887,0.139915,0.443104,1.955338,0.649124
22.166667,2.003329,1.934021,2.058062,2.005890,2.002278,1.724185,2.040449,1.858284,0.100457,0.130396,0.144672,0.145491,0.197914,0.139841,0.444810,1.959343,0.656821
22.183333,2.003332,1.929781,2.058560,2.005167,2.002577,1.722764,2.040526,1.859160,0.101075,0.131289,0.143725,0.145748,0.198734,0.139794,0.448548,1.963298,0.664843
22.200000,2.003331,1.926221,2.058960,2.004736,2.002790,1.721623,2.040595,1.859871,0.101513,0.131932,0.143015,0.145921,0.199377,0.139759,0.451786,1.966430,0.671738
22.216667,2.003332,1.923315,2.059284,2.004314,2.002990,1.720768,2.040655,1.860335,0.101815,0.132369,0.142358,0.146027,0.199895,0.139725,0.454395,1.969012,0.674102
22.233333,2.003332,1.921324,2.059523,2.004033,2.003132,1.720205,2.040705,1.860607,0.102017,0.132664,0.141895,0.146096,0.200254,0.139703,0.456209,1.970766,0.675019
22.250000,2.003333,1.920155,2.059685,2.003864,2.003219,1.719903,2.040744,1.860763,0.102135,0.132841,0.141532,0.146138,0.200458,0.139690,0.457257,1.971878,0.675272
22.266667,2.003333,1.919522,2.059785,2.003775,2.003267,1.719746,2.040768,1.860846,0.102201,0.132939,0.141234,0.146160,0.200569,0.139682,0.457824,1.972563,0.675433
22.283333,2.003333,1.919183,2.059847,2.003730,2.003292,1.719665,2.040781,1.860890,0.102237,0.132994,0.140999,0.146172,0.200630,0.139678,0.458133,1.972996,0.675542
22.300000,2.003333,1.919001,2.059886,2.003706,2.003306,1.719623,2.040788,1.860913,0.102257,0.133024,0.140809,0.146179,0.200664,0.139676,0.458301,1.973284,0.675607
22.316667,2.003334,1.918906,2.059912,2.003694,2.003312,1.719603,2.040792,1.860925,0.102268,0.133039,0.140656,0.146181,0.200682,0.139675,0.458392,1.973483,0.675631
22.333333,2.003334,1.918856,2.059929,2.003687,2.003316,1.719595,2.040795,1.860931,0.102273,0.133045,0.140529,0.146182,0.200693,0.139674,0.458440,1.973627,0.675640
22.350000,2.003334,1.918830,2.059940,2.003683,2.003317,1.719592,2.040796,1.860933,0.102276,0.133049,0.140421,0.146183,0.200699,0.139674,0.458465,1.973737,0.675648
22.366667,2.003334,1.918818,2.059947,2.003682,2.003318,1.719592,2.040797,1.860934,0.102278,0.133050,0.140326,0.146183,0.200703,0.139673,0.458478,1.973826,0.675654
22.383333,2.003219,1.918813,2.059952,2.003682,2.003318,1.719595,2.040798,1.859612,0.102279,0.133051,0.140228,0.146185,0.200863,0.139727,0.458483,1.973910,0.675658
22.400000,2.002946,1.918812,2.059959,2.003682,2.003318,1.719598,2.040799,1.856468,0.102280,0.133052,0.140110,0.146190,0.201251,0.139858,0.458488,1.974010,0.675663
22.416667,2.002713,1.918812,2.059967,2.003682,2.003318,1.719602,2.040800,1.853673,0.102282,0.133053,0.139964,0.146194,0.201592,0.139973,0.458491,1.974132,0.675667
22.433333,2.002509,1.918813,2.059978,2.003647,2.003266,1.719606,2.040801,1.851149,0.102276,0.133053,0.139784,0.146199,0.201897,0.140076,0.458492,1.974283,0.675745
22.450000,2.002344,1.918813,2.059991,2.003479,2.002937,1.719611,2.040803,1.849067,0.102175,0.133035,0.139567,0.146205,0.202147,0.140162,0.458492,1.974466,0.677581
22.466667,2.002222,1.918812,2.060008,2.003263,2.002456,1.719618,2.040807,1.847502,0.102011,0.133004,0.139307,0.146210,0.202336,0.140227,0.458490,1.974686,0.680583
22.483333,2.002140,1.918810,2.060030,2.003012,2.002038,1.719624,2.040810,1.846456,0.101834,0.132965,0.139002,0.146215,0.202461,0.140272,0.458487,1.974947,0.684462
22.500000,2.002093,1.918808,2.060059,2.002781,2.001686,1.719629,2.040813,1.845857,0.101672,0.132931,0.138652,0.146219,0.202534,0.140298,0.458484,1.975251,0.687668
22.516667,2.002068,1.918816,2.060125,2.002768,2.001374,1.719633,2.040815,1.845534,0.101457,0.132870,0.139343,0.146217,0.202573,0.140310,0.458489,1.975599,0.696734
22.533333,2.002037,1.918836,2.060196,2.003020,2.001052,1.719643,2.040818,1.845189,0.100935,0.132587,0.140583,0.146329,0.202615,0.140343,0.458496,1.976774,0.715060
22.550000,2.002020,1.918859,2.060274,2.003280,2.000699,1.719661,2.040824,1.845004,0.100146,0.132203,0.141931,0.146602,0.202644,0.140398,0.458503,1.978233,0.735243
22.566667,2.001897,1.919139,2.060350,2.003534,2.000427,1.719675,2.040827,1.844758,0.099572,0.131937,0.142669,0.146772,0.202636,0.140425,0.447273,1.979943,0.754763
22.583333,2.001719,1.925146,2.059525,2.003885,2.000233,1.723873,2.041145,1.844399,0.099224,0.131795,0.142142,0.147173,0.202319,0.140392,0.428534,1.978393,0.769739
22.600000,2.001537,1.931114,2.058563,2.004290,2.000109,1.728536,2.041404,1.843989,0.099009,0.131783,0.143182,0.147824,0.201681,0.140322,0.405774,1.972825,0.774915
22.616667,2.001407,1.930757,2.057402,2.004882,2.000036,1.735399,2.041774,1.843928,0.099170,0.133107,0.144939,0.147801,0.201754,0.138566,0.394807,1.965218,0.779199
22.633333,2.001343,1.926829,2.056205,2.005566,1.999970,1.746231,2.042560,1.843755,0.099576,0.134830,0.148113,0.147455,0.199169,0.136904,0.397969,1.956455,0.783267
22.650000,2.001329,1.921046,2.055165,2.006526,1.999908,1.761050,2.044055,1.843694,0.100247,0.136619,0.150626,0.146694,0.197323,0.135409,0.404158,1.948412,0.790784
22.666667,2.001327,1.914133,2.055319,2.007299,1.999834,1.780332,2.046210,1.843777,0.101226,0.138199,0.151893,0.145332,0.197036,0.134038,0.412925,1.947173,0.798071
22.683333,2.001333,1.907382,2.055862,2.007841,1.999740,1.805938,2.049265,1.845049,0.102439,0.138707,0.154973,0.143365,0.198269,0.132912,0.421289,1.947933,0.804877
22.700000,2.001338,1.902274,2.056807,2.008823,1.999656,1.833195,2.052801,1.846980,0.102729,0.138701,0.165648,0.142068,0.200198,0.132037,0.428341,1.950131,0.821590
22.716667,2.001317,1.898151,2.057933,2.009304,1.999609,1.856804,2.056215,1.848997,0.102524,0.137976,0.176884,0.140761,0.201935,0.131559,0.442108,1.953771,0.839112
22.733333,2.001280,1.894263,2.059236,2.009294,1.999600,1.875686,2.058507,1.851461,0.102088,0.136772,0.187123,0.139507,0.202647,0.131657,0.461566,1.959020,0.857158
22.750000,2.001239,1.890531,2.060760,2.009682,1.999553,1.888763,2.059304,1.853426,0.102417,0.136192,0.198737,0.137986,0.205580,0.130312,0.484265,1.965456,0.860207
22.766667,2.001199,1.886845,2.061534,2.010115,1.999495,1.896567,2.059303,1.855424,0.102860,0.135665,0.210738,0.136555,0.209212,0.129044,0.507552,1.961410,0.857836
22.783333,2.001176,1.883316,2.061278,2.010228,1.999431,1.906388,2.059760,1.851809,0.103739,0.135617,0.208673,0.135158,0.213043,0.127684,0.529733,1.953520,0.857277
22.800000,2.001148,1.879902,2.060767,2.010325,1.999372,1.914092,2.059558,1.847424,0.104694,0.135807,0.199438,0.133868,0.216626,0.126432,0.550676,1.943954,0.862251
22.816667,2.001101,1.880288,2.060064,2.009874,1.999272,1.914968,2.058358,1.842718,0.105745,0.136276,0.190300,0.133156,0.219035,0.125799,0.550560,1.932526,0.853502
22.833333,2.001056,1.879507,2.059308,2.008303,1.999165,1.911578,2.056619,1.838548,0.107013,0.136921,0.182296,0.132807,0.220556,0.125518,0.554978,1.920529,0.826166
22.850000,2.001013,1.878332,2.058349,2.006904,1.999057,1.912497,2.056099,1.834577,0.108154,0.137643,0.173852,0.132721,0.220471,0.125508,0.555794,1.906889,0.806161
22.866667,2.000966,1.880933,2.057116,2.005551,1.998960,1.915789,2.056437,1.830578,0.109286,0.138449,0.164151,0.132771,0.220785,0.125118,0.543368,1.891394,0.791197
22.883333,2.000909,1.885643,2.055578,2.004608,1.998871,1.919877,2.057202,1.826740,0.110186,0.139176,0.155096,0.132873,0.220771,0.124840,0.525294,1.873591,0.785215
22.900000,2.000849,1.890322,2.053819,2.003999,1.998786,1.924434,2.058229,1.823287,0.110895,0.139826,0.147615,0.132998,0.220539,0.124618,0.506880,1.853539,0.786399
22.916667,2.000792,1.895116,2.052016,2.004166,1.998720,1.928264,2.059267,1.820382,0.111128,0.140093,0.141032,0.133226,0.220481,0.124615,0.488505,1.832605,0.800183
22.933333,2.000733,1.899763,2.050882,2.003948,1.998700,1.930651,2.060129,1.818202,0.110469,0.138806,0.134310,0.133564,0.221247,0.125067,0.472379,1.819353,0.804556
22.950000,2.000680,1.904211,2.050070,2.003596,1.998678,1.929566,2.059754,1.816790,0.110196,0.137557,0.127995,0.133533,0.222345,0.125178,0.458036,1.809173,0.808462
22.966667,2.000632,1.908463,2.049336,2.003330,1.998692,1.925542,2.058415,1.815791,0.109980,0.137016,0.122183,0.133838,0.223229,0.125223,0.444442,1.799920,0.817621
22.983333,2.000591,1.912590,2.048667,2.003253,1.998707,1.921131,2.056992,1.815771,0.110057,0.136544,0.116868,0.133729,0.223555,0.125523,0.431491,1.791566,0.829573
23.000000,2.000554,1.916595,2.048063,2.003388,1.998737,1.916866,2.055633,1.816236,0.110363,0.135705,0.112021,0.133027,0.223617,0.126155,0.419189,1.784153,0.845596
23.016667,2.000522,1.920597,2.047523,2.003852,1.998753,1.912808,2.054358,1.816793,0.110789,0.134874,0.107658,0.132141,0.223621,0.126852,0.407559,1.777681,0.858060
23.033333,2.000492,1.924310,2.047076,2.003658,1.998758,1.908904,2.053135,1.817341,0.111590,0.134220,0.103912,0.131216,0.223628,0.127546,0.398559,1.772443,0.850511
23.050000,2.000466,1.928078,2.046660,2.004129,1.998760,1.905414,2.052044,1.817824,0.112209,0.133606,0.100917,0.130412,0.223652,0.128214,0.392184,1.767843,0.847930
23.066667,2.000443,1.932017,2.046358,2.004720,1.998774,1.902271,2.051067,1.818209,0.112624,0.133347,0.098263,0.130056,0.223667,0.128725,0.389208,1.764926,0.850948
23.083333,2.000426,1.935955,2.046202,2.005358,1.998787,1.898520,2.050493,1.818473,0.112928,0.133308,0.095256,0.129958,0.223741,0.129145,0.385529,1.764142,0.855457
23.100000,2.000437,1.939208,2.045955,2.006111,1.998782,1.895831,2.050300,1.818619,0.113120,0.133354,0.092661,0.129994,0.223978,0.129567,0.379441,1.762078,0.857269
23.116667,2.000460,1.941678,2.045696,2.006908,1.998795,1.893797,2.050312,1.818603,0.113245,0.133474,0.090420,0.130114,0.224334,0.129960,0.373912,1.759829,0.860255
23.133333,2.000508,1.943232,2.045444,2.007601,1.998811,1.892232,2.050417,1.818408,0.113343,0.133627,0.088574,0.130294,0.224593,0.130270,0.371309,1.757555,0.864406
23.150000,2.000563,1.944246,2.045219,2.008195,1.998825,1.891002,2.050549,1.818114,0.113419,0.133767,0.087054,0.130474,0.224782,0.130506,0.370354,1.755477,0.867884
23.166667,2.000613,1.944977,2.045088,2.008688,1.998838,1.889995,2.050715,1.817794,0.113489,0.133900,0.085607,0.130636,0.224852,0.130668,0.370300,1.754516,0.870934
23.183333,2.000653,1.945648,2.044972,2.009088,1.998847,1.889190,2.050869,1.817480,0.113557,0.134022,0.084250,0.130772,0.224876,0.130780,0.370475,1.753694,0.873594
23.200000,2.000680,1.946229,2.044866,2.009401,1.998854,1.888570,2.051008,1.817242,0.113617,0.134126,0.083171,0.130867,0.224797,0.130829,0.370606,1.752882,0.875877
23.216667,2.000694,1.946723,2.044780,2.009633,1.998858,1.888124,2.051126,1.817081,0.113666,0.134205,0.082341,0.130922,0.224742,0.130853,0.370564,1.752198,0.877759
23.233333,2.000701,1.947033,2.044713,2.009782,1.998857,1.887853,2.051220,1.816980,0.113702,0.134261,0.081796,0.130956,0.224712,0.130867,0.370609,1.751605,0.879091
23.250000,2.000702,1.947211,2.044668,2.009864,1.998852,1.887721,2.051286,1.816926,0.113725,0.134295,0.081475,0.130975,0.224697,0.130874,0.370638,1.751183,0.879858
23.266667,2.000703,1.947312,2.044646,2.009908,1.998847,1.887654,2.051325,1.816897,0.113738,0.134313,0.081298,0.130986,0.224689,0.130878,0.370629,1.750976,0.880270
23.283333,2.000703,1.947369,2.044635,2.009932,1.998844,1.887619,2.051346,1.816882,0.113745,0.134323,0.081202,0.130991,0.224684,0.130880,0.370603,1.750876,0.880489
23.300000,2.000703,1.947401,2.044630,2.009944,1.998843,1.887601,2.051358,1.816874,0.113748,0.134328,0.081152,0.130995,0.224681,0.130881,0.370575,1.750826,0.880604
23.316667,2.000703,1.947420,2.044627,2.009951,1.998842,1.887592,2.051364,1.816870,0.113750,0.134331,0.081127,0.130996,0.224679,0.130881,0.370551,1.750803,0.880663
23.333333,2.000703,1.947430,2.044627,2.009954,1.998842,1.887588,2.051368,1.816869,0.113750,0.134333,0.081114,0.130997,0.224678,0.130881,0.370535,1.750794,0.880693
23.350000,2.000703,1.947434,2.044627,2.009956,1.998841,1.887586,2.051370,1.816868,0.113751,0.134334,0.081108,0.130998,0.224677,0.130881,0.370529,1.750791,0.880707
23.366667,2.000703,1.947435,2.044627,2.009957,1.998841,1.887585,2.051371,1.816868,0.113751,0.134334,0.081106,0.130998,0.224677,0.130881,0.370532,1.750793,0.880713
23.383333,2.000703,1.947435,2.044628,2.009957,1.998841,1.887585,2.051372,1.816868,0.113751,0.134334,0.081105,0.130999,0.224676,0.130881,0.370535,1.750796,0.880714
23.400000,2.000703,1.947434,2.044628,2.009957,1.998841,1.887586,2.051373,1.816868,0.113750,0.134335,0.081106,0.130999,0.224676,0.130881,0.370538,1.750800,0.880713
23.416667,2.000703,1.947433,2.044629,2.009957,1.998841,1.887586,2.051373,1.816868,0.113750,0.134335,0.081106,0.130999,0.224676,0.130881,0.370541,1.750803,0.880711
23.433333,2.000703,1.947432,2.044629,2.009957,1.998841,1.887586,2.051373,1.816869,0.113750,0.134335,0.081107,0.130999,0.224676,0.130880,0.370543,1.750807,0.880708
23.450000,2.000703,1.947431,2.044630,2.009957,1.998841,1.887587,2.051374,1.816869,0.113750,0.134335,0.081109,0.130999,0.224675,0.130880,0.370544,1.750811,0.880706
23.466667,2.000703,1.947430,2.044630,2.009957,1.998841,1.887587,2.051374,1.816869,0.113750,0.134335,0.081110,0.130999,0.224675,0.130880,0.370546,1.750814,0.880704
23.483333,2.000703,1.947429,2.044631,2.009956,1.998841,1.887588,2.051374,1.816870,0.113749,0.134335,0.081111,0.130999,0.224675,0.130880,0.370548,1.750817,0.880701
23.500000,2.000703,1.947430,2.044634,2.009630,1.998884,1.887587,2.051373,1.816870,0.113761,0.134335,0.081118,0.130999,0.224675,0.130880,0.370550,1.750823,0.880892
23.516667,2.000702,1.947431,2.044638,2.009020,1.998957,1.887584,2.051370,1.816870,0.113786,0.134335,0.081133,0.130999,0.224675,0.130880,0.370554,1.750832,0.881256
23.533333,2.000702,1.947434,2.044654,2.008266,1.999016,1.887580,2.051366,1.816870,0.114180,0.134443,0.081322,0.130896,0.224673,0.130863,0.370566,1.750879,0.851809
23.550000,2.000702,1.947441,2.044782,2.007189,1.999096,1.887590,2.051358,1.816873,0.114852,0.134148,0.082785,0.130303,0.224705,0.130956,0.370604,1.751307,0.810454
23.566667,2.000711,1.947365,2.045137,2.006039,1.999189,1.887620,2.051351,1.816880,0.115471,0.133705,0.085022,0.129727,0.224768,0.131179,0.367370,1.757582,0.763994
23.583333,2.000727,1.948647,2.044826,2.005297,1.999322,1.887647,2.051346,1.816889,0.114495,0.132391,0.087115,0.130089,0.224841,0.131517,0.353474,1.761285,0.724792
23.600000,2.000734,1.950141,2.044642,2.004740,1.999471,1.887667,2.051338,1.816913,0.113239,0.130804,0.089217,0.130605,0.224909,0.131834,0.335885,1.766839,0.690404
23.616667,2.000671,1.951647,2.045851,2.004251,1.999641,1.888264,2.051758,1.817012,0.112020,0.129228,0.091411,0.131249,0.224983,0.132132,0.316624,1.780715,0.658289
23.633333,2.000612,1.953071,2.047603,2.003780,1.999821,1.888997,2.052288,1.817113,0.111472,0.126951,0.094024,0.130999,0.225141,0.132753,0.298283,1.798225,0.628405
23.650000,2.000560,1.951015,2.049952,2.003353,2.000010,1.889708,2.052830,1.817211,0.111076,0.124444,0.095961,0.130705,0.225349,0.133640,0.283140,1.821248,0.600861
23.666667,2.000513,1.948282,2.052108,2.002979,2.000216,1.878253,2.051509,1.817312,0.110675,0.122330,0.098347,0.130869,0.225542,0.134489,0.271657,1.832471,0.575592
23.683333,2.000466,1.945953,2.054465,2.002638,2.000443,1.862144,2.049767,1.817416,0.110415,0.120543,0.101567,0.131247,0.225709,0.135243,0.263780,1.844154,0.552409
23.700000,2.000366,1.944510,2.056510,2.002334,2.000666,1.846083,2.048261,1.817835,0.110867,0.119476,0.105937,0.130074,0.227595,0.135294,0.263670,1.854032,0.531951
23.716667,2.000293,1.943313,2.058397,2.002006,2.000922,1.832006,2.047107,1.818847,0.111979,0.118456,0.111179,0.128144,0.231772,0.133898,0.266476,1.863167,0.507377
23.733333,2.000208,1.941542,2.060657,2.001628,2.001222,1.819815,2.046175,1.821259,0.113422,0.117633,0.116612,0.126111,0.237420,0.131870,0.272917,1.874668,0.477703
23.750000,2.000170,1.939122,2.063202,2.001260,2.001508,1.809877,2.045421,1.823154,0.114808,0.117055,0.121138,0.124637,0.241984,0.130064,0.284616,1.888069,0.449607
23.766667,2.000202,1.936771,2.063681,2.000773,2.001705,1.805729,2.045233,1.821633,0.115964,0.117504,0.123624,0.123707,0.246801,0.128593,0.288629,1.889370,0.430253
23.783333,2.000296,1.933878,2.063594,2.000457,2.001908,1.808033,2.045390,1.817000,0.116895,0.118237,0.126073,0.123085,0.252537,0.126968,0.293277,1.891575,0.424233
23.800000,2.000403,1.931982,2.063678,2.001193,2.002077,1.807813,2.045227,1.812795,0.115590,0.120571,0.128766,0.124309,0.257596,0.125814,0.317552,1.898808,0.427870
23.816667,2.000639,1.929359,2.063714,2.001805,2.002210,1.802675,2.044677,1.817519,0.114159,0.122496,0.132327,0.125711,0.258038,0.125224,0.341966,1.904312,0.432819
23.833333,2.001033,1.926612,2.063998,2.002755,2.002313,1.794472,2.043860,1.825545,0.112612,0.122730,0.137403,0.126339,0.255364,0.125467,0.358309,1.907683,0.445686
23.850000,2.001477,1.923344,2.064191,2.003526,2.002354,1.783355,2.042838,1.832911,0.110694,0.123098,0.140902,0.127384,0.251649,0.126038,0.367859,1.910777,0.462508
23.866667,2.001887,1.920731,2.063780,2.004001,2.002366,1.769699,2.041628,1.838905,0.108960,0.123591,0.145586,0.128678,0.247028,0.126773,0.372677,1.909612,0.476992
23.883333,2.002284,1.918396,2.062817,2.004187,2.002435,1.754793,2.040575,1.839776,0.107651,0.124204,0.150472,0.130196,0.240971,0.127730,0.376004,1.905460,0.488192
23.900000,2.002600,1.916434,2.061014,2.003533,2.002530,1.740006,2.039654,1.837319,0.106234,0.125147,0.155121,0.132176,0.234155,0.128738,0.375052,1.896662,0.497449
23.916667,2.002804,1.914432,2.058665,2.001510,2.002665,1.725324,2.038853,1.832972,0.104664,0.126202,0.159118,0.134586,0.226923,0.129744,0.371514,1.885104,0.507785
23.933333,2.002875,1.912718,2.056616,1.998696,2.002800,1.714896,2.038332,1.827579,0.103618,0.126782,0.162083,0.136293,0.219655,0.131195,0.367375,1.871961,0.520704
23.950000,2.002804,1.909510,2.054988,1.995349,2.002904,1.703044,2.037609,1.822442,0.102957,0.127589,0.156635,0.138025,0.213622,0.132048,0.361995,1.862342,0.525665
23.966667,2.002697,1.904712,2.054445,1.992719,2.002936,1.692661,2.036990,1.819452,0.103081,0.128839,0.149334,0.139911,0.208814,0.131889,0.357176,1.857023,0.514635
23.983333,2.002658,1.899903,2.053914,1.989811,2.002900,1.685750,2.036651,1.818327,0.103239,0.130229,0.142995,0.141669,0.205266,0.131543,0.352419,1.849896,0.498037
24.000000,2.002683,1.895188,2.053231,1.987575,2.002792,1.680079,2.036511,1.817626,0.103693,0.131891,0.137960,0.142990,0.203330,0.131405,0.347588,1.840608,0.478900
24.016667,2.002732,1.890361,2.052474,1.987160,2.002671,1.675114,2.036470,1.817491,0.104730,0.134063,0.133898,0.144041,0.202277,0.131378,0.342903,1.830221,0.471390
24.033333,2.002746,1.885472,2.051586,1.987661,2.002616,1.670593,2.036490,1.817620,0.105925,0.136380,0.130823,0.145050,0.201797,0.131440,0.338422,1.818431,0.470827
24.050000,2.002779,1.881935,2.050501,1.988503,2.002647,1.666440,2.036536,1.818279,0.106965,0.138226,0.128916,0.145793,0.201442,0.131546,0.334164,1.804130,0.472373
24.066667,2.002810,1.879130,2.049568,1.990062,2.002633,1.662619,2.036598,1.819461,0.107618,0.140003,0.127839,0.146766,0.201157,0.131709,0.333685,1.790584,0.476639
24.083333,2.002850,1.867385,2.049565,1.992117,2.002580,1.659074,2.036672,1.820871,0.107619,0.141909,0.126481,0.148448,0.200906,0.131991,0.341393,1.783081,0.484930
24.100000,2.002896,1.857563,2.050667,1.993889,2.002555,1.655860,2.036737,1.822369,0.107931,0.143644,0.123688,0.149690,0.200656,0.132216,0.350557,1.782377,0.490554
24.116667,2.002932,1.853564,2.051920,1.994856,2.002548,1.652874,2.036813,1.824157,0.108340,0.144385,0.118600,0.150036,0.200620,0.132511,0.356884,1.791049,0.495700
24.133333,2.002939,1.851043,2.052873,1.995458,2.002552,1.650159,2.036886,1.826421,0.108789,0.143392,0.113504,0.149298,0.200954,0.133361,0.363113,1.800479,0.499513
24.150000,2.002942,1.849293,2.053747,1.996050,2.002558,1.647729,2.036958,1.828463,0.108473,0.142552,0.107730,0.149281,0.201876,0.134019,0.374396,1.809703,0.504589
24.166667,2.002949,1.847153,2.054567,1.996876,2.002571,1.645587,2.037023,1.829920,0.107785,0.142292,0.101839,0.149946,0.203591,0.134451,0.387953,1.819700,0.511856
24.183333,2.002987,1.846145,2.055318,1.997568,2.002622,1.643804,2.037082,1.828796,0.107826,0.142774,0.096256,0.150545,0.204820,0.134896,0.401772,1.828889,0.519640
24.200000,2.003007,1.844946,2.055864,1.998097,2.002658,1.642370,2.037134,1.827829,0.108003,0.143247,0.093093,0.150911,0.205614,0.135174,0.410920,1.835164,0.525473
24.216667,2.003019,1.842800,2.056258,1.998181,2.002792,1.641297,2.037181,1.827029,0.108252,0.143665,0.091498,0.151133,0.206051,0.135348,0.416832,1.839583,0.527086
24.233333,2.003023,1.841101,2.056531,1.998000,2.003025,1.640555,2.037219,1.826688,0.108636,0.144182,0.090687,0.151288,0.206477,0.135452,0.420357,1.842355,0.527536
24.250000,2.003023,1.839960,2.056711,1.997922,2.003179,1.640137,2.037249,1.826604,0.108811,0.144641,0.090269,0.151481,0.206814,0.135437,0.422477,1.843982,0.528218
24.266667,2.003023,1.839347,2.056819,1.997882,2.003264,1.639919,2.037267,1.826562,0.108905,0.144889,0.090050,0.151582,0.207002,0.135424,0.423620,1.844868,0.528631
24.283333,2.003023,1.839019,2.056879,1.997861,2.003310,1.639806,2.037277,1.826545,0.108958,0.145041,0.089933,0.151626,0.207122,0.135401,0.424235,1.845344,0.528853
24.300000,2.003022,1.838846,2.056911,1.997849,2.003334,1.639749,2.037282,1.826539,0.108986,0.145122,0.089872,0.151650,0.207187,0.135388,0.424562,1.845600,0.528974
24.316667,2.003022,1.838756,2.056929,1.997842,2.003348,1.639721,2.037285,1.826536,0.109001,0.145166,0.089840,0.151662,0.207222,0.135381,0.424733,1.845736,0.529038
24.333333,2.003022,1.838743,2.056936,1.997840,2.003356,1.639709,2.037287,1.826533,0.109020,0.145197,0.089571,0.151666,0.207238,0.135372,0.427693,1.845790,0.529079
24.350000,2.003023,1.838766,2.056939,1.997840,2.003361,1.639705,2.037288,1.826530,0.109040,0.145221,0.089238,0.151666,0.207244,0.135364,0.431490,1.845803,0.529105
24.366667,2.003025,1.838811,2.056938,1.997324,2.003166,1.639706,2.037288,1.826528,0.109054,0.145242,0.088854,0.151664,0.207245,0.135356,0.436026,1.845793,0.527442
24.383333,2.003026,1.839813,2.056935,1.996580,2.002893,1.639709,2.037290,1.826525,0.109056,0.145262,0.088399,0.151663,0.207245,0.135351,0.439489,1.845764,0.524353
24.400000,2.003028,1.841381,2.056930,1.995853,2.002635,1.639714,2.037290,1.826523,0.109060,0.145284,0.087879,0.151662,0.207243,0.135345,0.442581,1.845721,0.521215
24.416667,2.003031,1.843055,2.056924,1.995181,2.002385,1.639718,2.037291,1.826521,0.109090,0.145323,0.087319,0.151662,0.207240,0.135339,0.446035,1.845670,0.517440
24.433333,2.002881,1.844835,2.056916,1.994585,2.002163,1.639724,2.037292,1.824332,0.109093,0.145359,0.086722,0.151691,0.207508,0.135416,0.449787,1.845614,0.513765
24.450000,2.002584,1.847044,2.056978,1.994097,2.001983,1.639730,2.037293,1.820079,0.109103,0.145405,0.085590,0.151730,0.208038,0.135570,0.454705,1.846749,0.510500
24.466667,2.002389,1.851953,2.056715,1.993748,2.001856,1.639736,2.037294,1.816855,0.109186,0.145486,0.083357,0.151759,0.208428,0.135677,0.464732,1.846894,0.507970
24.483333,2.002261,1.861257,2.056309,1.993550,2.001783,1.639740,2.037294,1.814351,0.109328,0.145591,0.080953,0.151776,0.208724,0.135753,0.476436,1.845718,0.506422
24.500000,2.002122,1.871770,2.055812,1.993452,2.001746,1.639743,2.037293,1.812781,0.109527,0.145729,0.078226,0.151789,0.208880,0.135784,0.482550,1.844254,0.505668
24.516667,2.002012,1.883031,2.055127,1.993353,2.001706,1.639745,2.037292,1.811883,0.109794,0.145898,0.075618,0.151799,0.208950,0.135791,0.484852,1.842240,0.504641
24.533333,2.001909,1.890986,2.054121,1.993445,2.001693,1.639746,2.037290,1.811291,0.110068,0.146065,0.073359,0.151802,0.208966,0.135783,0.486577,1.839256,0.506418
24.550000,2.001790,1.898394,2.052471,1.993929,2.001748,1.639746,2.037287,1.810965,0.110184,0.146139,0.071745,0.151790,0.208951,0.135755,0.491601,1.834267,0.520362
24.566667,2.001649,1.904570,2.050921,1.994529,2.001813,1.639746,2.037284,1.810784,0.110317,0.146287,0.070146,0.151852,0.208915,0.135723,0.496830,1.828933,0.535357
24.583333,2.001505,1.909666,2.049462,1.995010,2.001862,1.639745,2.037280,1.810628,0.110431,0.146470,0.068590,0.151925,0.208876,0.135701,0.488304,1.823475,0.547125
24.600000,2.001363,1.911266,2.047902,1.995426,2.001788,1.648257,2.037768,1.810410,0.110631,0.146814,0.066884,0.152475,0.208420,0.135740,0.474647,1.817309,0.556554
24.616667,2.001189,1.913552,2.046373,1.995909,2.001668,1.665870,2.038896,1.810143,0.111003,0.147539,0.065724,0.153089,0.207141,0.135764,0.443292,1.810729,0.563860
24.633333,2.001048,1.915572,2.045488,1.996653,2.001566,1.686290,2.040492,1.809910,0.110927,0.148520,0.065650,0.154283,0.205564,0.135885,0.409543,1.802743,0.566617
24.650000,2.000948,1.911240,2.045353,1.997554,2.001491,1.702564,2.041927,1.809835,0.110432,0.149288,0.066611,0.154656,0.204418,0.135461,0.397957,1.796277,0.568973
24.666667,2.000880,1.906299,2.045502,1.998457,2.001428,1.715618,2.043269,1.809851,0.110309,0.148644,0.068359,0.152612,0.202848,0.134912,0.398533,1.788997,0.570377
24.683333,2.000817,1.902889,2.046372,1.997847,2.001437,1.736339,2.045546,1.811741,0.109836,0.147357,0.071673,0.150388,0.201220,0.134777,0.413617,1.788121,0.574451
24.700000,2.000709,1.911543,2.047478,1.996818,2.001460,1.763065,2.048339,1.814493,0.109051,0.145463,0.075262,0.148348,0.200823,0.135059,0.408335,1.791186,0.581350
24.716667,2.000585,1.921850,2.048781,1.995996,2.001466,1.785133,2.050726,1.817872,0.108034,0.143072,0.079240,0.146501,0.199532,0.135878,0.401609,1.796884,0.589746
24.733333,2.000463,1.930293,2.050064,1.995270,2.001459,1.815821,2.053711,1.820570,0.106713,0.140874,0.085221,0.145114,0.198345,0.136853,0.398170,1.803265,0.598863
24.750000,2.000331,1.936257,2.051479,1.994615,2.001449,1.851704,2.057203,1.821967,0.105120,0.138979,0.093752,0.144363,0.198145,0.137824,0.396694,1.810437,0.608481
24.766667,2.000220,1.937776,2.053481,1.994080,2.001443,1.877119,2.059265,1.824561,0.103557,0.138256,0.100584,0.144576,0.199196,0.136834,0.396715,1.824097,0.618329
24.783333,2.000126,1.937238,2.055707,1.993663,2.001443,1.891277,2.059607,1.827089,0.103141,0.136863,0.104567,0.142946,0.201051,0.135397,0.395133,1.838024,0.629315
24.800000,1.999999,1.936359,2.057448,1.993395,2.001447,1.905944,2.059762,1.819219,0.103154,0.135962,0.104731,0.141376,0.202967,0.133844,0.392785,1.850895,0.642525
24.816667,1.999893,1.934744,2.059042,1.993072,2.001443,1.913997,2.059113,1.812837,0.103481,0.135599,0.100130,0.140047,0.205008,0.132611,0.391030,1.865252,0.654325
24.833333,1.999797,1.934592,2.060668,1.992661,2.001420,1.914197,2.057537,1.807713,0.103844,0.135645,0.092304,0.139384,0.206326,0.131975,0.395119,1.878231,0.665377
24.850000,1.999710,1.936115,2.062430,1.992267,2.001381,1.910918,2.055688,1.803377,0.104228,0.135891,0.084482,0.139072,0.207192,0.131684,0.397010,1.890211,0.675707
24.866667,1.999626,1.940284,2.062182,1.991774,2.001334,1.909091,2.054451,1.798940,0.104643,0.136224,0.078435,0.138955,0.206947,0.131777,0.400511,1.890544,0.685745
24.883333,1.999545,1.944344,2.060081,1.991911,2.001213,1.911042,2.054373,1.794642,0.105410,0.136844,0.074612,0.139014,0.206546,0.131866,0.403932,1.878964,0.688383
24.900000,1.999474,1.947080,2.057919,1.992550,2.001059,1.912985,2.054666,1.791271,0.106344,0.137605,0.072074,0.139089,0.206524,0.131874,0.409512,1.865969,0.687557
24.916667,1.999406,1.948530,2.055958,1.992962,2.000932,1.914295,2.055071,1.788235,0.107218,0.138299,0.070431,0.139132,0.206672,0.131843,0.416997,1.853287,0.687559
24.933333,1.999338,1.949662,2.054244,1.993275,2.000811,1.910985,2.053884,1.786181,0.108056,0.139000,0.069008,0.139228,0.206778,0.131848,0.426781,1.841540,0.687987
24.950000,1.999274,1.950995,2.052902,1.993588,2.000698,1.905768,2.052301,1.785011,0.108882,0.139738,0.067669,0.139377,0.206767,0.131950,0.437683,1.832224,0.688330
24.966667,1.999236,1.952393,2.051720,1.994778,2.000650,1.900536,2.050743,1.785439,0.108981,0.139737,0.066571,0.139783,0.206540,0.132699,0.448682,1.823921,0.697321
24.983333,1.999204,1.954145,2.050695,1.996102,2.000634,1.895582,2.049294,1.786291,0.108676,0.139120,0.065607,0.140182,0.206405,0.133768,0.459568,1.816763,0.706634
25.000000,1.999174,1.955728,2.049618,1.997485,2.000655,1.890955,2.047970,1.787206,0.108808,0.138126,0.065008,0.139802,0.206432,0.135078,0.469900,1.808723,0.716069
25.016667,1.999168,1.957134,2.048522,1.998673,2.000679,1.885720,2.046925,1.788186,0.109144,0.137597,0.064676,0.139483,0.206450,0.135915,0.479258,1.800205,0.724647
25.033333,1.999169,1.958363,2.047489,1.999655,2.000699,1.881467,2.046430,1.789126,0.109559,0.137333,0.064511,0.139233,0.206504,0.136391,0.487484,1.791967,0.731875
25.050000,1.999173,1.959432,2.046549,2.000514,2.000722,1.878189,2.046269,1.789921,0.109976,0.137095,0.064446,0.138967,0.206639,0.136770,0.494538,1.784222,0.738026
25.066667,1.999181,1.960358,2.045788,2.001311,2.000762,1.875574,2.046279,1.790610,0.110240,0.136925,0.064433,0.138948,0.206898,0.137093,0.500470,1.776169,0.743558
25.083333,1.999201,1.961152,2.045422,2.001989,2.000798,1.873393,2.046378,1.791346,0.110448,0.136933,0.064418,0.139202,0.207500,0.137208,0.505375,1.769983,0.747342
25.100000,1.999219,1.961828,2.045266,2.002751,2.000855,1.871492,2.046532,1.791880,0.110635,0.137051,0.064426,0.139505,0.208058,0.137321,0.509379,1.765543,0.750766
25.116667,1.999253,1.962400,2.045245,2.003433,2.000920,1.869831,2.046700,1.792249,0.110753,0.137184,0.064441,0.139876,0.208801,0.137358,0.512625,1.762184,0.755821
25.133333,1.999299,1.963062,2.045284,2.004078,2.001006,1.868373,2.046871,1.792496,0.110834,0.137344,0.064444,0.140340,0.209886,0.137273,0.514575,1.759554,0.762577
25.150000,1.999336,1.963639,2.045408,2.004613,2.001085,1.867097,2.047035,1.792591,0.110882,0.137457,0.064412,0.140650,0.210857,0.137241,0.513875,1.757881,0.768725
25.166667,1.999364,1.964069,2.045622,2.005058,2.001159,1.865987,2.047193,1.792556,0.110841,0.137546,0.064267,0.140860,0.211597,0.137321,0.512512,1.757358,0.773644
25.183333,1.999385,1.964507,2.045878,2.005406,2.001217,1.865066,2.047334,1.792446,0.110819,0.137620,0.064153,0.140997,0.212152,0.137428,0.512998,1.756983,0.777409
25.200000,1.999401,1.964859,2.046176,2.005681,2.001262,1.864338,2.047456,1.792306,0.110826,0.137685,0.064039,0.141085,0.212570,0.137530,0.513768,1.756758,0.780528
25.216667,1.999411,1.965112,2.046391,2.005883,2.001292,1.863805,2.047557,1.792173,0.110824,0.137727,0.063972,0.141142,0.212874,0.137611,0.514356,1.756797,0.782891
25.233333,1.999416,1.965315,2.046610,2.006014,2.001309,1.863469,2.047638,1.792069,0.110834,0.137758,0.063952,0.141177,0.213076,0.137667,0.515452,1.756919,0.784494
25.250000,1.999416,1.965466,2.046739,2.006086,2.001314,1.863298,2.047694,1.792009,0.110846,0.137780,0.063934,0.141197,0.213190,0.137698,0.516663,1.756911,0.785402
25.266667,1.999416,1.965585,2.046809,2.006126,2.001315,1.863209,2.047727,1.791977,0.110859,0.137795,0.063910,0.141208,0.213250,0.137714,0.517906,1.756883,0.785889
25.283333,1.999415,1.965686,2.046844,2.006147,2.001315,1.863162,2.047745,1.791960,0.110870,0.137806,0.063882,0.141214,0.213282,0.137722,0.519149,1.756865,0.786148
25.300000,1.999415,1.965774,2.046861,2.006158,2.001316,1.863137,2.047755,1.791950,0.110882,0.137816,0.063854,0.141217,0.213299,0.137726,0.520351,1.756853,0.786285
25.316667,1.999414,1.965851,2.046869,2.006164,2.001316,1.863124,2.047761,1.791945,0.110892,0.137824,0.063827,0.141219,0.213307,0.137728,0.521452,1.756845,0.786356
25.333333,1.999414,1.965913,2.046873,2.006167,2.001316,1.863118,2.047764,1.791943,0.110901,0.137830,0.063805,0.141220,0.213311,0.137728,0.522372,1.756840,0.786391
25.350000,1.999414,1.966019,2.046871,2.006169,2.001316,1.863115,2.047765,1.791941,0.110917,0.137840,0.063765,0.141220,0.213313,0.137728,0.523980,1.756830,0.786411
25.366667,1.999413,1.966104,2.046869,2.006170,2.001317,1.863114,2.047766,1.791940,0.110929,0.137848,0.063732,0.141220,0.213313,0.137727,0.525288,1.756822,0.786420
25.383333,1.999413,1.966163,2.046867,2.006171,2.001317,1.863113,2.047767,1.791939,0.110938,0.137854,0.063710,0.141221,0.213313,0.137726,0.526182,1.756818,0.786422
25.400000,1.999413,1.966194,2.046866,2.006171,2.001317,1.863114,2.047768,1.791939,0.110943,0.137857,0.063699,0.141220,0.213312,0.137726,0.526673,1.756817,0.786421
25.416667,1.999413,1.966211,2.046866,2.006171,2.001317,1.863114,2.047768,1.791939,0.110945,0.137859,0.063693,0.141220,0.213312,0.137726,0.526935,1.756817,0.786418
25.433333,1.999413,1.966220,2.046866,2.006171,2.001317,1.863115,2.047768,1.791939,0.110946,0.137860,0.063689,0.141220,0.213311,0.137725,0.527074,1.756819,0.786415
25.450000,1.999413,1.966224,2.046866,2.006171,2.001317,1.863115,2.047768,1.791939,0.110947,0.137861,0.063688,0.141220,0.213311,0.137725,0.527147,1.756821,0.786411
25.466667,1.999413,1.966226,2.046866,2.006171,2.001317,1.863116,2.047768,1.791939,0.110948,0.137861,0.063687,0.141220,0.213311,0.137725,0.527185,1.756822,0.786407
25.483333,1.999413,1.966227,2.046885,2.006168,2.001317,1.863129,2.047771,1.791938,0.110929,0.138027,0.063788,0.141240,0.213278,0.137556,0.527236,1.756870,0.786387
25.500000,1.999415,1.966227,2.046916,2.006164,2.001317,1.863153,2.047777,1.791936,0.110898,0.138309,0.063963,0.141272,0.213222,0.137268,0.527300,1.756948,0.786355
25.516667,1.999416,1.966231,2.046984,2.005521,2.001330,1.863158,2.047779,1.791942,0.111697,0.137021,0.064254,0.139795,0.213306,0.137634,0.527417,1.757109,0.786770
25.533333,1.999418,1.966387,2.047079,2.004685,2.001303,1.863168,2.047782,1.791950,0.113181,0.135506,0.064741,0.137830,0.213427,0.138160,0.529884,1.757332,0.760188
25.550000,1.999440,1.966775,2.047514,2.003524,2.001266,1.863177,2.047784,1.791975,0.115020,0.134029,0.065128,0.135805,0.213577,0.138811,0.536820,1.762883,0.724829
25.566667,1.999493,1.967157,2.047030,2.002518,2.001238,1.863165,2.047784,1.792178,0.116901,0.133690,0.065343,0.133033,0.214778,0.138487,0.549377,1.768716,0.689633
25.583333,1.999556,1.970114,2.046271,2.001670,2.001228,1.863161,2.047784,1.792422,0.118809,0.133422,0.065743,0.130291,0.215946,0.138125,0.530723,1.772168,0.658513
25.600000,1.999626,1.972471,2.045311,2.000875,2.001233,1.863267,2.047858,1.792925,0.120783,0.133489,0.066366,0.127715,0.217799,0.136930,0.506966,1.773532,0.629365
25.616667,1.999683,1.974072,2.044814,2.000730,2.001369,1.863959,2.048364,1.793520,0.121243,0.132269,0.067562,0.125434,0.220182,0.135915,0.480532,1.774302,0.617902
25.633333,1.999671,1.974604,2.045273,2.000651,2.001551,1.864603,2.048832,1.794124,0.120587,0.130257,0.069942,0.123424,0.222436,0.134820,0.453314,1.776066,0.611986
25.650000,1.999578,1.974303,2.046500,2.000479,2.001745,1.865189,2.049251,1.794786,0.119748,0.128050,0.072585,0.121504,0.224726,0.133725,0.427174,1.782935,0.607563
25.666667,1.999503,1.973486,2.048420,2.000195,2.001935,1.871661,2.050393,1.795418,0.119640,0.126530,0.074575,0.119510,0.226985,0.132696,0.403581,1.795217,0.606224
25.683333,1.999442,1.971949,2.050978,2.000156,2.002084,1.875365,2.052038,1.796040,0.120200,0.125651,0.077030,0.117489,0.229203,0.131724,0.384553,1.811561,0.609365
25.700000,1.999429,1.970585,2.053862,2.000130,2.002187,1.872242,2.053409,1.796723,0.121358,0.125243,0.079714,0.115448,0.231530,0.130827,0.364683,1.830545,0.611580
25.716667,1.999408,1.969530,2.057067,1.999795,2.002320,1.868164,2.054174,1.798264,0.123057,0.124786,0.082724,0.112675,0.235675,0.129551,0.349670,1.850552,0.608977
25.733333,1.999332,1.968041,2.059612,1.999080,2.002548,1.865459,2.054613,1.801265,0.123974,0.123587,0.085159,0.110167,0.240696,0.128246,0.344901,1.862544,0.588792
25.750000,1.999368,1.966648,2.062588,1.998042,2.002795,1.865481,2.055015,1.800042,0.124909,0.122797,0.086258,0.107999,0.246421,0.127056,0.339075,1.876172,0.563825
25.766667,1.999472,1.965456,2.064376,1.997027,2.003072,1.872398,2.056224,1.794562,0.125742,0.122384,0.085890,0.106293,0.252352,0.126106,0.349985,1.886829,0.534049
25.783333,1.999562,1.963515,2.063356,1.995994,2.003358,1.871510,2.056054,1.789544,0.126350,0.122262,0.084728,0.105249,0.256732,0.125456,0.368546,1.885568,0.504542
25.800000,1.999737,1.961366,2.061584,1.995098,2.003629,1.861497,2.054594,1.789118,0.126696,0.122421,0.083722,0.105087,0.257045,0.125239,0.385692,1.879570,0.479025
25.816667,2.000218,1.960764,2.060627,1.994030,2.004049,1.845151,2.052377,1.796568,0.126755,0.122948,0.082350,0.106060,0.251108,0.125336,0.408252,1.885585,0.468765
25.833333,2.000710,1.960489,2.060482,1.991156,2.004519,1.826710,2.050078,1.803266,0.126442,0.123451,0.080458,0.107370,0.243841,0.125785,0.432442,1.897474,0.467601
25.850000,2.001209,1.957498,2.061604,1.987692,2.004854,1.802987,2.047448,1.810371,0.126207,0.124049,0.078197,0.108912,0.236419,0.126224,0.453497,1.914868,0.467102
25.866667,2.001669,1.954064,2.062645,1.985661,2.004974,1.775415,2.044740,1.817117,0.126058,0.124949,0.076121,0.110824,0.229063,0.126813,0.471965,1.928619,0.469163
25.883333,2.002104,1.951790,2.061766,1.983482,2.005037,1.744922,2.042087,1.819626,0.124845,0.126178,0.074876,0.113786,0.221902,0.127621,0.480704,1.931584,0.473433
25.900000,2.002485,1.950066,2.059533,1.979050,2.004951,1.712016,2.039539,1.817899,0.122795,0.127372,0.074045,0.117615,0.214969,0.128752,0.480399,1.929775,0.483561
25.916667,2.002760,1.948738,2.056578,1.974518,2.004949,1.681260,2.037666,1.813629,0.120758,0.128444,0.073495,0.121774,0.208205,0.130215,0.477624,1.924213,0.493996
25.933333,2.002896,1.947417,2.053686,1.970127,2.004838,1.658444,2.036559,1.807571,0.118626,0.129645,0.073139,0.126497,0.201576,0.132059,0.473697,1.918252,0.500554
25.950000,2.002859,1.946246,2.051111,1.963078,2.004698,1.638990,2.035726,1.802362,0.116751,0.131190,0.072854,0.131060,0.196156,0.133324,0.467937,1.913447,0.513371
25.966667,2.002748,1.945056,2.049422,1.958712,2.004662,1.625620,2.035126,1.801490,0.115584,0.132466,0.072554,0.135212,0.191571,0.133856,0.461523,1.912145,0.515198
25.983333,2.002696,1.943796,2.048688,1.952949,2.004538,1.617153,2.034836,1.800451,0.114308,0.133840,0.072142,0.139084,0.188352,0.134296,0.454805,1.913695,0.516932
26.000000,2.002717,1.942698,2.048477,1.946537,2.004407,1.610466,2.034704,1.798792,0.112945,0.134712,0.071599,0.142001,0.186812,0.134905,0.448660,1.915107,0.518448
26.016667,2.002726,1.941528,2.048629,1.940922,2.004310,1.604687,2.034652,1.798093,0.112309,0.135858,0.071120,0.144257,0.185904,0.135351,0.442442,1.917723,0.516467
26.033333,2.002719,1.940335,2.048968,1.938231,2.004170,1.599545,2.034650,1.798247,0.112924,0.137598,0.070670,0.146050,0.185414,0.135880,0.436347,1.920842,0.510592
26.050000,2.002717,1.939130,2.049399,1.940139,2.004033,1.594889,2.034672,1.799540,0.113917,0.140333,0.070184,0.147555,0.185383,0.135974,0.430453,1.924188,0.503873
26.066667,2.002727,1.937930,2.049870,1.943964,2.003799,1.590588,2.034705,1.802331,0.115509,0.144123,0.069707,0.148233,0.186108,0.135117,0.424823,1.927585,0.497188
26.083333,2.002727,1.936750,2.050355,1.949510,2.003571,1.586594,2.034749,1.805527,0.117007,0.147903,0.069251,0.149398,0.186652,0.134691,0.419511,1.930901,0.490810
26.100000,2.002710,1.935598,2.050810,1.953343,2.003427,1.582862,2.034793,1.809035,0.117931,0.149920,0.068784,0.150032,0.187272,0.134838,0.414541,1.934103,0.488479
26.116667,2.002688,1.932063,2.051327,1.956034,2.003365,1.579444,2.034843,1.812641,0.117377,0.149821,0.068197,0.150491,0.187970,0.135504,0.415790,1.938543,0.495205
26.133333,2.002663,1.927260,2.051857,1.958942,2.003321,1.576443,2.034891,1.816048,0.116985,0.150147,0.067654,0.151029,0.188655,0.136001,0.419480,1.943702,0.504706
26.150000,2.002635,1.923062,2.052318,1.961390,2.003283,1.573790,2.034937,1.818920,0.116420,0.150580,0.067186,0.151752,0.189753,0.136242,0.422411,1.948090,0.515519
26.166667,2.002638,1.919320,2.052724,1.963303,2.003244,1.571446,2.034986,1.817959,0.116167,0.150911,0.066763,0.152090,0.190871,0.136493,0.424645,1.951925,0.525792
26.183333,2.002633,1.915999,2.053071,1.965286,2.003220,1.569507,2.035033,1.817040,0.114766,0.150760,0.066435,0.153018,0.191682,0.136853,0.426703,1.955147,0.535438
26.200000,2.002627,1.912918,2.053370,1.966563,2.003209,1.567941,2.035073,1.816332,0.113995,0.150939,0.066131,0.153925,0.192324,0.137208,0.428865,1.957928,0.547426
26.216667,2.002620,1.910302,2.053541,1.966644,2.003385,1.566767,2.035110,1.815855,0.114029,0.151601,0.065982,0.154653,0.192770,0.137446,0.430580,1.959681,0.555376
26.233333,2.002614,1.908134,2.053648,1.966503,2.003553,1.565928,2.035139,1.815879,0.114271,0.152057,0.065853,0.154998,0.193314,0.137605,0.432253,1.961000,0.559216
26.250000,2.002601,1.906859,2.053709,1.966629,2.003674,1.565430,2.035163,1.816216,0.114404,0.152137,0.065774,0.155015,0.193915,0.137779,0.433231,1.961790,0.561817
26.266667,2.002593,1.906168,2.053742,1.966841,2.003745,1.565173,2.035177,1.816435,0.114399,0.152172,0.065735,0.155067,0.194297,0.137890,0.433762,1.962224,0.563470
26.283333,2.002588,1.905798,2.053761,1.966959,2.003784,1.565041,2.035185,1.816555,0.114395,0.152191,0.065714,0.155094,0.194503,0.137949,0.434052,1.962454,0.564363
26.300000,2.002586,1.905603,2.053771,1.967023,2.003804,1.564975,2.035190,1.816621,0.114393,0.152199,0.065703,0.155107,0.194614,0.137981,0.434212,1.962576,0.564833
26.316667,2.002584,1.905499,2.053776,1.967057,2.003815,1.564945,2.035192,1.816656,0.114392,0.152202,0.065698,0.155114,0.194674,0.137997,0.434298,1.962640,0.565085
26.333333,2.002584,1.905445,2.053779,1.967075,2.003820,1.564932,2.035194,1.816675,0.114391,0.152203,0.065695,0.155116,0.194707,0.138006,0.434345,1.962672,0.565222
26.350000,2.002583,1.905417,2.053781,1.966906,2.003783,1.564929,2.035195,1.816684,0.114391,0.152203,0.065697,0.155117,0.194724,0.138011,0.434369,1.962688,0.565112
26.366667,2.002583,1.905404,2.053781,1.965660,2.003504,1.564932,2.035196,1.816688,0.114365,0.152193,0.065715,0.155118,0.194734,0.138014,0.434382,1.962694,0.564639
26.383333,2.002583,1.905397,2.053781,1.964153,2.003184,1.564938,2.035198,1.816690,0.114334,0.152180,0.065738,0.155119,0.194740,0.138016,0.434388,1.962696,0.564198
26.400000,2.002583,1.905394,2.053781,1.962571,2.002861,1.564944,2.035199,1.816691,0.114304,0.152164,0.065764,0.155119,0.194743,0.138018,0.434391,1.962696,0.563509
26.416667,2.002583,1.905393,2.053780,1.960913,2.002533,1.564951,2.035201,1.816692,0.114260,0.152134,0.065798,0.155131,0.194746,0.138021,0.434391,1.962694,0.562247
26.433333,2.002453,1.905393,2.053779,1.959219,2.002208,1.564960,2.035203,1.814754,0.114175,0.152083,0.065838,0.155174,0.194972,0.138094,0.434390,1.962691,0.560461
26.450000,2.002178,1.905394,2.053778,1.957515,2.001903,1.564969,2.035205,1.810673,0.114080,0.152033,0.065884,0.155228,0.195460,0.138243,0.434393,1.962689,0.558350
26.466667,2.001967,1.905395,2.053777,1.955895,2.001630,1.564978,2.035207,1.807378,0.113980,0.151987,0.065932,0.155288,0.195849,0.138365,0.434395,1.962686,0.555969
26.483333,2.001805,1.905397,2.053776,1.954475,2.001404,1.564985,2.035209,1.804753,0.113883,0.151949,0.065980,0.155349,0.196158,0.138463,0.434397,1.962684,0.553492
26.500000,2.001693,1.905590,2.053770,1.953337,2.001238,1.564992,2.035210,1.802891,0.113832,0.151943,0.065719,0.155389,0.196368,0.138521,0.441544,1.962643,0.552903
26.516667,2.001625,1.905904,2.054168,1.952350,2.001131,1.564997,2.035211,1.801747,0.113794,0.151954,0.064335,0.155415,0.196489,0.138548,0.453292,1.965863,0.559504
26.533333,2.001586,1.909359,2.054552,1.951913,2.001075,1.565001,2.035210,1.801122,0.113856,0.152027,0.062600,0.155437,0.196550,0.138556,0.460613,1.968889,0.564848
26.550000,2.001493,1.916847,2.054879,1.951793,2.001039,1.565002,2.035208,1.800697,0.113997,0.152153,0.060878,0.155455,0.196561,0.138550,0.449934,1.971373,0.569687
26.566667,2.001366,1.923731,2.053876,1.951860,2.001020,1.565003,2.035205,1.800371,0.114202,0.152333,0.059008,0.155484,0.196547,0.138539,0.429895,1.969641,0.573788
26.583333,2.001251,1.930087,2.051969,1.952148,2.001017,1.565003,2.035201,1.800128,0.114535,0.152622,0.056870,0.155541,0.196525,0.138529,0.412256,1.963617,0.577631
26.600000,2.001177,1.930107,2.050627,1.952513,2.001037,1.580731,2.035857,1.799960,0.114955,0.153023,0.055997,0.155797,0.195702,0.138416,0.399658,1.954499,0.577614
26.616667,2.001096,1.924842,2.049622,1.953088,2.000979,1.604932,2.037080,1.799856,0.114130,0.152940,0.056366,0.156984,0.194437,0.138404,0.397774,1.945751,0.576685
26.633333,2.001074,1.920457,2.050026,1.953582,2.000905,1.619884,2.038108,1.799780,0.112118,0.151275,0.056611,0.158400,0.192644,0.139196,0.406292,1.943997,0.576123
26.650000,2.001046,1.916466,2.050982,1.954280,2.000827,1.633216,2.039047,1.799922,0.111425,0.150261,0.056695,0.156698,0.191311,0.138708,0.421581,1.946139,0.584138
26.666667,2.001010,1.912491,2.051946,1.955788,2.000729,1.654022,2.040672,1.800081,0.110691,0.148974,0.057362,0.154420,0.190576,0.138123,0.439791,1.948843,0.588204
26.683333,2.000959,1.914029,2.052997,1.959315,2.000594,1.682367,2.043015,1.800266,0.110216,0.147955,0.059488,0.152082,0.190593,0.137792,0.446909,1.951803,0.582266
26.700000,2.000876,1.921555,2.054082,1.962931,2.000460,1.714813,2.045795,1.800477,0.109779,0.146872,0.061510,0.149751,0.191181,0.137716,0.441802,1.955610,0.575544
26.716667,2.000769,1.927050,2.055925,1.967989,2.000314,1.749051,2.048779,1.800737,0.109719,0.145871,0.063192,0.148083,0.192948,0.138403,0.437038,1.954057,0.566063
26.733333,2.000645,1.929546,2.057771,1.970311,2.000204,1.780293,2.051247,1.802425,0.109560,0.144746,0.064312,0.146842,0.192982,0.139804,0.434195,1.952101,0.560314
26.750000,2.000537,1.929172,2.058729,1.969700,2.000132,1.814375,2.053716,1.805257,0.109104,0.143869,0.065575,0.146374,0.193556,0.140098,0.438606,1.948349,0.562552
26.766667,2.000438,1.930222,2.058740,1.968997,2.000065,1.844361,2.055797,1.807946,0.108482,0.142882,0.066879,0.145930,0.194724,0.139835,0.446320,1.940259,0.568726
26.783333,2.000329,1.932047,2.058517,1.968150,1.999997,1.868935,2.057242,1.807935,0.107858,0.141842,0.068562,0.145570,0.195929,0.139645,0.445615,1.930090,0.576609
26.800000,2.000193,1.935595,2.058435,1.967129,1.999937,1.884856,2.057322,1.799328,0.106441,0.140909,0.071489,0.146803,0.196882,0.139893,0.448235,1.919589,0.584977
26.816667,2.000069,1.941559,2.058377,1.966800,1.999869,1.900590,2.057405,1.790751,0.105275,0.139611,0.075759,0.147377,0.198045,0.141288,0.449421,1.908906,0.591428
26.833333,1.999962,1.948053,2.057862,1.968302,1.999771,1.917430,2.057533,1.784388,0.103619,0.137313,0.082250,0.147761,0.199066,0.143407,0.455037,1.897286,0.587068
26.850000,1.999872,1.951447,2.056731,1.971370,1.999646,1.926057,2.056916,1.779105,0.102362,0.135398,0.091286,0.148668,0.199911,0.146100,0.460123,1.885356,0.580304
26.866667,1.999788,1.955215,2.055735,1.973400,1.999548,1.928006,2.055591,1.774025,0.101356,0.132991,0.099354,0.149235,0.200709,0.149101,0.468909,1.874283,0.574054
26.883333,1.999704,1.960459,2.054923,1.974482,1.999451,1.926421,2.053899,1.769582,0.100712,0.130899,0.107469,0.149260,0.201672,0.151539,0.484048,1.863130,0.569850
26.900000,1.999623,1.965214,2.054617,1.974578,1.999378,1.923030,2.052064,1.766389,0.100193,0.130047,0.119554,0.148362,0.204126,0.152121,0.505551,1.854644,0.567704
26.916667,1.999545,1.969735,2.054881,1.974557,1.999322,1.918821,2.050242,1.764588,0.099873,0.128909,0.131780,0.146055,0.210329,0.151574,0.532559,1.851121,0.568317
26.933333,1.999473,1.973170,2.055657,1.974688,1.999259,1.914341,2.048502,1.764057,0.099770,0.127809,0.136835,0.143448,0.218296,0.150477,0.564784,1.856161,0.568153
26.950000,1.999409,1.975367,2.055362,1.974963,1.999185,1.909893,2.046880,1.764661,0.100175,0.126887,0.139336,0.140445,0.228017,0.149000,0.595377,1.854171,0.569134
26.966667,1.999362,1.978021,2.055283,1.975330,1.999113,1.904313,2.045811,1.766670,0.099737,0.125674,0.146889,0.138545,0.238776,0.148079,0.629472,1.854560,0.570649
26.983333,1.999322,1.981211,2.055311,1.975672,1.999051,1.901108,2.045376,1.769448,0.099380,0.124196,0.157533,0.136583,0.250907,0.147425,0.669047,1.857034,0.572366
27.000000,1.999286,1.983361,2.055526,1.976005,1.998984,1.901669,2.045427,1.772187,0.098972,0.122830,0.169327,0.134868,0.263063,0.146866,0.700103,1.861441,0.573672
27.016667,1.999245,1.983680,2.055935,1.976467,1.998917,1.902342,2.045620,1.774983,0.098260,0.121236,0.183119,0.133640,0.276921,0.146522,0.710302,1.867231,0.574131
27.033333,1.999191,1.983786,2.056558,1.977285,1.998859,1.902507,2.045854,1.777803,0.097304,0.119378,0.200205,0.132880,0.292951,0.146464,0.697716,1.874490,0.575393
27.050000,1.999132,1.984191,2.057340,1.978110,1.998793,1.901429,2.046088,1.780626,0.096259,0.117324,0.219898,0.132391,0.311171,0.146697,0.692174,1.882465,0.577719
27.066667,1.999015,1.984884,2.057758,1.978963,1.998741,1.900159,2.046331,1.790078,0.095460,0.115424,0.239615,0.131927,0.331317,0.145965,0.694819,1.887082,0.580640
27.083333,1.998967,1.985701,2.058544,1.979888,1.998720,1.898808,2.046579,1.795452,0.094723,0.114251,0.252453,0.132182,0.351274,0.145900,0.701379,1.894151,0.586628
27.100000,1.998919,1.986409,2.059320,1.980703,1.998704,1.897343,2.046806,1.799262,0.094896,0.114501,0.258004,0.132312,0.372759,0.144999,0.707454,1.900107,0.592052
27.116667,1.998793,1.987005,2.059455,1.981408,1.998686,1.895861,2.047020,1.809551,0.095909,0.115727,0.262475,0.132243,0.390614,0.142804,0.712397,1.899957,0.597379
27.133333,1.998651,1.987575,2.059113,1.982054,1.998679,1.894438,2.047221,1.821452,0.097231,0.117073,0.257145,0.131990,0.399951,0.141224,0.717536,1.901727,0.602814
27.150000,1.998503,1.988013,2.059033,1.982591,1.998676,1.893088,2.047411,1.835612,0.098468,0.118206,0.251615,0.132087,0.400230,0.140355,0.721152,1.903278,0.607320
27.166667,1.998373,1.988442,2.058983,1.983040,1.998673,1.891941,2.047585,1.849407,0.099485,0.118997,0.247963,0.132251,0.391957,0.140122,0.724944,1.902686,0.610939
27.183333,1.998326,1.988802,2.058978,1.983407,1.998670,1.891049,2.047741,1.859105,0.100179,0.119481,0.242989,0.132414,0.382046,0.140370,0.728224,1.903510,0.613972
27.200000,1.998379,1.989061,2.058982,1.983745,1.998685,1.890360,2.047874,1.863318,0.100505,0.119701,0.238929,0.132561,0.378146,0.140820,0.730385,1.904283,0.617409
27.216667,1.998406,1.989287,2.058789,1.984006,1.998694,1.889862,2.047984,1.865545,0.100712,0.119834,0.236624,0.132644,0.376102,0.141044,0.732518,1.903102,0.620129
27.233333,1.998412,1.989426,2.058611,1.984176,1.998698,1.889548,2.048070,1.866769,0.100836,0.119913,0.235187,0.132688,0.374991,0.141164,0.733881,1.902107,0.621993
27.250000,1.998411,1.989505,2.058469,1.984270,1.998696,1.889388,2.048130,1.867422,0.100906,0.119957,0.234552,0.132712,0.374392,0.141230,0.734722,1.901194,0.623053
27.266667,1.998410,1.989546,2.058387,1.984321,1.998693,1.889304,2.048164,1.867770,0.100944,0.119980,0.234203,0.132725,0.374063,0.141265,0.735167,1.900655,0.623623
27.283333,1.998410,1.989568,2.058344,1.984348,1.998692,1.889259,2.048183,1.867954,0.100964,0.119993,0.234008,0.132733,0.373879,0.141285,0.735400,1.900366,0.623928
27.300000,1.998409,1.989579,2.058321,1.984362,1.998691,1.889235,2.048193,1.868049,0.100974,0.120000,0.233900,0.132737,0.373774,0.141295,0.735518,1.900207,0.624090
27.316667,1.998409,1.989585,2.058309,1.984369,1.998691,1.889221,2.048199,1.868097,0.100980,0.120004,0.233835,0.132740,0.373711,0.141301,0.735575,1.900122,0.624174
27.333333,1.998409,1.989587,2.058302,1.984373,1.998691,1.889214,2.048202,1.868120,0.100982,0.120007,0.233794,0.132742,0.373673,0.141304,0.735601,1.900078,0.624218
27.350000,1.998409,1.989589,2.058300,1.984374,1.998691,1.889210,2.048203,1.868129,0.100984,0.120008,0.233767,0.132743,0.373648,0.141306,0.735609,1.900055,0.624239
27.366667,1.998410,1.989589,2.058298,1.984375,1.998691,1.889208,2.048204,1.868131,0.100984,0.120009,0.233748,0.132744,0.373631,0.141307,0.735609,1.900043,0.624248
27.383333,1.998410,1.989588,2.058298,1.984375,1.998691,1.889207,2.048205,1.868130,0.100985,0.120010,0.233733,0.132745,0.373618,0.141308,0.735605,1.900038,0.624252
27.400000,1.998410,1.989588,2.058298,1.984375,1.998691,1.889206,2.048205,1.868127,0.100985,0.120010,0.233721,0.132745,0.373608,0.141309,0.735599,1.900036,0.624252
27.416667,1.998410,1.989587,2.058299,1.984375,1.998691,1.889206,2.048205,1.868124,0.100985,0.120011,0.233712,0.132746,0.373599,0.141309,0.735592,1.900036,0.624250
27.433333,1.998410,1.989587,2.058299,1.984374,1.998691,1.889205,2.048206,1.868121,0.100985,0.120011,0.233703,0.132746,0.373593,0.141309,0.735585,1.900036,0.624248
27.450000,1.998410,1.989586,2.058299,1.984374,1.998691,1.889205,2.048206,1.868117,0.100984,0.120011,0.233696,0.132747,0.373586,0.141310,0.735579,1.900037,0.624246
27.466667,1.998410,1.989586,2.058300,1.984374,1.998691,1.889205,2.048206,1.868114,0.100984,0.120011,0.233690,0.132747,0.373581,0.141310,0.735573,1.900038,0.624244
27.483333,1.998410,1.989588,2.058379,1.984412,1.998697,1.889200,2.048201,1.868111,0.101174,0.120016,0.234539,0.132526,0.373573,0.141263,0.735581,1.900286,0.625520
27.500000,1.998410,1.989592,2.058653,1.984550,1.998717,1.889192,2.048195,1.868108,0.101381,0.120016,0.234642,0.132263,0.373563,0.141206,0.735594,1.901686,0.629073
27.516667,1.998423,1.988993,2.058488,1.984473,1.998784,1.889185,2.048190,1.868112,0.100027,0.118907,0.231959,0.132598,0.373576,0.141310,0.732494,1.906835,0.631245
27.533333,1.998456,1.987633,2.057362,1.983591,1.998917,1.889173,2.048181,1.868124,0.098325,0.117442,0.227491,0.133056,0.373601,0.141457,0.724730,1.912107,0.632868
27.550000,1.998492,1.987461,2.056147,1.982683,1.999053,1.889161,2.048171,1.868143,0.096760,0.116093,0.222599,0.133545,0.373626,0.141609,0.700105,1.916836,0.634023
27.566667,1.998540,1.988081,2.055571,1.981775,1.999178,1.889144,2.048164,1.868182,0.095816,0.114727,0.217519,0.133719,0.373701,0.142011,0.660518,1.916915,0.634914
27.583333,1.998583,1.987918,2.055548,1.981511,1.999309,1.889113,2.048159,1.868223,0.095482,0.112641,0.212696,0.133435,0.373894,0.143059,0.622004,1.916352,0.620237
27.600000,1.998620,1.987405,2.055731,1.981305,1.999479,1.889079,2.048152,1.868260,0.095397,0.110522,0.208785,0.133179,0.374100,0.144202,0.584830,1.916833,0.587905
27.616667,1.998654,1.986584,2.056244,1.980935,1.999696,1.889380,2.048340,1.868291,0.095624,0.108366,0.205845,0.132539,0.374294,0.145257,0.549384,1.919074,0.550407
27.633333,1.998660,1.985438,2.056823,1.980737,1.999911,1.891053,2.048825,1.868331,0.095733,0.106189,0.203130,0.131994,0.374490,0.146345,0.515329,1.921627,0.520273
27.650000,1.998531,1.982523,2.056945,1.980564,2.000122,1.898920,2.050471,1.868674,0.095965,0.104422,0.202662,0.129740,0.375927,0.146455,0.485503,1.920620,0.494788
27.666667,1.998416,1.979245,2.056282,1.980353,2.000333,1.900726,2.051373,1.869078,0.096088,0.102901,0.207151,0.127312,0.377746,0.146419,0.455896,1.913535,0.471587
27.683333,1.998338,1.975951,2.055137,1.980291,2.000526,1.896206,2.051502,1.869903,0.096342,0.101477,0.213788,0.124701,0.381365,0.145843,0.428696,1.902344,0.454090
27.700000,1.998283,1.972504,2.053757,1.980253,2.000740,1.890999,2.051662,1.870957,0.096743,0.100113,0.222232,0.121973,0.385995,0.145069,0.401185,1.888443,0.438652
27.716667,1.998259,1.967564,2.052397,1.980126,2.000965,1.886771,2.052016,1.872004,0.097221,0.099378,0.230321,0.119429,0.390671,0.144289,0.379305,1.874288,0.416115
27.733333,1.998269,1.961754,2.053142,1.980352,2.001254,1.885415,2.052795,1.873346,0.097635,0.099485,0.234930,0.117126,0.397877,0.142891,0.364017,1.879604,0.399968
27.750000,1.998534,1.955699,2.054576,1.980574,2.001552,1.883239,2.053352,1.879345,0.097831,0.100521,0.237171,0.116317,0.400163,0.140744,0.350505,1.891179,0.388085
27.766667,1.998963,1.951081,2.056461,1.980647,2.001847,1.879073,2.053433,1.885339,0.097809,0.101910,0.239561,0.116557,0.395515,0.139145,0.337688,1.905966,0.378595
27.783333,1.999691,1.949504,2.057953,1.980559,2.002160,1.868611,2.052450,1.891640,0.097656,0.103156,0.245360,0.117155,0.388574,0.138049,0.326403,1.922605,0.373799
27.800000,2.000325,1.946059,2.059053,1.980174,2.002455,1.852417,2.050669,1.897309,0.097480,0.104258,0.249163,0.118070,0.378870,0.137444,0.327731,1.937276,0.368529
27.816667,2.000860,1.941330,2.061503,1.978922,2.002743,1.830724,2.048341,1.902282,0.097264,0.105276,0.251456,0.119283,0.367496,0.137225,0.344340,1.953001,0.362713
27.833333,2.001339,1.936894,2.064381,1.975858,2.003033,1.804656,2.045789,1.906891,0.097048,0.106053,0.249522,0.120486,0.356157,0.137259,0.360517,1.967003,0.358128
27.850000,2.001837,1.933973,2.066947,1.971985,2.003302,1.783314,2.044094,1.909172,0.096712,0.106434,0.237192,0.121830,0.345491,0.137563,0.372580,1.977602,0.357629
27.866667,2.002334,1.930270,2.069010,1.967714,2.003534,1.767445,2.043020,1.909078,0.096336,0.106447,0.224868,0.123301,0.335325,0.138158,0.387630,1.984767,0.362812
27.883333,2.002771,1.925766,2.069591,1.966693,2.003602,1.751238,2.041829,1.907374,0.095770,0.107801,0.217716,0.125875,0.325776,0.138954,0.399731,1.987596,0.378175
27.900000,2.003116,1.926131,2.069282,1.962770,2.003731,1.740770,2.041017,1.904877,0.095057,0.108880,0.214589,0.128380,0.316911,0.139891,0.402931,1.986500,0.400776
27.916667,2.003355,1.929751,2.068572,1.954838,2.003852,1.727254,2.039902,1.901913,0.094344,0.109537,0.212790,0.130667,0.308404,0.141017,0.402258,1.983428,0.423722
27.933333,2.003471,1.934765,2.067676,1.947408,2.003894,1.713229,2.039008,1.898543,0.094427,0.110839,0.212255,0.133016,0.299879,0.142371,0.399490,1.979154,0.437090
27.950000,2.003519,1.939161,2.066740,1.937883,2.003954,1.702358,2.038374,1.895069,0.094640,0.111871,0.211400,0.135305,0.291300,0.144034,0.396211,1.973819,0.450260
27.966667,2.003548,1.940888,2.066815,1.929758,2.003964,1.693199,2.037841,1.887833,0.095346,0.113364,0.209894,0.137598,0.286820,0.146141,0.391759,1.972296,0.457544
27.983333,2.003542,1.941437,2.066647,1.920029,2.003951,1.686078,2.037416,1.875815,0.095954,0.114670,0.208324,0.139214,0.287577,0.147889,0.387245,1.971062,0.461561
28.000000,2.003444,1.941401,2.065930,1.909725,2.003903,1.680542,2.037215,1.869261,0.097012,0.117131,0.206767,0.139386,0.287166,0.147460,0.382906,1.968734,0.462857
28.016667,2.003283,1.941058,2.065434,1.900204,2.003811,1.675829,2.037149,1.863180,0.098536,0.120443,0.205061,0.139812,0.287669,0.145896,0.378697,1.967663,0.465978
28.033333,2.003086,1.940053,2.064696,1.893726,2.003693,1.671656,2.037148,1.853455,0.100165,0.123906,0.198568,0.140239,0.288016,0.144969,0.373299,1.966322,0.464624
28.050000,2.002912,1.939169,2.063373,1.894708,2.003505,1.667707,2.037199,1.843662,0.102232,0.127747,0.189523,0.140922,0.288537,0.144440,0.368688,1.961499,0.462447
28.066667,2.002697,1.937819,2.061722,1.895676,2.003377,1.664089,2.037278,1.842606,0.103957,0.130899,0.180818,0.142473,0.283097,0.143960,0.363316,1.954903,0.461367
28.083333,2.002543,1.936287,2.062232,1.895234,2.003367,1.660725,2.037362,1.846779,0.104923,0.132863,0.173298,0.143927,0.276819,0.143494,0.358033,1.952040,0.463066
28.100000,2.002438,1.929916,2.063742,1.894504,2.003413,1.657652,2.037446,1.853472,0.105429,0.134087,0.166653,0.145374,0.271285,0.142741,0.361805,1.957368,0.465386
28.116667,2.002329,1.924098,2.065012,1.894554,2.003446,1.654869,2.037528,1.861687,0.105762,0.135054,0.162558,0.146566,0.266076,0.141736,0.364123,1.963702,0.465427
28.133333,2.002315,1.919022,2.065992,1.895423,2.003458,1.652315,2.037620,1.861453,0.106055,0.135963,0.159906,0.147411,0.264030,0.141191,0.366590,1.968798,0.466710
28.150000,2.002322,1.914206,2.066584,1.896812,2.003448,1.649997,2.037707,1.859817,0.106940,0.136094,0.157980,0.147339,0.263450,0.141499,0.368933,1.972093,0.469501
28.166667,2.002312,1.909122,2.066460,1.898445,2.003418,1.647994,2.037784,1.859065,0.108026,0.136164,0.156501,0.146983,0.263816,0.141857,0.371001,1.975309,0.474380
28.183333,2.002306,1.904618,2.066029,1.899957,2.003391,1.646323,2.037855,1.858344,0.108806,0.136461,0.155454,0.146841,0.263954,0.142091,0.373754,1.976116,0.478853
28.200000,2.002305,1.900378,2.065798,1.901217,2.003371,1.644961,2.037917,1.857706,0.109347,0.136792,0.154662,0.146791,0.264046,0.142272,0.376361,1.977604,0.482311
28.216667,2.002290,1.896907,2.065649,1.903210,2.003344,1.643899,2.037969,1.857698,0.109961,0.137269,0.154077,0.146507,0.265077,0.142217,0.378482,1.978565,0.487801
28.233333,2.002269,1.893814,2.065610,1.904083,2.003359,1.643137,2.038012,1.858180,0.110640,0.137895,0.153666,0.146407,0.265162,0.142280,0.380201,1.979671,0.492606
28.250000,2.002252,1.891972,2.065574,1.904716,2.003364,1.642739,2.038045,1.858749,0.111133,0.138330,0.153398,0.146357,0.264786,0.142321,0.381227,1.980199,0.496403
28.266667,2.002241,1.890973,2.065555,1.905061,2.003367,1.642535,2.038066,1.859163,0.111403,0.138566,0.153254,0.146342,0.264578,0.142322,0.381783,1.980484,0.498449
28.283333,2.002234,1.890435,2.065545,1.905263,2.003369,1.642430,2.038077,1.859388,0.111382,0.138587,0.153178,0.146396,0.264470,0.142335,0.382085,1.980636,0.499578
28.300000,2.002231,1.890150,2.065541,1.905377,2.003370,1.642378,2.038084,1.859513,0.111362,0.138593,0.153139,0.146429,0.264413,0.142343,0.382249,1.980717,0.500199
28.316667,2.002229,1.889999,2.065539,1.905439,2.003371,1.642354,2.038087,1.859581,0.111348,0.138593,0.153120,0.146446,0.264384,0.142347,0.382336,1.980760,0.500515
28.333333,2.002228,1.889920,2.065538,1.905473,2.003371,1.642344,2.038089,1.859617,0.111339,0.138592,0.153110,0.146455,0.264369,0.142350,0.382383,1.980783,0.500683
28.350000,2.002228,1.889879,2.065538,1.905492,2.003371,1.642341,2.038091,1.859637,0.111332,0.138590,0.153106,0.146460,0.264361,0.142351,0.382408,1.980795,0.500770
28.366667,2.002228,1.889859,2.065538,1.905502,2.003371,1.642343,2.038091,1.859647,0.111327,0.138587,0.153105,0.146463,0.264358,0.142352,0.382420,1.980801,0.500816
28.383333,2.002227,1.889850,2.065539,1.905053,2.003317,1.642346,2.038092,1.859653,0.111329,0.138585,0.153105,0.146465,0.264356,0.142353,0.382427,1.980804,0.501059
28.400000,2.002228,1.889847,2.065540,1.902520,2.002993,1.642350,2.038093,1.859656,0.111346,0.138584,0.153108,0.146466,0.264356,0.142354,0.382430,1.980806,0.502420
28.416667,2.002228,1.889847,2.065540,1.899757,2.002691,1.642355,2.038094,1.859657,0.111322,0.138571,0.153125,0.146467,0.264357,0.142355,0.382431,1.980807,0.503018
28.433333,2.002228,1.889949,2.065531,1.896554,2.002383,1.642360,2.038095,1.859657,0.111279,0.138556,0.152460,0.146464,0.264355,0.142351,0.386234,1.980745,0.503328
28.450000,2.002111,1.890132,2.065548,1.893241,2.002089,1.642366,2.038097,1.858279,0.111242,0.138548,0.150840,0.146462,0.264623,0.142413,0.393159,1.980948,0.503609
28.466667,2.001899,1.893444,2.064810,1.890060,2.001829,1.642372,2.038098,1.855828,0.111233,0.138557,0.145652,0.146466,0.265124,0.142534,0.398768,1.979841,0.503775
28.483333,2.001752,1.897533,2.063340,1.887268,2.001619,1.642378,2.038100,1.854032,0.111251,0.138582,0.138841,0.146469,0.265487,0.142619,0.406125,1.976917,0.503765
28.500000,2.001664,1.901088,2.061789,1.885114,2.001465,1.642383,2.038101,1.852776,0.111290,0.138613,0.132986,0.146469,0.265739,0.142675,0.417996,1.973699,0.503625
28.516667,2.001627,1.903972,2.060016,1.884006,2.001371,1.642387,2.038102,1.852023,0.111358,0.138648,0.128044,0.146466,0.265889,0.142706,0.434039,1.969928,0.505192
28.533333,2.001558,1.907029,2.057482,1.884939,2.001389,1.642388,2.038101,1.851553,0.111320,0.138645,0.124210,0.146454,0.265958,0.142712,0.440230,1.964606,0.510462
28.550000,2.001465,1.911423,2.055813,1.885747,2.001420,1.642388,2.038099,1.851221,0.111291,0.138646,0.120933,0.146442,0.265982,0.142708,0.436908,1.954552,0.516893
28.566667,2.001386,1.919002,2.054083,1.887355,2.001504,1.650904,2.038545,1.850987,0.111323,0.138701,0.117609,0.146633,0.265425,0.142606,0.431396,1.942811,0.523474
28.583333,2.001300,1.922727,2.052336,1.889253,2.001616,1.669902,2.039264,1.851181,0.111476,0.139204,0.114507,0.147090,0.266907,0.141425,0.431662,1.929565,0.529501
28.600000,2.001218,1.920902,2.050797,1.891540,2.001768,1.676601,2.038400,1.851659,0.112027,0.140716,0.113323,0.146274,0.266153,0.139047,0.445463,1.915376,0.535681
28.616667,2.001088,1.927602,2.049212,1.893155,2.001768,1.684885,2.037820,1.852129,0.112268,0.141332,0.109176,0.145073,0.266405,0.136966,0.419333,1.899734,0.540364
28.633333,2.000978,1.931267,2.048159,1.894722,2.001673,1.694701,2.037569,1.852701,0.112504,0.141813,0.103721,0.144418,0.268957,0.135078,0.395104,1.887232,0.546436
28.650000,2.000880,1.928676,2.048274,1.897371,2.001569,1.707207,2.037812,1.853316,0.112575,0.142468,0.099296,0.144099,0.271841,0.133414,0.390924,1.883993,0.560631
28.666667,2.000806,1.924516,2.048811,1.899640,2.001480,1.723051,2.038434,1.854617,0.111661,0.142676,0.098499,0.144300,0.274524,0.132075,0.398928,1.884796,0.578059
28.683333,2.000740,1.919921,2.049523,1.910299,2.001379,1.743010,2.039475,1.856360,0.110846,0.143441,0.099014,0.144868,0.277157,0.130944,0.413259,1.887683,0.569618
28.700000,2.000662,1.916692,2.050336,1.922757,2.001262,1.770592,2.041460,1.859078,0.109823,0.144587,0.101470,0.145868,0.280146,0.129769,0.431054,1.890838,0.556038
28.716667,2.000568,1.916740,2.051199,1.932610,2.001130,1.804149,2.044188,1.861961,0.109118,0.145247,0.106063,0.146340,0.283258,0.128900,0.436639,1.894926,0.542588
28.733333,2.000467,1.919333,2.052053,1.940841,2.000989,1.834177,2.046475,1.863644,0.109130,0.145104,0.110631,0.145664,0.285547,0.128648,0.429748,1.899804,0.529745
28.750000,2.000357,1.920529,2.053114,1.944895,2.000799,1.862740,2.048883,1.865132,0.109667,0.144926,0.115683,0.144816,0.287836,0.128662,0.422344,1.902855,0.517148
28.766667,2.000241,1.922857,2.054822,1.944816,2.000612,1.891329,2.051914,1.867078,0.110512,0.144727,0.118461,0.143815,0.289873,0.128765,0.416080,1.902102,0.516162
28.783333,2.000153,1.927468,2.056289,1.944773,2.000496,1.918427,2.055068,1.862430,0.110925,0.144093,0.120028,0.142589,0.292595,0.129078,0.413503,1.901436,0.529784
28.800000,2.000068,1.932753,2.057570,1.947190,2.000335,1.939645,2.057350,1.857565,0.111663,0.143210,0.124020,0.140802,0.294859,0.129789,0.413831,1.901888,0.530257
28.816667,1.999984,1.937983,2.058651,1.950484,2.000214,1.947578,2.057178,1.852822,0.111868,0.141802,0.128789,0.139691,0.295379,0.131458,0.417464,1.900523,0.532638
28.833333,1.999895,1.943241,2.058256,1.952529,2.000090,1.947190,2.055442,1.847864,0.110873,0.139706,0.135815,0.139449,0.296317,0.133296,0.424231,1.889969,0.533342
28.850000,1.999808,1.948022,2.057835,1.953703,1.999979,1.944255,2.053471,1.843955,0.109700,0.137480,0.145293,0.139576,0.297313,0.135350,0.435760,1.876770,0.532786
28.866667,1.999719,1.951781,2.057381,1.954499,1.999898,1.940407,2.051578,1.840231,0.107085,0.135291,0.156390,0.141269,0.298199,0.137463,0.442607,1.865162,0.532864
28.883333,1.999633,1.955796,2.056979,1.955576,1.999841,1.935468,2.049586,1.836730,0.104350,0.133150,0.170928,0.143117,0.299050,0.139686,0.453845,1.852316,0.530783
28.900000,1.999551,1.959623,2.056834,1.958067,1.999873,1.930384,2.047699,1.833628,0.102716,0.131272,0.187011,0.143208,0.300549,0.141794,0.471169,1.844626,0.538362
28.916667,1.999473,1.963416,2.056809,1.961561,1.999966,1.925286,2.045917,1.831402,0.101989,0.129437,0.204344,0.140528,0.303418,0.143336,0.493155,1.839398,0.552006
28.933333,1.999395,1.967200,2.056951,1.965642,2.000083,1.921081,2.044399,1.830485,0.101940,0.128473,0.226082,0.137702,0.314224,0.143336,0.519070,1.835805,0.566217
28.950000,1.999318,1.971096,2.057002,1.967819,2.000153,1.920529,2.043778,1.830572,0.101537,0.129277,0.251703,0.136823,0.328595,0.142098,0.549170,1.831467,0.575969
28.966667,1.999243,1.974697,2.056321,1.969308,2.000217,1.920786,2.043632,1.830709,0.101317,0.129975,0.270224,0.136291,0.338221,0.141114,0.582383,1.821878,0.580706
28.983333,1.999171,1.977366,2.055989,1.970183,2.000251,1.920040,2.043655,1.830798,0.101533,0.130679,0.274439,0.136081,0.343544,0.140579,0.612160,1.817196,0.583536
29.000000,1.999167,1.978690,2.055916,1.970699,2.000260,1.918816,2.043756,1.830836,0.102005,0.131387,0.273775,0.136021,0.346462,0.140307,0.630207,1.815601,0.585224
29.016667,1.999190,1.979787,2.055827,1.971695,2.000272,1.917364,2.043912,1.830850,0.102392,0.131842,0.271067,0.136058,0.348075,0.140283,0.640292,1.814202,0.587072
29.033333,1.999234,1.980495,2.055590,1.972680,2.000278,1.915824,2.044095,1.830687,0.102813,0.132024,0.269144,0.135977,0.349211,0.140518,0.645095,1.811534,0.590254
29.050000,1.999251,1.981319,2.055690,1.973591,2.000281,1.914263,2.044273,1.830400,0.103460,0.132407,0.259428,0.135839,0.350157,0.140777,0.652558,1.812646,0.593770
29.066667,1.999236,1.982257,2.056235,1.974430,2.000286,1.913610,2.045113,1.830119,0.104276,0.132915,0.243085,0.135544,0.350926,0.140917,0.661455,1.818231,0.597329
29.083333,1.999225,1.983234,2.056924,1.975196,2.000294,1.912684,2.045730,1.829781,0.105091,0.133465,0.227641,0.135268,0.351355,0.140924,0.668149,1.824785,0.600722
29.100000,1.999237,1.984151,2.057339,1.975894,2.000296,1.911810,2.046269,1.829184,0.105984,0.134007,0.218538,0.134994,0.351792,0.140966,0.672968,1.826784,0.603892
29.116667,1.999242,1.984986,2.057516,1.976548,2.000306,1.911016,2.046832,1.828692,0.106613,0.134346,0.211040,0.134803,0.351993,0.141000,0.679645,1.825265,0.606968
29.133333,1.999241,1.985662,2.057651,1.977540,2.000415,1.910087,2.047236,1.828274,0.105940,0.134042,0.204233,0.135326,0.352058,0.141174,0.685608,1.824452,0.617262
29.150000,1.999237,1.986243,2.057283,1.978501,2.000549,1.909223,2.047525,1.827925,0.104493,0.133417,0.197964,0.136325,0.352051,0.141379,0.691171,1.822046,0.629844
29.166667,1.999232,1.986719,2.056894,1.979633,2.000633,1.908483,2.047753,1.827632,0.103545,0.132996,0.191054,0.136959,0.351991,0.141503,0.695832,1.821970,0.634810
29.183333,1.999226,1.987071,2.056608,1.980388,2.000673,1.907840,2.047940,1.827391,0.103030,0.132749,0.185516,0.137295,0.351918,0.141561,0.699129,1.822671,0.636915
29.200000,1.999220,1.987350,2.056434,1.980956,2.000707,1.907317,2.048099,1.827202,0.102785,0.132648,0.182765,0.137483,0.351849,0.141589,0.701764,1.821411,0.639006
29.216667,1.999212,1.987576,2.056343,1.981337,2.000732,1.906924,2.048231,1.827063,0.102685,0.132615,0.180402,0.137586,0.351793,0.141601,0.704121,1.820731,0.640911
29.233333,1.999204,1.987736,2.056219,1.981572,2.000746,1.906669,2.048331,1.826975,0.102648,0.132609,0.178821,0.137642,0.351757,0.141606,0.705945,1.819747,0.642285
29.250000,1.999196,1.987823,2.056143,1.981700,2.000751,1.906530,2.048399,1.826927,0.102632,0.132608,0.177916,0.137673,0.351736,0.141609,0.706958,1.819127,0.643067
29.266667,1.999191,1.987869,2.056098,1.981769,2.000752,1.906463,2.048442,1.826902,0.102624,0.132607,0.177421,0.137689,0.351724,0.141610,0.707496,1.818754,0.643485
29.283333,1.999188,1.987893,2.056076,1.981805,2.000752,1.906429,2.048468,1.826889,0.102620,0.132607,0.177146,0.137698,0.351716,0.141610,0.707776,1.818571,0.643706
29.300000,1.999187,1.987905,2.056066,1.981824,2.000752,1.906413,2.048483,1.826883,0.102618,0.132607,0.176992,0.137703,0.351711,0.141611,0.707919,1.818483,0.643821
29.316667,1.999186,1.987911,2.056062,1.981833,2.000752,1.906406,2.048492,1.826880,0.102617,0.132608,0.176906,0.137706,0.351707,0.141611,0.707989,1.818445,0.643880
29.333333,1.999186,1.987914,2.056060,1.981838,2.000752,1.906401,2.048497,1.826878,0.102617,0.132608,0.176859,0.137708,0.351704,0.141610,0.708021,1.818429,0.643909
29.350000,1.999185,1.987915,2.056059,1.981840,2.000752,1.906398,2.048499,1.826878,0.102617,0.132608,0.176836,0.137708,0.351702,0.141610,0.708032,1.818418,0.643921
29.366667,1.999185,1.987916,2.056059,1.981841,2.000752,1.906396,2.048500,1.826878,0.102617,0.132609,0.176824,0.137709,0.351700,0.141610,0.708033,1.818414,0.643926
29.383333,1.999185,1.987915,2.056059,1.981841,2.000752,1.906395,2.048500,1.826878,0.102617,0.132609,0.176818,0.137709,0.351698,0.141610,0.708029,1.818414,0.643926
29.400000,1.999185,1.987915,2.056060,1.981841,2.000752,1.906395,2.048500,1.826879,0.102617,0.132609,0.176814,0.137709,0.351697,0.141610,0.708023,1.818416,0.643923
29.416667,1.999185,1.987914,2.056060,1.981840,2.000752,1.906395,2.048500,1.826879,0.102617,0.132610,0.176812,0.137710,0.351695,0.141610,0.708016,1.818419,0.643920
29.433333,1.999185,1.987914,2.056061,1.981840,2.000752,1.906395,2.048500,1.826880,0.102618,0.132610,0.176811,0.137710,0.351694,0.141610,0.708009,1.818423,0.643917
29.450000,1.999185,1.987914,2.056061,1.981839,2.000752,1.906395,2.048500,1.826880,0.102618,0.132610,0.176810,0.137710,0.351693,0.141609,0.708002,1.818426,0.643914
29.466667,1.999185,1.987913,2.056062,1.981839,2.000752,1.906395,2.048500,1.826880,0.102618,0.132610,0.176810,0.137710,0.351692,0.141609,0.707996,1.818429,0.643911
29.483333,1.999185,1.987913,2.056062,1.981838,2.000752,1.906395,2.048500,1.826881,0.102618,0.132610,0.176809,0.137710,0.351691,0.141609,0.707990,1.818432,0.643908
29.500000,1.999215,1.987800,2.056738,1.981553,2.000758,1.906395,2.048500,1.826906,0.102616,0.132603,0.176497,0.137717,0.351698,0.141616,0.700573,1.825239,0.643974
29.516667,1.999291,1.988373,2.055718,1.980423,2.000779,1.906392,2.048497,1.826963,0.102694,0.132575,0.176377,0.137644,0.351714,0.141614,0.701399,1.829881,0.644264
29.533333,1.999349,1.988708,2.054695,1.979279,2.000798,1.906385,2.048490,1.827000,0.103026,0.132493,0.176874,0.137266,0.351722,0.141561,0.704464,1.836099,0.644533
29.550000,1.999410,1.989265,2.053858,1.978635,2.000845,1.906377,2.048483,1.827042,0.101560,0.131442,0.176617,0.137753,0.351752,0.141672,0.696965,1.842932,0.637973
29.566667,1.999479,1.990328,2.053016,1.978561,2.000876,1.906365,2.048473,1.827095,0.099926,0.130224,0.174911,0.138429,0.351787,0.141819,0.664726,1.850485,0.607841
29.583333,1.999527,1.990659,2.052110,1.978344,2.000912,1.906438,2.048548,1.827146,0.099353,0.127575,0.172708,0.137659,0.351991,0.142776,0.628999,1.858134,0.569952
29.600000,1.999564,1.990539,2.051247,1.978264,2.000967,1.907054,2.049047,1.827184,0.098769,0.124869,0.170820,0.136929,0.352195,0.143783,0.592366,1.865173,0.536909
29.616667,1.999598,1.990025,2.051041,1.978246,2.001041,1.907630,2.049506,1.827219,0.098182,0.122151,0.170925,0.136264,0.352403,0.144837,0.556561,1.867808,0.509402
29.633333,1.999610,1.987892,2.050961,1.978202,2.001132,1.909223,2.050119,1.827269,0.097588,0.119475,0.173597,0.135734,0.352618,0.145942,0.527397,1.864950,0.484310
29.650000,1.999571,1.985457,2.051218,1.978146,2.001246,1.914290,2.051443,1.827489,0.096685,0.117095,0.177809,0.135710,0.352844,0.147001,0.501690,1.865759,0.461411
29.666667,1.999617,1.982689,2.052443,1.978061,2.001371,1.906158,2.050405,1.827821,0.095768,0.115180,0.182932,0.136071,0.353073,0.147987,0.476213,1.872811,0.440637
29.683333,1.999624,1.980388,2.055003,1.978083,2.001481,1.896152,2.049094,1.828215,0.095551,0.114206,0.188181,0.135074,0.354147,0.148056,0.450293,1.885662,0.425527
29.700000,1.999627,1.978420,2.057941,1.978113,2.001611,1.886391,2.048063,1.829126,0.095526,0.114007,0.193140,0.133579,0.356831,0.147152,0.424694,1.900594,0.412334
29.716667,1.999615,1.976696,2.061215,1.978128,2.001772,1.877014,2.047202,1.830105,0.095740,0.113982,0.198082,0.131905,0.360053,0.146342,0.400505,1.916420,0.391346
29.733333,1.999617,1.974446,2.064459,1.978238,2.001985,1.868488,2.046471,1.831654,0.095437,0.114457,0.199036,0.130482,0.367366,0.144527,0.382818,1.929708,0.378926
29.750000,1.999637,1.972442,2.067380,1.978488,2.002297,1.862106,2.045977,1.838442,0.095110,0.115365,0.203699,0.129526,0.373989,0.142210,0.376856,1.937778,0.373376
29.766667,1.999922,1.970437,2.067611,1.978539,2.002615,1.860768,2.046065,1.846676,0.094895,0.116673,0.208266,0.129090,0.376404,0.140001,0.367331,1.936121,0.367348
29.783333,2.000419,1.968413,2.067718,1.978664,2.002984,1.863053,2.046375,1.855799,0.094941,0.119312,0.203564,0.129661,0.374469,0.137690,0.354677,1.942380,0.362858
29.800000,2.000990,1.965114,2.067700,1.978385,2.003347,1.867160,2.046762,1.865834,0.095055,0.122717,0.202384,0.131425,0.368178,0.135365,0.361266,1.947859,0.357621
29.816667,2.001612,1.961580,2.066949,1.976084,2.003701,1.867179,2.046675,1.874818,0.095498,0.124273,0.202277,0.131903,0.359856,0.133937,0.377096,1.950196,0.352320
29.833333,2.002248,1.958234,2.065973,1.971943,2.004039,1.859175,2.046204,1.882441,0.095711,0.124554,0.203317,0.132095,0.351092,0.133347,0.391475,1.951645,0.349429
29.850000,2.002895,1.955190,2.066426,1.967176,2.004295,1.844446,2.045167,1.886346,0.095880,0.124969,0.204948,0.132772,0.341720,0.133000,0.406100,1.959397,0.349974
29.866667,2.003470,1.953125,2.065531,1.961534,2.004527,1.826171,2.043873,1.886806,0.095865,0.125251,0.207412,0.133684,0.332395,0.132849,0.409008,1.960626,0.355286
29.883333,2.003957,1.951328,2.063659,1.955660,2.004642,1.809758,2.042811,1.885288,0.095834,0.125655,0.208954,0.134788,0.323394,0.132897,0.407475,1.956378,0.362293
29.900000,2.004352,1.951089,2.061870,1.947134,2.004793,1.797397,2.042001,1.882627,0.095696,0.126067,0.209492,0.136025,0.314834,0.133135,0.404558,1.948966,0.377215
29.916667,2.004651,1.951761,2.060000,1.939954,2.004945,1.783808,2.041203,1.879243,0.095930,0.126669,0.203917,0.137422,0.306690,0.133538,0.399051,1.940640,0.385862
29.933333,2.004850,1.950643,2.058708,1.929254,2.005121,1.772061,2.040553,1.875478,0.096026,0.127091,0.193429,0.138785,0.298925,0.134179,0.392780,1.933655,0.395721
29.950000,2.004913,1.948262,2.058259,1.918160,2.005199,1.763346,2.040021,1.870656,0.096479,0.127855,0.181578,0.140341,0.291939,0.135095,0.387400,1.929692,0.401909
29.966667,2.004914,1.945579,2.057752,1.909660,2.005075,1.754780,2.039479,1.860249,0.097428,0.129480,0.171277,0.141949,0.289522,0.136568,0.382111,1.924969,0.396328
29.983333,2.004928,1.942735,2.057126,1.899918,2.004975,1.747620,2.039008,1.844959,0.098275,0.130946,0.162729,0.143211,0.291524,0.137897,0.376831,1.919456,0.395644
30.000000,2.004921,1.939733,2.056425,1.889003,2.004938,1.742535,2.038712,1.825051,0.099066,0.132147,0.155736,0.144184,0.296507,0.138899,0.371666,1.913559,0.396663
30.016667,2.004868,1.936637,2.055636,1.881636,2.004805,1.738352,2.038607,1.809489,0.100226,0.133880,0.150150,0.146169,0.292588,0.141012,0.366686,1.907206,0.393502
30.033333,2.004805,1.933782,2.055003,1.880465,2.004694,1.734500,2.038615,1.787635,0.101435,0.135936,0.145302,0.147982,0.294563,0.142396,0.361988,1.900797,0.390787
30.050000,2.004694,1.932175,2.054364,1.883011,2.004547,1.731156,2.038658,1.769282,0.102111,0.138200,0.140286,0.150611,0.291135,0.144459,0.358878,1.895782,0.391257
30.066667,2.004571,1.928761,2.054091,1.886012,2.004444,1.727998,2.038744,1.762360,0.103136,0.141200,0.136542,0.153037,0.285586,0.145226,0.360904,1.892383,0.394436
30.083333,2.004292,1.925685,2.054267,1.883349,2.004360,1.725004,2.038840,1.751722,0.104679,0.144386,0.131356,0.153853,0.286215,0.144237,0.368046,1.892485,0.397551
30.100000,2.003961,1.921894,2.055055,1.874970,2.004286,1.722236,2.038933,1.750411,0.106602,0.146520,0.125431,0.153199,0.284426,0.142824,0.377219,1.898757,0.400110
30.116667,2.003699,1.917086,2.055676,1.868798,2.004312,1.719672,2.039027,1.759565,0.108421,0.147540,0.120724,0.151787,0.282039,0.140993,0.384471,1.907182,0.401798
30.133333,2.003438,1.912197,2.056071,1.869495,2.004325,1.717283,2.039117,1.776650,0.109057,0.146806,0.118133,0.149964,0.282276,0.139140,0.389712,1.913640,0.412623
30.150000,2.003178,1.907556,2.056464,1.872703,2.004308,1.715144,2.039204,1.796149,0.110131,0.146856,0.116689,0.148729,0.281218,0.137264,0.393490,1.918906,0.424792
30.166667,2.003061,1.903201,2.056871,1.877503,2.004296,1.713231,2.039292,1.806247,0.111532,0.146666,0.115829,0.147319,0.281106,0.136332,0.396578,1.923276,0.436366
30.183333,2.003033,1.898921,2.057249,1.882982,2.004275,1.711589,2.039373,1.808129,0.112865,0.146412,0.115283,0.146042,0.284413,0.135852,0.399473,1.927091,0.449196
30.200000,2.002995,1.895129,2.057576,1.886612,2.004286,1.710222,2.039443,1.809591,0.112632,0.144482,0.114938,0.145065,0.287894,0.136193,0.402119,1.930180,0.457723
30.216667,2.002957,1.891960,2.057852,1.890115,2.004279,1.709232,2.039506,1.810702,0.111929,0.142616,0.114561,0.144719,0.290738,0.137020,0.404374,1.932795,0.471530
30.233333,2.002932,1.889541,2.058021,1.895339,2.004265,1.708589,2.039555,1.811504,0.110712,0.141079,0.114231,0.145091,0.291667,0.138157,0.405977,1.934554,0.484521
30.250000,2.002907,1.888100,2.058117,1.901482,2.004256,1.708267,2.039591,1.812278,0.108723,0.140162,0.114017,0.146345,0.292857,0.138985,0.406901,1.935607,0.497803
30.266667,2.002891,1.887322,2.058169,1.906699,2.004221,1.708133,2.039613,1.812794,0.107741,0.140221,0.113896,0.147343,0.293621,0.139469,0.407401,1.936176,0.510539
30.283333,2.002882,1.886904,2.058198,1.909693,2.004200,1.708068,2.039625,1.813076,0.107257,0.140341,0.113832,0.147907,0.294035,0.139735,0.407671,1.936482,0.518004
30.300000,2.002876,1.886682,2.058214,1.911288,2.004189,1.708036,2.039632,1.813235,0.106995,0.140408,0.113799,0.148211,0.294260,0.139879,0.407816,1.936645,0.522062
30.316667,2.002873,1.886566,2.058223,1.912142,2.004182,1.708022,2.039636,1.813329,0.106853,0.140444,0.113783,0.148376,0.294381,0.139957,0.407893,1.936732,0.524254
30.333333,2.002871,1.886506,2.058228,1.912600,2.004179,1.708017,2.039638,1.813384,0.106776,0.140464,0.113775,0.148465,0.294445,0.139999,0.407933,1.936778,0.525432
30.350000,2.002869,1.886477,2.058231,1.912120,2.004073,1.708015,2.039639,1.813413,0.106730,0.140475,0.113774,0.148511,0.294478,0.140021,0.407954,1.936802,0.526274
30.366667,2.002868,1.886463,2.058233,1.910743,2.003892,1.708017,2.039640,1.813428,0.106691,0.140476,0.113778,0.148537,0.294496,0.140033,0.407964,1.936814,0.526836
30.383333,2.002868,1.886458,2.058233,1.907940,2.003570,1.708022,2.039642,1.813436,0.106639,0.140464,0.113788,0.148552,0.294505,0.140041,0.407968,1.936819,0.527950
30.400000,2.002867,1.886456,2.058233,1.904831,2.003235,1.708026,2.039643,1.813440,0.106589,0.140449,0.113800,0.148561,0.294510,0.140045,0.407969,1.936820,0.529172
30.416667,2.002869,1.886550,2.058234,1.901355,2.002890,1.708031,2.039645,1.813439,0.106547,0.140441,0.113136,0.148561,0.294508,0.140042,0.414626,1.936769,0.530546
30.433333,2.002737,1.886628,2.058248,1.898681,2.002538,1.708036,2.039646,1.811747,0.106487,0.140454,0.112554,0.148563,0.294888,0.140114,0.422978,1.936735,0.525437
30.450000,2.002340,1.886690,2.058419,1.896226,2.002174,1.708041,2.039647,1.807184,0.106417,0.140485,0.110561,0.148578,0.296034,0.140334,0.435877,1.938584,0.516781
30.466667,2.001929,1.886747,2.058628,1.894053,2.001863,1.708046,2.039647,1.802068,0.106401,0.140575,0.108345,0.148604,0.297329,0.140579,0.450588,1.940787,0.509465
30.483333,2.001634,1.886804,2.058852,1.891895,2.001600,1.708051,2.039648,1.797887,0.106378,0.140633,0.106152,0.148621,0.298365,0.140770,0.466163,1.943048,0.502951
30.500000,2.001395,1.886900,2.059077,1.889928,2.001398,1.708054,2.039649,1.794192,0.106364,0.140677,0.103882,0.148629,0.299274,0.140930,0.487905,1.945100,0.498000
30.516667,2.001224,1.887073,2.058091,1.888939,2.001275,1.708057,2.039649,1.791215,0.106353,0.140711,0.101334,0.148628,0.299995,0.141048,0.519162,1.942590,0.496166
30.533333,2.001073,1.893527,2.056097,1.889891,2.001253,1.708056,2.039646,1.789326,0.106249,0.140697,0.099163,0.148613,0.300416,0.141107,0.527635,1.938097,0.502293
30.550000,2.000951,1.905096,2.053520,1.891258,2.001292,1.708054,2.039642,1.788225,0.106181,0.140688,0.096296,0.148592,0.300623,0.141127,0.519990,1.931846,0.511798
30.566667,2.000858,1.915809,2.050652,1.893106,2.001375,1.715150,2.040149,1.787633,0.106188,0.140817,0.092243,0.149280,0.301795,0.140925,0.512650,1.924220,0.521528
30.583333,2.000763,1.923493,2.048550,1.895110,2.001477,1.728055,2.040695,1.787750,0.106233,0.140987,0.088005,0.150213,0.302687,0.140409,0.505388,1.911794,0.529342
30.600000,2.000671,1.926639,2.046989,1.897395,2.001609,1.729988,2.039599,1.788131,0.106504,0.142520,0.084571,0.149776,0.300942,0.138341,0.491538,1.896687,0.536185
30.616667,2.000624,1.925961,2.045541,1.898858,2.001661,1.732595,2.038728,1.791007,0.107103,0.144405,0.080541,0.149301,0.297574,0.136293,0.483027,1.880830,0.540561
30.633333,2.000594,1.926458,2.044438,1.899697,2.001633,1.730623,2.038122,1.793120,0.108106,0.146030,0.078274,0.148923,0.298995,0.134203,0.464511,1.865172,0.542060
30.650000,2.000554,1.923642,2.044524,1.900272,2.001592,1.717735,2.037553,1.794694,0.108172,0.146679,0.075853,0.148724,0.301054,0.132389,0.457335,1.858561,0.542918
30.666667,2.000508,1.920657,2.045290,1.902875,2.001527,1.710239,2.037298,1.796028,0.106914,0.146932,0.075195,0.149382,0.304184,0.131067,0.463555,1.858683,0.556064
30.683333,2.000481,1.917659,2.046178,1.907382,2.001463,1.702444,2.036887,1.796747,0.105969,0.146567,0.076503,0.149067,0.307231,0.130053,0.474945,1.860769,0.566197
30.700000,2.000449,1.918834,2.047208,1.918796,2.001372,1.708547,2.037028,1.797539,0.105831,0.146432,0.078308,0.148212,0.309146,0.128924,0.474284,1.864829,0.554610
30.716667,2.000407,1.926252,2.048649,1.930867,2.001267,1.739045,2.038434,1.797127,0.105643,0.146625,0.084449,0.147534,0.312482,0.127767,0.462902,1.871182,0.538320
30.733333,2.000364,1.934321,2.050164,1.940366,2.001158,1.784813,2.040858,1.799177,0.105591,0.146285,0.091647,0.146304,0.313157,0.126737,0.449070,1.879138,0.522576
30.750000,2.000336,1.937108,2.051594,1.946719,2.001048,1.823196,2.042595,1.801607,0.106584,0.146849,0.095242,0.144958,0.313246,0.125354,0.439405,1.877845,0.506754
30.766667,2.000315,1.934969,2.052916,1.946237,2.000965,1.856417,2.044294,1.803071,0.109195,0.149152,0.093518,0.144100,0.313466,0.123711,0.447519,1.878625,0.485403
30.783333,2.000275,1.933667,2.054135,1.943104,2.000884,1.885810,2.046117,1.803853,0.111304,0.150748,0.087633,0.143151,0.314091,0.122268,0.446331,1.882235,0.475382
30.800000,2.000226,1.933783,2.055717,1.941242,2.000825,1.909635,2.047615,1.805242,0.111798,0.148986,0.082741,0.141334,0.313391,0.122461,0.439931,1.887971,0.474752
30.816667,2.000158,1.936889,2.057371,1.940970,2.000690,1.922985,2.048603,1.805941,0.112100,0.144934,0.078937,0.139061,0.312801,0.124659,0.433158,1.892726,0.470849
30.833333,2.000084,1.939575,2.058935,1.941970,2.000519,1.929772,2.049352,1.806335,0.112518,0.142167,0.075387,0.138024,0.312651,0.126861,0.431273,1.896689,0.464265
30.850000,2.000008,1.941537,2.057733,1.942440,2.000362,1.933638,2.050090,1.806562,0.112945,0.140267,0.073175,0.137651,0.312686,0.128805,0.432040,1.886546,0.459822
30.866667,1.999932,1.943437,2.055799,1.943054,2.000223,1.936107,2.050865,1.806644,0.113345,0.138763,0.071905,0.137638,0.312904,0.130681,0.433957,1.869576,0.456421
30.883333,1.999847,1.945538,2.054131,1.944465,2.000120,1.937863,2.051685,1.803593,0.113266,0.137426,0.070736,0.138512,0.306846,0.133313,0.438207,1.853267,0.459355
30.900000,1.999739,1.947314,2.052629,1.947397,2.000064,1.933884,2.050513,1.799374,0.112241,0.136033,0.069885,0.140517,0.296761,0.136566,0.443745,1.837635,0.471577
30.916667,1.999645,1.948906,2.051347,1.949555,2.000016,1.924567,2.047815,1.797082,0.111517,0.135086,0.069475,0.141683,0.290541,0.138838,0.449780,1.823540,0.483014
30.933333,1.999528,1.950121,2.050551,1.951453,1.999979,1.916766,2.045626,1.796198,0.111193,0.134926,0.070593,0.141228,0.288792,0.139183,0.454434,1.812756,0.493336
30.950000,1.999463,1.951148,2.049621,1.953060,1.999947,1.909120,2.044109,1.795805,0.110918,0.134945,0.071149,0.141297,0.286984,0.139728,0.460245,1.801403,0.502628
30.966667,1.999419,1.952328,2.048519,1.954531,1.999926,1.904115,2.043287,1.796043,0.110736,0.135121,0.071268,0.141708,0.285677,0.140193,0.466524,1.788915,0.509911
30.983333,1.999398,1.953413,2.047543,1.955831,1.999916,1.901028,2.043223,1.796823,0.110580,0.135330,0.071138,0.142282,0.284487,0.140679,0.473024,1.777997,0.515963
31.000000,1.999388,1.954326,2.046513,1.957170,1.999907,1.899442,2.043903,1.797690,0.110420,0.135521,0.071029,0.142910,0.283529,0.141131,0.479393,1.766176,0.520757
31.016667,1.999384,1.955496,2.045546,1.958550,1.999915,1.897990,2.044534,1.798402,0.110280,0.135723,0.070935,0.143548,0.282865,0.141525,0.485180,1.754867,0.524863
31.033333,1.999382,1.956836,2.044634,1.959970,1.999954,1.896838,2.045281,1.798907,0.110110,0.136025,0.070869,0.144188,0.282463,0.141869,0.490793,1.743931,0.531264
31.050000,1.999382,1.957909,2.043774,1.961198,1.999999,1.895994,2.046178,1.799198,0.110079,0.136367,0.070881,0.144674,0.282283,0.142140,0.496189,1.733392,0.537772
31.066667,1.999406,1.958789,2.043025,1.962250,2.000046,1.895676,2.046916,1.799350,0.110094,0.136720,0.070924,0.145266,0.281848,0.142366,0.501088,1.724023,0.543840
31.083333,1.999430,1.959514,2.042365,1.963167,2.000095,1.894725,2.047338,1.799336,0.110069,0.136960,0.070985,0.145778,0.281575,0.142613,0.505361,1.714991,0.549202
31.100000,1.999456,1.960152,2.041958,1.964076,2.000160,1.893659,2.047657,1.799148,0.110054,0.137008,0.070993,0.146214,0.281418,0.142972,0.509437,1.707259,0.554778
31.116667,1.999502,1.960713,2.041773,1.965170,2.000247,1.892611,2.047920,1.798728,0.109998,0.137097,0.070916,0.146315,0.281370,0.143109,0.513203,1.701942,0.559435
31.133333,1.999533,1.961257,2.041713,1.966210,2.000335,1.891561,2.048150,1.798371,0.109941,0.137152,0.070840,0.146353,0.281316,0.143159,0.515174,1.698102,0.563478
31.150000,1.999554,1.961697,2.041721,1.967028,2.000412,1.890567,2.048351,1.798070,0.109873,0.137185,0.070794,0.146402,0.281247,0.143193,0.514916,1.695260,0.567296
31.166667,1.999568,1.962008,2.041899,1.967689,2.000475,1.889691,2.048515,1.797821,0.109819,0.137205,0.070812,0.146443,0.281190,0.143214,0.514054,1.693936,0.570555
31.183333,1.999574,1.962275,2.042096,1.968225,2.000527,1.888932,2.048669,1.797618,0.109797,0.137243,0.070641,0.146478,0.281145,0.143226,0.513691,1.692981,0.573260
31.200000,1.999575,1.962489,2.042223,1.968638,2.000568,1.889339,2.048929,1.797459,0.109795,0.137287,0.070382,0.146505,0.281114,0.143233,0.513709,1.692066,0.575500
31.216667,1.999573,1.962641,2.042404,1.968934,2.000598,1.889803,2.049155,1.797342,0.109800,0.137323,0.070205,0.146523,0.281094,0.143237,0.513693,1.691870,0.577280
31.233333,1.999568,1.962735,2.042533,1.969122,2.000614,1.890088,2.049319,1.797267,0.109810,0.137349,0.070098,0.146535,0.281084,0.143239,0.513693,1.691713,0.578540
31.250000,1.999563,1.962785,2.042603,1.969225,2.000620,1.890471,2.049456,1.797228,0.109818,0.137364,0.070050,0.146542,0.281081,0.143241,0.513691,1.691484,0.579257
31.266667,1.999559,1.962812,2.042640,1.969280,2.000623,1.890670,2.049530,1.797207,0.109821,0.137372,0.070026,0.146545,0.281080,0.143241,0.513686,1.691316,0.579641
31.283333,1.999557,1.962825,2.042661,1.969309,2.000624,1.890778,2.049571,1.797195,0.109824,0.137376,0.070013,0.146547,0.281080,0.143242,0.513680,1.691233,0.579844
31.300000,1.999556,1.962832,2.042672,1.969324,2.000624,1.890836,2.049592,1.797190,0.109825,0.137379,0.070007,0.146548,0.281080,0.143241,0.513674,1.691193,0.579951
31.316667,1.999555,1.962835,2.042678,1.969331,2.000624,1.890867,2.049604,1.797187,0.109825,0.137380,0.070004,0.146548,0.281080,0.143241,0.513668,1.691176,0.580005
31.333333,1.999555,1.962836,2.042682,1.969335,2.000625,1.890884,2.049610,1.797185,0.109826,0.137381,0.070002,0.146549,0.281081,0.143241,0.513662,1.691171,0.580032
31.350000,1.999555,1.962837,2.042684,1.969336,2.000625,1.890893,2.049613,1.797184,0.109826,0.137381,0.070001,0.146549,0.281081,0.143240,0.513656,1.691171,0.580044
31.366667,1.999555,1.962836,2.042686,1.969337,2.000625,1.890898,2.049615,1.797184,0.109826,0.137381,0.070000,0.146549,0.281082,0.143240,0.513651,1.691174,0.580048
31.383333,1.999555,1.962836,2.042687,1.969337,2.000625,1.890900,2.049615,1.797184,0.109826,0.137382,0.070000,0.146549,0.281082,0.143240,0.513647,1.691179,0.580048
31.400000,1.999555,1.962835,2.042687,1.969336,2.000625,1.890901,2.049616,1.797184,0.109826,0.137382,0.070000,0.146548,0.281083,0.143240,0.513642,1.691184,0.580046
31.416667,1.999555,1.962835,2.042688,1.969336,2.000624,1.890902,2.049616,1.797184,0.109826,0.137382,0.070000,0.146548,0.281083,0.143239,0.513639,1.691189,0.580044
31.433333,1.999555,1.962834,2.042688,1.969336,2.000624,1.890902,2.049616,1.797184,0.109826,0.137382,0.070000,0.146548,0.281083,0.143239,0.513635,1.691193,0.580041
31.450000,1.999555,1.962834,2.042689,1.969335,2.000624,1.890902,2.049616,1.797184,0.109827,0.137382,0.070000,0.146548,0.281084,0.143239,0.513632,1.691198,0.580038
31.466667,1.999555,1.962833,2.042689,1.969335,2.000624,1.890902,2.049616,1.797184,0.109827,0.137382,0.070000,0.146548,0.281084,0.143239,0.513629,1.691202,0.580035
31.483333,1.999555,1.962833,2.042689,1.969334,2.000624,1.890902,2.049616,1.797184,0.109827,0.137382,0.070000,0.146548,0.281084,0.143238,0.513627,1.691205,0.580033
31.500000,1.999555,1.962833,2.042689,1.969334,2.000624,1.890902,2.049616,1.797184,0.109827,0.137382,0.070000,0.146548,0.281084,0.143238,0.513625,1.691208,0.580030
31.516667,1.999555,1.962832,2.042690,1.969334,2.000624,1.890902,2.049616,1.797184,0.109827,0.137382,0.070000,0.146548,0.281085,0.143238,0.513623,1.691212,0.580028
31.533333,1.999554,1.962837,2.042723,1.968018,2.000649,1.890896,2.049611,1.797184,0.109979,0.137269,0.070144,0.146329,0.281080,0.143200,0.513661,1.691311,0.580365
31.550000,1.999553,1.962846,2.042788,1.966592,2.000672,1.890885,2.049602,1.797184,0.110284,0.137032,0.070433,0.145851,0.281070,0.143116,0.513739,1.691504,0.580724
31.566667,1.999571,1.961944,2.043294,1.965728,2.000701,1.890873,2.049592,1.797192,0.110586,0.136824,0.070355,0.145428,0.281071,0.143052,0.508245,1.703811,0.576893
31.583333,1.999600,1.960403,2.043295,1.966027,2.000847,1.890880,2.049582,1.797210,0.108727,0.135427,0.070875,0.146008,0.281138,0.143404,0.502150,1.714011,0.567140
31.600000,1.999629,1.959027,2.043543,1.965963,2.001041,1.891199,2.049826,1.797255,0.107292,0.132627,0.072098,0.145593,0.281428,0.144542,0.496357,1.724767,0.555454
31.616667,1.999654,1.957743,2.043765,1.965790,2.001194,1.891920,2.050381,1.797325,0.105894,0.129787,0.073721,0.144926,0.281871,0.145552,0.490613,1.732656,0.543285
31.633333,1.999614,1.956539,2.044996,1.965510,2.001339,1.895878,2.051476,1.797484,0.104493,0.126959,0.076512,0.143628,0.282585,0.146288,0.484948,1.743692,0.538501
31.650000,1.999491,1.955346,2.046521,1.965007,2.001511,1.906007,2.053794,1.797833,0.102999,0.124549,0.080041,0.141348,0.284096,0.146193,0.479390,1.756093,0.536753
31.666667,1.999403,1.953867,2.048939,1.964709,2.001649,1.903821,2.054024,1.798242,0.101638,0.122445,0.082230,0.138945,0.285909,0.145941,0.471326,1.780387,0.536734
31.683333,1.999393,1.952122,2.051675,1.964363,2.001805,1.900054,2.054172,1.799201,0.100628,0.120622,0.084992,0.136426,0.289183,0.144889,0.454426,1.804901,0.532419
31.700000,1.999385,1.950701,2.054242,1.964077,2.001962,1.896644,2.054423,1.800184,0.099774,0.118914,0.088443,0.133836,0.292710,0.143859,0.435571,1.823747,0.527891
31.716667,1.999370,1.948863,2.057163,1.963533,2.002187,1.894434,2.054826,1.801161,0.099235,0.117242,0.092397,0.131219,0.296452,0.143005,0.417908,1.840294,0.512828
31.733333,1.999349,1.947194,2.060771,1.962734,2.002458,1.885349,2.053956,1.802333,0.099156,0.115804,0.096746,0.129132,0.301826,0.141775,0.398913,1.856985,0.488642
31.750000,1.999344,1.945626,2.064227,1.961478,2.002716,1.871308,2.052277,1.802100,0.099347,0.114951,0.099866,0.127704,0.306752,0.140711,0.382512,1.872067,0.463105
31.766667,1.999574,1.943175,2.065594,1.960613,2.002978,1.857788,2.050702,1.805138,0.099732,0.114813,0.102077,0.127055,0.306658,0.139911,0.371359,1.879100,0.434957
31.783333,1.999991,1.940392,2.065232,1.959682,2.003231,1.839740,2.048634,1.812880,0.100263,0.115135,0.102639,0.127169,0.301198,0.139535,0.361380,1.877873,0.408058
31.800000,2.000470,1.937251,2.064228,1.958776,2.003584,1.816254,2.046144,1.820547,0.100710,0.115743,0.104185,0.127835,0.293788,0.139440,0.353424,1.875881,0.390947
31.816667,2.000979,1.933941,2.062885,1.957643,2.004017,1.792182,2.043913,1.828229,0.101063,0.116422,0.106143,0.128766,0.285712,0.139537,0.343756,1.875511,0.382779
31.833333,2.001495,1.932150,2.061344,1.956144,2.004437,1.779082,2.042893,1.836015,0.101322,0.117013,0.108479,0.129708,0.277735,0.139773,0.336483,1.873484,0.376525
31.850000,2.002051,1.933072,2.060124,1.954283,2.004827,1.766717,2.041902,1.841873,0.101519,0.117630,0.110941,0.130830,0.269964,0.140105,0.333020,1.873281,0.371124
31.866667,2.002669,1.933453,2.058557,1.956034,2.005153,1.753986,2.040829,1.843661,0.101784,0.118970,0.112045,0.132724,0.262449,0.140818,0.329276,1.871588,0.369425
31.883333,2.003259,1.933529,2.056767,1.955013,2.005334,1.741167,2.039598,1.843084,0.101722,0.120481,0.112446,0.135056,0.255302,0.141774,0.323346,1.868514,0.371078
31.900000,2.003778,1.933674,2.055074,1.950566,2.005385,1.726717,2.038156,1.841095,0.101915,0.122078,0.111489,0.137411,0.248512,0.142855,0.315522,1.867430,0.374327
31.916667,2.004198,1.933477,2.053083,1.944873,2.005419,1.712519,2.036847,1.838070,0.102515,0.123790,0.110277,0.139884,0.242063,0.144124,0.311024,1.864030,0.377309
31.933333,2.004508,1.931728,2.050942,1.937965,2.005435,1.702127,2.036011,1.834664,0.103494,0.125514,0.109654,0.142263,0.235940,0.145502,0.308382,1.857792,0.379482
31.950000,2.004681,1.931638,2.048853,1.928079,2.005431,1.694259,2.035551,1.830164,0.104454,0.127068,0.109235,0.144724,0.230408,0.147144,0.303872,1.849144,0.386051
31.966667,2.004630,1.931787,2.047281,1.917174,2.005452,1.687998,2.035320,1.819373,0.105196,0.129175,0.108785,0.145595,0.228780,0.147856,0.304000,1.839512,0.391406
31.983333,2.004536,1.931543,2.046329,1.909688,2.005395,1.682564,2.035217,1.817736,0.106971,0.132658,0.108136,0.147254,0.222378,0.148458,0.304805,1.833621,0.395944
32.000000,2.004353,1.933591,2.045262,1.901919,2.005319,1.677726,2.035186,1.814563,0.108712,0.136296,0.107729,0.148672,0.217210,0.148821,0.302360,1.824826,0.396526
32.016667,2.004139,1.934307,2.044723,1.894367,2.005193,1.673274,2.035193,1.807177,0.110535,0.140290,0.107302,0.151185,0.213445,0.149046,0.304069,1.816087,0.397199
32.033333,2.003947,1.931538,2.044667,1.889692,2.005023,1.669178,2.035226,1.794549,0.112068,0.144189,0.106520,0.154478,0.211481,0.149256,0.310053,1.812934,0.394699
32.050000,2.003716,1.925721,2.045037,1.892724,2.004798,1.665298,2.035276,1.787175,0.112517,0.149098,0.105078,0.158535,0.209446,0.149256,0.314531,1.820158,0.391863
32.066667,2.003516,1.921419,2.045494,1.898167,2.004507,1.661544,2.035329,1.786851,0.113026,0.152624,0.103815,0.160507,0.208862,0.149016,0.315142,1.828038,0.390555
32.083333,2.003325,1.917294,2.045973,1.901231,2.004335,1.657993,2.035379,1.792542,0.113587,0.153150,0.102737,0.159839,0.208708,0.147877,0.315269,1.835834,0.393454
32.100000,2.003170,1.910509,2.046525,1.898217,2.004258,1.654720,2.035429,1.803236,0.114543,0.153584,0.101662,0.158253,0.207841,0.145769,0.318928,1.845582,0.397056
32.116667,2.003061,1.904507,2.047015,1.894750,2.004211,1.651708,2.035482,1.814868,0.116385,0.153356,0.100838,0.156022,0.206587,0.144480,0.322029,1.853653,0.398586
32.133333,2.002936,1.897964,2.047479,1.895670,2.004194,1.648999,2.035533,1.827390,0.115944,0.149983,0.099976,0.154445,0.206664,0.144243,0.325297,1.861548,0.405756
32.150000,2.002888,1.891755,2.047889,1.897466,2.004198,1.646520,2.035584,1.833963,0.115534,0.147112,0.099167,0.152884,0.207886,0.144210,0.328399,1.868415,0.413495
32.166667,2.002873,1.885946,2.048250,1.899716,2.004204,1.644373,2.035636,1.835478,0.115273,0.145285,0.098442,0.151117,0.209540,0.144186,0.331258,1.874420,0.422747
32.183333,2.002862,1.880745,2.048563,1.902870,2.004189,1.642563,2.035683,1.836164,0.114981,0.144293,0.097810,0.149500,0.211352,0.144386,0.333794,1.879492,0.435341
32.200000,2.002861,1.876302,2.048822,1.906415,2.004163,1.641125,2.035723,1.836280,0.114401,0.143540,0.097287,0.148807,0.212570,0.145169,0.335934,1.883639,0.450598
32.216667,2.002849,1.872764,2.049026,1.911229,2.004136,1.640064,2.035757,1.836425,0.113857,0.143675,0.096901,0.149039,0.213728,0.145813,0.337607,1.886843,0.464165
32.233333,2.002841,1.870254,2.049177,1.916457,2.004120,1.639364,2.035785,1.836501,0.112579,0.143641,0.096637,0.149852,0.214736,0.146360,0.338764,1.889102,0.475089
32.250000,2.002833,1.868784,2.049277,1.919029,2.004219,1.638941,2.035806,1.836609,0.111751,0.143651,0.096483,0.150457,0.215376,0.146673,0.339426,1.890460,0.479207
32.266667,2.002816,1.867993,2.049335,1.920290,2.004292,1.638693,2.035819,1.837314,0.111384,0.143667,0.096381,0.150860,0.215551,0.146756,0.339787,1.891206,0.481226
32.283333,2.002804,1.867570,2.049366,1.920964,2.004332,1.638562,2.035826,1.837800,0.111213,0.143671,0.096326,0.151051,0.215619,0.146806,0.339984,1.891605,0.482306
32.300000,2.002798,1.867345,2.049383,1.921329,2.004353,1.638495,2.035830,1.838064,0.111121,0.143674,0.096296,0.151154,0.215656,0.146834,0.340093,1.891817,0.482894
32.316667,2.002794,1.867227,2.049392,1.921525,2.004365,1.638462,2.035832,1.838210,0.111070,0.143673,0.096280,0.151209,0.215676,0.146850,0.340150,1.891928,0.483200
32.333333,2.002792,1.867167,2.049397,1.921629,2.004371,1.638447,2.035833,1.838289,0.111042,0.143672,0.096272,0.151239,0.215687,0.146858,0.340179,1.891986,0.483359
32.350000,2.002791,1.867137,2.049399,1.920091,2.004174,1.638443,2.035835,1.838330,0.111025,0.143667,0.096278,0.151256,0.215693,0.146863,0.340192,1.892014,0.483835
32.366667,2.002791,1.867123,2.049400,1.917562,2.003865,1.638444,2.035836,1.838351,0.111005,0.143655,0.096294,0.151266,0.215698,0.146867,0.340196,1.892026,0.484597
32.383333,2.002791,1.867118,2.049399,1.914746,2.003542,1.638448,2.035838,1.838362,0.110986,0.143643,0.096312,0.151273,0.215701,0.146869,0.340197,1.892031,0.485512
32.400000,2.002790,1.867117,2.049399,1.911568,2.003199,1.638453,2.035839,1.838366,0.110963,0.143627,0.096333,0.151277,0.215703,0.146871,0.340195,1.892030,0.486597
32.416667,2.002790,1.867117,2.049398,1.908027,2.002845,1.638458,2.035841,1.838368,0.110933,0.143609,0.096359,0.151280,0.215705,0.146873,0.340192,1.892028,0.487826
32.433333,2.002548,1.867119,2.049396,1.904144,2.002488,1.638464,2.035842,1.835302,0.110894,0.143589,0.096390,0.151289,0.216121,0.147002,0.340189,1.892025,0.489149
32.450000,2.002221,1.867122,2.049395,1.900600,2.002137,1.638471,2.035844,1.831117,0.110854,0.143583,0.096445,0.151301,0.216701,0.147180,0.340190,1.892022,0.487382
32.466667,2.001961,1.867206,2.049530,1.900076,2.001836,1.638477,2.035845,1.827576,0.110601,0.143530,0.097719,0.151299,0.217178,0.147321,0.340275,1.893595,0.485012
32.483333,2.001753,1.867343,2.049959,1.900567,2.001542,1.638482,2.035846,1.824643,0.110190,0.143427,0.098538,0.151291,0.217567,0.147432,0.340423,1.899837,0.486500
32.500000,2.001604,1.867506,2.050419,1.900087,2.001226,1.638487,2.035846,1.822436,0.109774,0.143326,0.099207,0.151277,0.217853,0.147509,0.343636,1.906168,0.487204
32.516667,2.001524,1.867766,2.050893,1.899902,2.001052,1.638490,2.035846,1.820969,0.109567,0.143292,0.098471,0.151250,0.218027,0.147538,0.362296,1.912095,0.488648
32.533333,2.001499,1.874239,2.049239,1.901302,2.001015,1.638490,2.035843,1.820133,0.109419,0.143262,0.097201,0.151224,0.218121,0.147545,0.378908,1.906892,0.495001
32.550000,2.001486,1.884807,2.047131,1.903833,2.001075,1.638488,2.035839,1.819629,0.109276,0.143221,0.095828,0.151187,0.218156,0.147531,0.395196,1.900280,0.506828
32.566667,2.001421,1.894027,2.045582,1.906644,2.001187,1.638486,2.035835,1.819368,0.109134,0.143173,0.095244,0.151153,0.218152,0.147498,0.407804,1.888458,0.520479
32.583333,2.001308,1.901541,2.044273,1.909916,2.001352,1.640624,2.035938,1.819195,0.109060,0.143190,0.093344,0.151222,0.218009,0.147434,0.411050,1.872837,0.532224
32.600000,2.001247,1.907477,2.042994,1.912520,2.001502,1.666228,2.037459,1.819191,0.109094,0.143364,0.090290,0.152006,0.217689,0.146601,0.404768,1.855907,0.540963
32.616667,2.001211,1.911845,2.041755,1.914306,2.001602,1.690835,2.039179,1.819172,0.109229,0.143568,0.086312,0.152676,0.217212,0.145977,0.403889,1.837716,0.546967
32.633333,2.001185,1.917407,2.040496,1.915219,2.001541,1.703210,2.039903,1.819259,0.109649,0.144693,0.081407,0.152813,0.215712,0.144572,0.403460,1.818016,0.550572
32.650000,2.001147,1.921555,2.039476,1.915702,2.001461,1.721548,2.041287,1.819357,0.109965,0.145974,0.078264,0.152039,0.213952,0.142940,0.398512,1.799828,0.551085
32.666667,2.001082,1.925544,2.039308,1.916371,2.001390,1.745124,2.043490,1.819505,0.108197,0.145827,0.076253,0.151965,0.213331,0.141897,0.389975,1.792404,0.552795
32.683333,2.001000,1.928720,2.039527,1.917686,2.001321,1.772211,2.046129,1.820537,0.107285,0.145189,0.075869,0.150468,0.213441,0.141587,0.375355,1.790134,0.565634
32.700000,2.000873,1.931450,2.040047,1.923720,2.001227,1.803541,2.049435,1.824886,0.107090,0.144066,0.076978,0.149208,0.214298,0.142046,0.360092,1.791552,0.562095
32.716667,2.000767,1.933540,2.040682,1.933513,2.001101,1.827623,2.051907,1.828636,0.107359,0.143582,0.079745,0.148010,0.213024,0.143193,0.345533,1.793495,0.548443
32.733333,2.000661,1.931482,2.041430,1.941689,2.000970,1.852406,2.054375,1.832514,0.107367,0.143550,0.083545,0.147737,0.213943,0.143159,0.342368,1.796832,0.535569
32.750000,2.000577,1.928286,2.042290,1.947979,2.000827,1.876338,2.056274,1.835675,0.107392,0.143135,0.088050,0.147273,0.215326,0.142804,0.349355,1.801514,0.523429
32.766667,2.000493,1.926734,2.043216,1.948442,2.000719,1.899094,2.058276,1.837603,0.108299,0.142985,0.092154,0.146520,0.217020,0.142858,0.358660,1.808033,0.509074
32.783333,2.000381,1.928890,2.043977,1.946843,2.000618,1.912379,2.058358,1.837327,0.109626,0.142685,0.096514,0.145056,0.218831,0.143212,0.356624,1.813152,0.494578
32.800000,2.000257,1.930138,2.044753,1.947072,2.000528,1.923748,2.058251,1.830230,0.110580,0.141902,0.101284,0.143299,0.221312,0.143575,0.356988,1.818324,0.485011
32.816667,2.000159,1.932464,2.045546,1.947071,2.000426,1.935995,2.058296,1.824475,0.111034,0.141085,0.105934,0.141751,0.224116,0.143460,0.360171,1.823615,0.479343
32.833333,2.000067,1.936468,2.046367,1.947256,2.000309,1.941931,2.057574,1.819682,0.111094,0.139983,0.111159,0.140762,0.226925,0.143662,0.365924,1.828593,0.476392
32.850000,1.999975,1.940192,2.047561,1.948139,2.000221,1.942730,2.056223,1.814546,0.110306,0.138419,0.117243,0.140713,0.229096,0.144981,0.376965,1.830135,0.474334
32.866667,1.999888,1.943463,2.048837,1.948644,2.000151,1.941646,2.054754,1.810786,0.109065,0.136832,0.123873,0.141644,0.230189,0.146773,0.390994,1.829943,0.478404
32.883333,1.999811,1.945524,2.048870,1.950823,2.000147,1.943545,2.054463,1.806947,0.107347,0.134895,0.131320,0.142633,0.230246,0.148983,0.401145,1.822897,0.486133
32.900000,1.999737,1.948114,2.048880,1.952478,2.000131,1.945899,2.054703,1.803428,0.106318,0.133913,0.141894,0.143433,0.230986,0.150676,0.409618,1.812789,0.492150
32.916667,1.999662,1.951058,2.049005,1.952970,2.000104,1.947438,2.055046,1.801636,0.105554,0.133147,0.154836,0.142700,0.236274,0.150697,0.423204,1.800991,0.496536
32.933333,1.999592,1.954401,2.049333,1.954227,2.000117,1.948596,2.055506,1.800545,0.104758,0.132981,0.168028,0.142025,0.243408,0.149994,0.443840,1.793579,0.505175
32.950000,1.999523,1.957531,2.049582,1.955887,2.000149,1.945445,2.053976,1.800606,0.103895,0.132821,0.177961,0.141324,0.251951,0.149155,0.469692,1.786314,0.513695
32.966667,1.999452,1.960291,2.049868,1.956846,2.000158,1.941986,2.052414,1.801439,0.103075,0.132399,0.186020,0.140303,0.262319,0.148186,0.492125,1.775467,0.519132
32.983333,1.999381,1.962324,2.049870,1.957278,2.000149,1.938517,2.050906,1.802880,0.102316,0.131771,0.196016,0.139062,0.274243,0.147218,0.508426,1.759446,0.523136
33.000000,1.999347,1.964205,2.049974,1.958205,2.000138,1.934842,2.049579,1.805009,0.101636,0.131085,0.208519,0.137827,0.287590,0.146406,0.525677,1.745920,0.526185
33.016667,1.999325,1.965704,2.050131,1.959216,2.000118,1.931213,2.048907,1.807436,0.100876,0.130224,0.223639,0.136582,0.302295,0.145747,0.539189,1.737868,0.529475
33.033333,1.999294,1.966905,2.049758,1.960227,2.000097,1.928580,2.048670,1.809997,0.099907,0.128825,0.241279,0.135537,0.319265,0.145445,0.549274,1.733038,0.532677
33.050000,1.999250,1.967753,2.049438,1.961223,2.000069,1.926552,2.048668,1.812708,0.098627,0.126835,0.264525,0.134685,0.339042,0.145490,0.554878,1.732831,0.535653
33.066667,1.999163,1.968661,2.049105,1.962136,2.000049,1.924786,2.048779,1.819460,0.098547,0.126341,0.276580,0.134023,0.359377,0.144041,0.560495,1.734904,0.538559
33.083333,1.999076,1.969715,2.048506,1.962986,2.000038,1.923176,2.048952,1.826572,0.099356,0.126710,0.273822,0.133541,0.378293,0.141802,0.569354,1.733934,0.541521
33.100000,1.998995,1.970762,2.048121,1.963913,2.000072,1.921758,2.049158,1.833153,0.100321,0.127402,0.267497,0.133479,0.392508,0.139757,0.578761,1.731695,0.547511
33.116667,1.998950,1.971790,2.047656,1.964742,2.000100,1.920501,2.049376,1.836464,0.101467,0.127983,0.253781,0.133356,0.402429,0.138668,0.588620,1.731262,0.551861
33.133333,1.998936,1.972799,2.047008,1.965628,2.000137,1.919390,2.049579,1.838166,0.102583,0.128513,0.240708,0.133155,0.408016,0.138042,0.599085,1.727790,0.555763
33.150000,1.998920,1.973696,2.046594,1.966457,2.000157,1.918418,2.049782,1.839479,0.103471,0.128886,0.227440,0.132957,0.410184,0.137761,0.608569,1.727777,0.557701
33.166667,1.998917,1.974245,2.046443,1.967111,2.000174,1.917586,2.049968,1.840143,0.104109,0.129135,0.220269,0.132791,0.411255,0.137642,0.613571,1.728698,0.559494
33.183333,1.998906,1.974686,2.046517,1.967616,2.000189,1.916897,2.050134,1.840609,0.104608,0.129317,0.213483,0.132651,0.411513,0.137571,0.617443,1.732105,0.561179
33.200000,1.998903,1.975056,2.046453,1.968067,2.000217,1.916351,2.050278,1.840874,0.104876,0.129389,0.209054,0.132581,0.411488,0.137554,0.620775,1.732637,0.563279
33.216667,1.998894,1.975337,2.046416,1.968415,2.000238,1.915955,2.050398,1.841275,0.105052,0.129442,0.205612,0.132547,0.410889,0.137554,0.623338,1.733193,0.564896
33.233333,1.998891,1.975501,2.046420,1.968632,2.000249,1.915710,2.050491,1.841400,0.105158,0.129476,0.203520,0.132531,0.410699,0.137575,0.624850,1.733715,0.566059
33.250000,1.998886,1.975591,2.046427,1.968752,2.000252,1.915589,2.050556,1.841461,0.105218,0.129496,0.202334,0.132523,0.410596,0.137588,0.625693,1.734044,0.566725
33.266667,1.998882,1.975638,2.046429,1.968815,2.000253,1.915526,2.050594,1.841494,0.105250,0.129507,0.201697,0.132519,0.410530,0.137595,0.626138,1.734203,0.567082
33.283333,1.998880,1.975663,2.046429,1.968849,2.000253,1.915493,2.050614,1.841510,0.105267,0.129513,0.201355,0.132517,0.410487,0.137600,0.626367,1.734278,0.567271
33.300000,1.998879,1.975675,2.046429,1.968867,2.000253,1.915475,2.050625,1.841517,0.105276,0.129516,0.201171,0.132517,0.410457,0.137602,0.626482,1.734317,0.567371
33.316667,1.998879,1.975682,2.046430,1.968876,2.000253,1.915465,2.050631,1.841520,0.105281,0.129518,0.201069,0.132517,0.410434,0.137604,0.626537,1.734343,0.567422
33.333333,1.998879,1.975684,2.046431,1.968881,2.000253,1.915460,2.050634,1.841521,0.105283,0.129519,0.201013,0.132517,0.410417,0.137605,0.626560,1.734365,0.567447
33.350000,1.998878,1.975686,2.046432,1.968883,2.000253,1.915458,2.050636,1.841520,0.105284,0.129519,0.200981,0.132518,0.410402,0.137606,0.626566,1.734378,0.567459
33.366667,1.998878,1.975686,2.046433,1.968883,2.000253,1.915456,2.050637,1.841519,0.105285,0.129520,0.200962,0.132518,0.410390,0.137607,0.626565,1.734387,0.567463
33.383333,1.998878,1.975685,2.046434,1.968883,2.000253,1.915456,2.050638,1.841518,0.105285,0.129520,0.200951,0.132519,0.410379,0.137607,0.626559,1.734393,0.567464
33.400000,1.998878,1.975685,2.046435,1.968883,2.000253,1.915456,2.050638,1.841516,0.105285,0.129520,0.200944,0.132519,0.410370,0.137608,0.626552,1.734397,0.567463
33.416667,1.998878,1.975684,2.046435,1.968883,2.000253,1.915456,2.050638,1.841515,0.105285,0.129520,0.200939,0.132520,0.410362,0.137608,0.626544,1.734400,0.567461
33.433333,1.998878,1.975684,2.046436,1.968882,2.000253,1.915456,2.050638,1.841513,0.105285,0.129521,0.200936,0.132520,0.410354,0.137609,0.626536,1.734403,0.567459
33.450000,1.998880,1.975615,2.046550,1.968881,2.000253,1.915456,2.050639,1.841513,0.105283,0.129519,0.200852,0.132522,0.410349,0.137610,0.624690,1.736207,0.567455
33.466667,1.998888,1.975846,2.047200,1.968878,2.000252,1.915457,2.050639,1.841515,0.105277,0.129514,0.200508,0.132528,0.410347,0.137616,0.622385,1.748308,0.567448
33.483333,1.998905,1.975732,2.048360,1.968869,2.000248,1.915457,2.050639,1.841521,0.105264,0.129500,0.199934,0.132538,0.410350,0.137626,0.622284,1.768805,0.567435
33.500000,1.998926,1.975576,2.049826,1.969052,2.000278,1.915451,2.050634,1.841529,0.105416,0.129451,0.200335,0.132271,0.410351,0.137585,0.623970,1.791073,0.571914
33.516667,1.998951,1.975540,2.049964,1.969356,2.000328,1.915443,2.050627,1.841537,0.105055,0.129066,0.200256,0.132184,0.410357,0.137585,0.628527,1.805350,0.578208
33.533333,1.998982,1.975347,2.049407,1.968482,2.000440,1.915431,2.050617,1.841548,0.103135,0.127664,0.200100,0.132678,0.410377,0.137709,0.634894,1.816290,0.585383
33.550000,1.999011,1.975814,2.049445,1.967465,2.000563,1.915418,2.050606,1.841558,0.100908,0.126053,0.200329,0.133314,0.410400,0.137864,0.634047,1.821497,0.592399
33.566667,1.999042,1.977344,2.049666,1.966367,2.000672,1.915395,2.050598,1.841588,0.099433,0.123670,0.199753,0.133116,0.410544,0.138571,0.609048,1.823301,0.596857
33.583333,1.999090,1.978299,2.049860,1.965186,2.000771,1.915368,2.050592,1.841639,0.098396,0.120920,0.198418,0.132519,0.410755,0.139573,0.576870,1.824693,0.599581
33.600000,1.999131,1.978115,2.050282,1.963947,2.000872,1.915546,2.050722,1.841683,0.097432,0.118225,0.197020,0.131992,0.410964,0.140601,0.545173,1.827161,0.601351
33.616667,1.999167,1.977877,2.052104,1.962665,2.000977,1.916095,2.051081,1.841721,0.096543,0.115583,0.198337,0.131532,0.411170,0.141651,0.515153,1.837924,0.602619
33.633333,1.999178,1.977716,2.054954,1.961861,2.001087,1.920480,2.052241,1.841770,0.095549,0.113111,0.200667,0.131301,0.411364,0.142641,0.483989,1.855846,0.597090
33.650000,1.999071,1.977245,2.058427,1.961683,2.001190,1.922016,2.052916,1.841934,0.094832,0.111203,0.200631,0.131230,0.411546,0.143356,0.454105,1.879966,0.568718
33.666667,1.998985,1.975943,2.062098,1.961543,2.001309,1.914182,2.052063,1.842278,0.094402,0.109754,0.200939,0.130219,0.412613,0.143622,0.426673,1.903998,0.543443
33.683333,1.999003,1.974125,2.065400,1.961544,2.001435,1.906283,2.051486,1.844727,0.094621,0.108266,0.202211,0.127846,0.415032,0.143308,0.398714,1.922438,0.526252
33.700000,1.999022,1.972725,2.066530,1.961518,2.001598,1.898965,2.051123,1.850397,0.094864,0.106940,0.198895,0.125708,0.415471,0.142710,0.373126,1.930762,0.512251
33.716667,1.999025,1.971615,2.066965,1.961486,2.001796,1.893068,2.050997,1.856147,0.095309,0.105874,0.195523,0.123601,0.416014,0.142069,0.349462,1.935708,0.490810
33.733333,1.999087,1.969140,2.067273,1.961456,2.001978,1.890063,2.051257,1.862057,0.095888,0.105572,0.193238,0.121843,0.415469,0.141363,0.330924,1.940277,0.462342
33.750000,1.999418,1.965495,2.067297,1.961457,2.002123,1.889685,2.051819,1.869187,0.096463,0.106182,0.194071,0.121164,0.406877,0.141014,0.316846,1.941897,0.431759
33.766667,1.999899,1.962090,2.066870,1.961483,2.002248,1.887373,2.051939,1.876523,0.097192,0.107183,0.196196,0.121122,0.398522,0.140043,0.313995,1.940278,0.401703
33.783333,2.000417,1.958750,2.065583,1.961564,2.002403,1.878343,2.050954,1.883037,0.097939,0.108281,0.201429,0.121653,0.388570,0.139226,0.326028,1.934290,0.375584
33.800000,2.000943,1.955393,2.064254,1.961816,2.002688,1.863596,2.049185,1.888693,0.098602,0.109645,0.199139,0.122789,0.376613,0.138707,0.336850,1.937006,0.360025
33.816667,2.001465,1.951729,2.062677,1.961904,2.002957,1.843722,2.046914,1.893661,0.099095,0.111161,0.200501,0.124333,0.364065,0.138431,0.346302,1.937774,0.345836
33.833333,2.002034,1.947700,2.060979,1.961794,2.003203,1.822788,2.044814,1.898626,0.099481,0.112501,0.200520,0.125870,0.352257,0.138388,0.355097,1.937684,0.332787
33.850000,2.002657,1.945145,2.059080,1.963702,2.003385,1.809181,2.043731,1.901171,0.099377,0.113986,0.194763,0.127462,0.341555,0.138627,0.367554,1.936257,0.332337
33.866667,2.003270,1.943706,2.057103,1.965231,2.003498,1.794806,2.042508,1.901022,0.098423,0.115816,0.188552,0.130441,0.331759,0.139375,0.374172,1.932988,0.340472
33.883333,2.003808,1.943689,2.055627,1.965533,2.003583,1.781178,2.041266,1.899240,0.097591,0.117614,0.185979,0.133580,0.322848,0.140229,0.374986,1.927428,0.350207
33.900000,2.004254,1.945428,2.054257,1.965097,2.003489,1.768281,2.040187,1.896313,0.097162,0.119790,0.184468,0.136803,0.314606,0.141056,0.373194,1.920825,0.360078
33.916667,2.004601,1.947608,2.052838,1.961677,2.003430,1.755203,2.039329,1.892646,0.096541,0.121575,0.181847,0.139739,0.306933,0.141882,0.369565,1.913156,0.364586
33.933333,2.004849,1.948164,2.051587,1.955512,2.003461,1.743946,2.038602,1.888602,0.096116,0.122618,0.174609,0.142188,0.299742,0.142815,0.364458,1.906286,0.366102
33.950000,2.004895,1.948379,2.050481,1.949538,2.003640,1.733756,2.038019,1.880636,0.095608,0.123252,0.170202,0.144536,0.295917,0.144527,0.360829,1.899796,0.374533
33.966667,2.004820,1.949458,2.049749,1.942219,2.003872,1.724222,2.037446,1.871082,0.095028,0.123587,0.168418,0.146334,0.292594,0.146785,0.356773,1.893231,0.379089
33.983333,2.004808,1.951692,2.049785,1.933683,2.004119,1.717507,2.037097,1.867354,0.094701,0.124837,0.167428,0.147613,0.289243,0.146832,0.352348,1.888714,0.383804
34.000000,2.004698,1.952815,2.050298,1.928280,2.004270,1.712436,2.036942,1.864618,0.095152,0.127477,0.165408,0.149407,0.281567,0.147208,0.348465,1.889703,0.386149
34.016667,2.004501,1.953053,2.050039,1.926567,2.004462,1.708123,2.036899,1.860446,0.095995,0.130635,0.164083,0.151359,0.272570,0.148114,0.344744,1.889051,0.384357
34.033333,2.004361,1.952897,2.050185,1.922077,2.004470,1.704354,2.036921,1.856015,0.096934,0.134113,0.161922,0.153921,0.261204,0.149955,0.341266,1.889342,0.382248
34.050000,2.004176,1.951948,2.050601,1.920087,2.004406,1.700813,2.036979,1.852173,0.098236,0.138046,0.158204,0.156127,0.253630,0.150637,0.336573,1.891328,0.380626
34.066667,2.003940,1.950841,2.051045,1.918136,2.004271,1.697487,2.037045,1.845069,0.100056,0.140778,0.155642,0.156985,0.251956,0.150238,0.332004,1.894379,0.379843
34.083333,2.003661,1.947649,2.051619,1.912611,2.004149,1.694296,2.037120,1.843144,0.101969,0.141818,0.153514,0.156396,0.249073,0.149860,0.331862,1.899936,0.380594
34.100000,2.003361,1.942926,2.052337,1.909928,2.004063,1.691306,2.037199,1.846598,0.103812,0.142660,0.151425,0.155974,0.244649,0.148588,0.333743,1.907615,0.379933
34.116667,2.003145,1.937482,2.053071,1.909458,2.003999,1.688536,2.037280,1.854747,0.105367,0.143842,0.149448,0.156016,0.241667,0.147284,0.335848,1.915954,0.381924
34.133333,2.002938,1.932126,2.053796,1.910358,2.003944,1.685900,2.037354,1.864523,0.106638,0.145396,0.147843,0.155901,0.240718,0.145752,0.338200,1.923405,0.386141
34.150000,2.002730,1.927234,2.054411,1.913304,2.003918,1.683528,2.037422,1.875357,0.106978,0.145161,0.146071,0.155132,0.239353,0.144797,0.340438,1.930009,0.396202
34.166667,2.002666,1.922774,2.054972,1.916618,2.003883,1.681514,2.037491,1.879959,0.107597,0.145971,0.144766,0.155216,0.237251,0.143571,0.342663,1.935401,0.407407
34.183333,2.002615,1.918299,2.055866,1.920063,2.003837,1.679745,2.037552,1.882358,0.108376,0.146867,0.143204,0.154833,0.236599,0.142776,0.344834,1.941135,0.421018
34.200000,2.002561,1.914647,2.056501,1.923040,2.003818,1.678232,2.037610,1.884171,0.108859,0.147630,0.141985,0.154337,0.237600,0.142371,0.346696,1.945426,0.431461
34.216667,2.002513,1.911980,2.056936,1.926041,2.003799,1.677022,2.037661,1.885505,0.109624,0.147576,0.141094,0.153264,0.238986,0.142706,0.348118,1.948388,0.442022
34.233333,2.002481,1.910201,2.057268,1.930456,2.003781,1.676291,2.037702,1.886314,0.109391,0.147640,0.140488,0.153391,0.239992,0.143221,0.349061,1.950378,0.451823
34.250000,2.002464,1.909200,2.057483,1.932556,2.003900,1.675910,2.037733,1.886748,0.108898,0.147675,0.140123,0.153880,0.240539,0.143614,0.349594,1.951556,0.456598
34.266667,2.002456,1.908660,2.057616,1.933522,2.003989,1.675696,2.037752,1.886988,0.108567,0.147759,0.139893,0.154204,0.240868,0.143788,0.349884,1.952236,0.459123
34.283333,2.002451,1.908371,2.057699,1.934028,2.004037,1.675582,2.037762,1.887125,0.108392,0.147841,0.139747,0.154346,0.241100,0.143842,0.350043,1.952634,0.460554
34.300000,2.002449,1.908217,2.057752,1.934303,2.004063,1.675524,2.037767,1.887202,0.108301,0.147882,0.139651,0.154415,0.241230,0.143871,0.350129,1.952872,0.461334
34.316667,2.002447,1.908137,2.057788,1.934448,2.004077,1.675496,2.037770,1.887249,0.108259,0.147906,0.139589,0.154447,0.241301,0.143886,0.350175,1.953017,0.461692
34.333333,2.002447,1.908096,2.057811,1.934525,2.004084,1.675484,2.037772,1.887274,0.108238,0.147915,0.139550,0.154460,0.241341,0.143894,0.350199,1.953103,0.461878
34.350000,2.002446,1.908076,2.057824,1.933820,2.003977,1.675480,2.037773,1.887286,0.108221,0.147916,0.139534,0.154465,0.241364,0.143900,0.350212,1.953150,0.462068
34.366667,2.002446,1.908066,2.057830,1.931852,2.003689,1.675482,2.037775,1.887292,0.108179,0.147906,0.139547,0.154467,0.241380,0.143903,0.350218,1.953170,0.462199
34.383333,2.002446,1.908062,2.057831,1.929668,2.003386,1.675486,2.037776,1.887293,0.108138,0.147893,0.139566,0.154467,0.241389,0.143907,0.350221,1.953175,0.462402
34.400000,2.002446,1.908061,2.057831,1.927178,2.003062,1.675490,2.037778,1.887293,0.108087,0.147876,0.139591,0.154469,0.241394,0.143910,0.350221,1.953177,0.462655
34.416667,2.002446,1.908062,2.057831,1.924425,2.002727,1.675496,2.037779,1.887293,0.108028,0.147858,0.139620,0.154471,0.241398,0.143912,0.350221,1.953177,0.462907
34.433333,2.002312,1.908063,2.057830,1.921453,2.002393,1.675501,2.037781,1.886088,0.107960,0.147838,0.139654,0.154476,0.241624,0.143984,0.350219,1.953176,0.463089
34.450000,2.002010,1.908065,2.057829,1.918332,2.002070,1.675508,2.037783,1.883462,0.107884,0.147817,0.139696,0.154484,0.242139,0.144145,0.350221,1.953176,0.463122
34.466667,2.001776,1.908161,2.057855,1.914845,2.001777,1.675513,2.037784,1.881329,0.107755,0.147760,0.140400,0.154481,0.242548,0.144267,0.352757,1.953279,0.469257
34.483333,2.001597,1.908427,2.058101,1.911288,2.001518,1.675518,2.037785,1.879639,0.107644,0.147710,0.137729,0.154474,0.242863,0.144356,0.361731,1.955783,0.476948
34.500000,2.001477,1.910275,2.056855,1.910055,2.001317,1.675522,2.037786,1.878433,0.107455,0.147658,0.135221,0.154466,0.243087,0.144417,0.370737,1.950243,0.482502
34.516667,2.001415,1.912669,2.055432,1.910571,2.001186,1.675525,2.037787,1.877685,0.107247,0.147614,0.132804,0.154457,0.243224,0.144453,0.383229,1.941131,0.486172
34.533333,2.001390,1.915713,2.053797,1.912253,2.001175,1.675527,2.037786,1.877273,0.107111,0.147582,0.129165,0.154442,0.243293,0.144462,0.402804,1.929680,0.492949
34.550000,2.001310,1.918672,2.052115,1.914082,2.001218,1.675526,2.037783,1.876950,0.106998,0.147554,0.125857,0.154415,0.243304,0.144445,0.422029,1.916383,0.502604
34.566667,2.001215,1.921473,2.050426,1.915908,2.001285,1.686603,2.038321,1.876753,0.106949,0.147538,0.122592,0.154402,0.242356,0.144141,0.433627,1.901308,0.510369
34.583333,2.001143,1.923324,2.048875,1.918118,2.001390,1.703392,2.038971,1.876601,0.106959,0.147587,0.120530,0.154712,0.240026,0.143634,0.445049,1.884827,0.517044
34.600000,2.001109,1.922464,2.048000,1.920220,2.001509,1.710564,2.038731,1.876516,0.107003,0.147678,0.117361,0.155094,0.236347,0.143036,0.448168,1.871348,0.522295
34.616667,2.001162,1.921359,2.047317,1.921801,2.001563,1.718575,2.039291,1.876437,0.107106,0.147784,0.112148,0.155462,0.232566,0.142538,0.451062,1.857373,0.525915
34.633333,2.001174,1.919011,2.046853,1.923182,2.001555,1.731381,2.040579,1.876511,0.107795,0.149070,0.106771,0.154406,0.229713,0.140850,0.461645,1.844597,0.528596
34.650000,2.001165,1.915962,2.046741,1.923990,2.001511,1.749821,2.042606,1.876652,0.109101,0.149618,0.100798,0.151818,0.227801,0.139316,0.479439,1.833825,0.530356
34.666667,2.001136,1.915998,2.047038,1.924928,2.001445,1.774831,2.045405,1.877765,0.110645,0.150473,0.095735,0.149180,0.225834,0.138165,0.482006,1.825721,0.538035
34.683333,2.001078,1.916924,2.047130,1.926213,2.001371,1.804924,2.048942,1.879228,0.110385,0.149682,0.093008,0.147356,0.226660,0.137922,0.475599,1.818903,0.551375
34.700000,2.000991,1.921911,2.047193,1.931632,2.001278,1.836227,2.053077,1.880860,0.110144,0.149101,0.089717,0.146052,0.229264,0.137402,0.465098,1.813133,0.548405
34.716667,2.000889,1.928340,2.047868,1.941306,2.001163,1.859733,2.055990,1.883056,0.110039,0.148940,0.091944,0.145097,0.233051,0.136081,0.453076,1.810838,0.533196
34.733333,2.000772,1.936547,2.048991,1.950279,2.001061,1.880643,2.057839,1.887046,0.109483,0.148467,0.099043,0.144516,0.235527,0.134894,0.439489,1.812990,0.525117
34.750000,2.000665,1.941361,2.050558,1.956826,2.000967,1.895075,2.058046,1.890806,0.108994,0.148388,0.107717,0.144274,0.237691,0.133733,0.434816,1.819611,0.522169
34.766667,2.000583,1.941766,2.052780,1.957781,2.000926,1.910605,2.058663,1.891566,0.108819,0.147806,0.115893,0.142905,0.240426,0.132948,0.440922,1.832870,0.524511
34.783333,2.000515,1.941772,2.055338,1.957875,2.000883,1.925617,2.058790,1.887583,0.109429,0.147556,0.117158,0.141108,0.242847,0.132323,0.437487,1.850064,0.529345
34.800000,2.000446,1.940211,2.058108,1.957385,2.000830,1.941794,2.058882,1.883514,0.110766,0.147738,0.113257,0.139162,0.244701,0.131731,0.431708,1.867660,0.535412
34.816667,2.000387,1.938808,2.059955,1.956677,2.000783,1.954088,2.058636,1.879829,0.111245,0.147315,0.104157,0.137697,0.246996,0.130849,0.423031,1.882034,0.543684
34.833333,2.000320,1.936474,2.061811,1.957420,2.000609,1.957459,2.057142,1.875735,0.111873,0.146349,0.096084,0.136507,0.249168,0.131042,0.413118,1.896558,0.537355
34.850000,2.000251,1.936165,2.063393,1.958770,2.000447,1.957180,2.055408,1.872389,0.112197,0.143792,0.092055,0.135011,0.251304,0.132256,0.406242,1.906136,0.531029
34.866667,2.000189,1.936600,2.063080,1.959492,2.000299,1.954545,2.053476,1.869192,0.112534,0.141988,0.089465,0.134174,0.252697,0.133455,0.403484,1.905485,0.526517
34.883333,2.000125,1.937578,2.061011,1.960179,2.000168,1.953701,2.052201,1.866237,0.112682,0.140663,0.088176,0.134061,0.253309,0.134470,0.402604,1.894416,0.526332
34.900000,2.000069,1.938502,2.058642,1.962789,2.000089,1.956038,2.052113,1.863326,0.111717,0.139818,0.087027,0.135370,0.253762,0.135170,0.404164,1.880480,0.538688
34.916667,2.000016,1.939421,2.056756,1.965337,2.000033,1.958782,2.052471,1.860726,0.110734,0.139533,0.085713,0.136967,0.253921,0.135601,0.407708,1.869229,0.552340
34.933333,1.999961,1.940371,2.055093,1.967263,1.999984,1.960881,2.052955,1.858427,0.110223,0.139646,0.084541,0.138272,0.253926,0.135922,0.412363,1.858951,0.562717
34.950000,1.999903,1.941487,2.053652,1.968848,1.999947,1.962235,2.053430,1.856625,0.109884,0.139941,0.083469,0.139425,0.253958,0.136165,0.417357,1.849853,0.571473
34.966667,1.999848,1.942469,2.052186,1.970095,1.999925,1.963227,2.053929,1.855414,0.109589,0.140263,0.082665,0.140469,0.253967,0.136353,0.422413,1.840010,0.579627
34.983333,1.999791,1.943306,2.050792,1.971285,1.999904,1.962043,2.053306,1.854628,0.109412,0.140623,0.082071,0.141379,0.253966,0.136526,0.427394,1.830344,0.585794
35.000000,1.999733,1.944330,2.049503,1.972390,1.999889,1.959286,2.051938,1.854177,0.109182,0.140914,0.081616,0.142248,0.253985,0.136707,0.432049,1.821115,0.590892
35.016667,1.999677,1.945584,2.048239,1.973378,1.999882,1.956788,2.050704,1.853753,0.108950,0.141152,0.081306,0.143036,0.254028,0.136873,0.436816,1.811851,0.595022
35.033333,1.999643,1.946677,2.047204,1.974568,1.999902,1.953907,2.049802,1.853816,0.108750,0.141688,0.081086,0.143869,0.254116,0.136876,0.441517,1.804169,0.599648
35.050000,1.999615,1.947614,2.046321,1.975798,1.999943,1.951769,2.049438,1.854092,0.108889,0.141917,0.081047,0.144137,0.254122,0.137170,0.445820,1.795666,0.605224
35.066667,1.999588,1.948414,2.045882,1.976916,2.000004,1.951019,2.050231,1.854364,0.109439,0.141209,0.081025,0.143433,0.254199,0.137937,0.449614,1.789175,0.612689
35.083333,1.999566,1.949097,2.045716,1.977882,2.000070,1.950279,2.050879,1.854577,0.109784,0.140727,0.080957,0.143049,0.254282,0.138549,0.452903,1.784425,0.620140
35.100000,1.999552,1.949736,2.045680,1.978713,2.000134,1.949769,2.051545,1.854705,0.110023,0.140495,0.080855,0.142911,0.254454,0.139037,0.456383,1.780826,0.626824
35.116667,1.999565,1.950288,2.045718,1.979559,2.000221,1.949318,2.052160,1.854727,0.110173,0.140410,0.080737,0.142813,0.255058,0.139548,0.459429,1.777971,0.633975
35.133333,1.999593,1.950910,2.045796,1.980394,2.000308,1.950127,2.052915,1.854614,0.110171,0.140376,0.080649,0.142814,0.255812,0.140026,0.459824,1.775643,0.639477
35.150000,1.999615,1.951448,2.045875,1.981073,2.000380,1.950604,2.053481,1.854448,0.110132,0.140376,0.080186,0.142840,0.256516,0.140404,0.460011,1.773618,0.643824
35.166667,1.999627,1.951889,2.045936,1.981659,2.000440,1.950634,2.053888,1.854406,0.110146,0.140451,0.079569,0.143034,0.258235,0.140327,0.460335,1.771913,0.647273
35.183333,1.999629,1.952245,2.046001,1.982135,2.000491,1.950472,2.054202,1.854455,0.110177,0.140554,0.078937,0.143298,0.260329,0.139993,0.460685,1.770472,0.650288
35.200000,1.999629,1.952500,2.046159,1.982493,2.000531,1.950250,2.054443,1.854446,0.110200,0.140639,0.078447,0.143494,0.261950,0.139752,0.461019,1.770119,0.652797
35.216667,1.999631,1.952724,2.046302,1.982754,2.000558,1.950053,2.054615,1.854403,0.110248,0.140711,0.078238,0.143620,0.262880,0.139568,0.461744,1.767669,0.654801
35.233333,1.999626,1.952947,2.046460,1.982925,2.000575,1.949921,2.054739,1.854368,0.110341,0.140783,0.078154,0.143689,0.263384,0.139465,0.463070,1.763337,0.656239
35.250000,1.999621,1.953074,2.046578,1.983019,2.000581,1.950007,2.054826,1.854348,0.110396,0.140824,0.078120,0.143726,0.263658,0.139409,0.463851,1.760869,0.657054
35.266667,1.999617,1.953142,2.046646,1.983069,2.000584,1.950094,2.054881,1.854339,0.110426,0.140847,0.078105,0.143746,0.263805,0.139379,0.464272,1.759521,0.657490
35.283333,1.999615,1.953178,2.046682,1.983095,2.000585,1.950142,2.054910,1.854334,0.110442,0.140859,0.078097,0.143757,0.263884,0.139362,0.464496,1.758795,0.657721
35.300000,1.999614,1.953197,2.046702,1.983109,2.000585,1.950169,2.054926,1.854331,0.110451,0.140866,0.078093,0.143762,0.263926,0.139353,0.464614,1.758402,0.657842
35.316667,1.999613,1.953207,2.046713,1.983116,2.000586,1.950183,2.054935,1.854330,0.110456,0.140870,0.078092,0.143765,0.263948,0.139348,0.464676,1.758194,0.657903
35.333333,1.999613,1.953212,2.046719,1.983120,2.000586,1.950190,2.054939,1.854330,0.110458,0.140872,0.078091,0.143767,0.263959,0.139346,0.464707,1.758084,0.657932
35.350000,1.999613,1.953214,2.046723,1.983121,2.000586,1.950194,2.054942,1.854330,0.110460,0.140873,0.078091,0.143768,0.263964,0.139344,0.464721,1.758028,0.657945
35.366667,1.999613,1.953215,2.046725,1.983122,2.000586,1.950196,2.054943,1.854330,0.110460,0.140874,0.078091,0.143768,0.263967,0.139343,0.464727,1.758001,0.657949
35.383333,1.999612,1.953215,2.046726,1.983122,2.000586,1.950196,2.054943,1.854330,0.110461,0.140874,0.078091,0.143768,0.263967,0.139343,0.464729,1.757988,0.657949
35.400000,1.999612,1.953215,2.046727,1.983121,2.000586,1.950196,2.054944,1.854331,0.110461,0.140875,0.078091,0.143768,0.263967,0.139342,0.464728,1.757983,0.657946
35.416667,1.999612,1.953215,2.046727,1.983121,2.000586,1.950196,2.054944,1.854331,0.110461,0.140875,0.078091,0.143768,0.263967,0.139342,0.464727,1.757983,0.657943
35.433333,1.999612,1.953214,2.046728,1.983120,2.000586,1.950196,2.054944,1.854331,0.110461,0.140875,0.078092,0.143768,0.263966,0.139342,0.464725,1.757984,0.657939
35.450000,1.999612,1.953214,2.046728,1.983120,2.000586,1.950196,2.054944,1.854332,0.110461,0.140875,0.078092,0.143768,0.263966,0.139342,0.464722,1.757987,0.657936
35.466667,1.999613,1.953213,2.046728,1.983120,2.000585,1.950195,2.054944,1.854332,0.110461,0.140875,0.078092,0.143768,0.263965,0.139342,0.464720,1.757990,0.657932
35.483333,1.999612,1.953213,2.046728,1.983119,2.000585,1.950195,2.054944,1.854332,0.110461,0.140875,0.078092,0.143768,0.263965,0.139342,0.464718,1.757992,0.657929
35.500000,1.999612,1.953213,2.046729,1.983119,2.000585,1.950195,2.054944,1.854332,0.110461,0.140875,0.078092,0.143768,0.263964,0.139342,0.464716,1.757995,0.657926
35.516667,1.999612,1.953213,2.046730,1.982828,2.000594,1.950194,2.054943,1.854333,0.110470,0.140876,0.078096,0.143768,0.263963,0.139342,0.464715,1.757999,0.658021
35.533333,1.999612,1.953220,2.046787,1.981686,2.000619,1.950185,2.054936,1.854333,0.110746,0.140716,0.078363,0.143374,0.263955,0.139277,0.464768,1.758152,0.658378
35.550000,1.999611,1.953228,2.046855,1.980548,2.000643,1.950174,2.054927,1.854333,0.111078,0.140526,0.078689,0.142897,0.263944,0.139198,0.464832,1.758333,0.658734
35.566667,1.999642,1.952716,2.047036,1.980321,2.000670,1.950160,2.054922,1.854355,0.110339,0.138658,0.079008,0.142472,0.264069,0.139825,0.465047,1.763712,0.633199
35.583333,1.999681,1.952176,2.046485,1.980444,2.000781,1.950140,2.054912,1.854379,0.109159,0.136129,0.078962,0.141908,0.264227,0.140628,0.473122,1.769586,0.613849
35.600000,1.999705,1.954556,2.046173,1.980596,2.000943,1.950692,2.055334,1.854397,0.107532,0.133052,0.078926,0.141370,0.264429,0.141742,0.454190,1.780583,0.602654
35.616667,1.999727,1.956421,2.046674,1.980652,2.001090,1.952274,2.056108,1.854416,0.105635,0.129729,0.079344,0.141001,0.264658,0.143073,0.430372,1.797247,0.598752
35.633333,1.999674,1.957976,2.048479,1.980499,2.001269,1.945552,2.055122,1.854549,0.103268,0.126430,0.080797,0.141215,0.264938,0.144628,0.404415,1.817136,0.595457
35.650000,1.999587,1.959404,2.050003,1.980102,2.001452,1.935583,2.053697,1.854805,0.101041,0.124011,0.083146,0.141128,0.265596,0.145408,0.378352,1.827564,0.590645
35.666667,1.999522,1.960202,2.051475,1.979651,2.001624,1.925704,2.052576,1.855215,0.099238,0.122798,0.085906,0.139790,0.267457,0.144994,0.353489,1.834143,0.582567
35.683333,1.999482,1.960527,2.054392,1.979337,2.001785,1.916321,2.051692,1.855872,0.098520,0.121082,0.088098,0.137325,0.270095,0.144434,0.330252,1.850889,0.575784
35.700000,1.999475,1.960642,2.057735,1.979065,2.001953,1.907852,2.051006,1.856890,0.098085,0.119698,0.089975,0.134820,0.274519,0.143055,0.308051,1.871556,0.569233
35.716667,1.999509,1.958940,2.061089,1.978456,2.002183,1.900863,2.050529,1.858429,0.098082,0.118654,0.092270,0.132244,0.282279,0.140522,0.290520,1.890073,0.552423
35.733333,1.999530,1.956676,2.064104,1.977547,2.002472,1.896401,2.050354,1.860021,0.098268,0.117504,0.095650,0.129768,0.291662,0.138252,0.292818,1.905807,0.526302
35.750000,1.999619,1.953832,2.066186,1.976549,2.002781,1.895251,2.050561,1.858901,0.098600,0.116866,0.099221,0.127683,0.300950,0.136166,0.303920,1.916883,0.496728
35.766667,1.999737,1.951044,2.065248,1.975562,2.003101,1.889458,2.049976,1.854506,0.098893,0.116749,0.101270,0.126473,0.308199,0.134847,0.317092,1.916473,0.469323
35.783333,1.999892,1.947783,2.063173,1.974732,2.003521,1.880683,2.048880,1.854166,0.099240,0.116903,0.101708,0.125907,0.310813,0.133991,0.329952,1.915345,0.453327
35.800000,2.000253,1.944170,2.060676,1.973750,2.003945,1.866282,2.047064,1.860823,0.099726,0.117284,0.101312,0.126097,0.305428,0.133593,0.341353,1.912193,0.441150
35.816667,2.000692,1.940217,2.058035,1.972561,2.004359,1.846712,2.044786,1.866866,0.100115,0.117871,0.101205,0.126740,0.298018,0.133493,0.353238,1.906692,0.431459
35.833333,2.001157,1.940146,2.055972,1.970868,2.004730,1.831193,2.043225,1.872726,0.100368,0.118787,0.103763,0.127778,0.290007,0.133388,0.360276,1.901978,0.425350
35.850000,2.001702,1.939888,2.054805,1.969192,2.005101,1.822722,2.042510,1.877087,0.100428,0.119766,0.107139,0.129006,0.282101,0.133306,0.367668,1.902177,0.419639
35.866667,2.002330,1.936515,2.053798,1.966720,2.005442,1.814969,2.041818,1.878042,0.100426,0.120545,0.109421,0.130381,0.274043,0.133487,0.385876,1.905036,0.418170
35.883333,2.002897,1.934030,2.052793,1.962581,2.005528,1.803875,2.040931,1.876943,0.100419,0.122031,0.111003,0.132089,0.266393,0.133854,0.389750,1.908098,0.419815
35.900000,2.003348,1.932992,2.050936,1.956996,2.005476,1.792772,2.040183,1.874407,0.100750,0.123735,0.111908,0.133890,0.259080,0.134409,0.389417,1.904725,0.423822
35.916667,2.003681,1.933517,2.049256,1.951135,2.005545,1.782076,2.039585,1.870986,0.101483,0.125441,0.111980,0.135743,0.252066,0.135183,0.387342,1.899066,0.431273
35.933333,2.003890,1.936254,2.047873,1.944974,2.005527,1.773629,2.039013,1.866992,0.102461,0.127512,0.111728,0.137721,0.245251,0.136194,0.384020,1.892191,0.442443
35.950000,2.003964,1.939707,2.046665,1.936692,2.005546,1.765516,2.038506,1.862504,0.103349,0.129566,0.111348,0.139971,0.238455,0.137494,0.379874,1.884561,0.455884
35.966667,2.003917,1.943503,2.045527,1.925422,2.005586,1.759773,2.038144,1.856995,0.104201,0.131194,0.110913,0.142240,0.232038,0.139287,0.375289,1.876541,0.471413
35.983333,2.003860,1.947205,2.044592,1.914858,2.005671,1.755124,2.037968,1.845590,0.104913,0.132359,0.110432,0.143972,0.229949,0.141240,0.370487,1.869560,0.479489
36.000000,2.003774,1.950093,2.043752,1.904752,2.005602,1.751013,2.037922,1.830562,0.106110,0.134060,0.109977,0.145699,0.228927,0.143302,0.366196,1.861439,0.488388
36.016667,2.003640,1.951402,2.043103,1.891321,2.005624,1.747248,2.037946,1.815882,0.106990,0.135416,0.109456,0.147625,0.226581,0.145555,0.362632,1.853963,0.500979
36.033333,2.003467,1.951497,2.042933,1.876366,2.005527,1.743867,2.037993,1.810268,0.107989,0.136978,0.108658,0.149822,0.220649,0.147381,0.358247,1.853077,0.512972
36.050000,2.003249,1.950891,2.043097,1.869834,2.005440,1.740415,2.038063,1.812728,0.109794,0.140492,0.107683,0.150812,0.217528,0.145117,0.353379,1.856375,0.510665
36.066667,2.003075,1.949034,2.043414,1.871529,2.005245,1.737337,2.038128,1.819147,0.112108,0.144925,0.106611,0.151867,0.213364,0.142654,0.351070,1.861699,0.504861
36.083333,2.002922,1.944431,2.043878,1.874694,2.005103,1.734373,2.038213,1.825676,0.114320,0.149063,0.105198,0.152905,0.209595,0.141127,0.353392,1.870757,0.502954
36.100000,2.002852,1.939825,2.044338,1.872098,2.004947,1.731569,2.038304,1.830152,0.114150,0.150622,0.104032,0.154227,0.207718,0.140641,0.356031,1.879111,0.507157
36.116667,2.002808,1.935165,2.044785,1.866062,2.004855,1.728926,2.038384,1.833887,0.114470,0.150432,0.103007,0.153814,0.208118,0.140748,0.358756,1.886941,0.512904
36.133333,2.002756,1.930595,2.045232,1.862969,2.004779,1.726523,2.038461,1.837983,0.114225,0.150203,0.102069,0.153713,0.209010,0.140736,0.361490,1.894038,0.517167
36.150000,2.002705,1.926228,2.045670,1.864695,2.004748,1.724388,2.038537,1.841642,0.112518,0.148453,0.101161,0.154015,0.210029,0.141627,0.364146,1.900332,0.527882
36.166667,2.002703,1.922181,2.046016,1.867340,2.004720,1.722545,2.038614,1.841219,0.111031,0.147498,0.100350,0.154627,0.211069,0.142426,0.366628,1.905717,0.541422
36.183333,2.002682,1.918571,2.046294,1.870533,2.004678,1.720975,2.038684,1.841114,0.111078,0.146749,0.099651,0.154107,0.212361,0.143178,0.368859,1.910216,0.557367
36.200000,2.002647,1.915500,2.046563,1.873414,2.004666,1.719758,2.038748,1.841818,0.111533,0.145964,0.099083,0.153432,0.211901,0.143987,0.370748,1.913899,0.571051
36.216667,2.002619,1.913062,2.046753,1.876384,2.004657,1.718842,2.038800,1.842385,0.110868,0.145645,0.098625,0.153442,0.212353,0.144336,0.372236,1.916710,0.583970
36.233333,2.002598,1.911328,2.046928,1.879019,2.004646,1.718189,2.038842,1.842860,0.110003,0.145541,0.098274,0.153818,0.212886,0.144547,0.373272,1.918727,0.596847
36.250000,2.002568,1.910307,2.047041,1.880685,2.004642,1.717812,2.038874,1.843872,0.109558,0.145450,0.098040,0.153927,0.212674,0.144691,0.373862,1.919944,0.604723
36.266667,2.002545,1.909755,2.047106,1.881607,2.004642,1.717615,2.038895,1.844668,0.109330,0.145413,0.097900,0.153986,0.212389,0.144766,0.374179,1.920622,0.609041
36.283333,2.002533,1.909458,2.047144,1.882109,2.004641,1.717512,2.038906,1.845096,0.109203,0.145382,0.097820,0.154013,0.212241,0.144810,0.374351,1.920995,0.611388
36.300000,2.002526,1.909300,2.047166,1.882378,2.004641,1.717460,2.038912,1.845326,0.109132,0.145356,0.097778,0.154022,0.212158,0.144839,0.374442,1.921195,0.612573
36.316667,2.002522,1.909217,2.047178,1.882067,2.004582,1.717434,2.038915,1.845450,0.109092,0.145334,0.097756,0.154022,0.212116,0.144857,0.374490,1.921301,0.613457
36.333333,2.002520,1.909173,2.047185,1.880394,2.004390,1.717424,2.038917,1.845517,0.109057,0.145312,0.097759,0.154020,0.212096,0.144869,0.374514,1.921356,0.614047
36.350000,2.002520,1.909151,2.047188,1.878012,2.004136,1.717421,2.038919,1.845553,0.109025,0.145291,0.097773,0.154017,0.212088,0.144877,0.374526,1.921383,0.614880
36.366667,2.002519,1.909140,2.047189,1.876046,2.003858,1.717422,2.038921,1.845572,0.108976,0.145281,0.097820,0.154016,0.212085,0.144882,0.374531,1.921396,0.611247
36.383333,2.002519,1.909135,2.047189,1.875219,2.003532,1.717433,2.038923,1.845592,0.108747,0.145185,0.097895,0.154085,0.212172,0.145042,0.374531,1.921401,0.606759
36.400000,2.002519,1.909133,2.047189,1.874346,2.003218,1.717445,2.038925,1.845611,0.108505,0.145043,0.097974,0.154106,0.212295,0.145213,0.374529,1.921403,0.602489
36.416667,2.002519,1.909132,2.047189,1.873312,2.002920,1.717456,2.038927,1.845628,0.108256,0.144873,0.098056,0.154117,0.212422,0.145387,0.374526,1.921402,0.598331
36.433333,2.002394,1.909132,2.047188,1.872163,2.002651,1.717467,2.038929,1.843996,0.108011,0.144682,0.098137,0.154121,0.212763,0.145624,0.374522,1.921401,0.594492
36.450000,2.002135,1.909134,2.047189,1.871002,2.002427,1.717479,2.038931,1.840641,0.107789,0.144489,0.098212,0.154123,0.213332,0.145918,0.374522,1.921400,0.591214
36.466667,2.001940,1.909143,2.047201,1.870142,2.002267,1.717489,2.038932,1.838002,0.107585,0.144312,0.098539,0.154121,0.213771,0.146147,0.374531,1.921450,0.589939
36.483333,2.001791,1.909178,2.047449,1.870299,2.002217,1.717495,2.038932,1.835961,0.107339,0.144157,0.098562,0.154114,0.214087,0.146293,0.374584,1.924880,0.596464
36.500000,2.001696,1.909258,2.047719,1.870763,2.002219,1.717500,2.038932,1.834564,0.107195,0.144071,0.098155,0.154106,0.214292,0.146378,0.379662,1.928362,0.602284
36.516667,2.001656,1.909423,2.048042,1.870622,2.002208,1.717503,2.038932,1.833746,0.107172,0.144048,0.096673,0.154094,0.214407,0.146417,0.395057,1.932236,0.606477
36.533333,2.001665,1.909656,2.048362,1.870741,2.002212,1.717505,2.038931,1.833288,0.107205,0.144059,0.095071,0.154081,0.214460,0.146429,0.411355,1.935849,0.608875
36.550000,2.001565,1.910249,2.048722,1.871132,2.002237,1.717504,2.038928,1.832921,0.107290,0.144099,0.093699,0.154056,0.214460,0.146412,0.424607,1.939333,0.611208
36.566667,2.001467,1.918033,2.048565,1.871615,2.002271,1.717503,2.038924,1.832637,0.107435,0.144162,0.092513,0.154034,0.214446,0.146396,0.419927,1.940047,0.613366
36.583333,2.001372,1.922066,2.047629,1.872115,2.002306,1.722698,2.039226,1.832390,0.107635,0.144253,0.091290,0.154112,0.213985,0.146302,0.412212,1.931529,0.615395
36.600000,2.001291,1.919161,2.046775,1.872441,2.002322,1.733397,2.039608,1.832169,0.107887,0.144415,0.089857,0.154591,0.211237,0.146041,0.410256,1.921886,0.616624
36.616667,2.001174,1.914124,2.046798,1.872704,2.002277,1.741795,2.040190,1.831903,0.108153,0.144569,0.089588,0.155054,0.207522,0.145802,0.414699,1.916276,0.617400
36.633333,2.001003,1.915331,2.047055,1.872940,2.002154,1.756947,2.041770,1.831773,0.108549,0.145641,0.087472,0.154269,0.205925,0.144370,0.397446,1.915473,0.618092
36.650000,2.000866,1.916598,2.047202,1.876258,2.002045,1.777448,2.044002,1.831783,0.109330,0.147612,0.084950,0.153458,0.205210,0.142810,0.380749,1.917206,0.623006
36.666667,2.000761,1.919204,2.047451,1.889007,2.001943,1.800549,2.046589,1.831960,0.110687,0.148731,0.084703,0.151061,0.205782,0.142071,0.363837,1.919256,0.610714
36.683333,2.000651,1.922595,2.047798,1.902932,2.001838,1.828318,2.049893,1.832273,0.111216,0.149309,0.085551,0.149859,0.208489,0.141787,0.346134,1.921192,0.594910
36.700000,2.000544,1.924927,2.048227,1.915883,2.001735,1.852490,2.053240,1.834472,0.111882,0.150147,0.086233,0.148748,0.211183,0.140817,0.331635,1.924291,0.587652
36.716667,2.000440,1.926242,2.048790,1.928764,2.001626,1.872726,2.056200,1.840003,0.112532,0.151126,0.088202,0.148266,0.212191,0.139801,0.318744,1.927980,0.589961
36.733333,2.000347,1.926380,2.049460,1.941115,2.001514,1.893645,2.058805,1.845657,0.112107,0.150980,0.091439,0.148005,0.213582,0.138891,0.307982,1.931978,0.594622
36.750000,2.000260,1.924598,2.050202,1.948796,2.001335,1.913475,2.060642,1.850920,0.112109,0.150969,0.095357,0.147945,0.214772,0.137996,0.302417,1.936326,0.592623
36.766667,2.000179,1.922823,2.051780,1.950826,2.001200,1.924586,2.060807,1.852473,0.111807,0.150428,0.098504,0.147452,0.216519,0.137699,0.306748,1.934939,0.602724
36.783333,2.000096,1.923624,2.052355,1.953661,2.001087,1.933491,2.060888,1.847754,0.111270,0.149736,0.100495,0.146599,0.219084,0.137997,0.305540,1.929858,0.623245
36.800000,2.000018,1.923934,2.052195,1.957533,2.000919,1.942125,2.060933,1.843366,0.110995,0.149213,0.103480,0.145670,0.222269,0.138210,0.306916,1.919115,0.626541
36.816667,1.999967,1.923077,2.052120,1.960898,2.000776,1.951076,2.060848,1.839527,0.110879,0.148821,0.107275,0.144824,0.226211,0.137701,0.311962,1.905940,0.629923
36.833333,1.999911,1.922948,2.052093,1.963577,2.000657,1.954239,2.059880,1.835645,0.109995,0.147489,0.112138,0.144400,0.229677,0.137907,0.320861,1.890876,0.631821
36.850000,1.999851,1.924949,2.052166,1.966264,2.000562,1.953194,2.058322,1.831850,0.107053,0.145813,0.118561,0.146062,0.231947,0.138891,0.333441,1.875129,0.633065
36.866667,1.999792,1.927886,2.052258,1.968964,2.000496,1.949635,2.056410,1.827888,0.104961,0.143700,0.126532,0.147016,0.233583,0.140844,0.347857,1.858620,0.632965
36.883333,1.999727,1.931545,2.052202,1.971147,2.000452,1.950230,2.055784,1.824153,0.103289,0.141049,0.135034,0.147575,0.233800,0.143088,0.364661,1.840663,0.631763
36.900000,1.999662,1.935284,2.052033,1.972963,2.000406,1.952515,2.056000,1.820606,0.100758,0.139018,0.145651,0.149629,0.233748,0.145101,0.384326,1.821237,0.629014
36.916667,1.999600,1.938899,2.052119,1.974348,2.000410,1.954914,2.056498,1.817741,0.098766,0.136643,0.158561,0.150841,0.233704,0.147424,0.406989,1.804930,0.627241
36.933333,1.999533,1.943019,2.052028,1.976240,2.000484,1.956545,2.057053,1.815498,0.097424,0.133900,0.170646,0.151136,0.233908,0.149845,0.433877,1.792475,0.630945
36.950000,1.999456,1.947115,2.052057,1.979310,2.000667,1.956893,2.057156,1.814116,0.096831,0.131499,0.183724,0.149288,0.236889,0.151562,0.467621,1.784150,0.646094
36.966667,1.999385,1.951142,2.052246,1.982383,2.000863,1.953468,2.055707,1.814624,0.097047,0.130205,0.200694,0.146330,0.246894,0.150395,0.507232,1.778067,0.659432
36.983333,1.999314,1.955378,2.052581,1.984231,2.000982,1.950037,2.054287,1.815751,0.096828,0.131188,0.224433,0.145468,0.257982,0.148667,0.553134,1.772635,0.666763
37.000000,1.999245,1.959717,2.052549,1.985784,2.001091,1.946801,2.052960,1.816657,0.096335,0.132015,0.242954,0.145253,0.266079,0.147424,0.603456,1.765428,0.669423
37.016667,1.999200,1.964317,2.052335,1.986698,2.001215,1.943755,2.051725,1.817574,0.096130,0.132458,0.256070,0.145241,0.270466,0.146724,0.647549,1.758065,0.669684
37.033333,1.999162,1.968624,2.052284,1.987735,2.001291,1.940944,2.050594,1.818445,0.096303,0.133062,0.259977,0.145411,0.272772,0.146300,0.668146,1.754477,0.671301
37.050000,1.999128,1.971630,2.052282,1.988625,2.001336,1.938272,2.049697,1.819114,0.096525,0.133455,0.259741,0.145583,0.274006,0.146103,0.685492,1.751743,0.674314
37.066667,1.999095,1.973977,2.052239,1.989459,2.001377,1.935412,2.049239,1.819609,0.096608,0.133304,0.257572,0.145653,0.274714,0.146195,0.692208,1.749098,0.678401
37.083333,1.999057,1.975811,2.052506,1.990189,2.001404,1.933471,2.049186,1.819998,0.096931,0.133517,0.245834,0.145671,0.275457,0.146051,0.701309,1.751475,0.682387
37.100000,1.999020,1.977312,2.052686,1.990838,2.001420,1.932107,2.049362,1.820261,0.097306,0.133880,0.235326,0.145734,0.276124,0.145833,0.710318,1.751461,0.686123
37.116667,1.998984,1.978629,2.053055,1.991420,2.001433,1.931095,2.049605,1.820392,0.097683,0.134264,0.224835,0.145836,0.276650,0.145635,0.720829,1.751314,0.689572
37.133333,1.998971,1.979847,2.052805,1.991943,2.001443,1.930213,2.049894,1.820276,0.098138,0.134647,0.215744,0.145888,0.278053,0.145428,0.732846,1.745405,0.692726
37.150000,1.998961,1.981023,2.052290,1.992404,2.001455,1.929473,2.050171,1.820050,0.098673,0.135033,0.200764,0.145893,0.280072,0.145181,0.745949,1.745082,0.695536
37.166667,1.998951,1.981902,2.052139,1.992844,2.001481,1.928928,2.050563,1.819884,0.099304,0.135358,0.190083,0.145880,0.282332,0.144915,0.755685,1.747658,0.699597
37.183333,1.998952,1.982429,2.051908,1.993395,2.001566,1.928503,2.050924,1.819678,0.100016,0.135902,0.185539,0.145915,0.283952,0.144693,0.760301,1.747016,0.710117
37.200000,1.998955,1.982743,2.051698,1.993912,2.001678,1.928832,2.051275,1.819486,0.100699,0.136495,0.184076,0.145929,0.284775,0.144576,0.762417,1.744602,0.722468
37.216667,1.998953,1.982848,2.051648,1.995275,2.001748,1.929101,2.051535,1.819335,0.101116,0.137594,0.181020,0.146375,0.285219,0.144582,0.767036,1.745181,0.746990
37.233333,1.998949,1.982935,2.051611,1.996078,2.001790,1.929207,2.051702,1.819234,0.100719,0.137930,0.178960,0.147009,0.285469,0.144655,0.769586,1.745745,0.760620
37.250000,1.998944,1.982998,2.051550,1.996516,2.001810,1.929327,2.051808,1.819179,0.100501,0.138109,0.177936,0.147356,0.285604,0.144695,0.771400,1.745337,0.768045
37.266667,1.998940,1.983033,2.051512,1.996754,2.001820,1.929462,2.051869,1.819150,0.100378,0.138203,0.177358,0.147547,0.285676,0.144718,0.772459,1.745031,0.772071
37.283333,1.998938,1.983051,2.051488,1.996882,2.001825,1.929536,2.051903,1.819135,0.100307,0.138252,0.177018,0.147654,0.285713,0.144731,0.773017,1.744878,0.774243
37.300000,1.998937,1.983060,2.051473,1.996951,2.001828,1.929576,2.051921,1.819127,0.100265,0.138277,0.176812,0.147714,0.285731,0.144738,0.773307,1.744808,0.775409
37.316667,1.998936,1.983064,2.051463,1.996988,2.001829,1.929599,2.051931,1.819123,0.100240,0.138290,0.176684,0.147749,0.285740,0.144743,0.773452,1.744784,0.776031
37.333333,1.998936,1.983065,2.051458,1.997007,2.001830,1.929611,2.051936,1.819121,0.100223,0.138295,0.176603,0.147770,0.285743,0.144745,0.773521,1.744784,0.776359
37.350000,1.998936,1.983065,2.051456,1.997017,2.001830,1.929617,2.051939,1.819120,0.100213,0.138298,0.176554,0.147782,0.285743,0.144747,0.773549,1.744798,0.776529
37.366667,1.998936,1.983064,2.051456,1.997022,2.001830,1.929621,2.051941,1.819119,0.100206,0.138299,0.176525,0.147789,0.285742,0.144748,0.773557,1.744817,0.776615
37.383333,1.998936,1.983063,2.051457,1.997024,2.001830,1.929623,2.051942,1.819119,0.100203,0.138299,0.176510,0.147793,0.285741,0.144749,0.773553,1.744829,0.776655
37.400000,1.998936,1.983062,2.051457,1.997025,2.001830,1.929624,2.051943,1.819119,0.100201,0.138300,0.176503,0.147795,0.285739,0.144749,0.773545,1.744835,0.776671
37.416667,1.998936,1.983061,2.051458,1.997025,2.001830,1.929625,2.051943,1.819119,0.100200,0.138300,0.176500,0.147796,0.285737,0.144749,0.773535,1.744841,0.776675
37.433333,1.998937,1.983136,2.051581,1.997024,2.001830,1.929626,2.051944,1.819120,0.100199,0.138299,0.176433,0.147797,0.285736,0.144750,0.773393,1.746882,0.776673
37.450000,1.998945,1.983516,2.052331,1.997021,2.001828,1.929626,2.051944,1.819123,0.100193,0.138293,0.176039,0.147802,0.285738,0.144755,0.770908,1.758969,0.776663
37.466667,1.998954,1.983982,2.053130,1.997016,2.001826,1.929627,2.051945,1.819127,0.100187,0.138287,0.175625,0.147809,0.285742,0.144761,0.763013,1.771119,0.776651
37.483333,1.998980,1.984731,2.052950,1.996544,2.001827,1.929627,2.051944,1.819149,0.100186,0.138281,0.175361,0.147816,0.285749,0.144768,0.739696,1.774782,0.776798
37.500000,1.999066,1.986026,2.052389,1.995854,2.001854,1.929625,2.051942,1.819228,0.100133,0.138253,0.175292,0.147826,0.285765,0.144780,0.724870,1.777591,0.781162
37.516667,1.999137,1.986988,2.051461,1.995381,2.001914,1.929621,2.051938,1.819279,0.100051,0.138205,0.174275,0.147839,0.285782,0.144794,0.724055,1.786602,0.790708
37.533333,1.999189,1.987678,2.050661,1.994922,2.001981,1.929614,2.051931,1.819312,0.099702,0.137939,0.173586,0.147881,0.285799,0.144814,0.728375,1.795809,0.800438
37.550000,1.999239,1.988819,2.050083,1.994960,2.002066,1.929604,2.051922,1.819348,0.098025,0.136954,0.172750,0.148465,0.285830,0.144922,0.714665,1.805532,0.805898
37.566667,1.999308,1.990257,2.049786,1.996080,2.002135,1.929580,2.051913,1.819418,0.096763,0.134179,0.171061,0.147755,0.286016,0.145862,0.683012,1.817606,0.802122
37.583333,1.999358,1.991014,2.049107,1.996596,2.002187,1.929553,2.051902,1.819470,0.095517,0.131184,0.168696,0.147034,0.286219,0.146938,0.647640,1.828132,0.787172
37.600000,1.999401,1.990949,2.049258,1.996570,2.002244,1.930052,2.052299,1.819510,0.094357,0.128135,0.166365,0.146353,0.286430,0.148105,0.613073,1.829208,0.766918
37.616667,1.999438,1.990392,2.049552,1.996298,2.002315,1.930723,2.052825,1.819543,0.093295,0.125089,0.164858,0.145734,0.286646,0.149337,0.579102,1.831971,0.748271
37.633333,1.999451,1.988617,2.050173,1.995716,2.002395,1.934788,2.054130,1.819586,0.092033,0.122320,0.164020,0.145594,0.286855,0.150592,0.549228,1.837265,0.726934
37.650000,1.999362,1.986518,2.052399,1.994956,2.002488,1.927391,2.053078,1.819797,0.090741,0.120433,0.164137,0.145501,0.287470,0.151285,0.520189,1.852128,0.704270
37.666667,1.999348,1.983965,2.055438,1.994284,2.002607,1.919023,2.052131,1.820332,0.090377,0.118407,0.164742,0.142898,0.289610,0.151399,0.488590,1.872158,0.684766
37.683333,1.999350,1.981892,2.059024,1.993861,2.002767,1.910598,2.051318,1.821256,0.090286,0.116609,0.165904,0.140085,0.292506,0.150706,0.459014,1.894089,0.670387
37.700000,1.999361,1.980189,2.063067,1.993457,2.002960,1.902495,2.050614,1.823035,0.090633,0.115177,0.167902,0.136976,0.300705,0.148112,0.431278,1.916245,0.656371
37.716667,1.999366,1.978810,2.065189,1.992490,2.003193,1.895172,2.050029,1.824892,0.091240,0.113959,0.168040,0.133952,0.309615,0.145482,0.405475,1.929154,0.632992
37.733333,1.999378,1.976947,2.066306,1.991455,2.003406,1.889370,2.049616,1.826741,0.091865,0.113983,0.167282,0.131687,0.318740,0.142694,0.383449,1.936139,0.599332
37.750000,1.999409,1.974133,2.067167,1.990308,2.003585,1.886622,2.049558,1.828589,0.092354,0.114980,0.166684,0.130166,0.328047,0.139918,0.367323,1.940790,0.563740
37.766667,1.999548,1.971586,2.067005,1.989129,2.003749,1.885838,2.049642,1.825110,0.092704,0.116244,0.164924,0.129099,0.337748,0.137612,0.351599,1.941747,0.528808
37.783333,1.999910,1.970155,2.065692,1.987942,2.003908,1.883183,2.049369,1.834180,0.092984,0.118350,0.165098,0.130032,0.333582,0.136039,0.350314,1.936627,0.495715
37.800000,2.000346,1.969200,2.063492,1.986976,2.004150,1.878766,2.048753,1.842763,0.093210,0.120728,0.170943,0.131680,0.326066,0.134821,0.354079,1.927079,0.474133
37.816667,2.000807,1.968044,2.060307,1.985966,2.004428,1.868169,2.047405,1.850240,0.093496,0.122605,0.174304,0.133065,0.317256,0.134096,0.359281,1.917628,0.463120
37.833333,2.001278,1.966855,2.057176,1.984582,2.004626,1.858785,2.046392,1.857157,0.093784,0.123710,0.175110,0.133716,0.308374,0.133809,0.365097,1.907598,0.450269
37.850000,2.001762,1.965556,2.054502,1.983037,2.004828,1.852124,2.045725,1.863040,0.094074,0.124607,0.175846,0.134485,0.299590,0.133677,0.365036,1.898546,0.437994
37.866667,2.002319,1.963916,2.052161,1.981282,2.005008,1.843556,2.044728,1.864818,0.094284,0.125427,0.175915,0.135645,0.290843,0.133735,0.362033,1.890188,0.425287
37.883333,2.002869,1.961289,2.051039,1.979377,2.005063,1.833085,2.043581,1.863881,0.094343,0.126231,0.170222,0.137066,0.282410,0.134018,0.358573,1.889243,0.410219
37.900000,2.003355,1.958996,2.050286,1.978332,2.005132,1.821991,2.042606,1.861326,0.094701,0.126982,0.161676,0.138544,0.274399,0.134473,0.357758,1.885922,0.399814
37.916667,2.003756,1.956148,2.049811,1.977746,2.005312,1.811909,2.041844,1.857797,0.095287,0.127759,0.155332,0.140090,0.266818,0.135114,0.357129,1.883036,0.395160
37.933333,2.004048,1.954247,2.049781,1.977271,2.005539,1.803119,2.041213,1.853659,0.095992,0.128529,0.151812,0.141678,0.259607,0.135938,0.354278,1.882713,0.389930
37.950000,2.004226,1.954363,2.049793,1.977992,2.005563,1.796548,2.040748,1.849147,0.096974,0.130205,0.149163,0.143570,0.252700,0.137012,0.349646,1.883040,0.392393
37.966667,2.004239,1.956066,2.049347,1.978701,2.005502,1.789963,2.040127,1.841808,0.098079,0.132038,0.147175,0.145598,0.247295,0.138565,0.343569,1.880025,0.393324
37.983333,2.004195,1.957520,2.048529,1.979437,2.005464,1.783682,2.039586,1.827465,0.098744,0.133719,0.145649,0.147502,0.246007,0.140577,0.344334,1.873355,0.398091
38.000000,2.004118,1.958448,2.048077,1.977055,2.005380,1.779244,2.039292,1.814792,0.098688,0.134924,0.144259,0.149897,0.241418,0.143189,0.345483,1.870131,0.399528
38.016667,2.004023,1.956851,2.047806,1.974570,2.005238,1.775503,2.039199,1.795663,0.098816,0.136112,0.142901,0.151733,0.241703,0.145147,0.348456,1.868612,0.391163
38.033333,2.003889,1.953584,2.047980,1.971614,2.005055,1.772180,2.039210,1.776812,0.099256,0.136724,0.141166,0.153504,0.239220,0.148152,0.350715,1.874094,0.386320
38.050000,2.003768,1.949933,2.048378,1.968564,2.004879,1.769137,2.039274,1.757670,0.099834,0.137245,0.139342,0.155005,0.237009,0.150930,0.351521,1.882017,0.385952
38.066667,2.003581,1.944663,2.049338,1.967448,2.004726,1.766256,2.039358,1.747863,0.101835,0.139146,0.136799,0.154390,0.238627,0.150058,0.354529,1.892451,0.388645
38.083333,2.003352,1.939134,2.050255,1.964230,2.004571,1.763561,2.039457,1.742857,0.103411,0.140828,0.134420,0.153531,0.238599,0.148840,0.358238,1.901102,0.391083
38.100000,2.003160,1.933501,2.051027,1.961743,2.004402,1.761065,2.039564,1.746530,0.104919,0.142480,0.132629,0.152914,0.235975,0.147665,0.361987,1.909274,0.391066
38.116667,2.002995,1.927417,2.051715,1.961976,2.004318,1.758604,2.039664,1.760548,0.106312,0.142757,0.130849,0.150943,0.236700,0.145314,0.365870,1.917475,0.396246
38.133333,2.002802,1.921138,2.052331,1.963357,2.004220,1.756355,2.039764,1.778161,0.108182,0.143064,0.129349,0.149157,0.236102,0.143379,0.369867,1.925038,0.403526
38.150000,2.002748,1.915153,2.052865,1.965492,2.004128,1.754387,2.039864,1.781751,0.110320,0.143558,0.128139,0.147722,0.235945,0.142450,0.373778,1.931458,0.412865
38.166667,2.002719,1.909664,2.053332,1.967712,2.004088,1.752591,2.039961,1.781691,0.111927,0.143842,0.126857,0.146627,0.237361,0.142337,0.377409,1.936940,0.420723
38.183333,2.002693,1.904929,2.053691,1.970705,2.004054,1.751148,2.040046,1.781747,0.111315,0.143384,0.125632,0.147118,0.238554,0.143017,0.380598,1.940894,0.432111
38.200000,2.002672,1.900988,2.054008,1.973921,2.004014,1.750031,2.040120,1.781717,0.110778,0.143566,0.124547,0.147931,0.239621,0.143619,0.383251,1.944196,0.443829
38.216667,2.002651,1.897944,2.054283,1.976224,2.004027,1.749209,2.040185,1.781666,0.110328,0.143731,0.123727,0.148565,0.240499,0.144043,0.385288,1.946822,0.452655
38.233333,2.002637,1.895881,2.054511,1.976688,2.004239,1.748620,2.040237,1.781678,0.110223,0.144011,0.122998,0.148780,0.241377,0.144195,0.386663,1.948864,0.455716
38.250000,2.002618,1.894713,2.054676,1.976927,2.004374,1.748265,2.040276,1.782009,0.110163,0.143749,0.122464,0.148619,0.242333,0.144452,0.387439,1.950171,0.457562
38.266667,2.002608,1.894082,2.054790,1.977145,2.004443,1.748088,2.040300,1.782211,0.109972,0.143545,0.122063,0.148651,0.242877,0.144663,0.387859,1.951016,0.460542
38.283333,2.002602,1.893744,2.054870,1.977283,2.004482,1.747996,2.040313,1.782322,0.109803,0.143420,0.121709,0.148709,0.243172,0.144783,0.388087,1.951632,0.462512
38.300000,2.002599,1.893564,2.054930,1.977260,2.004479,1.747950,2.040320,1.782382,0.109705,0.143349,0.121424,0.148744,0.243332,0.144848,0.388211,1.952081,0.463631
38.316667,2.002597,1.893469,2.054975,1.976671,2.004323,1.747929,2.040325,1.782416,0.109638,0.143298,0.121211,0.148754,0.243420,0.144890,0.388276,1.952415,0.463282
38.333333,2.002596,1.893420,2.055010,1.975861,2.004117,1.747921,2.040328,1.782433,0.109584,0.143268,0.121048,0.148761,0.243467,0.144913,0.388310,1.952670,0.462585
38.350000,2.002596,1.893396,2.055037,1.974884,2.003878,1.747919,2.040330,1.782443,0.109534,0.143248,0.120924,0.148765,0.243493,0.144926,0.388326,1.952869,0.461652
38.366667,2.002595,1.893385,2.055059,1.973730,2.003608,1.747920,2.040331,1.782447,0.109481,0.143234,0.120833,0.148768,0.243507,0.144933,0.388333,1.953025,0.460498
38.383333,2.002595,1.893381,2.055076,1.972421,2.003315,1.747923,2.040333,1.782450,0.109422,0.143221,0.120767,0.148770,0.243514,0.144938,0.388336,1.953154,0.459136
38.400000,2.002595,1.893380,2.055090,1.970975,2.003008,1.747926,2.040334,1.782452,0.109354,0.143208,0.120716,0.148773,0.243518,0.144941,0.388335,1.953267,0.457551
38.416667,2.002596,1.893381,2.055101,1.969430,2.002697,1.747930,2.040336,1.782453,0.109278,0.143194,0.120673,0.148775,0.243521,0.144943,0.388334,1.953375,0.455722
38.433333,2.002545,1.893401,2.055174,1.967903,2.002404,1.747934,2.040337,1.781711,0.109124,0.143133,0.120915,0.148775,0.243636,0.144972,0.388353,1.954204,0.459886
38.450000,2.002214,1.893439,2.055306,1.966135,2.002102,1.747936,2.040337,1.777075,0.108902,0.143033,0.121349,0.148782,0.244425,0.145158,0.388396,1.955668,0.468850
38.466667,2.001873,1.893483,2.055473,1.964339,2.001829,1.747939,2.040337,1.772091,0.108668,0.142924,0.121937,0.148790,0.245279,0.145357,0.388447,1.957411,0.479647
38.483333,2.001598,1.893529,2.055671,1.962560,2.001592,1.747941,2.040337,1.767760,0.108439,0.142813,0.122622,0.148794,0.246012,0.145526,0.388499,1.959350,0.491207
38.500000,2.001382,1.893594,2.055912,1.960926,2.001407,1.747943,2.040336,1.764132,0.108237,0.142713,0.123138,0.148796,0.246619,0.145663,0.390531,1.961557,0.502831
38.516667,2.001237,1.893745,2.056254,1.959706,2.001285,1.747945,2.040336,1.761396,0.108129,0.142659,0.121926,0.148791,0.247069,0.145757,0.403636,1.964489,0.511405
38.533333,2.001156,1.893934,2.056631,1.959043,2.001221,1.747947,2.040336,1.759592,0.108106,0.142650,0.119627,0.148782,0.247359,0.145812,0.423635,1.967552,0.516495
38.550000,2.001043,1.894505,2.055665,1.959102,2.001199,1.747946,2.040334,1.758478,0.108098,0.142658,0.117786,0.148761,0.247494,0.145823,0.440326,1.965598,0.520262
38.566667,2.000929,1.904053,2.053486,1.959985,2.001236,1.749505,2.040455,1.757754,0.108113,0.142696,0.115519,0.148849,0.247437,0.145808,0.431413,1.959905,0.524468
38.583333,2.000837,1.913997,2.051727,1.961237,2.001304,1.764163,2.041482,1.757321,0.108185,0.142817,0.113170,0.149402,0.246872,0.145465,0.422707,1.950813,0.528163
38.600000,2.000783,1.916126,2.050417,1.962567,2.001388,1.772750,2.041446,1.757171,0.108285,0.142983,0.111543,0.150138,0.245367,0.144912,0.424376,1.939621,0.531022
38.616667,2.000692,1.913053,2.049374,1.964000,2.001382,1.776990,2.041203,1.759049,0.108759,0.144382,0.110338,0.149516,0.240932,0.143351,0.427474,1.928723,0.533220
38.633333,2.000600,1.908758,2.049192,1.965638,2.001327,1.784768,2.041841,1.764570,0.108748,0.145200,0.107986,0.148610,0.234676,0.142369,0.428408,1.920630,0.537807
38.650000,2.000528,1.912452,2.049271,1.967880,2.001271,1.796227,2.043205,1.769644,0.108611,0.146247,0.103374,0.147930,0.229166,0.141554,0.405675,1.912110,0.548855
38.666667,2.000447,1.915922,2.049606,1.969645,2.001192,1.811505,2.044825,1.775464,0.108581,0.147217,0.096663,0.147991,0.226073,0.140937,0.390352,1.904559,0.559519
38.683333,2.000345,1.919682,2.050359,1.971462,2.001121,1.830144,2.046891,1.780906,0.108005,0.147997,0.092591,0.148382,0.222728,0.140946,0.376408,1.898669,0.577433
38.700000,2.000225,1.922892,2.051152,1.973737,2.001048,1.851782,2.049554,1.786126,0.107391,0.147713,0.090486,0.147920,0.220930,0.141592,0.362870,1.895692,0.585985
38.716667,2.000109,1.923837,2.052357,1.977340,2.000947,1.874240,2.052549,1.791092,0.107507,0.147628,0.091699,0.147224,0.221119,0.141894,0.354126,1.897461,0.577566
38.733333,2.000013,1.922829,2.053602,1.978105,2.000903,1.897058,2.055326,1.795573,0.107610,0.147648,0.095547,0.146762,0.222559,0.141217,0.346293,1.900921,0.591998
38.750000,1.999919,1.919739,2.054974,1.978481,2.000867,1.910539,2.056032,1.798338,0.107320,0.147194,0.101537,0.146084,0.224544,0.141132,0.350616,1.905364,0.611341
38.766667,1.999813,1.922255,2.056434,1.978461,2.000834,1.917403,2.055277,1.802191,0.106815,0.146514,0.106962,0.145583,0.226653,0.140883,0.342896,1.911071,0.627906
38.783333,1.999702,1.924677,2.058144,1.978139,2.000807,1.923624,2.054274,1.806202,0.106193,0.145674,0.111914,0.145014,0.228923,0.140569,0.334756,1.915657,0.642350
38.800000,1.999600,1.926499,2.060612,1.978674,2.000769,1.933606,2.053611,1.809744,0.106067,0.145042,0.114580,0.144225,0.230827,0.140372,0.329915,1.918446,0.660151
38.816667,1.999511,1.927732,2.060347,1.979998,2.000655,1.947944,2.053568,1.812913,0.106272,0.145330,0.120270,0.143874,0.232458,0.139785,0.332493,1.910502,0.664750
38.833333,1.999435,1.929176,2.059970,1.981069,2.000578,1.957569,2.053411,1.810674,0.106527,0.144927,0.128358,0.143071,0.234875,0.139732,0.339821,1.900016,0.664583
38.850000,1.999357,1.931348,2.059673,1.982154,2.000561,1.961038,2.052628,1.806432,0.106552,0.143436,0.139043,0.141932,0.237406,0.140483,0.349979,1.888916,0.663102
38.866667,1.999280,1.934324,2.060084,1.982943,2.000571,1.960497,2.051108,1.802419,0.105577,0.140837,0.150181,0.141343,0.239192,0.142129,0.363488,1.882813,0.660235
38.883333,1.999209,1.938078,2.061011,1.983287,2.000582,1.960635,2.050028,1.798591,0.103307,0.138342,0.160624,0.142442,0.239669,0.143880,0.380401,1.881219,0.658965
38.900000,1.999141,1.940777,2.061733,1.983238,2.000573,1.962721,2.049897,1.795186,0.100336,0.136198,0.167846,0.144797,0.239406,0.145853,0.397720,1.881091,0.658215
38.916667,1.999076,1.942579,2.061421,1.982980,2.000542,1.964180,2.050021,1.792238,0.097648,0.133983,0.172527,0.146952,0.239510,0.148077,0.413922,1.880149,0.659244
38.933333,1.999013,1.943492,2.061320,1.982695,2.000507,1.965282,2.050336,1.790415,0.095201,0.131703,0.177472,0.148899,0.239883,0.150351,0.428144,1.881161,0.660141
38.950000,1.998947,1.943808,2.061043,1.982356,2.000477,1.965319,2.050186,1.789162,0.093330,0.129295,0.186578,0.149565,0.241834,0.152575,0.437990,1.879726,0.662034
38.966667,1.998888,1.943801,2.061100,1.982195,2.000460,1.962905,2.048783,1.789868,0.092574,0.127280,0.201524,0.147707,0.250988,0.152851,0.444787,1.879888,0.662778
38.983333,1.998826,1.944522,2.061295,1.981962,2.000448,1.959776,2.047641,1.791608,0.091876,0.125513,0.221546,0.145693,0.263928,0.152217,0.449615,1.882380,0.663655
39.000000,1.998802,1.945287,2.061249,1.982047,2.000438,1.958047,2.047905,1.794355,0.091075,0.123867,0.247271,0.143915,0.278757,0.151743,0.453127,1.886012,0.663970
39.016667,1.998778,1.946085,2.061422,1.982908,2.000453,1.956879,2.048484,1.796898,0.091119,0.123698,0.265722,0.142254,0.292992,0.150671,0.456282,1.890277,0.672248
39.033333,1.998754,1.946867,2.061374,1.983958,2.000488,1.956129,2.049211,1.798627,0.091463,0.124191,0.273317,0.141414,0.301864,0.149879,0.458280,1.892011,0.685876
39.050000,1.998716,1.948011,2.061260,1.985365,2.000513,1.955609,2.050013,1.799749,0.092027,0.124849,0.267113,0.140939,0.307384,0.149320,0.462724,1.893614,0.694573
39.066667,1.998680,1.949011,2.061010,1.986651,2.000542,1.954998,2.050706,1.800615,0.092849,0.125604,0.257922,0.140550,0.311810,0.148776,0.466546,1.894992,0.702491
39.083333,1.998647,1.949881,2.060750,1.987836,2.000544,1.954317,2.051180,1.801149,0.093504,0.126206,0.249317,0.140293,0.315021,0.148350,0.469548,1.895502,0.705105
39.100000,1.998622,1.950651,2.060543,1.988812,2.000520,1.953738,2.051799,1.801393,0.094045,0.126773,0.241324,0.140056,0.317750,0.148065,0.472077,1.895790,0.704191
39.116667,1.998601,1.951335,2.060368,1.989599,2.000507,1.954798,2.052556,1.801871,0.094723,0.127319,0.233844,0.139964,0.323077,0.147138,0.474288,1.896096,0.704419
39.133333,1.998594,1.952104,2.060057,1.990333,2.000520,1.954851,2.053089,1.801888,0.095364,0.127710,0.228015,0.139912,0.327671,0.146570,0.478152,1.893435,0.706912
39.150000,1.998584,1.952890,2.059852,1.990942,2.000533,1.954658,2.053483,1.801740,0.095895,0.127956,0.222882,0.139878,0.331415,0.146159,0.482945,1.890237,0.709282
39.166667,1.998575,1.953475,2.059647,1.991467,2.000562,1.954339,2.053787,1.801577,0.096235,0.128090,0.217382,0.139938,0.334835,0.145720,0.486211,1.889302,0.712267
39.183333,1.998572,1.953981,2.059451,1.991966,2.000601,1.953994,2.054031,1.801326,0.096433,0.128169,0.212701,0.139982,0.336704,0.145424,0.489120,1.888360,0.715238
39.200000,1.998566,1.954411,2.059344,1.992360,2.000630,1.953684,2.054228,1.801100,0.096574,0.128223,0.208775,0.140000,0.337694,0.145266,0.491776,1.887804,0.717560
39.216667,1.998557,1.954729,2.059220,1.992645,2.000655,1.953438,2.054384,1.800923,0.096684,0.128270,0.205228,0.140044,0.338221,0.145253,0.493762,1.887713,0.719649
39.233333,1.998549,1.954918,2.059200,1.992824,2.000668,1.953278,2.054500,1.800805,0.096756,0.128299,0.202995,0.140059,0.338514,0.145246,0.494949,1.887830,0.721154
39.250000,1.998541,1.955020,2.059208,1.992921,2.000672,1.953200,2.054577,1.800739,0.096797,0.128315,0.201778,0.140066,0.338669,0.145242,0.495586,1.887920,0.722000
39.266667,1.998536,1.955075,2.059114,1.992975,2.000673,1.953160,2.054621,1.800704,0.096817,0.128322,0.201490,0.140070,0.338749,0.145240,0.495925,1.887311,0.722457
39.283333,1.998534,1.955104,2.059066,1.993003,2.000674,1.953139,2.054644,1.800685,0.096829,0.128326,0.201305,0.140072,0.338789,0.145240,0.496103,1.887004,0.722702
39.300000,1.998533,1.955119,2.059045,1.993018,2.000674,1.953127,2.054656,1.800674,0.096835,0.128329,0.201190,0.140074,0.338807,0.145239,0.496196,1.886861,0.722831
39.316667,1.998532,1.955126,2.059037,1.993026,2.000674,1.953121,2.054663,1.800668,0.096839,0.128330,0.201117,0.140075,0.338814,0.145239,0.496242,1.886802,0.722899
39.333333,1.998532,1.955130,2.059033,1.993030,2.000674,1.953117,2.054666,1.800665,0.096841,0.128331,0.201071,0.140076,0.338814,0.145239,0.496264,1.886776,0.722933
39.350000,1.998531,1.955132,2.059033,1.993032,2.000674,1.953114,2.054668,1.800663,0.096842,0.128332,0.201044,0.140076,0.338812,0.145239,0.496274,1.886766,0.722950
39.366667,1.998531,1.955132,2.059033,1.993032,2.000674,1.953113,2.054669,1.800662,0.096842,0.128332,0.201033,0.140077,0.338809,0.145240,0.496276,1.886760,0.722956
39.383333,1.998531,1.955132,2.059032,1.993033,2.000674,1.953111,2.054670,1.800661,0.096842,0.128333,0.201028,0.140077,0.338804,0.145240,0.496275,1.886753,0.722958
39.400000,1.998531,1.955132,2.059032,1.993032,2.000674,1.953111,2.054670,1.800661,0.096842,0.128333,0.201025,0.140078,0.338800,0.145240,0.496272,1.886751,0.722958
39.416667,1.998531,1.955132,2.059033,1.993032,2.000674,1.953110,2.054670,1.800661,0.096842,0.128333,0.201023,0.140078,0.338796,0.145240,0.496269,1.886750,0.722956
39.433333,1.998531,1.955131,2.059033,1.993032,2.000674,1.953109,2.054670,1.800660,0.096842,0.128334,0.201022,0.140078,0.338793,0.145240,0.496266,1.886751,0.722954
39.450000,1.998531,1.955131,2.059034,1.993032,2.000674,1.953109,2.054670,1.800660,0.096842,0.128334,0.201021,0.140079,0.338789,0.145240,0.496262,1.886751,0.722952
39.466667,1.998531,1.955130,2.059034,1.993031,2.000674,1.953108,2.054670,1.800660,0.096842,0.128334,0.201020,0.140079,0.338786,0.145241,0.496259,1.886753,0.722949
39.483333,1.998531,1.955130,2.059035,1.993031,2.000674,1.953108,2.054670,1.800660,0.096842,0.128334,0.201019,0.140079,0.338784,0.145241,0.496256,1.886754,0.722947
39.500000,1.998531,1.955131,2.059037,1.992529,2.000691,1.953106,2.054668,1.800660,0.096851,0.128334,0.201033,0.140079,0.338781,0.145241,0.496255,1.886758,0.723113
39.516667,1.998537,1.954709,2.059450,1.991619,2.000718,1.953103,2.054665,1.800662,0.096864,0.128330,0.200898,0.140082,0.338782,0.145244,0.496286,1.890603,0.723414
39.533333,1.998560,1.953436,2.058180,1.990728,2.000743,1.953100,2.054663,1.800673,0.096874,0.128321,0.200760,0.140091,0.338788,0.145253,0.497705,1.890057,0.723709
39.550000,1.998594,1.954447,2.056826,1.990277,2.000738,1.953098,2.054660,1.800691,0.097028,0.128379,0.200456,0.140104,0.338799,0.145266,0.482860,1.893540,0.707005
39.566667,1.998638,1.956530,2.055411,1.989777,2.000712,1.953095,2.054656,1.800721,0.097292,0.128542,0.201071,0.140219,0.338814,0.145295,0.453019,1.896058,0.670831
39.583333,1.998673,1.957824,2.054429,1.989168,2.000700,1.953089,2.054647,1.800743,0.097128,0.128427,0.204965,0.140499,0.338835,0.145353,0.422737,1.900231,0.628253
39.600000,1.998703,1.958551,2.053728,1.988732,2.000707,1.955694,2.055683,1.800760,0.096944,0.127991,0.207530,0.140645,0.338883,0.145602,0.393196,1.904514,0.591849
39.616667,1.998731,1.958940,2.054280,1.988370,2.000727,1.960552,2.057507,1.800777,0.096726,0.127273,0.210673,0.140735,0.338974,0.146116,0.365115,1.908408,0.561073
39.633333,1.998646,1.959175,2.056059,1.987993,2.000757,1.954306,2.056490,1.800888,0.096904,0.125613,0.213440,0.140181,0.339203,0.147260,0.338695,1.915414,0.532888
39.650000,1.998524,1.959383,2.059175,1.987611,2.000799,1.945196,2.055007,1.801032,0.097320,0.123537,0.214364,0.139352,0.339495,0.148735,0.313965,1.928915,0.507187
39.666667,1.998423,1.959815,2.062725,1.987222,2.000852,1.934671,2.053421,1.801297,0.097798,0.122389,0.215156,0.137734,0.340640,0.149326,0.290824,1.944257,0.483855
39.683333,1.998340,1.960178,2.065942,1.987196,2.000935,1.924877,2.052148,1.802061,0.096807,0.120519,0.219491,0.136084,0.343125,0.149432,0.273087,1.957096,0.469979
39.700000,1.998231,1.959897,2.067024,1.987191,2.001075,1.920274,2.052291,1.804174,0.096162,0.118738,0.230117,0.133947,0.345804,0.149538,0.261923,1.958903,0.470520
39.716667,1.998129,1.959149,2.067198,1.987466,2.001357,1.915960,2.052293,1.807839,0.095882,0.117770,0.244982,0.131642,0.353986,0.147865,0.257790,1.956856,0.473718
39.733333,1.998089,1.957021,2.067297,1.987811,2.001743,1.916116,2.053211,1.811681,0.096078,0.116998,0.258215,0.129285,0.361888,0.146239,0.250504,1.959147,0.474686
39.750000,1.998128,1.955411,2.066170,1.988086,2.002147,1.918195,2.054079,1.817610,0.096619,0.116723,0.272253,0.127155,0.367523,0.144515,0.244668,1.956918,0.471573
39.766667,1.998393,1.953987,2.064119,1.988303,2.002554,1.919515,2.054532,1.824575,0.097418,0.117062,0.272753,0.126047,0.366139,0.143178,0.245814,1.956111,0.463657
39.783333,1.998774,1.952645,2.061871,1.988548,2.002979,1.917950,2.054266,1.831659,0.097847,0.117713,0.272944,0.126085,0.359015,0.142385,0.248872,1.953509,0.461980
39.800000,1.999200,1.951304,2.059478,1.988607,2.003376,1.908388,2.052577,1.837981,0.098056,0.118484,0.270517,0.127048,0.348504,0.142257,0.252691,1.949234,0.459730
39.816667,1.999648,1.949588,2.057372,1.987151,2.003710,1.893452,2.050135,1.843960,0.098131,0.119284,0.261724,0.128549,0.336521,0.142571,0.253736,1.945488,0.452950
39.833333,2.000100,1.946989,2.056198,1.984431,2.004022,1.874806,2.047405,1.849752,0.098134,0.120096,0.247308,0.130321,0.324543,0.143120,0.253269,1.946557,0.445831
39.850000,2.000545,1.944476,2.055320,1.980825,2.004265,1.860705,2.045589,1.855343,0.097914,0.120987,0.227655,0.132389,0.313069,0.143820,0.252786,1.946255,0.437795
39.866667,2.001018,1.941860,2.054772,1.976415,2.004411,1.845369,2.043830,1.859083,0.097690,0.121932,0.207291,0.134686,0.302546,0.144558,0.251945,1.943918,0.429044
39.883333,2.001536,1.938846,2.054638,1.971265,2.004586,1.828809,2.042392,1.858776,0.097468,0.122789,0.192046,0.137195,0.293152,0.145270,0.250407,1.942770,0.427201
39.900000,2.002017,1.933479,2.054683,1.963963,2.004822,1.815948,2.041460,1.856155,0.097153,0.123653,0.177241,0.140063,0.284663,0.146139,0.247630,1.942381,0.426152
39.916667,2.002370,1.927512,2.054560,1.954495,2.005056,1.804434,2.040660,1.851921,0.096811,0.124502,0.163775,0.143181,0.277189,0.147058,0.244259,1.940984,0.427308
39.933333,2.002655,1.922683,2.053955,1.943748,2.005297,1.793634,2.039962,1.847028,0.096554,0.125411,0.152525,0.146527,0.269835,0.148413,0.240745,1.936800,0.430655
39.950000,2.002808,1.917899,2.053076,1.937139,2.005568,1.785128,2.039425,1.843183,0.096888,0.127219,0.142990,0.149817,0.263306,0.149169,0.238083,1.931080,0.430049
39.966667,2.002811,1.909731,2.052395,1.935002,2.005793,1.776370,2.038870,1.841917,0.098174,0.131035,0.134357,0.152720,0.258025,0.148391,0.238319,1.927295,0.428484
39.983333,2.002695,1.902240,2.051476,1.934091,2.005964,1.769772,2.038458,1.838196,0.099525,0.134819,0.127400,0.155415,0.251148,0.148521,0.238158,1.922163,0.424904
40.000000,2.002531,1.895891,2.050255,1.929353,2.006127,1.764958,2.038219,1.831213,0.100193,0.137885,0.122267,0.157597,0.244467,0.149060,0.237125,1.915105,0.428739
40.016667,2.002335,1.889592,2.048950,1.923526,2.006119,1.760894,2.038135,1.824720,0.100843,0.141188,0.118020,0.159161,0.239862,0.148986,0.236488,1.907191,0.429636
40.033333,2.002147,1.882185,2.047648,1.916142,2.006107,1.757248,2.038137,1.826383,0.102082,0.143776,0.114560,0.159310,0.235295,0.147278,0.236912,1.899299,0.432230
40.050000,2.001966,1.877028,2.046851,1.910859,2.006081,1.753850,2.038184,1.832034,0.104275,0.145291,0.111072,0.157722,0.232045,0.144943,0.239496,1.895721,0.433981
40.066667,2.001837,1.878106,2.046691,1.905156,2.006009,1.750694,2.038245,1.840816,0.106585,0.145988,0.106825,0.155482,0.231271,0.142942,0.245056,1.897855,0.440362
40.083333,2.001713,1.876408,2.046583,1.896309,2.005914,1.747589,2.038332,1.850815,0.108586,0.145767,0.103714,0.153202,0.229947,0.141915,0.252037,1.900416,0.447736
40.100000,2.001657,1.871277,2.046643,1.888199,2.005827,1.744776,2.038417,1.856266,0.110049,0.146030,0.101339,0.151652,0.230814,0.141009,0.256649,1.902201,0.454005
40.116667,2.001656,1.868685,2.046918,1.880794,2.005742,1.742168,2.038509,1.854744,0.110336,0.145682,0.099382,0.150841,0.231551,0.140907,0.258312,1.902280,0.459807
40.133333,2.001644,1.867276,2.047114,1.879334,2.005687,1.739804,2.038599,1.853335,0.109084,0.144376,0.097503,0.150959,0.232361,0.141646,0.258586,1.900652,0.467845
40.150000,2.001624,1.866099,2.047214,1.883292,2.005537,1.737739,2.038689,1.852298,0.109425,0.143964,0.095414,0.150694,0.233106,0.142899,0.257887,1.901059,0.478755
40.166667,2.001595,1.862322,2.047462,1.886679,2.005310,1.735940,2.038772,1.851965,0.110935,0.143960,0.093168,0.149348,0.234989,0.143836,0.258568,1.905793,0.489604
40.183333,2.001542,1.857043,2.047767,1.889259,2.005211,1.734425,2.038845,1.853846,0.110348,0.142521,0.091088,0.148732,0.234938,0.144001,0.260184,1.911828,0.497195
40.200000,2.001482,1.852591,2.048021,1.893114,2.005148,1.733205,2.038911,1.855690,0.110367,0.141936,0.089969,0.148337,0.235455,0.144225,0.261589,1.916110,0.507540
40.216667,2.001433,1.849146,2.048224,1.897102,2.005127,1.732209,2.038966,1.857106,0.109703,0.140685,0.089331,0.147909,0.236897,0.144731,0.262617,1.919037,0.516818
40.233333,2.001391,1.846599,2.048379,1.902107,2.005118,1.731571,2.039012,1.858432,0.109071,0.139525,0.088958,0.147935,0.237346,0.145827,0.263367,1.921009,0.528350
40.250000,2.001358,1.845103,2.048485,1.907787,2.005103,1.731215,2.039045,1.859604,0.108505,0.139196,0.088752,0.148410,0.237615,0.146758,0.263789,1.922159,0.541586
40.266667,2.001334,1.844296,2.048548,1.914322,2.005048,1.731060,2.039063,1.860589,0.107697,0.139626,0.088650,0.149452,0.238248,0.147498,0.264011,1.922779,0.555749
40.283333,2.001321,1.843865,2.048581,1.919388,2.004867,1.731014,2.039071,1.861192,0.106607,0.140113,0.088623,0.150402,0.238939,0.147974,0.264127,1.923110,0.568429
40.300000,2.001314,1.843637,2.048599,1.921692,2.004679,1.731000,2.039076,1.861522,0.105892,0.140317,0.088619,0.150923,0.239342,0.148230,0.264189,1.923288,0.575159
40.316667,2.001310,1.843517,2.048610,1.922404,2.004486,1.730996,2.039079,1.861705,0.105491,0.140414,0.088626,0.151194,0.239564,0.148365,0.264221,1.923383,0.578216
40.333333,2.001308,1.843456,2.048615,1.922129,2.004270,1.730997,2.039082,1.861803,0.105229,0.140440,0.088643,0.151352,0.239686,0.148440,0.264236,1.923433,0.579129
40.350000,2.001307,1.843426,2.048619,1.921236,2.004033,1.731001,2.039083,1.861854,0.105038,0.140427,0.088665,0.151455,0.239753,0.148484,0.264243,1.923460,0.578836
40.366667,2.001307,1.843421,2.048625,1.919932,2.003781,1.731006,2.039085,1.861880,0.104884,0.140392,0.088650,0.151528,0.239790,0.148510,0.265183,1.923474,0.577761
40.383333,2.001311,1.843446,2.048646,1.918374,2.003525,1.731011,2.039086,1.861892,0.104759,0.140347,0.088490,0.151580,0.239809,0.148523,0.269017,1.923481,0.576170
40.400000,2.001316,1.843481,2.048670,1.916673,2.003277,1.731017,2.039087,1.861897,0.104652,0.140298,0.088323,0.151620,0.239818,0.148530,0.273408,1.923486,0.574385
40.416667,2.001321,1.843522,2.048695,1.914999,2.003051,1.731023,2.039088,1.861898,0.104549,0.140256,0.088148,0.151660,0.239823,0.148534,0.278269,1.923490,0.572587
40.433333,2.001329,1.843565,2.048783,1.913512,2.002863,1.731028,2.039088,1.861897,0.104471,0.140230,0.087363,0.151693,0.239825,0.148536,0.284818,1.924585,0.570927
40.450000,2.001340,1.843615,2.048935,1.912381,2.002727,1.731033,2.039089,1.861896,0.104448,0.140229,0.085962,0.151714,0.239825,0.148533,0.293682,1.926736,0.569915
40.466667,2.001351,1.843671,2.049092,1.911615,2.002637,1.731036,2.039089,1.861894,0.104455,0.140242,0.084575,0.151726,0.239824,0.148529,0.303011,1.928884,0.569283
40.483333,2.001335,1.843751,2.049261,1.911190,2.002587,1.731040,2.039089,1.861497,0.104494,0.140268,0.083100,0.151729,0.239887,0.148542,0.314594,1.931046,0.568941
40.500000,2.001220,1.843948,2.049423,1.910765,2.002536,1.731043,2.039089,1.860103,0.104571,0.140312,0.081602,0.151720,0.240126,0.148596,0.334954,1.932686,0.568638
40.516667,2.001160,1.844139,2.049614,1.910535,2.002509,1.731046,2.039088,1.859259,0.104667,0.140364,0.080130,0.151707,0.240263,0.148619,0.358128,1.934530,0.568424
40.533333,2.001138,1.844313,2.049823,1.910420,2.002496,1.731048,2.039088,1.858789,0.104776,0.140420,0.078792,0.151692,0.240332,0.148621,0.383099,1.936459,0.568450
40.550000,2.001073,1.855994,2.050108,1.910732,2.002496,1.731047,2.039085,1.858464,0.104914,0.140486,0.077396,0.151678,0.240357,0.148617,0.379315,1.939114,0.571469
40.566667,2.000974,1.867615,2.049281,1.910939,2.002499,1.731046,2.039082,1.858202,0.105086,0.140586,0.074987,0.151669,0.240354,0.148608,0.364406,1.937315,0.573464
40.583333,2.000877,1.876791,2.047844,1.911256,2.002506,1.742269,2.039761,1.857970,0.105360,0.140743,0.072632,0.151849,0.239126,0.148413,0.347811,1.931215,0.573044
40.600000,2.000763,1.883552,2.046738,1.911672,2.002511,1.748469,2.039841,1.857811,0.105753,0.141341,0.070450,0.151997,0.235553,0.147680,0.336249,1.921374,0.572516
40.616667,2.000651,1.888663,2.045510,1.911911,2.002417,1.762910,2.041093,1.857790,0.106385,0.143251,0.067228,0.151355,0.233016,0.145702,0.335910,1.909298,0.572269
40.633333,2.000561,1.889194,2.044306,1.911996,2.002304,1.782370,2.043130,1.857844,0.107235,0.145814,0.063840,0.150853,0.231664,0.143454,0.345944,1.895644,0.567298
40.650000,2.000489,1.885256,2.043352,1.916263,2.002234,1.807097,2.045725,1.858058,0.108047,0.148673,0.061726,0.151352,0.233075,0.141537,0.364849,1.881500,0.552478
40.666667,2.000400,1.888200,2.042625,1.923344,2.002186,1.830031,2.048362,1.859694,0.108347,0.149103,0.060603,0.150771,0.235072,0.141013,0.361985,1.868284,0.526100
40.683333,2.000305,1.893070,2.041977,1.929317,2.002129,1.848442,2.050867,1.864766,0.108789,0.149123,0.059487,0.149761,0.230727,0.141890,0.356372,1.855553,0.504098
40.700000,2.000197,1.896339,2.041402,1.933646,2.002046,1.868718,2.053812,1.868950,0.109461,0.149825,0.059079,0.149247,0.231530,0.141727,0.350957,1.844663,0.495761
40.716667,2.000098,1.893254,2.041388,1.940676,2.001950,1.890515,2.056428,1.873205,0.110311,0.150881,0.059623,0.149060,0.232827,0.140791,0.353116,1.841349,0.501175
40.733333,2.000005,1.889055,2.041842,1.946373,2.001794,1.909600,2.058329,1.876605,0.111098,0.151783,0.060984,0.149084,0.234264,0.140268,0.360691,1.842074,0.502799
40.750000,1.999912,1.884093,2.042568,1.949891,2.001570,1.925340,2.059834,1.878720,0.111209,0.151988,0.062696,0.149210,0.236335,0.140456,0.373284,1.845679,0.501476
40.766667,1.999833,1.883786,2.043461,1.950116,2.001416,1.933410,2.059737,1.873785,0.111113,0.151390,0.064114,0.148642,0.239568,0.141239,0.378596,1.851538,0.504125
40.783333,1.999740,1.886911,2.044397,1.950033,2.001317,1.940241,2.059480,1.868698,0.110560,0.150265,0.065692,0.147977,0.243829,0.141652,0.373609,1.857059,0.509361
40.800000,1.999641,1.893571,2.045354,1.950256,2.001295,1.948720,2.059713,1.863810,0.109585,0.148340,0.067419,0.146519,0.248714,0.141808,0.372200,1.861821,0.523432
40.816667,1.999540,1.902710,2.046290,1.952522,2.001194,1.958397,2.059965,1.859895,0.109645,0.146897,0.070014,0.144378,0.253739,0.141774,0.369845,1.865583,0.520906
40.833333,1.999444,1.911801,2.047458,1.956083,2.001130,1.967889,2.060212,1.856366,0.109760,0.145904,0.075296,0.143103,0.258186,0.142361,0.371248,1.870110,0.523349
40.850000,1.999352,1.920374,2.048762,1.958540,2.001096,1.971162,2.059439,1.852754,0.108691,0.144006,0.081418,0.142962,0.261088,0.144083,0.376524,1.875464,0.526366
40.866667,1.999254,1.929298,2.049665,1.959909,2.001062,1.970699,2.057970,1.849304,0.107734,0.142301,0.087800,0.143582,0.262937,0.146002,0.384637,1.874577,0.532493
40.883333,1.999156,1.938018,2.049854,1.960535,2.001029,1.968188,2.056149,1.846164,0.105783,0.140860,0.094894,0.145296,0.264142,0.147734,0.395907,1.863259,0.536804
40.900000,1.999065,1.945308,2.049993,1.962070,2.001055,1.968510,2.055396,1.842927,0.103696,0.138853,0.103229,0.146788,0.263973,0.149986,0.411729,1.849474,0.540567
40.916667,1.998979,1.950961,2.050065,1.962961,2.001083,1.969191,2.055274,1.840060,0.102312,0.136729,0.111688,0.147578,0.264040,0.152136,0.432799,1.834679,0.542961
40.933333,1.998890,1.956944,2.049947,1.963224,2.001091,1.969122,2.054982,1.837823,0.102029,0.136769,0.123877,0.148004,0.266421,0.153183,0.457594,1.817760,0.544631
40.950000,1.998804,1.962581,2.050134,1.963694,2.001130,1.966849,2.053624,1.837366,0.101229,0.135983,0.137166,0.147237,0.274610,0.152848,0.486400,1.805560,0.545595
40.966667,1.998728,1.967211,2.050388,1.964361,2.001176,1.963935,2.052050,1.837610,0.100873,0.135549,0.146507,0.146052,0.284907,0.152161,0.519162,1.800213,0.546073
40.983333,1.998651,1.970969,2.050328,1.965277,2.001261,1.961149,2.050588,1.838531,0.100449,0.134878,0.152583,0.144467,0.297524,0.151311,0.554260,1.793845,0.550455
41.000000,1.998576,1.973174,2.050034,1.967000,2.001368,1.958140,2.049285,1.839918,0.099897,0.134518,0.158515,0.143238,0.311637,0.150497,0.579723,1.785841,0.559263
41.016667,1.998505,1.974481,2.049565,1.968549,2.001446,1.955598,2.048903,1.841665,0.099112,0.133967,0.165328,0.142014,0.327683,0.149739,0.595870,1.776696,0.568789
41.033333,1.998437,1.975408,2.049115,1.970094,2.001536,1.954174,2.049109,1.843700,0.098046,0.133182,0.174025,0.140794,0.345901,0.149076,0.604651,1.768704,0.580491
41.050000,1.998366,1.976019,2.049126,1.971410,2.001588,1.953537,2.049844,1.845918,0.097002,0.132036,0.184920,0.139710,0.366849,0.148701,0.608792,1.767716,0.589292
41.066667,1.998283,1.976581,2.049280,1.972483,2.001618,1.952945,2.050646,1.850179,0.097223,0.132085,0.192180,0.138926,0.387730,0.147313,0.611683,1.768269,0.595578
41.083333,1.998193,1.977472,2.049246,1.973411,2.001642,1.952668,2.051606,1.855894,0.097920,0.132613,0.190655,0.138606,0.402821,0.145303,0.619033,1.765665,0.600347
41.100000,1.998121,1.978362,2.049249,1.974228,2.001664,1.953627,2.052323,1.859094,0.098609,0.133141,0.184645,0.138473,0.413888,0.143777,0.627566,1.762815,0.604111
41.116667,1.998057,1.979243,2.049436,1.974948,2.001686,1.953590,2.052844,1.860883,0.099390,0.133597,0.176228,0.138382,0.421775,0.142757,0.636576,1.762302,0.607366
41.133333,1.998007,1.980113,2.049443,1.975860,2.001777,1.953321,2.053246,1.861961,0.100511,0.134261,0.168354,0.138345,0.428845,0.141886,0.646227,1.758856,0.614421
41.150000,1.997977,1.980884,2.049481,1.977060,2.001833,1.952926,2.053569,1.862408,0.101586,0.134887,0.162019,0.138223,0.433161,0.141320,0.654965,1.755421,0.618716
41.166667,1.997957,1.981360,2.049420,1.978367,2.001899,1.952501,2.053837,1.862528,0.101099,0.135003,0.158617,0.138915,0.435551,0.141143,0.659659,1.752228,0.629041
41.183333,1.997939,1.981757,2.049277,1.979477,2.001947,1.952110,2.054062,1.862497,0.100628,0.135113,0.156233,0.139531,0.436858,0.141074,0.663490,1.748337,0.638014
41.200000,1.997922,1.982074,2.049184,1.980315,2.001980,1.951782,2.054249,1.862408,0.100284,0.135196,0.154021,0.139977,0.437573,0.141052,0.666606,1.745728,0.644712
41.216667,1.997907,1.982302,2.049075,1.980967,2.002010,1.951536,2.054400,1.862312,0.100107,0.135311,0.152647,0.140262,0.437959,0.141047,0.668814,1.743169,0.650437
41.233333,1.997893,1.982492,2.049031,1.981394,2.002028,1.951386,2.054514,1.862241,0.100052,0.135426,0.151399,0.140428,0.438165,0.141044,0.670995,1.741423,0.654607
41.250000,1.997880,1.982599,2.048998,1.981651,2.002036,1.951317,2.054592,1.862200,0.100036,0.135513,0.150637,0.140524,0.438269,0.141043,0.672300,1.740283,0.657337
41.266667,1.997873,1.982656,2.048976,1.981805,2.002039,1.951282,2.054636,1.862178,0.100036,0.135577,0.150232,0.140580,0.438318,0.141043,0.672997,1.739596,0.659082
41.283333,1.997868,1.982685,2.048965,1.981904,2.002041,1.951263,2.054660,1.862166,0.100045,0.135628,0.150017,0.140614,0.438337,0.141044,0.673361,1.739220,0.660294
41.300000,1.997866,1.982700,2.048959,1.981974,2.002041,1.951253,2.054673,1.862158,0.100058,0.135673,0.149905,0.140635,0.438341,0.141045,0.673545,1.739016,0.661221
41.316667,1.997865,1.982707,2.048956,1.982013,2.002041,1.951247,2.054679,1.862154,0.100067,0.135699,0.149845,0.140648,0.438337,0.141046,0.673634,1.738906,0.661747
41.333333,1.997864,1.982710,2.048954,1.982034,2.002041,1.951244,2.054683,1.862151,0.100071,0.135713,0.149811,0.140655,0.438329,0.141047,0.673675,1.738850,0.662026
41.350000,1.997864,1.982711,2.048954,1.982044,2.002041,1.951242,2.054685,1.862149,0.100074,0.135721,0.149792,0.140658,0.438320,0.141047,0.673691,1.738824,0.662172
41.366667,1.997864,1.982711,2.048954,1.982049,2.002041,1.951241,2.054686,1.862147,0.100075,0.135725,0.149780,0.140661,0.438311,0.141048,0.673694,1.738813,0.662246
41.383333,1.997864,1.982711,2.048954,1.982052,2.002041,1.951240,2.054687,1.862146,0.100076,0.135727,0.149772,0.140662,0.438302,0.141048,0.673690,1.738810,0.662282
41.400000,1.997864,1.982710,2.048955,1.982053,2.002041,1.951240,2.054687,1.862145,0.100076,0.135729,0.149767,0.140663,0.438293,0.141048,0.673683,1.738811,0.662298
41.416667,1.997864,1.982709,2.048955,1.982053,2.002041,1.951240,2.054688,1.862145,0.100076,0.135729,0.149764,0.140663,0.438285,0.141049,0.673675,1.738814,0.662304
41.433333,1.997864,1.982709,2.048955,1.982053,2.002041,1.951240,2.054688,1.862144,0.100077,0.135730,0.149761,0.140664,0.438278,0.141049,0.673667,1.738817,0.662304
41.450000,1.997864,1.982708,2.048979,1.982133,2.002064,1.951239,2.054687,1.862143,0.100045,0.135722,0.149955,0.140663,0.438271,0.141048,0.673664,1.738909,0.664519
41.466667,1.997863,1.982709,2.049166,1.982324,2.002116,1.951237,2.054686,1.862142,0.100000,0.135705,0.149938,0.140661,0.438265,0.141048,0.673667,1.740455,0.669514
41.483333,1.997865,1.982619,2.049484,1.982523,2.002167,1.951235,2.054684,1.862142,0.099951,0.135687,0.149842,0.140661,0.438260,0.141048,0.671574,1.743791,0.674672
41.500000,1.997875,1.982075,2.049202,1.982059,2.002224,1.951230,2.054680,1.862147,0.099622,0.135439,0.148572,0.140697,0.438263,0.141062,0.663684,1.748664,0.680097
41.516667,1.997901,1.981702,2.048567,1.981210,2.002323,1.951220,2.054671,1.862158,0.097833,0.134373,0.147312,0.141254,0.438283,0.141172,0.665027,1.760476,0.687475
41.533333,1.997933,1.981429,2.047852,1.980417,2.002440,1.951203,2.054661,1.862176,0.095876,0.132543,0.146164,0.141490,0.438366,0.141574,0.670792,1.773908,0.695589
41.550000,1.997951,1.982380,2.047272,1.979614,2.002563,1.951175,2.054652,1.862204,0.094513,0.129545,0.144725,0.140660,0.438563,0.142542,0.651934,1.785204,0.703329
41.566667,1.997973,1.982686,2.046748,1.978778,2.002689,1.951146,2.054644,1.862235,0.093192,0.126512,0.142141,0.139886,0.438770,0.143579,0.624629,1.792455,0.710406
41.583333,1.998001,1.982338,2.046744,1.977934,2.002822,1.951117,2.054637,1.862270,0.091956,0.123510,0.139296,0.139185,0.438984,0.144670,0.594825,1.791595,0.717437
41.600000,1.998029,1.981956,2.046884,1.977050,2.002957,1.951538,2.054956,1.862303,0.090985,0.120566,0.137331,0.138405,0.439199,0.145802,0.564234,1.792665,0.723949
41.616667,1.998059,1.981237,2.047141,1.976124,2.003106,1.952942,2.055625,1.862333,0.089860,0.117718,0.135988,0.137926,0.439410,0.146963,0.533851,1.795498,0.729586
41.633333,1.998065,1.980059,2.047525,1.976024,2.003171,1.945030,2.054204,1.862377,0.088716,0.115220,0.135482,0.137868,0.439627,0.148175,0.505402,1.800138,0.706648
41.650000,1.997914,1.978626,2.047949,1.975393,2.003202,1.934808,2.052609,1.862649,0.087995,0.113624,0.135421,0.136877,0.440751,0.148569,0.476589,1.805566,0.671345
41.666667,1.997789,1.975396,2.048170,1.975042,2.003291,1.924560,2.051266,1.863531,0.087913,0.111979,0.133967,0.134454,0.444243,0.148264,0.449648,1.809163,0.645260
41.683333,1.997712,1.971706,2.048173,1.974901,2.003451,1.914394,2.050067,1.868652,0.088014,0.110552,0.131096,0.132292,0.443646,0.147723,0.422342,1.811038,0.627325
41.700000,1.997655,1.966729,2.048056,1.974757,2.003648,1.904423,2.048956,1.873848,0.088248,0.109207,0.127553,0.130095,0.443167,0.147184,0.398939,1.812487,0.612701
41.716667,1.997625,1.960764,2.047458,1.974540,2.003855,1.900751,2.049011,1.879052,0.088667,0.108052,0.128572,0.127871,0.442866,0.146528,0.379752,1.807551,0.594136
41.733333,1.997671,1.955641,2.046681,1.974201,2.003982,1.897870,2.049029,1.884165,0.089157,0.108016,0.130362,0.126282,0.441437,0.145816,0.366628,1.800271,0.563570
41.750000,1.998037,1.951585,2.045678,1.973861,2.004057,1.895354,2.048869,1.890473,0.089762,0.109461,0.132650,0.125873,0.441850,0.143494,0.358030,1.789357,0.528139
41.766667,1.998636,1.950316,2.045423,1.973536,2.004109,1.895331,2.048869,1.897758,0.090406,0.111320,0.134947,0.125946,0.437471,0.141224,0.355519,1.784514,0.491896
41.783333,1.999536,1.948510,2.044739,1.973210,2.004156,1.898610,2.049102,1.906860,0.091073,0.113648,0.137233,0.126215,0.434665,0.138765,0.365706,1.778313,0.456905
41.800000,2.000358,1.945112,2.044183,1.972981,2.004294,1.899931,2.048987,1.916199,0.091714,0.116245,0.143390,0.126880,0.433655,0.136512,0.405240,1.767337,0.430386
41.816667,2.000998,1.939655,2.044114,1.972660,2.004478,1.898816,2.048454,1.923966,0.092193,0.119374,0.149488,0.128339,0.429490,0.134583,0.442197,1.764691,0.412118
41.833333,2.001511,1.932240,2.044134,1.971995,2.004578,1.891700,2.047428,1.929678,0.092429,0.122985,0.152373,0.130545,0.421528,0.133272,0.464875,1.765992,0.393503
41.850000,2.001989,1.922789,2.044074,1.970994,2.004668,1.881941,2.046543,1.932343,0.093035,0.124389,0.156367,0.131210,0.411397,0.132894,0.489438,1.768142,0.378457
41.866667,2.002384,1.912105,2.044021,1.970097,2.004769,1.869415,2.045557,1.932475,0.093578,0.125671,0.160950,0.132233,0.400003,0.132805,0.517262,1.772768,0.363633
41.883333,2.002708,1.897284,2.044295,1.968853,2.004807,1.855272,2.044495,1.931039,0.094088,0.126868,0.159851,0.133418,0.388146,0.132939,0.541881,1.785708,0.346059
41.900000,2.002912,1.881347,2.045793,1.966803,2.004676,1.842740,2.043570,1.928795,0.094789,0.127840,0.152892,0.134670,0.375877,0.133380,0.560033,1.809803,0.330251
41.916667,2.003114,1.868885,2.046418,1.965887,2.004613,1.831983,2.042770,1.926271,0.095530,0.128628,0.142554,0.136010,0.363056,0.134200,0.568309,1.822625,0.320845
41.933333,2.003289,1.858479,2.047518,1.965258,2.004789,1.823251,2.042110,1.923343,0.096400,0.129309,0.133237,0.137464,0.349984,0.135337,0.568979,1.836665,0.313794
41.950000,2.003440,1.850863,2.048543,1.965062,2.005010,1.815407,2.041462,1.920101,0.097338,0.130389,0.127356,0.139161,0.336869,0.136767,0.566623,1.846795,0.316777
41.966667,2.003554,1.845478,2.049341,1.962636,2.005188,1.809355,2.041005,1.915899,0.097453,0.131299,0.124870,0.141334,0.324405,0.138648,0.561664,1.852734,0.323482
41.983333,2.003618,1.841410,2.050054,1.960346,2.005150,1.803283,2.040415,1.907208,0.097688,0.132668,0.123851,0.143646,0.318312,0.141115,0.555345,1.857218,0.326015
42.000000,2.003655,1.838136,2.050730,1.956463,2.004940,1.798378,2.039978,1.897910,0.097832,0.134226,0.123466,0.146854,0.307801,0.143949,0.548405,1.861000,0.325896
42.016667,2.003636,1.835300,2.051420,1.953688,2.004755,1.794678,2.039785,1.887516,0.098146,0.135443,0.123200,0.150185,0.298955,0.146504,0.541216,1.864498,0.324952
42.033333,2.003572,1.832560,2.052212,1.952465,2.004587,1.791578,2.039739,1.876477,0.098994,0.137458,0.122625,0.153849,0.292523,0.148381,0.533830,1.868092,0.325204
42.050000,2.003461,1.829877,2.053104,1.947180,2.004449,1.788684,2.039789,1.868583,0.099482,0.138933,0.122154,0.157324,0.286115,0.150183,0.526490,1.872026,0.324410
42.066667,2.003351,1.827244,2.054052,1.941587,2.004447,1.785867,2.039874,1.865593,0.100429,0.140440,0.121684,0.157875,0.282338,0.150623,0.519347,1.876177,0.322866
42.083333,2.003287,1.824682,2.055149,1.937153,2.004367,1.783155,2.039974,1.867644,0.102023,0.141784,0.121353,0.156076,0.281985,0.149915,0.512555,1.880754,0.321942
42.100000,2.003215,1.822159,2.056319,1.933048,2.004258,1.780671,2.040081,1.871733,0.103033,0.143006,0.121076,0.155086,0.280892,0.149633,0.506120,1.885731,0.321202
42.116667,2.003108,1.819576,2.057559,1.932115,2.004177,1.778341,2.040185,1.879638,0.104556,0.143863,0.120679,0.152641,0.283389,0.147005,0.500003,1.891094,0.324719
42.133333,2.003032,1.817267,2.058231,1.932643,2.004130,1.776299,2.040297,1.882991,0.106437,0.144266,0.120372,0.150301,0.281063,0.145497,0.494560,1.893309,0.329774
42.150000,2.002917,1.816078,2.056890,1.934002,2.004146,1.774422,2.040403,1.886697,0.108571,0.144354,0.120544,0.147926,0.279926,0.143421,0.490673,1.885089,0.334969
42.166667,2.002795,1.815474,2.055132,1.935703,2.004148,1.772707,2.040506,1.890350,0.110547,0.144164,0.120919,0.145682,0.280259,0.141959,0.487706,1.873429,0.341007
42.183333,2.002691,1.814833,2.053776,1.937568,2.004160,1.771161,2.040595,1.893036,0.111238,0.143174,0.121116,0.143755,0.284075,0.141457,0.485024,1.864774,0.348054
42.200000,2.002614,1.809759,2.052784,1.939594,2.004173,1.769948,2.040674,1.895539,0.110797,0.141436,0.119933,0.142133,0.283817,0.141860,0.486587,1.861025,0.357228
42.216667,2.002545,1.802757,2.052232,1.941611,2.004182,1.769054,2.040741,1.897948,0.109830,0.139434,0.118534,0.141098,0.281264,0.142886,0.489719,1.860924,0.367631
42.233333,2.002479,1.798187,2.051963,1.943581,2.004191,1.768436,2.040795,1.900128,0.108704,0.137234,0.117655,0.140247,0.279549,0.144060,0.491620,1.861208,0.378968
42.250000,2.002427,1.795203,2.051876,1.946739,2.004207,1.768066,2.040836,1.901977,0.107646,0.135107,0.117132,0.139878,0.279687,0.145106,0.493294,1.861583,0.387579
42.266667,2.002375,1.793597,2.051637,1.949767,2.004287,1.767837,2.040859,1.903788,0.106643,0.133092,0.116586,0.139789,0.279932,0.146298,0.494206,1.860669,0.393401
42.283333,2.002327,1.792732,2.051472,1.952449,2.004330,1.767676,2.040872,1.905374,0.106278,0.131442,0.116212,0.139488,0.280880,0.147560,0.494698,1.859998,0.398434
42.300000,2.002306,1.792270,2.051375,1.955110,2.004317,1.767670,2.040873,1.906264,0.106872,0.131077,0.116016,0.139589,0.281394,0.148791,0.494965,1.859587,0.403652
42.316667,2.002295,1.792025,2.051322,1.958218,2.004309,1.767695,2.040871,1.906800,0.105919,0.130572,0.115875,0.140588,0.282573,0.149618,0.495109,1.859371,0.409732
42.333333,2.002289,1.791896,2.051297,1.960141,2.004234,1.767724,2.040871,1.907104,0.104758,0.130064,0.115782,0.141472,0.283433,0.150116,0.495186,1.859284,0.413910
42.350000,2.002285,1.791830,2.051286,1.960059,2.003983,1.767744,2.040872,1.907268,0.104095,0.129760,0.115744,0.141943,0.283965,0.150376,0.495226,1.859256,0.415425
42.366667,2.002284,1.791797,2.051280,1.959218,2.003707,1.767757,2.040873,1.907356,0.103715,0.129588,0.115732,0.142194,0.284260,0.150516,0.495247,1.859249,0.415883
42.383333,2.002283,1.791781,2.051276,1.957873,2.003411,1.767766,2.040874,1.907402,0.103480,0.129487,0.115739,0.142331,0.284421,0.150592,0.495257,1.859246,0.415774
42.400000,2.002282,1.791775,2.051273,1.956155,2.003097,1.767773,2.040875,1.907425,0.103313,0.129421,0.115763,0.142408,0.284508,0.150633,0.495262,1.859237,0.415318
42.416667,2.002282,1.791774,2.051271,1.954162,2.002775,1.767779,2.040877,1.907437,0.103179,0.129374,0.115796,0.142453,0.284557,0.150656,0.495264,1.859230,0.414603
42.433333,2.002222,1.792380,2.051348,1.952022,2.002466,1.767783,2.040877,1.907444,0.102999,0.129303,0.115734,0.142478,0.284580,0.150667,0.487474,1.860973,0.419026
42.450000,2.002105,1.793815,2.051514,1.949465,2.002150,1.767787,2.040878,1.907437,0.102766,0.129202,0.115535,0.142488,0.284585,0.150669,0.469734,1.864426,0.428198
42.466667,2.001953,1.795642,2.051705,1.946643,2.001850,1.767789,2.040878,1.907400,0.102535,0.129105,0.115296,0.142491,0.284579,0.150666,0.446289,1.868217,0.437936
42.483333,2.001778,1.799024,2.051925,1.943692,2.001576,1.767791,2.040877,1.907321,0.102304,0.129008,0.114875,0.142488,0.284562,0.150658,0.419171,1.872509,0.448972
42.500000,2.001509,1.811122,2.052252,1.940579,2.001337,1.767792,2.040876,1.906618,0.102069,0.128907,0.113092,0.142478,0.284690,0.150691,0.387581,1.877996,0.463939
42.516667,2.001308,1.824769,2.052172,1.940955,2.001148,1.767793,2.040874,1.906164,0.101794,0.128863,0.112307,0.142462,0.284751,0.150700,0.360105,1.882097,0.465918
42.533333,2.001183,1.839507,2.050165,1.942094,2.001037,1.767792,2.040871,1.905884,0.101540,0.128817,0.110995,0.142440,0.284772,0.150694,0.343218,1.876794,0.470692
42.550000,2.001143,1.854507,2.048792,1.944053,2.001031,1.767791,2.040868,1.905753,0.101392,0.128787,0.109938,0.142420,0.284780,0.150681,0.342157,1.861450,0.477598
42.566667,2.001129,1.867344,2.047346,1.945774,2.001050,1.771580,2.041195,1.905718,0.101284,0.128828,0.109448,0.142915,0.285513,0.150279,0.353438,1.842989,0.486048
42.583333,2.001069,1.877734,2.045905,1.948202,2.001129,1.788926,2.042503,1.905735,0.101314,0.129194,0.109932,0.143326,0.285336,0.149052,0.368898,1.821718,0.493246
42.600000,2.000948,1.888035,2.044624,1.950992,2.001252,1.794655,2.042320,1.905766,0.101636,0.130587,0.106669,0.142511,0.282505,0.146931,0.376788,1.802653,0.499083
42.616667,2.000855,1.903290,2.043271,1.953548,2.001338,1.802991,2.043211,1.905806,0.102082,0.132438,0.102394,0.141544,0.278957,0.144613,0.362836,1.781182,0.503221
42.633333,2.000740,1.911975,2.041937,1.955981,2.001363,1.813948,2.044928,1.907046,0.102581,0.134578,0.098627,0.140713,0.273873,0.142622,0.347431,1.757831,0.505952
42.650000,2.000617,1.909845,2.040572,1.957558,2.001361,1.827642,2.047048,1.910639,0.103137,0.136845,0.093797,0.140526,0.267801,0.141133,0.348714,1.732960,0.507545
42.666667,2.000516,1.903412,2.039214,1.958528,2.001336,1.844644,2.049515,1.914103,0.103889,0.139066,0.088211,0.141257,0.263541,0.139760,0.362107,1.707336,0.510645
42.683333,2.000422,1.902273,2.038064,1.959659,2.001299,1.864655,2.052541,1.916564,0.104275,0.142107,0.085546,0.142657,0.263028,0.137650,0.365793,1.681829,0.522405
42.700000,2.000309,1.906655,2.036904,1.960692,2.001251,1.887263,2.056156,1.918347,0.103518,0.144888,0.083157,0.144870,0.262928,0.135515,0.360024,1.654333,0.534870
42.716667,2.000196,1.909638,2.036340,1.961797,2.001214,1.897117,2.056209,1.920232,0.103381,0.143972,0.081795,0.143271,0.269323,0.133200,0.355717,1.633533,0.547306
42.733333,2.000068,1.911290,2.036388,1.965328,2.001155,1.906052,2.055939,1.922173,0.102977,0.142883,0.082040,0.141663,0.274806,0.131622,0.353105,1.622182,0.550492
42.750000,1.999922,1.915186,2.037152,1.969959,2.001096,1.913760,2.055395,1.924111,0.102433,0.141954,0.084105,0.140288,0.278831,0.131134,0.346647,1.625556,0.553116
42.766667,1.999796,1.916326,2.038218,1.972250,2.000997,1.920485,2.054528,1.924116,0.102868,0.142101,0.086610,0.139049,0.282404,0.131157,0.343599,1.635930,0.555109
42.783333,1.999702,1.917459,2.039929,1.973973,2.000960,1.927077,2.053445,1.920998,0.103900,0.142923,0.089174,0.137892,0.287600,0.130953,0.339596,1.658892,0.571884
42.800000,1.999601,1.918031,2.042191,1.976163,2.000964,1.935300,2.052540,1.918302,0.104434,0.143759,0.091673,0.137191,0.293461,0.130131,0.337686,1.690766,0.584930
42.816667,1.999513,1.918159,2.044716,1.977133,2.000980,1.949563,2.052444,1.915805,0.105128,0.143819,0.093100,0.135516,0.299760,0.129038,0.335297,1.723506,0.597427
42.833333,1.999425,1.920289,2.047021,1.977256,2.000972,1.959767,2.052045,1.913313,0.105680,0.143635,0.095887,0.134274,0.305757,0.128503,0.336783,1.747804,0.607743
42.850000,1.999335,1.922719,2.048840,1.976938,2.000925,1.963214,2.050950,1.910748,0.106643,0.144186,0.093948,0.133734,0.309417,0.128290,0.344301,1.765500,0.612508
42.866667,1.999245,1.924415,2.050250,1.976242,2.000863,1.964271,2.049745,1.908301,0.107828,0.145195,0.090713,0.133640,0.311309,0.128122,0.352624,1.777245,0.614351
42.883333,1.999160,1.925687,2.051443,1.975546,2.000804,1.967278,2.049539,1.905679,0.109015,0.146387,0.087162,0.133866,0.311920,0.127750,0.362033,1.785789,0.615644
42.900000,1.999077,1.927215,2.052474,1.974729,2.000765,1.970461,2.049861,1.903206,0.109927,0.147536,0.083583,0.134384,0.311983,0.127427,0.371417,1.792525,0.616821
42.916667,1.998996,1.928684,2.054434,1.974846,2.000775,1.973582,2.050428,1.900897,0.109820,0.148516,0.079035,0.135739,0.311878,0.127278,0.384980,1.802317,0.625021
42.933333,1.998919,1.930139,2.056183,1.976635,2.000863,1.976677,2.051141,1.899104,0.108453,0.146937,0.075183,0.136246,0.313038,0.127770,0.398923,1.810847,0.643543
42.950000,1.998843,1.931335,2.057591,1.978966,2.000988,1.979343,2.051876,1.897522,0.106311,0.144499,0.072557,0.136886,0.314720,0.128526,0.410397,1.816777,0.668087
42.966667,1.998777,1.932134,2.057065,1.981295,2.001124,1.982136,2.053557,1.896450,0.104131,0.141940,0.071324,0.137589,0.316863,0.129247,0.418186,1.809926,0.694802
42.983333,1.998734,1.933688,2.054956,1.983630,2.001186,1.984703,2.055460,1.895712,0.102839,0.140104,0.071112,0.138034,0.318873,0.129648,0.420438,1.789290,0.697245
43.000000,1.998702,1.935087,2.052807,1.985071,2.001219,1.986033,2.056429,1.895339,0.102184,0.138708,0.071236,0.138112,0.320727,0.129835,0.423583,1.767127,0.698278
43.016667,1.998649,1.936364,2.050406,1.986632,2.001299,1.984477,2.055541,1.895150,0.102192,0.136993,0.071659,0.137304,0.321996,0.130537,0.427749,1.740373,0.704702
43.033333,1.998589,1.937602,2.048785,1.988145,2.001385,1.983249,2.054814,1.894718,0.102566,0.135524,0.071829,0.136303,0.322806,0.131357,0.431540,1.722413,0.712411
43.050000,1.998523,1.938887,2.047836,1.989395,2.001466,1.982635,2.054556,1.894391,0.103026,0.134582,0.071810,0.135539,0.323398,0.131988,0.433214,1.711894,0.720566
43.066667,1.998468,1.939982,2.047067,1.990435,2.001543,1.982201,2.054819,1.894316,0.103481,0.134008,0.071840,0.134990,0.323837,0.132478,0.434150,1.702970,0.728777
43.083333,1.998425,1.940958,2.046382,1.991313,2.001620,1.981721,2.055143,1.894423,0.103906,0.133520,0.071926,0.134492,0.323955,0.133033,0.434314,1.694612,0.737038
43.100000,1.998386,1.941951,2.045762,1.992387,2.001689,1.981157,2.055514,1.894526,0.104138,0.133168,0.072091,0.134231,0.324007,0.133500,0.432151,1.686695,0.741576
43.116667,1.998345,1.942742,2.045229,1.993376,2.001761,1.980704,2.055851,1.894600,0.104272,0.133016,0.072291,0.134173,0.324056,0.133859,0.429601,1.679083,0.746086
43.133333,1.998307,1.943404,2.044943,1.994281,2.001837,1.980556,2.056416,1.894635,0.104361,0.132981,0.072442,0.134218,0.324137,0.134142,0.427463,1.672773,0.750578
43.150000,1.998271,1.944016,2.044805,1.995031,2.001905,1.980364,2.056999,1.894619,0.104459,0.133023,0.071982,0.134295,0.324288,0.134369,0.426926,1.668414,0.754578
43.166667,1.998269,1.944512,2.044985,1.995652,2.001964,1.980174,2.057592,1.894406,0.104540,0.133083,0.071589,0.134387,0.324822,0.134622,0.426471,1.666963,0.757945
43.183333,1.998273,1.944907,2.045119,1.996160,2.002016,1.978227,2.057398,1.894191,0.104605,0.133138,0.071229,0.134455,0.325312,0.134812,0.426109,1.665670,0.761003
43.200000,1.998272,1.945205,2.045330,1.996557,2.002058,1.977082,2.057140,1.894004,0.104659,0.133187,0.070971,0.134495,0.325749,0.134943,0.425825,1.665106,0.763500
43.216667,1.998269,1.945417,2.045468,1.996845,2.002088,1.975239,2.057239,1.893852,0.104699,0.133229,0.070776,0.134539,0.326085,0.135047,0.425630,1.664706,0.765422
43.233333,1.998264,1.945549,2.045616,1.997027,2.002105,1.973796,2.057302,1.893745,0.104730,0.133262,0.070673,0.134572,0.326313,0.135115,0.425517,1.664604,0.766762
43.250000,1.998258,1.945621,2.045683,1.997127,2.002112,1.973118,2.057322,1.893687,0.104749,0.133281,0.070634,0.134590,0.326441,0.135153,0.425455,1.664220,0.767519
43.266667,1.998253,1.945659,2.045712,1.997180,2.002114,1.972502,2.057316,1.893656,0.104760,0.133302,0.070623,0.134605,0.326509,0.135174,0.425420,1.663836,0.767922
43.283333,1.998251,1.945678,2.045727,1.997208,2.002116,1.972171,2.057313,1.893640,0.104766,0.133316,0.070619,0.134615,0.326545,0.135185,0.425399,1.663623,0.768135
43.300000,1.998250,1.945688,2.045736,1.997223,2.002116,1.971992,2.057311,1.893632,0.104770,0.133325,0.070617,0.134620,0.326564,0.135191,0.425386,1.663511,0.768245
43.316667,1.998249,1.945693,2.045741,1.997230,2.002116,1.971896,2.057310,1.893628,0.104772,0.133329,0.070616,0.134623,0.326573,0.135194,0.425378,1.663454,0.768300
43.333333,1.998249,1.945695,2.045744,1.997234,2.002117,1.971844,2.057310,1.893625,0.104773,0.133332,0.070616,0.134625,0.326578,0.135195,0.425372,1.663426,0.768325
43.350000,1.998249,1.945696,2.045745,1.997235,2.002117,1.971816,2.057309,1.893625,0.104773,0.133334,0.070616,0.134626,0.326580,0.135196,0.425368,1.663413,0.768336
43.366667,1.998249,1.945696,2.045746,1.997236,2.002117,1.971801,2.057309,1.893624,0.104773,0.133335,0.070616,0.134627,0.326581,0.135196,0.425365,1.663409,0.768338
43.383333,1.998249,1.945695,2.045747,1.997236,2.002116,1.971794,2.057309,1.893624,0.104773,0.133336,0.070616,0.134627,0.326581,0.135196,0.425362,1.663408,0.768336
43.400000,1.998249,1.945695,2.045748,1.997235,2.002116,1.971789,2.057309,1.893625,0.104774,0.133336,0.070616,0.134627,0.326580,0.135196,0.425360,1.663410,0.768333
43.416667,1.998249,1.945694,2.045748,1.997235,2.002116,1.971787,2.057309,1.893625,0.104774,0.133337,0.070616,0.134628,0.326580,0.135196,0.425358,1.663412,0.768329
43.433333,1.998249,1.945694,2.045748,1.997234,2.002116,1.971786,2.057309,1.893625,0.104774,0.133337,0.070616,0.134628,0.326579,0.135195,0.425356,1.663415,0.768324
43.450000,1.998249,1.945693,2.045749,1.997234,2.002116,1.971786,2.057309,1.893625,0.104774,0.133337,0.070616,0.134628,0.326578,0.135195,0.425355,1.663418,0.768320
43.466667,1.998249,1.945692,2.045749,1.997233,2.002116,1.971786,2.057309,1.893626,0.104774,0.133337,0.070617,0.134628,0.326578,0.135195,0.425354,1.663421,0.768316
43.483333,1.998249,1.945692,2.045749,1.997233,2.002116,1.971786,2.057309,1.893626,0.104774,0.133338,0.070617,0.134628,0.326577,0.135195,0.425352,1.663423,0.768312
43.500000,1.998249,1.945693,2.045753,1.996461,2.002113,1.971784,2.057306,1.893626,0.104786,0.133338,0.070628,0.134628,0.326577,0.135195,0.425354,1.663431,0.768570
43.516667,1.998249,1.945695,2.045758,1.995589,2.002109,1.971781,2.057304,1.893627,0.104801,0.133338,0.070643,0.134628,0.326577,0.135195,0.425356,1.663440,0.768868
43.533333,1.998249,1.945697,2.045762,1.994930,2.002086,1.971779,2.057302,1.893627,0.104878,0.133371,0.070690,0.134629,0.326576,0.135195,0.425357,1.663449,0.761382
43.550000,1.998254,1.945478,2.046160,1.994378,2.001987,1.971770,2.057293,1.893630,0.105441,0.133328,0.071001,0.134203,0.326574,0.135131,0.421931,1.668799,0.727716
43.566667,1.998328,1.945471,2.046141,1.994478,2.001982,1.971758,2.057282,1.893684,0.103761,0.132223,0.071279,0.134735,0.326606,0.135251,0.415642,1.675916,0.700866
43.583333,1.998384,1.944641,2.046606,1.994895,2.002061,1.971741,2.057268,1.893721,0.101488,0.130785,0.071522,0.135447,0.326641,0.135409,0.410413,1.689431,0.683274
43.600000,1.998425,1.943577,2.047343,1.995536,2.002216,1.972246,2.057651,1.893742,0.099013,0.129299,0.071760,0.136288,0.326672,0.135584,0.405484,1.704316,0.684182
43.616667,1.998460,1.942387,2.047918,1.995680,2.002335,1.966137,2.056258,1.893769,0.097557,0.125924,0.073274,0.135360,0.326902,0.136639,0.400582,1.715491,0.685793
43.633333,1.998490,1.941030,2.048135,1.995470,2.002440,1.956454,2.054408,1.893791,0.095984,0.122780,0.075020,0.134949,0.327142,0.137837,0.395582,1.722731,0.686232
43.650000,1.998373,1.939558,2.048382,1.995102,2.002549,1.944976,2.052507,1.893889,0.094391,0.120215,0.076950,0.135099,0.327366,0.138918,0.390380,1.729033,0.686722
43.666667,1.998224,1.938378,2.049656,1.994750,2.002736,1.931398,2.050442,1.894009,0.093096,0.118206,0.079353,0.135543,0.327564,0.139842,0.384971,1.738777,0.669214
43.683333,1.998117,1.938431,2.051034,1.994477,2.002964,1.917454,2.048562,1.894290,0.092192,0.117388,0.082153,0.135570,0.328591,0.140028,0.379359,1.747787,0.654293
43.700000,1.998050,1.939080,2.052901,1.994254,2.003199,1.905168,2.047187,1.894756,0.092143,0.115805,0.085275,0.133475,0.330691,0.140201,0.371068,1.761578,0.642583
43.716667,1.997982,1.939109,2.055212,1.993740,2.003439,1.895382,2.046341,1.894773,0.092317,0.114675,0.088370,0.131514,0.333039,0.140408,0.359326,1.779078,0.620797
43.733333,1.998047,1.938938,2.057571,1.992807,2.003643,1.892618,2.046704,1.894203,0.092919,0.114353,0.091298,0.129381,0.340171,0.139032,0.349731,1.795469,0.592092
43.750000,1.998198,1.937883,2.060049,1.991942,2.003812,1.890340,2.046935,1.891642,0.093491,0.115026,0.093623,0.128069,0.350200,0.136838,0.342084,1.811590,0.556891
43.766667,1.998334,1.936188,2.062937,1.991043,2.003963,1.889424,2.047145,1.889306,0.093978,0.116066,0.095376,0.127089,0.360462,0.134712,0.333933,1.829546,0.521549
43.783333,1.998597,1.933659,2.064002,1.990128,2.004105,1.885172,2.046777,1.892948,0.094380,0.117565,0.096639,0.127231,0.362104,0.133070,0.325230,1.832750,0.487686
43.800000,1.999048,1.930265,2.063833,1.989671,2.004418,1.880291,2.046333,1.899108,0.094783,0.119276,0.099026,0.128029,0.357120,0.131702,0.316646,1.833795,0.473163
43.816667,1.999553,1.926400,2.062958,1.989118,2.004751,1.871195,2.045715,1.904377,0.095154,0.120379,0.101178,0.128664,0.349933,0.130891,0.308133,1.832195,0.464430
43.833333,2.000075,1.922172,2.061740,1.988400,2.005077,1.858234,2.044780,1.908959,0.095513,0.120804,0.103974,0.128983,0.341848,0.130497,0.301405,1.827164,0.458481
43.850000,2.000665,1.918899,2.060311,1.987269,2.005302,1.847712,2.043986,1.911878,0.095422,0.121669,0.107101,0.129857,0.332836,0.130429,0.295531,1.820568,0.454081
43.866667,2.001357,1.916689,2.058906,1.985878,2.005503,1.834748,2.043072,1.911782,0.095407,0.122672,0.110439,0.131061,0.323331,0.130406,0.293901,1.814739,0.449108
43.883333,2.002034,1.915266,2.057398,1.982966,2.005549,1.820609,2.042121,1.909909,0.095399,0.123674,0.113804,0.132439,0.313959,0.130435,0.290838,1.806205,0.443148
43.900000,2.002600,1.913719,2.055751,1.978507,2.005579,1.808659,2.041347,1.907001,0.095090,0.124581,0.116598,0.133937,0.304976,0.130621,0.286086,1.796854,0.444290
43.916667,2.003062,1.912775,2.054656,1.972578,2.005773,1.795747,2.040534,1.903447,0.094918,0.125149,0.117680,0.135362,0.296421,0.131048,0.279987,1.793292,0.446975
43.933333,2.003408,1.913087,2.053381,1.968447,2.005936,1.786004,2.040015,1.899456,0.095171,0.125899,0.118021,0.136842,0.288237,0.131738,0.272923,1.786917,0.448616
43.950000,2.003627,1.912784,2.051742,1.964876,2.005936,1.777322,2.039376,1.895151,0.095588,0.127286,0.118292,0.138537,0.280310,0.132673,0.267458,1.776425,0.446253
43.966667,2.003713,1.912854,2.050124,1.959928,2.005843,1.768450,2.038782,1.890592,0.096308,0.128657,0.118294,0.140279,0.272470,0.133910,0.263097,1.766566,0.445197
43.983333,2.003524,1.913546,2.048604,1.959060,2.005761,1.761842,2.038332,1.888432,0.097510,0.130729,0.117989,0.142493,0.261376,0.135409,0.259134,1.755253,0.443018
44.000000,2.003356,1.916611,2.047521,1.959282,2.005696,1.757035,2.038116,1.888194,0.098614,0.132877,0.117654,0.144747,0.250748,0.136703,0.255502,1.743049,0.441500
44.016667,2.003250,1.918261,2.047013,1.955782,2.005784,1.752924,2.038056,1.888132,0.098825,0.134298,0.117173,0.146706,0.242249,0.137768,0.254851,1.735032,0.444122
44.033333,2.003209,1.914105,2.047795,1.951474,2.005894,1.749194,2.038074,1.888646,0.098968,0.135251,0.114059,0.148091,0.235588,0.138488,0.257106,1.740988,0.440387
44.050000,2.003200,1.907112,2.048767,1.946640,2.005793,1.745776,2.038132,1.890643,0.099384,0.136330,0.111501,0.149168,0.230180,0.138979,0.261092,1.752684,0.438586
44.066667,2.003191,1.898286,2.049808,1.943364,2.005553,1.742581,2.038211,1.892904,0.100326,0.137646,0.109600,0.149992,0.226792,0.139368,0.265301,1.766551,0.431050
44.083333,2.003197,1.889917,2.050747,1.941750,2.005228,1.739585,2.038300,1.894243,0.101448,0.139384,0.108087,0.150760,0.225455,0.139608,0.267328,1.780110,0.428421
44.100000,2.003211,1.883166,2.051490,1.936657,2.005011,1.736821,2.038390,1.895440,0.102091,0.140402,0.107052,0.151288,0.224671,0.139798,0.268791,1.790100,0.428694
44.116667,2.003224,1.875735,2.052166,1.932214,2.004910,1.734247,2.038476,1.897253,0.102929,0.141617,0.106177,0.150673,0.225828,0.139324,0.271037,1.799719,0.427305
44.133333,2.003220,1.868819,2.052757,1.929857,2.004810,1.731850,2.038561,1.899114,0.103359,0.142499,0.105426,0.150087,0.228639,0.139135,0.272822,1.808109,0.426501
44.150000,2.003194,1.861339,2.053287,1.930149,2.004706,1.729688,2.038642,1.901396,0.104746,0.141741,0.104669,0.147950,0.231736,0.139780,0.275209,1.816164,0.432167
44.166667,2.003160,1.854183,2.053759,1.932825,2.004632,1.727845,2.038719,1.903596,0.106792,0.140668,0.103975,0.145528,0.234173,0.141030,0.277603,1.823314,0.441945
44.183333,2.003127,1.847781,2.054156,1.937212,2.004576,1.726371,2.038787,1.905519,0.107885,0.140800,0.103370,0.145068,0.236016,0.142199,0.279726,1.829350,0.454320
44.200000,2.003096,1.842298,2.054486,1.941308,2.004536,1.725207,2.038848,1.907103,0.107985,0.140954,0.102881,0.145211,0.237597,0.142973,0.281520,1.834315,0.465076
44.216667,2.003092,1.837914,2.054748,1.943944,2.004521,1.724329,2.038904,1.907916,0.107845,0.140883,0.102504,0.145317,0.238656,0.143479,0.282935,1.838179,0.473462
44.233333,2.003103,1.834780,2.054942,1.945510,2.004513,1.723685,2.038951,1.907918,0.107798,0.140916,0.102213,0.145429,0.238807,0.143887,0.283925,1.840918,0.478968
44.250000,2.003105,1.832926,2.055071,1.946371,2.004510,1.723335,2.038988,1.907978,0.107798,0.140908,0.102033,0.145469,0.238828,0.144137,0.284494,1.842567,0.482131
44.266667,2.003107,1.831926,2.055145,1.946841,2.004508,1.723154,2.039010,1.908010,0.107792,0.140889,0.101934,0.145487,0.238844,0.144281,0.284802,1.843465,0.483965
44.283333,2.003108,1.831390,2.055185,1.947100,2.004508,1.723060,2.039022,1.908026,0.107781,0.140870,0.101881,0.145499,0.238855,0.144364,0.284969,1.843944,0.485044
44.300000,2.003108,1.831106,2.055207,1.947092,2.004483,1.723014,2.039029,1.908035,0.107769,0.140853,0.101852,0.145507,0.238862,0.144412,0.285060,1.844199,0.485751
44.316667,2.003108,1.830956,2.055219,1.946330,2.004324,1.722992,2.039033,1.908038,0.107752,0.140836,0.101846,0.145516,0.238868,0.144441,0.285108,1.844334,0.486043
44.333333,2.003108,1.830879,2.055224,1.945384,2.004118,1.722987,2.039036,1.908040,0.107678,0.140781,0.101867,0.145547,0.238876,0.144487,0.285133,1.844403,0.485235
44.350000,2.003108,1.830840,2.055227,1.944211,2.003874,1.722990,2.039038,1.908040,0.107580,0.140707,0.101899,0.145586,0.238886,0.144540,0.285145,1.844438,0.484222
44.366667,2.003108,1.830821,2.055228,1.942844,2.003603,1.722998,2.039040,1.908040,0.107462,0.140614,0.101940,0.145631,0.238898,0.144601,0.285150,1.844454,0.482979
44.383333,2.003073,1.830813,2.055228,1.941330,2.003317,1.723007,2.039042,1.907732,0.107325,0.140504,0.101989,0.145683,0.238960,0.144688,0.285150,1.844461,0.481494
44.400000,2.002816,1.830811,2.055228,1.939720,2.003025,1.723019,2.039044,1.905506,0.107173,0.140382,0.102047,0.145745,0.239373,0.144903,0.285152,1.844463,0.479756
44.416667,2.002578,1.830812,2.055228,1.938089,2.002742,1.723032,2.039046,1.903370,0.107008,0.140248,0.102111,0.145810,0.239769,0.145118,0.285152,1.844462,0.477779
44.433333,2.002369,1.830825,2.055237,1.936474,2.002487,1.723044,2.039048,1.901450,0.106821,0.140102,0.102338,0.145873,0.240122,0.145316,0.285163,1.844504,0.477761
44.450000,2.002199,1.830863,2.055267,1.934594,2.002262,1.723053,2.039049,1.899845,0.106617,0.139964,0.102951,0.145910,0.240411,0.145459,0.285196,1.844647,0.482831
44.466667,2.002072,1.830901,2.055298,1.932878,2.002090,1.723059,2.039050,1.898625,0.106457,0.139862,0.103554,0.145930,0.240626,0.145556,0.285228,1.844788,0.488227
44.483333,2.001985,1.830942,2.055409,1.931406,2.001975,1.723063,2.039050,1.897795,0.106322,0.139775,0.103859,0.145937,0.240770,0.145617,0.285263,1.846206,0.495895
44.500000,2.001938,1.831010,2.055592,1.930453,2.001911,1.723066,2.039050,1.897309,0.106236,0.139712,0.103785,0.145935,0.240850,0.145646,0.288024,1.848627,0.504310
44.516667,2.001930,1.831238,2.055402,1.929658,2.001864,1.723066,2.039048,1.897040,0.106252,0.139701,0.102257,0.145913,0.240878,0.145638,0.306241,1.849802,0.512367
44.533333,2.001928,1.835331,2.053693,1.928641,2.001837,1.723066,2.039045,1.896750,0.106304,0.139700,0.099326,0.145893,0.240909,0.145631,0.325415,1.843746,0.524657
44.550000,2.001892,1.850606,2.051877,1.928855,2.001857,1.724708,2.039159,1.896505,0.106450,0.139783,0.095488,0.145976,0.240786,0.145585,0.329476,1.836711,0.532085
44.566667,2.001832,1.862934,2.049708,1.930646,2.001977,1.733132,2.039767,1.896418,0.106589,0.140040,0.092749,0.147027,0.241950,0.144740,0.334809,1.827872,0.536020
44.583333,2.001782,1.872539,2.047752,1.932520,2.002122,1.745154,2.040614,1.896540,0.106747,0.140319,0.091816,0.148314,0.243799,0.143659,0.346243,1.818859,0.540316
44.600000,2.001730,1.879322,2.046155,1.933977,2.002246,1.749810,2.040262,1.896681,0.106941,0.140902,0.091228,0.148876,0.242054,0.142456,0.347770,1.810773,0.543655
44.616667,2.001738,1.883894,2.045445,1.934825,2.002257,1.757799,2.040661,1.896817,0.107105,0.141655,0.090166,0.147889,0.239488,0.140624,0.338379,1.806839,0.545588
44.633333,2.001732,1.881825,2.045619,1.936929,2.002107,1.772477,2.042171,1.896962,0.106972,0.142551,0.088567,0.147012,0.238042,0.139060,0.336443,1.807313,0.555525
44.650000,2.001700,1.877957,2.045892,1.938913,2.001967,1.792719,2.044424,1.897119,0.107229,0.144176,0.087651,0.146157,0.237230,0.137501,0.340257,1.808389,0.571893
44.666667,2.001652,1.873285,2.046413,1.940469,2.001859,1.815907,2.047173,1.897704,0.106212,0.145097,0.088670,0.145862,0.236211,0.136392,0.350887,1.811572,0.586993
44.683333,2.001582,1.868203,2.047106,1.947610,2.001741,1.842923,2.050554,1.898940,0.105886,0.145398,0.090856,0.145349,0.239201,0.135677,0.365725,1.816166,0.575785
44.700000,2.001493,1.874029,2.047858,1.955282,2.001617,1.861116,2.053019,1.900655,0.105907,0.145342,0.092593,0.144365,0.238181,0.135948,0.357555,1.821879,0.561140
44.716667,2.001381,1.880827,2.048674,1.958749,2.001528,1.880913,2.055887,1.902100,0.105755,0.144635,0.095913,0.143358,0.237082,0.137194,0.342401,1.827017,0.551389
44.733333,2.001265,1.887739,2.049529,1.958094,2.001488,1.900363,2.058472,1.903343,0.105333,0.144367,0.100290,0.143070,0.239139,0.136948,0.324255,1.831810,0.551440
44.750000,2.001177,1.887849,2.050548,1.957598,2.001455,1.918961,2.060532,1.901846,0.105263,0.143941,0.105934,0.142315,0.242509,0.136089,0.318294,1.837818,0.562841
44.766667,2.001079,1.890665,2.051658,1.956970,2.001422,1.928059,2.060510,1.898349,0.104764,0.143139,0.110998,0.141458,0.246250,0.135936,0.310030,1.845278,0.577776
44.783333,2.000987,1.892847,2.053148,1.957096,2.001339,1.939258,2.060741,1.894978,0.104390,0.142890,0.114967,0.141104,0.249561,0.135662,0.306049,1.844919,0.589621
44.800000,2.000899,1.896885,2.054509,1.958893,2.001159,1.951920,2.060831,1.891678,0.104836,0.143562,0.117508,0.141076,0.252439,0.135313,0.302628,1.844959,0.589419
44.816667,2.000821,1.903743,2.055942,1.962361,2.001025,1.962924,2.060809,1.888727,0.105618,0.143988,0.120847,0.140271,0.256158,0.135004,0.302340,1.846311,0.592876
44.833333,2.000751,1.910531,2.057452,1.965890,2.000938,1.966344,2.059535,1.885592,0.106543,0.143370,0.125494,0.138668,0.259853,0.135344,0.305798,1.848779,0.596388
44.850000,2.000683,1.916533,2.058794,1.968673,2.000883,1.966132,2.057915,1.882375,0.106781,0.141751,0.130181,0.137295,0.262909,0.136372,0.312838,1.851497,0.599525
44.866667,2.000617,1.923114,2.058640,1.971030,2.000853,1.963530,2.056017,1.879200,0.105443,0.139417,0.139566,0.137126,0.264841,0.137907,0.322116,1.843328,0.601395
44.883333,2.000549,1.929226,2.058711,1.973076,2.000819,1.962379,2.054776,1.876014,0.102833,0.138246,0.152920,0.139481,0.265313,0.139356,0.333135,1.835129,0.600380
44.900000,2.000483,1.933391,2.058970,1.974312,2.000797,1.964037,2.054690,1.873112,0.099827,0.136210,0.165485,0.141721,0.265023,0.141165,0.340926,1.830392,0.598679
44.916667,2.000418,1.936697,2.059961,1.974992,2.000767,1.965672,2.054969,1.870664,0.096864,0.134239,0.174142,0.144088,0.265044,0.143076,0.352650,1.831684,0.598383
44.933333,2.000356,1.938696,2.059546,1.975453,2.000728,1.966858,2.055367,1.868336,0.094378,0.132148,0.178683,0.146092,0.265339,0.145234,0.365358,1.829650,0.597551
44.950000,2.000295,1.940057,2.059271,1.975699,2.000683,1.965986,2.054762,1.866231,0.092139,0.129979,0.182277,0.147910,0.265782,0.147588,0.377592,1.830568,0.597213
44.966667,2.000230,1.941004,2.059107,1.975943,2.000640,1.963393,2.053876,1.865094,0.090504,0.127688,0.186854,0.148524,0.267776,0.149909,0.389149,1.833414,0.596930
44.983333,2.000162,1.941866,2.058912,1.976201,2.000609,1.960634,2.053531,1.865348,0.089710,0.125608,0.196367,0.146907,0.275949,0.151205,0.399123,1.837631,0.596568
45.000000,2.000105,1.942933,2.058646,1.976492,2.000584,1.957963,2.052760,1.866842,0.089107,0.123958,0.211961,0.144925,0.291185,0.150675,0.406446,1.842865,0.596076
45.016667,2.000053,1.943866,2.058618,1.977163,2.000579,1.955593,2.051881,1.868120,0.088821,0.123186,0.228019,0.143126,0.306431,0.149790,0.411585,1.848400,0.595577
