time,s1,s2,s3,s4,s5,s6,s7,s8,s9,s10,s11,s12,s13,s14,s15,s16,s17
1.000000,2.011323,2.006739,2.045694,2.010266,2.009382,1.989735,2.006013,1.996821,0.351123,0.075096,0.032719,0.048171,0.557456,0.512168,0.461879,1.848968,0.566301
1.016667,2.011481,2.006875,2.045058,2.010347,2.009278,1.989913,2.005995,1.996478,0.345447,0.075238,0.032131,0.048014,0.557376,0.526256,0.466617,1.845901,0.572989
1.033333,2.011436,2.007115,2.043799,2.010393,2.009153,1.990138,2.005757,1.996910,0.341627,0.074800,0.031918,0.047897,0.557046,0.530431,0.470546,1.835348,0.576176
1.050000,2.010941,2.007401,2.041785,2.010443,2.008979,1.990379,2.005281,1.997325,0.333167,0.074462,0.031991,0.047803,0.557964,0.505362,0.475333,1.817756,0.580517
1.066667,2.010532,2.007516,2.039680,2.010628,2.008911,1.990897,2.004922,1.997350,0.327774,0.073616,0.031366,0.047726,0.560177,0.484922,0.495379,1.805769,0.598204
1.083333,2.010016,2.007648,2.037971,2.010791,2.008873,1.991392,2.004738,1.997448,0.323603,0.072877,0.030848,0.047706,0.562260,0.452273,0.512107,1.793763,0.614837
1.100000,2.009704,2.007799,2.036991,2.010953,2.008769,1.991659,2.004718,1.997525,0.319193,0.072389,0.030510,0.047755,0.563718,0.428427,0.524384,1.784787,0.629396
1.116667,2.009620,2.007927,2.036739,2.011095,2.008534,1.991545,2.004780,1.997297,0.316364,0.072125,0.030332,0.047835,0.564342,0.416717,0.530922,1.780717,0.636156
1.133333,2.009688,2.008180,2.037254,2.011215,2.008270,1.991475,2.004831,1.997925,0.312806,0.072078,0.030147,0.047853,0.565225,0.411981,0.536780,1.779288,0.639689
1.150000,2.009885,2.008627,2.037786,2.011388,2.007942,1.991020,2.004894,1.998489,0.307731,0.072406,0.029565,0.047891,0.565988,0.414001,0.556508,1.778706,0.649526
1.166667,2.010089,2.009036,2.038015,2.011650,2.007625,1.990627,2.004984,1.998925,0.300997,0.073019,0.028985,0.047956,0.566450,0.418697,0.578588,1.774781,0.668746
1.183333,2.010274,2.009357,2.038345,2.011819,2.007541,1.990206,2.005383,1.998740,0.296200,0.073582,0.028469,0.048038,0.567217,0.423036,0.597245,1.772925,0.681272
1.200000,2.010539,2.009706,2.039021,2.012044,2.007798,1.989221,2.005344,1.998042,0.289833,0.074634,0.027658,0.048401,0.544968,0.425595,0.624362,1.776399,0.701957
1.216667,2.010820,2.010109,2.039676,2.012496,2.007915,1.988650,2.005295,1.996946,0.277787,0.074249,0.026765,0.049012,0.525252,0.427193,0.656202,1.779045,0.744802
1.233333,2.010932,2.010356,2.039674,2.012802,2.007974,1.987906,2.005426,1.996071,0.269738,0.073672,0.026294,0.049460,0.516187,0.428142,0.675169,1.780204,0.774518
1.250000,2.010928,2.010537,2.039531,2.012927,2.007975,1.987274,2.005449,1.995597,0.266074,0.073363,0.026054,0.049669,0.511930,0.428592,0.687477,1.780685,0.790247
1.266667,2.010948,2.010655,2.039356,2.013028,2.007885,1.986424,2.005334,1.995647,0.264075,0.073266,0.025934,0.049746,0.510106,0.428847,0.695006,1.780839,0.798877
1.283333,2.011012,2.010721,2.038748,2.013163,2.007713,1.986117,2.004998,1.996263,0.257483,0.073185,0.025981,0.049730,0.509484,0.429062,0.699184,1.775275,0.810080
1.300000,2.011041,2.010713,2.036755,2.013430,2.007578,1.986844,2.004594,1.996551,0.252359,0.071572,0.026204,0.049894,0.508904,0.430496,0.708386,1.754288,0.834484
1.316667,2.010677,2.010735,2.034951,2.013705,2.007521,1.987515,2.004355,1.996619,0.248336,0.070536,0.026510,0.050034,0.508524,0.411970,0.720828,1.728100,0.857033
1.333333,2.010135,2.010889,2.033821,2.013969,2.007474,1.988108,2.004223,1.996850,0.244874,0.069996,0.026382,0.050156,0.508298,0.383637,0.759722,1.710211,0.877819
1.350000,2.009644,2.010989,2.033087,2.014226,2.007437,1.988594,2.004156,1.996997,0.242042,0.069718,0.026340,0.050261,0.508215,0.357940,0.795076,1.691591,0.896884
1.366667,2.009239,2.010886,2.032856,2.014430,2.007032,1.988685,2.004132,1.997070,0.229980,0.070639,0.026416,0.050424,0.506284,0.338789,0.812543,1.678627,0.913298
1.383333,2.009159,2.010952,2.032025,2.014572,2.006794,1.988432,2.004144,1.997074,0.221457,0.071577,0.026369,0.050662,0.498889,0.324384,0.847406,1.655696,0.922784
1.400000,2.009284,2.011068,2.030799,2.014743,2.006654,1.988143,2.004128,1.996770,0.217104,0.072102,0.026143,0.050811,0.494982,0.317366,0.911094,1.621089,0.928033
1.416667,2.009354,2.011158,2.029488,2.014948,2.006463,1.987769,2.004051,1.996049,0.214664,0.072374,0.025852,0.050879,0.492914,0.313886,0.985139,1.582776,0.931034
1.433333,2.009347,2.011210,2.028478,2.015129,2.006321,1.987813,2.004017,1.995434,0.213306,0.072492,0.025476,0.050912,0.491849,0.311708,1.046546,1.559151,0.932788
1.450000,2.009240,2.011102,2.028166,2.015276,2.006189,1.987505,2.004021,1.995104,0.212530,0.072571,0.025277,0.050937,0.491300,0.310332,1.075385,1.549472,0.933824
1.466667,2.009082,2.010781,2.028239,2.015403,2.006041,1.987499,2.004063,1.995377,0.211864,0.072302,0.025225,0.050955,0.491079,0.309426,1.088672,1.544881,0.934515
1.483333,2.008970,2.010481,2.028396,2.015518,2.005908,1.987259,2.004112,1.996221,0.211451,0.072164,0.025206,0.050973,0.490874,0.308864,1.095408,1.542561,0.934976
1.500000,2.008944,2.010172,2.028509,2.015731,2.005759,1.987035,2.004154,1.996447,0.209238,0.072423,0.024986,0.051030,0.490808,0.308554,1.108879,1.541277,0.945042
1.516667,2.008921,2.009762,2.028999,2.015847,2.005605,1.986752,2.004232,1.996446,0.206224,0.072971,0.024456,0.050976,0.498420,0.305485,1.129606,1.554402,0.955213
1.533333,2.008853,2.009445,2.029611,2.016017,2.005772,1.985768,2.004279,1.996349,0.203465,0.073599,0.023975,0.050849,0.511284,0.297658,1.147669,1.568380,0.970840
1.550000,2.008902,2.009142,2.030099,2.016387,2.005944,1.984022,2.004464,1.995820,0.199842,0.074396,0.023751,0.050890,0.516434,0.291150,1.152159,1.576757,1.004908
1.566667,2.008930,2.008925,2.030401,2.016618,2.005965,1.982790,2.004668,1.995126,0.195762,0.074869,0.023730,0.050923,0.519307,0.288061,1.144097,1.581992,1.026240
1.583333,2.008852,2.008818,2.030704,2.016678,2.005893,1.981814,2.004732,1.994358,0.193389,0.075163,0.023736,0.050914,0.521914,0.286416,1.139632,1.585200,1.038389
1.600000,2.008820,2.008770,2.031056,2.016877,2.005807,1.981248,2.004714,1.993809,0.192098,0.075404,0.023753,0.050832,0.525754,0.285563,1.137208,1.587118,1.045196
1.616667,2.008887,2.008720,2.031101,2.017130,2.005733,1.980855,2.004696,1.994084,0.191766,0.075493,0.023758,0.050761,0.528767,0.284912,1.140362,1.587971,1.049084
1.633333,2.008969,2.008679,2.031066,2.017250,2.005634,1.980761,2.004595,1.994881,0.189384,0.075491,0.023773,0.050703,0.530186,0.284300,1.144832,1.588358,1.051219
1.650000,2.009223,2.008565,2.030670,2.017337,2.005572,1.981573,2.004361,1.995048,0.187325,0.074852,0.023917,0.050811,0.530303,0.292974,1.145398,1.582973,1.052464
1.666667,2.009234,2.008281,2.030551,2.017441,2.005642,1.982438,2.004238,1.994887,0.188934,0.073719,0.024024,0.050848,0.530364,0.294230,1.136166,1.584556,1.058874
1.683333,2.008989,2.008060,2.030449,2.017717,2.005782,1.983389,2.004177,1.994787,0.192726,0.072149,0.024106,0.050800,0.530467,0.283590,1.127491,1.587606,1.080162
1.700000,2.008645,2.007813,2.030353,2.017960,2.006020,1.984714,2.004050,1.995183,0.199483,0.070519,0.024255,0.050641,0.514475,0.270832,1.118115,1.592685,1.098581
1.716667,2.008418,2.007581,2.030394,2.018135,2.006424,1.985887,2.003970,1.995391,0.208159,0.069089,0.024512,0.050174,0.502505,0.262401,1.111284,1.596700,1.110493
1.733333,2.008381,2.007531,2.030469,2.018245,2.006674,1.986252,2.003938,1.995382,0.214511,0.068036,0.024712,0.049934,0.496458,0.258508,1.108754,1.599045,1.116713
1.750000,2.008418,2.007566,2.030501,2.018295,2.006692,1.986161,2.003883,1.994947,0.217805,0.067421,0.024832,0.049861,0.493129,0.257004,1.108379,1.600322,1.119973
1.766667,2.008424,2.008018,2.030723,2.018450,2.006614,1.985852,2.003867,1.994409,0.219499,0.067082,0.024877,0.049831,0.491089,0.256309,1.102518,1.604259,1.121987
1.783333,2.008417,2.008501,2.031098,2.018699,2.006518,1.985764,2.003944,1.994057,0.220095,0.066905,0.024911,0.049831,0.490056,0.255940,1.095281,1.607729,1.123383
1.800000,2.008302,2.008846,2.031595,2.018892,2.006422,1.985588,2.004016,1.993550,0.219796,0.066851,0.024949,0.049845,0.489783,0.255586,1.089174,1.609965,1.124279
1.816667,2.008188,2.009216,2.031950,2.019046,2.006333,1.985196,2.004042,1.993936,0.219610,0.066825,0.024981,0.049858,0.489528,0.255279,1.085213,1.609443,1.124880
1.833333,2.008084,2.009713,2.032577,2.018985,2.006287,1.984852,2.004139,1.994198,0.220004,0.066894,0.024795,0.049680,0.501652,0.250785,1.091070,1.616152,1.118966
1.850000,2.008003,2.010295,2.033369,2.018890,2.006301,1.984515,2.004240,1.994174,0.222128,0.066981,0.024570,0.049486,0.515425,0.245443,1.110302,1.626864,1.111773
1.866667,2.007913,2.010489,2.034259,2.018985,2.006371,1.984030,2.004185,1.993997,0.222602,0.066916,0.024342,0.049600,0.518553,0.239766,1.124846,1.639086,1.118914
1.883333,2.007807,2.010619,2.034946,2.019751,2.006571,1.982885,2.004241,1.993493,0.218212,0.066663,0.024063,0.050357,0.516632,0.234693,1.139996,1.646693,1.170765
1.900000,2.007808,2.010658,2.035317,2.020243,2.006633,1.982015,2.004375,1.993024,0.214517,0.066560,0.023911,0.050767,0.516001,0.232399,1.147326,1.651160,1.201397
1.916667,2.007695,2.010664,2.035514,2.020492,2.006676,1.981250,2.004421,1.992264,0.213701,0.066411,0.023858,0.050942,0.515896,0.231112,1.151105,1.653637,1.217318
1.933333,2.007576,2.010668,2.035687,2.020539,2.006680,1.980800,2.004432,1.991768,0.214782,0.066213,0.023889,0.050932,0.519208,0.230338,1.153261,1.655021,1.225655
1.950000,2.007594,2.010534,2.035455,2.020541,2.006738,1.980986,2.004439,1.992078,0.214173,0.066187,0.023916,0.050884,0.521933,0.230031,1.154743,1.655356,1.230089
1.966667,2.007660,2.010403,2.034716,2.020521,2.006795,1.981243,2.004362,1.992977,0.212912,0.066229,0.024050,0.050834,0.523225,0.229933,1.155683,1.647847,1.232399
1.983333,2.007898,2.010084,2.034435,2.020502,2.006749,1.981727,2.004194,1.993314,0.208919,0.066788,0.024077,0.050916,0.523378,0.236842,1.147782,1.649844,1.233707
2.000000,2.008138,2.009662,2.034655,2.020454,2.006623,1.982183,2.004089,1.993464,0.203770,0.067486,0.024160,0.051039,0.523326,0.245603,1.132736,1.653881,1.229876
2.016667,2.008128,2.009106,2.034267,2.020361,2.006476,1.982759,2.004040,1.993329,0.199197,0.068088,0.024498,0.051153,0.523381,0.245910,1.119922,1.644058,1.219546
2.033333,2.007781,2.008605,2.033704,2.020327,2.006319,1.983564,2.003902,1.993803,0.195167,0.068573,0.024665,0.051299,0.507630,0.234864,1.130331,1.632931,1.213980
2.050000,2.007653,2.008236,2.032796,2.020327,2.006197,1.984499,2.003782,1.994020,0.192632,0.069014,0.024901,0.051120,0.495916,0.227951,1.148291,1.612189,1.211063
2.066667,2.007783,2.007966,2.031765,2.020329,2.006120,1.984710,2.003741,1.994090,0.191963,0.069055,0.024698,0.051158,0.490004,0.226502,1.200591,1.587712,1.210888
2.083333,2.007850,2.007745,2.031047,2.020357,2.006017,1.984511,2.003710,1.993537,0.191808,0.068956,0.024404,0.051223,0.486993,0.227664,1.250918,1.572757,1.214473
2.100000,2.007794,2.007676,2.030631,2.020710,2.005888,1.984138,2.003618,1.992916,0.191629,0.068899,0.024247,0.051254,0.485164,0.231358,1.271880,1.568553,1.216935
2.116667,2.007724,2.007661,2.030288,2.021116,2.005781,1.983739,2.003630,1.992532,0.191490,0.068863,0.024186,0.051291,0.484248,0.233996,1.279620,1.566941,1.218632
2.133333,2.007634,2.007686,2.029935,2.021440,2.005727,1.983299,2.003664,1.992917,0.191451,0.068843,0.024205,0.051323,0.483698,0.235311,1.278499,1.565895,1.219732
2.150000,2.007538,2.007241,2.029610,2.021712,2.005669,1.982879,2.003715,1.993885,0.191414,0.068822,0.024308,0.051343,0.483264,0.235905,1.273199,1.565199,1.220497
2.166667,2.007461,2.006920,2.029157,2.021918,2.005608,1.982427,2.003821,1.994605,0.191368,0.068792,0.024474,0.051257,0.490415,0.233945,1.269942,1.558443,1.220986
2.183333,2.007366,2.006916,2.028648,2.022132,2.005551,1.981984,2.003951,1.994978,0.191326,0.068782,0.024604,0.051079,0.504591,0.228958,1.270468,1.546297,1.221483
2.200000,2.007270,2.007089,2.028477,2.022312,2.005486,1.981510,2.003917,1.994991,0.190895,0.068891,0.024382,0.051030,0.508661,0.223349,1.284803,1.542645,1.223602
2.216667,2.007466,2.007000,2.028458,2.023001,2.005698,1.980584,2.003857,1.994916,0.189550,0.068601,0.024335,0.051563,0.507883,0.218865,1.282446,1.543462,1.254805
2.233333,2.007597,2.006926,2.028475,2.023443,2.005876,1.979457,2.003932,1.994812,0.189523,0.068406,0.024422,0.051875,0.507638,0.216849,1.269842,1.544503,1.274183
2.250000,2.007565,2.006887,2.028496,2.023680,2.006000,1.978549,2.003964,1.994340,0.190185,0.068330,0.024477,0.051985,0.509825,0.215705,1.262915,1.545285,1.284122
2.266667,2.007555,2.006866,2.028482,2.023787,2.006023,1.977801,2.003962,1.993947,0.190903,0.068315,0.024525,0.051985,0.512888,0.215102,1.259164,1.545651,1.289364
2.283333,2.007606,2.006855,2.028644,2.023849,2.006087,1.977809,2.003980,1.993660,0.190654,0.068359,0.024566,0.051932,0.515890,0.214878,1.257128,1.546053,1.292260
2.300000,2.007667,2.006492,2.029006,2.023869,2.006090,1.978244,2.003941,1.993530,0.189548,0.068388,0.024583,0.051894,0.517777,0.214906,1.248125,1.552621,1.293918
2.316667,2.007862,2.005746,2.029438,2.023866,2.006047,1.978867,2.003795,1.993309,0.187636,0.068731,0.024526,0.051979,0.518313,0.219788,1.228476,1.568618,1.294914
2.333333,2.007990,2.005094,2.029571,2.023858,2.005975,1.979614,2.003721,1.992976,0.185179,0.069275,0.024546,0.052156,0.518566,0.224933,1.212203,1.574568,1.295569
2.350000,2.007628,2.004902,2.029378,2.023758,2.005818,1.980370,2.003679,1.992757,0.182363,0.069702,0.024723,0.052302,0.518847,0.213777,1.207135,1.570966,1.286997
2.366667,2.007263,2.004724,2.029051,2.023703,2.005707,1.981366,2.003597,1.992920,0.180207,0.069933,0.024931,0.052432,0.509620,0.202991,1.206183,1.564003,1.282460
2.383333,2.007018,2.004644,2.028873,2.023682,2.005735,1.982791,2.003503,1.993145,0.182274,0.069627,0.025196,0.052173,0.497849,0.196329,1.207800,1.558006,1.280168
2.400000,2.007011,2.004706,2.028780,2.023665,2.005782,1.983243,2.003469,1.993175,0.182409,0.069509,0.025362,0.052044,0.491932,0.196347,1.209916,1.554522,1.279005
2.416667,2.007069,2.004684,2.028851,2.023655,2.005711,1.983162,2.003418,1.992658,0.182270,0.069435,0.025244,0.051989,0.488843,0.199128,1.221903,1.556727,1.278365
2.433333,2.006977,2.004673,2.028686,2.023836,2.005600,1.982830,2.003330,1.992058,0.182102,0.069392,0.025090,0.051965,0.486986,0.201430,1.227569,1.561743,1.278332
2.450000,2.006896,2.004693,2.028357,2.024047,2.005499,1.982436,2.003342,1.991732,0.181968,0.069362,0.025044,0.051972,0.486046,0.202954,1.226181,1.564590,1.278437
2.466667,2.006892,2.004709,2.028274,2.024195,2.005476,1.982378,2.003382,1.991498,0.181967,0.069336,0.025026,0.051983,0.485588,0.203846,1.224854,1.566258,1.278590
2.483333,2.006888,2.004721,2.028366,2.024411,2.005452,1.982139,2.003455,1.991760,0.181971,0.069323,0.025032,0.051998,0.485363,0.204290,1.222087,1.567333,1.279171
2.500000,2.006816,2.005100,2.028254,2.024600,2.005401,1.981705,2.003590,1.992216,0.181938,0.069311,0.025179,0.051845,0.497817,0.200903,1.217715,1.557904,1.279732
2.516667,2.006702,2.004806,2.028174,2.024773,2.005353,1.981276,2.003737,1.992630,0.181908,0.069303,0.025409,0.051679,0.511940,0.196665,1.210825,1.547586,1.280271
2.533333,2.006603,2.004887,2.028243,2.024856,2.005302,1.980781,2.003724,1.992702,0.181904,0.069356,0.025301,0.051622,0.517014,0.191662,1.221269,1.541199,1.279360
2.550000,2.006670,2.004867,2.028470,2.025219,2.005456,1.979808,2.003673,1.992566,0.180295,0.069650,0.025236,0.051756,0.517462,0.187380,1.224517,1.542034,1.293554
2.566667,2.006774,2.004837,2.028612,2.025492,2.005645,1.978731,2.003637,1.992489,0.181446,0.069499,0.025343,0.051865,0.517853,0.185538,1.217337,1.543002,1.303903
2.583333,2.006770,2.004838,2.028722,2.025643,2.005903,1.977717,2.003557,1.992170,0.186062,0.068984,0.025544,0.051842,0.519302,0.184591,1.213481,1.543798,1.309339
2.600000,2.006738,2.004853,2.028784,2.025704,2.006155,1.976879,2.003497,1.991632,0.191964,0.068361,0.025753,0.051740,0.522971,0.184078,1.211507,1.544169,1.312300
2.616667,2.006776,2.004871,2.029137,2.025637,2.006315,1.976432,2.003474,1.991259,0.195893,0.067994,0.025893,0.051649,0.526400,0.183897,1.210455,1.544760,1.314091
2.633333,2.006836,2.004441,2.029735,2.025556,2.006360,1.976588,2.003429,1.991398,0.196557,0.067879,0.025984,0.051583,0.528530,0.183988,1.196609,1.553585,1.314972
2.650000,2.006961,2.003635,2.030028,2.025498,2.006391,1.976920,2.003378,1.991704,0.195819,0.067987,0.026067,0.051596,0.529521,0.185720,1.180019,1.562923,1.315289
2.666667,2.007229,2.002808,2.030400,2.025417,2.006376,1.977419,2.003329,1.992074,0.194117,0.068538,0.026064,0.051812,0.529759,0.193167,1.161323,1.574418,1.311251
2.683333,2.007313,2.001993,2.030756,2.025243,2.006250,1.978071,2.003305,1.992158,0.191479,0.069009,0.026138,0.051976,0.530022,0.196939,1.143033,1.585743,1.300713
2.700000,2.007030,2.001527,2.030666,2.025116,2.006108,1.979004,2.003201,1.992791,0.188357,0.069384,0.026334,0.052210,0.514083,0.190197,1.134407,1.585633,1.295135
2.716667,2.006809,2.001206,2.030642,2.025039,2.006035,1.980167,2.003108,1.993072,0.186095,0.069563,0.026499,0.052274,0.502614,0.184681,1.130886,1.583563,1.292224
2.733333,2.006707,2.001144,2.030627,2.024858,2.005893,1.980482,2.003074,1.993239,0.184207,0.069721,0.026588,0.052337,0.496761,0.182165,1.130403,1.582122,1.287255
2.750000,2.006635,2.001081,2.030775,2.024712,2.005723,1.980277,2.003051,1.992696,0.183008,0.069810,0.026305,0.052391,0.493747,0.181591,1.148401,1.587554,1.283293
2.766667,2.006473,2.001053,2.030579,2.024747,2.005564,1.979833,2.002982,1.992110,0.182284,0.069853,0.026122,0.052429,0.491888,0.181812,1.154980,1.591465,1.281386
2.783333,2.006420,2.001235,2.029959,2.024946,2.005500,1.979492,2.002987,1.991737,0.181961,0.069870,0.026008,0.052466,0.490932,0.182136,1.157861,1.593371,1.280623
2.800000,2.006425,2.001414,2.029513,2.025090,2.005451,1.979125,2.003007,1.991479,0.181785,0.069871,0.025944,0.052503,0.490441,0.182363,1.159501,1.594274,1.280250
2.816667,2.006411,2.001929,2.029312,2.025266,2.005434,1.979237,2.003069,1.991735,0.181718,0.069863,0.025975,0.052530,0.490208,0.182407,1.157000,1.589360,1.280437
2.833333,2.006375,2.002453,2.029064,2.025471,2.005444,1.979331,2.003157,1.992105,0.181732,0.069861,0.026098,0.052508,0.493112,0.181761,1.153076,1.577893,1.281076
2.850000,2.006295,2.001941,2.028961,2.025651,2.005501,1.979089,2.003291,1.992337,0.184270,0.069466,0.026293,0.052279,0.507240,0.177792,1.149470,1.568368,1.281850
2.866667,2.006179,2.001734,2.029016,2.026133,2.005449,1.978701,2.003291,1.992269,0.183335,0.069578,0.026296,0.052222,0.513476,0.172937,1.153336,1.562426,1.295565
2.883333,2.006137,2.001728,2.029201,2.026914,2.005370,1.978276,2.003276,1.992115,0.179584,0.070104,0.026227,0.052369,0.516449,0.168745,1.160049,1.561614,1.322492
2.900000,2.006191,2.001707,2.029324,2.027339,2.005415,1.977666,2.003266,1.992034,0.178272,0.070291,0.026246,0.052527,0.518049,0.166894,1.159133,1.561765,1.336150
2.916667,2.006196,2.001697,2.029419,2.027569,2.005471,1.976787,2.003217,1.991886,0.178375,0.070281,0.026279,0.052615,0.518909,0.165959,1.158560,1.562210,1.343043
2.933333,2.006118,2.001713,2.029473,2.027707,2.005640,1.976207,2.003159,1.991209,0.181908,0.069809,0.026402,0.052576,0.519609,0.165388,1.158366,1.562407,1.346826
2.950000,2.006150,2.001734,2.029777,2.027759,2.005835,1.975877,2.003118,1.990917,0.184312,0.069595,0.026515,0.052533,0.522473,0.165199,1.158269,1.561247,1.348810
2.966667,2.006211,2.001527,2.030250,2.027745,2.005957,1.975483,2.003059,1.991146,0.185657,0.069529,0.026656,0.052498,0.525504,0.165235,1.149853,1.562003,1.349487
2.983333,2.006334,2.000618,2.030638,2.027707,2.006050,1.975039,2.002997,1.991464,0.186449,0.069614,0.026711,0.052548,0.526984,0.166859,1.132564,1.572567,1.349867
3.000000,2.006576,1.999646,2.031062,2.027526,2.006000,1.975070,2.002949,1.991591,0.185536,0.070197,0.026695,0.052836,0.527593,0.173662,1.113387,1.584787,1.342103
3.016667,2.006730,1.998695,2.031461,2.027327,2.005874,1.975672,2.002927,1.991474,0.183072,0.070764,0.026723,0.053076,0.528031,0.179316,1.094653,1.596428,1.334195
3.033333,2.006610,1.997766,2.031499,2.027037,2.005691,1.976484,2.002869,1.991713,0.179955,0.071254,0.026885,0.053312,0.518618,0.177410,1.078229,1.599559,1.310598
3.050000,2.006479,1.997179,2.031632,2.026576,2.005508,1.977933,2.002795,1.991910,0.177030,0.071601,0.027023,0.053370,0.507525,0.175035,1.068708,1.601503,1.279122
3.066667,2.006427,1.996985,2.031698,2.026418,2.005474,1.978362,2.002766,1.992027,0.175569,0.071803,0.027098,0.053357,0.501895,0.174128,1.065208,1.602179,1.264930
3.083333,2.006463,1.996879,2.031807,2.026329,2.005371,1.978195,2.002751,1.991426,0.174664,0.071900,0.026890,0.053366,0.499066,0.175637,1.078323,1.606315,1.257287
3.100000,2.006372,1.996897,2.031631,2.026527,2.005255,1.977754,2.002679,1.990695,0.174112,0.071954,0.026694,0.053376,0.497297,0.176444,1.084881,1.612814,1.253372
3.116667,2.006357,1.997086,2.031219,2.026887,2.005212,1.977398,2.002681,1.990276,0.173883,0.071979,0.026576,0.053397,0.496382,0.176948,1.087638,1.618895,1.251475
3.133333,2.006366,1.997198,2.031014,2.027074,2.005175,1.977003,2.002703,1.989857,0.173756,0.071987,0.026541,0.053425,0.495938,0.177258,1.087506,1.621477,1.250443
3.150000,2.006364,1.997262,2.031156,2.027174,2.005147,1.976890,2.002748,1.989974,0.173688,0.071979,0.026554,0.053452,0.495710,0.177378,1.084711,1.623179,1.249886
3.166667,2.006365,1.997642,2.031196,2.027374,2.005202,1.977111,2.002822,1.990256,0.175124,0.071729,0.026602,0.053427,0.495631,0.177425,1.080979,1.619658,1.250399
3.183333,2.006273,1.997810,2.030999,2.027596,2.005296,1.977390,2.002937,1.990301,0.177161,0.071397,0.026750,0.053219,0.508481,0.174239,1.077114,1.607772,1.253940
3.200000,2.006164,1.998226,2.030904,2.028153,2.005232,1.977240,2.002948,1.990162,0.175282,0.071647,0.026649,0.053173,0.516241,0.169223,1.089168,1.597637,1.269863
3.216667,2.006071,1.998843,2.030848,2.029288,2.005102,1.976988,2.002947,1.989973,0.171114,0.072232,0.026564,0.053424,0.520805,0.164875,1.102456,1.589973,1.302237
3.233333,2.006050,1.999177,2.030815,2.029942,2.005131,1.976519,2.002932,1.989874,0.170114,0.072352,0.026538,0.053620,0.523301,0.162854,1.109658,1.585582,1.319666
3.250000,2.006027,1.999355,2.030801,2.030290,2.005199,1.975738,2.002896,1.989703,0.170719,0.072283,0.026568,0.053672,0.524680,0.161855,1.113465,1.583118,1.328494
3.266667,2.005971,1.999475,2.030795,2.030495,2.005379,1.975125,2.002874,1.989022,0.174573,0.071738,0.026698,0.053598,0.525647,0.161315,1.115643,1.581774,1.333317
3.283333,2.005999,1.999547,2.030939,2.030589,2.005577,1.974814,2.002841,1.988952,0.177174,0.071492,0.026808,0.053544,0.528694,0.161114,1.116826,1.580010,1.335870
3.300000,2.006058,1.999354,2.031499,2.030582,2.005704,1.974411,2.002792,1.989302,0.178635,0.071415,0.026936,0.053513,0.531934,0.161143,1.108945,1.581584,1.336861
3.316667,2.006175,1.998490,2.031904,2.030547,2.005787,1.973955,2.002739,1.989753,0.179477,0.071505,0.026965,0.053589,0.533534,0.162456,1.096151,1.591706,1.337483
3.333333,2.006445,1.997662,2.032284,2.030331,2.005739,1.974013,2.002690,1.990227,0.178648,0.072190,0.026910,0.053996,0.534098,0.169330,1.085488,1.601756,1.330058
3.350000,2.006654,1.996820,2.032280,2.029916,2.005543,1.974657,2.002659,1.990430,0.176201,0.072859,0.027003,0.054323,0.534472,0.176141,1.074273,1.603174,1.297853
3.366667,2.006490,1.995899,2.032239,2.029290,2.005324,1.975506,2.002597,1.990760,0.173204,0.073413,0.027168,0.054617,0.524871,0.173383,1.061659,1.604238,1.263163
3.383333,2.006381,1.995273,2.032329,2.029190,2.005190,1.977067,2.002526,1.991085,0.170540,0.073777,0.027299,0.054524,0.513782,0.171391,1.053638,1.605089,1.242897
3.400000,2.006377,1.995066,2.032375,2.029133,2.005178,1.977793,2.002493,1.991299,0.169136,0.073986,0.027365,0.054468,0.508146,0.172193,1.050936,1.605277,1.232529
3.416667,2.006420,1.994985,2.032481,2.029086,2.005072,1.977657,2.002468,1.991041,0.168227,0.074094,0.027099,0.054465,0.505191,0.173796,1.068327,1.609719,1.226730
3.433333,2.006323,1.995558,2.032280,2.029065,2.004952,1.977223,2.002439,1.990250,0.167661,0.074150,0.026873,0.054474,0.503597,0.174680,1.078233,1.611149,1.223596
3.450000,2.006295,1.997008,2.032358,2.029337,2.004878,1.976784,2.002466,1.989736,0.167382,0.074176,0.026540,0.054494,0.502821,0.175207,1.083107,1.621877,1.222147
3.466667,2.006290,1.997951,2.032695,2.029517,2.004841,1.976390,2.002496,1.989356,0.167262,0.074187,0.026343,0.054517,0.502432,0.175510,1.084015,1.630188,1.221397
3.483333,2.006276,1.998713,2.033066,2.029613,2.004824,1.976489,2.002554,1.989562,0.167212,0.074179,0.026260,0.054537,0.502238,0.175616,1.081580,1.634904,1.220994
3.500000,2.006265,1.999722,2.033216,2.029814,2.004880,1.976758,2.002628,1.989888,0.168575,0.073926,0.026247,0.054501,0.502170,0.175644,1.077602,1.633000,1.221411
3.516667,2.006178,2.000817,2.033196,2.030276,2.004939,1.976898,2.002741,1.989940,0.169911,0.073689,0.026282,0.054324,0.515093,0.172505,1.073737,1.626546,1.228351
3.533333,2.006074,2.002042,2.033306,2.031000,2.004886,1.976689,2.002820,1.989793,0.168345,0.073974,0.026082,0.054238,0.530651,0.167281,1.086012,1.622547,1.244253
3.550000,2.005966,2.003125,2.033770,2.032597,2.004781,1.976381,2.002833,1.989634,0.164703,0.074394,0.025693,0.054807,0.539112,0.162572,1.103773,1.628110,1.283727
3.566667,2.005941,2.003698,2.034039,2.033650,2.004883,1.975888,2.002822,1.989544,0.165107,0.074302,0.025608,0.055183,0.543188,0.160370,1.112796,1.631270,1.308166
3.583333,2.005915,2.004008,2.034193,2.034215,2.005037,1.975097,2.002786,1.989377,0.167675,0.073987,0.025682,0.055257,0.545325,0.159272,1.117696,1.632655,1.320721
3.600000,2.005858,2.004193,2.034279,2.034470,2.005257,1.974449,2.002769,1.988671,0.172466,0.073347,0.025826,0.055190,0.546762,0.158679,1.120451,1.633364,1.324450
3.616667,2.005892,2.004221,2.034228,2.034583,2.005469,1.974154,2.002726,1.988753,0.175547,0.072985,0.025914,0.055129,0.547388,0.158465,1.122037,1.633620,1.325455
3.633333,2.005960,2.003623,2.034504,2.034608,2.005537,1.973740,2.002670,1.989082,0.177177,0.072791,0.025974,0.055095,0.547598,0.158507,1.114675,1.639395,1.326397
3.650000,2.006048,2.002641,2.034257,2.034597,2.005579,1.973262,2.002609,1.989509,0.178072,0.072692,0.026362,0.055076,0.547592,0.158755,1.094700,1.630808,1.327061
3.666667,2.006333,2.001741,2.034066,2.033935,2.005483,1.973650,2.002555,1.990038,0.176530,0.073041,0.026686,0.055258,0.547462,0.166114,1.075183,1.623045,1.307700
3.683333,2.006451,2.000788,2.033608,2.032667,2.005286,1.974385,2.002519,1.990296,0.174044,0.073487,0.027275,0.055433,0.547346,0.169509,1.057541,1.604842,1.268527
3.700000,2.006279,1.999912,2.032947,2.031423,2.005071,1.975290,2.002446,1.990732,0.171027,0.073891,0.027803,0.055686,0.531548,0.167045,1.045972,1.583949,1.229303
3.716667,2.006159,1.999100,2.032560,2.030687,2.005055,1.976067,2.002395,1.990814,0.168688,0.074183,0.028052,0.055823,0.519913,0.165305,1.041434,1.570780,1.199010
3.733333,2.006123,1.998822,2.031868,2.030037,2.005090,1.976363,2.002370,1.990890,0.167529,0.074370,0.028144,0.055838,0.514040,0.165081,1.055298,1.553610,1.175855
3.750000,2.006178,1.998696,2.031195,2.029673,2.005005,1.975902,2.002364,1.990825,0.166756,0.074467,0.027801,0.055873,0.510946,0.165833,1.091429,1.542859,1.163148
3.766667,2.006080,1.998643,2.030759,2.029477,2.004897,1.975269,2.002345,1.989970,0.166261,0.074515,0.027608,0.055906,0.509282,0.166141,1.106328,1.538261,1.156253
3.783333,2.006056,1.998603,2.030429,2.029403,2.004826,1.974703,2.002374,1.989379,0.165999,0.074531,0.027501,0.055947,0.508475,0.166366,1.114160,1.535642,1.152577
3.800000,2.006045,1.998587,2.030173,2.029412,2.004803,1.974626,2.002420,1.989223,0.165906,0.074525,0.027471,0.055979,0.508063,0.166470,1.115853,1.534124,1.150656
3.816667,2.006024,1.998761,2.030250,2.029419,2.004807,1.974913,2.002480,1.989509,0.165891,0.074511,0.027502,0.056000,0.507860,0.166467,1.113191,1.531619,1.149632
3.833333,2.005996,1.998601,2.030419,2.029449,2.004830,1.975238,2.002547,1.989780,0.165869,0.074539,0.027562,0.056016,0.507789,0.166427,1.107920,1.529469,1.150989
3.850000,2.005931,1.997605,2.030916,2.029812,2.004801,1.975197,2.002636,1.989705,0.164682,0.074756,0.027612,0.055991,0.515616,0.164713,1.100832,1.536419,1.162178
3.866667,2.005817,1.997432,2.031491,2.030347,2.004712,1.974876,2.002653,1.989554,0.162179,0.075300,0.027365,0.056114,0.525292,0.159514,1.116044,1.544997,1.177503
3.883333,2.005727,1.997639,2.031908,2.031769,2.004597,1.974544,2.002657,1.989318,0.158523,0.075983,0.027102,0.056399,0.531042,0.155345,1.133640,1.550112,1.211490
3.900000,2.005736,1.997778,2.032153,2.032622,2.004643,1.974250,2.002656,1.989192,0.157850,0.076150,0.027008,0.056587,0.534156,0.153431,1.141952,1.553273,1.230491
3.916667,2.005739,1.997865,2.032295,2.033075,2.004719,1.973548,2.002632,1.989124,0.158515,0.076095,0.026999,0.056631,0.535767,0.152457,1.146447,1.555153,1.240224
3.933333,2.005664,1.997932,2.032373,2.033340,2.004869,1.972756,2.002602,1.988573,0.161277,0.075676,0.027082,0.056566,0.536850,0.151862,1.148962,1.556105,1.245497
3.950000,2.005695,1.997840,2.032489,2.033495,2.005055,1.972233,2.002553,1.988540,0.162997,0.075462,0.027116,0.056517,0.537361,0.151692,1.147128,1.558790,1.248365
3.966667,2.005762,1.997312,2.033365,2.033548,2.005151,1.971690,2.002496,1.988816,0.163928,0.075348,0.027088,0.056490,0.537506,0.151809,1.132653,1.572846,1.250210
3.983333,2.005846,1.996461,2.034054,2.033557,2.005137,1.971673,2.002436,1.989216,0.163414,0.075355,0.027086,0.056473,0.537473,0.152009,1.118646,1.585239,1.251623
4.000000,2.006179,1.995200,2.034596,2.032858,2.005035,1.972327,2.002385,1.989720,0.161730,0.076036,0.027056,0.056894,0.537214,0.160541,1.099518,1.599429,1.232968
4.016667,2.006313,1.993987,2.034038,2.031451,2.004849,1.973148,2.002352,1.989760,0.159473,0.076629,0.027433,0.057192,0.537154,0.165214,1.081776,1.590110,1.194104
4.033333,2.006135,1.992824,2.033517,2.030064,2.004653,1.974046,2.002278,1.990158,0.156925,0.077115,0.027856,0.057510,0.521602,0.162633,1.066408,1.579092,1.155095
4.050000,2.006008,1.992037,2.032832,2.029233,2.004634,1.974752,2.002221,1.990211,0.155251,0.077449,0.028449,0.057465,0.510387,0.161006,1.057085,1.555848,1.126773
4.066667,2.006006,1.991670,2.032335,2.028465,2.004676,1.975128,2.002190,1.990283,0.154413,0.077658,0.028496,0.057431,0.504703,0.161314,1.077277,1.539844,1.103896
4.083333,2.006022,1.991528,2.032225,2.028043,2.004600,1.974699,2.002181,1.990211,0.153808,0.077771,0.028084,0.057445,0.501705,0.162327,1.116077,1.536676,1.091471
4.100000,2.005894,1.991484,2.032045,2.027813,2.004492,1.973994,2.002161,1.989314,0.153391,0.077825,0.027915,0.057474,0.500088,0.162781,1.129205,1.534072,1.084781
4.116667,2.005827,1.991441,2.031860,2.027702,2.004406,1.973549,2.002189,1.988706,0.153142,0.077842,0.027804,0.057507,0.499225,0.163056,1.136177,1.532837,1.081308
4.133333,2.005819,1.991411,2.031382,2.027711,2.004390,1.973656,2.002226,1.989264,0.153101,0.077835,0.027727,0.057532,0.498604,0.163191,1.140543,1.531866,1.079708
4.150000,2.005830,1.992271,2.030943,2.027637,2.004397,1.973994,2.002271,1.989973,0.153168,0.077836,0.027707,0.057547,0.498244,0.163247,1.141719,1.525751,1.077345
4.166667,2.005815,1.993416,2.030848,2.027477,2.004422,1.974397,2.002324,1.990567,0.153312,0.077851,0.027742,0.057555,0.498080,0.163220,1.138006,1.518904,1.073831
4.183333,2.005802,1.993511,2.031023,2.027633,2.004455,1.974607,2.002385,1.990596,0.153671,0.077814,0.027769,0.057551,0.498074,0.163237,1.133640,1.517782,1.079049
4.200000,2.005676,1.993414,2.031461,2.028208,2.004387,1.974389,2.002456,1.990541,0.151934,0.078254,0.027764,0.057614,0.512574,0.158680,1.134642,1.523091,1.094423
4.216667,2.005692,1.993878,2.031858,2.030536,2.004288,1.974183,2.002482,1.990432,0.148926,0.078527,0.027468,0.058567,0.521942,0.154490,1.145082,1.528166,1.143490
4.233333,2.005756,1.994079,2.032103,2.031933,2.004272,1.973723,2.002483,1.990361,0.147958,0.078606,0.027416,0.059030,0.526567,0.152545,1.143228,1.531386,1.170867
4.250000,2.005734,1.994211,2.032182,2.032712,2.004386,1.972978,2.002470,1.989976,0.150157,0.078164,0.027525,0.059168,0.529055,0.151529,1.142216,1.532069,1.185021
4.266667,2.005658,1.994301,2.032196,2.033158,2.004558,1.972234,2.002467,1.989201,0.153034,0.077674,0.027662,0.059173,0.530641,0.150935,1.141745,1.531894,1.192613
4.283333,2.005691,1.994226,2.032277,2.033418,2.004763,1.971828,2.002436,1.989050,0.155125,0.077373,0.027743,0.059152,0.531423,0.150777,1.138310,1.534044,1.196735
4.300000,2.005755,1.993704,2.033111,2.033550,2.004921,1.971375,2.002392,1.989377,0.156364,0.077323,0.027739,0.059183,0.534415,0.150883,1.122926,1.548195,1.198944
4.316667,2.005835,1.992950,2.033255,2.032900,2.004946,1.970855,2.002344,1.989837,0.156928,0.077359,0.027980,0.059212,0.536926,0.151116,1.102561,1.550501,1.184777
4.333333,2.006035,1.991360,2.032828,2.031266,2.004870,1.970280,2.002295,1.990361,0.157084,0.077510,0.028183,0.059319,0.538189,0.155068,1.090909,1.545244,1.149198
4.350000,2.006155,1.989858,2.032586,2.029587,2.004774,1.969655,2.002255,1.990663,0.157083,0.077793,0.028321,0.059524,0.538775,0.158216,1.082719,1.543742,1.111849
4.366667,2.005920,1.988817,2.032289,2.028262,2.004579,1.970150,2.002201,1.990887,0.154852,0.078116,0.028589,0.059614,0.534273,0.152981,1.077946,1.539325,1.081191
4.383333,2.005690,1.988216,2.032116,2.027431,2.004477,1.970761,2.002130,1.991241,0.153145,0.078326,0.028850,0.059389,0.524279,0.147990,1.079633,1.533933,1.062320
4.400000,2.005607,1.988004,2.032123,2.026810,2.004559,1.971088,2.002090,1.991465,0.152467,0.078450,0.028906,0.059271,0.519024,0.146477,1.086758,1.532391,1.048623
4.416667,2.005467,1.987861,2.031851,2.026474,2.004540,1.970846,2.002069,1.991443,0.152010,0.078523,0.028716,0.059226,0.516230,0.145694,1.105459,1.528952,1.041148
4.433333,2.005294,1.987806,2.031481,2.026288,2.004436,1.969891,2.002055,1.990610,0.151628,0.078560,0.028636,0.059236,0.514751,0.145165,1.112390,1.524454,1.037138
4.450000,2.005186,1.987870,2.031245,2.026205,2.004380,1.969627,2.002092,1.990042,0.151412,0.078559,0.028614,0.059260,0.514072,0.144660,1.114634,1.521858,1.034361
4.466667,2.005155,1.987905,2.031256,2.026020,2.004376,1.969817,2.002139,1.990172,0.151495,0.078577,0.028483,0.059275,0.513687,0.144389,1.115857,1.531216,1.030243
4.483333,2.005143,1.988709,2.031286,2.025871,2.004393,1.970207,2.002195,1.990523,0.151643,0.078596,0.028413,0.059283,0.513497,0.144207,1.114718,1.534002,1.026588
4.500000,2.005134,1.989680,2.031255,2.026168,2.004435,1.970639,2.002260,1.990621,0.152134,0.078491,0.028412,0.059270,0.513470,0.144070,1.112671,1.530753,1.032705
4.516667,2.005076,1.990329,2.031090,2.026736,2.004428,1.970875,2.002355,1.990545,0.151387,0.078621,0.028567,0.059181,0.526279,0.141512,1.109195,1.520128,1.045437
4.533333,2.004985,1.990814,2.031354,2.027938,2.004323,1.970578,2.002416,1.990329,0.148688,0.079223,0.028230,0.059409,0.538901,0.137760,1.129545,1.520532,1.072565
4.550000,2.004996,1.991505,2.031686,2.030110,2.004229,1.970260,2.002433,1.990091,0.145837,0.079783,0.027910,0.060070,0.546438,0.134205,1.144678,1.523994,1.118806
4.566667,2.005054,1.991819,2.031844,2.031343,2.004186,1.970082,2.002444,1.989961,0.144575,0.080018,0.027835,0.060494,0.550526,0.132592,1.145648,1.525332,1.143511
4.583333,2.005063,1.992010,2.031886,2.032014,2.004278,1.969565,2.002435,1.989778,0.146373,0.079686,0.027929,0.060614,0.552740,0.131782,1.146183,1.525108,1.156151
4.600000,2.005024,1.992134,2.031909,2.032421,2.004461,1.968587,2.002418,1.989027,0.149628,0.079128,0.028068,0.060580,0.554215,0.131338,1.146554,1.524955,1.163047
4.616667,2.005061,1.991890,2.032137,2.032665,2.004691,1.967944,2.002369,1.989039,0.152435,0.078698,0.028139,0.060516,0.554858,0.131288,1.138989,1.531610,1.166810
4.633333,2.005123,1.991369,2.032978,2.032654,2.004859,1.967302,2.002312,1.989347,0.154049,0.078479,0.028137,0.060482,0.555062,0.131434,1.124403,1.545770,1.166075
4.650000,2.005198,1.990849,2.033959,2.031757,2.004894,1.966641,2.002251,1.989769,0.154804,0.078385,0.028144,0.060462,0.555040,0.131655,1.108563,1.559724,1.148119
4.666667,2.005474,1.989365,2.033453,2.030051,2.004805,1.966284,2.002192,1.990311,0.154554,0.078742,0.028548,0.060751,0.554892,0.137971,1.083464,1.555116,1.113650
4.683333,2.005671,1.987936,2.032852,2.028317,2.004626,1.966995,2.002147,1.990598,0.152507,0.079210,0.028845,0.061017,0.554737,0.142677,1.073193,1.544812,1.077804
4.700000,2.005601,1.986485,2.032484,2.027862,2.004457,1.968030,2.002092,1.990712,0.150187,0.079493,0.029082,0.060961,0.546156,0.142593,1.068426,1.539867,1.069413
4.716667,2.005402,1.985769,2.032288,2.027668,2.004353,1.968933,2.002031,1.990850,0.148456,0.079658,0.029344,0.060621,0.535577,0.139412,1.070292,1.534089,1.066666
4.733333,2.005315,1.985460,2.032342,2.027500,2.004432,1.969428,2.001999,1.990952,0.147726,0.079760,0.029278,0.060462,0.530324,0.138083,1.084571,1.534169,1.063811
4.750000,2.005176,1.985278,2.032118,2.027410,2.004448,1.969562,2.001977,1.990858,0.147298,0.079821,0.029055,0.060381,0.527592,0.137383,1.104303,1.532079,1.062187
4.766667,2.005005,1.985201,2.031841,2.027351,2.004365,1.968838,2.001972,1.989976,0.146940,0.079847,0.028956,0.060371,0.526148,0.136909,1.110632,1.529481,1.061305
4.783333,2.004945,1.985165,2.031650,2.027337,2.004325,1.968768,2.002000,1.989414,0.146741,0.079841,0.028900,0.060378,0.525390,0.136721,1.113582,1.527858,1.060239
4.800000,2.004926,1.985130,2.031888,2.027202,2.004330,1.969085,2.002036,1.989677,0.146938,0.079871,0.028657,0.060383,0.524903,0.136593,1.114453,1.544086,1.055154
4.816667,2.004907,1.986027,2.031964,2.027115,2.004362,1.969557,2.002082,1.990214,0.147470,0.079810,0.028547,0.060366,0.524627,0.136434,1.112783,1.548540,1.051474
4.833333,2.004883,1.987107,2.031943,2.027654,2.004377,1.970053,2.002143,1.990729,0.147283,0.079851,0.028521,0.060385,0.524530,0.136261,1.110345,1.546189,1.062830
4.850000,2.004818,1.988772,2.031792,2.028208,2.004359,1.970339,2.002235,1.990869,0.146380,0.080051,0.028619,0.060313,0.537434,0.133823,1.106169,1.537012,1.074832
4.866667,2.004704,1.990002,2.031998,2.029177,2.004297,1.970066,2.002305,1.990753,0.145077,0.080281,0.028091,0.060018,0.551045,0.130155,1.131453,1.536588,1.096014
4.883333,2.004715,1.991197,2.032286,2.030925,2.004187,1.969697,2.002336,1.990613,0.142538,0.080746,0.027599,0.060214,0.559958,0.126761,1.150473,1.539650,1.133076
4.900000,2.004769,1.991773,2.032359,2.031993,2.004106,1.969494,2.002353,1.990542,0.140804,0.080999,0.027401,0.060501,0.564789,0.125201,1.153316,1.539968,1.154429
4.916667,2.004775,1.992113,2.032375,2.032579,2.004160,1.968654,2.002343,1.990387,0.141932,0.080725,0.027436,0.060559,0.567400,0.124402,1.154881,1.539361,1.165331
4.933333,2.004736,1.992319,2.032384,2.032939,2.004325,1.967672,2.002335,1.989658,0.144826,0.080144,0.027552,0.060483,0.569124,0.123970,1.155823,1.538975,1.171195
4.950000,2.004769,1.992112,2.032610,2.033179,2.004521,1.966983,2.002285,1.989699,0.147352,0.079695,0.027614,0.060396,0.569880,0.123920,1.148531,1.545359,1.174550
4.966667,2.004827,1.991595,2.033291,2.033372,2.004610,1.966338,2.002227,1.990000,0.148732,0.079463,0.027609,0.060348,0.570153,0.124064,1.133884,1.559178,1.176867
4.983333,2.004933,1.991073,2.034310,2.033090,2.004661,1.965667,2.002167,1.990449,0.149468,0.079341,0.027603,0.060314,0.570203,0.125319,1.117950,1.573037,1.171107
5.000000,2.005280,1.989582,2.034108,2.031409,2.004621,1.964974,2.002110,1.991001,0.149825,0.080002,0.027838,0.060887,0.569966,0.133701,1.096283,1.573477,1.139920
5.016667,2.005491,1.988302,2.033300,2.029730,2.004501,1.965092,2.002066,1.991164,0.148655,0.080544,0.028301,0.061265,0.569841,0.139241,1.079372,1.557018,1.108124
5.033333,2.005504,1.987024,2.032684,2.028652,2.004336,1.966001,2.002012,1.991207,0.146451,0.080943,0.028723,0.061449,0.560767,0.140949,1.064281,1.545055,1.088414
5.050000,2.005420,1.986171,2.032403,2.028058,2.004228,1.966860,2.001954,1.991208,0.144808,0.081161,0.029083,0.061222,0.549544,0.140373,1.054996,1.536681,1.078845
5.066667,2.005408,1.985816,2.032424,2.027650,2.004221,1.967326,2.001923,1.991252,0.144011,0.081284,0.029063,0.061101,0.543959,0.140868,1.063965,1.535587,1.072269
5.083333,2.005318,1.985659,2.031891,2.027431,2.004209,1.967429,2.001903,1.991140,0.143572,0.081356,0.028874,0.061047,0.541068,0.141378,1.083802,1.528529,1.068681
5.100000,2.005172,1.985583,2.031505,2.027314,2.004114,1.966660,2.001899,1.990239,0.143203,0.081390,0.028773,0.061057,0.539544,0.141556,1.090456,1.524513,1.066638
5.116667,2.005089,1.985539,2.031274,2.027284,2.004066,1.966585,2.001933,1.989623,0.142988,0.081388,0.028688,0.061075,0.538818,0.141615,1.094479,1.522998,1.064975
5.133333,2.005071,1.985503,2.031470,2.027258,2.004059,1.966907,2.001976,1.989750,0.143236,0.081433,0.028408,0.061087,0.538399,0.141626,1.097482,1.539982,1.057508
5.150000,2.005082,1.986057,2.031755,2.027202,2.004066,1.967394,2.002026,1.990113,0.143457,0.081463,0.028225,0.061094,0.538182,0.141630,1.098875,1.549619,1.051779
5.166667,2.005064,1.987234,2.031763,2.027786,2.004061,1.967900,2.002089,1.990524,0.142875,0.081600,0.028196,0.061133,0.538105,0.141556,1.095863,1.546573,1.063920
5.183333,2.005026,1.988907,2.031728,2.028339,2.004033,1.968159,2.002153,1.990480,0.141827,0.081869,0.028234,0.061173,0.541430,0.141026,1.091310,1.539612,1.076080
5.200000,2.004906,1.990717,2.031935,2.029144,2.003953,1.967801,2.002220,1.990344,0.140151,0.082378,0.027834,0.061297,0.555859,0.137013,1.110304,1.538591,1.094410
5.216667,2.004909,1.991993,2.032269,2.030957,2.003853,1.967364,2.002251,1.990174,0.137514,0.083066,0.027389,0.061825,0.565383,0.133279,1.130195,1.541391,1.135516
5.233333,2.004961,1.992607,2.032350,2.032043,2.003800,1.967120,2.002268,1.990090,0.136252,0.083337,0.027228,0.062255,0.570546,0.131551,1.133161,1.541971,1.158530
5.250000,2.004988,1.992969,2.032396,2.032662,2.003899,1.966630,2.002266,1.990047,0.138468,0.082801,0.027286,0.062322,0.573262,0.130722,1.134788,1.542336,1.170345
5.266667,2.004960,1.993190,2.032421,2.033053,2.004101,1.965573,2.002249,1.989542,0.142292,0.082011,0.027423,0.062222,0.574948,0.130274,1.135778,1.542475,1.176748
5.283333,2.004990,1.993181,2.032509,2.033287,2.004321,1.964883,2.002199,1.989546,0.144956,0.081551,0.027506,0.062143,0.575759,0.130157,1.133140,1.544751,1.180229
5.300000,2.005048,1.992669,2.033179,2.033438,2.004466,1.964188,2.002141,1.989848,0.146479,0.081318,0.027508,0.062101,0.576046,0.130289,1.118296,1.558317,1.182244
5.316667,2.005161,1.991910,2.034131,2.033607,2.004524,1.963472,2.002081,1.990307,0.147283,0.081186,0.027511,0.062072,0.576104,0.131689,1.100399,1.573346,1.183855
5.333333,2.005328,1.990313,2.033715,2.032794,2.004536,1.962715,2.002024,1.990817,0.147639,0.081099,0.027947,0.062033,0.576087,0.135007,1.076465,1.568147,1.168301
5.350000,2.005396,1.989055,2.033157,2.031013,2.004387,1.963335,2.001980,1.990850,0.145781,0.081188,0.028409,0.061993,0.576131,0.136625,1.059289,1.556729,1.134141
5.366667,2.005342,1.987789,2.032718,2.029927,2.004218,1.964390,2.001922,1.990863,0.143523,0.081310,0.028818,0.061942,0.567095,0.136279,1.043976,1.548690,1.113877
5.383333,2.005186,1.986899,2.032525,2.029062,2.004090,1.965326,2.001861,1.990852,0.141809,0.081355,0.029194,0.061560,0.556061,0.134235,1.034053,1.542657,1.099451
5.400000,2.005132,1.986585,2.032367,2.028575,2.004083,1.965842,2.001829,1.990898,0.141008,0.081387,0.029204,0.061363,0.550582,0.133850,1.044069,1.539543,1.091215
5.416667,2.005083,1.986410,2.031853,2.028311,2.004071,1.965976,2.001810,1.990791,0.140568,0.081408,0.028942,0.061273,0.547764,0.134047,1.070197,1.533449,1.086716
5.433333,2.004944,1.986329,2.031442,2.028163,2.003981,1.965053,2.001800,1.989831,0.140207,0.081421,0.028849,0.061262,0.546265,0.134027,1.076038,1.529585,1.084156
5.450000,2.004910,1.986268,2.031208,2.028125,2.003937,1.965044,2.001823,1.989191,0.140091,0.081419,0.028713,0.061264,0.545470,0.134108,1.080532,1.531786,1.080990
5.466667,2.004901,1.986242,2.031353,2.028131,2.003927,1.965397,2.001856,1.989074,0.140372,0.081457,0.028475,0.061269,0.545018,0.134147,1.081633,1.549163,1.073743
5.483333,2.004885,1.986818,2.031694,2.028096,2.003943,1.965897,2.001900,1.989413,0.140916,0.081398,0.028361,0.061251,0.544766,0.134108,1.078753,1.557822,1.068576
5.500000,2.004864,1.987988,2.031733,2.028548,2.003988,1.966420,2.001957,1.989815,0.141346,0.081449,0.028481,0.061257,0.544650,0.134031,1.073866,1.554090,1.078608
5.516667,2.004818,1.989537,2.031653,2.029021,2.004002,1.966837,2.002029,1.989823,0.140937,0.081639,0.028647,0.061215,0.553031,0.132628,1.067407,1.545153,1.089845
5.533333,2.004727,1.990856,2.031944,2.029728,2.003945,1.966494,2.002094,1.989705,0.139657,0.082088,0.028277,0.061317,0.568259,0.128771,1.087984,1.545634,1.106721
5.550000,2.004642,1.991825,2.032335,2.031398,2.003879,1.966126,2.002123,1.989562,0.137704,0.082605,0.027815,0.061817,0.578780,0.124965,1.113335,1.549519,1.146089
5.566667,2.004640,1.992347,2.032472,2.032407,2.003882,1.965919,2.002141,1.989496,0.137554,0.082688,0.027631,0.062058,0.584499,0.123202,1.126841,1.550776,1.168343
5.583333,2.004638,1.992655,2.032517,2.032958,2.003961,1.965647,2.002145,1.989463,0.139273,0.082351,0.027642,0.062102,0.587577,0.122329,1.134199,1.551168,1.179663
5.600000,2.004568,1.992842,2.032543,2.033290,2.004114,1.964539,2.002130,1.988910,0.141796,0.081909,0.027727,0.062049,0.589489,0.121795,1.138239,1.551335,1.185799
5.616667,2.004585,1.992814,2.032631,2.033496,2.004312,1.963774,2.002079,1.988881,0.143897,0.081581,0.027785,0.061981,0.590424,0.121647,1.137230,1.553593,1.189151
5.633333,2.004636,1.992294,2.033307,2.033636,2.004445,1.963019,2.002021,1.989174,0.145095,0.081416,0.027770,0.061945,0.590775,0.121763,1.123159,1.567071,1.191091
5.650000,2.004743,1.991531,2.034265,2.033411,2.004486,1.962253,2.001961,1.989636,0.145677,0.081327,0.027769,0.061921,0.590864,0.123056,1.105774,1.581911,1.185398
5.666667,2.005012,1.989923,2.033830,2.031845,2.004419,1.961864,2.001905,1.990190,0.145376,0.081749,0.028162,0.062273,0.590753,0.129064,1.082093,1.576658,1.154398
5.683333,2.005200,1.988652,2.033257,2.030119,2.004257,1.962694,2.001859,1.990481,0.143463,0.082263,0.028577,0.062595,0.590605,0.133500,1.065087,1.565221,1.119320
5.700000,2.005273,1.987397,2.032771,2.029614,2.004104,1.963858,2.001798,1.990585,0.141392,0.082551,0.028994,0.062521,0.581359,0.136177,1.050020,1.556141,1.110614
5.716667,2.004966,1.986510,2.032573,2.029393,2.004016,1.964681,2.001733,1.990588,0.139953,0.082703,0.029374,0.062179,0.569940,0.131359,1.040088,1.549877,1.107209
5.733333,2.004771,1.985993,2.032548,2.029189,2.003996,1.965121,2.001700,1.990617,0.139336,0.082552,0.029499,0.061625,0.564321,0.127647,1.039202,1.547957,1.104042
5.750000,2.004738,1.985696,2.032108,2.029078,2.003984,1.965219,2.001683,1.990676,0.139009,0.082482,0.029218,0.061348,0.561442,0.126451,1.066600,1.542786,1.102264
5.766667,2.004608,1.985560,2.031760,2.029002,2.003909,1.964536,2.001686,1.989835,0.138741,0.082441,0.029110,0.061232,0.559915,0.125694,1.073344,1.539784,1.101178
5.783333,2.004569,1.985456,2.031526,2.028922,2.003865,1.964617,2.001716,1.989259,0.138574,0.082396,0.029018,0.061180,0.559168,0.125348,1.078249,1.538114,1.100070
5.800000,2.004548,1.985394,2.031793,2.028842,2.003858,1.965018,2.001755,1.989444,0.138865,0.082421,0.028767,0.061156,0.558736,0.125116,1.079064,1.554699,1.092020
5.816667,2.004530,1.986288,2.032035,2.028767,2.003875,1.965556,2.001801,1.989802,0.139384,0.082350,0.028671,0.061119,0.558513,0.124952,1.076251,1.558400,1.086838
5.833333,2.004510,1.987503,2.032085,2.029229,2.003876,1.966091,2.001857,1.989829,0.139149,0.082412,0.028670,0.061132,0.558477,0.124836,1.072284,1.554085,1.097730
5.850000,2.004472,1.989160,2.032096,2.029691,2.003853,1.966387,2.001917,1.989579,0.138311,0.082656,0.028717,0.061164,0.561880,0.124343,1.067539,1.547237,1.109037
5.866667,2.004360,1.990553,2.032402,2.030587,2.003803,1.966056,2.001934,1.989371,0.137041,0.083066,0.028325,0.061520,0.569434,0.120878,1.086502,1.547620,1.131151
5.883333,2.004317,1.991587,2.032838,2.032346,2.003740,1.965698,2.001943,1.989049,0.135024,0.083633,0.027734,0.062146,0.573163,0.117941,1.110739,1.553573,1.171110
5.900000,2.004353,1.992106,2.033059,2.033360,2.003721,1.965504,2.001951,1.988901,0.134287,0.083873,0.027461,0.062459,0.575672,0.116608,1.119877,1.558109,1.192373
5.916667,2.004369,1.992420,2.033161,2.033933,2.003824,1.964964,2.001947,1.988829,0.136380,0.083412,0.027462,0.062489,0.577087,0.115963,1.124818,1.560486,1.203188
5.933333,2.004340,1.992618,2.033211,2.034309,2.004034,1.963868,2.001936,1.988295,0.140203,0.082607,0.027575,0.062357,0.578048,0.115619,1.127580,1.561659,1.209141
5.950000,2.004363,1.992723,2.033239,2.034568,2.004233,1.963152,2.001884,1.988305,0.142777,0.082150,0.027653,0.062261,0.578451,0.115517,1.129079,1.562284,1.212526
5.966667,2.004414,1.992273,2.033867,2.034836,2.004321,1.962421,2.001826,1.988626,0.144180,0.081915,0.027668,0.062210,0.578513,0.115650,1.116186,1.573662,1.214876
5.983333,2.004515,1.991543,2.034829,2.035031,2.004381,1.961673,2.001768,1.989114,0.144965,0.081784,0.027672,0.062179,0.578449,0.116848,1.099560,1.587841,1.216360
6.000000,2.004739,1.989804,2.034530,2.033620,2.004368,1.960892,2.001717,1.989673,0.145306,0.082043,0.028116,0.062429,0.578269,0.121693,1.073361,1.583601,1.189496
6.016667,2.004901,1.988476,2.033890,2.032093,2.004216,1.961544,2.001669,1.989953,0.143566,0.082436,0.028638,0.062661,0.578112,0.125306,1.054142,1.568757,1.159626
6.033333,2.004922,1.987171,2.033357,2.031742,2.004069,1.962646,2.001595,1.990182,0.141559,0.082658,0.029110,0.062592,0.561963,0.127156,1.037802,1.557934,1.154992
6.050000,2.004746,1.986238,2.033151,2.031058,2.003935,1.963625,2.001531,1.990083,0.139968,0.082773,0.029510,0.062220,0.550516,0.124949,1.027330,1.550440,1.144993
6.066667,2.004567,1.985720,2.032907,2.030648,2.003908,1.964167,2.001497,1.990064,0.139194,0.082851,0.029706,0.062056,0.544756,0.122298,1.026170,1.544368,1.139157
6.083333,2.004502,1.985201,2.032425,2.030423,2.003887,1.964303,2.001482,1.990071,0.138842,0.082657,0.029469,0.061646,0.541748,0.121415,1.048651,1.538299,1.136012
6.100000,2.004381,1.985041,2.032078,2.030284,2.003795,1.963507,2.001492,1.989233,0.138532,0.082553,0.029373,0.061473,0.540206,0.120561,1.055707,1.535222,1.134217
6.116667,2.004336,1.984924,2.031746,2.030191,2.003748,1.963459,2.001524,1.988706,0.138430,0.082489,0.029210,0.061394,0.539464,0.120035,1.064548,1.535321,1.131477
6.133333,2.004298,1.984872,2.031612,2.030183,2.003740,1.963825,2.001561,1.988919,0.138794,0.082509,0.028939,0.061355,0.539029,0.119652,1.066722,1.551041,1.123429
6.150000,2.004261,1.985852,2.031625,2.030123,2.003744,1.964370,2.001601,1.989237,0.139042,0.082523,0.028849,0.061333,0.538819,0.119338,1.064980,1.553120,1.118496
6.166667,2.004222,1.987168,2.031533,2.030394,2.003799,1.964921,2.001652,1.989185,0.139937,0.082445,0.028982,0.061302,0.538799,0.119098,1.061514,1.547415,1.124101
6.183333,2.004159,1.988890,2.031295,2.030888,2.003814,1.965367,2.001719,1.988959,0.139593,0.082605,0.029181,0.061261,0.546976,0.117720,1.056433,1.534867,1.136258
6.200000,2.004048,1.990283,2.031499,2.031767,2.003774,1.965045,2.001764,1.988773,0.138567,0.082899,0.028820,0.061303,0.561518,0.113546,1.078092,1.533680,1.157285
6.216667,2.004006,1.991286,2.031866,2.033406,2.003709,1.964743,2.001805,1.988472,0.136671,0.083348,0.028323,0.061512,0.572536,0.110362,1.103457,1.537594,1.194869
6.233333,2.004030,1.991781,2.032066,2.034416,2.003670,1.964591,2.001830,1.988314,0.135513,0.083626,0.028094,0.061659,0.578398,0.108870,1.112985,1.539749,1.216123
6.250000,2.004040,1.992087,2.032170,2.034980,2.003738,1.964338,2.001838,1.988240,0.136937,0.083269,0.028109,0.061669,0.581518,0.108144,1.118224,1.540779,1.226914
6.266667,2.004044,1.992271,2.032229,2.035315,2.003875,1.963234,2.001813,1.988327,0.139041,0.082842,0.028193,0.061608,0.583108,0.107786,1.121126,1.541303,1.232719
6.283333,2.004092,1.991847,2.032649,2.035505,2.004037,1.962469,2.001754,1.988675,0.140431,0.082610,0.028182,0.061565,0.583859,0.107813,1.109741,1.553089,1.235854
6.300000,2.004150,1.991382,2.033492,2.035762,2.004104,1.961700,2.001699,1.989256,0.141187,0.082636,0.028165,0.061626,0.587538,0.107926,1.096731,1.566223,1.238099
6.316667,2.004243,1.990645,2.034432,2.035974,2.004151,1.961102,2.001649,1.989770,0.141621,0.082697,0.028157,0.061679,0.590787,0.109053,1.079606,1.580887,1.239567
6.333333,2.004444,1.988973,2.034077,2.034556,2.004137,1.960935,2.001608,1.990064,0.141778,0.083056,0.028511,0.061970,0.592548,0.113562,1.056068,1.579770,1.213330
6.350000,2.004582,1.987695,2.033464,2.032716,2.003997,1.961792,2.001569,1.989997,0.140244,0.083508,0.028972,0.062226,0.593541,0.116955,1.038307,1.567164,1.177899
6.366667,2.004592,1.986829,2.032778,2.031628,2.003842,1.962985,2.001519,1.989801,0.138472,0.083798,0.029361,0.062095,0.590315,0.117502,1.038336,1.552917,1.157388
6.383333,2.004570,1.986232,2.032407,2.030762,2.003735,1.963989,2.001456,1.989669,0.137149,0.083972,0.029686,0.061695,0.580496,0.117727,1.039159,1.541706,1.142441
6.400000,2.004575,1.985880,2.032285,2.030267,2.003738,1.964546,2.001422,1.989600,0.136527,0.084085,0.029774,0.061501,0.575363,0.118169,1.044174,1.537026,1.133821
6.416667,2.004516,1.985582,2.031817,2.030003,2.003734,1.964697,2.001405,1.989562,0.136189,0.084153,0.029637,0.061399,0.572723,0.118753,1.058658,1.530569,1.129188
6.433333,2.004396,1.985540,2.031473,2.029841,2.003651,1.963938,2.001417,1.988629,0.135884,0.084184,0.029538,0.061390,0.571378,0.118642,1.066627,1.527067,1.126595
6.450000,2.004287,1.985570,2.031223,2.029695,2.003604,1.963991,2.001447,1.988063,0.135697,0.084176,0.029460,0.061397,0.570705,0.118325,1.071242,1.525377,1.124681
6.466667,2.004247,1.985584,2.031610,2.029632,2.003590,1.964354,2.001472,1.988391,0.135861,0.084205,0.029226,0.061403,0.570228,0.118111,1.076062,1.540813,1.118771
6.483333,2.004218,1.986154,2.032048,2.029559,2.003588,1.964917,2.001501,1.989005,0.136016,0.084222,0.029104,0.061406,0.569925,0.117927,1.076204,1.548935,1.114197
6.500000,2.004180,1.987347,2.032161,2.029544,2.003673,1.965501,2.001548,1.989464,0.137904,0.083810,0.029193,0.061304,0.569810,0.117727,1.073525,1.545420,1.111772
6.516667,2.004132,1.989050,2.032109,2.029872,2.003722,1.966006,2.001605,1.989394,0.138503,0.083756,0.029359,0.061257,0.573198,0.117207,1.069148,1.536189,1.119515
6.533333,2.004043,1.989623,2.032466,2.030694,2.003730,1.966124,2.001635,1.989303,0.137758,0.084046,0.029238,0.061562,0.582547,0.113899,1.078550,1.538250,1.140135
6.550000,2.004006,1.990631,2.032751,2.032646,2.003598,1.965841,2.001667,1.989086,0.134495,0.084741,0.028575,0.062542,0.590013,0.110887,1.104423,1.543109,1.184111
6.566667,2.004032,1.991222,2.032770,2.033888,2.003519,1.965730,2.001687,1.988995,0.132670,0.085092,0.028220,0.063202,0.594537,0.109474,1.118082,1.545780,1.209435
6.583333,2.004043,1.991571,2.032744,2.034582,2.003566,1.965199,2.001694,1.988954,0.133634,0.084841,0.028172,0.063454,0.597031,0.108772,1.125440,1.546707,1.222425
6.600000,2.003988,1.991780,2.032725,2.034991,2.003687,1.964071,2.001697,1.988408,0.135412,0.084490,0.028224,0.063526,0.598610,0.108337,1.129480,1.547134,1.229459
6.616667,2.004012,1.991584,2.032945,2.035343,2.003827,1.963295,2.001655,1.988422,0.137272,0.084140,0.028263,0.063512,0.599341,0.108292,1.123783,1.553835,1.233640
6.633333,2.004062,1.991075,2.033641,2.035639,2.003904,1.962567,2.001601,1.988732,0.138310,0.083963,0.028246,0.063505,0.599584,0.108432,1.109764,1.567810,1.236241
6.650000,2.004126,1.990375,2.034553,2.035436,2.003948,1.961817,2.001546,1.989187,0.138858,0.083883,0.028249,0.063503,0.599560,0.108641,1.094406,1.581399,1.230854
6.666667,2.004312,1.988845,2.034770,2.033837,2.003920,1.961313,2.001498,1.989739,0.139057,0.084212,0.028400,0.063811,0.599381,0.112226,1.075941,1.589121,1.200874
6.683333,2.004487,1.987314,2.034097,2.032061,2.003861,1.960762,2.001458,1.990171,0.139058,0.084530,0.028941,0.064084,0.599186,0.115825,1.054625,1.576131,1.166602
6.700000,2.004549,1.986079,2.033287,2.031529,2.003747,1.960958,2.001390,1.990662,0.137873,0.084673,0.029533,0.063993,0.585450,0.117610,1.040025,1.556550,1.163412
6.716667,2.004578,1.985155,2.032973,2.030906,2.003645,1.961638,2.001329,1.990577,0.136897,0.084433,0.029973,0.062807,0.575268,0.119371,1.029508,1.544875,1.158160
6.733333,2.004554,1.984721,2.032280,2.030542,2.003737,1.962028,2.001295,1.990527,0.136628,0.084325,0.030378,0.062180,0.570028,0.119740,1.023862,1.527768,1.155083
6.750000,2.004499,1.984381,2.032044,2.030338,2.003766,1.962081,2.001279,1.990507,0.136451,0.084281,0.030336,0.061855,0.567252,0.119857,1.032652,1.523780,1.153344
6.766667,2.004349,1.984289,2.031835,2.030200,2.003708,1.961549,2.001298,1.989664,0.136223,0.084248,0.030200,0.061719,0.565869,0.119456,1.041376,1.522709,1.152130
6.783333,2.004247,1.984302,2.031513,2.030153,2.003682,1.961633,2.001326,1.989154,0.136183,0.084220,0.030050,0.061664,0.565221,0.118953,1.049719,1.522695,1.150049
6.800000,2.004213,1.984297,2.031383,2.030339,2.003681,1.962092,2.001358,1.989399,0.136568,0.084248,0.029758,0.061636,0.564820,0.118666,1.054417,1.538317,1.143162
6.816667,2.004195,1.984568,2.031750,2.030386,2.003685,1.962697,2.001394,1.989832,0.136870,0.084270,0.029567,0.061621,0.564604,0.118471,1.055210,1.551023,1.137649
6.833333,2.004159,1.985836,2.031787,2.030692,2.003737,1.963288,2.001441,1.990190,0.137751,0.084212,0.029662,0.061592,0.564536,0.118261,1.052660,1.548900,1.142737
6.850000,2.004118,1.987609,2.031687,2.031165,2.003729,1.963487,2.001496,1.990068,0.137383,0.084414,0.029789,0.061611,0.567928,0.117762,1.048962,1.540229,1.153932
6.866667,2.004029,1.989054,2.031945,2.032065,2.003698,1.963183,2.001530,1.989971,0.136398,0.084801,0.029362,0.061961,0.577467,0.114318,1.071881,1.540301,1.175557
6.883333,2.003989,1.990181,2.032328,2.033770,2.003649,1.962860,2.001565,1.989729,0.134636,0.085299,0.028772,0.062567,0.585736,0.111206,1.102169,1.544699,1.216021
6.900000,2.004014,1.990756,2.032490,2.034785,2.003615,1.962696,2.001587,1.989621,0.133532,0.085617,0.028465,0.062894,0.590679,0.109747,1.118049,1.546443,1.238870
6.916667,2.004024,1.991096,2.032509,2.035349,2.003692,1.962096,2.001596,1.989570,0.134942,0.085318,0.028456,0.062960,0.593356,0.109028,1.126592,1.546362,1.250458
6.933333,2.003971,1.991300,2.032522,2.035685,2.003831,1.960950,2.001602,1.989027,0.136999,0.084923,0.028532,0.062930,0.595034,0.108586,1.131265,1.546284,1.256697
6.950000,2.003999,1.991086,2.032752,2.035929,2.003977,1.960120,2.001556,1.989028,0.138337,0.084715,0.028547,0.062901,0.595816,0.108532,1.125865,1.552766,1.260214
6.966667,2.004052,1.990567,2.033438,2.036224,2.004045,1.959339,2.001501,1.989326,0.139054,0.084613,0.028517,0.062885,0.596086,0.108666,1.112166,1.566433,1.262573
6.983333,2.004151,1.989804,2.034392,2.036460,2.004099,1.959041,2.001444,1.989811,0.139461,0.084544,0.028510,0.062862,0.596130,0.109824,1.095237,1.581090,1.264055
7.000000,2.004368,1.988152,2.034337,2.035030,2.004092,1.959149,2.001392,1.990385,0.139594,0.084851,0.028793,0.063144,0.596015,0.114349,1.073382,1.584629,1.238947
7.016667,2.004535,1.986823,2.033765,2.033179,2.004016,1.959218,2.001346,1.990788,0.139094,0.085199,0.029261,0.063407,0.595826,0.117721,1.056174,1.572817,1.204955
7.033333,2.004582,1.985494,2.033323,2.031676,2.003873,1.960267,2.001283,1.990821,0.137718,0.085386,0.029715,0.063005,0.586591,0.119485,1.040415,1.565178,1.178413
7.050000,2.004590,1.984574,2.033161,2.030685,2.003763,1.961235,2.001216,1.990674,0.136519,0.085506,0.030074,0.062565,0.575328,0.120398,1.030402,1.559005,1.162700
7.066667,2.004563,1.984105,2.032944,2.030139,2.003731,1.961761,2.001180,1.990620,0.136046,0.085320,0.030317,0.061890,0.569726,0.120629,1.024832,1.552879,1.154010
7.083333,2.004517,1.983838,2.032532,2.029844,2.003718,1.961872,2.001162,1.990631,0.135811,0.085235,0.030120,0.061543,0.566879,0.120943,1.044619,1.547825,1.149275
7.100000,2.004383,1.983718,2.032179,2.029646,2.003651,1.961574,2.001184,1.989738,0.135588,0.085177,0.030005,0.061385,0.565433,0.120901,1.051533,1.544594,1.146443
7.116667,2.004329,1.983674,2.031850,2.029553,2.003618,1.961850,2.001211,1.989127,0.135553,0.085139,0.029834,0.061312,0.564740,0.120761,1.060667,1.544770,1.143302
7.133333,2.004314,1.983654,2.031794,2.029647,2.003613,1.962381,2.001240,1.989322,0.135900,0.085163,0.029578,0.061274,0.564314,0.120656,1.065834,1.559277,1.135657
7.150000,2.004297,1.984621,2.031756,2.029655,2.003614,1.963023,2.001272,1.989669,0.136109,0.085173,0.029516,0.061252,0.564082,0.120558,1.064939,1.558877,1.131402
7.166667,2.004276,1.985920,2.031641,2.029766,2.003649,1.963342,2.001313,1.989679,0.136940,0.085098,0.029669,0.061223,0.564033,0.120462,1.061643,1.551849,1.132530
7.183333,2.004241,1.987762,2.031389,2.030168,2.003654,1.963258,2.001356,1.989350,0.136983,0.085316,0.030004,0.061265,0.564126,0.120390,1.057299,1.538445,1.143497
7.200000,2.004159,1.989037,2.031638,2.031269,2.003590,1.962872,2.001418,1.989100,0.135584,0.085489,0.029769,0.062211,0.577865,0.117488,1.072659,1.538144,1.170582
7.216667,2.004118,1.989970,2.032016,2.033169,2.003498,1.962469,2.001463,1.988892,0.133027,0.085944,0.029373,0.063473,0.589653,0.114369,1.095872,1.542156,1.215503
7.233333,2.004143,1.990469,2.032120,2.034396,2.003442,1.962255,2.001489,1.988777,0.131520,0.086265,0.029113,0.064169,0.596028,0.112886,1.109411,1.542956,1.242581
7.250000,2.004155,1.990770,2.032139,2.035090,2.003496,1.961963,2.001501,1.988719,0.132643,0.086001,0.029120,0.064441,0.599355,0.112150,1.116711,1.542913,1.256524
7.266667,2.004108,1.990954,2.032154,2.035542,2.003608,1.960759,2.001501,1.988484,0.134485,0.085668,0.029207,0.064526,0.601223,0.111695,1.120729,1.542870,1.264080
7.283333,2.004140,1.990744,2.032379,2.035985,2.003695,1.959776,2.001463,1.988699,0.135637,0.085497,0.029233,0.064563,0.602071,0.111633,1.114924,1.549327,1.268663
7.300000,2.004195,1.990249,2.033038,2.036303,2.003756,1.958999,2.001405,1.989079,0.136291,0.085417,0.029209,0.064581,0.602402,0.111764,1.101083,1.562701,1.271335
7.316667,2.004266,1.989660,2.034119,2.036561,2.003806,1.959039,2.001346,1.989575,0.136662,0.085362,0.029195,0.064577,0.602431,0.111995,1.082740,1.578212,1.272996
7.333333,2.004405,1.988237,2.033957,2.036789,2.003845,1.959242,2.001290,1.990138,0.136889,0.085404,0.029509,0.064638,0.602369,0.114322,1.063844,1.577943,1.274121
7.350000,2.004527,1.987051,2.033311,2.035339,2.003830,1.960009,2.001246,1.990550,0.136838,0.085457,0.030001,0.064744,0.602216,0.116478,1.052122,1.565067,1.249309
7.366667,2.004506,1.986117,2.032718,2.033481,2.003732,1.961144,2.001187,1.990591,0.136190,0.085356,0.030417,0.064254,0.592950,0.116460,1.052212,1.553521,1.215868
7.383333,2.004484,1.985419,2.032451,2.031883,2.003625,1.962266,2.001129,1.990444,0.135308,0.085122,0.030734,0.063390,0.581864,0.116668,1.051547,1.545085,1.185199
7.400000,2.004491,1.985067,2.032289,2.031048,2.003610,1.962880,2.001101,1.990395,0.134952,0.084943,0.030922,0.062785,0.576282,0.117325,1.051071,1.539721,1.168824
7.416667,2.004417,1.984871,2.032024,2.030609,2.003597,1.963044,2.001088,1.990373,0.134757,0.084863,0.030959,0.062471,0.573395,0.117671,1.052758,1.535947,1.160054
7.433333,2.004297,1.984758,2.031695,2.030352,2.003520,1.962657,2.001113,1.989466,0.134544,0.084810,0.030845,0.062333,0.571940,0.117750,1.059749,1.532987,1.155244
7.450000,2.004198,1.984831,2.031370,2.030184,2.003479,1.962927,2.001143,1.988904,0.134498,0.084769,0.030659,0.062275,0.571235,0.117341,1.070508,1.533639,1.150952
7.466667,2.004165,1.984856,2.031148,2.030163,2.003468,1.963399,2.001166,1.989124,0.134833,0.084787,0.030416,0.062249,0.570781,0.117112,1.076564,1.543068,1.142180
7.483333,2.004153,1.985459,2.031310,2.030102,2.003468,1.964034,2.001187,1.989821,0.135082,0.084798,0.030270,0.062234,0.570421,0.116938,1.079014,1.547671,1.136200
7.500000,2.004116,1.986574,2.031330,2.030053,2.003495,1.964650,2.001215,1.990443,0.135699,0.084725,0.030304,0.062211,0.570260,0.116729,1.077214,1.544008,1.132996
7.516667,2.004055,1.988323,2.031175,2.030474,2.003496,1.964893,2.001272,1.990736,0.135535,0.084828,0.030515,0.062159,0.578664,0.115382,1.073743,1.533005,1.143225
7.533333,2.003969,1.989625,2.031384,2.031265,2.003465,1.964573,2.001337,1.990715,0.134682,0.085103,0.030196,0.062455,0.594332,0.112120,1.091105,1.531657,1.160220
7.550000,2.003923,1.990652,2.031777,2.032374,2.003416,1.964056,2.001379,1.990669,0.133240,0.085515,0.029687,0.063035,0.606897,0.108924,1.115607,1.534890,1.184321
7.566667,2.003937,1.991150,2.032007,2.033147,2.003394,1.963767,2.001404,1.990649,0.132539,0.085729,0.029480,0.063342,0.613674,0.107426,1.124320,1.536981,1.200901
7.583333,2.003944,1.991450,2.032133,2.033607,2.003465,1.963439,2.001416,1.990639,0.134115,0.085398,0.029518,0.063400,0.617228,0.106685,1.128949,1.538317,1.209739
7.600000,2.003888,1.991634,2.032205,2.033926,2.003589,1.962215,2.001430,1.990115,0.136221,0.085017,0.029625,0.063368,0.619413,0.106230,1.131506,1.538987,1.214630
7.616667,2.003918,1.991199,2.032632,2.034269,2.003697,1.961335,2.001383,1.990120,0.137696,0.084776,0.029642,0.063333,0.620464,0.106225,1.119876,1.550866,1.217780
7.633333,2.003970,1.990691,2.033502,2.034516,2.003770,1.960748,2.001324,1.990414,0.138529,0.084653,0.029630,0.063309,0.620871,0.106354,1.105983,1.564710,1.219676
7.650000,2.004035,1.990119,2.034565,2.034719,2.003826,1.960903,2.001263,1.990845,0.138997,0.084575,0.029622,0.063282,0.620942,0.106570,1.088813,1.579482,1.220914
7.666667,2.004235,1.988690,2.033879,2.034481,2.003859,1.960888,2.001205,1.991418,0.139258,0.084714,0.030098,0.063424,0.620925,0.110382,1.067231,1.569458,1.214768
7.683333,2.004402,1.987398,2.033100,2.032919,2.003826,1.960481,2.001163,1.991605,0.139288,0.085109,0.030591,0.063756,0.620841,0.114077,1.051511,1.554470,1.184075
7.700000,2.004451,1.986128,2.032530,2.031850,2.003742,1.960203,2.001114,1.991440,0.139024,0.085190,0.031084,0.063357,0.613015,0.115847,1.037341,1.543984,1.165874
7.716667,2.004445,1.985196,2.032239,2.031075,2.003639,1.960727,2.001054,1.991106,0.137911,0.085276,0.031474,0.062914,0.602238,0.116349,1.027894,1.536215,1.154604
7.733333,2.004483,1.984785,2.032161,2.030609,2.003721,1.961033,2.001023,1.990986,0.137626,0.085112,0.031581,0.062349,0.596966,0.117653,1.029312,1.533743,1.147602
7.750000,2.004486,1.984536,2.031934,2.030353,2.003743,1.961028,2.001007,1.990951,0.137475,0.084956,0.031297,0.061934,0.594265,0.118700,1.051857,1.532005,1.143776
7.766667,2.004389,1.984397,2.031612,2.030170,2.003693,1.961089,2.001039,1.990015,0.137276,0.084851,0.031191,0.061729,0.592893,0.119174,1.056451,1.529306,1.141453
7.783333,2.004373,1.984299,2.031412,2.030074,2.003676,1.961529,2.001070,1.989378,0.137288,0.084792,0.030989,0.061627,0.592194,0.119452,1.064008,1.532528,1.138297
7.800000,2.004363,1.984253,2.031635,2.030090,2.003678,1.962136,2.001084,1.989875,0.137648,0.084804,0.030708,0.061575,0.591593,0.119523,1.066960,1.550316,1.130631
7.816667,2.004339,1.985223,2.031768,2.030050,2.003683,1.962860,2.001098,1.990718,0.137873,0.084807,0.030609,0.061545,0.591145,0.119459,1.065014,1.553397,1.126082
7.833333,2.004307,1.986364,2.031814,2.030128,2.003724,1.963337,2.001125,1.991308,0.138753,0.084731,0.030746,0.061510,0.590939,0.119322,1.061130,1.550228,1.126994
7.850000,2.004265,1.988161,2.031615,2.030548,2.003739,1.963409,2.001163,1.991263,0.138679,0.084955,0.031098,0.061552,0.590958,0.119219,1.055967,1.537936,1.138449
7.866667,2.004194,1.989590,2.031858,2.031411,2.003728,1.962997,2.001185,1.991169,0.138046,0.085189,0.030855,0.062188,0.593299,0.117498,1.073203,1.537284,1.159423
7.883333,2.004117,1.990797,2.032219,2.032721,2.003658,1.962449,2.001218,1.991032,0.135913,0.085781,0.030309,0.062841,0.602426,0.114426,1.104007,1.540510,1.192475
7.900000,2.004112,1.991420,2.032337,2.033577,2.003617,1.962164,2.001239,1.990974,0.134701,0.086126,0.029995,0.063186,0.607694,0.112968,1.120340,1.541370,1.212289
7.916667,2.004108,1.991783,2.032373,2.034062,2.003668,1.961839,2.001252,1.990948,0.135735,0.085919,0.029956,0.063281,0.610478,0.112244,1.129049,1.541581,1.222508
7.933333,2.004043,1.991980,2.032393,2.034336,2.003757,1.960588,2.001273,1.990416,0.136645,0.085801,0.029951,0.063318,0.612228,0.111778,1.133748,1.541674,1.227925
7.950000,2.004060,1.991766,2.032621,2.034596,2.003851,1.959576,2.001243,1.990483,0.137224,0.085757,0.029920,0.063330,0.612993,0.111694,1.128276,1.548168,1.231160
7.966667,2.004107,1.991204,2.033339,2.034850,2.003906,1.959373,2.001186,1.990759,0.137536,0.085726,0.029864,0.063324,0.613292,0.111823,1.112903,1.562874,1.233233
7.983333,2.004174,1.990619,2.034421,2.035059,2.003954,1.959733,2.001124,1.991183,0.137722,0.085697,0.029835,0.063308,0.613309,0.112039,1.095351,1.577978,1.234557
8.000000,2.004334,1.989273,2.034104,2.035246,2.003995,1.959858,2.001068,1.991727,0.137850,0.085730,0.030196,0.063340,0.613285,0.115128,1.078481,1.574756,1.235493
8.016667,2.004442,1.988079,2.033305,2.033905,2.003924,1.960734,2.001016,1.992000,0.136690,0.085973,0.030748,0.063454,0.613186,0.117160,1.065251,1.558605,1.209506
8.033333,2.004449,1.986804,2.032799,2.032414,2.003786,1.962000,2.000958,1.991836,0.134894,0.086249,0.031235,0.063601,0.605512,0.117900,1.051813,1.549783,1.179804
8.050000,2.004425,1.985856,2.032620,2.031792,2.003673,1.963093,2.000896,1.991518,0.133139,0.086430,0.031482,0.063724,0.594988,0.117966,1.042110,1.544449,1.171844
8.066667,2.004418,1.985406,2.032372,2.031395,2.003615,1.963707,2.000861,1.991361,0.132182,0.086572,0.031742,0.063818,0.589754,0.118084,1.036906,1.538832,1.166904
8.083333,2.004414,1.985117,2.032216,2.031157,2.003528,1.964327,2.000859,1.991302,0.131607,0.086542,0.031881,0.063798,0.587068,0.118799,1.042766,1.537446,1.164109
8.100000,2.004337,1.984939,2.031896,2.030968,2.003422,1.964510,2.000891,1.990384,0.131195,0.086464,0.031951,0.063758,0.585701,0.119483,1.046403,1.534854,1.162344
8.116667,2.004324,1.984883,2.031669,2.030796,2.003370,1.964735,2.000918,1.989589,0.130986,0.086406,0.031891,0.063753,0.585052,0.119721,1.055673,1.533610,1.161062
8.133333,2.004307,1.984858,2.031685,2.030747,2.003349,1.965392,2.000938,1.989643,0.131163,0.086396,0.031758,0.063753,0.584668,0.119780,1.057761,1.543012,1.154995
8.150000,2.004280,1.985438,2.031953,2.030686,2.003341,1.966124,2.000952,1.990218,0.131334,0.086390,0.031687,0.063753,0.584359,0.119695,1.055909,1.548666,1.150365
8.166667,2.004243,1.986480,2.032039,2.030634,2.003340,1.966812,2.000969,1.990803,0.131446,0.086378,0.031710,0.063758,0.584213,0.119547,1.052182,1.545852,1.147856
8.183333,2.004196,1.988546,2.031849,2.030606,2.003338,1.967227,2.001001,1.991055,0.131527,0.086384,0.031558,0.063754,0.587544,0.119002,1.060153,1.533488,1.146531
8.200000,2.004118,1.990558,2.031903,2.031069,2.003305,1.967197,2.001064,1.991076,0.131108,0.086497,0.031057,0.063693,0.602467,0.115853,1.086302,1.527281,1.157230
8.216667,2.004054,1.991951,2.032219,2.032335,2.003201,1.966884,2.001108,1.991032,0.128740,0.087252,0.030328,0.063815,0.615573,0.112579,1.119256,1.529314,1.187644
8.233333,2.004050,1.992708,2.032307,2.033073,2.003182,1.966703,2.001132,1.991020,0.128319,0.087455,0.030022,0.063838,0.622622,0.110976,1.136892,1.529398,1.203996
8.250000,2.004026,1.993147,2.032318,2.033503,2.003259,1.965838,2.001166,1.990880,0.129832,0.087108,0.029996,0.063735,0.626362,0.110124,1.146378,1.528923,1.212355
8.266667,2.003947,1.993414,2.032324,2.033802,2.003418,1.964823,2.001201,1.990214,0.132648,0.086411,0.030081,0.063536,0.628729,0.109611,1.151580,1.528620,1.216930
8.283333,2.003960,1.993231,2.032547,2.034080,2.003550,1.963943,2.001193,1.990340,0.134323,0.086062,0.030100,0.063423,0.629737,0.109503,1.146426,1.535045,1.219735
8.300000,2.004004,1.992678,2.033258,2.034347,2.003622,1.963333,2.001141,1.990623,0.135248,0.085882,0.030072,0.063358,0.630177,0.109618,1.131388,1.549841,1.221611
8.316667,2.004070,1.991915,2.034216,2.034562,2.003677,1.963132,2.001086,1.991061,0.135773,0.085784,0.030065,0.063316,0.630245,0.109826,1.114216,1.564922,1.222836
8.333333,2.004261,1.990355,2.033691,2.034753,2.003719,1.963300,2.001029,1.991646,0.136097,0.085872,0.030558,0.063424,0.630234,0.113603,1.092059,1.558079,1.223717
8.350000,2.004423,1.989116,2.033056,2.033333,2.003711,1.963063,2.000982,1.992043,0.136258,0.086174,0.031070,0.063599,0.630022,0.116775,1.076085,1.545159,1.197169
8.366667,2.004473,1.987861,2.032623,2.032215,2.003664,1.962494,2.000933,1.992018,0.136577,0.086185,0.031453,0.063074,0.622244,0.118083,1.061337,1.537758,1.179886
8.383333,2.004497,1.986959,2.032464,2.031659,2.003580,1.962732,2.000880,1.991719,0.135826,0.086123,0.031710,0.062396,0.612138,0.119944,1.051291,1.532711,1.176478
8.400000,2.004525,1.986486,2.032378,2.031281,2.003570,1.962879,2.000852,1.991573,0.135568,0.085949,0.031844,0.061746,0.607159,0.121507,1.045798,1.529771,1.173620
8.416667,2.004529,1.986088,2.032205,2.031064,2.003502,1.962036,2.000852,1.991509,0.135338,0.085872,0.031627,0.061431,0.604578,0.122944,1.059105,1.528776,1.172055
8.433333,2.004332,1.986223,2.031928,2.030936,2.003436,1.961783,2.000877,1.990943,0.135160,0.085814,0.031547,0.061283,0.603343,0.122620,1.062810,1.527420,1.171167
8.450000,2.004266,1.986266,2.031488,2.030976,2.003408,1.962137,2.000904,1.990078,0.135266,0.085795,0.031317,0.061212,0.602825,0.122492,1.071725,1.531052,1.167431
8.466667,2.004245,1.986289,2.031284,2.031094,2.003406,1.962726,2.000928,1.990060,0.135621,0.085818,0.031084,0.061176,0.602492,0.122399,1.076517,1.541902,1.160881
8.483333,2.004221,1.987187,2.031211,2.031110,2.003409,1.963422,2.000957,1.990100,0.135842,0.085828,0.031015,0.061154,0.602339,0.122302,1.075088,1.541527,1.156979
8.500000,2.004194,1.988401,2.031085,2.031085,2.003431,1.964078,2.000991,1.989886,0.136159,0.085855,0.031100,0.061151,0.602359,0.122196,1.071480,1.534607,1.154828
8.516667,2.004148,1.990076,2.030948,2.031040,2.003522,1.964448,2.001040,1.989480,0.137883,0.085706,0.031497,0.061071,0.605979,0.121673,1.066743,1.524495,1.152379
8.533333,2.004058,1.991295,2.031174,2.031779,2.003508,1.964305,2.001109,1.989196,0.137640,0.085738,0.031300,0.061474,0.622066,0.118394,1.082924,1.523939,1.167712
8.550000,2.004020,1.992273,2.031571,2.033780,2.003382,1.963985,2.001158,1.988991,0.134216,0.086371,0.030875,0.062751,0.636015,0.115273,1.107717,1.528637,1.212421
8.566667,2.004045,1.992817,2.031787,2.035076,2.003312,1.963810,2.001188,1.988890,0.132278,0.086777,0.030605,0.063479,0.643478,0.113765,1.122001,1.531185,1.239441
8.583333,2.004057,1.993130,2.031901,2.035799,2.003320,1.963540,2.001206,1.988844,0.132288,0.086763,0.030547,0.063811,0.647356,0.113001,1.129611,1.532526,1.253390
8.600000,2.004035,1.993330,2.031966,2.036231,2.003428,1.962379,2.001212,1.988882,0.133785,0.086486,0.030622,0.063910,0.649376,0.112568,1.133773,1.533206,1.260833
8.616667,2.004084,1.992893,2.032381,2.036597,2.003533,1.961427,2.001175,1.989244,0.134695,0.086359,0.030601,0.063960,0.650305,0.112566,1.122978,1.545137,1.265196
8.633333,2.004148,1.992382,2.033233,2.036938,2.003593,1.961518,2.001109,1.989706,0.135193,0.086275,0.030570,0.063968,0.650672,0.112697,1.109563,1.558991,1.267946
8.650000,2.004222,1.991771,2.034311,2.037204,2.003642,1.961932,2.001040,1.990251,0.135484,0.086219,0.030550,0.063961,0.650706,0.112925,1.091603,1.574630,1.269652
8.666667,2.004295,1.990393,2.033560,2.036416,2.003660,1.962085,2.000984,1.990535,0.135568,0.086193,0.031057,0.063942,0.650740,0.113636,1.071059,1.563167,1.255605
8.683333,2.004364,1.989171,2.032716,2.034604,2.003620,1.962241,2.000943,1.990517,0.135446,0.086132,0.031651,0.063882,0.650869,0.115068,1.056698,1.546281,1.224146
8.700000,2.004335,1.988026,2.032127,2.032759,2.003569,1.962497,2.000904,1.990398,0.135255,0.086048,0.032074,0.063877,0.641564,0.114924,1.048281,1.535282,1.191135
8.716667,2.004274,1.987241,2.031860,2.031272,2.003519,1.962635,2.000860,1.990145,0.134666,0.086063,0.032239,0.063913,0.630520,0.113993,1.046656,1.528321,1.163626
8.733333,2.004266,1.986841,2.031743,2.030539,2.003615,1.962856,2.000836,1.990027,0.134351,0.086099,0.032287,0.063933,0.624935,0.114162,1.045664,1.525087,1.150070
8.750000,2.004195,1.986569,2.031704,2.030148,2.003617,1.963589,2.000832,1.989958,0.134102,0.086021,0.032212,0.063862,0.622053,0.114447,1.055546,1.526482,1.142769
8.766667,2.004057,1.986542,2.031382,2.029902,2.003545,1.963396,2.000867,1.988948,0.133824,0.085978,0.032175,0.063866,0.620652,0.114159,1.063760,1.524077,1.138555
8.783333,2.003959,1.986610,2.031174,2.029713,2.003503,1.963812,2.000900,1.988241,0.133655,0.085927,0.032061,0.063881,0.619980,0.113696,1.073855,1.523786,1.135908
8.800000,2.003928,1.986628,2.031469,2.029717,2.003492,1.964348,2.000921,1.988282,0.133941,0.085940,0.031748,0.063895,0.619584,0.113442,1.079967,1.541942,1.127540
8.816667,2.003899,1.987570,2.031719,2.029680,2.003490,1.965000,2.000942,1.988647,0.134139,0.085945,0.031608,0.063902,0.619358,0.113219,1.080734,1.546598,1.122191
8.833333,2.003865,1.988678,2.031827,2.029637,2.003490,1.965641,2.000965,1.989109,0.134257,0.085939,0.031587,0.063911,0.619263,0.113005,1.079037,1.544316,1.119266
8.850000,2.003840,1.990307,2.031760,2.029754,2.003484,1.966066,2.001003,1.989062,0.134184,0.085940,0.031531,0.063901,0.622914,0.112516,1.081336,1.535409,1.121256
8.866667,2.003770,1.991423,2.031985,2.030409,2.003380,1.965891,2.001060,1.989013,0.132159,0.086385,0.031025,0.063925,0.638716,0.109546,1.107463,1.533619,1.137602
8.883333,2.003762,1.992524,2.032327,2.031385,2.003246,1.965462,2.001099,1.988928,0.129388,0.087090,0.030360,0.064031,0.652937,0.106531,1.136789,1.535703,1.162602
8.900000,2.003784,1.993088,2.032436,2.032031,2.003228,1.965216,2.001119,1.988889,0.129185,0.087169,0.030154,0.064024,0.660493,0.105101,1.146953,1.536775,1.177371
8.916667,2.003791,1.993418,2.032493,2.032399,2.003280,1.964612,2.001139,1.988869,0.130357,0.086917,0.030158,0.063948,0.664468,0.104377,1.152328,1.537470,1.184915
8.933333,2.003744,1.993622,2.032523,2.032652,2.003414,1.963466,2.001155,1.988639,0.132607,0.086432,0.030255,0.063803,0.666776,0.103935,1.155287,1.537792,1.189073
8.950000,2.003774,1.993396,2.032762,2.032901,2.003543,1.962563,2.001124,1.988859,0.134248,0.086115,0.030293,0.063698,0.667837,0.103880,1.148936,1.544440,1.191643
8.966667,2.003827,1.992795,2.033356,2.033138,2.003615,1.961845,2.001066,1.989248,0.135158,0.085955,0.030270,0.063640,0.668258,0.104024,1.133143,1.559096,1.193347
8.983333,2.003893,1.992165,2.034419,2.033331,2.003673,1.961918,2.001004,1.989756,0.135676,0.085857,0.030260,0.063594,0.668306,0.104246,1.115326,1.574336,1.194463
9.000000,2.004021,1.990780,2.034569,2.033100,2.003710,1.962076,2.000944,1.990337,0.135930,0.085788,0.030456,0.063549,0.668272,0.106150,1.098658,1.580225,1.188158
9.016667,2.004165,1.989321,2.033841,2.031835,2.003688,1.961789,2.000897,1.990765,0.135902,0.085952,0.031059,0.063683,0.668099,0.108683,1.079341,1.566225,1.163449
9.033333,2.004195,1.988057,2.033088,2.031679,2.003645,1.961186,2.000852,1.990763,0.135516,0.086007,0.031630,0.063825,0.658402,0.109727,1.065778,1.549893,1.170869
9.050000,2.004181,1.987122,2.032778,2.031462,2.003598,1.960912,2.000805,1.990524,0.134680,0.086122,0.032072,0.063946,0.647048,0.110117,1.055635,1.540415,1.177429
9.066667,2.004203,1.986657,2.032449,2.031273,2.003594,1.961310,2.000779,1.990433,0.134099,0.086153,0.032404,0.063952,0.641294,0.111340,1.050108,1.532062,1.180176
9.083333,2.004153,1.986305,2.032116,2.031155,2.003568,1.961766,2.000773,1.990394,0.133768,0.086068,0.032344,0.063872,0.638324,0.112148,1.058890,1.527822,1.181561
9.100000,2.004046,1.986148,2.031714,2.031050,2.003485,1.961304,2.000809,1.989390,0.133459,0.086019,0.032243,0.063865,0.636858,0.112374,1.065562,1.523560,1.182069
9.116667,2.003935,1.986213,2.031462,2.031050,2.003440,1.961609,2.000843,1.988565,0.133389,0.085978,0.032054,0.063876,0.636195,0.112049,1.073664,1.526516,1.180720
9.133333,2.003893,1.986258,2.031422,2.031265,2.003424,1.962103,2.000861,1.988603,0.133695,0.085988,0.031773,0.063888,0.635784,0.111844,1.077860,1.543169,1.175008
9.150000,2.003885,1.986538,2.031779,2.031340,2.003419,1.962750,2.000881,1.988966,0.133941,0.085993,0.031571,0.063894,0.635539,0.111717,1.080210,1.555928,1.170162
9.166667,2.003855,1.987737,2.031845,2.031352,2.003421,1.963403,2.000900,1.989427,0.134097,0.085991,0.031538,0.063900,0.635430,0.111548,1.078610,1.554300,1.167348
9.183333,2.003816,1.989572,2.031684,2.031695,2.003400,1.963952,2.000937,1.989548,0.133663,0.086037,0.031499,0.063895,0.639097,0.111053,1.079711,1.543940,1.174506
9.200000,2.003740,1.991490,2.031882,2.032639,2.003276,1.963898,2.000992,1.989535,0.130842,0.086698,0.030960,0.063978,0.655237,0.108127,1.104967,1.542461,1.197728
9.216667,2.003693,1.992926,2.032205,2.034056,2.003113,1.963458,2.001032,1.989511,0.127266,0.087641,0.030251,0.064145,0.670255,0.105049,1.137732,1.544456,1.231745
9.233333,2.003704,1.993722,2.032393,2.034908,2.003109,1.963253,2.001055,1.989502,0.127319,0.087643,0.030028,0.064158,0.678237,0.103586,1.155026,1.545737,1.249470
9.250000,2.003708,1.994181,2.032461,2.035406,2.003175,1.963016,2.001071,1.989502,0.128968,0.087212,0.030048,0.064059,0.682458,0.102845,1.164269,1.545929,1.258580
9.266667,2.003682,1.994467,2.032485,2.035753,2.003338,1.961881,2.001084,1.989572,0.132062,0.086480,0.030188,0.063863,0.684683,0.102434,1.169357,1.545738,1.263645
9.283333,2.003724,1.994048,2.032889,2.036086,2.003491,1.960820,2.001067,1.990014,0.134298,0.086023,0.030224,0.063734,0.685652,0.102439,1.159339,1.557059,1.266724
9.300000,2.003780,1.993530,2.033749,2.036409,2.003580,1.960718,2.001006,1.990466,0.135554,0.085771,0.030224,0.063646,0.686058,0.102571,1.146520,1.570446,1.268744
9.316667,2.003838,1.992983,2.034763,2.036205,2.003638,1.961045,2.000943,1.990905,0.136226,0.085631,0.030226,0.063586,0.686158,0.102762,1.131661,1.583771,1.263029
9.333333,2.003980,1.991451,2.034152,2.034559,2.003623,1.961375,2.000887,1.991176,0.136428,0.085539,0.030759,0.063529,0.686406,0.105554,1.107531,1.576616,1.233105
9.350000,2.004097,1.990113,2.033252,2.032801,2.003588,1.961151,2.000850,1.991118,0.136474,0.085710,0.031366,0.063659,0.686549,0.108163,1.089698,1.560338,1.199959
9.366667,2.004112,1.988754,2.032654,2.031798,2.003553,1.960595,2.000838,1.990927,0.136272,0.085805,0.031788,0.063907,0.666689,0.109262,1.074965,1.550594,1.187083
9.383333,2.004102,1.987738,2.032412,2.031493,2.003520,1.960328,2.000805,1.990751,0.135445,0.085943,0.032146,0.064102,0.649522,0.109816,1.066790,1.544326,1.193649
9.400000,2.004134,1.987176,2.032375,2.031276,2.003615,1.960836,2.000788,1.990689,0.135016,0.085987,0.032296,0.064158,0.640640,0.111042,1.067090,1.542485,1.196557
9.416667,2.004070,1.986868,2.032172,2.031141,2.003619,1.961599,2.000786,1.990657,0.134711,0.085917,0.032286,0.064123,0.635996,0.111577,1.078120,1.540923,1.197964
9.433333,2.003941,1.986853,2.031876,2.031026,2.003547,1.961288,2.000825,1.989695,0.134402,0.085874,0.032235,0.064146,0.633662,0.111497,1.086987,1.538631,1.198518
9.450000,2.003883,1.986857,2.031622,2.031166,2.003518,1.961677,2.000855,1.989190,0.134477,0.085858,0.031987,0.064164,0.632442,0.111332,1.098508,1.546100,1.195414
9.466667,2.003864,1.986863,2.031643,2.031378,2.003510,1.962216,2.000872,1.989389,0.134751,0.085865,0.031760,0.064179,0.631740,0.111216,1.104102,1.558966,1.190530
9.483333,2.003836,1.987795,2.031693,2.031451,2.003508,1.962892,2.000889,1.989836,0.134928,0.085864,0.031683,0.064186,0.631349,0.111058,1.103736,1.560146,1.187415
9.500000,2.003805,1.988892,2.031695,2.031458,2.003508,1.963566,2.000911,1.990219,0.135032,0.085853,0.031696,0.064194,0.631185,0.110889,1.101316,1.556060,1.185680
9.516667,2.003775,1.990623,2.031475,2.031985,2.003470,1.964148,2.000948,1.990057,0.134094,0.085959,0.031771,0.064232,0.631255,0.110831,1.098214,1.543315,1.198471
9.533333,2.003713,1.992217,2.031674,2.032476,2.003391,1.964119,2.000989,1.989892,0.132641,0.086296,0.031184,0.064260,0.639999,0.108685,1.123433,1.541143,1.209092
9.550000,2.003715,1.993480,2.032044,2.033349,2.003258,1.963693,2.001011,1.989735,0.129821,0.087029,0.030477,0.064417,0.646153,0.106002,1.149140,1.543903,1.231411
9.566667,2.003743,1.994097,2.032204,2.033910,2.003222,1.963456,2.001024,1.989656,0.129071,0.087272,0.030205,0.064607,0.649594,0.104726,1.156418,1.544896,1.244692
9.583333,2.003755,1.994459,2.032270,2.034242,2.003276,1.962822,2.001040,1.989617,0.130245,0.087050,0.030195,0.064623,0.651453,0.104089,1.160295,1.545178,1.251482
9.600000,2.003726,1.994673,2.032307,2.034450,2.003389,1.961649,2.001062,1.989099,0.131961,0.086747,0.030266,0.064573,0.652744,0.103734,1.162435,1.545293,1.255125
9.616667,2.003751,1.994445,2.032543,2.034752,2.003481,1.960720,2.001032,1.989211,0.133040,0.086586,0.030285,0.064536,0.653225,0.103692,1.155535,1.551756,1.257543
9.633333,2.003805,1.993748,2.033526,2.034999,2.003543,1.960224,2.000976,1.989529,0.133649,0.086499,0.030254,0.064513,0.653350,0.103866,1.136906,1.568605,1.259047
9.650000,2.003869,1.993101,2.034200,2.035224,2.003595,1.960502,2.000915,1.989991,0.134001,0.086441,0.030351,0.064481,0.653250,0.104095,1.118028,1.577242,1.260065
9.666667,2.004013,1.991732,2.033477,2.035430,2.003637,1.960946,2.000856,1.990579,0.134199,0.086370,0.030892,0.064432,0.653182,0.106728,1.097379,1.565458,1.260817
9.683333,2.004102,1.990452,2.032796,2.034063,2.003635,1.960986,2.000809,1.990957,0.134161,0.086342,0.031402,0.064386,0.653028,0.107978,1.082672,1.553301,1.235900
9.700000,2.004100,1.989076,2.032417,2.032545,2.003599,1.960506,2.000766,1.990902,0.133967,0.086381,0.031737,0.064445,0.643489,0.108165,1.073667,1.548271,1.208741
9.716667,2.004083,1.988176,2.032244,2.031941,2.003551,1.960349,2.000727,1.990662,0.133114,0.086462,0.031997,0.064524,0.632580,0.108569,1.070887,1.543141,1.205065
9.733333,2.004094,1.987719,2.032165,2.031568,2.003525,1.961193,2.000708,1.990562,0.132479,0.086421,0.032161,0.064467,0.627056,0.109406,1.069252,1.540191,1.202661
9.750000,2.004041,1.987401,2.032143,2.031352,2.003492,1.961762,2.000706,1.990523,0.132127,0.086334,0.032077,0.064383,0.624208,0.110069,1.077925,1.541462,1.201142
9.766667,2.003942,1.987213,2.031824,2.031136,2.003406,1.961389,2.000738,1.989904,0.131786,0.086289,0.032030,0.064372,0.622746,0.110347,1.081852,1.538633,1.199912
9.783333,2.003857,1.987290,2.031666,2.031189,2.003365,1.961739,2.000769,1.989520,0.131871,0.086269,0.031781,0.064383,0.622022,0.110034,1.091177,1.548254,1.195900
9.800000,2.003830,1.987339,2.031910,2.031297,2.003348,1.962260,2.000785,1.989680,0.132138,0.086275,0.031527,0.064393,0.621598,0.109854,1.095768,1.564553,1.190424
9.816667,2.003802,1.988281,2.032083,2.031307,2.003341,1.962923,2.000800,1.990101,0.132313,0.086274,0.031428,0.064397,0.621347,0.109674,1.095488,1.567748,1.186899
9.833333,2.003768,1.989382,2.032154,2.031281,2.003339,1.963583,2.000816,1.990583,0.132419,0.086264,0.031431,0.064404,0.621234,0.109481,1.093110,1.564834,1.184961
9.850000,2.003725,1.991182,2.031965,2.031586,2.003337,1.964140,2.000859,1.990541,0.132473,0.086168,0.031418,0.064362,0.624870,0.108991,1.093514,1.552873,1.191946
9.866667,2.003646,1.992756,2.032200,2.032027,2.003276,1.964080,2.000914,1.990519,0.131361,0.086425,0.030907,0.064334,0.640643,0.106116,1.118413,1.551674,1.201398
9.883333,2.003596,1.994009,2.032553,2.032824,2.003164,1.963616,2.000954,1.990523,0.129177,0.086958,0.030235,0.064389,0.655697,0.103049,1.148147,1.554007,1.217869
9.900000,2.003601,1.994652,2.032692,2.033352,2.003153,1.963359,2.000974,1.990531,0.129225,0.086969,0.030006,0.064358,0.663727,0.101592,1.159606,1.554899,1.227859
9.916667,2.003601,1.995027,2.032769,2.033657,2.003206,1.962720,2.000994,1.990534,0.130511,0.086705,0.029994,0.064275,0.667912,0.100849,1.165760,1.555540,1.232928
9.933333,2.003546,1.995254,2.032813,2.033898,2.003314,1.961510,2.001021,1.990000,0.132392,0.086357,0.030073,0.064167,0.670531,0.100396,1.169154,1.555840,1.235772
9.950000,2.003565,1.995033,2.033060,2.034216,2.003411,1.960556,2.000993,1.990084,0.133721,0.086138,0.030107,0.064091,0.671736,0.100320,1.163009,1.562307,1.237770
9.966667,2.003613,1.994367,2.033840,2.034464,2.003480,1.960378,2.000932,1.990383,0.134472,0.086014,0.030084,0.064037,0.672245,0.100462,1.145817,1.577838,1.239033
9.983333,2.003675,1.993582,2.034809,2.034678,2.003533,1.960768,2.000867,1.990837,0.134897,0.086000,0.030075,0.064052,0.672341,0.100673,1.129034,1.592025,1.239914
10.000000,2.003828,1.992073,2.034485,2.034878,2.003575,1.961279,2.000802,1.991439,0.135134,0.085963,0.030414,0.064039,0.672381,0.103350,1.110268,1.591270,1.240599
10.016667,2.003966,1.990830,2.033660,2.034138,2.003593,1.961231,2.000753,1.991851,0.135258,0.086102,0.030960,0.064097,0.672229,0.105807,1.094755,1.575441,1.225481
10.033333,2.004009,1.989619,2.033028,2.032713,2.003562,1.960756,2.000711,1.991824,0.135393,0.086018,0.031383,0.063664,0.664361,0.106779,1.081930,1.563680,1.198598
10.050000,2.004007,1.988719,2.032801,2.031823,2.003530,1.960152,2.000665,1.991497,0.135877,0.085550,0.031671,0.062346,0.653542,0.107423,1.071598,1.557157,1.184969
10.066667,2.004034,1.988257,2.032615,2.031283,2.003528,1.959837,2.000641,1.991361,0.136162,0.085314,0.031866,0.061648,0.648125,0.108690,1.065965,1.552424,1.176686
10.083333,2.003992,1.987904,2.032356,2.030984,2.003532,1.959498,2.000629,1.991299,0.136327,0.085204,0.031734,0.061288,0.645348,0.109645,1.074078,1.550170,1.172004
10.100000,2.003891,1.987773,2.032050,2.030754,2.003473,1.958564,2.000658,1.990685,0.136309,0.085144,0.031664,0.061129,0.643952,0.110070,1.075738,1.547513,1.169213
10.116667,2.003807,1.987829,2.031817,2.030544,2.003433,1.958632,2.000681,1.990097,0.136269,0.085081,0.031495,0.061062,0.643330,0.109892,1.085884,1.546703,1.167379
10.133333,2.003781,1.987850,2.031844,2.030520,2.003421,1.959087,2.000696,1.990207,0.136595,0.085088,0.031236,0.061028,0.642931,0.109784,1.092331,1.558061,1.159901
10.150000,2.003773,1.988693,2.031923,2.030477,2.003417,1.959736,2.000710,1.990609,0.136819,0.085090,0.031112,0.061007,0.642683,0.109688,1.094775,1.559456,1.155206
10.166667,2.003744,1.989754,2.031952,2.030404,2.003453,1.960410,2.000727,1.990969,0.137396,0.085151,0.031262,0.061008,0.642588,0.109523,1.093300,1.555721,1.152563
10.183333,2.003706,1.991438,2.031753,2.030830,2.003463,1.960980,2.000768,1.990858,0.137065,0.085350,0.031561,0.061015,0.646308,0.109057,1.090657,1.543394,1.164641
10.200000,2.003623,1.992487,2.031889,2.031784,2.003436,1.960705,2.000834,1.990822,0.136128,0.085620,0.031268,0.061601,0.663201,0.106084,1.111183,1.539646,1.188450
10.216667,2.003571,1.993636,2.032275,2.033084,2.003344,1.960232,2.000885,1.990824,0.133679,0.086188,0.030718,0.062250,0.679173,0.103038,1.138582,1.542881,1.217670
10.233333,2.003579,1.994199,2.032457,2.033897,2.003310,1.959971,2.000914,1.990823,0.132723,0.086420,0.030491,0.062571,0.687676,0.101594,1.148777,1.544318,1.234892
10.250000,2.003582,1.994539,2.032506,2.034372,2.003375,1.959636,2.000933,1.990826,0.134234,0.086091,0.030527,0.062637,0.692160,0.100871,1.154212,1.544411,1.243787
10.266667,2.003534,1.994738,2.032536,2.034695,2.003479,1.958368,2.000955,1.990621,0.135902,0.085805,0.030607,0.062630,0.694744,0.100423,1.157179,1.544453,1.248581
10.283333,2.003562,1.994488,2.032773,2.035062,2.003565,1.957618,2.000941,1.990912,0.136881,0.085664,0.030625,0.062614,0.695885,0.100354,1.150651,1.550883,1.251639
10.300000,2.003618,1.993764,2.033764,2.035338,2.003627,1.957736,2.000875,1.991285,0.137433,0.085576,0.030595,0.062591,0.696385,0.100516,1.132262,1.567687,1.253478
10.316667,2.003682,1.993012,2.034066,2.035572,2.003679,1.958210,2.000805,1.991776,0.137754,0.085521,0.030826,0.062564,0.696464,0.100758,1.110670,1.569930,1.254670
10.333333,2.003868,1.991695,2.033393,2.035779,2.003717,1.958800,2.000749,1.992397,0.137967,0.085653,0.031302,0.062750,0.693827,0.104149,1.093047,1.556618,1.255529
10.350000,2.004012,1.990360,2.032875,2.035549,2.003742,1.960348,2.000722,1.992489,0.138067,0.085900,0.031734,0.063139,0.686217,0.107165,1.078102,1.547847,1.249323
10.366667,2.004020,1.989027,2.032521,2.033962,2.003720,1.960585,2.000704,1.992205,0.137990,0.086130,0.032234,0.063501,0.664385,0.108519,1.063893,1.542997,1.218612
10.383333,2.004002,1.988032,2.032514,2.032891,2.003665,1.960749,2.000678,1.991759,0.137307,0.086306,0.032324,0.063729,0.649189,0.109121,1.054441,1.542325,1.199806
10.400000,2.004006,1.987588,2.032595,2.032267,2.003646,1.960984,2.000664,1.991544,0.136786,0.086443,0.032334,0.063878,0.641464,0.109705,1.055267,1.543424,1.189079
10.416667,2.003983,1.987288,2.032187,2.031918,2.003579,1.962415,2.000673,1.991439,0.136430,0.086345,0.032417,0.063835,0.637371,0.110044,1.074776,1.539502,1.183157
10.433333,2.003877,1.987134,2.031882,2.031701,2.003494,1.962772,2.000706,1.990929,0.136166,0.086272,0.032542,0.063814,0.635176,0.110102,1.076337,1.537378,1.179844
10.450000,2.003845,1.987110,2.031655,2.031461,2.003436,1.963582,2.000740,1.990413,0.135982,0.086201,0.032469,0.063813,0.634083,0.109965,1.087473,1.536518,1.177600
10.466667,2.003819,1.987348,2.031591,2.031371,2.003414,1.964348,2.000756,1.990530,0.136199,0.086197,0.032315,0.063818,0.633471,0.109801,1.091670,1.544211,1.170612
10.483333,2.003792,1.988262,2.031642,2.031286,2.003405,1.965131,2.000773,1.990849,0.136359,0.086192,0.032267,0.063820,0.633147,0.109612,1.091389,1.544086,1.166233
10.500000,2.003767,1.989320,2.031656,2.031221,2.003404,1.965846,2.000800,1.990829,0.136465,0.086179,0.032293,0.063827,0.633082,0.109465,1.089100,1.539605,1.163860
10.516667,2.003730,1.991097,2.031444,2.031310,2.003393,1.966427,2.000840,1.990560,0.136348,0.086170,0.032294,0.063813,0.636725,0.108988,1.089562,1.526615,1.166478
10.533333,2.003649,1.992631,2.031522,2.032018,2.003300,1.966429,2.000864,1.990404,0.134399,0.086535,0.031845,0.063884,0.639452,0.105843,1.112150,1.520969,1.182345
10.550000,2.003612,1.993819,2.031875,2.033120,2.003158,1.966074,2.000894,1.990177,0.131328,0.087216,0.031160,0.064028,0.646905,0.102954,1.139658,1.523376,1.206761
10.566667,2.003631,1.994429,2.032070,2.033745,2.003101,1.965881,2.000910,1.990080,0.130154,0.087503,0.030882,0.064081,0.651365,0.101599,1.150191,1.524759,1.219659
10.583333,2.003638,1.994808,2.032167,2.034122,2.003159,1.965301,2.000929,1.990029,0.131571,0.087188,0.030906,0.063994,0.653759,0.100917,1.155900,1.525287,1.226262
10.600000,2.003607,1.995032,2.032222,2.034399,2.003262,1.964183,2.000962,1.989319,0.133322,0.086849,0.030993,0.063894,0.655458,0.100545,1.159020,1.525550,1.229981
10.616667,2.003632,1.994569,2.032639,2.034728,2.003346,1.963303,2.000938,1.989401,0.134414,0.086666,0.030988,0.063832,0.656127,0.100538,1.147596,1.537285,1.232475
10.633333,2.003681,1.993908,2.033599,2.034976,2.003405,1.962601,2.000885,1.989725,0.135032,0.086574,0.030960,0.063799,0.656342,0.100689,1.130659,1.553571,1.234014
10.650000,2.003745,1.993085,2.034168,2.035193,2.003455,1.962669,2.000829,1.990192,0.135390,0.086517,0.031077,0.063765,0.656289,0.100914,1.112137,1.561625,1.235059
10.666667,2.003876,1.991478,2.033669,2.034964,2.003490,1.962837,2.000773,1.990741,0.135581,0.086573,0.031625,0.063819,0.656185,0.103060,1.088201,1.554677,1.228763
10.683333,2.003972,1.990165,2.032821,2.033422,2.003471,1.962580,2.000757,1.990882,0.135563,0.086780,0.032209,0.064084,0.647680,0.105191,1.075861,1.537259,1.198081
10.700000,2.003957,1.988671,2.032396,2.032411,2.003431,1.962032,2.000732,1.990623,0.135307,0.086953,0.032607,0.064390,0.626786,0.106097,1.067238,1.530885,1.181526
10.716667,2.003939,1.987558,2.032205,2.032175,2.003406,1.961419,2.000704,1.990203,0.134953,0.087025,0.032873,0.064560,0.613713,0.106837,1.060410,1.525998,1.185957
10.733333,2.003957,1.987023,2.032176,2.031954,2.003510,1.961100,2.000690,1.990028,0.134964,0.087072,0.032929,0.064648,0.607132,0.108061,1.062542,1.524759,1.186963
10.750000,2.003890,1.986749,2.031990,2.031812,2.003545,1.962108,2.000685,1.989941,0.134950,0.086928,0.032779,0.064546,0.603662,0.108549,1.074699,1.523666,1.187236
10.766667,2.003733,1.986817,2.031707,2.031674,2.003488,1.961693,2.000713,1.989332,0.134796,0.086869,0.032782,0.064557,0.601896,0.108156,1.079501,1.521483,1.187126
10.783333,2.003679,1.986824,2.031422,2.031573,2.003448,1.961958,2.000741,1.988673,0.134770,0.086820,0.032642,0.064575,0.601045,0.107949,1.088800,1.521854,1.185555
10.800000,2.003658,1.986815,2.031463,2.031688,2.003436,1.962493,2.000759,1.988753,0.135147,0.086835,0.032349,0.064587,0.600539,0.107801,1.093104,1.537456,1.178912
10.816667,2.003636,1.987715,2.031564,2.031695,2.003432,1.963151,2.000775,1.989134,0.135378,0.086840,0.032231,0.064592,0.600255,0.107630,1.092841,1.539975,1.174923
10.833333,2.003607,1.988937,2.031526,2.031665,2.003431,1.963801,2.000791,1.989596,0.135513,0.086834,0.032232,0.064598,0.600128,0.107442,1.090508,1.534635,1.172740
10.850000,2.003572,1.990763,2.031324,2.031800,2.003410,1.964027,2.000820,1.989495,0.135397,0.086840,0.032206,0.064625,0.600232,0.107366,1.091701,1.522282,1.175526
10.866667,2.003496,1.992568,2.031530,2.032440,2.003303,1.963773,2.000857,1.989419,0.133383,0.087264,0.031519,0.064691,0.608326,0.104750,1.124523,1.520801,1.190156
10.883333,2.003492,1.993847,2.031908,2.033522,2.003155,1.963292,2.000892,1.989278,0.130302,0.087984,0.030793,0.064825,0.618968,0.101974,1.151687,1.524495,1.214302
10.900000,2.003515,1.994490,2.032100,2.034163,2.003095,1.963028,2.000911,1.989227,0.129128,0.088291,0.030522,0.064875,0.625034,0.100639,1.159831,1.526716,1.227093
10.916667,2.003524,1.994881,2.032129,2.034548,2.003149,1.962383,2.000932,1.989202,0.130395,0.088010,0.030554,0.064791,0.628195,0.099968,1.164223,1.526538,1.233642
10.933333,2.003492,1.995106,2.032122,2.034827,2.003243,1.961157,2.000967,1.988477,0.131846,0.087735,0.030633,0.064704,0.630281,0.099598,1.166630,1.525973,1.237322
10.950000,2.003514,1.994633,2.032498,2.035139,2.003325,1.960195,2.000941,1.988537,0.132707,0.087602,0.030620,0.064653,0.631173,0.099585,1.154700,1.537223,1.239739
10.966667,2.003562,1.993903,2.033279,2.035392,2.003386,1.960024,2.000882,1.988846,0.133197,0.087524,0.030578,0.064612,0.631520,0.099744,1.136191,1.554076,1.241262
10.983333,2.003622,1.993280,2.034332,2.035610,2.003437,1.960426,2.000818,1.989307,0.133484,0.087470,0.030561,0.064575,0.631549,0.099947,1.119243,1.568680,1.242298
11.000000,2.003772,1.991802,2.033655,2.034864,2.003456,1.960941,2.000756,1.989907,0.133575,0.087511,0.031124,0.064611,0.631542,0.102830,1.096953,1.558729,1.227321
11.016667,2.003872,1.990456,2.032891,2.033187,2.003425,1.961015,2.000708,1.990060,0.133500,0.087694,0.031683,0.064751,0.631525,0.104787,1.080648,1.544404,1.194370
11.033333,2.003893,1.989113,2.032384,2.032142,2.003386,1.960560,2.000671,1.989848,0.133211,0.087801,0.032079,0.064898,0.623934,0.105771,1.065727,1.535628,1.178039
11.050000,2.003872,1.988202,2.032170,2.031942,2.003370,1.960110,2.000632,1.989473,0.132726,0.087869,0.032347,0.065038,0.613725,0.106223,1.058921,1.529262,1.184046
11.066667,2.003899,1.987704,2.032124,2.031759,2.003392,1.960031,2.000610,1.989317,0.132348,0.087937,0.032432,0.065111,0.608670,0.107611,1.059893,1.527227,1.186335
11.083333,2.003858,1.987384,2.031894,2.031644,2.003395,1.961594,2.000600,1.989241,0.132147,0.087822,0.032494,0.065004,0.606077,0.108629,1.070776,1.525020,1.187341
11.100000,2.003737,1.987363,2.031578,2.031524,2.003323,1.961665,2.000631,1.988615,0.131895,0.087747,0.032509,0.064983,0.604794,0.108715,1.078148,1.522236,1.187654
11.116667,2.003647,1.987467,2.031370,2.031479,2.003279,1.962104,2.000657,1.988005,0.131852,0.087699,0.032339,0.064992,0.604222,0.108414,1.089399,1.526139,1.185868
11.133333,2.003615,1.987518,2.031605,2.031615,2.003265,1.962723,2.000673,1.988117,0.132206,0.087714,0.032034,0.064997,0.603857,0.108236,1.095463,1.545955,1.178813
11.150000,2.003588,1.988474,2.031702,2.031632,2.003258,1.963422,2.000687,1.988518,0.132410,0.087716,0.031918,0.065000,0.603646,0.108049,1.096547,1.549488,1.174834
11.166667,2.003554,1.989599,2.031729,2.031610,2.003254,1.964087,2.000701,1.988992,0.132529,0.087709,0.031910,0.065007,0.603561,0.107855,1.095224,1.546647,1.172654
11.183333,2.003501,1.991364,2.031527,2.031742,2.003229,1.964325,2.000746,1.989011,0.132404,0.087714,0.031916,0.064966,0.612273,0.106627,1.095499,1.534695,1.175413
11.200000,2.003431,1.992967,2.031713,2.032366,2.003120,1.964086,2.000804,1.988913,0.130470,0.088135,0.031383,0.064999,0.626982,0.104003,1.121544,1.532728,1.190082
11.216667,2.003421,1.994232,2.032007,2.033417,2.002975,1.963603,2.000851,1.988852,0.127589,0.088844,0.030729,0.065102,0.642924,0.101004,1.147569,1.534695,1.214318
11.233333,2.003439,1.994884,2.032172,2.034055,2.002938,1.963332,2.000875,1.988822,0.127032,0.088998,0.030527,0.065105,0.651444,0.099581,1.155747,1.535880,1.227337
11.250000,2.003446,1.995271,2.032265,2.034433,2.002982,1.963021,2.000891,1.988811,0.128215,0.088699,0.030554,0.065016,0.655875,0.098872,1.160134,1.536579,1.234009
11.266667,2.003413,1.995498,2.032252,2.034670,2.003086,1.961810,2.000925,1.988283,0.129771,0.088379,0.030658,0.064914,0.658581,0.098475,1.162542,1.535678,1.237640
11.283333,2.003434,1.995014,2.032631,2.034985,2.003173,1.960824,2.000897,1.988409,0.130752,0.088207,0.030662,0.064852,0.659818,0.098452,1.150524,1.546728,1.240088
11.300000,2.003479,1.994321,2.033575,2.035246,2.003235,1.960915,2.000831,1.988742,0.131307,0.088100,0.030638,0.064799,0.660344,0.098591,1.133047,1.562720,1.241645
11.316667,2.003537,1.993635,2.034263,2.035470,2.003285,1.961323,2.000760,1.989228,0.131631,0.088035,0.030735,0.064758,0.660450,0.098803,1.114110,1.571561,1.242696
11.333333,2.003644,1.992230,2.033568,2.035669,2.003326,1.961483,2.000697,1.989795,0.131822,0.087983,0.031265,0.064714,0.660432,0.100466,1.093403,1.559734,1.243473
11.350000,2.003726,1.990888,2.032934,2.034281,2.003326,1.961159,2.000651,1.990207,0.131797,0.087972,0.031780,0.064671,0.660307,0.101630,1.077896,1.548509,1.217267
11.366667,2.003752,1.989434,2.032595,2.033194,2.003295,1.960547,2.000613,1.990025,0.131528,0.087997,0.032129,0.064725,0.652655,0.102616,1.067318,1.544423,1.200097
11.383333,2.003730,1.988422,2.032483,2.032947,2.003278,1.959806,2.000577,1.989651,0.131162,0.088002,0.032346,0.064803,0.642569,0.102832,1.061575,1.540791,1.204801
11.400000,2.003741,1.987906,2.032358,2.032714,2.003317,1.959403,2.000559,1.989483,0.131058,0.088011,0.032448,0.064838,0.637570,0.103703,1.058438,1.538838,1.206046
11.416667,2.003668,1.987636,2.032540,2.032571,2.003331,1.960537,2.000551,1.989398,0.131011,0.087870,0.032443,0.064712,0.635003,0.104422,1.060663,1.544437,1.206514
11.433333,2.003570,1.987533,2.032294,2.032429,2.003267,1.960209,2.000582,1.988744,0.130847,0.087796,0.032413,0.064687,0.633709,0.104638,1.066806,1.543612,1.206527
11.450000,2.003488,1.987661,2.032010,2.032320,2.003225,1.960657,2.000620,1.987802,0.130807,0.087737,0.032251,0.064690,0.633202,0.104365,1.079446,1.544843,1.204962
11.466667,2.003462,1.987954,2.031942,2.032431,2.003210,1.961233,2.000636,1.987802,0.131162,0.087747,0.031949,0.064695,0.632862,0.104199,1.086494,1.557566,1.198204
11.483333,2.003454,1.988899,2.031949,2.032434,2.003202,1.961929,2.000650,1.988147,0.131364,0.087746,0.031817,0.064696,0.632650,0.104074,1.089542,1.557959,1.194431
11.500000,2.003422,1.989824,2.031938,2.032402,2.003198,1.962610,2.000661,1.988608,0.131480,0.087736,0.031798,0.064701,0.632554,0.103904,1.089729,1.553876,1.192351
11.516667,2.003383,1.991361,2.031776,2.032541,2.003192,1.962961,2.000695,1.988556,0.131793,0.087609,0.031765,0.064663,0.636215,0.103450,1.091758,1.543351,1.194707
11.533333,2.003321,1.992403,2.031867,2.033169,2.003092,1.962715,2.000732,1.988419,0.130099,0.087958,0.031306,0.064729,0.641106,0.101175,1.116302,1.538720,1.209457
11.550000,2.003320,1.993488,2.032226,2.034232,2.002955,1.962259,2.000763,1.988220,0.127386,0.088625,0.030619,0.064883,0.646406,0.098708,1.145728,1.541713,1.232730
11.566667,2.003346,1.994041,2.032434,2.034879,2.002921,1.962001,2.000779,1.988145,0.126878,0.088766,0.030386,0.064910,0.649735,0.097547,1.157121,1.543546,1.245152
11.583333,2.003356,1.994374,2.032541,2.035259,2.002966,1.961683,2.000791,1.988117,0.128058,0.088471,0.030397,0.064836,0.651564,0.096959,1.163232,1.544389,1.251466
11.600000,2.003354,1.994576,2.032601,2.035497,2.003070,1.960431,2.000816,1.987932,0.129636,0.088147,0.030476,0.064744,0.652602,0.096667,1.166599,1.544817,1.254876
11.616667,2.003390,1.994081,2.033027,2.035823,2.003156,1.959419,2.000783,1.988326,0.130631,0.087972,0.030467,0.064687,0.652896,0.096695,1.155153,1.556353,1.257216
11.633333,2.003444,1.993341,2.033853,2.036097,2.003218,1.959518,2.000718,1.988800,0.131195,0.087864,0.030427,0.064636,0.652918,0.096872,1.137083,1.572993,1.258722
11.650000,2.003503,1.992707,2.034952,2.036331,2.003267,1.959960,2.000650,1.989299,0.131521,0.087797,0.030411,0.064596,0.652795,0.097082,1.120331,1.587392,1.259754
11.666667,2.003595,1.991179,2.034292,2.036100,2.003301,1.960385,2.000592,1.989474,0.131675,0.087741,0.030979,0.064548,0.652923,0.098743,1.098208,1.575840,1.253637
11.683333,2.003634,1.989851,2.033496,2.034488,2.003285,1.960187,2.000590,1.989116,0.131615,0.087751,0.031593,0.064682,0.641922,0.099920,1.083208,1.558960,1.223659
11.700000,2.003590,1.988480,2.033011,2.032953,2.003254,1.959648,2.000578,1.988687,0.131448,0.087759,0.032091,0.064832,0.620197,0.100096,1.068115,1.550083,1.195686
11.716667,2.003528,1.987441,2.032849,2.032338,2.003245,1.958996,2.000556,1.988166,0.131201,0.087706,0.032442,0.064849,0.605470,0.099532,1.057749,1.544760,1.190325
11.733333,2.003548,1.986911,2.032742,2.031954,2.003283,1.958649,2.000545,1.987959,0.131149,0.087675,0.032668,0.064841,0.597987,0.100842,1.051963,1.540953,1.186859
11.750000,2.003537,1.986523,2.032369,2.031732,2.003298,1.959347,2.000541,1.987847,0.131134,0.087536,0.032609,0.064710,0.594017,0.101896,1.059947,1.536905,1.184719
11.766667,2.003431,1.986468,2.032049,2.031549,2.003235,1.958661,2.000563,1.987594,0.130989,0.087467,0.032513,0.064688,0.591942,0.101942,1.066909,1.534732,1.183289
11.783333,2.003383,1.986520,2.031733,2.031429,2.003190,1.958850,2.000586,1.987278,0.130968,0.087412,0.032308,0.064694,0.590920,0.101743,1.079607,1.535580,1.180985
11.800000,2.003362,1.986543,2.031487,2.031500,2.003171,1.959368,2.000599,1.987516,0.131281,0.087417,0.032073,0.064699,0.590330,0.101599,1.085532,1.544192,1.174814
11.816667,2.003339,1.987466,2.031448,2.031496,2.003162,1.960049,2.000613,1.987833,0.131482,0.087417,0.031987,0.064701,0.590034,0.101430,1.086397,1.543526,1.170963
11.833333,2.003314,1.988582,2.031404,2.031463,2.003155,1.960728,2.000639,1.987733,0.131598,0.087408,0.031996,0.064708,0.590002,0.101307,1.085079,1.538502,1.168850
11.850000,2.003269,1.990368,2.031160,2.031602,2.003154,1.961175,2.000688,1.987487,0.131921,0.087279,0.032012,0.064626,0.598518,0.100193,1.085566,1.525280,1.171286
11.866667,2.003201,1.991539,2.031239,2.032203,2.003054,1.960909,2.000734,1.987257,0.130242,0.087627,0.031566,0.064664,0.607626,0.097577,1.109886,1.520399,1.186081
11.883333,2.003189,1.992673,2.031586,2.033240,2.002920,1.960464,2.000777,1.986961,0.127511,0.088301,0.030908,0.064783,0.618341,0.094976,1.138134,1.523355,1.209960
11.900000,2.003205,1.993251,2.031784,2.033868,2.002889,1.960217,2.000799,1.986814,0.127006,0.088447,0.030694,0.064792,0.624429,0.093748,1.148467,1.525143,1.222607
11.916667,2.003210,1.993596,2.031883,2.034240,2.002935,1.959892,2.000815,1.986743,0.128189,0.088154,0.030715,0.064710,0.627618,0.093130,1.154011,1.525927,1.229094
11.933333,2.003206,1.993807,2.031941,2.034521,2.003035,1.958624,2.000840,1.986524,0.129876,0.087799,0.030810,0.064608,0.629374,0.092823,1.157069,1.526324,1.232768
11.950000,2.003237,1.993320,2.032355,2.034856,2.003127,1.957652,2.000825,1.986990,0.131081,0.087571,0.030818,0.064535,0.630015,0.092839,1.145554,1.538103,1.235220
11.966667,2.003285,1.992628,2.033301,2.035114,2.003193,1.957648,2.000763,1.987431,0.131763,0.087496,0.030790,0.064530,0.630280,0.093005,1.128492,1.554412,1.236736
11.983333,2.003335,1.991983,2.034352,2.035335,2.003245,1.958055,2.000700,1.987787,0.132154,0.087480,0.030772,0.064548,0.630368,0.093213,1.111424,1.569290,1.237763
12.000000,2.003442,1.990387,2.034241,2.035102,2.003281,1.958603,2.000644,1.987939,0.132384,0.087532,0.031125,0.064573,0.630553,0.095274,1.090406,1.570449,1.231425
12.016667,2.003537,1.988972,2.033618,2.033533,2.003267,1.959034,2.000593,1.987772,0.132422,0.087678,0.031688,0.064623,0.630745,0.097360,1.072586,1.557243,1.200747
12.033333,2.003554,1.987578,2.033160,2.032484,2.003237,1.958540,2.000560,1.987376,0.132196,0.087740,0.032167,0.064671,0.623330,0.098337,1.056938,1.549385,1.184435
12.050000,2.003561,1.986536,2.033026,2.032278,2.003231,1.957933,2.000529,1.986924,0.131888,0.087698,0.032550,0.064633,0.613380,0.099245,1.045844,1.546111,1.190678
12.066667,2.003595,1.986005,2.032706,2.032085,2.003267,1.958423,2.000519,1.986720,0.131818,0.087585,0.032883,0.064510,0.608469,0.100636,1.039764,1.539262,1.193006
12.083333,2.003533,1.985676,2.032293,2.031965,2.003281,1.959224,2.000515,1.986606,0.131783,0.087469,0.032971,0.064387,0.605941,0.101589,1.042437,1.534509,1.194054
12.100000,2.003403,1.985690,2.031896,2.031839,2.003221,1.958593,2.000537,1.986349,0.131628,0.087411,0.032859,0.064374,0.604662,0.101432,1.054161,1.531400,1.194370
12.116667,2.003329,1.985753,2.031628,2.031686,2.003177,1.958925,2.000570,1.985967,0.131511,0.087347,0.032742,0.064377,0.604031,0.101210,1.063550,1.530092,1.194188
12.133333,2.003307,1.985776,2.031644,2.031822,2.003161,1.959465,2.000583,1.986146,0.131888,0.087363,0.032420,0.064382,0.603661,0.101085,1.069095,1.547743,1.186850
12.150000,2.003300,1.986366,2.031845,2.031852,2.003153,1.960165,2.000595,1.986593,0.132166,0.087375,0.032228,0.064384,0.603439,0.100971,1.072059,1.556543,1.181493
12.166667,2.003271,1.987613,2.031814,2.031834,2.003149,1.960858,2.000619,1.986604,0.132325,0.087374,0.032210,0.064390,0.603442,0.100854,1.071083,1.553223,1.178599
12.183333,2.003226,1.989412,2.031611,2.032138,2.003134,1.961433,2.000670,1.986408,0.132375,0.087277,0.032191,0.064311,0.612122,0.099768,1.072100,1.542284,1.185061
12.200000,2.003158,1.991572,2.031798,2.032704,2.003044,1.961360,2.000729,1.986177,0.130703,0.087675,0.031492,0.064327,0.627260,0.097226,1.103899,1.540862,1.197901
12.216667,2.003136,1.993128,2.032070,2.033743,2.002906,1.960887,2.000778,1.986083,0.127907,0.088377,0.030743,0.064417,0.644048,0.094322,1.136384,1.542422,1.221633
12.233333,2.003136,1.993907,2.032229,2.034380,2.002879,1.960628,2.000805,1.986038,0.127415,0.088520,0.030470,0.064559,0.653037,0.092922,1.148336,1.543560,1.234346
12.250000,2.003133,1.994351,2.032323,2.034754,2.002917,1.960308,2.000825,1.986011,0.128396,0.088285,0.030439,0.064564,0.657719,0.092213,1.154696,1.544355,1.240859
12.266667,2.003106,1.994611,2.032377,2.035035,2.003010,1.959042,2.000842,1.986090,0.129875,0.087990,0.030494,0.064512,0.660171,0.091806,1.158178,1.544740,1.244523
12.283333,2.003132,1.994135,2.032794,2.035371,2.003089,1.958053,2.000828,1.986591,0.130812,0.087831,0.030469,0.064475,0.661252,0.091783,1.146954,1.556260,1.246964
12.300000,2.003175,1.993502,2.033707,2.035631,2.003150,1.958034,2.000765,1.987109,0.131349,0.087736,0.030433,0.064437,0.661715,0.091906,1.131625,1.570993,1.248479
12.316667,2.003259,1.992825,2.034793,2.035855,2.003198,1.958427,2.000696,1.987767,0.131659,0.087666,0.030434,0.064396,0.661837,0.092923,1.113907,1.586059,1.249506
12.333333,2.003385,1.991356,2.034032,2.035627,2.003231,1.958958,2.000628,1.988461,0.131801,0.087601,0.030986,0.064343,0.661841,0.095117,1.093464,1.573844,1.243338
12.350000,2.003456,1.990047,2.033217,2.034057,2.003217,1.959040,2.000575,1.988796,0.131728,0.087579,0.031571,0.064295,0.661775,0.096122,1.078510,1.557291,1.213195
12.366667,2.003445,1.988700,2.032693,2.032998,2.003185,1.958560,2.000565,1.988476,0.131430,0.087608,0.032059,0.064487,0.644937,0.096267,1.064188,1.548165,1.196858
12.383333,2.003414,1.987715,2.032494,2.032744,2.003166,1.957937,2.000535,1.988206,0.131040,0.087630,0.032397,0.064647,0.628575,0.096233,1.054231,1.542578,1.201949
12.400000,2.003438,1.987203,2.032385,2.032517,2.003193,1.958046,2.000521,1.988113,0.130923,0.087592,0.032592,0.064666,0.620286,0.097469,1.048735,1.539554,1.203552
12.416667,2.003405,1.986825,2.032037,2.032375,2.003201,1.958867,2.000515,1.988055,0.130879,0.087467,0.032511,0.064562,0.615953,0.098394,1.057220,1.536267,1.204172
12.433333,2.003313,1.986688,2.031725,2.032233,2.003137,1.958460,2.000551,1.987409,0.130715,0.087402,0.032418,0.064552,0.613702,0.098641,1.063016,1.534405,1.204267
12.450000,2.003267,1.986755,2.031415,2.032134,2.003093,1.958800,2.000589,1.986813,0.130671,0.087349,0.032213,0.064563,0.612588,0.098493,1.076238,1.535191,1.202898
12.466667,2.003246,1.986782,2.031424,2.032286,2.003075,1.959324,2.000604,1.986920,0.131029,0.087362,0.031891,0.064574,0.611957,0.098371,1.082201,1.550596,1.196613
12.483333,2.003206,1.987348,2.031538,2.032318,2.003064,1.960019,2.000617,1.987319,0.131245,0.087365,0.031766,0.064578,0.611608,0.098181,1.084046,1.553461,1.192844
12.500000,2.003180,1.988125,2.031580,2.032304,2.003056,1.960720,2.000629,1.987837,0.131370,0.087358,0.031717,0.064585,0.611439,0.098015,1.086888,1.550504,1.190790
12.516667,2.003154,1.989647,2.031456,2.032439,2.003053,1.961313,2.000660,1.987993,0.131701,0.087225,0.031650,0.064538,0.614991,0.097592,1.092252,1.540800,1.193130
12.533333,2.003082,1.991910,2.031458,2.033054,2.002964,1.961276,2.000707,1.987974,0.130091,0.087545,0.031161,0.064562,0.625129,0.094938,1.118132,1.533635,1.207796
12.550000,2.003067,1.993647,2.031718,2.034172,2.002831,1.960823,2.000751,1.987838,0.127381,0.088193,0.030511,0.064677,0.636635,0.092336,1.146532,1.533830,1.231515
12.566667,2.003078,1.994539,2.031874,2.034838,2.002808,1.960568,2.000773,1.987784,0.127148,0.088257,0.030328,0.064669,0.643117,0.091102,1.156466,1.534116,1.244153
12.583333,2.003080,1.995040,2.031952,2.035221,2.002846,1.960248,2.000789,1.987764,0.128219,0.087999,0.030340,0.064594,0.646589,0.090480,1.161738,1.534155,1.250559
12.600000,2.003031,1.995332,2.031997,2.035510,2.002942,1.958962,2.000825,1.987159,0.129863,0.087667,0.030426,0.064495,0.648799,0.090101,1.164644,1.534145,1.254099
12.616667,2.003053,1.994877,2.032409,2.035863,2.003026,1.957957,2.000819,1.987318,0.131034,0.087455,0.030426,0.064424,0.649731,0.090106,1.153016,1.545680,1.256495
12.633333,2.003096,1.994197,2.033356,2.036134,2.003088,1.957929,2.000758,1.987639,0.131695,0.087422,0.030390,0.064456,0.650129,0.090269,1.135897,1.561837,1.257981
12.650000,2.003150,1.993556,2.034408,2.036368,2.003137,1.958320,2.000691,1.988135,0.132072,0.087410,0.030368,0.064478,0.650168,0.090477,1.118814,1.576565,1.259001
12.666667,2.003292,1.992051,2.033879,2.036584,2.003177,1.958866,2.000623,1.988754,0.132364,0.087512,0.030850,0.064529,0.650100,0.092896,1.096662,1.566829,1.259770
12.683333,2.003452,1.990756,2.033194,2.035181,2.003178,1.959156,2.000565,1.989239,0.132492,0.087764,0.031366,0.064623,0.649910,0.095871,1.081584,1.551853,1.234317
12.700000,2.003484,1.989376,2.032762,2.033640,2.003153,1.958698,2.000521,1.989117,0.132398,0.087956,0.031797,0.064786,0.635890,0.097244,1.066196,1.544748,1.206531
12.716667,2.003476,1.988393,2.032616,2.032985,2.003133,1.958106,2.000479,1.988722,0.132141,0.088068,0.032078,0.064907,0.625150,0.097602,1.056089,1.540241,1.200258
12.733333,2.003517,1.987890,2.032422,2.032573,2.003151,1.958661,2.000457,1.988584,0.132088,0.088031,0.032291,0.064854,0.619751,0.099116,1.050432,1.535943,1.196223
12.750000,2.003493,1.987542,2.032161,2.032336,2.003154,1.959829,2.000448,1.988522,0.132068,0.087933,0.032302,0.064741,0.616879,0.100269,1.058278,1.534200,1.193786
12.766667,2.003389,1.987491,2.031814,2.032140,2.003089,1.959431,2.000481,1.987883,0.131921,0.087880,0.032262,0.064724,0.615435,0.100490,1.063992,1.531891,1.192197
12.783333,2.003346,1.987510,2.031571,2.031944,2.003044,1.959881,2.000521,1.987046,0.131803,0.087819,0.032146,0.064723,0.614787,0.100509,1.073125,1.531170,1.190983
12.800000,2.003331,1.987517,2.031375,2.031993,2.003023,1.960472,2.000537,1.987064,0.132122,0.087829,0.031892,0.064730,0.614395,0.100472,1.077651,1.542577,1.184103
12.816667,2.003304,1.988111,2.031628,2.031997,2.003014,1.961190,2.000550,1.987446,0.132407,0.087843,0.031726,0.064733,0.614175,0.100335,1.078124,1.550600,1.178508
12.833333,2.003269,1.989164,2.031703,2.031965,2.003008,1.961891,2.000559,1.987941,0.132571,0.087843,0.031698,0.064741,0.614088,0.100167,1.076886,1.548869,1.175500
12.850000,2.003214,1.991144,2.031522,2.032289,2.003000,1.962453,2.000598,1.988187,0.132650,0.087762,0.031529,0.064675,0.622479,0.099029,1.085487,1.537628,1.182074
12.866667,2.003142,1.992295,2.031669,2.032903,2.002907,1.962233,2.000635,1.988144,0.130922,0.088126,0.031081,0.064759,0.624957,0.096229,1.110979,1.533912,1.196574
12.883333,2.003108,1.993436,2.032041,2.034053,2.002775,1.961801,2.000674,1.987951,0.128067,0.088817,0.030411,0.064911,0.632566,0.093646,1.142269,1.536851,1.221157
12.900000,2.003122,1.994067,2.032250,2.034728,2.002741,1.961552,2.000695,1.987875,0.127496,0.088974,0.030145,0.064939,0.637075,0.092431,1.158947,1.538534,1.234227
12.916667,2.003128,1.994442,2.032359,2.035123,2.002782,1.961232,2.000710,1.987842,0.128623,0.088702,0.030129,0.064869,0.639433,0.091818,1.167947,1.539358,1.240895
12.933333,2.003126,1.994666,2.032419,2.035374,2.002885,1.959996,2.000727,1.988011,0.130269,0.088370,0.030194,0.064772,0.640552,0.091505,1.172866,1.539768,1.244517
12.950000,2.003163,1.994170,2.032846,2.035706,2.002970,1.958882,2.000714,1.988589,0.131435,0.088161,0.030182,0.064708,0.640894,0.091525,1.162547,1.551405,1.246974
12.966667,2.003209,1.993586,2.033716,2.035979,2.003032,1.958815,2.000651,1.989137,0.132097,0.088065,0.030154,0.064679,0.640963,0.091655,1.149419,1.565005,1.248538
12.983333,2.003268,1.992881,2.034826,2.036210,2.003081,1.959181,2.000583,1.989741,0.132473,0.088053,0.030127,0.064700,0.640829,0.091875,1.131671,1.580470,1.249594
13.000000,2.003381,1.991343,2.034572,2.035986,2.003115,1.959696,2.000521,1.990098,0.132693,0.088104,0.030480,0.064729,0.640864,0.093849,1.112385,1.579054,1.243474
13.016667,2.003475,1.989976,2.033799,2.034408,2.003103,1.959773,2.000489,1.990012,0.132727,0.088256,0.031061,0.064832,0.637400,0.095864,1.095925,1.563117,1.213420
13.033333,2.003463,1.988611,2.033245,2.033364,2.003077,1.959297,2.000473,1.989623,0.132506,0.088314,0.031543,0.065006,0.616635,0.096551,1.081274,1.553280,1.197438
13.050000,2.003434,1.987630,2.033047,2.033181,2.003074,1.958706,2.000445,1.989161,0.132191,0.088319,0.031875,0.065100,0.602500,0.096754,1.070799,1.547391,1.203431
13.066667,2.003458,1.987128,2.032719,2.033002,2.003113,1.958836,2.000430,1.988972,0.132119,0.088279,0.032157,0.065084,0.595321,0.098139,1.065060,1.539574,1.205675
13.083333,2.003422,1.986844,2.032426,2.032884,2.003127,1.959853,2.000425,1.988869,0.132099,0.088150,0.032299,0.064961,0.591529,0.099147,1.064554,1.535541,1.206647
13.100000,2.003344,1.986618,2.032078,2.032755,2.003068,1.959607,2.000462,1.988206,0.131947,0.088080,0.032274,0.064929,0.589549,0.099640,1.067939,1.532307,1.206943
13.116667,2.003321,1.986574,2.031755,2.032655,2.003026,1.960008,2.000499,1.987603,0.131905,0.088025,0.032141,0.064923,0.588562,0.099798,1.077016,1.531853,1.205691
13.133333,2.003303,1.986608,2.031740,2.032797,2.003007,1.960574,2.000507,1.987700,0.132274,0.088040,0.031848,0.064929,0.588013,0.099738,1.082280,1.546532,1.199388
13.150000,2.003262,1.987186,2.031823,2.032819,2.002994,1.961289,2.000511,1.988086,0.132494,0.088044,0.031740,0.064931,0.587708,0.099566,1.083888,1.549020,1.195592
13.166667,2.003224,1.987989,2.031845,2.032796,2.002985,1.962006,2.000515,1.988608,0.132618,0.088037,0.031711,0.064936,0.587562,0.099393,1.085812,1.545818,1.193513
13.183333,2.003172,1.989624,2.031636,2.033156,2.002944,1.962640,2.000550,1.988686,0.131596,0.088245,0.031708,0.064944,0.596064,0.098282,1.088045,1.534166,1.202241
13.200000,2.003103,1.991790,2.031752,2.033945,2.002813,1.962434,2.000595,1.988629,0.128748,0.088923,0.031198,0.065077,0.605228,0.095728,1.113675,1.530070,1.220942
13.216667,2.003087,1.993683,2.032030,2.035284,2.002645,1.961966,2.000638,1.988487,0.125064,0.089890,0.030538,0.065279,0.616707,0.093087,1.142293,1.531027,1.250029
13.233333,2.003100,1.994633,2.032192,2.036099,2.002577,1.961714,2.000662,1.988430,0.123626,0.090320,0.030278,0.065361,0.623174,0.091837,1.152324,1.531833,1.265744
13.250000,2.003103,1.995179,2.032279,2.036586,2.002615,1.961405,2.000679,1.988405,0.124561,0.090061,0.030298,0.065289,0.626564,0.091221,1.157676,1.532228,1.273825
13.266667,2.003071,1.995489,2.032328,2.036883,2.002711,1.960158,2.000718,1.987863,0.125948,0.089741,0.030381,0.065194,0.628676,0.090880,1.160603,1.532408,1.278124
13.283333,2.003087,1.995044,2.032749,2.037262,2.002795,1.959399,2.000712,1.988076,0.126951,0.089528,0.030377,0.065121,0.629543,0.090873,1.149063,1.544134,1.280964
13.300000,2.003124,1.994423,2.033484,2.037572,2.002856,1.959490,2.000650,1.988422,0.127515,0.089493,0.030337,0.065153,0.629907,0.091014,1.133544,1.559005,1.282743
13.316667,2.003178,1.993760,2.034589,2.037832,2.002903,1.959939,2.000581,1.988925,0.127840,0.089477,0.030313,0.065176,0.629934,0.091223,1.115871,1.574306,1.283927
13.333333,2.003279,1.992209,2.034461,2.038071,2.002942,1.960506,2.000512,1.989522,0.128030,0.089444,0.030671,0.065162,0.629891,0.092762,1.094777,1.574755,1.284801
13.350000,2.003360,1.990867,2.033761,2.036617,2.002947,1.960648,2.000458,1.989958,0.128010,0.089432,0.031280,0.065128,0.629766,0.093887,1.078005,1.559369,1.259829
13.366667,2.003377,1.989510,2.033278,2.034721,2.002926,1.960211,2.000418,1.989930,0.127897,0.089468,0.031758,0.065164,0.622278,0.094187,1.062334,1.550223,1.225496
13.383333,2.003349,1.988549,2.033126,2.033696,2.002923,1.959603,2.000377,1.989543,0.127714,0.089497,0.032055,0.065221,0.612769,0.093987,1.051955,1.544858,1.209724
13.400000,2.003358,1.988065,2.032725,2.033128,2.002943,1.959702,2.000354,1.989373,0.127653,0.089476,0.032333,0.065191,0.608062,0.094622,1.046224,1.535247,1.201266
13.416667,2.003296,1.987753,2.032275,2.032814,2.002934,1.960300,2.000350,1.989293,0.127627,0.089370,0.032395,0.065073,0.605637,0.095241,1.049785,1.529156,1.196603
13.433333,2.003211,1.987605,2.031882,2.032572,2.002883,1.959926,2.000383,1.988661,0.127520,0.089313,0.032343,0.065044,0.604417,0.095455,1.056748,1.525176,1.193796
13.450000,2.003172,1.987659,2.031618,2.032346,2.002841,1.960473,2.000422,1.987616,0.127417,0.089250,0.032188,0.065038,0.603969,0.095383,1.070465,1.523651,1.191918
13.466667,2.003157,1.987674,2.031610,2.032256,2.002818,1.961126,2.000428,1.987905,0.127628,0.089244,0.031933,0.065042,0.603601,0.095268,1.078148,1.534064,1.185481
13.483333,2.003117,1.988025,2.031797,2.032190,2.002806,1.961878,2.000429,1.988403,0.127883,0.089257,0.031772,0.065041,0.603373,0.095089,1.081627,1.539499,1.179369
13.500000,2.003091,1.988654,2.031880,2.032120,2.002796,1.962598,2.000442,1.988572,0.128022,0.089255,0.031707,0.065045,0.603333,0.094963,1.085270,1.537856,1.176049
13.516667,2.003057,1.990229,2.031729,2.032238,2.002822,1.962968,2.000480,1.988388,0.129133,0.088972,0.031760,0.064958,0.606905,0.094570,1.089630,1.526995,1.177528
13.533333,2.002989,1.992097,2.031900,2.032715,2.002767,1.962776,2.000539,1.988220,0.128320,0.089229,0.031381,0.064952,0.621487,0.092334,1.115834,1.524309,1.188565
13.550000,2.002973,1.993337,2.032199,2.033754,2.002662,1.962377,2.000588,1.988122,0.126175,0.089815,0.030956,0.065044,0.635405,0.090104,1.140816,1.525868,1.211183
13.566667,2.002983,1.994017,2.032368,2.034372,2.002654,1.962151,2.000611,1.988078,0.126208,0.089830,0.030841,0.065022,0.643107,0.089004,1.150596,1.526792,1.223245
13.583333,2.002983,1.994402,2.032462,2.034730,2.002702,1.961516,2.000642,1.988051,0.127292,0.089572,0.030876,0.064945,0.647085,0.088439,1.155755,1.527355,1.229381
13.600000,2.002940,1.994631,2.032516,2.035001,2.002794,1.960333,2.000673,1.987802,0.128764,0.089260,0.030964,0.064846,0.649396,0.088082,1.158611,1.527626,1.232842
13.616667,2.002969,1.994158,2.032936,2.035325,2.002867,1.959239,2.000678,1.988140,0.129690,0.089092,0.030954,0.064789,0.650377,0.088104,1.146978,1.539269,1.235187
13.633333,2.003019,1.993429,2.033755,2.035573,2.002922,1.958669,2.000630,1.988575,0.130218,0.089031,0.030906,0.064778,0.650783,0.088283,1.128759,1.556198,1.236645
13.650000,2.003076,1.992627,2.034729,2.035789,2.002968,1.958968,2.000565,1.989111,0.130520,0.089031,0.030886,0.064805,0.650835,0.088497,1.112086,1.570714,1.237646
13.666667,2.003150,1.990871,2.034170,2.035990,2.003008,1.959456,2.000499,1.989666,0.130699,0.089022,0.031396,0.064802,0.650732,0.089136,1.087754,1.563389,1.238399
13.683333,2.003233,1.989480,2.033385,2.034614,2.003011,1.959560,2.000447,1.990118,0.130670,0.089036,0.032052,0.064781,0.650601,0.090279,1.069445,1.546887,1.212113
13.700000,2.003249,1.988070,2.032848,2.034200,2.002989,1.959089,2.000405,1.990007,0.130261,0.088999,0.032342,0.064859,0.636775,0.091208,1.058395,1.536544,1.210979
13.716667,2.003247,1.986953,2.032741,2.034140,2.002983,1.958486,2.000369,1.989609,0.129868,0.088960,0.032461,0.064914,0.626348,0.091675,1.050925,1.532359,1.219729
13.733333,2.003283,1.986370,2.032657,2.033987,2.002998,1.958162,2.000351,1.989447,0.129701,0.088941,0.032559,0.064932,0.621097,0.092896,1.046781,1.528915,1.222946
13.750000,2.003256,1.985983,2.032292,2.033886,2.002984,1.959075,2.000349,1.989369,0.129616,0.088808,0.032623,0.064816,0.618295,0.093692,1.055344,1.524650,1.224604
13.766667,2.003154,1.985929,2.031995,2.033761,2.002923,1.958778,2.000383,1.988957,0.129453,0.088731,0.032608,0.064790,0.616846,0.093667,1.062027,1.522317,1.225258
13.783333,2.003104,1.985979,2.031698,2.033654,2.002879,1.959046,2.000411,1.988736,0.129399,0.088677,0.032448,0.064790,0.616105,0.093436,1.075320,1.522289,1.224350
13.800000,2.003081,1.985999,2.031682,2.033796,2.002858,1.959679,2.000417,1.989018,0.129743,0.088686,0.032156,0.064794,0.615674,0.093271,1.081446,1.536340,1.218655
13.816667,2.003039,1.986381,2.031763,2.033819,2.002844,1.960425,2.000421,1.989502,0.129950,0.088688,0.032044,0.064793,0.615418,0.093062,1.084458,1.538637,1.215183
13.833333,2.003005,1.987208,2.031785,2.033797,2.002835,1.961137,2.000434,1.989840,0.130069,0.088680,0.032026,0.064800,0.615347,0.092893,1.085552,1.535315,1.213276
13.850000,2.002969,1.988986,2.031584,2.033957,2.002823,1.961340,2.000464,1.989676,0.130380,0.088550,0.031998,0.064795,0.615503,0.092853,1.089158,1.523326,1.215731
13.866667,2.002898,1.991064,2.031579,2.034904,2.002698,1.961088,2.000513,1.989589,0.127897,0.089074,0.031497,0.064908,0.623709,0.090695,1.117183,1.516424,1.237289
13.883333,2.002877,1.992456,2.031888,2.036297,2.002556,1.960644,2.000560,1.989491,0.124852,0.089859,0.030869,0.065064,0.636244,0.088221,1.142308,1.518593,1.265967
13.900000,2.002881,1.993161,2.032069,2.037101,2.002518,1.960395,2.000584,1.989450,0.124153,0.090062,0.030682,0.065092,0.643281,0.087034,1.149410,1.520006,1.280340
13.916667,2.002880,1.993566,2.032163,2.037568,2.002552,1.960069,2.000602,1.989427,0.125048,0.089817,0.030708,0.065022,0.646951,0.086433,1.153151,1.520589,1.287666
13.933333,2.002855,1.993800,2.032190,2.037856,2.002642,1.958811,2.000632,1.989299,0.126352,0.089528,0.030793,0.064931,0.648964,0.086099,1.155217,1.520376,1.291635
13.950000,2.002879,1.993320,2.032559,2.038162,2.002728,1.957831,2.000625,1.989697,0.127203,0.089372,0.030790,0.064874,0.649773,0.086111,1.142852,1.531381,1.294130
13.966667,2.002922,1.992583,2.033348,2.038491,2.002782,1.957822,2.000557,1.990127,0.127680,0.089278,0.030746,0.064825,0.650097,0.086277,1.124059,1.548379,1.295868
13.983333,2.002975,1.991776,2.034299,2.038766,2.002828,1.958470,2.000487,1.990678,0.127959,0.089229,0.030730,0.064799,0.650089,0.086480,1.107105,1.562981,1.297036
14.000000,2.003089,1.990113,2.033704,2.037928,2.002851,1.959148,2.000417,1.991294,0.128085,0.089291,0.031246,0.064819,0.650006,0.088304,1.084954,1.554070,1.282078
14.016667,2.003189,1.988788,2.033019,2.036062,2.002836,1.959473,2.000362,1.991528,0.128092,0.089440,0.031799,0.064858,0.649970,0.090110,1.068914,1.539347,1.249639
14.033333,2.003211,1.987434,2.032562,2.034427,2.002817,1.959026,2.000328,1.991317,0.127963,0.089541,0.032171,0.064933,0.642324,0.090809,1.053940,1.530673,1.221834
14.050000,2.003191,1.986475,2.032458,2.033705,2.002820,1.958389,2.000296,1.990857,0.127732,0.089607,0.032342,0.065035,0.632311,0.090793,1.044013,1.526686,1.214609
14.066667,2.003208,1.985940,2.032353,2.033278,2.002863,1.958055,2.000281,1.990650,0.127669,0.089675,0.032456,0.065119,0.627353,0.091531,1.043189,1.524185,1.210354
14.083333,2.003159,1.985605,2.031911,2.033039,2.002881,1.958881,2.000275,1.990559,0.127662,0.089620,0.032482,0.065047,0.624810,0.092301,1.050673,1.519194,1.207872
14.100000,2.003070,1.985584,2.031597,2.032840,2.002823,1.959385,2.000315,1.989927,0.127535,0.089505,0.032541,0.064967,0.623563,0.092389,1.056636,1.516706,1.206248
14.116667,2.003004,1.985670,2.031371,2.032640,2.002774,1.960411,2.000360,1.989487,0.127423,0.089402,0.032470,0.064921,0.622936,0.092162,1.067974,1.516228,1.205007
14.133333,2.002985,1.985707,2.031380,2.032736,2.002751,1.961257,2.000361,1.989621,0.127808,0.089404,0.032163,0.064904,0.622561,0.092024,1.075110,1.534112,1.197257
14.150000,2.002961,1.986681,2.031390,2.032738,2.002735,1.962116,2.000360,1.989979,0.128058,0.089405,0.032044,0.064895,0.622350,0.091854,1.077316,1.537510,1.192375
14.166667,2.002932,1.987969,2.031301,2.032702,2.002721,1.962897,2.000370,1.990005,0.128196,0.089397,0.032051,0.064897,0.622354,0.091720,1.077149,1.532547,1.189720
14.183333,2.002896,1.989839,2.031079,2.032831,2.002705,1.963507,2.000397,1.989751,0.127950,0.089473,0.032044,0.064909,0.626002,0.091348,1.079792,1.520577,1.192337
14.200000,2.002832,1.991747,2.031271,2.033457,2.002602,1.963271,2.000452,1.989571,0.125916,0.090049,0.031582,0.065006,0.640828,0.089243,1.103962,1.519022,1.206729
14.216667,2.002801,1.993201,2.031592,2.034462,2.002464,1.962805,2.000500,1.989544,0.123116,0.090887,0.030989,0.065155,0.658693,0.086710,1.133536,1.521580,1.228714
14.233333,2.002798,1.993937,2.031768,2.035140,2.002430,1.962543,2.000526,1.989528,0.122556,0.091090,0.030801,0.065179,0.668194,0.085490,1.144019,1.523016,1.241715
14.250000,2.002792,1.994365,2.031867,2.035571,2.002458,1.962641,2.000547,1.989519,0.123490,0.090703,0.030834,0.065063,0.673128,0.084874,1.149587,1.523818,1.248500
14.266667,2.002750,1.994622,2.031922,2.035896,2.002526,1.962466,2.000584,1.989289,0.124913,0.090067,0.030944,0.064860,0.675957,0.084499,1.152665,1.524213,1.252252
14.283333,2.002775,1.994172,2.032334,2.036279,2.002598,1.961974,2.000582,1.989591,0.126144,0.089639,0.030970,0.064724,0.677230,0.084512,1.141211,1.536052,1.254787
14.300000,2.002819,1.993505,2.033280,2.036575,2.002648,1.961774,2.000519,1.989979,0.126849,0.089411,0.030953,0.064645,0.677794,0.084668,1.124207,1.552434,1.256390
14.316667,2.002880,1.992880,2.034333,2.036824,2.002691,1.962192,2.000471,1.990557,0.127254,0.089315,0.030939,0.064708,0.672552,0.084789,1.107204,1.567357,1.257477
14.333333,2.002945,1.991389,2.033726,2.037048,2.002730,1.962489,2.000438,1.990730,0.127563,0.089399,0.031371,0.064867,0.664731,0.085267,1.085371,1.557496,1.258289
14.350000,2.003061,1.990054,2.033011,2.036809,2.002761,1.962279,2.000435,1.990520,0.127815,0.089607,0.031880,0.065065,0.654521,0.087831,1.069319,1.543023,1.252065
14.366667,2.003098,1.988669,2.032545,2.035151,2.002762,1.961723,2.000401,1.990580,0.127832,0.089771,0.032336,0.065258,0.632595,0.089557,1.054120,1.535260,1.221421
14.383333,2.003118,1.987644,2.032419,2.034105,2.002761,1.960961,2.000376,1.990357,0.127684,0.089870,0.032519,0.065392,0.618346,0.090338,1.044091,1.531632,1.204215
14.400000,2.003134,1.987092,2.032438,2.033516,2.002770,1.960550,2.000363,1.990259,0.127591,0.089949,0.032568,0.065494,0.610979,0.090796,1.043239,1.531750,1.194837
14.416667,2.003097,1.986709,2.032014,2.033186,2.002759,1.960323,2.000364,1.990219,0.127544,0.089968,0.032500,0.065528,0.607079,0.091075,1.054004,1.527392,1.189608
14.433333,2.003012,1.986664,2.031705,2.032923,2.002692,1.959963,2.000401,1.989793,0.127439,0.089912,0.032516,0.065514,0.605057,0.091069,1.058133,1.525150,1.186496
14.450000,2.002987,1.986666,2.031477,2.032688,2.002645,1.960185,2.000435,1.989395,0.127350,0.089860,0.032375,0.065518,0.604028,0.090964,1.070791,1.524527,1.184477
14.466667,2.002962,1.986940,2.031696,2.032550,2.002616,1.960776,2.000445,1.989597,0.127447,0.089841,0.032198,0.065525,0.603461,0.090786,1.077812,1.531956,1.180350
14.483333,2.002919,1.987570,2.031918,2.032449,2.002599,1.961489,2.000449,1.990037,0.127555,0.089832,0.032138,0.065529,0.603149,0.090551,1.080561,1.532461,1.176966
14.500000,2.002880,1.988380,2.032028,2.032375,2.002585,1.962100,2.000452,1.990588,0.127619,0.089819,0.032137,0.065541,0.603001,0.090341,1.083241,1.528311,1.175100
14.516667,2.002829,1.989856,2.031994,2.032941,2.002501,1.962039,2.000486,1.990712,0.125912,0.090229,0.032130,0.065632,0.611386,0.089331,1.085745,1.518865,1.190224
14.533333,2.002760,1.991826,2.032096,2.034011,2.002354,1.961554,2.000530,1.990680,0.122778,0.091104,0.031651,0.065838,0.620182,0.087068,1.111734,1.513096,1.215837
14.550000,2.002736,1.993155,2.032430,2.035620,2.002191,1.960918,2.000578,1.990595,0.119380,0.092225,0.030940,0.066088,0.632563,0.084652,1.139851,1.516086,1.248843
14.566667,2.002738,1.993834,2.032591,2.036485,2.002144,1.960563,2.000603,1.990550,0.118515,0.092581,0.030664,0.066156,0.639507,0.083503,1.149871,1.519004,1.264369
14.583333,2.002723,1.994232,2.032658,2.036986,2.002171,1.960192,2.000625,1.990388,0.119132,0.092393,0.030643,0.066101,0.643245,0.082901,1.155249,1.520365,1.272381
14.600000,2.002668,1.994467,2.032692,2.037334,2.002237,1.959473,2.000677,1.989464,0.120147,0.091954,0.030710,0.065964,0.645739,0.082547,1.158198,1.521023,1.276876
14.616667,2.002677,1.994244,2.032939,2.037764,2.002294,1.959309,2.000682,1.989296,0.120903,0.091621,0.030737,0.065847,0.646898,0.082508,1.151751,1.527960,1.279900
14.633333,2.002714,1.993532,2.033763,2.038103,2.002337,1.959676,2.000618,1.989547,0.121342,0.091434,0.030698,0.065768,0.647348,0.082665,1.133518,1.545161,1.281791
14.650000,2.002762,1.992736,2.034735,2.038380,2.002373,1.960274,2.000548,1.989977,0.121603,0.091323,0.030688,0.065713,0.647423,0.082859,1.116670,1.560028,1.283046
14.666667,2.002872,1.990988,2.034296,2.037576,2.002396,1.960908,2.000480,1.990526,0.121729,0.091367,0.031203,0.065733,0.647396,0.084664,1.092757,1.553271,1.268200
14.683333,2.002975,1.989638,2.033610,2.035763,2.002393,1.961066,2.000429,1.990813,0.121761,0.091523,0.031814,0.065778,0.647340,0.086528,1.075288,1.537215,1.235816
14.700000,2.002997,1.988242,2.033136,2.034172,2.002387,1.960640,2.000394,1.990568,0.121646,0.091628,0.032233,0.065859,0.639770,0.087290,1.059069,1.528368,1.207977
14.716667,2.002989,1.987205,2.033040,2.033457,2.002390,1.960017,2.000364,1.990154,0.121398,0.091679,0.032398,0.065952,0.629774,0.087436,1.047939,1.524784,1.200461
14.733333,2.003006,1.986706,2.032695,2.033022,2.002418,1.959694,2.000349,1.989977,0.121297,0.091736,0.032698,0.066043,0.624831,0.088121,1.041862,1.516768,1.195868
14.750000,2.002953,1.986400,2.032280,2.032769,2.002412,1.959545,2.000348,1.989892,0.121228,0.091734,0.032765,0.066056,0.622275,0.088709,1.044958,1.511702,1.193126
14.766667,2.002884,1.986189,2.031935,2.032570,2.002362,1.959490,2.000372,1.989632,0.121111,0.091668,0.032783,0.066002,0.620903,0.088969,1.048140,1.508523,1.191366
14.783333,2.002854,1.986227,2.031679,2.032376,2.002312,1.960164,2.000407,1.989119,0.120995,0.091597,0.032649,0.065987,0.620299,0.088867,1.061892,1.507193,1.190057
14.800000,2.002840,1.986258,2.031441,2.032423,2.002283,1.960890,2.000410,1.989248,0.121312,0.091606,0.032381,0.065986,0.619933,0.088744,1.069253,1.517938,1.183261
14.816667,2.002803,1.986358,2.031607,2.032427,2.002264,1.961691,2.000412,1.989528,0.121596,0.091624,0.032210,0.065984,0.619738,0.088563,1.073062,1.525740,1.177676
14.833333,2.002793,1.987169,2.031638,2.032395,2.002248,1.962445,2.000425,1.989534,0.121754,0.091624,0.032140,0.065989,0.619734,0.088470,1.077344,1.523936,1.174668
14.850000,2.002760,1.988889,2.031440,2.032761,2.002207,1.963046,2.000455,1.989264,0.120971,0.091875,0.032107,0.066048,0.623368,0.088132,1.081275,1.512663,1.183383
14.866667,2.002693,1.990509,2.031610,2.033396,2.002117,1.962796,2.000510,1.989060,0.119322,0.092479,0.031588,0.066153,0.638268,0.086049,1.109268,1.510692,1.198271
14.883333,2.002691,1.991759,2.031990,2.034383,2.002003,1.962378,2.000558,1.989036,0.117137,0.093333,0.030985,0.066300,0.655994,0.083652,1.134478,1.514333,1.219654
14.900000,2.002691,1.992398,2.032215,2.035046,2.001975,1.962141,2.000582,1.989018,0.116683,0.093560,0.030792,0.066325,0.665429,0.082479,1.142933,1.516545,1.232207
14.916667,2.002688,1.992767,2.032336,2.035438,2.002004,1.961828,2.000601,1.989000,0.117346,0.093334,0.030807,0.066256,0.670350,0.081884,1.147411,1.517711,1.238690
14.933333,2.002644,1.992988,2.032404,2.035686,2.002083,1.960600,2.000644,1.988402,0.118388,0.093025,0.030886,0.066160,0.673399,0.081523,1.149896,1.518312,1.242141
14.950000,2.002660,1.992500,2.032834,2.035952,2.002167,1.959764,2.000644,1.988560,0.119172,0.092821,0.030878,0.066088,0.674771,0.081530,1.137936,1.530343,1.244335
14.966667,2.002698,1.991752,2.033667,2.036228,2.002220,1.959783,2.000586,1.988892,0.119619,0.092703,0.030833,0.066031,0.675392,0.081692,1.119354,1.547781,1.245879
14.983333,2.002754,1.990930,2.034646,2.036453,2.002261,1.960196,2.000541,1.989467,0.119884,0.092630,0.030819,0.066068,0.670349,0.081804,1.102538,1.562582,1.246922
15.000000,2.002781,1.989121,2.034140,2.036657,2.002295,1.960747,2.000499,1.989980,0.120042,0.092578,0.031332,0.066139,0.664752,0.082191,1.078251,1.555659,1.247701
15.016667,2.002747,1.987685,2.033388,2.036858,2.002329,1.960931,2.000486,1.989953,0.120250,0.092746,0.031948,0.066364,0.656328,0.082051,1.060027,1.539145,1.248390
15.033333,2.002710,1.986219,2.032888,2.036012,2.002357,1.960523,2.000454,1.990160,0.120324,0.092872,0.032392,0.066589,0.632279,0.082300,1.044718,1.529617,1.232086
15.050000,2.002682,1.985115,2.032787,2.035029,2.002375,1.959914,2.000424,1.989946,0.120207,0.092949,0.032539,0.066730,0.617143,0.082151,1.035758,1.525577,1.215603
15.066667,2.002675,1.984522,2.032597,2.034444,2.002392,1.959596,2.000408,1.989853,0.120111,0.093020,0.032685,0.066854,0.609286,0.082140,1.035484,1.521440,1.206010
15.083333,2.002627,1.984150,2.032139,2.034117,2.002360,1.959021,2.000413,1.989855,0.119992,0.093025,0.032715,0.066887,0.605161,0.082839,1.039976,1.516199,1.200742
15.100000,2.002513,1.984255,2.031810,2.033853,2.002304,1.959480,2.000449,1.989292,0.119903,0.092926,0.032810,0.066818,0.603077,0.082733,1.041282,1.513837,1.197619
15.116667,2.002467,1.984394,2.031585,2.033599,2.002251,1.960287,2.000486,1.988350,0.119810,0.092839,0.032706,0.066785,0.602119,0.082545,1.053769,1.513715,1.195550
15.133333,2.002446,1.984490,2.031522,2.033406,2.002212,1.961219,2.000500,1.988254,0.119829,0.092789,0.032597,0.066769,0.601575,0.082395,1.062157,1.515922,1.192409
15.150000,2.002409,1.984666,2.031595,2.033262,2.002188,1.962111,2.000511,1.988402,0.119969,0.092780,0.032543,0.066757,0.601291,0.082213,1.067441,1.515835,1.188063
15.166667,2.002383,1.985165,2.031621,2.033162,2.002169,1.962895,2.000537,1.988184,0.120049,0.092765,0.032538,0.066757,0.601265,0.082104,1.072813,1.511238,1.185677
15.183333,2.002356,1.986323,2.031511,2.033265,2.002137,1.963166,2.000584,1.987874,0.119812,0.092836,0.032605,0.066744,0.609777,0.081270,1.077898,1.500431,1.188436
15.200000,2.002315,1.988130,2.031595,2.034044,2.002025,1.962838,2.000632,1.987587,0.117804,0.093552,0.032240,0.066894,0.619438,0.079232,1.098786,1.494647,1.207367
15.216667,2.002318,1.989892,2.031718,2.035508,2.001890,1.962342,2.000681,1.987291,0.115258,0.094573,0.031718,0.067112,0.632298,0.077148,1.122532,1.491549,1.238295
15.233333,2.002320,1.990797,2.031785,2.036358,2.001836,1.962059,2.000706,1.987151,0.114281,0.095019,0.031510,0.067202,0.639531,0.076131,1.131287,1.489982,1.254819
15.250000,2.002318,1.991314,2.031825,2.036862,2.001860,1.961724,2.000723,1.987084,0.114789,0.094792,0.031542,0.067141,0.643341,0.075619,1.135917,1.489195,1.263377
15.266667,2.002307,1.991611,2.031849,2.037172,2.001931,1.960473,2.000752,1.986868,0.115653,0.094475,0.031633,0.067053,0.645460,0.075365,1.138467,1.488744,1.268006
15.283333,2.002322,1.991207,2.032239,2.037485,2.002007,1.959771,2.000740,1.987319,0.116440,0.094204,0.031639,0.066967,0.646316,0.075387,1.126830,1.500465,1.270865
15.300000,2.002354,1.990528,2.033033,2.037798,2.002055,1.959893,2.000683,1.987767,0.116889,0.094050,0.031599,0.066902,0.646698,0.075547,1.108511,1.518040,1.272790
15.316667,2.002388,1.989956,2.034077,2.038053,2.002094,1.960347,2.000623,1.988128,0.117141,0.094012,0.031575,0.066924,0.646852,0.075734,1.092259,1.532932,1.274049
15.333333,2.002345,1.988374,2.033911,2.038283,2.002130,1.960915,2.000570,1.988219,0.117460,0.094229,0.031906,0.067067,0.647137,0.075463,1.071426,1.533449,1.274977
15.350000,2.002192,1.986959,2.033181,2.037471,2.002156,1.961073,2.000531,1.988230,0.117647,0.094437,0.032552,0.067247,0.647625,0.073846,1.054560,1.518208,1.259952
15.366667,2.002052,1.985612,2.032668,2.035873,2.002166,1.960656,2.000493,1.988244,0.117661,0.094609,0.033148,0.067472,0.638420,0.072015,1.040474,1.508590,1.230605
15.383333,2.001929,1.984656,2.032459,2.034896,2.002176,1.960051,2.000453,1.988187,0.117511,0.094692,0.033529,0.067664,0.627943,0.070558,1.031481,1.501839,1.215153
15.400000,2.001917,1.984102,2.032438,2.034363,2.002196,1.959736,2.000432,1.988238,0.117454,0.094715,0.033638,0.067725,0.622646,0.070698,1.031229,1.500378,1.207366
15.416667,2.001900,1.983720,2.032217,2.034062,2.002188,1.959515,2.000427,1.988297,0.117428,0.094694,0.033552,0.067697,0.619900,0.071124,1.038156,1.498624,1.202977
15.433333,2.001874,1.983496,2.031917,2.033868,2.002147,1.959305,2.000446,1.988111,0.117377,0.094624,0.033533,0.067617,0.618434,0.071358,1.039519,1.495601,1.200497
15.450000,2.001882,1.983309,2.031707,2.033625,2.002094,1.959402,2.000487,1.986962,0.117271,0.094566,0.033411,0.067585,0.617837,0.071623,1.046103,1.494470,1.198622
15.466667,2.001889,1.983307,2.031597,2.033468,2.002060,1.959932,2.000508,1.986311,0.117449,0.094561,0.033182,0.067575,0.617587,0.071739,1.053540,1.500537,1.192849
15.483333,2.001872,1.983702,2.031576,2.033345,2.002039,1.960615,2.000525,1.986314,0.117658,0.094573,0.033047,0.067578,0.617476,0.071646,1.062433,1.500387,1.187662
15.500000,2.001858,1.984408,2.031546,2.033250,2.002022,1.961287,2.000550,1.986107,0.117777,0.094569,0.032992,0.067594,0.617558,0.071602,1.071887,1.495706,1.184838
15.516667,2.001814,1.985709,2.031447,2.033569,2.001973,1.961651,2.000583,1.985982,0.117108,0.094838,0.032952,0.067617,0.630415,0.070341,1.079921,1.485963,1.192931
15.533333,2.001760,1.987833,2.031495,2.034192,2.001886,1.961280,2.000606,1.985692,0.115741,0.095473,0.032437,0.067776,0.638302,0.069052,1.106466,1.479969,1.208046
15.550000,2.001716,1.989602,2.031605,2.035333,2.001778,1.960744,2.000623,1.985590,0.113923,0.096373,0.031895,0.067993,0.648542,0.067242,1.129035,1.477064,1.231548
15.566667,2.001688,1.990519,2.031667,2.036063,2.001747,1.960443,2.000630,1.985561,0.113482,0.096627,0.031723,0.068056,0.654280,0.066385,1.136680,1.475480,1.245368
15.583333,2.001670,1.991033,2.031704,2.036487,2.001765,1.960270,2.000632,1.985556,0.113918,0.096413,0.031736,0.068011,0.657294,0.065961,1.140724,1.474584,1.252513
15.600000,2.001650,1.991328,2.031725,2.036748,2.001830,1.959154,2.000657,1.985368,0.114684,0.096100,0.031807,0.067932,0.659002,0.065751,1.142967,1.474079,1.256269
15.616667,2.001654,1.990885,2.032157,2.037023,2.001903,1.958583,2.000642,1.985585,0.115278,0.095893,0.031778,0.067983,0.651755,0.065642,1.129784,1.487170,1.258641
15.633333,2.001667,1.990260,2.032785,2.037309,2.001950,1.958741,2.000619,1.985422,0.115619,0.095775,0.031715,0.068056,0.643361,0.065637,1.112363,1.503937,1.260312
15.650000,2.001687,1.989520,2.033661,2.037539,2.001986,1.959217,2.000599,1.985147,0.115823,0.095702,0.031690,0.068151,0.634180,0.065658,1.096319,1.518625,1.261435
15.666667,2.001778,1.988028,2.034168,2.037749,2.002021,1.959683,2.000590,1.984753,0.116386,0.096184,0.031622,0.068324,0.624316,0.067403,1.079637,1.532417,1.262311
15.683333,2.001883,1.986448,2.034036,2.037957,2.002057,1.959492,2.000585,1.984654,0.116888,0.096671,0.031870,0.068532,0.609443,0.070066,1.060467,1.532310,1.263067
15.700000,2.001799,1.985245,2.033565,2.037651,2.002093,1.958925,2.000553,1.984917,0.117207,0.097040,0.032089,0.068881,0.586026,0.069162,1.049096,1.521862,1.255833
15.716667,2.001733,1.984503,2.033258,2.036322,2.002124,1.958357,2.000526,1.984670,0.117237,0.097097,0.032287,0.068985,0.572831,0.068077,1.044200,1.512995,1.231792
15.733333,2.001678,1.984255,2.032816,2.035642,2.002151,1.958121,2.000513,1.984219,0.117169,0.097063,0.032738,0.069033,0.566163,0.067145,1.034940,1.502049,1.219522
15.750000,2.001651,1.984017,2.032366,2.035277,2.002143,1.959457,2.000513,1.983991,0.117153,0.096925,0.032991,0.068877,0.562601,0.066928,1.042314,1.495115,1.212994
15.766667,2.001633,1.983822,2.032007,2.035037,2.002095,1.960341,2.000537,1.983648,0.117135,0.096778,0.033144,0.068705,0.560694,0.066905,1.049868,1.490649,1.209375
15.783333,2.001629,1.983678,2.031777,2.034739,2.002038,1.961039,2.000570,1.983255,0.117064,0.096671,0.033186,0.068608,0.559674,0.066902,1.054874,1.488604,1.206855
15.800000,2.001628,1.983353,2.031530,2.034496,2.001993,1.961940,2.000582,1.983316,0.117063,0.096605,0.033169,0.068556,0.559142,0.066864,1.059943,1.485688,1.204053
15.816667,2.001619,1.983440,2.031419,2.034253,2.001967,1.962799,2.000596,1.983490,0.117253,0.096602,0.033138,0.068522,0.558870,0.066786,1.062513,1.481308,1.198537
15.833333,2.001606,1.983972,2.031431,2.034079,2.001944,1.963442,2.000622,1.983313,0.117381,0.096598,0.033101,0.068530,0.558906,0.066745,1.071662,1.476697,1.194915
15.850000,2.001580,1.984976,2.031459,2.034106,2.001907,1.963389,2.000657,1.983114,0.117252,0.096698,0.033127,0.068512,0.570973,0.065654,1.077898,1.470571,1.195658
15.866667,2.001544,1.986436,2.031506,2.034785,2.001821,1.962942,2.000676,1.982861,0.116027,0.097324,0.032931,0.068651,0.580046,0.064012,1.090918,1.464690,1.210908
15.883333,2.001498,1.988000,2.031581,2.035971,2.001712,1.962295,2.000695,1.982608,0.114368,0.098247,0.032439,0.068861,0.591257,0.062339,1.111908,1.460042,1.234834
15.900000,2.001469,1.988825,2.031584,2.036704,2.001668,1.961934,2.000704,1.982500,0.113752,0.098631,0.032245,0.068947,0.597543,0.061540,1.119012,1.457427,1.248745
15.916667,2.001450,1.989295,2.031586,2.037133,2.001690,1.961576,2.000714,1.982451,0.114171,0.098386,0.032269,0.068895,0.600851,0.061141,1.122767,1.456153,1.255948
15.933333,2.001427,1.989567,2.031590,2.037396,2.001754,1.960291,2.000741,1.982226,0.114868,0.098052,0.032350,0.068816,0.602702,0.060944,1.124855,1.455436,1.259773
15.950000,2.001420,1.989240,2.031960,2.037658,2.001815,1.959263,2.000710,1.982649,0.115402,0.097838,0.032338,0.068758,0.603479,0.060954,1.113650,1.466823,1.262186
15.966667,2.001427,1.988648,2.032500,2.037926,2.001858,1.959370,2.000644,1.983080,0.115711,0.097712,0.032279,0.068702,0.603823,0.061074,1.096047,1.483361,1.263881
15.983333,2.001477,1.987899,2.033276,2.038141,2.001894,1.959842,2.000577,1.983418,0.116018,0.098244,0.032213,0.069188,0.603871,0.062044,1.079148,1.498672,1.265020
16.000000,2.001555,1.986489,2.033780,2.038336,2.001927,1.960311,2.000518,1.983388,0.116319,0.099140,0.032159,0.069991,0.603925,0.063572,1.064304,1.512267,1.265886
16.016667,2.001631,1.985483,2.033934,2.038529,2.001960,1.960148,2.000476,1.983234,0.116760,0.099696,0.032465,0.070181,0.604162,0.065959,1.039592,1.518844,1.266653
16.033333,2.001653,1.984400,2.033355,2.037642,2.001989,1.959613,2.000413,1.983877,0.117155,0.100104,0.032944,0.070275,0.585526,0.067407,1.017859,1.505958,1.249534
16.050000,2.001567,1.983636,2.032619,2.035902,2.002010,1.958931,2.000372,1.983954,0.117375,0.100354,0.033483,0.070405,0.574354,0.066318,1.004653,1.484478,1.216425
16.066667,2.001528,1.983130,2.032250,2.034975,2.002030,1.958624,2.000350,1.983980,0.117413,0.100416,0.033474,0.070453,0.568420,0.065392,1.026365,1.474855,1.198241
16.083333,2.001476,1.983489,2.032324,2.034490,2.002022,1.958955,2.000345,1.984011,0.117445,0.100394,0.033508,0.070388,0.565264,0.065059,1.041662,1.477098,1.188522
16.100000,2.001438,1.983806,2.032356,2.034184,2.001966,1.960084,2.000367,1.983801,0.117513,0.100242,0.033654,0.070143,0.563597,0.064970,1.050458,1.479773,1.183176
16.116667,2.001433,1.983674,2.032318,2.033871,2.001910,1.961024,2.000406,1.982543,0.117491,0.100142,0.033669,0.070021,0.562880,0.065054,1.059928,1.481270,1.179772
16.133333,2.001434,1.982721,2.032294,2.033644,2.001865,1.961986,2.000425,1.981595,0.117458,0.100067,0.033672,0.069956,0.562575,0.065094,1.067262,1.482518,1.177754
16.150000,2.001433,1.982762,2.031568,2.033370,2.001835,1.962880,2.000453,1.980622,0.117592,0.100052,0.033740,0.069917,0.562505,0.065131,1.070846,1.468929,1.172881
16.166667,2.001432,1.982537,2.031446,2.033073,2.001820,1.963644,2.000485,1.979754,0.117855,0.100079,0.033731,0.069892,0.562549,0.065156,1.072686,1.465778,1.166054
16.183333,2.001419,1.983328,2.031367,2.033031,2.001792,1.963874,2.000523,1.979032,0.117819,0.100203,0.033753,0.069882,0.570457,0.064579,1.076062,1.459454,1.165399
16.200000,2.001389,1.984770,2.031431,2.033719,2.001714,1.963520,2.000556,1.978549,0.116812,0.100882,0.033520,0.070002,0.585382,0.063071,1.089706,1.455156,1.180094
16.216667,2.001326,1.986221,2.031562,2.034825,2.001613,1.962858,2.000573,1.978320,0.115402,0.101848,0.033208,0.070207,0.600576,0.061574,1.097283,1.452601,1.203201
16.233333,2.001284,1.987018,2.031689,2.035487,2.001561,1.962473,2.000584,1.978238,0.114721,0.102381,0.032959,0.070322,0.608693,0.060843,1.100847,1.453033,1.216521
16.250000,2.001259,1.987582,2.031763,2.035855,2.001614,1.962096,2.000597,1.978205,0.115562,0.102137,0.032977,0.070184,0.612859,0.060490,1.102664,1.453571,1.223360
16.266667,2.001242,1.988182,2.031803,2.036084,2.001688,1.960799,2.000630,1.978178,0.116442,0.101751,0.033052,0.070057,0.615060,0.060314,1.103488,1.453825,1.227064
16.283333,2.001237,1.988014,2.032193,2.036298,2.001758,1.960306,2.000635,1.976617,0.117032,0.101565,0.033023,0.069994,0.616530,0.060468,1.091626,1.465642,1.229406
16.300000,2.001250,1.987499,2.032739,2.036510,2.001806,1.960484,2.000587,1.974860,0.117376,0.101483,0.032956,0.069993,0.613868,0.060727,1.073722,1.482132,1.231069
16.316667,2.001267,1.987328,2.033552,2.036675,2.001844,1.960971,2.000560,1.973554,0.117579,0.101438,0.032912,0.070096,0.603379,0.060802,1.064555,1.495660,1.232186
16.333333,2.001327,1.986989,2.034334,2.036823,2.001878,1.961575,2.000540,1.972517,0.118025,0.102149,0.032847,0.070663,0.593057,0.062054,1.056891,1.507435,1.233055
16.350000,2.001409,1.985596,2.034161,2.036967,2.001910,1.961948,2.000530,1.971648,0.118401,0.102862,0.033121,0.071261,0.582755,0.064129,1.043638,1.508157,1.233801
16.366667,2.001463,1.984304,2.033462,2.036097,2.001937,1.961614,2.000494,1.972479,0.118643,0.103624,0.033540,0.072022,0.556181,0.065853,1.030568,1.495905,1.215723
16.383333,2.001512,1.983562,2.032802,2.034677,2.001968,1.961379,2.000451,1.972636,0.118866,0.103581,0.033768,0.071791,0.540225,0.067138,1.032151,1.480490,1.186627
16.400000,2.001522,1.983736,2.032861,2.034385,2.002000,1.961264,2.000423,1.972761,0.119074,0.103472,0.033680,0.071499,0.531874,0.067704,1.050814,1.483163,1.180551
16.416667,2.001491,1.984434,2.032560,2.034268,2.002002,1.960675,2.000416,1.972822,0.119161,0.103450,0.033589,0.071401,0.527404,0.067792,1.070917,1.481572,1.178088
16.433333,2.001459,1.984884,2.032292,2.034197,2.001963,1.959609,2.000427,1.972845,0.119192,0.103429,0.033482,0.071368,0.525003,0.067782,1.081751,1.480755,1.176769
16.450000,2.001451,1.984832,2.032131,2.034097,2.001893,1.960302,2.000427,1.972524,0.119183,0.103315,0.033387,0.071235,0.523797,0.067819,1.091231,1.481097,1.176087
16.466667,2.001451,1.983908,2.032034,2.034022,2.001841,1.961935,2.000461,1.971079,0.119166,0.103210,0.033348,0.071139,0.523377,0.067895,1.097872,1.481488,1.175706
16.483333,2.001450,1.983531,2.031676,2.033981,2.001805,1.963231,2.000499,1.969730,0.119171,0.103140,0.033408,0.071084,0.523326,0.067925,1.101138,1.472256,1.175509
16.500000,2.001446,1.983483,2.031766,2.033892,2.001793,1.964204,2.000537,1.968396,0.119411,0.103137,0.033421,0.071049,0.523395,0.067964,1.102612,1.467652,1.172110
16.516667,2.001445,1.983871,2.031872,2.033882,2.001782,1.964365,2.000580,1.966995,0.119689,0.103160,0.033432,0.071051,0.523541,0.068045,1.103032,1.462447,1.169145
16.533333,2.001426,1.984378,2.032072,2.034421,2.001726,1.964028,2.000620,1.966082,0.119133,0.103646,0.033378,0.071074,0.542193,0.066193,1.107032,1.459754,1.179281
16.550000,2.001361,1.985535,2.032079,2.035871,2.001614,1.963486,2.000638,1.965905,0.117602,0.104750,0.033355,0.071201,0.572848,0.063415,1.096559,1.452092,1.208154
16.566667,2.001314,1.986666,2.031937,2.036000,2.001588,1.963190,2.000639,1.967202,0.117066,0.105034,0.033312,0.071600,0.577596,0.062060,1.088171,1.444945,1.212557
16.583333,2.001287,1.988392,2.031874,2.036075,2.001619,1.962856,2.000648,1.967880,0.117411,0.104656,0.033308,0.071608,0.579887,0.061443,1.082759,1.442092,1.214635
16.600000,2.001270,1.989682,2.031846,2.036161,2.001697,1.961584,2.000672,1.968225,0.118220,0.104082,0.033391,0.071505,0.581077,0.061149,1.079708,1.440623,1.215857
16.616667,2.001257,1.990137,2.032104,2.036220,2.001781,1.960806,2.000664,1.967614,0.118840,0.103748,0.033397,0.071444,0.582029,0.061118,1.068304,1.448582,1.216517
16.633333,2.001257,1.990055,2.032627,2.036269,2.001845,1.960880,2.000617,1.966373,0.119214,0.103571,0.033328,0.071399,0.582903,0.061212,1.053595,1.464644,1.216989
16.650000,2.001258,1.989992,2.033265,2.036361,2.001884,1.961311,2.000566,1.965194,0.119423,0.103472,0.033288,0.071363,0.583573,0.061299,1.045387,1.477560,1.217814
16.666667,2.001295,1.990021,2.034137,2.036437,2.001920,1.961878,2.000526,1.964113,0.119770,0.103916,0.033268,0.071695,0.580790,0.062168,1.038383,1.489364,1.218518
16.683333,2.001339,1.990105,2.034434,2.035031,2.001939,1.962040,2.000523,1.963066,0.120106,0.104703,0.033601,0.072352,0.570286,0.063393,1.020233,1.489643,1.189030
16.700000,2.001384,1.990074,2.034193,2.033531,2.001950,1.961728,2.000497,1.963552,0.120356,0.105286,0.034117,0.072753,0.550340,0.065335,0.995017,1.476005,1.156074
16.716667,2.001437,1.989774,2.033415,2.033000,2.001970,1.961565,2.000451,1.963864,0.120511,0.104705,0.034328,0.071723,0.534096,0.066945,0.996658,1.449926,1.143044
16.733333,2.001464,1.989808,2.032870,2.032673,2.001990,1.961519,2.000425,1.964076,0.120556,0.104408,0.034280,0.071208,0.525599,0.067681,1.024213,1.434773,1.135838
16.750000,2.001440,1.990607,2.032378,2.032487,2.001988,1.960974,2.000418,1.964186,0.120489,0.104301,0.034240,0.071068,0.521070,0.067819,1.053249,1.426978,1.131784
16.766667,2.001417,1.991101,2.032021,2.032381,2.001941,1.963348,2.000428,1.964238,0.120565,0.104017,0.034565,0.070620,0.518635,0.067838,1.068890,1.423067,1.129682
16.783333,2.001407,1.991174,2.031797,2.032223,2.001883,1.964554,2.000417,1.964272,0.120533,0.103848,0.034732,0.070381,0.517378,0.067856,1.078502,1.421336,1.127912
16.800000,2.001409,1.990524,2.031659,2.032090,2.001830,1.965313,2.000443,1.962767,0.120466,0.103739,0.034849,0.070264,0.516883,0.067954,1.084235,1.420359,1.126687
16.816667,2.001413,1.989446,2.031495,2.031781,2.001797,1.966120,2.000478,1.961241,0.120639,0.103720,0.034854,0.070201,0.516719,0.068039,1.087345,1.424505,1.121311
16.833333,2.001414,1.988668,2.031703,2.031332,2.001780,1.966517,2.000516,1.959720,0.121013,0.103783,0.034747,0.070174,0.516730,0.068116,1.088800,1.434576,1.112744
16.850000,2.001417,1.989034,2.031648,2.031263,2.001750,1.966389,2.000555,1.958222,0.121019,0.103935,0.034755,0.070183,0.519635,0.068008,1.089203,1.429861,1.112479
16.866667,2.001365,1.989038,2.031735,2.032002,2.001659,1.965903,2.000583,1.957529,0.119836,0.104862,0.034634,0.070271,0.543315,0.065234,1.089196,1.427068,1.131582
16.883333,2.001260,1.989218,2.031883,2.033248,2.001555,1.965324,2.000542,1.961793,0.118432,0.106080,0.034582,0.070584,0.542662,0.062037,1.071611,1.427277,1.160827
16.900000,2.001187,1.989431,2.031910,2.033963,2.001508,1.965009,2.000512,1.964726,0.117773,0.106895,0.034489,0.071001,0.540507,0.060308,1.061919,1.426409,1.176545
16.916667,2.001143,1.989990,2.031941,2.034582,2.001522,1.964680,2.000502,1.966211,0.117849,0.106833,0.034600,0.071250,0.538732,0.059473,1.056364,1.425586,1.188186
16.933333,2.001115,1.991000,2.031957,2.034743,2.001567,1.963517,2.000524,1.966987,0.118130,0.106597,0.034704,0.071419,0.537711,0.059063,1.052880,1.425163,1.189240
16.950000,2.001101,1.991202,2.032339,2.034835,2.001626,1.962529,2.000528,1.966274,0.118371,0.106488,0.034698,0.071536,0.537318,0.059039,1.040650,1.436609,1.189800
16.966667,2.001102,1.991280,2.032805,2.034888,2.001681,1.962089,2.000488,1.964151,0.118540,0.106439,0.034636,0.071598,0.537559,0.059130,1.032378,1.450654,1.190088
16.983333,2.001109,1.990981,2.033274,2.034987,2.001717,1.962387,2.000442,1.962415,0.118635,0.106399,0.034614,0.071612,0.537901,0.059225,1.026402,1.462645,1.190854
17.000000,2.001192,1.990508,2.033890,2.035069,2.001744,1.964239,2.000426,1.961461,0.118869,0.107506,0.034691,0.072874,0.527218,0.061301,1.020508,1.473915,1.191572
17.016667,2.001271,1.990050,2.034167,2.035145,2.001775,1.964759,2.000431,1.960544,0.119119,0.108579,0.034926,0.074037,0.516362,0.063444,1.008453,1.475722,1.192237
17.033333,2.001336,1.989531,2.033960,2.034264,2.001807,1.964878,2.000410,1.960925,0.119434,0.109095,0.035016,0.074396,0.496328,0.065458,0.990649,1.468079,1.173636
17.050000,2.001394,1.989216,2.033566,2.032877,2.001844,1.965017,2.000366,1.961123,0.119832,0.108258,0.035088,0.072904,0.480795,0.067226,0.986287,1.453205,1.144371
17.066667,2.001413,1.989566,2.032462,2.032210,2.001863,1.964964,2.000343,1.961299,0.120111,0.107719,0.035028,0.071880,0.472710,0.068037,1.007437,1.427980,1.129991
17.083333,2.001394,1.990344,2.031630,2.031852,2.001843,1.963963,2.000346,1.961401,0.120037,0.107447,0.035096,0.071550,0.468392,0.068260,1.029986,1.413227,1.122215
17.100000,2.001374,1.990730,2.031229,2.031657,2.001797,1.965695,2.000358,1.961444,0.120043,0.107074,0.035527,0.071082,0.466081,0.068324,1.038994,1.410348,1.118062
17.116667,2.001365,1.990530,2.031000,2.031447,2.001733,1.967902,2.000344,1.961469,0.120152,0.106627,0.035998,0.070356,0.464911,0.068345,1.045311,1.409713,1.115240
17.133333,2.001367,1.989798,2.030844,2.031286,2.001675,1.968777,2.000364,1.959888,0.120186,0.106339,0.036319,0.069910,0.464462,0.068442,1.049281,1.409025,1.113468
17.150000,2.001375,1.988840,2.030947,2.030929,2.001634,1.968953,2.000388,1.958292,0.120426,0.106228,0.036353,0.069638,0.464315,0.068524,1.054245,1.420336,1.107688
17.166667,2.001381,1.988043,2.031344,2.030455,2.001609,1.969368,2.000423,1.956711,0.120800,0.106210,0.036278,0.069460,0.464342,0.068602,1.056922,1.437616,1.099502
17.183333,2.001372,1.988704,2.031463,2.030099,2.001598,1.969378,2.000461,1.955299,0.121236,0.106345,0.036309,0.069328,0.471150,0.067992,1.061311,1.438354,1.093596
17.200000,2.001329,1.988996,2.031789,2.030428,2.001546,1.969018,2.000496,1.954272,0.120884,0.107157,0.036042,0.069294,0.491832,0.065614,1.074969,1.442924,1.105135
17.216667,2.001241,1.989596,2.031932,2.031235,2.001468,1.968520,2.000481,1.956830,0.120085,0.108401,0.035794,0.069557,0.505807,0.062641,1.071174,1.442970,1.127152
17.233333,2.001180,1.989978,2.031965,2.031729,2.001426,1.968183,2.000457,1.959628,0.119688,0.109139,0.035641,0.069938,0.507520,0.060950,1.067498,1.442132,1.139837
17.250000,2.001142,1.990588,2.031978,2.032014,2.001433,1.967567,2.000465,1.961062,0.119652,0.109232,0.035631,0.070202,0.507817,0.060114,1.065062,1.441723,1.146447
17.266667,2.001117,1.991530,2.031984,2.032199,2.001477,1.966444,2.000492,1.961813,0.119879,0.108959,0.035691,0.070352,0.507880,0.059700,1.063385,1.441477,1.150012
17.283333,2.001104,1.991796,2.032426,2.032301,2.001525,1.965450,2.000514,1.961716,0.120070,0.108834,0.035621,0.070447,0.507925,0.059637,1.056077,1.455101,1.151938
17.300000,2.001102,1.991851,2.032859,2.032361,2.001572,1.965208,2.000477,1.960004,0.120218,0.108772,0.035547,0.070478,0.508323,0.059701,1.049002,1.468343,1.152981
17.316667,2.001109,1.991406,2.033187,2.032396,2.001602,1.965967,2.000428,1.958481,0.120314,0.108723,0.035534,0.070477,0.508741,0.059779,1.044162,1.479560,1.154085
17.333333,2.001164,1.991157,2.033834,2.032415,2.001629,1.967317,2.000375,1.957142,0.120575,0.109669,0.035547,0.071361,0.509056,0.061394,1.039189,1.490347,1.154939
17.350000,2.001211,1.991034,2.034611,2.032421,2.001658,1.967466,2.000375,1.956443,0.120848,0.110614,0.035529,0.072320,0.499977,0.063308,1.015469,1.504658,1.155623
17.366667,2.001259,1.990666,2.034599,2.032057,2.001691,1.967183,2.000354,1.957099,0.121140,0.111314,0.035648,0.072949,0.482150,0.065020,0.991616,1.501566,1.147167
17.383333,2.001321,1.990548,2.034376,2.031542,2.001726,1.967076,2.000313,1.957536,0.121436,0.110888,0.035587,0.072014,0.468184,0.066551,0.998199,1.487334,1.131313
17.400000,2.001349,1.990985,2.033352,2.031235,2.001738,1.966662,2.000295,1.957818,0.121663,0.110607,0.035511,0.071327,0.460857,0.067251,1.027888,1.459984,1.122610
17.416667,2.001336,1.991936,2.032463,2.031071,2.001728,1.965809,2.000296,1.957968,0.121749,0.110487,0.035245,0.071001,0.456937,0.067402,1.059765,1.443632,1.117912
17.433333,2.001320,1.992342,2.032013,2.030983,2.001707,1.966025,2.000306,1.958039,0.121500,0.110294,0.035566,0.070969,0.454830,0.067423,1.068341,1.440311,1.115342
17.450000,2.001311,1.992145,2.031757,2.030895,2.001640,1.968312,2.000293,1.958079,0.121549,0.110012,0.036102,0.070556,0.453762,0.067411,1.073355,1.439309,1.113989
17.466667,2.001308,1.991398,2.031589,2.030774,2.001572,1.969445,2.000281,1.957639,0.121592,0.109762,0.036522,0.070156,0.453280,0.067406,1.076787,1.438493,1.113194
17.483333,2.001318,1.990405,2.031617,2.030528,2.001524,1.969904,2.000312,1.955821,0.121742,0.109639,0.036666,0.069912,0.453200,0.067489,1.081693,1.444428,1.110118
17.500000,2.001322,1.989374,2.032120,2.029998,2.001498,1.970431,2.000347,1.954101,0.122100,0.109635,0.036661,0.069750,0.453260,0.067556,1.084296,1.459398,1.102520
17.516667,2.001324,1.989313,2.032358,2.029688,2.001495,1.970448,2.000380,1.952507,0.122658,0.109852,0.036780,0.069668,0.456013,0.067429,1.088801,1.460700,1.099164
17.533333,2.001286,1.990621,2.032353,2.029590,2.001487,1.970119,2.000415,1.951370,0.123098,0.110283,0.036541,0.069564,0.475994,0.065072,1.109519,1.454333,1.100920
17.550000,2.001218,1.992222,2.032313,2.030292,2.001423,1.969628,2.000402,1.953995,0.122628,0.111523,0.036244,0.069824,0.490006,0.062069,1.116207,1.448237,1.121262
17.566667,2.001173,1.993068,2.032247,2.030410,2.001386,1.969290,2.000379,1.956865,0.122411,0.112262,0.036043,0.070147,0.491928,0.060371,1.120181,1.444794,1.125881
17.583333,2.001144,1.993888,2.032196,2.030425,2.001376,1.968694,2.000392,1.958348,0.122242,0.112674,0.035910,0.070411,0.492345,0.059527,1.121730,1.442934,1.125548
17.600000,2.001121,1.994852,2.032164,2.030480,2.001404,1.967608,2.000428,1.959128,0.122401,0.112915,0.035812,0.070533,0.492494,0.059104,1.122105,1.441983,1.125102
17.616667,2.001106,1.994953,2.032619,2.030514,2.001450,1.966645,2.000452,1.959442,0.122680,0.113032,0.035667,0.070530,0.492502,0.059056,1.111050,1.455879,1.124775
17.633333,2.001099,1.994947,2.033077,2.030535,2.001495,1.966426,2.000418,1.957920,0.122865,0.113097,0.035541,0.070512,0.492944,0.059119,1.102661,1.469640,1.124532
17.650000,2.001105,1.994468,2.033447,2.030499,2.001530,1.967462,2.000372,1.956286,0.122946,0.113068,0.035508,0.070521,0.493447,0.059199,1.097009,1.481266,1.124778
17.666667,2.001142,1.994065,2.034024,2.030442,2.001567,1.968486,2.000323,1.954774,0.123203,0.113727,0.035517,0.071239,0.493794,0.060400,1.088228,1.492184,1.125447
17.683333,2.001154,1.993797,2.034352,2.030076,2.001607,1.968380,2.000315,1.953867,0.123465,0.114415,0.035750,0.072000,0.487983,0.061503,1.059262,1.495670,1.117739
17.700000,2.001190,1.993360,2.034240,2.029464,2.001647,1.968120,2.000307,1.953715,0.123699,0.114522,0.035846,0.072068,0.473393,0.062821,1.030642,1.487484,1.097354
17.716667,2.001233,1.993007,2.033710,2.029469,2.001687,1.968112,2.000262,1.954217,0.123647,0.113217,0.035926,0.070612,0.458015,0.064226,1.017278,1.469095,1.091279
17.733333,2.001256,1.993109,2.032659,2.029420,2.001691,1.967626,2.000244,1.954534,0.123487,0.112410,0.035899,0.069791,0.449913,0.064911,1.030394,1.443780,1.087457
17.750000,2.001246,1.993888,2.031917,2.029386,2.001678,1.966748,2.000241,1.954703,0.123407,0.112017,0.035545,0.069400,0.445559,0.065044,1.054640,1.435593,1.085299
17.766667,2.001237,1.994287,2.031472,2.029370,2.001654,1.965961,2.000256,1.954926,0.123042,0.111645,0.035568,0.069322,0.443130,0.065059,1.062697,1.435783,1.084134
17.783333,2.001232,1.993940,2.031227,2.029326,2.001594,1.968808,2.000235,1.955078,0.123367,0.111018,0.036320,0.068127,0.441925,0.065013,1.067839,1.436720,1.083602
17.800000,2.001237,1.993264,2.031077,2.029233,2.001522,1.970637,2.000240,1.954052,0.123587,0.110657,0.036843,0.067350,0.441436,0.065047,1.070904,1.437181,1.083294
17.816667,2.001246,1.991831,2.031162,2.028833,2.001478,1.972027,2.000271,1.952289,0.123997,0.110517,0.037045,0.066858,0.441324,0.065125,1.074971,1.448536,1.078044
17.833333,2.001251,1.990185,2.031659,2.028296,2.001450,1.972822,2.000301,1.950609,0.124453,0.110499,0.037117,0.066550,0.441364,0.065200,1.077205,1.465152,1.070726
17.850000,2.001244,1.989945,2.032031,2.027813,2.001442,1.972962,2.000335,1.949262,0.125169,0.110801,0.037289,0.066327,0.452366,0.064161,1.081648,1.472537,1.065828
17.866667,2.001203,1.991247,2.032200,2.027757,2.001437,1.972722,2.000371,1.947917,0.125989,0.112023,0.037283,0.066274,0.467312,0.062520,1.104791,1.470779,1.072288
17.883333,2.001146,1.992355,2.032375,2.028145,2.001440,1.971972,2.000379,1.948471,0.126273,0.112484,0.037148,0.066538,0.485856,0.060219,1.126575,1.471922,1.085773
17.900000,2.001107,1.992926,2.032345,2.028152,2.001465,1.971295,2.000379,1.950443,0.126724,0.112773,0.037081,0.066834,0.489456,0.058916,1.138008,1.470643,1.085117
17.916667,2.001081,1.993355,2.032292,2.028209,2.001517,1.970089,2.000422,1.951457,0.127127,0.112919,0.037064,0.067029,0.491119,0.058272,1.143623,1.468770,1.084153
17.933333,2.001070,1.994102,2.032416,2.028273,2.001576,1.969012,2.000460,1.951995,0.127472,0.112972,0.036999,0.067155,0.491938,0.057993,1.140384,1.472586,1.083414
17.950000,2.001070,1.994055,2.032986,2.028305,2.001641,1.968019,2.000495,1.952156,0.127738,0.113003,0.036865,0.067241,0.492299,0.058018,1.124555,1.489994,1.082815
17.966667,2.001066,1.994095,2.033491,2.028313,2.001700,1.967856,2.000477,1.950503,0.127890,0.112995,0.036771,0.067295,0.493031,0.058075,1.117593,1.503068,1.082175
17.983333,2.001071,1.993808,2.034185,2.028279,2.001745,1.968773,2.000436,1.948734,0.127939,0.112936,0.036761,0.067331,0.493705,0.058147,1.112666,1.514584,1.081943
18.000000,2.001090,1.993477,2.034497,2.028148,2.001778,1.969093,2.000404,1.947195,0.128192,0.113757,0.036910,0.068049,0.494099,0.059257,1.095154,1.521208,1.082448
18.016667,2.001124,1.992845,2.034427,2.027296,2.001808,1.968778,2.000411,1.946445,0.128472,0.114604,0.036854,0.068808,0.486076,0.060318,1.067184,1.524667,1.064588
18.033333,2.001195,1.992175,2.034758,2.026426,2.001834,1.968474,2.000398,1.946581,0.128750,0.115059,0.036246,0.068913,0.473748,0.061554,1.066074,1.536236,1.043010
18.050000,2.001236,1.991986,2.034703,2.026301,2.001873,1.968424,2.000357,1.947082,0.129246,0.114667,0.035989,0.067631,0.460254,0.062943,1.066845,1.530671,1.039081
18.066667,2.001237,1.992620,2.033943,2.026172,2.001884,1.968045,2.000341,1.946727,0.129654,0.114459,0.035988,0.066742,0.453275,0.063573,1.086691,1.508621,1.036410
18.083333,2.001231,1.993688,2.033393,2.026144,2.001840,1.967148,2.000344,1.946529,0.129175,0.113827,0.035577,0.066337,0.449545,0.063648,1.125186,1.498578,1.034922
18.100000,2.001231,1.994244,2.033117,2.026131,2.001792,1.966208,2.000377,1.945140,0.128861,0.113424,0.035197,0.066114,0.447692,0.063705,1.144462,1.497708,1.034170
18.116667,2.001241,1.994254,2.032988,2.026052,2.001714,1.966645,2.000406,1.942786,0.128598,0.112831,0.035724,0.065529,0.446981,0.063758,1.158703,1.498449,1.033805
18.133333,2.001252,1.993707,2.032900,2.025874,2.001634,1.968796,2.000426,1.940777,0.128665,0.112341,0.036396,0.064822,0.446740,0.063798,1.168659,1.504121,1.032783
18.150000,2.001256,1.992438,2.032952,2.025514,2.001589,1.970576,2.000451,1.938944,0.128988,0.112077,0.036835,0.064314,0.446724,0.063845,1.174143,1.520074,1.029115
18.166667,2.001259,1.992531,2.032821,2.025222,2.001550,1.971749,2.000474,1.937311,0.128931,0.111705,0.037065,0.064106,0.446794,0.063903,1.176720,1.524358,1.025213
18.183333,2.001251,1.993061,2.032785,2.024896,2.001520,1.972116,2.000493,1.937752,0.129095,0.111657,0.037291,0.064015,0.450407,0.062880,1.177991,1.527046,1.020695
18.200000,2.001191,1.994091,2.032920,2.025274,2.001486,1.971981,2.000489,1.940901,0.129058,0.112723,0.037492,0.064418,0.451102,0.060758,1.180788,1.528564,1.031234
18.216667,2.001101,1.995366,2.033064,2.024899,2.001474,1.971082,2.000471,1.943575,0.129568,0.113689,0.037596,0.064616,0.466207,0.058314,1.174305,1.528961,1.031508
18.233333,2.001044,1.996019,2.033092,2.024398,2.001490,1.970441,2.000473,1.946868,0.130033,0.114036,0.037590,0.064892,0.464702,0.057038,1.170836,1.530144,1.025587
18.250000,2.001006,1.996658,2.033090,2.024115,2.001553,1.969224,2.000510,1.948618,0.130491,0.113975,0.037558,0.065096,0.463435,0.056429,1.168234,1.530940,1.022210
18.266667,2.000993,1.997273,2.033348,2.024026,2.001614,1.968127,2.000545,1.949483,0.130813,0.113878,0.037445,0.065230,0.462758,0.056192,1.159772,1.538963,1.020388
18.283333,2.000981,1.997119,2.033941,2.023937,2.001672,1.967155,2.000569,1.949749,0.130967,0.113814,0.037304,0.065318,0.462314,0.056259,1.141615,1.555654,1.018941
18.300000,2.000977,1.996991,2.034522,2.023857,2.001726,1.967355,2.000537,1.948183,0.131024,0.113744,0.037202,0.065352,0.462577,0.056354,1.129716,1.569428,1.017928
18.316667,2.001002,1.997310,2.035413,2.023808,2.001775,1.968155,2.000496,1.946477,0.131219,0.114170,0.037096,0.065730,0.462868,0.057059,1.121975,1.581155,1.017393
18.333333,2.001045,1.997627,2.036123,2.023310,2.001801,1.968699,2.000476,1.945332,0.131501,0.114929,0.036898,0.066388,0.456310,0.058106,1.109313,1.591092,1.010147
18.350000,2.001069,1.997685,2.036000,2.022651,2.001817,1.968953,2.000467,1.944585,0.131528,0.115458,0.036864,0.067031,0.447325,0.059078,1.076632,1.588028,0.992912
18.366667,2.001109,1.997509,2.035456,2.023136,2.001832,1.969258,2.000452,1.945385,0.131285,0.115580,0.036851,0.067515,0.430614,0.060178,1.060157,1.574685,1.000956
18.383333,2.001163,1.996948,2.034580,2.023483,2.001839,1.970846,2.000455,1.945993,0.130832,0.114920,0.036850,0.067349,0.417808,0.061356,1.063927,1.555618,1.008108
18.400000,2.001173,1.997255,2.033836,2.023637,2.001836,1.971735,2.000459,1.946331,0.130325,0.114301,0.036793,0.067182,0.411086,0.061859,1.086123,1.537451,1.011173
18.416667,2.001165,1.998316,2.033372,2.023716,2.001804,1.971536,2.000473,1.946507,0.129949,0.113940,0.036416,0.067114,0.407495,0.061865,1.122703,1.529399,1.012683
18.433333,2.001166,1.998968,2.033047,2.023755,2.001767,1.970958,2.000495,1.945435,0.129618,0.113698,0.036302,0.067163,0.405721,0.061874,1.142247,1.526033,1.013510
18.450000,2.001174,1.999002,2.032890,2.023738,2.001710,1.970533,2.000510,1.943550,0.129479,0.113188,0.036955,0.066591,0.405018,0.061872,1.155556,1.525482,1.013993
18.466667,2.001182,1.998481,2.032497,2.023685,2.001652,1.970147,2.000525,1.941734,0.129622,0.112820,0.037481,0.065910,0.404769,0.061869,1.163910,1.526740,1.014465
18.483333,2.001191,1.997753,2.031913,2.023382,2.001614,1.970064,2.000548,1.940040,0.129870,0.112643,0.037780,0.065494,0.404732,0.061888,1.168423,1.528732,1.011682
18.500000,2.001199,1.997337,2.031753,2.022854,2.001583,1.970188,2.000572,1.938520,0.130218,0.112622,0.037884,0.065238,0.404792,0.061924,1.170757,1.535450,1.002195
18.516667,2.001185,1.997753,2.031551,2.022951,2.001560,1.969957,2.000594,1.937734,0.130877,0.113828,0.038497,0.065160,0.414824,0.060918,1.171749,1.534638,1.005593
18.533333,2.001136,1.998120,2.031763,2.023083,2.001526,1.969465,2.000609,1.937611,0.130700,0.114883,0.038739,0.065476,0.428465,0.059378,1.185896,1.536014,1.002977
18.550000,2.001051,1.998786,2.031849,2.022805,2.001532,1.968540,2.000603,1.939263,0.130665,0.115166,0.038975,0.065804,0.444746,0.057307,1.188937,1.533713,0.998456
18.566667,2.000999,1.999119,2.031910,2.022527,2.001562,1.967884,2.000597,1.940711,0.130964,0.115297,0.039085,0.066034,0.451938,0.056293,1.190112,1.532486,0.994637
18.583333,2.000966,1.999563,2.031949,2.022361,2.001613,1.967880,2.000607,1.941522,0.130896,0.114810,0.039132,0.066285,0.455494,0.055816,1.190056,1.531749,0.992256
18.600000,2.000957,1.999861,2.032261,2.022276,2.001683,1.967773,2.000630,1.941740,0.130653,0.114079,0.039072,0.066571,0.457313,0.055687,1.180806,1.540373,0.991021
18.616667,2.000942,1.999580,2.032808,2.022229,2.001760,1.967459,2.000624,1.941651,0.130618,0.113658,0.038961,0.066740,0.458233,0.055785,1.164330,1.556461,0.990361
18.633333,2.000932,1.999508,2.033638,2.022220,2.001826,1.967822,2.000576,1.940386,0.130641,0.113395,0.038888,0.066820,0.459079,0.055874,1.156600,1.569088,0.989999
18.650000,2.000946,1.999473,2.034546,2.022227,2.001873,1.967870,2.000555,1.938668,0.130706,0.113453,0.038835,0.067116,0.456720,0.056156,1.151095,1.580035,0.989811
18.666667,2.000998,1.999383,2.035060,2.021786,2.001919,1.967298,2.000568,1.937627,0.131097,0.114248,0.038789,0.067802,0.447334,0.057198,1.143738,1.586605,0.979654
18.683333,2.001048,1.999187,2.034852,2.021747,2.001938,1.966657,2.000580,1.936671,0.131107,0.114874,0.038466,0.068478,0.438374,0.058193,1.126829,1.586820,0.977320
18.700000,2.001122,1.998470,2.034679,2.022163,2.001949,1.967396,2.000575,1.937746,0.131209,0.115357,0.037816,0.068838,0.422707,0.059382,1.133374,1.594843,0.987367
18.716667,2.001168,1.997745,2.033955,2.022507,2.001966,1.968758,2.000580,1.938205,0.131328,0.115682,0.037574,0.068956,0.410365,0.060512,1.141208,1.589777,0.997591
18.733333,2.001170,1.997869,2.033336,2.022610,2.001979,1.969722,2.000586,1.937904,0.131411,0.115843,0.037471,0.069047,0.404020,0.061053,1.155623,1.580969,1.002020
18.750000,2.001159,1.998891,2.033585,2.022645,2.001960,1.969635,2.000603,1.937737,0.131418,0.115928,0.036988,0.069121,0.400635,0.061074,1.187729,1.585218,1.004179
18.766667,2.001154,1.999579,2.033832,2.022661,2.001926,1.969127,2.000617,1.937146,0.131393,0.115970,0.036590,0.069178,0.398886,0.061046,1.207723,1.590472,1.005388
18.783333,2.001160,1.999537,2.033833,2.022634,2.001878,1.968749,2.000634,1.934750,0.131233,0.115999,0.036762,0.069353,0.398192,0.061092,1.221852,1.592164,0.998349
18.800000,2.001164,1.999016,2.033565,2.022004,2.001838,1.968289,2.000653,1.932577,0.131753,0.115912,0.037332,0.068663,0.397979,0.061063,1.231541,1.601237,0.972708
18.816667,2.001170,1.998350,2.033394,2.021512,2.001802,1.968177,2.000677,1.930627,0.132164,0.115923,0.037653,0.068244,0.397957,0.061067,1.236766,1.610856,0.950971
18.833333,2.001170,1.998589,2.032604,2.020702,2.001778,1.968438,2.000702,1.928917,0.132636,0.116032,0.037868,0.067986,0.398020,0.061094,1.239129,1.606568,0.926022
18.850000,2.001160,1.999155,2.031830,2.020873,2.001726,1.968444,2.000727,1.928087,0.132475,0.116799,0.038128,0.068080,0.407748,0.060143,1.240216,1.599067,0.928275
18.866667,2.001121,2.000048,2.031280,2.021410,2.001692,1.968036,2.000753,1.928083,0.132054,0.117353,0.038591,0.068377,0.425215,0.058323,1.242826,1.590685,0.940807
18.883333,2.001027,2.001553,2.030732,2.021896,2.001697,1.967504,2.000743,1.932029,0.131927,0.117325,0.038764,0.068606,0.437365,0.055936,1.237637,1.577313,0.951936
18.900000,2.000960,2.002422,2.030404,2.022162,2.001703,1.967771,2.000726,1.936011,0.131709,0.116921,0.038882,0.068730,0.439519,0.054548,1.232868,1.568091,0.957393
18.916667,2.000922,2.003019,2.030255,2.022310,2.001706,1.967957,2.000726,1.938107,0.131517,0.116627,0.038925,0.068794,0.440133,0.053846,1.229744,1.563669,0.960197
18.933333,2.000900,2.003235,2.030386,2.022397,2.001737,1.967165,2.000749,1.938951,0.131446,0.116480,0.038874,0.068831,0.440296,0.053572,1.221178,1.568460,0.961724
18.950000,2.000882,2.002770,2.031019,2.022444,2.001789,1.966546,2.000718,1.939261,0.131475,0.116400,0.038775,0.068847,0.440361,0.053597,1.201115,1.583738,0.962548
18.966667,2.000874,2.002519,2.031893,2.022470,2.001845,1.967145,2.000673,1.938199,0.131335,0.116084,0.038723,0.068919,0.440724,0.053659,1.188885,1.596592,0.963005
18.983333,2.000886,2.002455,2.032676,2.022372,2.001895,1.968079,2.000629,1.936285,0.131249,0.115976,0.038681,0.069159,0.441224,0.053936,1.182367,1.607055,0.963615
19.000000,2.000962,2.002400,2.033315,2.022348,2.001942,1.968532,2.000590,1.934275,0.131537,0.116633,0.038690,0.069812,0.441766,0.055918,1.182758,1.613166,0.967542
19.016667,2.001034,2.002296,2.033513,2.023180,2.001975,1.968446,2.000569,1.932596,0.131614,0.117179,0.038223,0.070501,0.439697,0.057876,1.186477,1.617002,0.988862
19.033333,2.001094,2.002036,2.033335,2.023960,2.002011,1.969223,2.000571,1.932715,0.131768,0.117333,0.037706,0.070913,0.427245,0.059564,1.189242,1.616690,1.008157
19.050000,2.001135,2.001917,2.033251,2.024628,2.002037,1.969513,2.000556,1.933690,0.131548,0.117306,0.037262,0.071192,0.413390,0.060798,1.191459,1.614439,1.020041
19.066667,2.001137,2.001912,2.033221,2.024910,2.002046,1.969616,2.000550,1.934225,0.131427,0.117307,0.037134,0.071364,0.406076,0.061514,1.187356,1.613260,1.025490
19.083333,2.001143,2.001824,2.033359,2.025042,2.002020,1.969112,2.000560,1.934515,0.131299,0.117317,0.036890,0.071494,0.402162,0.061854,1.189548,1.616375,1.028225
19.100000,2.001145,2.001760,2.033170,2.025116,2.001987,1.968423,2.000571,1.934669,0.131219,0.117325,0.036724,0.071575,0.400072,0.062004,1.192438,1.615270,1.029765
19.116667,2.001147,2.001543,2.032841,2.025302,2.001957,1.967938,2.000584,1.932615,0.131138,0.117305,0.036698,0.071723,0.399208,0.062153,1.197343,1.622612,1.030026
19.133333,2.001149,2.000861,2.032682,2.024468,2.001920,1.967413,2.000600,1.930380,0.131262,0.117275,0.037269,0.071624,0.398896,0.062196,1.201409,1.633037,1.004223
19.150000,2.001151,2.000157,2.032892,2.023836,2.001874,1.968439,2.000623,1.928317,0.131452,0.116850,0.038140,0.070890,0.398890,0.062199,1.203687,1.642775,0.983411
19.166667,2.001156,1.999689,2.032865,2.023152,2.001833,1.969411,2.000648,1.926456,0.131632,0.116558,0.038870,0.070381,0.398985,0.062214,1.204867,1.646734,0.963512
19.183333,2.001141,2.000284,2.032541,2.023361,2.001760,1.969617,2.000673,1.925344,0.131398,0.117450,0.039076,0.070301,0.408737,0.061167,1.217576,1.643387,0.967755
19.200000,2.001096,2.001481,2.032074,2.023897,2.001701,1.969368,2.000678,1.927633,0.130990,0.118340,0.039357,0.070591,0.418342,0.058987,1.228830,1.633014,0.981103
19.216667,2.000989,2.002774,2.031914,2.024321,2.001686,1.968964,2.000652,1.932580,0.131025,0.118877,0.039224,0.070818,0.429552,0.056326,1.235049,1.625303,0.991802
19.233333,2.000915,2.003421,2.031835,2.024514,2.001713,1.968741,2.000625,1.937692,0.131314,0.118998,0.039210,0.071033,0.427330,0.054797,1.235707,1.620970,0.996984
19.250000,2.000870,2.003743,2.031776,2.024609,2.001760,1.968197,2.000629,1.940320,0.131627,0.118927,0.039219,0.071141,0.425700,0.054042,1.235686,1.617978,0.999606
19.266667,2.000838,2.003820,2.031834,2.024665,2.001831,1.967181,2.000633,1.942904,0.131941,0.118808,0.039202,0.071185,0.424521,0.053650,1.233335,1.618967,1.001009
19.283333,2.000812,2.003185,2.032529,2.024693,2.001912,1.966823,2.000614,1.945793,0.132091,0.118638,0.039118,0.071242,0.423531,0.053575,1.214457,1.633079,1.001765
19.300000,2.000791,2.002621,2.033546,2.024708,2.001979,1.967251,2.000552,1.947769,0.131993,0.118362,0.039081,0.071341,0.422902,0.053605,1.197270,1.646104,1.002184
19.316667,2.000784,2.002029,2.033962,2.024642,2.002035,1.967870,2.000491,1.949470,0.131944,0.118336,0.039178,0.071624,0.422361,0.053886,1.180598,1.653059,1.002744
19.333333,2.000832,2.001208,2.033277,2.024670,2.002075,1.968374,2.000434,1.950924,0.132081,0.119157,0.039246,0.072563,0.421833,0.055006,1.183761,1.645009,1.006664
19.350000,2.000882,2.000789,2.032839,2.025530,2.002105,1.968299,2.000390,1.951961,0.132088,0.119809,0.038740,0.073368,0.421488,0.056242,1.189549,1.641117,1.027954
19.366667,2.000936,2.000638,2.032558,2.026319,2.002135,1.967883,2.000353,1.952885,0.132202,0.120518,0.038063,0.074108,0.412575,0.057429,1.194826,1.639501,1.047085
19.383333,2.000983,2.000452,2.032437,2.026951,2.002155,1.967338,2.000325,1.952765,0.131948,0.121146,0.037581,0.074863,0.406535,0.058318,1.194182,1.637438,1.057180
19.400000,2.001014,2.000360,2.032525,2.027268,2.002149,1.966888,2.000311,1.952607,0.131333,0.121174,0.037254,0.075493,0.403349,0.058754,1.193222,1.640109,1.061939
19.416667,2.001035,2.000275,2.032758,2.027430,2.002100,1.965844,2.000318,1.952468,0.130832,0.121229,0.036951,0.075875,0.401650,0.058939,1.194616,1.645540,1.064397
19.433333,2.001044,2.000241,2.032958,2.027524,2.002038,1.964973,2.000329,1.952394,0.130401,0.121310,0.036785,0.076125,0.400733,0.059008,1.191990,1.649843,1.065780
19.450000,2.001045,2.000205,2.032849,2.027670,2.001985,1.964851,2.000323,1.951907,0.130158,0.121361,0.036558,0.076284,0.400317,0.059074,1.196312,1.653484,1.066022
19.466667,2.001043,2.000007,2.033132,2.027499,2.001948,1.966476,2.000338,1.950092,0.129435,0.121005,0.036934,0.076784,0.400266,0.059156,1.198981,1.660817,1.059185
19.483333,2.001046,1.999597,2.033307,2.026717,2.001857,1.970095,2.000359,1.948398,0.128002,0.120445,0.037748,0.077519,0.400326,0.059178,1.200453,1.666384,1.039196
19.500000,2.001051,1.999443,2.032975,2.025816,2.001794,1.971736,2.000385,1.946696,0.127323,0.120194,0.038247,0.077983,0.400454,0.059213,1.201059,1.665503,1.017712
19.516667,2.001043,1.999953,2.032650,2.025681,2.001739,1.972342,2.000413,1.945157,0.126947,0.120702,0.038530,0.078272,0.406433,0.058645,1.212497,1.661341,1.015343
19.533333,2.001010,2.001129,2.032248,2.026245,2.001677,1.972311,2.000447,1.943823,0.126395,0.121634,0.038745,0.078713,0.421349,0.057042,1.219193,1.650906,1.030174
19.550000,2.000936,2.002517,2.032149,2.026680,2.001630,1.972060,2.000468,1.943196,0.126139,0.122347,0.038473,0.078948,0.444838,0.054892,1.238017,1.643311,1.041373
19.566667,2.000884,2.003254,2.032096,2.026890,2.001616,1.971812,2.000484,1.943218,0.126063,0.122748,0.038324,0.079097,0.456349,0.053822,1.248013,1.639041,1.046812
19.583333,2.000854,2.003628,2.032043,2.027001,2.001624,1.971016,2.000524,1.943669,0.126044,0.122995,0.038256,0.079202,0.459862,0.053259,1.253034,1.636044,1.049595
19.600000,2.000831,2.003829,2.032015,2.027067,2.001643,1.970199,2.000557,1.943893,0.126057,0.123148,0.038221,0.079256,0.461747,0.052966,1.255749,1.634420,1.051108
19.616667,2.000818,2.003229,2.032902,2.027097,2.001683,1.969415,2.000578,1.943834,0.126128,0.123239,0.038128,0.079295,0.462684,0.053008,1.239017,1.647966,1.051914
19.633333,2.000818,2.002650,2.033924,2.027112,2.001725,1.968872,2.000545,1.942561,0.126204,0.123298,0.038066,0.079313,0.463527,0.053115,1.222388,1.660672,1.052345
19.650000,2.000833,2.001969,2.033953,2.027096,2.001768,1.968275,2.000519,1.940496,0.126273,0.123344,0.038278,0.079322,0.464347,0.053252,1.204053,1.661500,1.052714
19.666667,2.000870,2.001026,2.033162,2.027013,2.001799,1.968005,2.000513,1.939075,0.126367,0.123685,0.038655,0.079721,0.458739,0.053533,1.190023,1.650292,1.053407
19.683333,2.000955,2.000267,2.032816,2.027268,2.001825,1.967854,2.000520,1.938088,0.126719,0.124793,0.038267,0.080662,0.449762,0.054895,1.195618,1.648015,1.058440
19.700000,2.001027,1.999560,2.032538,2.027974,2.001836,1.967367,2.000507,1.938784,0.126691,0.125689,0.037578,0.081623,0.432320,0.056233,1.199780,1.647234,1.068393
19.716667,2.001078,1.998920,2.032502,2.028284,2.001857,1.966858,2.000475,1.939407,0.126637,0.126289,0.037082,0.082295,0.418597,0.057202,1.197688,1.647006,1.073135
19.733333,2.001108,1.998449,2.032745,2.028354,2.001871,1.966420,2.000459,1.939766,0.126617,0.126622,0.036603,0.082661,0.411438,0.057720,1.206453,1.650852,1.074576
19.750000,2.001120,1.998194,2.032945,2.028358,2.001848,1.965217,2.000467,1.939963,0.126582,0.126804,0.036302,0.082889,0.407631,0.057949,1.208605,1.655093,1.075113
19.766667,2.001125,1.998073,2.032864,2.028352,2.001812,1.964169,2.000484,1.939587,0.126552,0.126897,0.036181,0.083030,0.405642,0.058066,1.207090,1.655128,1.075436
19.783333,2.001130,1.998256,2.032438,2.028334,2.001743,1.964239,2.000498,1.937352,0.126488,0.126959,0.036023,0.083137,0.404825,0.058232,1.211896,1.652620,1.075785
19.800000,2.001127,1.998839,2.031848,2.028310,2.001695,1.964292,2.000518,1.935315,0.126320,0.127028,0.036306,0.083420,0.404483,0.058344,1.214306,1.647810,1.076244
19.816667,2.001127,1.998987,2.031523,2.028313,2.001643,1.967378,2.000545,1.933416,0.125879,0.126376,0.037199,0.083050,0.404437,0.058365,1.215532,1.641702,1.076562
19.833333,2.001131,1.999201,2.031360,2.028335,2.001587,1.968734,2.000569,1.931713,0.125428,0.125783,0.037865,0.082711,0.404499,0.058384,1.216028,1.634650,1.076788
19.850000,2.001127,1.999912,2.031283,2.028479,2.001548,1.969128,2.000590,1.930454,0.125378,0.125960,0.038254,0.082616,0.406835,0.058192,1.223547,1.627006,1.080525
19.866667,2.001094,2.001090,2.031136,2.029519,2.001496,1.968973,2.000618,1.930167,0.125178,0.127098,0.038589,0.082945,0.420824,0.056676,1.228426,1.615786,1.103638
19.883333,2.001006,2.002334,2.031075,2.030199,2.001456,1.968616,2.000633,1.933062,0.125183,0.127960,0.038574,0.083177,0.435983,0.054449,1.230737,1.606617,1.117715
19.900000,2.000949,2.002956,2.031044,2.030328,2.001435,1.968351,2.000643,1.934768,0.125302,0.128465,0.038607,0.083300,0.444953,0.053310,1.229301,1.601340,1.120848
19.916667,2.000914,2.003271,2.031015,2.030384,2.001434,1.967775,2.000667,1.935729,0.125380,0.128757,0.038634,0.083370,0.449382,0.052725,1.228217,1.598119,1.122358
19.933333,2.000886,2.003436,2.030999,2.030412,2.001461,1.966712,2.000694,1.936669,0.125506,0.128889,0.038651,0.083409,0.451568,0.052409,1.227616,1.596388,1.123158
19.950000,2.000866,2.002859,2.031860,2.030415,2.001516,1.965817,2.000679,1.939334,0.125716,0.128876,0.038574,0.083434,0.452240,0.052377,1.209000,1.611014,1.123546
19.966667,2.000849,2.002311,2.032847,2.030417,2.001566,1.965632,2.000621,1.941263,0.125944,0.128898,0.038513,0.083374,0.452504,0.052453,1.191339,1.624685,1.123741
19.983333,2.000838,2.001805,2.033781,2.030419,2.001611,1.965982,2.000559,1.942982,0.126103,0.128911,0.038472,0.083326,0.452479,0.052563,1.174268,1.637245,1.123843
20.000000,2.000832,2.001147,2.033775,2.029405,2.001645,1.966343,2.000499,1.944443,0.126150,0.128939,0.038563,0.083297,0.452330,0.052641,1.167419,1.640748,1.106328
20.016667,2.000874,2.000668,2.033591,2.027528,2.001673,1.966204,2.000453,1.945610,0.126626,0.130100,0.038287,0.084039,0.452163,0.054006,1.167707,1.640250,1.073795
20.033333,2.000912,2.000469,2.033315,2.027059,2.001699,1.965734,2.000399,1.947457,0.126800,0.130872,0.037853,0.084833,0.443269,0.055329,1.164484,1.637630,1.067570
20.050000,2.000928,2.000176,2.033320,2.026989,2.001717,1.965127,2.000359,1.948091,0.126728,0.131418,0.037498,0.085489,0.434816,0.055797,1.155362,1.638574,1.068822
20.066667,2.000933,2.000028,2.033324,2.026949,2.001719,1.964626,2.000340,1.948320,0.126579,0.131750,0.037248,0.085887,0.430340,0.055748,1.152442,1.640347,1.069087
20.083333,2.000949,1.999860,2.033078,2.026924,2.001688,1.963307,2.000347,1.948384,0.126429,0.131944,0.036971,0.086140,0.427939,0.055668,1.157012,1.639915,1.069210
20.100000,2.000956,1.999800,2.032944,2.026911,2.001640,1.962177,2.000360,1.948421,0.126248,0.132066,0.036876,0.086309,0.426647,0.055592,1.153176,1.640043,1.069314
20.116667,2.000966,1.999696,2.032733,2.026909,2.001566,1.962901,2.000365,1.947327,0.126088,0.132173,0.036718,0.086478,0.426076,0.055635,1.156125,1.640899,1.069503
20.133333,2.000971,1.999316,2.032388,2.026865,2.001515,1.965981,2.000387,1.945499,0.125376,0.131935,0.037174,0.086983,0.425903,0.055650,1.159357,1.640778,1.069881
20.150000,2.000977,1.999180,2.032164,2.026908,2.001439,1.969614,2.000415,1.943737,0.123605,0.131268,0.037958,0.087979,0.425899,0.055645,1.160949,1.636178,1.070227
20.166667,2.000986,1.999105,2.032058,2.026944,2.001382,1.971413,2.000447,1.941901,0.122601,0.130821,0.038468,0.088463,0.425998,0.055660,1.161645,1.630027,1.070454
20.183333,2.000976,1.999742,2.032017,2.027105,2.001337,1.972115,2.000481,1.940238,0.122567,0.131568,0.038835,0.088667,0.432095,0.055151,1.173238,1.623020,1.072110
20.200000,2.000950,2.000516,2.032003,2.027309,2.001274,1.972163,2.000528,1.938703,0.122768,0.133315,0.039244,0.089284,0.447600,0.053750,1.181134,1.615512,1.075180
20.216667,2.000903,2.001561,2.032021,2.027408,2.001238,1.971892,2.000582,1.937715,0.122900,0.134617,0.039009,0.089956,0.473442,0.051871,1.201486,1.609612,1.078422
20.233333,2.000862,2.002183,2.032020,2.027255,2.001239,1.971542,2.000609,1.938840,0.123210,0.135145,0.038855,0.090246,0.480121,0.050970,1.214253,1.606102,1.078063
20.250000,2.000837,2.002497,2.031998,2.027106,2.001275,1.970651,2.000652,1.939413,0.123495,0.135274,0.038785,0.090297,0.483456,0.050528,1.220718,1.603661,1.077187
20.266667,2.000817,2.002660,2.031986,2.027024,2.001313,1.969772,2.000687,1.939707,0.123692,0.135305,0.038748,0.090292,0.485241,0.050305,1.224102,1.602361,1.076770
20.283333,2.000794,2.002299,2.032523,2.026979,2.001355,1.968944,2.000704,1.939695,0.123862,0.135333,0.038675,0.090291,0.486122,0.050344,1.213708,1.611676,1.076557
20.300000,2.000788,2.001724,2.033571,2.026947,2.001392,1.968370,2.000667,1.939089,0.123985,0.135354,0.038607,0.090291,0.486756,0.050481,1.196828,1.625676,1.076430
20.316667,2.000799,2.001192,2.034555,2.026927,2.001432,1.968160,2.000641,1.936898,0.124107,0.135317,0.038561,0.090253,0.487587,0.050640,1.180125,1.638402,1.076349
20.333333,2.000815,2.000564,2.034774,2.026117,2.001468,1.967687,2.000624,1.934790,0.124146,0.135325,0.038819,0.090231,0.488266,0.050815,1.161827,1.639241,1.060984
20.350000,2.000886,1.999538,2.034326,2.025272,2.001500,1.967076,2.000634,1.933387,0.124421,0.136566,0.038956,0.091334,0.482412,0.052310,1.147596,1.633141,1.043253
20.366667,2.000956,1.998539,2.034088,2.025569,2.001523,1.966340,2.000645,1.933156,0.124648,0.137806,0.038528,0.092542,0.467822,0.053696,1.135461,1.632676,1.049923
20.383333,2.001004,1.997829,2.034024,2.025923,2.001536,1.965669,2.000619,1.933982,0.124337,0.138505,0.038164,0.093609,0.451693,0.054676,1.130526,1.631442,1.057550
20.400000,2.001042,1.997305,2.033531,2.025929,2.001490,1.965299,2.000605,1.934474,0.124030,0.139148,0.037855,0.093836,0.443204,0.055172,1.143438,1.624174,1.057583
20.416667,2.001055,1.997127,2.033151,2.025902,2.001445,1.964604,2.000605,1.934745,0.123538,0.138991,0.037651,0.093734,0.438699,0.055343,1.147339,1.620145,1.056355
20.433333,2.001053,1.997401,2.032917,2.025900,2.001399,1.963448,2.000634,1.933439,0.123024,0.138660,0.037745,0.093677,0.436424,0.055389,1.145432,1.618985,1.055789
20.450000,2.001050,1.997629,2.032620,2.025936,2.001369,1.963368,2.000661,1.931049,0.121998,0.137591,0.038453,0.093908,0.435451,0.055442,1.149482,1.619195,1.055491
20.466667,2.001051,1.997079,2.032431,2.025956,2.001350,1.964616,2.000679,1.928899,0.121416,0.136529,0.038885,0.093708,0.435053,0.055479,1.154722,1.625350,1.055646
20.483333,2.001058,1.996533,2.032199,2.025764,2.001323,1.966556,2.000701,1.926864,0.121169,0.135899,0.039186,0.093525,0.434937,0.055528,1.157463,1.626670,1.051982
20.500000,2.001064,1.996578,2.032003,2.025598,2.001292,1.967271,2.000722,1.925023,0.121048,0.135571,0.039402,0.093442,0.434947,0.055573,1.158654,1.621073,1.048388
20.516667,2.001067,1.996994,2.031899,2.026123,2.001238,1.967326,2.000737,1.924914,0.120978,0.136028,0.039537,0.093555,0.431041,0.055487,1.159133,1.614095,1.057483
20.533333,2.001038,1.998355,2.031699,2.026469,2.001163,1.966968,2.000752,1.928660,0.121316,0.137520,0.039050,0.093876,0.426609,0.053713,1.179369,1.602815,1.065121
20.550000,2.000957,1.999861,2.031571,2.026353,2.001128,1.966484,2.000766,1.932133,0.122035,0.138578,0.038500,0.093659,0.442592,0.051355,1.200581,1.593542,1.067577
20.566667,2.000901,2.000632,2.031496,2.026205,2.001145,1.966208,2.000772,1.934148,0.121948,0.138289,0.038285,0.093792,0.452228,0.050166,1.208555,1.588128,1.067993
20.583333,2.000869,2.001022,2.031445,2.026094,2.001176,1.965897,2.000783,1.935271,0.121958,0.137926,0.038183,0.093787,0.456763,0.049582,1.212458,1.584811,1.067967
20.600000,2.000833,2.001224,2.031417,2.026034,2.001224,1.964802,2.000792,1.937125,0.122045,0.137631,0.038126,0.093713,0.458871,0.049278,1.214527,1.583036,1.067989
20.616667,2.000805,2.000686,2.032104,2.025992,2.001271,1.964429,2.000761,1.939554,0.122076,0.137417,0.038013,0.093721,0.459697,0.049272,1.197492,1.597515,1.067873
20.633333,2.000787,2.000169,2.033110,2.025960,2.001311,1.964819,2.000709,1.941480,0.122115,0.137135,0.037956,0.093533,0.460012,0.049362,1.180781,1.611299,1.067713
20.650000,2.000780,1.999684,2.034067,2.025938,2.001348,1.965405,2.000655,1.943252,0.122212,0.136919,0.037973,0.093288,0.460062,0.049731,1.164157,1.624095,1.067543
20.666667,2.000789,1.998943,2.034349,2.025441,2.001382,1.965995,2.000601,1.944824,0.122264,0.136794,0.038209,0.093118,0.460043,0.050398,1.149665,1.631953,1.057471
20.683333,2.000805,1.998703,2.034186,2.024165,2.001422,1.966003,2.000569,1.946276,0.122734,0.137973,0.038394,0.093925,0.458914,0.051654,1.132200,1.631227,1.030875
20.700000,2.000829,1.998420,2.033983,2.024347,2.001455,1.965615,2.000515,1.950174,0.122980,0.138526,0.037977,0.094296,0.443714,0.052992,1.125640,1.630239,1.033531
20.716667,2.000854,1.998137,2.033720,2.024393,2.001488,1.965088,2.000475,1.951776,0.123179,0.138811,0.037863,0.094307,0.435081,0.053973,1.117767,1.623793,1.035844
20.733333,2.000894,1.997905,2.033139,2.024210,2.001478,1.964814,2.000452,1.952301,0.123137,0.139076,0.037737,0.094305,0.430549,0.054414,1.124218,1.612579,1.032899
20.750000,2.000941,1.997503,2.032641,2.024080,2.001434,1.964191,2.000448,1.952541,0.122778,0.139053,0.037348,0.094223,0.428120,0.054584,1.138648,1.607157,1.030013
20.766667,2.000966,1.997301,2.032406,2.024030,2.001404,1.963065,2.000458,1.952671,0.122157,0.138428,0.037446,0.094100,0.426832,0.054609,1.143944,1.606248,1.028503
20.783333,2.000981,1.997275,2.032235,2.024019,2.001385,1.962943,2.000459,1.952296,0.120878,0.136533,0.038248,0.093825,0.426289,0.054571,1.148044,1.607570,1.027756
20.800000,2.000987,1.996874,2.032152,2.024051,2.001374,1.963272,2.000477,1.950538,0.119958,0.134948,0.039026,0.093588,0.426168,0.054597,1.149794,1.613858,1.027395
20.816667,2.000997,1.996074,2.032284,2.024074,2.001353,1.966389,2.000495,1.948915,0.119425,0.133885,0.039560,0.093293,0.426198,0.054642,1.150779,1.617587,1.027248
20.833333,2.001004,1.996240,2.032233,2.024095,2.001328,1.967895,2.000521,1.947267,0.119147,0.133314,0.039896,0.093137,0.426304,0.054693,1.150934,1.611989,1.027192
20.850000,2.001001,1.996756,2.032184,2.024328,2.001276,1.968290,2.000552,1.945729,0.119054,0.133658,0.040120,0.093144,0.432356,0.054316,1.150845,1.604389,1.031223
20.866667,2.000973,1.998007,2.031963,2.024359,2.001205,1.968131,2.000598,1.944249,0.119500,0.135064,0.040077,0.093206,0.447437,0.053054,1.158010,1.591005,1.038702
20.883333,2.000924,1.999670,2.031794,2.024256,2.001158,1.967686,2.000651,1.943323,0.120142,0.136097,0.039195,0.092882,0.473292,0.051170,1.190282,1.580271,1.044106
20.900000,2.000890,2.000563,2.031705,2.024090,2.001128,1.967302,2.000678,1.943651,0.120546,0.136571,0.038734,0.092696,0.483679,0.050245,1.207997,1.574325,1.045077
20.916667,2.000870,2.001023,2.031658,2.024031,2.001150,1.966639,2.000709,1.944093,0.120540,0.136311,0.038505,0.092676,0.487515,0.049795,1.217201,1.571078,1.044904
20.933333,2.000852,2.001268,2.031633,2.024039,2.001198,1.965455,2.000745,1.944317,0.120511,0.135920,0.038385,0.092643,0.489598,0.049578,1.222146,1.569333,1.044715
20.950000,2.000832,2.000963,2.032024,2.024011,2.001244,1.964420,2.000761,1.944333,0.120512,0.135678,0.038260,0.092614,0.490660,0.049622,1.212513,1.578682,1.044355
20.966667,2.000831,2.000433,2.033009,2.023925,2.001277,1.964820,2.000724,1.943110,0.120368,0.135497,0.038180,0.092655,0.491552,0.049767,1.196011,1.593066,1.043798
20.983333,2.000844,1.999799,2.033865,2.023873,2.001309,1.965476,2.000687,1.941125,0.120313,0.135396,0.038135,0.092664,0.492392,0.049925,1.179598,1.606144,1.043485
21.000000,2.000864,1.998695,2.034299,2.023330,2.001343,1.966092,2.000648,1.939216,0.120286,0.135353,0.038149,0.092664,0.493075,0.050100,1.162972,1.617984,1.036075
21.016667,2.000939,1.997691,2.034318,2.022671,2.001377,1.966402,2.000653,1.938151,0.120419,0.136694,0.038265,0.094048,0.484511,0.051658,1.148674,1.620563,1.019069
21.033333,2.001004,1.996888,2.034311,2.023327,2.001410,1.966050,2.000642,1.938843,0.120901,0.137330,0.037764,0.094173,0.466284,0.053232,1.142118,1.623692,1.029043
21.050000,2.001046,1.996234,2.034101,2.023330,2.001426,1.965557,2.000611,1.939529,0.121141,0.137670,0.037564,0.094036,0.451388,0.054390,1.135126,1.618387,1.023511
21.066667,2.001066,1.995908,2.033713,2.023231,2.001418,1.965305,2.000595,1.939933,0.121293,0.137813,0.037557,0.093885,0.443650,0.055000,1.132574,1.609334,1.019323
21.083333,2.001076,1.995588,2.033245,2.023156,2.001400,1.964403,2.000598,1.940147,0.121303,0.137838,0.037359,0.093791,0.439537,0.055241,1.134793,1.603780,1.016837
21.100000,2.001082,1.995471,2.032952,2.023096,2.001389,1.963324,2.000627,1.938871,0.121371,0.137838,0.037398,0.093734,0.437450,0.055387,1.133664,1.600996,1.015482
21.116667,2.001084,1.995507,2.032638,2.023099,2.001370,1.962437,2.000648,1.936595,0.120155,0.136884,0.038079,0.094275,0.436543,0.055475,1.138556,1.600437,1.014855
21.133333,2.001088,1.994898,2.032436,2.023141,2.001352,1.963228,2.000667,1.934617,0.119095,0.135077,0.038909,0.093943,0.436213,0.055511,1.144188,1.605632,1.014598
21.150000,2.001095,1.994115,2.032500,2.023175,2.001326,1.964227,2.000690,1.932768,0.118479,0.134007,0.039445,0.093760,0.436124,0.055549,1.147231,1.608693,1.014481
21.166667,2.001101,1.994174,2.032418,2.023208,2.001302,1.965021,2.000714,1.931110,0.118134,0.133368,0.039796,0.093648,0.436148,0.055586,1.148537,1.602900,1.014448
21.183333,2.001104,1.994791,2.032299,2.023473,2.001262,1.965260,2.000745,1.929863,0.117963,0.133381,0.040025,0.093558,0.439024,0.055463,1.149007,1.593554,1.016609
21.200000,2.001069,1.996316,2.032070,2.023607,2.001211,1.964900,2.000773,1.931795,0.118295,0.134251,0.039634,0.093426,0.450032,0.053590,1.168263,1.580018,1.022179
21.216667,2.001000,1.998095,2.031860,2.023598,2.001165,1.964372,2.000776,1.934182,0.118845,0.135097,0.038651,0.093095,0.466801,0.051494,1.205207,1.569350,1.026571
21.233333,2.000958,1.999030,2.031746,2.023465,2.001133,1.964014,2.000784,1.937620,0.119242,0.135523,0.038172,0.092979,0.465499,0.050418,1.224380,1.563248,1.027466
21.250000,2.000935,1.999519,2.031681,2.023355,2.001121,1.963656,2.000796,1.939471,0.119484,0.135750,0.037931,0.092898,0.464458,0.049874,1.234446,1.559669,1.027510
21.266667,2.000914,1.999782,2.031648,2.023298,2.001145,1.962416,2.000824,1.940435,0.119606,0.135739,0.037803,0.092853,0.463880,0.049603,1.239885,1.557764,1.027567
21.283333,2.000889,1.999375,2.032078,2.023270,2.001190,1.962622,2.000786,1.942760,0.119460,0.135408,0.037667,0.092966,0.463152,0.049605,1.227633,1.570408,1.027602
21.300000,2.000870,1.998917,2.032947,2.023251,2.001225,1.963615,2.000717,1.944817,0.119346,0.135229,0.037836,0.093090,0.462579,0.049674,1.211952,1.584757,1.027596
21.316667,2.000862,1.998104,2.033643,2.023237,2.001256,1.964538,2.000650,1.946555,0.119460,0.134934,0.037936,0.092759,0.462139,0.049804,1.196229,1.597790,1.027593
21.333333,2.000877,1.997330,2.034047,2.022851,2.001289,1.965321,2.000585,1.948085,0.119533,0.134757,0.038165,0.092527,0.461904,0.050514,1.187847,1.608422,1.021119
21.350000,2.000897,1.996916,2.034497,2.022153,2.001331,1.965391,2.000538,1.949222,0.119898,0.135841,0.038174,0.093271,0.461706,0.051881,1.165823,1.620817,1.004393
21.366667,2.000926,1.996352,2.034349,2.022581,2.001368,1.964992,2.000485,1.950731,0.120179,0.136840,0.038050,0.093975,0.451488,0.053301,1.148031,1.621146,1.012417
21.383333,2.000961,1.995847,2.033866,2.022694,2.001406,1.964401,2.000439,1.951649,0.120500,0.137283,0.038200,0.094006,0.441968,0.054350,1.142780,1.607486,1.013984
21.400000,2.001008,1.995477,2.033586,2.022560,2.001423,1.963906,2.000416,1.952034,0.120663,0.137528,0.038009,0.094002,0.436922,0.054816,1.158362,1.599082,1.010787
21.416667,2.001055,1.994912,2.033643,2.022468,2.001417,1.962848,2.000416,1.952193,0.120691,0.137675,0.037538,0.094013,0.434210,0.055015,1.175601,1.600875,1.008880
21.433333,2.001080,1.994539,2.033629,2.022437,2.001383,1.961741,2.000425,1.952279,0.120439,0.137577,0.037224,0.093951,0.432754,0.055075,1.184348,1.602077,1.007962
21.450000,2.001095,1.994424,2.033578,2.022408,2.001344,1.961276,2.000435,1.951262,0.119608,0.136584,0.037750,0.093968,0.432123,0.055090,1.189371,1.603006,1.007549
21.466667,2.001106,1.993592,2.033217,2.022303,2.001321,1.962167,2.000455,1.949517,0.118845,0.135230,0.038468,0.093723,0.431941,0.055115,1.192676,1.603363,1.007729
21.483333,2.001111,1.993583,2.032950,2.021997,2.001300,1.963177,2.000480,1.947847,0.118531,0.134485,0.038836,0.093592,0.431924,0.055149,1.194833,1.601707,1.003820
21.500000,2.001115,1.994016,2.032801,2.021708,2.001275,1.963999,2.000511,1.946147,0.118382,0.134061,0.039063,0.093520,0.432009,0.055214,1.195815,1.596411,0.998219
21.516667,2.001111,1.995095,2.032593,2.022120,2.001236,1.964264,2.000560,1.944485,0.118331,0.134196,0.039236,0.093428,0.438993,0.054815,1.196003,1.585860,1.005404
21.533333,2.001098,1.996085,2.032579,2.022327,2.001183,1.963920,2.000631,1.942831,0.118617,0.134987,0.039376,0.093267,0.454775,0.053659,1.196017,1.578415,1.006558
21.550000,2.001049,1.997382,2.032527,2.022095,2.001144,1.963437,2.000699,1.941524,0.119268,0.135846,0.038900,0.092903,0.478639,0.052006,1.208261,1.571345,1.004707
21.566667,2.001011,1.998091,2.032500,2.021876,2.001124,1.963165,2.000735,1.940883,0.119701,0.136288,0.038684,0.092666,0.491865,0.051212,1.209730,1.567164,1.002813
21.583333,2.000989,1.998449,2.032511,2.021738,2.001143,1.962837,2.000765,1.940927,0.119764,0.136047,0.038581,0.092593,0.496665,0.050816,1.210209,1.565161,1.001502
21.600000,2.000964,1.998635,2.032517,2.021663,2.001192,1.961615,2.000805,1.940941,0.119795,0.135670,0.038529,0.092513,0.499184,0.050644,1.210421,1.564082,1.000764
21.616667,2.000942,1.998331,2.032941,2.021640,2.001237,1.961827,2.000797,1.940953,0.119656,0.135359,0.038464,0.092582,0.500548,0.050704,1.198164,1.573989,1.000322
21.633333,2.000942,1.997871,2.033994,2.021578,2.001268,1.962858,2.000749,1.939735,0.119444,0.135196,0.038647,0.092713,0.501625,0.050839,1.180127,1.589058,0.999688
21.650000,2.000958,1.997013,2.033932,2.021515,2.001297,1.963822,2.000703,1.937732,0.119415,0.135007,0.039062,0.092563,0.502572,0.051031,1.158640,1.591137,0.999209
21.666667,2.000986,1.996142,2.033162,2.021470,2.001323,1.964664,2.000672,1.936042,0.119454,0.134854,0.039496,0.092427,0.500569,0.051149,1.150781,1.578961,0.998953
21.683333,2.001060,1.995517,2.032665,2.021400,2.001358,1.964992,2.000680,1.934793,0.119592,0.135452,0.039622,0.092973,0.491976,0.052176,1.157298,1.570822,0.994923
21.700000,2.001121,1.994995,2.032334,2.022089,2.001396,1.964723,2.000664,1.935638,0.119684,0.136632,0.039076,0.094150,0.474058,0.053589,1.163268,1.567086,1.006409
21.716667,2.001156,1.994506,2.032286,2.022449,2.001434,1.964229,2.000627,1.936495,0.119989,0.137043,0.038706,0.094238,0.459188,0.054643,1.158326,1.566656,1.013458
21.733333,2.001168,1.994276,2.032470,2.022295,2.001413,1.963811,2.000608,1.936975,0.120130,0.137769,0.038464,0.094340,0.451474,0.055160,1.154124,1.570149,1.009710
21.750000,2.001169,1.994119,2.032591,2.022193,2.001386,1.962770,2.000611,1.937233,0.120179,0.138144,0.038165,0.094403,0.447378,0.055376,1.154145,1.575395,1.007479
21.766667,2.001163,1.994281,2.032529,2.022170,2.001335,1.961631,2.000641,1.935968,0.119825,0.138045,0.038036,0.094330,0.445298,0.055453,1.150370,1.578161,1.006428
21.783333,2.001161,1.994447,2.032585,2.022174,2.001304,1.960901,2.000671,1.933412,0.119075,0.136939,0.038534,0.094182,0.444405,0.055537,1.152301,1.584593,1.005932
21.800000,2.001159,1.994182,2.032545,2.022172,2.001296,1.961847,2.000693,1.931390,0.118179,0.135327,0.039256,0.093875,0.444081,0.055572,1.155257,1.595682,1.005839
21.816667,2.001162,1.993689,2.032524,2.022001,2.001276,1.962970,2.000719,1.929446,0.117737,0.134417,0.039716,0.093703,0.444000,0.055605,1.156764,1.600619,1.002061
21.833333,2.001165,1.993914,2.032437,2.021865,2.001250,1.963561,2.000748,1.927664,0.117497,0.133922,0.040010,0.093645,0.444031,0.055648,1.157303,1.597021,0.998418
21.850000,2.001164,1.994766,2.032250,2.022414,2.001209,1.963461,2.000765,1.927556,0.117359,0.134083,0.040211,0.093725,0.440185,0.055562,1.157294,1.587197,1.007662
21.866667,2.001128,1.996316,2.032053,2.023219,2.001160,1.962958,2.000754,1.930482,0.117495,0.134702,0.039808,0.093674,0.438449,0.053822,1.176320,1.574627,1.021094
21.883333,2.001051,1.998023,2.031932,2.023244,2.001122,1.962388,2.000744,1.932715,0.118043,0.135479,0.038962,0.093384,0.449670,0.051786,1.203207,1.565278,1.021232
21.900000,2.001003,1.998883,2.031865,2.023179,2.001102,1.962068,2.000748,1.935058,0.118433,0.135870,0.038595,0.093244,0.450854,0.050797,1.213758,1.559880,1.020492
21.916667,2.000976,1.999330,2.031816,2.023119,2.001105,1.961877,2.000755,1.936752,0.118581,0.135846,0.038421,0.093185,0.449617,0.050297,1.219193,1.556314,1.019700
21.933333,2.000957,1.999483,2.031886,2.023086,2.001149,1.960804,2.000775,1.938068,0.118581,0.135442,0.038307,0.093126,0.448813,0.050071,1.219872,1.557295,1.019228
21.950000,2.000938,1.998927,2.032484,2.023064,2.001190,1.960378,2.000737,1.940760,0.118556,0.135169,0.038152,0.093101,0.447950,0.050109,1.202662,1.572754,1.018654
21.966667,2.000923,1.998468,2.033488,2.023023,2.001219,1.961151,2.000670,1.942762,0.118404,0.135019,0.038295,0.093149,0.447372,0.050194,1.186535,1.587079,1.017862
21.983333,2.000914,1.997962,2.034346,2.022984,2.001245,1.961980,2.000602,1.944485,0.118341,0.134941,0.038403,0.093170,0.446918,0.050299,1.172602,1.599890,1.017411
22.000000,2.000932,1.997188,2.034718,2.022886,2.001272,1.962753,2.000535,1.945994,0.118376,0.135245,0.038606,0.093517,0.446641,0.051024,1.165244,1.609978,1.017360
22.016667,2.000974,1.996478,2.034566,2.022751,2.001307,1.963322,2.000474,1.947242,0.118692,0.136596,0.038820,0.094631,0.446481,0.052764,1.145557,1.613481,1.015000
22.033333,2.001023,1.995757,2.034030,2.023458,2.001348,1.963038,2.000400,1.949348,0.119124,0.137191,0.038819,0.094679,0.431506,0.054328,1.132348,1.608527,1.027893
22.050000,2.001087,1.995018,2.033524,2.023660,2.001385,1.962486,2.000353,1.950211,0.119456,0.137627,0.038626,0.094684,0.422585,0.055471,1.141401,1.600710,1.030160
22.066667,2.001125,1.994383,2.032944,2.023532,2.001385,1.962183,2.000328,1.950585,0.119613,0.138055,0.038501,0.094705,0.417884,0.055780,1.148354,1.590014,1.026734
22.083333,2.001160,1.993717,2.032899,2.023472,2.001340,1.961188,2.000328,1.950739,0.119467,0.138154,0.038049,0.094470,0.415377,0.055876,1.162824,1.590444,1.024818
22.100000,2.001173,1.993302,2.033034,2.023454,2.001300,1.960004,2.000338,1.950821,0.119110,0.138023,0.037737,0.094391,0.414032,0.055889,1.168774,1.594161,1.023872
22.116667,2.001183,1.993177,2.033225,2.023458,2.001271,1.959954,2.000374,1.949051,0.118310,0.137053,0.038281,0.094426,0.413487,0.055946,1.173068,1.598160,1.023316
22.133333,2.001192,1.992724,2.033369,2.023282,2.001246,1.962334,2.000388,1.947387,0.117565,0.135507,0.038910,0.093947,0.413335,0.056018,1.180406,1.606700,1.021737
22.150000,2.001197,1.992668,2.033041,2.022070,2.001228,1.963930,2.000411,1.945711,0.117522,0.134789,0.039166,0.093713,0.413337,0.056078,1.184463,1.614510,0.998380
22.166667,2.001198,1.993491,2.032449,2.021261,2.001205,1.965065,2.000442,1.943982,0.117546,0.134406,0.039356,0.093603,0.413428,0.056155,1.186287,1.609008,0.982406
22.183333,2.001195,1.994623,2.032036,2.020974,2.001173,1.965685,2.000490,1.942299,0.117580,0.134411,0.039514,0.093578,0.420190,0.055754,1.187025,1.599525,0.976496
22.200000,2.001172,1.995774,2.032008,2.021632,2.001125,1.965477,2.000550,1.940785,0.117672,0.135256,0.039444,0.093806,0.432715,0.054574,1.188302,1.595189,0.989433
22.216667,2.001119,1.997277,2.032047,2.021874,2.001101,1.965088,2.000592,1.939691,0.118064,0.135535,0.038610,0.093469,0.446548,0.053164,1.208172,1.591300,0.997423
22.233333,2.001084,1.998283,2.032029,2.021765,2.001090,1.964867,2.000614,1.939182,0.118345,0.135667,0.038167,0.093255,0.454070,0.052516,1.216311,1.586074,0.996722
22.250000,2.001063,1.998803,2.032063,2.021643,2.001093,1.964270,2.000643,1.938921,0.118539,0.135760,0.037932,0.093126,0.457941,0.052198,1.220499,1.584064,0.994495
22.266667,2.001046,1.999082,2.032082,2.021587,2.001114,1.963123,2.000677,1.938766,0.118697,0.135846,0.037806,0.093046,0.459929,0.052037,1.222765,1.583014,0.993320
22.283333,2.001033,1.998726,2.032536,2.021424,2.001155,1.962180,2.000671,1.938692,0.118793,0.135691,0.037648,0.092980,0.461013,0.052152,1.208721,1.595741,0.989731
22.300000,2.001031,1.998270,2.033423,2.020300,2.001198,1.962461,2.000623,1.938085,0.118687,0.135508,0.037586,0.093010,0.461751,0.052331,1.191885,1.609857,0.966662
22.316667,2.001043,1.997560,2.034109,2.018577,2.001237,1.962967,2.000581,1.935966,0.118606,0.135444,0.037588,0.093018,0.462578,0.052502,1.177485,1.622245,0.931403
22.333333,2.001075,1.996729,2.033942,2.016915,2.001273,1.963293,2.000541,1.934031,0.118524,0.135418,0.037955,0.093000,0.463314,0.053091,1.166554,1.624293,0.897329
22.350000,2.001146,1.996171,2.033362,2.016166,2.001305,1.963075,2.000538,1.932755,0.118704,0.136788,0.038285,0.094353,0.458138,0.054730,1.162232,1.614461,0.883071
22.366667,2.001210,1.995628,2.032901,2.016347,2.001334,1.962540,2.000526,1.933544,0.119387,0.137508,0.037944,0.094495,0.440910,0.056345,1.162862,1.608940,0.888839
22.383333,2.001247,1.995277,2.032582,2.016492,2.001371,1.961946,2.000493,1.934318,0.119900,0.138007,0.037739,0.094596,0.426881,0.057499,1.161997,1.601948,0.894619
22.400000,2.001261,1.995103,2.032621,2.016595,2.001393,1.961633,2.000475,1.934762,0.120238,0.138272,0.037546,0.094630,0.419596,0.058046,1.161769,1.601796,0.897156
22.416667,2.001265,1.994959,2.032813,2.016736,2.001394,1.960919,2.000474,1.935008,0.120375,0.138210,0.037307,0.094411,0.415727,0.058260,1.164670,1.605482,0.898315
22.433333,2.001266,1.994926,2.032879,2.017173,2.001353,1.959659,2.000518,1.932691,0.120068,0.137971,0.037243,0.094250,0.413862,0.058454,1.159784,1.607073,0.898389
22.450000,2.001267,1.994938,2.032625,2.017450,2.001337,1.959036,2.000539,1.930400,0.119417,0.137214,0.037667,0.094499,0.413014,0.058551,1.167979,1.613206,0.895731
22.466667,2.001264,1.995013,2.032788,2.017693,2.001325,1.961182,2.000557,1.928345,0.118575,0.135777,0.038354,0.094258,0.412705,0.058641,1.173033,1.621799,0.894188
22.483333,2.001262,1.994890,2.033006,2.017743,2.001297,1.962389,2.000580,1.926391,0.118199,0.134912,0.038934,0.094003,0.412632,0.058689,1.175669,1.626142,0.879630
22.500000,2.001264,1.994921,2.033182,2.017780,2.001259,1.962882,2.000605,1.924624,0.118121,0.134648,0.039223,0.093871,0.412669,0.058753,1.177056,1.630729,0.865374
22.516667,2.001258,1.995852,2.032684,2.018442,2.001206,1.962765,2.000633,1.923281,0.118263,0.135201,0.039436,0.093766,0.415406,0.058641,1.175557,1.622556,0.876544
22.533333,2.001215,1.997045,2.032212,2.019116,2.001157,1.962256,2.000664,1.925539,0.118455,0.135794,0.039485,0.093612,0.426536,0.056676,1.175157,1.611955,0.891031
22.550000,2.001147,1.998467,2.032006,2.019746,2.001125,1.961629,2.000679,1.928603,0.118767,0.136218,0.038747,0.093254,0.445925,0.054258,1.200116,1.603756,0.905159
22.566667,2.001104,1.999202,2.031884,2.020057,2.001107,1.961529,2.000692,1.932591,0.118901,0.136329,0.038383,0.093114,0.447031,0.052995,1.213371,1.598840,0.911958
22.583333,2.001079,1.999580,2.031809,2.020226,2.001106,1.961736,2.000709,1.934706,0.118841,0.136037,0.038211,0.092936,0.447090,0.052367,1.220287,1.595729,0.915409
22.600000,2.001059,1.999783,2.031773,2.020322,2.001151,1.960808,2.000744,1.935810,0.118866,0.135550,0.038125,0.092710,0.447088,0.052061,1.224008,1.594101,0.917241
22.616667,2.001040,1.999495,2.032282,2.020380,2.001198,1.959918,2.000728,1.938474,0.118949,0.135258,0.038016,0.092565,0.446626,0.052011,1.213795,1.603314,0.918227
22.633333,2.001034,1.999035,2.033308,2.020295,2.001238,1.960201,2.000663,1.940617,0.118885,0.135055,0.038088,0.092567,0.446237,0.052088,1.197042,1.617328,0.919058
22.650000,2.001032,1.998493,2.032830,2.020133,2.001275,1.960780,2.000598,1.942437,0.118866,0.134945,0.038523,0.092557,0.445873,0.052218,1.179111,1.609353,0.919818
22.666667,2.001043,1.997597,2.032170,2.020143,2.001305,1.961418,2.000531,1.943904,0.118828,0.134860,0.038806,0.092550,0.445570,0.052352,1.171384,1.599712,0.924441
22.683333,2.001110,1.997000,2.031758,2.021021,2.001330,1.961441,2.000479,1.945089,0.118772,0.135652,0.038846,0.093453,0.445423,0.053753,1.178995,1.592879,0.947898
22.700000,2.001159,1.996500,2.031568,2.021789,2.001357,1.961002,2.000417,1.946799,0.119102,0.136888,0.038513,0.094545,0.435657,0.055240,1.173912,1.593016,0.968468
22.716667,2.001144,1.995979,2.031701,2.022333,2.001394,1.960380,2.000367,1.948045,0.119554,0.137314,0.038217,0.094648,0.426422,0.055395,1.160392,1.597079,0.982916
22.733333,2.001119,1.995661,2.032043,2.022599,2.001385,1.960035,2.000341,1.948604,0.119761,0.137964,0.037938,0.094767,0.421591,0.055009,1.155898,1.603931,0.990126
22.750000,2.001108,1.995440,2.032336,2.022740,2.001349,1.958961,2.000340,1.948862,0.119777,0.138387,0.037680,0.094738,0.419009,0.054741,1.154516,1.610583,0.993929
22.766667,2.001097,1.995355,2.032501,2.022835,2.001310,1.957782,2.000348,1.949000,0.119494,0.138352,0.037599,0.094630,0.417626,0.054550,1.147105,1.614538,0.996074
22.783333,2.001090,1.995317,2.032460,2.022857,2.001294,1.957150,2.000368,1.947965,0.118643,0.137406,0.038115,0.094695,0.417011,0.054455,1.154057,1.615928,0.997384
22.800000,2.001083,1.995694,2.032152,2.022680,2.001281,1.959590,2.000384,1.946221,0.117778,0.135780,0.038912,0.094305,0.416855,0.054456,1.159495,1.615307,0.996781
22.816667,2.001083,1.995850,2.031841,2.022292,2.001258,1.961221,2.000408,1.944504,0.117369,0.134919,0.039421,0.094128,0.416853,0.054467,1.162250,1.610601,0.989383
22.833333,2.001086,1.996277,2.031689,2.021966,2.001231,1.962384,2.000438,1.942770,0.117168,0.134452,0.039722,0.094060,0.416943,0.054509,1.163571,1.604275,0.982223
22.850000,2.001078,1.997048,2.031682,2.022315,2.001187,1.962828,2.000484,1.941176,0.117085,0.134630,0.039877,0.094069,0.423665,0.054146,1.171102,1.598868,0.989181
22.866667,2.001053,1.998451,2.031596,2.023064,2.001144,1.962561,2.000539,1.939660,0.117206,0.135129,0.039680,0.093925,0.435792,0.053040,1.178312,1.589353,1.006499
22.883333,2.001005,1.999753,2.031671,2.023292,2.001123,1.962113,2.000583,1.938575,0.117548,0.135398,0.038801,0.093642,0.449527,0.051644,1.205842,1.585600,1.017334
22.900000,2.000968,2.000446,2.031726,2.023400,2.001115,1.961860,2.000606,1.938051,0.117769,0.135489,0.038351,0.093453,0.456967,0.051003,1.220584,1.583834,1.022729
22.916667,2.000947,2.000810,2.031769,2.023404,2.001114,1.961546,2.000627,1.937773,0.117903,0.135537,0.038116,0.093337,0.460814,0.050688,1.228295,1.583125,1.023740
22.933333,2.000929,2.001005,2.031792,2.023419,2.001134,1.960309,2.000663,1.937609,0.118016,0.135600,0.037990,0.093267,0.462804,0.050530,1.232453,1.582732,1.023770
22.950000,2.000919,2.000508,2.032377,2.023001,2.001175,1.959783,2.000678,1.937532,0.117986,0.135417,0.037841,0.093274,0.463883,0.050659,1.216658,1.597778,1.015188
22.966667,2.000917,2.000054,2.033387,2.021584,2.001217,1.960272,2.000634,1.936910,0.117823,0.135252,0.037926,0.093371,0.464625,0.050817,1.200642,1.612081,0.986854
22.983333,2.000932,1.999303,2.034089,2.019682,2.001256,1.960566,2.000598,1.934773,0.117810,0.135110,0.038076,0.093212,0.465452,0.050998,1.184743,1.624810,0.948647
23.000000,2.000965,1.998340,2.034208,2.017836,2.001292,1.960733,2.000562,1.932812,0.117803,0.135001,0.038376,0.093013,0.466176,0.051558,1.170260,1.629660,0.911533
23.016667,2.001033,1.997401,2.034202,2.016455,2.001328,1.960409,2.000565,1.931455,0.118214,0.136099,0.038364,0.093798,0.461046,0.052927,1.157579,1.632490,0.884420
23.033333,2.001096,1.996561,2.034183,2.016361,2.001358,1.959790,2.000555,1.932181,0.118622,0.137128,0.037815,0.094576,0.443764,0.054255,1.149379,1.635828,0.885607
23.050000,2.001136,1.995975,2.034267,2.016333,2.001395,1.959062,2.000526,1.932943,0.119099,0.137620,0.037420,0.094691,0.429580,0.055248,1.143813,1.636918,0.889033
23.066667,2.001149,1.995810,2.034116,2.016300,2.001411,1.958679,2.000513,1.933383,0.119384,0.137866,0.037402,0.094735,0.422231,0.055724,1.133237,1.635779,0.890558
23.083333,2.001158,1.995600,2.033981,2.016302,2.001413,1.958297,2.000508,1.933622,0.119481,0.137972,0.037207,0.094740,0.418320,0.055906,1.133259,1.636130,0.891330
23.100000,2.001156,1.995481,2.033879,2.016291,2.001385,1.956997,2.000517,1.933808,0.119474,0.137999,0.037099,0.094762,0.416182,0.055975,1.131092,1.636278,0.891787
23.116667,2.001151,1.995450,2.033557,2.016271,2.001368,1.956702,2.000515,1.933991,0.119145,0.137131,0.037522,0.094623,0.415093,0.055966,1.138421,1.637929,0.889037
23.133333,2.001139,1.996179,2.033233,2.016242,2.001366,1.957898,2.000509,1.934093,0.118430,0.135539,0.038326,0.094318,0.414614,0.055938,1.142132,1.635213,0.884198
23.150000,2.001138,1.996569,2.033088,2.016230,2.001348,1.959085,2.000543,1.931873,0.117996,0.134590,0.038873,0.094157,0.414526,0.056014,1.143965,1.629416,0.881701
23.166667,2.001139,1.997143,2.033007,2.016668,2.001309,1.959612,2.000581,1.929615,0.117778,0.134448,0.039198,0.094064,0.414590,0.056119,1.144790,1.622197,0.892002
23.183333,2.001133,1.997779,2.032862,2.016837,2.001252,1.959456,2.000632,1.927554,0.118109,0.135188,0.039486,0.093980,0.421295,0.055748,1.141003,1.611375,0.903837
23.200000,2.001094,1.998215,2.032750,2.016679,2.001194,1.958867,2.000705,1.925692,0.118871,0.136424,0.039226,0.093803,0.440472,0.054017,1.153879,1.600802,0.912989
23.216667,2.001023,1.999201,2.032724,2.016431,2.001146,1.958994,2.000725,1.929022,0.119327,0.136971,0.038419,0.093477,0.450649,0.051849,1.186219,1.592632,0.923082
23.233333,2.000970,1.999745,2.032698,2.016244,2.001129,1.959561,2.000725,1.932641,0.119393,0.136817,0.038039,0.093223,0.450923,0.050680,1.203774,1.587939,0.927867
23.250000,2.000940,2.000031,2.032671,2.016122,2.001147,1.959972,2.000728,1.934519,0.119332,0.136186,0.037856,0.092938,0.450662,0.050117,1.213049,1.585269,0.930282
23.266667,2.000916,2.000186,2.032659,2.016055,2.001186,1.959186,2.000753,1.935505,0.119368,0.135736,0.037759,0.092706,0.450436,0.049840,1.218053,1.583869,0.931614
23.283333,2.000896,1.999954,2.033090,2.015931,2.001230,1.958830,2.000748,1.935683,0.119409,0.135519,0.038074,0.092656,0.450151,0.049864,1.208821,1.593395,0.932444
23.300000,2.000895,1.999514,2.034158,2.015068,2.001263,1.959420,2.000693,1.934952,0.119300,0.135412,0.038358,0.092712,0.450025,0.050034,1.192618,1.607975,0.909149
23.316667,2.000914,1.998557,2.034725,2.013678,2.001292,1.959361,2.000657,1.932575,0.119252,0.135427,0.038575,0.092750,0.450393,0.050220,1.176800,1.620677,0.872016
23.333333,2.000956,1.997550,2.035224,2.012267,2.001319,1.958975,2.000628,1.930530,0.119209,0.135466,0.038896,0.092740,0.450890,0.051000,1.160263,1.632657,0.834097
23.350000,2.001023,1.996516,2.034731,2.012072,2.001346,1.958436,2.000606,1.928578,0.119374,0.136766,0.039142,0.093913,0.451351,0.052572,1.141859,1.630953,0.826293
23.366667,2.001084,1.995813,2.033868,2.012366,2.001376,1.957637,2.000595,1.929403,0.119732,0.137951,0.039199,0.094952,0.434812,0.053936,1.132810,1.618496,0.831264
23.383333,2.001139,1.995113,2.033191,2.012679,2.001412,1.956795,2.000563,1.930226,0.120221,0.138430,0.039072,0.095030,0.421247,0.054979,1.138121,1.603575,0.838990
23.400000,2.001179,1.994628,2.033117,2.012920,2.001403,1.956379,2.000542,1.930693,0.120057,0.138341,0.038684,0.094935,0.414202,0.055407,1.153276,1.598801,0.842507
23.416667,2.001197,1.994267,2.033313,2.013066,2.001385,1.956186,2.000531,1.930945,0.119839,0.138175,0.038297,0.094775,0.410455,0.055568,1.162827,1.602149,0.844228
23.433333,2.001208,1.994128,2.033269,2.013061,2.001342,1.954944,2.000565,1.928565,0.119556,0.137997,0.038186,0.094653,0.408650,0.055729,1.161353,1.602228,0.845274
23.450000,2.001217,1.994054,2.033191,2.012979,2.001293,1.955460,2.000590,1.926219,0.119096,0.137296,0.038500,0.094499,0.407850,0.055853,1.167193,1.602954,0.845977
23.466667,2.001219,1.994941,2.032387,2.012624,2.001270,1.958433,2.000609,1.924096,0.118456,0.135982,0.039312,0.094131,0.407554,0.055956,1.174358,1.593995,0.846902
23.483333,2.001221,1.995748,2.031935,2.012310,2.001246,1.959745,2.000631,1.922079,0.118142,0.135273,0.039749,0.093977,0.407477,0.056055,1.178081,1.587830,0.846389
23.500000,2.001220,1.996625,2.031654,2.012663,2.001205,1.960158,2.000651,1.920302,0.118033,0.135470,0.040048,0.094085,0.407500,0.056142,1.176548,1.579236,0.857026
23.516667,2.001199,1.996685,2.031618,2.013422,2.001155,1.959968,2.000680,1.919107,0.118127,0.136262,0.040332,0.094272,0.413876,0.055749,1.173081,1.573687,0.874335
23.533333,2.001153,1.996719,2.031822,2.014096,2.001116,1.959383,2.000704,1.921308,0.118425,0.136895,0.040341,0.094172,0.424145,0.054144,1.175654,1.573197,0.889071
23.550000,2.001083,1.997567,2.031994,2.014490,2.001085,1.958695,2.000713,1.924268,0.118784,0.137431,0.039537,0.094001,0.443111,0.052161,1.205372,1.572964,0.899245
23.566667,2.001035,1.998061,2.032100,2.014351,2.001065,1.958747,2.000720,1.928577,0.118960,0.137551,0.039127,0.093922,0.443194,0.051103,1.221634,1.572926,0.894502
23.583333,2.001008,1.998317,2.032115,2.014291,2.001083,1.959095,2.000728,1.930850,0.118927,0.136946,0.038939,0.093641,0.442722,0.050593,1.230183,1.572074,0.891782
23.600000,2.000981,1.998452,2.032095,2.014268,2.001118,1.958296,2.000757,1.932041,0.118968,0.136502,0.038844,0.093390,0.442417,0.050359,1.234765,1.571163,0.890368
23.616667,2.000960,1.998025,2.032580,2.014257,2.001157,1.957414,2.000726,1.934665,0.119054,0.136245,0.038791,0.093239,0.441837,0.050367,1.221677,1.583917,0.889513
23.633333,2.000952,1.997590,2.033577,2.014128,2.001190,1.958168,2.000665,1.936958,0.118935,0.136060,0.038985,0.093279,0.441347,0.050445,1.206136,1.598451,0.886195
23.650000,2.000952,1.996756,2.033481,2.013111,2.001226,1.958182,2.000612,1.938875,0.118863,0.136015,0.039383,0.093304,0.440921,0.050598,1.186155,1.601569,0.863619
23.666667,2.000964,1.995801,2.032633,2.011539,2.001261,1.957861,2.000566,1.940431,0.118795,0.136035,0.040039,0.093314,0.440604,0.050938,1.167051,1.589562,0.829370
23.683333,2.001041,1.994820,2.032616,2.011210,2.001289,1.957399,2.000527,1.941689,0.118928,0.137322,0.040130,0.094479,0.440426,0.052571,1.151633,1.594087,0.823123
23.700000,2.001108,1.994001,2.032787,2.011394,2.001316,1.956633,2.000475,1.944323,0.119500,0.138212,0.039471,0.094816,0.431439,0.054114,1.143747,1.603815,0.828683
23.716667,2.001157,1.993273,2.033012,2.011503,2.001351,1.955790,2.000432,1.946040,0.120017,0.138729,0.038991,0.094845,0.423286,0.055248,1.133990,1.611072,0.834411
23.733333,2.001176,1.992977,2.033248,2.011733,2.001359,1.955353,2.000410,1.946647,0.120129,0.138859,0.038782,0.094794,0.418994,0.055720,1.123731,1.616415,0.836785
23.750000,2.001185,1.992776,2.033559,2.012304,2.001329,1.955158,2.000398,1.946930,0.119818,0.138658,0.038535,0.094618,0.416692,0.055871,1.119967,1.622946,0.837464
23.766667,2.001185,1.992674,2.033449,2.012850,2.001294,1.953879,2.000405,1.947083,0.119372,0.138306,0.038540,0.094506,0.415459,0.055887,1.120242,1.622904,0.837534
23.783333,2.001177,1.993126,2.032991,2.013184,2.001277,1.954706,2.000402,1.947172,0.118259,0.136746,0.039382,0.094321,0.414919,0.055849,1.124877,1.617677,0.837525
23.800000,2.001161,1.993476,2.032849,2.013198,2.001256,1.957280,2.000421,1.946026,0.117552,0.135260,0.040335,0.093985,0.415031,0.055805,1.127387,1.621978,0.808880
23.816667,2.001155,1.993437,2.032908,2.013211,2.001225,1.958777,2.000463,1.944067,0.117256,0.134514,0.040845,0.093856,0.415342,0.055792,1.128750,1.628894,0.783941
23.833333,2.001154,1.993409,2.033070,2.013897,2.001172,1.959254,2.000504,1.942224,0.117233,0.134992,0.041085,0.093969,0.415608,0.055840,1.129494,1.635051,0.787065
23.850000,2.001140,1.994552,2.032563,2.014439,2.001126,1.959111,2.000555,1.940535,0.117391,0.135514,0.041252,0.093878,0.422310,0.055465,1.135626,1.627672,0.798117
23.866667,2.001106,1.995990,2.032054,2.014997,2.001084,1.958526,2.000620,1.938869,0.117629,0.136129,0.040839,0.093744,0.436795,0.054264,1.149932,1.617035,0.811518
23.883333,2.001051,1.997443,2.031843,2.015519,2.001056,1.957820,2.000681,1.937704,0.117922,0.136522,0.039855,0.093431,0.459039,0.052535,1.183400,1.608596,0.824023
23.900000,2.001019,1.998220,2.031727,2.015808,2.001032,1.958227,2.000715,1.937131,0.117843,0.136329,0.039372,0.093144,0.471480,0.051685,1.201418,1.603757,0.830295
23.916667,2.001001,1.998622,2.031655,2.015956,2.001018,1.958584,2.000739,1.937018,0.117777,0.136161,0.039127,0.092984,0.476938,0.051248,1.210892,1.600914,0.833499
23.933333,2.000982,1.998837,2.031618,2.016051,2.001028,1.957851,2.000778,1.937014,0.117757,0.136067,0.038995,0.092889,0.479416,0.051035,1.215995,1.599391,0.835255
23.950000,2.000976,1.998363,2.032288,2.015944,2.001051,1.956922,2.000778,1.936903,0.117790,0.136026,0.038819,0.092839,0.480707,0.051137,1.200797,1.613510,0.836467
23.966667,2.000981,1.997901,2.033291,2.015711,2.001075,1.957686,2.000737,1.935533,0.117663,0.135982,0.038744,0.092936,0.481740,0.051284,1.185149,1.626963,0.837423
23.983333,2.000994,1.997315,2.034113,2.015474,2.001102,1.958128,2.000702,1.933428,0.117613,0.135963,0.038699,0.092983,0.482622,0.051448,1.169302,1.639222,0.838119
24.000000,2.001025,1.996280,2.033486,2.015686,2.001127,1.958488,2.000710,1.932049,0.117491,0.135903,0.039020,0.093128,0.475192,0.051536,1.152508,1.633622,0.849183
24.016667,2.001104,1.995353,2.032960,2.016392,2.001150,1.958245,2.000729,1.930937,0.117628,0.137136,0.039095,0.094409,0.467557,0.053109,1.139414,1.628018,0.871224
24.033333,2.001177,1.994293,2.032804,2.016951,2.001177,1.957616,2.000698,1.932334,0.118213,0.137979,0.038430,0.094839,0.447542,0.054622,1.139037,1.630729,0.889954
24.050000,2.001227,1.993535,2.032755,2.017345,2.001211,1.956888,2.000658,1.933114,0.118706,0.138468,0.037944,0.094935,0.433863,0.055692,1.141052,1.630847,0.903863
24.066667,2.001256,1.993018,2.032950,2.017548,2.001235,1.956513,2.000635,1.933565,0.119041,0.138624,0.037515,0.094784,0.426789,0.056255,1.150101,1.634284,0.910827
24.083333,2.001256,1.992848,2.033116,2.017652,2.001247,1.955711,2.000629,1.933810,0.119191,0.138706,0.037372,0.094714,0.423015,0.056499,1.145189,1.637549,0.914418
24.100000,2.001256,1.992776,2.033349,2.017827,2.001255,1.954231,2.000657,1.932501,0.119423,0.138820,0.037533,0.094700,0.421098,0.056633,1.145637,1.641334,0.915823
24.116667,2.001254,1.993120,2.033057,2.017806,2.001231,1.953330,2.000691,1.929833,0.118309,0.137499,0.038341,0.094868,0.420305,0.056717,1.152395,1.640982,0.901722
24.133333,2.001250,1.993479,2.033060,2.017625,2.001205,1.955262,2.000711,1.927717,0.117519,0.135907,0.039107,0.094439,0.420032,0.056826,1.156054,1.645807,0.881558
24.150000,2.001249,1.993806,2.033036,2.017243,2.001175,1.956662,2.000735,1.925705,0.117207,0.135084,0.039507,0.094230,0.419974,0.056935,1.157988,1.649894,0.860434
24.166667,2.001244,1.994488,2.032541,2.016848,2.001140,1.957313,2.000759,1.923872,0.117190,0.134923,0.039802,0.094189,0.420013,0.057029,1.153959,1.646063,0.844593
24.183333,2.001224,1.995996,2.031875,2.017240,2.001088,1.957211,2.000772,1.923781,0.117282,0.135624,0.040057,0.094381,0.416323,0.057002,1.151596,1.633995,0.854092
24.200000,2.001159,1.997518,2.031338,2.017711,2.001042,1.956612,2.000772,1.927647,0.117446,0.136157,0.040126,0.094342,0.416059,0.054964,1.153987,1.621524,0.867107
24.216667,2.001078,1.999164,2.031145,2.018118,2.001012,1.955873,2.000770,1.930873,0.117710,0.136470,0.039372,0.094043,0.430453,0.052684,1.181173,1.612221,0.878002
24.233333,2.001022,2.000018,2.031040,2.018328,2.000989,1.956023,2.000774,1.932756,0.117723,0.136408,0.039003,0.093812,0.439264,0.051487,1.195656,1.606974,0.883478
24.250000,2.000992,2.000463,2.030969,2.018442,2.000972,1.956464,2.000788,1.934413,0.117636,0.136237,0.038826,0.093696,0.440654,0.050849,1.203219,1.603647,0.886321
24.266667,2.000970,2.000699,2.030931,2.018513,2.000973,1.956072,2.000792,1.936794,0.117618,0.136152,0.038731,0.093637,0.440182,0.050479,1.207262,1.601857,0.887856
24.283333,2.000947,2.000450,2.031416,2.018556,2.000987,1.955904,2.000761,1.939540,0.117569,0.136119,0.038624,0.093691,0.439625,0.050412,1.197201,1.610875,0.888694
24.300000,2.000937,2.000011,2.032388,2.018575,2.001000,1.957344,2.000701,1.941623,0.117406,0.136081,0.038581,0.093851,0.439210,0.050492,1.180661,1.624512,0.889148
24.316667,2.000934,1.999491,2.033190,2.018343,2.001028,1.958458,2.000638,1.943405,0.117424,0.135898,0.038715,0.093648,0.438855,0.050619,1.164318,1.636916,0.889797
24.333333,2.000945,1.998586,2.033040,2.018098,2.001060,1.958911,2.000586,1.944866,0.117615,0.135995,0.038940,0.093578,0.438537,0.050924,1.151252,1.636625,0.890349
24.350000,2.001005,1.997719,2.032891,2.018468,2.001091,1.958731,2.000533,1.947026,0.118066,0.137071,0.039029,0.094255,0.433479,0.052520,1.138650,1.636495,0.905323
24.366667,2.001065,1.997044,2.032729,2.018677,2.001126,1.958148,2.000472,1.949261,0.118487,0.138163,0.038618,0.095093,0.419542,0.054062,1.134700,1.637971,0.916744
24.383333,2.001108,1.996619,2.032701,2.018822,2.001168,1.957401,2.000431,1.949847,0.119030,0.138648,0.038395,0.095090,0.410901,0.055086,1.130683,1.637862,0.926099
24.400000,2.001103,1.996508,2.032836,2.019023,2.001202,1.957003,2.000407,1.950069,0.119369,0.138896,0.038544,0.095083,0.406329,0.055182,1.125132,1.639663,0.935356
24.416667,2.001102,1.996429,2.033124,2.019253,2.001228,1.956200,2.000401,1.950144,0.119550,0.139009,0.038691,0.095051,0.403866,0.055157,1.125850,1.644810,0.944683
24.433333,2.001106,1.996377,2.033045,2.019415,2.001220,1.954708,2.000409,1.950209,0.119385,0.138853,0.038838,0.094921,0.402570,0.055251,1.128881,1.644755,0.951034
24.450000,2.001115,1.996489,2.032684,2.019410,2.001176,1.953659,2.000421,1.949176,0.119215,0.138664,0.038873,0.094797,0.402011,0.055492,1.132479,1.642977,0.954862
24.466667,2.001111,1.996850,2.031996,2.019360,2.001128,1.953847,2.000458,1.947356,0.119165,0.138528,0.038944,0.094708,0.402073,0.055585,1.133739,1.634474,0.957379
24.483333,2.001111,1.997049,2.031579,2.019335,2.001081,1.955608,2.000498,1.945642,0.119105,0.138378,0.039071,0.094619,0.402289,0.055619,1.134259,1.625850,0.958790
24.500000,2.001107,1.997650,2.031356,2.019322,2.001038,1.956590,2.000534,1.943993,0.119048,0.138270,0.039176,0.094587,0.402559,0.055663,1.139935,1.617066,0.959557
24.516667,2.001100,1.998419,2.031225,2.019318,2.000999,1.956644,2.000581,1.942397,0.119010,0.138208,0.039270,0.094544,0.409019,0.055274,1.145806,1.608171,0.959973
24.533333,2.001072,1.998591,2.031143,2.019977,2.000934,1.956162,2.000648,1.940859,0.119261,0.139204,0.039411,0.094633,0.426194,0.053936,1.144341,1.598414,0.978688
24.550000,2.001028,1.999079,2.031089,2.020224,2.000901,1.955504,2.000714,1.939565,0.119279,0.139676,0.039154,0.094844,0.449709,0.052401,1.162773,1.590575,0.993105
24.566667,2.000997,1.999390,2.031053,2.020346,2.000915,1.955136,2.000751,1.938941,0.119242,0.139378,0.038955,0.094747,0.463005,0.051677,1.174893,1.586049,1.000501
24.583333,2.000981,1.999550,2.031030,2.020429,2.000928,1.955308,2.000776,1.938902,0.119129,0.138972,0.038853,0.094629,0.468418,0.051315,1.181214,1.583422,1.004485
24.600000,2.000966,1.999669,2.031024,2.020539,2.000948,1.954426,2.000805,1.939388,0.119030,0.138745,0.039012,0.094596,0.470658,0.051107,1.184628,1.582095,1.005685
24.616667,2.000939,1.999609,2.031378,2.020443,2.000983,1.953588,2.000771,1.941878,0.119068,0.138527,0.039422,0.094406,0.471362,0.051018,1.180469,1.586475,1.006356
24.633333,2.000931,1.999145,2.032379,2.019459,2.001014,1.955707,2.000707,1.943895,0.119204,0.137973,0.039670,0.093640,0.471636,0.051173,1.162575,1.601254,0.975904
24.650000,2.000931,1.998379,2.033029,2.018060,2.001055,1.956857,2.000647,1.945614,0.119210,0.137620,0.039867,0.093298,0.471627,0.051335,1.145615,1.614213,0.934037
24.666667,2.000937,1.997447,2.032931,2.016675,2.001093,1.957186,2.000596,1.946992,0.119212,0.137473,0.040148,0.093123,0.471499,0.051490,1.131945,1.614545,0.892820
24.683333,2.000974,1.996524,2.032835,2.015659,2.001131,1.956909,2.000559,1.948016,0.119600,0.138604,0.040198,0.093937,0.471330,0.052444,1.118946,1.615385,0.862394
24.700000,2.001014,1.995789,2.032750,2.015811,2.001162,1.956248,2.000498,1.950241,0.119896,0.139688,0.039514,0.094833,0.455880,0.053513,1.114162,1.618193,0.862212
24.716667,2.001048,1.995166,2.032783,2.016030,2.001181,1.955436,2.000454,1.951049,0.120046,0.139889,0.039011,0.094792,0.446375,0.054266,1.109514,1.619979,0.866045
24.733333,2.001066,1.994902,2.032814,2.016223,2.001175,1.955014,2.000429,1.951368,0.119872,0.139710,0.038797,0.094581,0.441331,0.054621,1.104448,1.620993,0.867256
24.750000,2.001079,1.994746,2.032936,2.016601,2.001151,1.954826,2.000416,1.951483,0.119581,0.139442,0.038564,0.094333,0.438625,0.054714,1.102220,1.624775,0.867201
24.766667,2.001086,1.994698,2.032817,2.016931,2.001127,1.953689,2.000423,1.951544,0.118545,0.138477,0.038965,0.094438,0.437188,0.054652,1.109562,1.625078,0.866939
24.783333,2.001090,1.994793,2.032997,2.017222,2.001111,1.954492,2.000439,1.950493,0.116975,0.136474,0.040007,0.094344,0.436611,0.054621,1.112337,1.629645,0.866737
24.800000,2.001083,1.994684,2.033414,2.017505,2.001096,1.956279,2.000468,1.948675,0.115938,0.134831,0.040846,0.094046,0.436683,0.054574,1.111757,1.639045,0.866620
24.816667,2.001082,1.994313,2.033726,2.017467,2.001066,1.958691,2.000499,1.946987,0.115489,0.134018,0.041368,0.093907,0.436902,0.054541,1.111381,1.645186,0.853759
24.833333,2.001079,1.994390,2.033552,2.017486,2.001017,1.959677,2.000529,1.945325,0.115518,0.134311,0.041621,0.093980,0.437139,0.054568,1.113509,1.647229,0.846451
24.850000,2.001073,1.995200,2.033221,2.017962,2.000966,1.959805,2.000566,1.943678,0.115687,0.134964,0.041757,0.094001,0.440131,0.054503,1.121644,1.642749,0.856455
24.866667,2.001043,1.996730,2.032862,2.018480,2.000923,1.959365,2.000627,1.942105,0.115934,0.135628,0.041429,0.093903,0.455248,0.053369,1.140080,1.631983,0.869542
24.883333,2.000988,1.998608,2.032756,2.018888,2.000897,1.958777,2.000684,1.940966,0.116267,0.135975,0.040342,0.093555,0.479292,0.051735,1.180584,1.623824,0.880166
24.900000,2.000952,1.999606,2.032704,2.019095,2.000886,1.958456,2.000715,1.940418,0.116435,0.136027,0.039778,0.093337,0.492759,0.050936,1.202393,1.619214,0.885490
24.916667,2.000932,2.000128,2.032650,2.019203,2.000881,1.958286,2.000735,1.940618,0.116518,0.136006,0.039497,0.093240,0.497114,0.050526,1.213767,1.616163,0.888269
24.933333,2.000916,2.000408,2.032623,2.019271,2.000893,1.957129,2.000769,1.940713,0.116601,0.136026,0.039349,0.093184,0.499380,0.050317,1.219851,1.614522,0.889790
24.950000,2.000903,2.000162,2.033166,2.019314,2.000909,1.956050,2.000768,1.940485,0.116695,0.136049,0.039206,0.093154,0.500461,0.050393,1.210854,1.623460,0.890614
24.966667,2.000907,1.999694,2.034250,2.019275,2.000927,1.956663,2.000720,1.938996,0.116697,0.136068,0.039110,0.093202,0.501353,0.050571,1.194633,1.637080,0.891176
24.983333,2.000922,1.998870,2.034600,2.019064,2.000954,1.957635,2.000675,1.936827,0.116686,0.136079,0.039188,0.093248,0.502183,0.050767,1.176956,1.644691,0.891861
25.000000,2.000948,1.997964,2.033900,2.018852,2.000982,1.958353,2.000658,1.935242,0.116692,0.136085,0.039594,0.093349,0.497251,0.050875,1.161733,1.633618,0.892404
25.016667,2.000998,1.997078,2.033432,2.019303,2.001009,1.958270,2.000670,1.933919,0.116700,0.136989,0.039666,0.094431,0.488974,0.051440,1.148271,1.627394,0.908586
25.033333,2.001063,1.995921,2.033406,2.019654,2.001047,1.957753,2.000655,1.934552,0.117171,0.137573,0.038922,0.094791,0.471502,0.052514,1.142415,1.632734,0.922915
25.050000,2.001105,1.995044,2.033535,2.019866,2.001088,1.957120,2.000616,1.935268,0.117488,0.137772,0.038467,0.094863,0.456739,0.053313,1.136294,1.636205,0.932756
25.066667,2.001133,1.994467,2.033852,2.020123,2.001122,1.956791,2.000593,1.935684,0.117701,0.137875,0.038215,0.094871,0.449102,0.053732,1.144895,1.641881,0.942132
25.083333,2.001146,1.994195,2.033674,2.020393,2.001148,1.956017,2.000587,1.935944,0.117826,0.137924,0.038365,0.094820,0.445073,0.054122,1.146098,1.641922,0.951149
25.100000,2.001149,1.994101,2.033579,2.020541,2.001157,1.954519,2.000595,1.936183,0.117854,0.137943,0.038581,0.094791,0.442877,0.054477,1.139820,1.642003,0.956506
25.116667,2.001151,1.994167,2.033410,2.020483,2.001138,1.953677,2.000592,1.936407,0.117984,0.137964,0.038709,0.094769,0.441713,0.054693,1.149232,1.640370,0.959451
25.133333,2.001145,1.995082,2.032944,2.020440,2.001105,1.953889,2.000587,1.936535,0.118096,0.137945,0.038885,0.094730,0.441150,0.054801,1.154756,1.629594,0.961302
25.150000,2.001146,1.995944,2.032666,2.020424,2.001067,1.955637,2.000623,1.934390,0.118129,0.137855,0.039154,0.094661,0.441018,0.054969,1.156098,1.619324,0.962326
25.166667,2.001147,1.996714,2.032518,2.020428,2.001024,1.956651,2.000663,1.932177,0.118050,0.137709,0.039374,0.094583,0.441048,0.055101,1.152755,1.609464,0.962914
25.183333,2.001136,1.997729,2.032337,2.020438,2.000983,1.956730,2.000698,1.930032,0.117973,0.137601,0.039593,0.094558,0.441275,0.055270,1.152460,1.596786,0.963248
25.200000,2.001094,1.998318,2.032199,2.020842,2.000940,1.956239,2.000750,1.928413,0.118246,0.138379,0.039571,0.094645,0.453939,0.054063,1.162837,1.584826,0.983528
25.216667,2.001037,1.999135,2.032056,2.021160,2.000902,1.955589,2.000758,1.931000,0.118543,0.138845,0.039246,0.094602,0.458396,0.052408,1.183722,1.573836,0.999061
25.233333,2.000996,1.999663,2.031977,2.021184,2.000907,1.955233,2.000754,1.933729,0.118552,0.138676,0.038968,0.094617,0.456382,0.051550,1.198416,1.567746,1.003614
25.250000,2.000973,1.999941,2.031948,2.021211,2.000930,1.955039,2.000755,1.935149,0.118481,0.138256,0.038818,0.094552,0.455159,0.051147,1.206204,1.564844,1.004773
25.266667,2.000955,2.000091,2.031932,2.021287,2.000968,1.953779,2.000779,1.935883,0.118466,0.137924,0.038739,0.094452,0.454477,0.050956,1.210410,1.563290,1.005354
25.283333,2.000947,1.999786,2.032466,2.021055,2.001015,1.953581,2.000772,1.935936,0.118364,0.137702,0.039141,0.094526,0.453946,0.051050,1.197558,1.576334,1.006267
25.300000,2.000949,1.999312,2.033369,2.019967,2.001051,1.955613,2.000713,1.935717,0.118390,0.137168,0.039673,0.093959,0.453593,0.051272,1.181983,1.590640,0.975866
25.316667,2.000968,1.998346,2.033865,2.018449,2.001093,1.956913,2.000671,1.933444,0.118422,0.136653,0.039997,0.093418,0.453902,0.051515,1.166180,1.603482,0.934426
25.333333,2.000988,1.997402,2.034341,2.016943,2.001136,1.957256,2.000638,1.931274,0.118388,0.136381,0.040203,0.093172,0.454267,0.051741,1.149779,1.615541,0.893387
25.350000,2.001037,1.996479,2.034438,2.015838,2.001176,1.956982,2.000630,1.929540,0.118812,0.137364,0.040085,0.093814,0.452185,0.052675,1.136188,1.620128,0.863093
25.366667,2.001091,1.995535,2.034555,2.015922,2.001204,1.956308,2.000620,1.930157,0.119084,0.138374,0.039368,0.094702,0.435786,0.053660,1.124563,1.626388,0.862756
25.383333,2.001128,1.994834,2.034367,2.016070,2.001218,1.955504,2.000589,1.930869,0.119103,0.138882,0.039038,0.095161,0.422051,0.054404,1.115410,1.623654,0.865887
25.400000,2.001148,1.994484,2.034115,2.016146,2.001212,1.955089,2.000571,1.931290,0.118939,0.138966,0.038936,0.095266,0.414959,0.054745,1.112586,1.618818,0.866969
25.416667,2.001163,1.994123,2.033732,2.016150,2.001192,1.954896,2.000560,1.931515,0.118705,0.138859,0.038671,0.095200,0.411191,0.054829,1.118931,1.614260,0.867525
25.433333,2.001168,1.994014,2.033533,2.016130,2.001172,1.953717,2.000586,1.930131,0.117999,0.138203,0.039182,0.095336,0.409296,0.054858,1.121216,1.612262,0.867801
25.450000,2.001175,1.994000,2.033429,2.016168,2.001146,1.953298,2.000614,1.927706,0.116516,0.136028,0.040173,0.095017,0.408554,0.054911,1.132015,1.611757,0.867976
25.466667,2.001175,1.994874,2.033382,2.016215,2.001121,1.954887,2.000638,1.925583,0.115560,0.134453,0.041014,0.094693,0.408271,0.054982,1.139288,1.602360,0.868131
25.483333,2.001175,1.995810,2.033387,2.016247,2.001094,1.957462,2.000663,1.923596,0.115073,0.133500,0.041568,0.094364,0.408205,0.055093,1.143020,1.591296,0.868279
25.500000,2.001170,1.996774,2.033384,2.016320,2.001060,1.958456,2.000684,1.921864,0.114874,0.133241,0.041913,0.094249,0.408276,0.055190,1.145783,1.580706,0.872918
25.516667,2.001144,1.996790,2.033504,2.016528,2.001012,1.958545,2.000707,1.920751,0.115014,0.133993,0.042244,0.094377,0.410893,0.055126,1.146876,1.573980,0.892580
25.533333,2.001090,1.997212,2.033788,2.016496,2.000973,1.958096,2.000744,1.921744,0.115366,0.134873,0.041715,0.094472,0.424805,0.053567,1.163257,1.569764,0.906012
25.550000,2.001005,1.998251,2.034070,2.016006,2.000960,1.957461,2.000749,1.926639,0.116016,0.135446,0.040425,0.094325,0.437177,0.051520,1.200521,1.569721,0.907838
25.566667,2.000940,1.998829,2.034155,2.015670,2.000957,1.957129,2.000744,1.932128,0.116429,0.135558,0.039758,0.094215,0.435680,0.050287,1.220436,1.570875,0.907453
25.583333,2.000902,1.999139,2.034159,2.015479,2.000955,1.956962,2.000742,1.934995,0.116654,0.135570,0.039408,0.094146,0.434342,0.049668,1.230939,1.571549,0.907085
25.600000,2.000876,1.999345,2.034147,2.015381,2.000964,1.956223,2.000755,1.936492,0.116807,0.135590,0.039216,0.094102,0.433601,0.049354,1.236609,1.571907,0.906888
25.616667,2.000853,1.999161,2.034620,2.015333,2.000984,1.954957,2.000734,1.938476,0.116937,0.135617,0.038985,0.094076,0.432942,0.049338,1.224897,1.585435,0.906778
25.633333,2.000841,1.998713,2.035494,2.014754,2.001010,1.956152,2.000670,1.940857,0.116824,0.135674,0.039136,0.094252,0.432320,0.049367,1.209444,1.600236,0.899660
25.650000,2.000840,1.997747,2.036118,2.013403,2.001043,1.957140,2.000606,1.942790,0.116758,0.135750,0.039266,0.094338,0.431848,0.049463,1.194077,1.613260,0.867723
25.666667,2.000850,1.996640,2.036163,2.011811,2.001082,1.957375,2.000552,1.944326,0.116763,0.135755,0.039677,0.094240,0.431513,0.049778,1.174064,1.615524,0.830452
25.683333,2.000902,1.995481,2.035666,2.011525,2.001113,1.957049,2.000513,1.945489,0.117138,0.136753,0.039719,0.094787,0.431279,0.051062,1.150867,1.609444,0.823224
25.700000,2.000947,1.994569,2.034856,2.011715,2.001142,1.956331,2.000450,1.947829,0.117685,0.137596,0.039898,0.095100,0.416929,0.052347,1.127252,1.593248,0.828145
25.716667,2.000979,1.993989,2.034139,2.011887,2.001173,1.955459,2.000407,1.948709,0.118159,0.138107,0.040094,0.095135,0.408130,0.053219,1.109373,1.577487,0.834074
25.733333,2.001016,1.993511,2.033997,2.011908,2.001179,1.954997,2.000384,1.949076,0.118432,0.138387,0.039917,0.095147,0.403450,0.053630,1.107479,1.574866,0.836854
25.750000,2.001054,1.992986,2.033535,2.011890,2.001182,1.954785,2.000369,1.949229,0.118564,0.138544,0.039578,0.095144,0.400937,0.053803,1.114919,1.571662,0.838335
25.766667,2.001067,1.992815,2.033304,2.011808,2.001194,1.953600,2.000375,1.949311,0.118947,0.138811,0.039963,0.095173,0.399588,0.053825,1.114023,1.570708,0.838976
25.783333,2.001080,1.992802,2.033195,2.011860,2.001165,1.953586,2.000390,1.948279,0.117597,0.137185,0.040867,0.095210,0.399052,0.053804,1.113820,1.570979,0.839457
25.800000,2.001087,1.992521,2.033357,2.011869,2.001139,1.954023,2.000433,1.946285,0.116735,0.135824,0.041569,0.094990,0.399258,0.053712,1.117978,1.572390,0.838856
25.816667,2.001087,1.993279,2.033330,2.011586,2.001117,1.955716,2.000474,1.944516,0.116487,0.135094,0.041776,0.094857,0.399518,0.053690,1.122725,1.566576,0.832324
25.833333,2.001081,1.994298,2.033389,2.011876,2.001078,1.956507,2.000514,1.942803,0.116494,0.135237,0.041830,0.094883,0.399834,0.053714,1.132216,1.561371,0.838273
25.850000,2.001063,1.994350,2.033527,2.011761,2.001043,1.956475,2.000555,1.941218,0.116809,0.135863,0.041908,0.094905,0.405419,0.053391,1.140939,1.558121,0.853971
25.866667,2.001021,1.994687,2.033686,2.011084,2.001002,1.955929,2.000608,1.939600,0.117675,0.137011,0.041295,0.094866,0.417400,0.052443,1.168320,1.555047,0.862062
25.883333,2.000965,1.995677,2.033816,2.010573,2.000976,1.955193,2.000664,1.938437,0.118529,0.137931,0.040307,0.094604,0.438735,0.050970,1.208471,1.550018,0.867958
25.900000,2.000927,1.996215,2.033883,2.010236,2.000963,1.954987,2.000696,1.937872,0.118956,0.138300,0.039800,0.094416,0.450741,0.050255,1.229550,1.547168,0.870615
25.916667,2.000906,1.996495,2.033902,2.010048,2.000980,1.955277,2.000715,1.937568,0.118817,0.137807,0.039547,0.094277,0.456991,0.049928,1.240658,1.545758,0.871914
25.933333,2.000884,1.996525,2.033827,2.010064,2.000998,1.954866,2.000733,1.937822,0.118707,0.137514,0.039417,0.094194,0.460193,0.049764,1.246727,1.544930,0.873074
25.950000,2.000872,1.995333,2.033948,2.010093,2.001023,1.953842,2.000702,1.940227,0.118665,0.137357,0.039547,0.094173,0.461407,0.049775,1.235824,1.558030,0.873731
25.966667,2.000869,1.994095,2.034223,2.009801,2.001049,1.955044,2.000642,1.942232,0.118441,0.137266,0.039746,0.094343,0.461909,0.049865,1.220908,1.572403,0.865329
25.983333,2.000870,1.993069,2.034936,2.008748,2.001081,1.956025,2.000580,1.943985,0.118459,0.137135,0.039914,0.094155,0.462034,0.050005,1.205574,1.585970,0.836431
26.000000,2.000880,1.992047,2.035341,2.007377,2.001117,1.956258,2.000527,1.945445,0.118657,0.137321,0.040142,0.094080,0.461958,0.050321,1.188140,1.594127,0.798908
26.016667,2.000913,1.991046,2.035158,2.007115,2.001148,1.955921,2.000489,1.946577,0.119107,0.138401,0.039999,0.094669,0.461833,0.051386,1.158173,1.594489,0.788970
26.033333,2.000938,1.990491,2.034781,2.007342,2.001176,1.955203,2.000437,1.948997,0.119458,0.139410,0.039895,0.095375,0.452539,0.052384,1.130735,1.585608,0.792323
26.050000,2.000961,1.990235,2.034645,2.007537,2.001209,1.954339,2.000395,1.949913,0.119904,0.139883,0.039838,0.095388,0.443835,0.053104,1.112047,1.577948,0.798060
26.066667,2.000986,1.990131,2.034375,2.007728,2.001211,1.953892,2.000371,1.950290,0.119906,0.139869,0.039764,0.095246,0.439221,0.053491,1.104591,1.573363,0.800508
26.083333,2.001012,1.989909,2.034078,2.008194,2.001188,1.953696,2.000357,1.950431,0.119661,0.139605,0.039440,0.094989,0.436735,0.053615,1.111638,1.570959,0.801331
26.100000,2.001020,1.989945,2.033943,2.008888,2.001173,1.952414,2.000365,1.950507,0.118594,0.138661,0.039969,0.095105,0.435413,0.053585,1.109551,1.570369,0.801204
26.116667,2.001029,1.990070,2.033817,2.009281,2.001143,1.953015,2.000386,1.949337,0.117156,0.136507,0.041124,0.094738,0.435068,0.053544,1.109316,1.570371,0.783351
26.133333,2.001026,1.990633,2.032922,2.009516,2.001119,1.954921,2.000429,1.947126,0.116316,0.134931,0.042129,0.094471,0.435429,0.053490,1.111349,1.563540,0.761783
26.150000,2.001021,1.990951,2.032617,2.009725,2.001092,1.958006,2.000471,1.945240,0.116015,0.134124,0.042651,0.094315,0.435776,0.053502,1.112462,1.566368,0.742077
26.166667,2.001006,1.992213,2.031986,2.010350,2.001037,1.959230,2.000511,1.943497,0.116032,0.134731,0.042919,0.094476,0.436147,0.053541,1.120424,1.558648,0.748707
26.183333,2.000985,1.993540,2.031393,2.010940,2.000992,1.959441,2.000548,1.941934,0.116178,0.135330,0.043158,0.094476,0.442304,0.053219,1.121947,1.548088,0.761242
26.200000,2.000946,1.994412,2.031066,2.011518,2.000952,1.959064,2.000594,1.940388,0.116408,0.135962,0.042983,0.094401,0.456433,0.052181,1.132110,1.536857,0.775480
26.216667,2.000889,1.995745,2.030918,2.012002,2.000927,1.958452,2.000643,1.939412,0.116710,0.136332,0.041992,0.094103,0.480265,0.050678,1.168179,1.529249,0.787217
26.233333,2.000846,1.996438,2.030846,2.012235,2.000917,1.958131,2.000656,1.940614,0.116860,0.136391,0.041485,0.093967,0.485233,0.049956,1.187290,1.524984,0.793125
26.250000,2.000823,1.996802,2.030778,2.012344,2.000912,1.957974,2.000664,1.941237,0.116933,0.136371,0.041245,0.093886,0.487637,0.049600,1.197342,1.521458,0.796190
26.266667,2.000807,1.996918,2.030830,2.012412,2.000926,1.956839,2.000686,1.941978,0.117011,0.136390,0.041090,0.093839,0.488781,0.049428,1.200430,1.522480,0.797854
26.283333,2.000787,1.996415,2.031362,2.012493,2.000945,1.955718,2.000647,1.944502,0.117082,0.136411,0.040885,0.093814,0.488859,0.049464,1.185480,1.537850,0.798644
26.300000,2.000772,1.995952,2.032286,2.012297,2.000969,1.956208,2.000579,1.946483,0.117045,0.136432,0.040783,0.093889,0.488740,0.049557,1.170461,1.552453,0.799305
26.316667,2.000767,1.995116,2.032943,2.011921,2.000998,1.957139,2.000509,1.948166,0.117005,0.136444,0.040740,0.093957,0.488506,0.049680,1.155123,1.565816,0.799947
26.333333,2.000772,1.994005,2.033392,2.011692,2.001027,1.957404,2.000451,1.949536,0.117016,0.136797,0.040698,0.094342,0.488222,0.049973,1.139108,1.578279,0.803717
26.350000,2.000817,1.992884,2.033914,2.012228,2.001054,1.957111,2.000408,1.950646,0.117324,0.137995,0.040329,0.095217,0.488055,0.051366,1.122269,1.593215,0.824744
26.366667,2.000868,1.991772,2.034084,2.012672,2.001084,1.956421,2.000371,1.951710,0.117609,0.138165,0.039713,0.095115,0.482871,0.052792,1.108622,1.600498,0.843489
26.383333,2.000907,1.991016,2.034123,2.012997,2.001118,1.955597,2.000329,1.952626,0.117808,0.138300,0.039429,0.095087,0.472597,0.053780,1.096005,1.601731,0.857334
26.400000,2.000928,1.990768,2.033865,2.013156,2.001142,1.955151,2.000307,1.952998,0.117942,0.138395,0.039485,0.095053,0.467147,0.054250,1.083296,1.597469,0.858022
26.416667,2.000958,1.990430,2.033511,2.013232,2.001167,1.954721,2.000296,1.953140,0.118097,0.138480,0.039337,0.094998,0.464223,0.054424,1.090414,1.594486,0.858240
26.433333,2.000971,1.990360,2.033313,2.013448,2.001183,1.953243,2.000307,1.953218,0.117920,0.138127,0.039870,0.094911,0.462671,0.054436,1.090089,1.593351,0.857860
26.450000,2.000981,1.990436,2.033050,2.013767,2.001161,1.952864,2.000320,1.952196,0.116479,0.136041,0.040967,0.094584,0.462039,0.054426,1.088332,1.593711,0.852082
26.466667,2.000982,1.990067,2.032714,2.013815,2.001141,1.954612,2.000353,1.950407,0.115746,0.134627,0.041786,0.094316,0.462092,0.054398,1.087897,1.601743,0.834805
26.483333,2.000985,1.989606,2.032791,2.013856,2.001100,1.957141,2.000388,1.948717,0.115317,0.133754,0.042252,0.094028,0.462321,0.054408,1.087670,1.610508,0.820142
26.500000,2.000984,1.989774,2.032816,2.014008,2.001052,1.958223,2.000423,1.947041,0.115154,0.133596,0.042514,0.093951,0.462578,0.054470,1.090147,1.612234,0.814370
26.516667,2.000970,1.991332,2.032505,2.014629,2.000987,1.958358,2.000458,1.945419,0.115151,0.134367,0.042678,0.094101,0.465319,0.054455,1.099262,1.601720,0.828621
26.533333,2.000920,1.993354,2.032251,2.015204,2.000942,1.957924,2.000497,1.944059,0.115273,0.135219,0.041908,0.094303,0.480363,0.053259,1.129379,1.589695,0.844639
26.550000,2.000853,1.995295,2.032099,2.015618,2.000916,1.957242,2.000523,1.943250,0.115501,0.135516,0.040773,0.094043,0.503995,0.051658,1.168805,1.580709,0.855974
26.566667,2.000812,1.996303,2.032021,2.015817,2.000903,1.956866,2.000526,1.944339,0.115618,0.135595,0.040214,0.093948,0.508958,0.050880,1.189512,1.575606,0.861805
26.583333,2.000789,1.996832,2.031963,2.015918,2.000896,1.956680,2.000529,1.944906,0.115680,0.135611,0.039937,0.093893,0.511371,0.050499,1.200415,1.572129,0.864885
26.600000,2.000761,1.997114,2.031932,2.015982,2.000909,1.955470,2.000561,1.945202,0.115751,0.135649,0.039787,0.093861,0.512622,0.050320,1.206290,1.570255,0.866559
26.616667,2.000744,1.996674,2.032490,2.016019,2.000924,1.954501,2.000566,1.945035,0.115833,0.135675,0.039589,0.093846,0.513137,0.050453,1.191396,1.584641,0.867462
26.633333,2.000746,1.996233,2.033466,2.016036,2.000937,1.956087,2.000514,1.943639,0.115731,0.135721,0.039507,0.094024,0.513744,0.050628,1.175990,1.598559,0.867966
26.650000,2.000762,1.995412,2.034149,2.015953,2.000958,1.957290,2.000467,1.941576,0.115777,0.135587,0.039463,0.093859,0.514460,0.050835,1.160358,1.611160,0.868342
26.666667,2.000781,1.994304,2.034604,2.015605,2.000993,1.957802,2.000428,1.939650,0.115852,0.135456,0.039458,0.093660,0.515075,0.051047,1.144054,1.622855,0.868901
26.683333,2.000841,1.993273,2.034649,2.015260,2.001032,1.957650,2.000441,1.938384,0.116446,0.136425,0.039303,0.094240,0.505218,0.051847,1.130596,1.626099,0.869417
26.700000,2.000903,1.992247,2.034527,2.014892,2.001073,1.957062,2.000466,1.937171,0.117033,0.137506,0.038866,0.094974,0.494534,0.052690,1.121136,1.628272,0.869916
26.716667,2.000943,1.991448,2.033988,2.014613,2.001118,1.956315,2.000445,1.938189,0.117609,0.138043,0.038946,0.095104,0.476346,0.053352,1.112614,1.617477,0.870312
26.733333,2.000980,1.990812,2.033688,2.014464,2.001156,1.955922,2.000431,1.938766,0.117985,0.138346,0.038915,0.095155,0.466756,0.053672,1.127072,1.610771,0.869792
26.750000,2.000990,1.990564,2.033795,2.014470,2.001191,1.954668,2.000434,1.939066,0.118193,0.138505,0.038996,0.095162,0.461621,0.053729,1.137867,1.612722,0.873912
26.766667,2.000996,1.990895,2.033789,2.014526,2.001213,1.953217,2.000464,1.937895,0.118300,0.138568,0.039403,0.095119,0.459036,0.054064,1.140272,1.613726,0.880153
26.783333,2.001003,1.991027,2.033800,2.014463,2.001197,1.951997,2.000496,1.935431,0.118344,0.138591,0.039680,0.095090,0.457865,0.054447,1.147990,1.614999,0.885515
26.800000,2.001008,1.991543,2.033229,2.014285,2.001159,1.951851,2.000513,1.933499,0.118514,0.138454,0.040284,0.094817,0.457342,0.054624,1.157435,1.610517,0.889136
26.816667,2.001014,1.992129,2.032550,2.014213,2.001122,1.953541,2.000537,1.931651,0.118580,0.138336,0.040715,0.094669,0.457153,0.054736,1.162193,1.599475,0.891273
26.833333,2.001018,1.992898,2.032194,2.014177,2.001084,1.954497,2.000561,1.929971,0.118577,0.138196,0.041103,0.094541,0.457125,0.054817,1.164606,1.589063,0.892436
26.850000,2.001009,1.994191,2.031805,2.014163,2.001049,1.954530,2.000561,1.930660,0.118569,0.138108,0.041409,0.094505,0.452056,0.054740,1.165544,1.573022,0.893071
26.866667,2.000967,1.995191,2.031538,2.014012,2.001018,1.954002,2.000560,1.933505,0.118596,0.138086,0.041314,0.094534,0.455272,0.053397,1.177583,1.558353,0.893711
26.883333,2.000902,1.996372,2.031269,2.013571,2.000986,1.953320,2.000550,1.936129,0.118671,0.138096,0.040958,0.094530,0.471431,0.051462,1.203350,1.544501,0.894676
26.900000,2.000863,1.997038,2.031134,2.013327,2.000969,1.952953,2.000554,1.938522,0.118711,0.138102,0.040766,0.094585,0.476247,0.050464,1.217276,1.536943,0.895202
26.916667,2.000843,1.997383,2.031100,2.013210,2.000956,1.953058,2.000563,1.940127,0.118651,0.138004,0.040661,0.094615,0.476875,0.049939,1.224649,1.533432,0.895524
26.933333,2.000829,1.997492,2.031171,2.013156,2.000962,1.952090,2.000600,1.940963,0.118599,0.137931,0.040577,0.094624,0.477122,0.049682,1.226386,1.534458,0.895726
26.950000,2.000813,1.997047,2.031709,2.012857,2.000988,1.951030,2.000597,1.942625,0.118649,0.137945,0.040410,0.094678,0.476949,0.049712,1.211557,1.549130,0.896111
26.966667,2.000799,1.996628,2.032661,2.012351,2.001020,1.951558,2.000526,1.944751,0.118713,0.137842,0.040392,0.094558,0.476581,0.049788,1.196273,1.563621,0.896653
26.983333,2.000795,1.995652,2.033163,2.011887,2.001048,1.952824,2.000458,1.946515,0.118777,0.137622,0.040518,0.094291,0.476243,0.049917,1.181156,1.576597,0.897108
27.000000,2.000800,1.994617,2.033603,2.011405,2.001065,1.953296,2.000403,1.947918,0.119022,0.137846,0.040598,0.094263,0.475931,0.050210,1.164954,1.589004,0.867278
27.016667,2.000821,1.993903,2.033708,2.010665,2.001088,1.953070,2.000364,1.948892,0.119815,0.138947,0.040639,0.094574,0.475727,0.051097,1.155044,1.594013,0.829417
27.033333,2.000843,1.993388,2.033641,2.010201,2.001115,1.952392,2.000318,1.949841,0.120654,0.139784,0.040238,0.094616,0.465240,0.051959,1.145939,1.596011,0.804707
27.050000,2.000856,1.993024,2.033823,2.009947,2.001158,1.951479,2.000283,1.950817,0.121300,0.140407,0.039957,0.094713,0.455137,0.052600,1.134590,1.600500,0.792774
27.066667,2.000857,1.993087,2.033713,2.010022,2.001182,1.950977,2.000267,1.951239,0.121475,0.140526,0.040312,0.094636,0.449816,0.052868,1.116166,1.601292,0.792585
27.083333,2.000876,1.992962,2.033672,2.010186,2.001189,1.950511,2.000258,1.951419,0.121346,0.140156,0.040437,0.094247,0.446979,0.052909,1.118458,1.604238,0.796990
27.100000,2.000887,1.992939,2.033578,2.010202,2.001191,1.948844,2.000267,1.951513,0.120894,0.139506,0.040959,0.094023,0.445463,0.052863,1.118943,1.605690,0.801710
27.116667,2.000894,1.992884,2.033457,2.010245,2.001136,1.951927,2.000287,1.950462,0.120577,0.138275,0.041359,0.093119,0.444799,0.052968,1.124881,1.607489,0.804458
27.133333,2.000902,1.992982,2.032972,2.010371,2.001084,1.954311,2.000315,1.948651,0.120485,0.137508,0.041557,0.092483,0.444857,0.053002,1.131262,1.603425,0.806166
27.150000,2.000908,1.993514,2.032654,2.010453,2.001040,1.955790,2.000349,1.946930,0.120449,0.137072,0.041734,0.092115,0.445090,0.053010,1.134399,1.593025,0.807115
27.166667,2.000910,1.994211,2.032473,2.010503,2.001000,1.956296,2.000381,1.945229,0.120433,0.136827,0.041853,0.091913,0.445311,0.053060,1.135939,1.582952,0.807639
27.183333,2.000898,1.995369,2.032235,2.009791,2.000974,1.956119,2.000416,1.943692,0.120542,0.136692,0.041971,0.091791,0.451805,0.052742,1.139741,1.569123,0.808975
27.200000,2.000861,1.996592,2.031996,2.009334,2.000947,1.955494,2.000448,1.942353,0.120824,0.137221,0.041759,0.091865,0.464347,0.051733,1.153399,1.554213,0.820435
27.216667,2.000813,1.997557,2.031766,2.009164,2.000920,1.954670,2.000462,1.941491,0.121104,0.137842,0.041398,0.091988,0.477789,0.050588,1.171989,1.540676,0.833691
27.233333,2.000785,1.998088,2.031648,2.009069,2.000919,1.954204,2.000471,1.941085,0.121184,0.138019,0.041213,0.092095,0.485069,0.050042,1.181654,1.533332,0.840480
27.250000,2.000769,1.998361,2.031604,2.009011,2.000926,1.953963,2.000478,1.940870,0.121203,0.138049,0.041113,0.092165,0.488814,0.049768,1.186679,1.529844,0.844026
27.266667,2.000746,1.998504,2.031580,2.008980,2.000949,1.952648,2.000514,1.940745,0.121262,0.138081,0.041060,0.092187,0.490753,0.049636,1.189381,1.527979,0.845944
27.283333,2.000727,1.998216,2.031988,2.008834,2.000995,1.951277,2.000524,1.940341,0.121288,0.138026,0.041210,0.092294,0.491643,0.049741,1.177527,1.539970,0.847044
27.300000,2.000727,1.997536,2.032663,2.008149,2.001062,1.951130,2.000476,1.939459,0.121280,0.137613,0.041804,0.092183,0.492272,0.049912,1.160671,1.555326,0.848092
27.316667,2.000747,1.996594,2.033200,2.007615,2.001111,1.951365,2.000434,1.937154,0.121304,0.137388,0.042231,0.092113,0.493105,0.050102,1.144470,1.568946,0.830378
27.333333,2.000791,1.995652,2.033702,2.006796,2.001143,1.951134,2.000436,1.935745,0.121445,0.137601,0.042489,0.092411,0.484166,0.050311,1.127782,1.581691,0.792208
27.350000,2.000852,1.994776,2.034541,2.006001,2.001178,1.950489,2.000450,1.934529,0.121930,0.138597,0.042004,0.093187,0.475082,0.051126,1.114697,1.604032,0.756096
27.366667,2.000904,1.994003,2.034600,2.005588,2.001226,1.949541,2.000459,1.934269,0.122606,0.139203,0.041641,0.093271,0.461305,0.051900,1.107013,1.614609,0.735372
27.383333,2.000938,1.993461,2.033833,2.005204,2.001257,1.948543,2.000434,1.935064,0.122913,0.139265,0.041810,0.093088,0.445959,0.052480,1.101561,1.601702,0.719135
27.400000,2.000958,1.993107,2.033315,2.005050,2.001259,1.948037,2.000418,1.935524,0.122927,0.138903,0.042013,0.092682,0.437885,0.052746,1.110484,1.592299,0.714319
27.416667,2.000977,1.992769,2.033377,2.005067,2.001254,1.947800,2.000407,1.935767,0.122830,0.138437,0.042010,0.092243,0.433573,0.052798,1.126352,1.593863,0.715852
27.433333,2.000984,1.992702,2.033549,2.005148,2.001228,1.951497,2.000402,1.935893,0.122555,0.136781,0.042616,0.090845,0.431324,0.052839,1.133301,1.597299,0.717939
27.450000,2.000987,1.992582,2.033706,2.005211,2.001167,1.955556,2.000384,1.936363,0.122619,0.135249,0.042876,0.089166,0.429950,0.052932,1.145113,1.600391,0.719240
27.466667,2.000987,1.993427,2.033318,2.005251,2.001113,1.957681,2.000358,1.938858,0.122692,0.134386,0.043102,0.088187,0.429080,0.052848,1.153094,1.586834,0.719975
27.483333,2.000982,1.994427,2.033206,2.005284,2.001068,1.958917,2.000341,1.941051,0.122762,0.133896,0.043285,0.087604,0.428574,0.052750,1.157186,1.572225,0.720399
27.500000,2.000974,1.995615,2.032978,2.005308,2.001029,1.959378,2.000327,1.942529,0.122818,0.133619,0.043466,0.087261,0.428310,0.052674,1.157636,1.554937,0.720648
27.516667,2.000949,1.996203,2.032765,2.004303,2.001006,1.959188,2.000327,1.943091,0.122988,0.133468,0.043745,0.087055,0.434362,0.052280,1.155249,1.538510,0.721790
27.533333,2.000911,1.996627,2.032628,2.003849,2.000980,1.958569,2.000355,1.942261,0.123177,0.134188,0.043658,0.087244,0.445592,0.051355,1.163159,1.524881,0.739875
27.550000,2.000861,1.997450,2.032570,2.003539,2.000975,1.957894,2.000359,1.942083,0.122907,0.133922,0.043257,0.087345,0.456681,0.050381,1.183935,1.511136,0.753991
27.566667,2.000826,1.998037,2.032595,2.003370,2.000982,1.957521,2.000364,1.941934,0.122815,0.133653,0.042992,0.087256,0.462695,0.049942,1.194834,1.502594,0.761315
27.583333,2.000808,1.998343,2.032602,2.003269,2.000994,1.957319,2.000370,1.941837,0.122813,0.133459,0.042848,0.087139,0.465780,0.049727,1.200588,1.498497,0.765207
27.600000,2.000795,1.998438,2.032704,2.003211,2.001020,1.956130,2.000411,1.941757,0.122879,0.133353,0.042742,0.087035,0.467359,0.049637,1.201538,1.499394,0.767308
27.616667,2.000787,1.998135,2.033180,2.003186,2.001049,1.954792,2.000443,1.941099,0.122977,0.133361,0.042810,0.087054,0.468282,0.049742,1.189195,1.512517,0.768420
27.633333,2.000795,1.997528,2.033524,2.002709,2.001097,1.953900,2.000409,1.939148,0.122928,0.133245,0.043356,0.087259,0.469205,0.049874,1.175395,1.525927,0.769276
27.650000,2.000811,1.996650,2.034150,2.002004,2.001145,1.952963,2.000379,1.937251,0.122840,0.133117,0.043940,0.087474,0.469912,0.050037,1.159422,1.540501,0.752453
27.666667,2.000838,1.995754,2.034789,2.001192,2.001183,1.952584,2.000348,1.935426,0.122890,0.133906,0.044075,0.088350,0.470456,0.050594,1.143650,1.556573,0.720942
27.683333,2.000892,1.994901,2.034354,2.001113,2.001212,1.952276,2.000365,1.934376,0.122888,0.134741,0.043689,0.089125,0.461654,0.051427,1.128952,1.559461,0.715907
27.700000,2.000937,1.994301,2.033497,2.001189,2.001241,1.951638,2.000372,1.934061,0.122873,0.135268,0.043522,0.089529,0.449602,0.052215,1.121743,1.547849,0.723947
27.716667,2.000968,1.993717,2.032703,2.001304,2.001259,1.950822,2.000340,1.934786,0.122596,0.135164,0.043274,0.089526,0.436702,0.052817,1.120205,1.532829,0.736425
27.733333,2.000971,1.993681,2.032535,2.001418,2.001269,1.950438,2.000321,1.935182,0.121961,0.134274,0.043339,0.089274,0.429893,0.052991,1.128005,1.528822,0.741991
27.750000,2.000965,1.994145,2.032888,2.001592,2.001291,1.952370,2.000311,1.935376,0.120597,0.132055,0.044144,0.088743,0.426301,0.052909,1.141793,1.535429,0.744786
27.766667,2.000965,1.994577,2.033255,2.001781,2.001286,1.957387,2.000330,1.933997,0.119664,0.129213,0.045219,0.087092,0.424592,0.052950,1.144245,1.543000,0.746594
27.783333,2.000970,1.994722,2.033271,2.001892,2.001233,1.960133,2.000346,1.931579,0.119242,0.127382,0.045714,0.085848,0.423900,0.053080,1.153264,1.544879,0.747658
27.800000,2.000980,1.994461,2.033281,2.001950,2.001183,1.961206,2.000355,1.929470,0.119010,0.126332,0.045928,0.085140,0.423628,0.053179,1.162467,1.546403,0.748245
27.816667,2.000986,1.995009,2.033251,2.001837,2.001149,1.961559,2.000370,1.927501,0.119043,0.125786,0.045980,0.084733,0.423569,0.053264,1.167846,1.539192,0.745560
27.833333,2.000985,1.995330,2.033289,2.002497,2.001103,1.961879,2.000392,1.925740,0.119279,0.126422,0.046003,0.084638,0.423613,0.053347,1.170617,1.532252,0.758080
27.850000,2.000971,1.994723,2.033398,2.003166,2.001046,1.961647,2.000413,1.924529,0.119807,0.127714,0.046127,0.084707,0.429787,0.053007,1.172205,1.526967,0.757904
27.866667,2.000932,1.994692,2.033428,2.002612,2.000999,1.961057,2.000402,1.927347,0.120605,0.129281,0.045559,0.084966,0.429282,0.052305,1.189966,1.519640,0.760464
27.883333,2.000866,1.995794,2.033611,2.001899,2.000975,1.960391,2.000372,1.929717,0.121665,0.130761,0.044279,0.085077,0.439901,0.051068,1.219450,1.512341,0.759860
27.900000,2.000819,1.996722,2.033675,2.001407,2.001001,1.960028,2.000367,1.931996,0.121607,0.130799,0.043207,0.085599,0.442398,0.050438,1.238597,1.508126,0.757372
27.916667,2.000794,1.997213,2.033694,2.001118,2.001019,1.959848,2.000369,1.933574,0.121636,0.130779,0.042668,0.085828,0.442020,0.050106,1.248728,1.506255,0.755856
27.933333,2.000782,1.997055,2.033599,2.000954,2.001046,1.958731,2.000407,1.934400,0.121726,0.130780,0.042368,0.085911,0.441766,0.049954,1.252338,1.508139,0.755038
27.950000,2.000773,1.995893,2.033693,2.000867,2.001074,1.957456,2.000436,1.934683,0.121823,0.130779,0.042115,0.085952,0.441555,0.050049,1.241728,1.521494,0.754591
27.966667,2.000777,1.994769,2.033909,2.000821,2.001103,1.956617,2.000396,1.933495,0.121985,0.130873,0.042532,0.086031,0.441761,0.050186,1.226822,1.536941,0.754284
27.983333,2.000792,1.993760,2.034332,2.000178,2.001137,1.955728,2.000365,1.931523,0.122159,0.130856,0.042806,0.085901,0.442184,0.050358,1.212171,1.550728,0.741529
28.000000,2.000822,1.992948,2.035174,1.999151,2.001180,1.954781,2.000342,1.929655,0.122412,0.131380,0.042995,0.086231,0.442554,0.050927,1.197718,1.567186,0.715123
28.016667,2.000872,1.992377,2.036062,1.998676,2.001225,1.953773,2.000360,1.928659,0.122467,0.131839,0.042495,0.086596,0.434447,0.051746,1.177702,1.587916,0.713269
28.033333,2.000906,1.992009,2.035902,1.998324,2.001271,1.952657,2.000348,1.929623,0.122245,0.131957,0.042348,0.086943,0.418769,0.052596,1.150794,1.587945,0.722401
28.050000,2.000931,1.991853,2.035304,1.997884,2.001312,1.951539,2.000318,1.930439,0.121837,0.131470,0.042619,0.086929,0.406048,0.053259,1.135188,1.571028,0.732559
28.066667,2.000944,1.991977,2.034719,1.997623,2.001350,1.950973,2.000301,1.930891,0.121611,0.130896,0.043157,0.086840,0.399423,0.053558,1.123099,1.557144,0.736081
28.083333,2.000956,1.992027,2.034183,1.997539,2.001368,1.953633,2.000289,1.931121,0.121699,0.130549,0.043204,0.086535,0.395900,0.053705,1.130721,1.548296,0.737778
28.100000,2.000963,1.992536,2.033863,1.997496,2.001352,1.957436,2.000310,1.929742,0.122087,0.129904,0.043917,0.085447,0.394178,0.053741,1.140941,1.544422,0.738792
28.116667,2.000968,1.992852,2.033692,1.997491,2.001306,1.958758,2.000326,1.927271,0.121748,0.129391,0.044736,0.085445,0.393450,0.053823,1.154082,1.542991,0.739309
28.133333,2.000977,1.992902,2.033448,1.997441,2.001269,1.959107,2.000336,1.925110,0.121505,0.129045,0.045283,0.085638,0.393151,0.053885,1.164603,1.542364,0.736808
28.150000,2.000981,1.993491,2.033308,1.997374,2.001241,1.959076,2.000351,1.923087,0.121433,0.128874,0.045671,0.085803,0.393072,0.053947,1.169982,1.536755,0.733558
28.166667,2.000978,1.994501,2.033061,1.998334,2.001204,1.959199,2.000374,1.921264,0.120930,0.129195,0.045937,0.086447,0.393106,0.054023,1.172575,1.524431,0.748745
28.183333,2.000957,1.995050,2.032836,1.999774,2.001152,1.958804,2.000395,1.920203,0.120611,0.130151,0.045880,0.087333,0.402753,0.053305,1.183764,1.510905,0.739277
28.200000,2.000914,1.995585,2.032696,1.999345,2.001119,1.958078,2.000401,1.921140,0.120792,0.131050,0.045434,0.087940,0.411778,0.052147,1.201100,1.498829,0.737929
28.216667,2.000830,1.996440,2.032583,1.999197,2.001107,1.957295,2.000379,1.924205,0.120886,0.131611,0.044784,0.088399,0.422667,0.050609,1.226395,1.488272,0.738179
28.233333,2.000772,1.996859,2.032589,1.999023,2.001113,1.956876,2.000369,1.926000,0.120911,0.131803,0.044245,0.088653,0.429047,0.049845,1.239514,1.485348,0.737223
28.250000,2.000740,1.997070,2.032593,1.998897,2.001118,1.956661,2.000365,1.927040,0.120927,0.131933,0.043965,0.088827,0.432169,0.049462,1.246302,1.483918,0.736412
28.266667,2.000718,1.997102,2.032698,1.998832,2.001137,1.955463,2.000393,1.928065,0.120954,0.132211,0.043768,0.089195,0.433633,0.049305,1.247823,1.486365,0.736040
28.283333,2.000690,1.996655,2.033167,1.998807,2.001170,1.954120,2.000393,1.931094,0.121016,0.132350,0.043541,0.089389,0.433882,0.049298,1.235704,1.500527,0.735831
28.300000,2.000668,1.996000,2.033695,1.998714,2.001209,1.953145,2.000341,1.933249,0.121064,0.132398,0.043370,0.089483,0.433913,0.049374,1.219724,1.516656,0.733081
28.316667,2.000658,1.994882,2.034296,1.997963,2.001241,1.952190,2.000290,1.935113,0.121133,0.132497,0.043512,0.089532,0.433769,0.049468,1.204621,1.531077,0.711963
28.333333,2.000645,1.994363,2.034772,1.997190,2.001276,1.951258,2.000246,1.936711,0.121223,0.132784,0.043742,0.089650,0.433537,0.049878,1.186518,1.542870,0.692871
28.350000,2.000642,1.993836,2.035222,1.996737,2.001316,1.950371,2.000209,1.937887,0.121068,0.133050,0.043357,0.089841,0.433357,0.050692,1.156060,1.561091,0.694846
28.366667,2.000682,1.992945,2.034828,1.996178,2.001357,1.949262,2.000176,1.939572,0.120879,0.133291,0.043030,0.090069,0.429203,0.051785,1.146369,1.565782,0.703453
28.383333,2.000744,1.992063,2.034261,1.995395,2.001396,1.948098,2.000139,1.941418,0.120770,0.133589,0.042785,0.090378,0.421125,0.052736,1.146116,1.563011,0.710565
28.400000,2.000810,1.991432,2.033806,1.994488,2.001439,1.947493,2.000119,1.942114,0.120899,0.133832,0.042856,0.090555,0.416871,0.053199,1.147865,1.556568,0.706865
28.416667,2.000869,1.990814,2.034029,1.994045,2.001485,1.947214,2.000107,1.942434,0.121125,0.134038,0.042836,0.090649,0.414566,0.053388,1.160313,1.561527,0.704546
28.433333,2.000902,1.990461,2.034155,1.993782,2.001502,1.948904,2.000107,1.942602,0.121309,0.134417,0.042991,0.091030,0.413306,0.053543,1.164902,1.564546,0.703288
28.450000,2.000918,1.990226,2.034178,1.993722,2.001448,1.950292,2.000098,1.942696,0.120886,0.133775,0.043181,0.090863,0.412697,0.053597,1.171838,1.565607,0.702819
28.466667,2.000931,1.990334,2.033964,1.993673,2.001397,1.951649,2.000116,1.940826,0.120676,0.133218,0.043518,0.090596,0.412686,0.053683,1.180551,1.562532,0.701370
28.483333,2.000935,1.991593,2.032966,1.994062,2.001347,1.952698,2.000149,1.938938,0.120989,0.133672,0.043729,0.090572,0.412993,0.053702,1.185172,1.542184,0.705013
28.500000,2.000932,1.992850,2.032519,1.996082,2.001258,1.952819,2.000182,1.937055,0.121762,0.135502,0.043866,0.090817,0.413260,0.053756,1.187405,1.526571,0.694001
28.516667,2.000921,1.993947,2.032306,1.996301,2.001207,1.952369,2.000213,1.935388,0.122012,0.136537,0.043994,0.091357,0.419658,0.053430,1.184200,1.514733,0.691949
28.533333,2.000906,1.994721,2.032174,1.995905,2.001166,1.951550,2.000245,1.933668,0.122085,0.136971,0.043677,0.091745,0.428456,0.053192,1.188078,1.503672,0.693020
28.550000,2.000858,1.995772,2.031996,1.995722,2.001150,1.950742,2.000257,1.932585,0.122129,0.137432,0.042927,0.092231,0.442647,0.052381,1.205343,1.491070,0.694784
28.566667,2.000816,1.996489,2.031852,1.995537,2.001155,1.950308,2.000263,1.932094,0.122210,0.137653,0.042543,0.092443,0.451354,0.051984,1.215335,1.482096,0.695067
28.583333,2.000793,1.996855,2.031804,1.995409,2.001160,1.950080,2.000271,1.931826,0.122262,0.137761,0.042326,0.092546,0.455836,0.051790,1.220487,1.478270,0.695043
28.600000,2.000765,1.997046,2.031779,1.995343,2.001184,1.949786,2.000298,1.931666,0.122177,0.137713,0.042222,0.092654,0.458159,0.051706,1.223211,1.476244,0.695073
28.616667,2.000746,1.996730,2.032175,1.995359,2.001228,1.951522,2.000296,1.931241,0.121268,0.137110,0.042104,0.093169,0.459254,0.051874,1.211673,1.488747,0.695166
28.633333,2.000747,1.996262,2.032685,1.995376,2.001274,1.952609,2.000233,1.929497,0.121127,0.136407,0.042653,0.092773,0.460206,0.052097,1.195330,1.504630,0.695177
28.650000,2.000766,1.995232,2.033226,1.994811,2.001310,1.952768,2.000189,1.927058,0.121180,0.135940,0.043040,0.092281,0.461084,0.052317,1.179687,1.519021,0.683045
28.666667,2.000796,1.994152,2.034169,1.994130,2.001349,1.952386,2.000157,1.924820,0.121317,0.135931,0.042786,0.092044,0.461759,0.052705,1.161603,1.546379,0.665522
28.683333,2.000846,1.993498,2.033706,1.993618,2.001396,1.951669,2.000168,1.923686,0.121440,0.136365,0.042914,0.092256,0.453528,0.053569,1.138017,1.551299,0.665817
28.700000,2.000896,1.992936,2.032913,1.992905,2.001440,1.950708,2.000172,1.923621,0.121390,0.136681,0.042933,0.092553,0.440590,0.054357,1.128244,1.543466,0.670839
28.716667,2.000956,1.992160,2.032536,1.991984,2.001479,1.949646,2.000152,1.924712,0.121285,0.136885,0.042294,0.092836,0.425974,0.054980,1.145814,1.536135,0.676310
28.733333,2.000993,1.991707,2.032672,1.991439,2.001513,1.949087,2.000139,1.925320,0.121315,0.137022,0.041880,0.092984,0.418255,0.055247,1.158499,1.538498,0.676664
28.750000,2.000993,1.991973,2.033135,1.991229,2.001551,1.948844,2.000133,1.925637,0.121107,0.137020,0.042146,0.093388,0.414133,0.055243,1.162879,1.547525,0.676413
28.766667,2.000989,1.992335,2.033282,1.991220,2.001543,1.948723,2.000153,1.925275,0.119654,0.135590,0.043203,0.093776,0.412017,0.055185,1.159127,1.550882,0.676429
28.783333,2.000997,1.992422,2.033280,1.991262,2.001498,1.951478,2.000185,1.922433,0.118823,0.133980,0.043741,0.093196,0.411178,0.055314,1.168727,1.552023,0.676619
28.800000,2.000999,1.993126,2.032808,1.991226,2.001463,1.953342,2.000194,1.920152,0.118540,0.133132,0.044007,0.092890,0.410830,0.055409,1.175467,1.540697,0.673816
28.816667,2.001003,1.993671,2.032664,1.991365,2.001427,1.954275,2.000209,1.918012,0.118542,0.132951,0.044150,0.092774,0.410732,0.055487,1.178902,1.531874,0.674106
28.833333,2.001003,1.994488,2.032486,1.992642,2.001360,1.954405,2.000226,1.916103,0.118773,0.133892,0.044256,0.092901,0.410750,0.055570,1.180530,1.520103,0.681579
28.850000,2.000987,1.995138,2.032263,1.993759,2.001273,1.953978,2.000225,1.917554,0.119596,0.135712,0.044406,0.093236,0.408208,0.055206,1.181215,1.505623,0.675559
28.866667,2.000941,1.995533,2.032236,1.993267,2.001210,1.953183,2.000204,1.920700,0.120704,0.137594,0.044112,0.093585,0.413290,0.053962,1.192772,1.496455,0.677198
28.883333,2.000860,1.996499,2.032216,1.993194,2.001188,1.952311,2.000162,1.923324,0.121090,0.138863,0.043529,0.094388,0.428733,0.052519,1.217554,1.487115,0.678359
28.900000,2.000806,1.997016,2.032218,1.993211,2.001198,1.951846,2.000142,1.927457,0.120862,0.139054,0.043146,0.095122,0.426951,0.051788,1.230384,1.482981,0.677981
28.916667,2.000777,1.997275,2.032237,1.993192,2.001215,1.951603,2.000134,1.929628,0.120846,0.138935,0.042910,0.095256,0.425600,0.051462,1.237052,1.481543,0.677541
28.933333,2.000758,1.997335,2.032348,1.993187,2.001247,1.951334,2.000154,1.930769,0.120740,0.138637,0.042761,0.095287,0.424872,0.051351,1.238526,1.483982,0.677361
28.950000,2.000738,1.996908,2.032822,1.993265,2.001300,1.953541,2.000171,1.931238,0.119668,0.137566,0.042618,0.095612,0.424431,0.051526,1.226321,1.498273,0.677346
28.966667,2.000731,1.996336,2.033329,1.993340,2.001351,1.955273,2.000118,1.930705,0.118959,0.136398,0.042699,0.095388,0.424301,0.051761,1.211247,1.513616,0.677342
28.983333,2.000748,1.995281,2.033903,1.993114,2.001389,1.955860,2.000077,1.928585,0.118679,0.135700,0.043070,0.095072,0.424647,0.051971,1.195995,1.528170,0.669995
29.000000,2.000777,1.994322,2.034654,1.992279,2.001421,1.955747,2.000048,1.926568,0.118755,0.135746,0.042880,0.095036,0.425017,0.052541,1.182901,1.548549,0.649753
29.016667,2.000809,1.993650,2.034138,1.991560,2.001462,1.955201,2.000048,1.925474,0.118584,0.135797,0.042740,0.095141,0.420872,0.053416,1.154985,1.551314,0.648389
29.033333,2.000860,1.993106,2.033339,1.990623,2.001504,1.954365,2.000034,1.926588,0.118429,0.135718,0.042737,0.095097,0.405835,0.054641,1.142388,1.541639,0.653794
29.050000,2.000921,1.992480,2.032920,1.989443,2.001542,1.953446,2.000002,1.927625,0.118331,0.135579,0.042336,0.094907,0.393804,0.055701,1.156809,1.532988,0.658858
29.066667,2.000960,1.992069,2.033151,1.988717,2.001587,1.952983,1.999986,1.928186,0.118433,0.135556,0.042180,0.094802,0.387511,0.056220,1.166029,1.537708,0.658259
29.083333,2.000965,1.992296,2.033490,1.988401,2.001633,1.952782,1.999978,1.928476,0.118637,0.135629,0.042369,0.094744,0.384152,0.056376,1.169740,1.545709,0.657536
29.100000,2.000971,1.992509,2.033500,1.988189,2.001649,1.951455,2.000015,1.927070,0.118816,0.135720,0.042795,0.094744,0.382478,0.056499,1.167865,1.547843,0.657087
29.116667,2.000979,1.992580,2.033531,1.988164,2.001617,1.951055,2.000067,1.924190,0.117935,0.135166,0.043264,0.095379,0.381787,0.056626,1.177278,1.549953,0.656944
29.133333,2.000983,1.993254,2.032533,1.988140,2.001593,1.951196,2.000078,1.922014,0.117715,0.134684,0.043506,0.095464,0.381530,0.056695,1.183856,1.535828,0.652358
29.150000,2.000987,1.993794,2.032016,1.988658,2.001557,1.951255,2.000097,1.919923,0.117778,0.135043,0.043679,0.095656,0.381481,0.056762,1.187178,1.522189,0.658713
29.166667,2.000988,1.994608,2.031664,1.990606,2.001490,1.950846,2.000116,1.918018,0.118236,0.136297,0.043809,0.095837,0.381536,0.056845,1.188730,1.507818,0.657657
29.183333,2.000972,1.995228,2.031332,1.992153,2.001401,1.950658,2.000134,1.916858,0.119225,0.138001,0.044023,0.095777,0.391107,0.056150,1.187639,1.491042,0.651408
29.200000,2.000921,1.995829,2.031206,1.991813,2.001331,1.951635,2.000115,1.920627,0.120010,0.138817,0.043369,0.095478,0.395542,0.054543,1.206356,1.479563,0.653938
29.216667,2.000835,1.996794,2.031137,1.991592,2.001278,1.951666,2.000077,1.923851,0.120765,0.139737,0.042366,0.095470,0.410342,0.052748,1.236475,1.470165,0.656276
29.233333,2.000776,1.997301,2.031096,1.991420,2.001264,1.951692,2.000062,1.926921,0.120730,0.139653,0.041903,0.095711,0.413559,0.051882,1.250715,1.464991,0.656790
29.250000,2.000743,1.997565,2.031070,1.991293,2.001269,1.951724,2.000058,1.929025,0.120692,0.139469,0.041666,0.095829,0.413218,0.051461,1.258187,1.462344,0.656813
29.266667,2.000723,1.997624,2.031154,1.991266,2.001287,1.954070,2.000059,1.930133,0.119754,0.138636,0.041555,0.096251,0.413073,0.051330,1.260083,1.464187,0.656927
29.283333,2.000702,1.997267,2.031669,1.991289,2.001333,1.955741,2.000075,1.930601,0.118858,0.137899,0.042247,0.096727,0.412931,0.051350,1.246035,1.480518,0.656960
29.300000,2.000698,1.996908,2.032387,1.991308,2.001377,1.956527,2.000012,1.929469,0.118461,0.137513,0.042975,0.096926,0.413164,0.051412,1.230840,1.496725,0.656954
29.316667,2.000714,1.995899,2.032956,1.990925,2.001411,1.956565,1.999964,1.927469,0.118325,0.137240,0.043424,0.096870,0.413601,0.051546,1.215751,1.511377,0.652282
29.333333,2.000746,1.994901,2.033673,1.990315,2.001449,1.956145,1.999942,1.925879,0.118301,0.137166,0.043231,0.096814,0.411449,0.052019,1.202672,1.532313,0.640673
29.350000,2.000807,1.994048,2.034562,1.989632,2.001491,1.955432,1.999954,1.925066,0.118257,0.137168,0.042729,0.096728,0.403683,0.053367,1.185646,1.557215,0.643418
29.366667,2.000851,1.993096,2.034138,1.988654,2.001535,1.954520,1.999919,1.927231,0.118168,0.137178,0.042854,0.096740,0.384762,0.054731,1.164885,1.557702,0.649363
29.383333,2.000887,1.992536,2.033279,1.987518,2.001569,1.953641,1.999880,1.928285,0.118051,0.137084,0.043210,0.096595,0.373624,0.056008,1.151132,1.541343,0.656791
29.400000,2.000899,1.992416,2.032889,1.986635,2.001605,1.953173,1.999857,1.928859,0.118042,0.136992,0.043244,0.096504,0.367804,0.056637,1.152097,1.533429,0.655283
29.416667,2.000908,1.992785,2.033130,1.986245,2.001625,1.952704,1.999847,1.929153,0.118025,0.136939,0.042937,0.096449,0.364694,0.056838,1.165087,1.537386,0.654232
29.433333,2.000922,1.993234,2.033432,1.985960,2.001642,1.951093,1.999888,1.927761,0.118211,0.137072,0.043207,0.096460,0.363147,0.056927,1.174489,1.543314,0.653510
29.450000,2.000930,1.993455,2.033445,1.985779,2.001630,1.950725,1.999945,1.924884,0.118412,0.137188,0.043505,0.096477,0.362513,0.057068,1.184373,1.544555,0.653060
29.466667,2.000947,1.992825,2.033388,1.985746,2.001590,1.950971,1.999955,1.922702,0.117922,0.136812,0.043668,0.096760,0.362285,0.057128,1.193755,1.545856,0.651827
29.483333,2.000960,1.992687,2.033335,1.986209,2.001561,1.951384,1.999974,1.920601,0.118166,0.136959,0.043819,0.096665,0.362281,0.057177,1.198909,1.549653,0.655141
29.500000,2.000967,1.993241,2.033248,1.989005,2.001490,1.951092,1.999996,1.918763,0.118957,0.138297,0.044054,0.096542,0.364604,0.057084,1.201321,1.543119,0.645469
29.516667,2.000957,1.994460,2.033001,1.990408,2.001412,1.950398,2.000015,1.917577,0.120125,0.140076,0.044145,0.096527,0.375031,0.056200,1.206223,1.529884,0.639424
29.533333,2.000909,1.996045,2.032771,1.990064,2.001347,1.951214,2.000003,1.919940,0.120075,0.140496,0.043252,0.096981,0.382468,0.054720,1.235103,1.516129,0.642753
29.550000,2.000794,1.997452,2.032556,1.990142,2.001311,1.951583,1.999967,1.923209,0.120004,0.140629,0.042474,0.097224,0.396059,0.053067,1.249927,1.502590,0.645513
29.566667,2.000720,1.998287,2.032455,1.990114,2.001305,1.951786,1.999950,1.925112,0.119875,0.140364,0.042069,0.097267,0.403392,0.052293,1.255272,1.494113,0.646212
29.583333,2.000677,1.998712,2.032422,1.990108,2.001314,1.953857,1.999936,1.926216,0.118980,0.139455,0.041889,0.097536,0.406995,0.051978,1.257868,1.490435,0.646373
29.600000,2.000658,1.998724,2.032670,1.990107,2.001337,1.955206,1.999916,1.927294,0.118350,0.138764,0.041987,0.097765,0.408852,0.051865,1.253125,1.496545,0.646422
29.616667,2.000620,1.998434,2.033179,1.990127,2.001388,1.954910,1.999921,1.930405,0.118255,0.138208,0.042723,0.097449,0.409306,0.051763,1.239533,1.510678,0.646429
29.633333,2.000588,1.998008,2.033703,1.990146,2.001437,1.954215,1.999914,1.932970,0.118234,0.137928,0.043104,0.097278,0.409349,0.051760,1.223909,1.525542,0.646436
29.650000,2.000570,1.996967,2.034219,1.989774,2.001474,1.953604,1.999849,1.934834,0.118244,0.137793,0.043357,0.097184,0.409280,0.051826,1.208429,1.539580,0.641709
29.666667,2.000557,1.996232,2.034964,1.989227,2.001506,1.952796,1.999798,1.936495,0.118300,0.138100,0.043261,0.097355,0.409098,0.052209,1.184680,1.559554,0.629576
29.683333,2.000558,1.995605,2.034506,1.988665,2.001547,1.951856,1.999762,1.937905,0.118151,0.138377,0.043399,0.097525,0.409064,0.053501,1.147020,1.562617,0.633377
29.700000,2.000591,1.995110,2.034249,1.987661,2.001588,1.950781,1.999707,1.941885,0.118127,0.138473,0.042989,0.097419,0.397548,0.054937,1.145849,1.563354,0.637423
29.716667,2.000630,1.994659,2.034133,1.986413,2.001625,1.949727,1.999681,1.943007,0.118099,0.138556,0.042611,0.097311,0.390519,0.056046,1.146095,1.561369,0.640488
29.733333,2.000668,1.994463,2.033859,1.985431,2.001663,1.949174,1.999672,1.943519,0.118133,0.138586,0.042431,0.097220,0.386768,0.056587,1.146301,1.560123,0.636104
29.750000,2.000721,1.994124,2.033586,1.985000,2.001685,1.948895,1.999665,1.943735,0.118128,0.138584,0.042058,0.097144,0.384749,0.056821,1.154479,1.559872,0.633546
29.766667,2.000751,1.994001,2.033441,1.984734,2.001678,1.947427,1.999675,1.943851,0.118112,0.138585,0.042049,0.097111,0.383664,0.056904,1.153692,1.560241,0.632164
29.783333,2.000772,1.993993,2.033377,1.984682,2.001632,1.947367,1.999697,1.943420,0.116936,0.136928,0.042727,0.096839,0.383213,0.056901,1.158105,1.561424,0.631516
29.800000,2.000790,1.993870,2.032695,1.984674,2.001622,1.947636,1.999715,1.941397,0.115796,0.134868,0.043959,0.096510,0.383209,0.056931,1.161486,1.555805,0.626843
29.816667,2.000805,1.994082,2.032270,1.986187,2.001594,1.948244,1.999742,1.939476,0.115345,0.134431,0.044953,0.096381,0.383323,0.056981,1.163009,1.544477,0.632841
29.833333,2.000812,1.994589,2.032030,1.989462,2.001525,1.948879,1.999777,1.937533,0.115601,0.135271,0.045535,0.096331,0.383503,0.057074,1.163639,1.533676,0.624323
29.850000,2.000803,1.995387,2.031883,1.990980,2.001448,1.948541,1.999820,1.935870,0.116379,0.136531,0.045779,0.096260,0.393593,0.056366,1.167593,1.523115,0.619459
29.866667,2.000761,1.996825,2.031645,1.990251,2.001388,1.948307,1.999863,1.934156,0.117316,0.137672,0.044626,0.096138,0.406958,0.055230,1.203764,1.508748,0.623449
29.883333,2.000693,1.998150,2.031556,1.989669,2.001332,1.949311,1.999895,1.932960,0.117888,0.137979,0.043342,0.095652,0.427496,0.053784,1.241899,1.498259,0.628673
29.900000,2.000641,1.998956,2.031503,1.989329,2.001325,1.949882,1.999913,1.932688,0.117835,0.137563,0.042524,0.095412,0.437629,0.053129,1.261945,1.492558,0.630858
29.916667,2.000612,1.999371,2.031464,1.989140,2.001336,1.950468,1.999927,1.932967,0.117617,0.136916,0.042107,0.095205,0.441126,0.052829,1.272350,1.489455,0.631857
29.933333,2.000589,1.999409,2.031701,1.989042,2.001369,1.950136,1.999967,1.933116,0.117526,0.136488,0.042329,0.095095,0.443006,0.052714,1.271811,1.495847,0.632359
29.950000,2.000560,1.999018,2.032160,1.989021,2.001437,1.948840,2.000010,1.933202,0.117535,0.136282,0.042582,0.095049,0.444002,0.052736,1.260953,1.509573,0.632638
29.966667,2.000557,1.998527,2.033045,1.989013,2.001494,1.949134,1.999967,1.931871,0.117429,0.136136,0.042729,0.095095,0.444887,0.052836,1.246863,1.524719,0.632801
29.983333,2.000576,1.997433,2.033583,1.988646,2.001537,1.948837,1.999935,1.929704,0.117392,0.136082,0.042840,0.095127,0.445708,0.052973,1.232322,1.538681,0.628189
30.000000,2.000606,1.996279,2.034154,1.988190,2.001568,1.948152,1.999921,1.927957,0.117263,0.136369,0.042780,0.095504,0.443487,0.053209,1.214403,1.554842,0.615947
30.016667,2.000666,1.994936,2.034745,1.987701,2.001603,1.947196,1.999938,1.926937,0.117138,0.137547,0.042254,0.096719,0.435025,0.054187,1.185856,1.575679,0.617711
30.033333,2.000735,1.993576,2.034273,1.986674,2.001642,1.946017,1.999950,1.927026,0.117280,0.138430,0.042281,0.097275,0.422203,0.055764,1.162743,1.574598,0.618570
30.050000,2.000782,1.992802,2.033982,1.985297,2.001680,1.944820,1.999931,1.928178,0.117355,0.138986,0.042172,0.097611,0.408094,0.056929,1.150625,1.569240,0.618078
30.066667,2.000803,1.992349,2.034084,1.984156,2.001727,1.944204,1.999921,1.928813,0.117486,0.139174,0.041980,0.097576,0.400657,0.057509,1.149097,1.571069,0.610298
30.083333,2.000821,1.992383,2.033847,1.983702,2.001733,1.943915,1.999913,1.929148,0.117357,0.139001,0.041738,0.097358,0.396686,0.057691,1.155853,1.569982,0.606026
30.100000,2.000828,1.992689,2.033718,1.983465,2.001716,1.943443,1.999911,1.929318,0.117242,0.138835,0.041658,0.097165,0.394553,0.057717,1.154396,1.570176,0.603829
30.116667,2.000821,1.993110,2.033519,1.983353,2.001668,1.943025,1.999951,1.929529,0.116371,0.137895,0.042196,0.097201,0.393389,0.057704,1.164091,1.567938,0.602646
30.133333,2.000821,1.993636,2.032395,1.983297,2.001648,1.947426,2.000003,1.929645,0.115309,0.135990,0.043622,0.096772,0.392886,0.057704,1.169792,1.551399,0.597923
30.150000,2.000827,1.994001,2.031943,1.984763,2.001620,1.949655,2.000062,1.928204,0.114761,0.135607,0.044965,0.096809,0.392789,0.057762,1.172726,1.538873,0.603465
30.166667,2.000837,1.994476,2.031686,1.987558,2.001556,1.950350,2.000123,1.925864,0.115122,0.136424,0.045767,0.096785,0.392904,0.057884,1.174081,1.527230,0.596209
30.183333,2.000834,1.995404,2.031408,1.987250,2.001499,1.950198,2.000174,1.923902,0.115989,0.137531,0.046265,0.096753,0.403048,0.057200,1.174510,1.512306,0.597281
30.200000,2.000799,1.997010,2.031169,1.986174,2.001443,1.949488,2.000218,1.922014,0.117118,0.138939,0.045414,0.096812,0.419307,0.055866,1.204825,1.496655,0.603335
30.216667,2.000707,1.998785,2.031067,1.985172,2.001416,1.948588,2.000211,1.924745,0.117582,0.139703,0.043683,0.097224,0.431071,0.054192,1.245347,1.485489,0.609789
30.233333,2.000643,1.999929,2.030984,1.984653,2.001411,1.949482,2.000191,1.927829,0.116837,0.139034,0.042653,0.097672,0.433719,0.053331,1.267269,1.478723,0.612786
30.250000,2.000609,2.000523,2.030949,1.984434,2.001429,1.953107,2.000176,1.929433,0.115116,0.137247,0.042173,0.098040,0.434777,0.053032,1.278653,1.475673,0.614397
30.266667,2.000572,2.000948,2.031056,1.984338,2.001451,1.955722,2.000159,1.930757,0.114209,0.135450,0.042939,0.097457,0.435238,0.052853,1.282844,1.477511,0.615285
30.283333,2.000532,2.000623,2.031528,1.984302,2.001487,1.957084,2.000104,1.934194,0.113833,0.134442,0.043351,0.097032,0.434904,0.052794,1.271115,1.492435,0.615773
30.300000,2.000503,2.000073,2.032280,1.984285,2.001526,1.957560,2.000006,1.936568,0.113680,0.133871,0.043705,0.096745,0.434621,0.052803,1.256648,1.508420,0.616024
30.316667,2.000488,1.999013,2.032768,1.984003,2.001565,1.957051,1.999954,1.938551,0.113632,0.133568,0.043947,0.096577,0.434283,0.052852,1.240308,1.522789,0.616281
30.333333,2.000479,1.997799,2.033763,1.983661,2.001590,1.956347,1.999913,1.940157,0.113574,0.133604,0.043551,0.096583,0.433966,0.053095,1.201084,1.552114,0.607779
30.350000,2.000470,1.997060,2.034604,1.983202,2.001616,1.955461,1.999886,1.941355,0.113617,0.134315,0.042957,0.096934,0.433764,0.053864,1.166326,1.576966,0.610484
30.366667,2.000486,1.996287,2.034122,1.982205,2.001647,1.954411,1.999867,1.942198,0.113389,0.134610,0.043025,0.097179,0.433791,0.055217,1.149014,1.576689,0.610898
30.383333,2.000548,1.995502,2.033585,1.980944,2.001678,1.953493,1.999819,1.943608,0.113239,0.134793,0.042966,0.097290,0.425307,0.056522,1.150269,1.572092,0.612539
30.400000,2.000620,1.994921,2.033089,1.980054,2.001692,1.952998,1.999793,1.944217,0.113217,0.134793,0.042853,0.097166,0.420803,0.057165,1.156716,1.563917,0.609024
30.416667,2.000692,1.994328,2.033261,1.979681,2.001701,1.952730,1.999778,1.944481,0.113170,0.134768,0.042361,0.097063,0.418370,0.057447,1.172707,1.567947,0.606895
30.433333,2.000736,1.993994,2.033531,1.979450,2.001695,1.951294,1.999781,1.944625,0.113121,0.134753,0.042197,0.097014,0.417056,0.057562,1.179482,1.573639,0.605731
30.450000,2.000760,1.993634,2.033658,1.979244,2.001671,1.950058,1.999776,1.944199,0.113276,0.134903,0.042587,0.097027,0.416399,0.057611,1.187553,1.576291,0.604900
30.466667,2.000791,1.992947,2.033460,1.979104,2.001647,1.948876,1.999820,1.942370,0.113119,0.134540,0.043130,0.096967,0.416226,0.057683,1.196726,1.573540,0.603268
30.483333,2.000804,1.993302,2.033144,1.980571,2.001627,1.947715,1.999876,1.940701,0.112668,0.134127,0.044124,0.096931,0.416279,0.057732,1.201836,1.566231,0.607865
30.500000,2.000803,1.994218,2.032848,1.983993,2.001570,1.946548,1.999921,1.939000,0.112861,0.134823,0.044762,0.096938,0.419113,0.057648,1.204263,1.553478,0.599938
30.516667,2.000789,1.995472,2.032555,1.986308,2.001512,1.945306,1.999962,1.937496,0.113436,0.135843,0.045072,0.096911,0.431285,0.056800,1.209049,1.538235,0.593723
30.533333,2.000765,1.997071,2.032297,1.985345,2.001468,1.944035,2.000005,1.935859,0.114206,0.136692,0.044515,0.096881,0.445428,0.055789,1.228414,1.522960,0.596728
30.550000,2.000687,1.998637,2.032020,1.984856,2.001413,1.942300,2.000028,1.935976,0.113570,0.135583,0.043661,0.096779,0.463179,0.054426,1.248191,1.507257,0.602421
30.566667,2.000625,1.999613,2.031861,1.984560,2.001368,1.941088,2.000032,1.937629,0.113192,0.134876,0.043206,0.096771,0.467478,0.053692,1.255548,1.496068,0.605020
30.583333,2.000590,2.000100,2.031786,1.984379,2.001343,1.940466,2.000038,1.938507,0.113011,0.134530,0.042948,0.096777,0.469565,0.053315,1.259166,1.490913,0.606254
30.600000,2.000569,2.000316,2.031852,1.984283,2.001338,1.940136,2.000041,1.938979,0.112956,0.134398,0.043011,0.096829,0.470696,0.053119,1.259034,1.491453,0.606928
30.616667,2.000533,2.000023,2.032302,1.984249,2.001369,1.939733,2.000045,1.939238,0.112876,0.134379,0.043426,0.097010,0.471285,0.053100,1.246029,1.504836,0.607278
30.633333,2.000528,1.999660,2.032833,1.984243,2.001416,1.942812,2.000007,1.937404,0.112794,0.133433,0.043821,0.096205,0.472210,0.053330,1.231617,1.518662,0.607498
30.650000,2.000539,1.998688,2.033407,1.983881,2.001462,1.944136,1.999974,1.935644,0.112695,0.132881,0.044147,0.095833,0.472909,0.053538,1.215584,1.533271,0.602868
30.666667,2.000561,1.997547,2.034294,1.983751,2.001496,1.944311,1.999950,1.933792,0.112362,0.132821,0.043545,0.095964,0.473506,0.053887,1.197749,1.559630,0.600348
30.683333,2.000595,1.996623,2.033913,1.983334,2.001529,1.943775,1.999946,1.932294,0.112284,0.133601,0.043130,0.096586,0.470795,0.054706,1.181133,1.564112,0.601651
30.700000,2.000656,1.996075,2.033422,1.982336,2.001559,1.942772,1.999972,1.931445,0.112403,0.134366,0.042963,0.097026,0.460501,0.056033,1.171739,1.560024,0.598755
30.716667,2.000694,1.995620,2.033153,1.981079,2.001577,1.941618,1.999958,1.932760,0.112396,0.134758,0.042712,0.097212,0.443722,0.057040,1.167363,1.555652,0.597553
30.733333,2.000728,1.995390,2.033209,1.980395,2.001576,1.941060,1.999949,1.933480,0.112377,0.134848,0.042471,0.097143,0.434894,0.057502,1.167128,1.556996,0.593826
30.750000,2.000752,1.995219,2.033327,1.980170,2.001567,1.940811,1.999943,1.933862,0.112317,0.134765,0.042207,0.096953,0.430182,0.057685,1.169014,1.560056,0.591587
30.766667,2.000760,1.995170,2.033258,1.980061,2.001536,1.940337,1.999943,1.934111,0.112247,0.134629,0.042153,0.096762,0.427628,0.057755,1.163772,1.560016,0.590471
30.783333,2.000750,1.995412,2.033115,1.979949,2.001502,1.942128,1.999934,1.934318,0.111775,0.133722,0.042759,0.096370,0.426289,0.057812,1.168507,1.558374,0.589901
30.800000,2.000745,1.996142,2.032616,1.979842,2.001485,1.946220,1.999888,1.934431,0.110543,0.132004,0.044055,0.096208,0.425679,0.057824,1.173833,1.547645,0.588336
30.816667,2.000751,1.996652,2.032549,1.980700,2.001474,1.947919,1.999913,1.932137,0.109369,0.131785,0.045651,0.097226,0.425572,0.057887,1.176621,1.540794,0.601683
30.833333,2.000761,1.997259,2.032523,1.984072,2.001427,1.948424,1.999943,1.929805,0.108943,0.131752,0.047039,0.097314,0.425700,0.057993,1.177964,1.532670,0.594155
30.850000,2.000749,1.997824,2.032484,1.985608,2.001375,1.948132,1.999977,1.927897,0.109212,0.132340,0.047678,0.097346,0.436755,0.057298,1.186846,1.523082,0.590375
30.866667,2.000713,1.998209,2.032427,1.984537,2.001341,1.947311,2.000013,1.925927,0.109869,0.133162,0.046859,0.097388,0.450592,0.056343,1.217597,1.512772,0.595074
30.883333,2.000637,1.999492,2.032506,1.983660,2.001311,1.946330,2.000001,1.928125,0.110611,0.133892,0.044785,0.097343,0.461618,0.055059,1.250101,1.507892,0.600249
30.900000,2.000571,2.000430,2.032484,1.983206,2.001291,1.946525,1.999983,1.930752,0.110929,0.133944,0.043620,0.097189,0.464090,0.054382,1.264097,1.503063,0.602641
30.916667,2.000534,2.000916,2.032491,1.982970,2.001277,1.947078,1.999978,1.932131,0.111041,0.133814,0.043020,0.097074,0.465038,0.054071,1.271255,1.501367,0.603923
30.933333,2.000520,2.000920,2.032750,1.982840,2.001277,1.947397,1.999975,1.932868,0.111125,0.133742,0.042628,0.097022,0.465498,0.053962,1.268879,1.508373,0.604699
30.950000,2.000484,2.000606,2.033239,1.982792,2.001308,1.946216,2.000006,1.933268,0.111172,0.133752,0.042817,0.097101,0.465717,0.053963,1.257120,1.522334,0.605056
30.966667,2.000477,1.999862,2.033757,1.982771,2.001341,1.946184,1.999961,1.932095,0.111128,0.133736,0.042922,0.097181,0.466198,0.054058,1.242515,1.537270,0.605218
30.983333,2.000494,1.998885,2.034279,1.982788,2.001381,1.946046,1.999925,1.930016,0.110621,0.132867,0.042918,0.097092,0.466818,0.054221,1.227776,1.551035,0.603115
31.000000,2.000513,1.997858,2.034053,1.982578,2.001417,1.945401,1.999896,1.927971,0.109958,0.131884,0.043123,0.096948,0.467372,0.054424,1.209235,1.555104,0.596064
31.016667,2.000552,1.997136,2.033739,1.982292,2.001506,1.944416,1.999888,1.926418,0.108928,0.130911,0.043449,0.097365,0.464877,0.055487,1.190905,1.558246,0.599257
31.033333,2.000638,1.996657,2.033455,1.981342,2.001632,1.943188,1.999907,1.925769,0.108191,0.129340,0.043818,0.097318,0.455709,0.057080,1.196729,1.570100,0.592938
31.050000,2.000721,1.995673,2.032821,1.979786,2.001697,1.941903,1.999893,1.926681,0.107851,0.128107,0.044124,0.096959,0.443420,0.058270,1.194972,1.572745,0.575111
31.066667,2.000747,1.995351,2.032202,1.978676,2.001729,1.941276,1.999878,1.927529,0.107811,0.127448,0.044660,0.096663,0.435645,0.058866,1.187757,1.570238,0.562140
31.083333,2.000761,1.995924,2.032516,1.978502,2.001755,1.940981,1.999868,1.927970,0.107845,0.127109,0.044591,0.096481,0.431479,0.059020,1.208245,1.579432,0.558431
31.100000,2.000778,1.996425,2.033050,1.978438,2.001760,1.940479,1.999875,1.927668,0.107851,0.126915,0.044392,0.096361,0.429281,0.059060,1.222196,1.590521,0.556448
31.116667,2.000788,1.996636,2.033470,1.978388,2.001715,1.941970,1.999909,1.924867,0.107962,0.126370,0.044193,0.095710,0.428410,0.059271,1.234950,1.598556,0.555436
31.133333,2.000804,1.996278,2.033712,1.978355,2.001667,1.944273,1.999910,1.922425,0.108138,0.125748,0.044063,0.094874,0.428129,0.059461,1.246255,1.603083,0.554942
31.150000,2.000819,1.996756,2.033419,1.978850,2.001618,1.944985,1.999954,1.920229,0.108255,0.125895,0.044058,0.094505,0.427919,0.059596,1.252911,1.590548,0.563757
31.166667,2.000817,1.997970,2.033117,1.981243,2.001558,1.945520,1.999987,1.918358,0.108051,0.126172,0.044294,0.094554,0.430519,0.059550,1.255985,1.569651,0.564757
31.183333,2.000800,1.999240,2.032860,1.981163,2.001504,1.946034,2.000005,1.922330,0.108188,0.126856,0.044536,0.095334,0.422685,0.058754,1.257366,1.550282,0.561759
31.200000,2.000777,2.000098,2.032694,1.979463,2.001464,1.945644,2.000008,1.925684,0.108536,0.127533,0.044578,0.095994,0.422147,0.057747,1.261043,1.532599,0.565014
31.216667,2.000674,2.001661,2.032627,1.978351,2.001411,1.944107,1.999983,1.928616,0.108902,0.128287,0.044252,0.096498,0.433521,0.056308,1.264323,1.507076,0.569031
31.233333,2.000601,2.002654,2.032506,1.977726,2.001373,1.943002,1.999970,1.930324,0.109125,0.128698,0.043845,0.096762,0.439914,0.055599,1.262828,1.492046,0.570454
31.250000,2.000561,2.003152,2.032518,1.977430,2.001353,1.942407,1.999968,1.931305,0.109209,0.128910,0.043518,0.096912,0.443103,0.055240,1.261672,1.487373,0.571055
31.266667,2.000543,2.003236,2.032801,1.977251,2.001366,1.942481,1.999982,1.931822,0.109213,0.128938,0.043668,0.096977,0.444787,0.055079,1.255073,1.493307,0.571324
31.283333,2.000509,2.003048,2.033362,1.977184,2.001431,1.945097,1.999989,1.931920,0.108768,0.128523,0.044818,0.097221,0.445603,0.055133,1.240168,1.507994,0.571385
31.300000,2.000486,2.002590,2.033608,1.977171,2.001497,1.948289,1.999922,1.931713,0.108258,0.127985,0.045933,0.097401,0.445919,0.055277,1.226919,1.520753,0.571399
31.316667,2.000505,2.001719,2.034107,1.977129,2.001548,1.949939,1.999861,1.929350,0.107969,0.127682,0.046596,0.097525,0.446637,0.055469,1.211036,1.534996,0.569036
31.333333,2.000540,2.000745,2.034763,1.976757,2.001600,1.950173,1.999837,1.927442,0.108065,0.127915,0.046298,0.097835,0.444286,0.055918,1.192868,1.561529,0.555508
31.350000,2.000582,2.000091,2.034129,1.976176,2.001658,1.949749,1.999851,1.926387,0.108479,0.128010,0.046311,0.097785,0.435745,0.056626,1.164983,1.568637,0.536804
31.366667,2.000639,1.999428,2.033419,1.975452,2.001709,1.948898,1.999859,1.926482,0.108882,0.128158,0.046162,0.097763,0.423337,0.057282,1.158900,1.574496,0.515669
31.383333,2.000692,1.998934,2.032750,1.974400,2.001739,1.947944,1.999834,1.927919,0.109242,0.128207,0.045939,0.097637,0.409514,0.057864,1.171823,1.578325,0.494171
31.400000,2.000705,1.999144,2.032506,1.973847,2.001775,1.947464,1.999818,1.928703,0.109526,0.128173,0.046062,0.097558,0.402212,0.058082,1.189944,1.587950,0.480218
31.416667,2.000712,2.000283,2.033060,1.974097,2.001819,1.947233,1.999807,1.929112,0.109765,0.128127,0.045905,0.097490,0.398299,0.058016,1.228010,1.605175,0.479422
31.433333,2.000723,2.001228,2.033868,1.974452,2.001834,1.946303,1.999803,1.929317,0.109937,0.128108,0.045892,0.097449,0.396196,0.057915,1.252774,1.622174,0.481453
31.450000,2.000718,2.001713,2.034339,1.974681,2.001808,1.945010,1.999798,1.929802,0.110054,0.128096,0.045912,0.097439,0.394861,0.057875,1.271034,1.631513,0.483453
31.466667,2.000728,2.001544,2.034498,1.974796,2.001773,1.944619,1.999778,1.930209,0.110109,0.128148,0.045894,0.097534,0.394120,0.057884,1.285469,1.634972,0.484546
31.483333,2.000745,2.001628,2.034269,1.974853,2.001740,1.944192,1.999814,1.929736,0.110125,0.128030,0.045930,0.097410,0.393798,0.057892,1.294383,1.626859,0.485168
31.500000,2.000753,2.002539,2.033917,1.975087,2.001706,1.943430,1.999877,1.927638,0.110141,0.128208,0.046053,0.097363,0.400314,0.057507,1.298493,1.605012,0.489238
31.516667,2.000750,2.003458,2.033646,1.974680,2.001667,1.942378,1.999932,1.925661,0.110221,0.128842,0.046161,0.097551,0.411491,0.056813,1.300462,1.586179,0.500934
31.533333,2.000724,2.003978,2.033463,1.972917,2.001624,1.941066,1.999984,1.923538,0.110346,0.129317,0.045912,0.098072,0.422598,0.056425,1.308866,1.570944,0.510260
31.550000,2.000635,2.005022,2.033621,1.971476,2.001577,1.938796,1.999999,1.922523,0.110450,0.129436,0.045586,0.098253,0.440092,0.055787,1.304406,1.551346,0.517191
31.566667,2.000576,2.005990,2.033385,1.970705,2.001557,1.937233,1.999998,1.923765,0.110542,0.129078,0.045125,0.098095,0.443194,0.055571,1.302802,1.533410,0.520552
31.583333,2.000544,2.006516,2.033351,1.970284,2.001556,1.937112,2.000002,1.924413,0.110473,0.128572,0.044742,0.097919,0.444680,0.055530,1.302447,1.527580,0.522405
31.600000,2.000520,2.006844,2.033635,1.970071,2.001580,1.940849,2.000000,1.924763,0.109868,0.127554,0.045581,0.097879,0.445491,0.055575,1.296374,1.532759,0.523342
31.616667,2.000484,2.006718,2.034188,1.970032,2.001647,1.945802,1.999968,1.924958,0.108884,0.126418,0.046760,0.098213,0.445968,0.055728,1.282279,1.546296,0.523786
31.633333,2.000477,2.006440,2.034663,1.970058,2.001719,1.949288,1.999888,1.923563,0.108133,0.125609,0.047628,0.098555,0.446585,0.055903,1.269368,1.558474,0.523981
31.650000,2.000501,2.005723,2.035316,1.970092,2.001781,1.950704,1.999835,1.921135,0.107750,0.124856,0.048184,0.098483,0.447315,0.056107,1.249798,1.572477,0.524052
31.666667,2.000498,2.005413,2.035654,1.970098,2.001812,1.950981,1.999797,1.919427,0.107389,0.124406,0.048478,0.098408,0.447813,0.056364,1.214907,1.586067,0.521153
31.683333,2.000511,2.004810,2.034980,1.969782,2.001821,1.950602,1.999776,1.917684,0.107572,0.124340,0.048501,0.098209,0.448372,0.057194,1.180083,1.588311,0.503552
31.700000,2.000567,2.004240,2.034181,1.969366,2.001844,1.949785,1.999798,1.916704,0.107887,0.124375,0.048347,0.098147,0.440392,0.057833,1.173213,1.590558,0.484087
31.716667,2.000631,2.003877,2.033459,1.968625,2.001850,1.948890,1.999776,1.918295,0.108217,0.124334,0.048044,0.097983,0.425668,0.058418,1.189094,1.592781,0.461522
31.733333,2.000651,2.004049,2.033126,1.968424,2.001891,1.948410,1.999760,1.919142,0.108562,0.124198,0.048092,0.097838,0.417899,0.058637,1.207954,1.599208,0.452255
31.750000,2.000665,2.005141,2.033739,1.968779,2.001932,1.947902,1.999753,1.919578,0.108859,0.124068,0.047975,0.097734,0.413734,0.058579,1.243092,1.615105,0.452010
31.766667,2.000687,2.005884,2.034374,1.969069,2.001937,1.946118,1.999757,1.919803,0.109019,0.123965,0.048118,0.097667,0.411492,0.058484,1.259540,1.628705,0.454043
31.783333,2.000709,2.005894,2.034566,1.969247,2.001909,1.944844,1.999786,1.917296,0.109135,0.123895,0.048304,0.097627,0.410516,0.058527,1.273835,1.633671,0.455980
31.800000,2.000741,2.005362,2.034695,1.969336,2.001868,1.943682,1.999786,1.914848,0.109184,0.123846,0.048367,0.097613,0.410115,0.058577,1.286372,1.636783,0.457037
31.816667,2.000763,2.005503,2.034429,1.969388,2.001829,1.942489,1.999792,1.912584,0.109203,0.123819,0.048444,0.097614,0.409980,0.058631,1.293647,1.625831,0.457632
31.833333,2.000769,2.006210,2.034345,1.969621,2.001790,1.941307,1.999811,1.910854,0.109131,0.124023,0.048457,0.097664,0.412640,0.058522,1.297082,1.606451,0.461797
31.850000,2.000756,2.005984,2.034340,1.971004,2.001708,1.941905,1.999804,1.914525,0.109298,0.124981,0.048617,0.097965,0.411827,0.057651,1.299022,1.588925,0.467349
31.866667,2.000699,2.006119,2.034289,1.969515,2.001660,1.941703,1.999796,1.917271,0.109394,0.125600,0.048170,0.098469,0.413742,0.057007,1.306974,1.574922,0.474629
31.883333,2.000599,2.007074,2.034336,1.968250,2.001615,1.940164,1.999773,1.919018,0.109402,0.125379,0.046667,0.098388,0.421827,0.056392,1.307773,1.561890,0.480534
31.900000,2.000529,2.008260,2.034032,1.967631,2.001591,1.939014,1.999768,1.920461,0.109428,0.124991,0.045080,0.098176,0.424888,0.056136,1.314830,1.546455,0.483579
31.916667,2.000490,2.009085,2.034078,1.967299,2.001580,1.938454,1.999775,1.921757,0.109562,0.125052,0.045165,0.098446,0.424486,0.055922,1.318637,1.546650,0.485081
31.933333,2.000450,2.009536,2.034237,1.967139,2.001570,1.941447,1.999774,1.922444,0.109528,0.124809,0.045737,0.098353,0.424259,0.055814,1.318796,1.551999,0.485977
31.950000,2.000404,2.009347,2.034786,1.967128,2.001641,1.944842,1.999812,1.922818,0.108900,0.123905,0.046438,0.098541,0.424165,0.055926,1.305892,1.567224,0.486497
31.966667,2.000381,2.008654,2.035028,1.967139,2.001709,1.946624,1.999788,1.922801,0.108572,0.123189,0.046829,0.098486,0.423950,0.056120,1.290188,1.582640,0.486803
31.983333,2.000400,2.007849,2.035278,1.967148,2.001769,1.947254,1.999745,1.920356,0.108401,0.122788,0.047197,0.098484,0.424355,0.056331,1.272940,1.592446,0.486964
32.000000,2.000409,2.007398,2.034594,1.966282,2.001797,1.947061,1.999714,1.918265,0.108248,0.123280,0.047727,0.099148,0.424726,0.056756,1.235658,1.592155,0.488617
32.016667,2.000461,2.006974,2.034109,1.966045,2.001799,1.946385,1.999727,1.917397,0.108484,0.123293,0.047147,0.099065,0.418565,0.057417,1.225275,1.593299,0.470581
32.033333,2.000513,2.006776,2.034396,1.965928,2.001875,1.945362,1.999720,1.918511,0.108904,0.123326,0.046479,0.099052,0.404284,0.058070,1.230336,1.613687,0.461763
32.050000,2.000549,2.006508,2.033763,1.967561,2.001877,1.944321,1.999692,1.919509,0.108730,0.123734,0.046378,0.099011,0.392671,0.058695,1.238478,1.616392,0.451840
32.066667,2.000561,2.006661,2.033327,1.968634,2.001890,1.943771,1.999677,1.920169,0.108706,0.123970,0.046608,0.098916,0.389909,0.058656,1.251514,1.618360,0.446441
32.083333,2.000580,2.007451,2.033689,1.969592,2.001916,1.943491,1.999669,1.920552,0.108752,0.124052,0.046743,0.098805,0.389628,0.058394,1.271322,1.628986,0.446984
32.100000,2.000612,2.008093,2.034344,1.970195,2.001911,1.941884,1.999687,1.920195,0.108787,0.124066,0.046867,0.098733,0.389504,0.058209,1.287948,1.641405,0.449398
32.116667,2.000631,2.008265,2.034424,1.970538,2.001875,1.940541,1.999743,1.916996,0.108836,0.124060,0.047018,0.098691,0.389672,0.058232,1.302460,1.644097,0.451525
32.133333,2.000663,2.007811,2.034481,1.970711,2.001830,1.939242,1.999740,1.914621,0.108848,0.124046,0.047070,0.098675,0.389855,0.058252,1.314850,1.645895,0.452679
32.150000,2.000690,2.007623,2.034667,1.970806,2.001794,1.938065,1.999788,1.912588,0.108863,0.124081,0.047262,0.098716,0.390024,0.058275,1.322802,1.642250,0.453304
32.166667,2.000707,2.008032,2.034716,1.970864,2.001760,1.936812,1.999821,1.910897,0.108891,0.124127,0.047604,0.098747,0.392758,0.058138,1.326578,1.628409,0.453652
32.183333,2.000706,2.008334,2.034614,1.969678,2.001730,1.935417,1.999829,1.911699,0.108790,0.124767,0.047845,0.098885,0.400281,0.057322,1.328342,1.608759,0.466988
32.200000,2.000632,2.008560,2.034542,1.967057,2.001696,1.933891,1.999815,1.915036,0.109031,0.125577,0.047704,0.099158,0.403177,0.056457,1.331831,1.593610,0.479515
32.216667,2.000516,2.009403,2.034605,1.965494,2.001662,1.931253,1.999777,1.917863,0.109083,0.125634,0.046949,0.099425,0.415001,0.055550,1.325662,1.577556,0.486929
32.233333,2.000438,2.010390,2.034411,1.964641,2.001643,1.929436,1.999759,1.919514,0.109117,0.125384,0.045503,0.099389,0.421532,0.055169,1.329066,1.565647,0.490916
32.250000,2.000396,2.011018,2.034370,1.964199,2.001640,1.928484,1.999753,1.920445,0.109132,0.125134,0.045103,0.099364,0.424839,0.055000,1.330484,1.561233,0.492928
32.266667,2.000364,2.011361,2.034664,1.964061,2.001668,1.931890,1.999747,1.920946,0.108768,0.124324,0.046016,0.099228,0.426675,0.054946,1.325363,1.566895,0.493865
32.283333,2.000317,2.011188,2.035223,1.964103,2.001750,1.936737,1.999768,1.921206,0.108054,0.123169,0.046936,0.099251,0.427706,0.055065,1.312110,1.579976,0.494480
32.300000,2.000280,2.010923,2.035802,1.964166,2.001831,1.939239,1.999740,1.921087,0.107606,0.122478,0.047436,0.099362,0.428093,0.055228,1.299588,1.591794,0.494809
32.316667,2.000288,2.010261,2.036088,1.964208,2.001896,1.940212,1.999690,1.919447,0.107365,0.122100,0.048043,0.099469,0.428644,0.055412,1.269164,1.599675,0.494948
32.333333,2.000308,2.009355,2.035452,1.964176,2.001939,1.940273,1.999660,1.917535,0.107340,0.121879,0.048701,0.099452,0.429175,0.055707,1.215278,1.599687,0.488583
32.350000,2.000382,2.008485,2.034700,1.963916,2.001945,1.940047,1.999656,1.916278,0.107749,0.121910,0.048407,0.099351,0.425191,0.056363,1.191878,1.602749,0.467515
32.366667,2.000474,2.007729,2.034148,1.963653,2.001961,1.939224,1.999651,1.916697,0.108334,0.122009,0.048015,0.099182,0.415828,0.057138,1.187524,1.613023,0.444967
32.383333,2.000560,2.007091,2.033264,1.963307,2.001997,1.938273,1.999616,1.918192,0.109655,0.121903,0.047808,0.098096,0.404584,0.058594,1.194853,1.614974,0.425207
32.400000,2.000555,2.007251,2.032731,1.963925,2.002029,1.937771,1.999597,1.919008,0.110359,0.121920,0.048125,0.097309,0.398647,0.059407,1.205083,1.617427,0.417138
32.416667,2.000575,2.008271,2.033063,1.965222,2.002058,1.937204,1.999587,1.919429,0.110560,0.122129,0.048139,0.097079,0.395452,0.059700,1.236508,1.631769,0.423143
32.433333,2.000605,2.009172,2.033777,1.966112,2.002047,1.935112,1.999589,1.919643,0.110578,0.122345,0.048247,0.097114,0.393732,0.059800,1.258967,1.647816,0.429749
32.450000,2.000641,2.009146,2.034293,1.966680,2.002007,1.933633,1.999650,1.916856,0.110577,0.122518,0.048506,0.097175,0.393009,0.059960,1.274377,1.658182,0.435425
32.466667,2.000680,2.008749,2.034415,1.966997,2.001957,1.932275,1.999662,1.914195,0.110561,0.122629,0.048650,0.097228,0.392760,0.060086,1.287405,1.661410,0.438980
32.483333,2.000710,2.008432,2.034621,1.967182,2.001914,1.930970,1.999677,1.911921,0.110546,0.122653,0.048721,0.097210,0.392715,0.060185,1.296100,1.661829,0.441167
32.500000,2.000716,2.008674,2.034748,1.967515,2.001889,1.929926,1.999713,1.910273,0.110353,0.122362,0.048807,0.097037,0.399232,0.059795,1.300392,1.650336,0.444795
32.516667,2.000695,2.008609,2.035079,1.968845,2.001860,1.929137,1.999733,1.912479,0.110086,0.122561,0.048804,0.097151,0.401242,0.059038,1.302516,1.631687,0.460182
32.533333,2.000619,2.008938,2.035244,1.967612,2.001819,1.928204,1.999739,1.915749,0.110840,0.123426,0.048014,0.097426,0.402391,0.058173,1.318782,1.614866,0.471536
32.550000,2.000517,2.009635,2.035321,1.966018,2.001802,1.927239,1.999731,1.917915,0.111420,0.123917,0.046613,0.097562,0.408326,0.057315,1.326554,1.601819,0.481394
32.566667,2.000449,2.010557,2.035073,1.965171,2.001787,1.926757,1.999731,1.919201,0.111784,0.124310,0.044922,0.097661,0.411603,0.056879,1.337520,1.588726,0.486170
32.583333,2.000412,2.011092,2.035000,1.964715,2.001779,1.926513,1.999733,1.919947,0.111980,0.124538,0.044055,0.097721,0.413252,0.056658,1.342894,1.583753,0.488649
32.600000,2.000384,2.011372,2.035278,1.964600,2.001779,1.926407,1.999737,1.920347,0.112064,0.124731,0.044074,0.097887,0.414112,0.056541,1.339796,1.589005,0.489471
32.616667,2.000340,2.011165,2.035836,1.964604,2.001835,1.925959,1.999760,1.920524,0.112162,0.124816,0.044276,0.097960,0.414551,0.056543,1.327823,1.601663,0.489782
32.633333,2.000300,2.010898,2.036423,1.964644,2.001939,1.925231,1.999754,1.920558,0.112205,0.124663,0.044437,0.097792,0.414753,0.056643,1.316100,1.613178,0.489946
32.650000,2.000322,2.010417,2.036737,1.964791,2.002028,1.924933,1.999735,1.918085,0.112174,0.124498,0.044804,0.097646,0.415382,0.056825,1.290425,1.618718,0.492026
32.666667,2.000336,2.009735,2.035994,1.964635,2.002081,1.924049,1.999717,1.916282,0.112295,0.124727,0.045419,0.097611,0.415847,0.057247,1.236875,1.614896,0.494400
32.683333,2.000363,2.009188,2.035180,1.964470,2.002071,1.922746,1.999706,1.914425,0.112800,0.125456,0.045311,0.097691,0.416350,0.057943,1.205204,1.609554,0.477353
32.700000,2.000408,2.008964,2.035104,1.964440,2.002095,1.921096,1.999709,1.912943,0.113423,0.126186,0.044809,0.097858,0.414021,0.058488,1.206066,1.617548,0.460691
32.716667,2.000450,2.008871,2.035538,1.964459,2.002184,1.919419,1.999691,1.914613,0.114210,0.126839,0.044522,0.098136,0.400843,0.059001,1.211737,1.633527,0.448523
32.733333,2.000491,2.009061,2.035072,1.964381,2.002295,1.918610,1.999678,1.915487,0.114980,0.127291,0.044778,0.098273,0.393879,0.059187,1.233975,1.636476,0.431843
32.750000,2.000519,2.009819,2.034723,1.964781,2.002378,1.918215,1.999667,1.915935,0.115539,0.127542,0.045114,0.098326,0.390138,0.059173,1.255689,1.642300,0.425637
32.766667,2.000550,2.010459,2.034520,1.965400,2.002421,1.918007,1.999658,1.916164,0.115564,0.127783,0.045601,0.098380,0.388115,0.059088,1.264954,1.646492,0.426130
32.783333,2.000590,2.010317,2.034416,1.965782,2.002384,1.916572,1.999726,1.913409,0.115574,0.127949,0.045954,0.098420,0.387250,0.059138,1.278230,1.649317,0.428065
32.800000,2.000629,2.010048,2.034491,1.965989,2.002323,1.918503,1.999735,1.910847,0.115602,0.127639,0.046159,0.097945,0.386940,0.059276,1.289675,1.649745,0.429484
32.816667,2.000644,2.010370,2.034519,1.966243,2.002269,1.920851,1.999745,1.908540,0.115613,0.127490,0.046874,0.097499,0.386868,0.059405,1.295884,1.640783,0.432668
32.833333,2.000644,2.010277,2.034544,1.966515,2.002219,1.921092,1.999756,1.906800,0.115547,0.127635,0.047590,0.097332,0.393367,0.059052,1.299305,1.632098,0.436773
32.850000,2.000633,2.009958,2.034594,1.967682,2.002154,1.920382,1.999745,1.909053,0.115915,0.128633,0.048097,0.097522,0.395553,0.058342,1.301263,1.623855,0.437674
32.866667,2.000565,2.010252,2.034847,1.965614,2.002099,1.919035,1.999724,1.912615,0.116489,0.129842,0.047520,0.097865,0.397774,0.057485,1.317344,1.611875,0.443672
32.883333,2.000467,2.011026,2.034951,1.964052,2.002068,1.917989,1.999685,1.915610,0.116744,0.130148,0.046145,0.097990,0.408905,0.056401,1.334930,1.600160,0.449066
32.900000,2.000397,2.011676,2.034946,1.963289,2.002055,1.917482,1.999664,1.917344,0.116894,0.130316,0.044841,0.098046,0.414948,0.055850,1.348719,1.592951,0.451991
32.916667,2.000357,2.012090,2.034970,1.962886,2.002051,1.916008,1.999681,1.918319,0.117014,0.130494,0.044518,0.098157,0.418007,0.055538,1.355918,1.589897,0.453556
32.933333,2.000322,2.012247,2.035286,1.962668,2.002069,1.913276,1.999727,1.918833,0.117139,0.130713,0.044933,0.098346,0.419648,0.055355,1.353964,1.595547,0.454359
32.950000,2.000268,2.011966,2.035845,1.962592,2.002140,1.914936,1.999772,1.919117,0.117123,0.130751,0.045187,0.098503,0.420535,0.055401,1.343010,1.607875,0.454839
32.966667,2.000230,2.011490,2.036234,1.962565,2.002214,1.920647,1.999800,1.919225,0.117067,0.130624,0.045491,0.098619,0.420978,0.055685,1.332272,1.618847,0.455129
32.983333,2.000233,2.010887,2.036529,1.962560,2.002286,1.923599,1.999782,1.917665,0.117054,0.130516,0.045994,0.098643,0.421563,0.055939,1.303646,1.625990,0.455297
33.000000,2.000245,2.010210,2.035917,1.961338,2.002325,1.924635,1.999759,1.915771,0.117215,0.130617,0.046676,0.098676,0.422113,0.056239,1.251743,1.624048,0.455673
33.016667,2.000312,2.009380,2.035257,1.960646,2.002318,1.924923,1.999740,1.914221,0.117940,0.131395,0.046430,0.098785,0.420332,0.056857,1.227366,1.626529,0.442705
33.033333,2.000391,2.008733,2.034954,1.960695,2.002265,1.925073,1.999715,1.913755,0.118708,0.132252,0.045880,0.098996,0.414410,0.057339,1.219563,1.629120,0.416022
33.050000,2.000460,2.008288,2.035149,1.961046,2.002314,1.924944,1.999655,1.915430,0.119541,0.132930,0.045632,0.099206,0.402066,0.057809,1.225264,1.644224,0.401470
33.066667,2.000475,2.008524,2.034732,1.961376,2.002373,1.924956,1.999622,1.916318,0.120173,0.133318,0.046023,0.099308,0.395530,0.057977,1.239029,1.643950,0.392918
33.083333,2.000498,2.009134,2.034523,1.961878,2.002432,1.925096,1.999602,1.916779,0.120580,0.133514,0.046434,0.099342,0.392019,0.057972,1.254492,1.644354,0.390887
33.100000,2.000530,2.009439,2.034310,1.962230,2.002463,1.924683,1.999608,1.917017,0.120824,0.133604,0.046809,0.099349,0.390117,0.057905,1.268817,1.643586,0.392081
33.116667,2.000561,2.009327,2.034197,1.962407,2.002417,1.922634,1.999698,1.914308,0.121011,0.133646,0.047200,0.099355,0.389322,0.057972,1.281328,1.643483,0.394051
33.133333,2.000595,2.008989,2.034207,1.962502,2.002371,1.920806,1.999707,1.911796,0.121165,0.133664,0.047567,0.099357,0.389021,0.058034,1.292894,1.643823,0.396020
33.150000,2.000610,2.009121,2.034442,1.962559,2.002333,1.919079,1.999711,1.909497,0.121294,0.133725,0.048106,0.099403,0.388944,0.058088,1.300603,1.639510,0.397167
33.166667,2.000605,2.008759,2.034463,1.962598,2.002297,1.917324,1.999713,1.907580,0.121377,0.133790,0.048690,0.099438,0.391687,0.057986,1.304797,1.629515,0.397797
33.183333,2.000587,2.008609,2.034481,1.960676,2.002274,1.915446,1.999705,1.911021,0.121502,0.133958,0.049164,0.099603,0.383243,0.057985,1.303293,1.620238,0.400075
33.200000,2.000546,2.008795,2.034637,1.957605,2.002254,1.913366,1.999690,1.913587,0.121633,0.134593,0.048698,0.099838,0.378874,0.057927,1.316131,1.611174,0.408131
33.216667,2.000466,2.009383,2.034978,1.955655,2.002217,1.911297,1.999661,1.915891,0.121666,0.134760,0.047528,0.099989,0.383883,0.057333,1.325905,1.601628,0.414360
33.233333,2.000416,2.010265,2.034817,1.954638,2.002179,1.910126,1.999647,1.917345,0.121692,0.134759,0.046120,0.100054,0.387183,0.057011,1.339534,1.588679,0.417840
33.250000,2.000388,2.010730,2.034789,1.954083,2.002159,1.909069,1.999654,1.918190,0.121709,0.134765,0.045356,0.100095,0.388749,0.056848,1.346521,1.583936,0.419732
33.266667,2.000367,2.011132,2.034919,1.953789,2.002169,1.905883,1.999703,1.918623,0.121781,0.134897,0.045864,0.100269,0.389526,0.056709,1.348264,1.584764,0.420694
33.283333,2.000323,2.010953,2.035449,1.953691,2.002259,1.908684,1.999748,1.918820,0.121688,0.134709,0.046346,0.100218,0.389925,0.056755,1.337342,1.596692,0.421282
33.300000,2.000289,2.010474,2.035610,1.953662,2.002346,1.915741,1.999747,1.918862,0.121699,0.134334,0.046747,0.099978,0.390114,0.057061,1.326318,1.607455,0.421648
33.316667,2.000307,2.009851,2.035939,1.953773,2.002423,1.919520,1.999740,1.916424,0.121650,0.134088,0.047245,0.099857,0.390705,0.057380,1.297164,1.616536,0.423685
33.333333,2.000321,2.009162,2.035336,1.953887,2.002486,1.920960,1.999720,1.914466,0.121503,0.134001,0.048015,0.099768,0.391160,0.057715,1.249105,1.615274,0.432795
33.350000,2.000345,2.008795,2.034678,1.952937,2.002485,1.921312,1.999698,1.912419,0.121990,0.134646,0.047759,0.099727,0.391708,0.058385,1.227004,1.610857,0.428559
33.366667,2.000378,2.008570,2.034310,1.953271,2.002445,1.921402,1.999663,1.910421,0.122712,0.135784,0.047060,0.099807,0.392234,0.058975,1.229009,1.608945,0.411005
33.383333,2.000401,2.008385,2.034286,1.955023,2.002375,1.921256,1.999618,1.909218,0.123167,0.137325,0.046651,0.100384,0.391318,0.059449,1.225554,1.610815,0.392856
33.400000,2.000411,2.008527,2.034867,1.956411,2.002376,1.921277,1.999590,1.909266,0.123534,0.138310,0.046634,0.100633,0.388759,0.059632,1.231404,1.629313,0.387056
33.416667,2.000441,2.008905,2.034804,1.957593,2.002399,1.921391,1.999569,1.909566,0.123706,0.138840,0.046818,0.100753,0.386583,0.059686,1.242890,1.637016,0.386574
33.433333,2.000465,2.009159,2.034778,1.958320,2.002382,1.919305,1.999599,1.910295,0.123761,0.139155,0.047241,0.100836,0.383855,0.059750,1.244582,1.641945,0.388165
33.450000,2.000488,2.008962,2.034780,1.958743,2.002331,1.917271,1.999663,1.908832,0.123807,0.139376,0.047456,0.100885,0.382456,0.059844,1.254132,1.645372,0.390175
33.466667,2.000522,2.008777,2.034481,1.958971,2.002275,1.915376,1.999673,1.906034,0.123828,0.139509,0.047576,0.100920,0.381922,0.059965,1.262460,1.639947,0.391416
33.483333,2.000535,2.009106,2.034332,1.959108,2.002230,1.913568,1.999677,1.903559,0.123849,0.139626,0.047984,0.100995,0.381727,0.060051,1.266644,1.627369,0.392196
33.500000,2.000533,2.009327,2.034273,1.959728,2.002201,1.911718,1.999680,1.901659,0.123194,0.139645,0.048362,0.101342,0.384472,0.059987,1.268832,1.616409,0.401306
33.516667,2.000516,2.009038,2.034262,1.958913,2.002178,1.909718,1.999664,1.902376,0.122703,0.139727,0.048554,0.101835,0.391207,0.059462,1.272623,1.606924,0.411085
33.533333,2.000472,2.009154,2.034251,1.955784,2.002131,1.909049,1.999640,1.905265,0.122938,0.139918,0.048108,0.102177,0.390200,0.059289,1.286982,1.597958,0.420277
33.550000,2.000378,2.009653,2.034307,1.953486,2.002071,1.909288,1.999606,1.907590,0.123112,0.139840,0.046975,0.102266,0.397188,0.058654,1.316459,1.588620,0.426289
33.566667,2.000310,2.010043,2.034427,1.952312,2.002010,1.910495,1.999586,1.909056,0.123291,0.139898,0.046224,0.102317,0.401410,0.058324,1.332965,1.583604,0.429612
33.583333,2.000273,2.010255,2.034488,1.951686,2.001971,1.912342,1.999576,1.909896,0.123424,0.139982,0.045853,0.102345,0.403531,0.058153,1.341676,1.581365,0.431449
33.600000,2.000254,2.010173,2.034804,1.951347,2.001966,1.911125,1.999616,1.910330,0.123508,0.140041,0.045859,0.102381,0.404638,0.058062,1.340501,1.587362,0.432429
33.616667,2.000204,2.009823,2.035359,1.951210,2.002025,1.909087,1.999662,1.910546,0.123567,0.140057,0.046236,0.102418,0.405216,0.058038,1.329874,1.599912,0.432970
33.633333,2.000165,2.009185,2.035493,1.951163,2.002087,1.911746,1.999659,1.910407,0.123640,0.139927,0.046573,0.102349,0.405367,0.058237,1.319308,1.610697,0.433316
33.650000,2.000153,2.008435,2.036174,1.951162,2.002140,1.914247,1.999657,1.909456,0.123652,0.139835,0.046950,0.102361,0.405618,0.058471,1.300378,1.624462,0.433517
33.666667,2.000184,2.007517,2.036299,1.951153,2.002200,1.914962,1.999649,1.906813,0.123739,0.139815,0.047497,0.102333,0.406197,0.058775,1.257480,1.636119,0.433563
33.683333,2.000203,2.006993,2.035507,1.950667,2.002203,1.914883,1.999630,1.904718,0.124549,0.140516,0.047828,0.102256,0.406763,0.059427,1.220117,1.633468,0.424193
33.700000,2.000241,2.006620,2.034747,1.950608,2.002153,1.914650,1.999605,1.902971,0.125507,0.141353,0.047635,0.102285,0.404286,0.059979,1.209878,1.626300,0.401504
33.716667,2.000285,2.006169,2.034483,1.950345,2.002086,1.914279,1.999560,1.903252,0.126491,0.142164,0.047101,0.102410,0.395827,0.060424,1.211921,1.623498,0.374366
33.733333,2.000346,2.005851,2.034472,1.950947,2.002103,1.914192,1.999518,1.904059,0.127467,0.142459,0.047106,0.102105,0.389717,0.060636,1.217160,1.632563,0.366881
33.750000,2.000405,2.005656,2.034296,1.951622,2.002138,1.914280,1.999488,1.904920,0.128143,0.142540,0.047410,0.101741,0.385356,0.060717,1.222735,1.637364,0.366486
33.766667,2.000443,2.005675,2.034214,1.951975,2.002134,1.912005,1.999534,1.905022,0.128530,0.142664,0.048245,0.101536,0.382385,0.060777,1.220251,1.640278,0.367685
33.783333,2.000459,2.005660,2.034156,1.952168,2.002099,1.909913,1.999601,1.901653,0.128625,0.142581,0.048933,0.101473,0.381129,0.060913,1.228148,1.642439,0.369231
33.800000,2.000474,2.005740,2.034114,1.952328,2.002052,1.913082,1.999604,1.898903,0.128613,0.141859,0.049536,0.101024,0.380610,0.061082,1.235560,1.638638,0.370860
33.816667,2.000490,2.006049,2.034148,1.952422,2.002007,1.913978,1.999611,1.896291,0.128610,0.141455,0.049912,0.100771,0.380441,0.061207,1.239227,1.628915,0.371769
33.833333,2.000499,2.006421,2.034164,1.952473,2.001962,1.913602,1.999619,1.894114,0.128604,0.141233,0.050137,0.100629,0.383191,0.061136,1.241032,1.619424,0.372270
33.850000,2.000481,2.006067,2.034189,1.950042,2.001935,1.912465,1.999629,1.896881,0.128735,0.141164,0.049983,0.100701,0.381708,0.060600,1.251053,1.610646,0.373132
33.866667,2.000450,2.005990,2.034274,1.946824,2.001921,1.910835,1.999622,1.900401,0.128853,0.141387,0.049477,0.100905,0.376325,0.060418,1.265512,1.601881,0.377038
33.883333,2.000369,2.006648,2.034517,1.944782,2.001915,1.909135,1.999602,1.903085,0.128878,0.141912,0.048465,0.101212,0.380504,0.059803,1.287154,1.590702,0.383804
33.900000,2.000302,2.007109,2.034600,1.943698,2.001913,1.908280,1.999592,1.904758,0.128900,0.142205,0.047724,0.101369,0.383247,0.059478,1.302317,1.584521,0.387515
33.916667,2.000265,2.007351,2.034634,1.943108,2.001907,1.907875,1.999589,1.905749,0.128915,0.142364,0.047341,0.101454,0.384591,0.059309,1.310219,1.581635,0.389540
33.933333,2.000247,2.007240,2.034934,1.942810,2.001920,1.907719,1.999625,1.906257,0.129055,0.142606,0.047096,0.101506,0.385239,0.059238,1.308461,1.587276,0.390729
33.950000,2.000200,2.006903,2.035496,1.942677,2.001980,1.906385,1.999673,1.906397,0.129111,0.142728,0.047487,0.101569,0.385540,0.059237,1.297118,1.599802,0.391309
33.966667,2.000162,2.006271,2.035850,1.942604,2.002047,1.905105,1.999632,1.906452,0.129098,0.142775,0.048159,0.101605,0.385704,0.059258,1.286022,1.610907,0.391522
33.983333,2.000147,2.005461,2.036678,1.942571,2.002107,1.909051,1.999628,1.905635,0.129084,0.142832,0.048561,0.101880,0.385958,0.059547,1.269858,1.626840,0.391637
34.000000,2.000184,2.004348,2.036403,1.942558,2.002170,1.911049,1.999636,1.902929,0.129216,0.143660,0.048651,0.102775,0.386554,0.060055,1.230899,1.630464,0.391705
34.016667,2.000206,2.003923,2.035656,1.942077,2.002229,1.911850,1.999623,1.900597,0.129424,0.142989,0.049960,0.102116,0.387220,0.060743,1.196483,1.625752,0.388372
34.033333,2.000237,2.003574,2.034614,1.942185,2.002209,1.912279,1.999589,1.897811,0.129803,0.142399,0.050693,0.101531,0.387963,0.061386,1.177563,1.611689,0.370645
34.050000,2.000279,2.003076,2.034141,1.942730,2.002139,1.912268,1.999537,1.895789,0.130392,0.142314,0.050378,0.101034,0.390284,0.061695,1.183483,1.603531,0.348725
34.066667,2.000359,2.002593,2.034044,1.944525,2.002126,1.912401,1.999499,1.898257,0.130850,0.142393,0.050390,0.100591,0.388077,0.061419,1.188717,1.607852,0.341585
34.083333,2.000426,2.002343,2.033812,1.945869,2.002172,1.912586,1.999472,1.899927,0.131236,0.142422,0.050992,0.100244,0.385986,0.061256,1.196376,1.611539,0.342599
34.100000,2.000466,2.002324,2.033700,1.946588,2.002177,1.911506,1.999461,1.901060,0.131496,0.142493,0.051961,0.100023,0.384260,0.061168,1.194949,1.613908,0.344534
34.116667,2.000482,2.002319,2.033632,1.947025,2.002131,1.910634,1.999541,1.898417,0.131352,0.141930,0.052807,0.099902,0.383664,0.061241,1.199646,1.615649,0.346810
34.133333,2.000487,2.002711,2.033574,1.947262,2.002091,1.910263,1.999573,1.895621,0.131371,0.141469,0.053489,0.099696,0.383569,0.061353,1.207098,1.611455,0.348989
34.150000,2.000489,2.003367,2.033586,1.947394,2.002053,1.909221,1.999591,1.892948,0.131402,0.141213,0.053989,0.099586,0.383647,0.061446,1.210786,1.600789,0.350412
34.166667,2.000481,2.003290,2.033598,1.947469,2.002015,1.907785,1.999602,1.890509,0.131419,0.141079,0.054200,0.099537,0.383792,0.061525,1.213874,1.590829,0.351198
34.183333,2.000455,2.003339,2.034020,1.946409,2.001966,1.909033,1.999645,1.894806,0.131419,0.140667,0.052504,0.099676,0.370590,0.061736,1.220784,1.593310,0.352303
34.200000,2.000427,2.003936,2.034405,1.942129,2.001938,1.908933,1.999679,1.898492,0.131556,0.140417,0.050662,0.099886,0.359964,0.061868,1.233251,1.589881,0.353749
34.216667,2.000371,2.005425,2.034635,1.939053,2.001924,1.908012,1.999679,1.900956,0.131411,0.140620,0.047874,0.100356,0.360523,0.061479,1.267280,1.581726,0.355592
34.233333,2.000313,2.006716,2.034656,1.937463,2.001926,1.907566,1.999680,1.902538,0.131250,0.140987,0.045925,0.100751,0.361166,0.061266,1.291136,1.574156,0.358216
34.250000,2.000281,2.007388,2.034706,1.936597,2.001925,1.906878,1.999693,1.903497,0.131173,0.141193,0.044979,0.100967,0.361375,0.061152,1.303680,1.571494,0.359652
34.266667,2.000251,2.007799,2.034753,1.936151,2.001946,1.905669,1.999732,1.903985,0.131236,0.141421,0.044780,0.101125,0.361430,0.061067,1.310459,1.570353,0.360496
34.283333,2.000189,2.007765,2.035141,1.935929,2.002017,1.904715,1.999752,1.904251,0.130916,0.141324,0.045544,0.101386,0.361459,0.061034,1.303171,1.581124,0.360749
34.300000,2.000144,2.007271,2.035303,1.935869,2.002112,1.903735,1.999698,1.904400,0.130448,0.141012,0.046890,0.101701,0.361486,0.060971,1.291201,1.593518,0.362871
34.316667,2.000156,2.006714,2.036140,1.935867,2.002202,1.902458,1.999659,1.901672,0.130172,0.140532,0.047844,0.101640,0.362099,0.061056,1.275631,1.610075,0.364384
34.333333,2.000182,2.005867,2.035769,1.935947,2.002308,1.902124,1.999615,1.898867,0.130212,0.138388,0.048231,0.099572,0.363041,0.061697,1.253006,1.614980,0.366275
34.350000,2.000197,2.005232,2.035056,1.935173,2.002367,1.902747,1.999562,1.896326,0.130741,0.135286,0.048338,0.096052,0.364364,0.063112,1.228072,1.610616,0.364323
34.366667,2.000216,2.004876,2.034471,1.938109,2.002371,1.903960,1.999500,1.894174,0.131779,0.132309,0.048029,0.092042,0.372454,0.064106,1.224163,1.605111,0.348315
34.383333,2.000243,2.004392,2.034399,1.940449,2.002301,1.904731,1.999429,1.899858,0.132993,0.131123,0.047468,0.089865,0.385232,0.063524,1.225084,1.605637,0.327478
34.400000,2.000302,2.003955,2.034435,1.942412,2.002287,1.905208,1.999387,1.907897,0.133960,0.131056,0.047514,0.089281,0.395645,0.062649,1.221610,1.613065,0.318248
34.416667,2.000344,2.003831,2.034290,1.943961,2.002312,1.905078,1.999362,1.912414,0.134213,0.130568,0.048434,0.089137,0.401325,0.062066,1.218584,1.617470,0.316883
34.433333,2.000370,2.004005,2.034238,1.944824,2.002261,1.902528,1.999358,1.914942,0.133325,0.128996,0.050111,0.089222,0.404066,0.061694,1.208888,1.620500,0.316340
34.450000,2.000368,2.004098,2.034207,1.945326,2.002189,1.905675,1.999388,1.914498,0.133060,0.127944,0.051334,0.088991,0.405780,0.061620,1.211343,1.622833,0.316876
34.466667,2.000379,2.004298,2.034178,1.945658,2.002137,1.908479,1.999383,1.912118,0.133146,0.127356,0.052342,0.088708,0.407118,0.061672,1.218226,1.619120,0.318109
34.483333,2.000388,2.004982,2.034212,1.945838,2.002107,1.909186,1.999380,1.909844,0.133337,0.127050,0.053258,0.088565,0.408108,0.061881,1.228051,1.608989,0.319547
34.500000,2.000384,2.005624,2.034257,1.946295,2.002081,1.908689,1.999381,1.909962,0.133637,0.126934,0.054121,0.088568,0.408111,0.062215,1.241502,1.599260,0.319534
34.516667,2.000372,2.005839,2.034805,1.944646,2.002033,1.910089,1.999450,1.913658,0.134180,0.126703,0.052150,0.088788,0.392318,0.062702,1.257969,1.604751,0.319574
34.533333,2.000354,2.006355,2.035333,1.941692,2.001992,1.910002,1.999513,1.916871,0.134507,0.126703,0.050182,0.089054,0.379171,0.063079,1.272369,1.604073,0.320621
34.550000,2.000292,2.007462,2.035559,1.939716,2.001963,1.909074,1.999535,1.919070,0.134727,0.127077,0.048051,0.089355,0.370387,0.063223,1.291103,1.593806,0.323990
34.566667,2.000230,2.008334,2.035563,1.938696,2.001962,1.908644,1.999549,1.920543,0.135009,0.127344,0.046353,0.089488,0.365500,0.063338,1.304320,1.586074,0.327867
34.583333,2.000195,2.008840,2.035579,1.938174,2.001982,1.908459,1.999562,1.921469,0.135184,0.127386,0.045504,0.089411,0.362890,0.063506,1.311224,1.583217,0.331696
34.600000,2.000166,2.009236,2.035585,1.937932,2.002008,1.911376,1.999583,1.921756,0.135415,0.127467,0.045401,0.089351,0.361487,0.063621,1.314991,1.581806,0.334676
34.616667,2.000107,2.009057,2.035805,1.937828,2.002056,1.914559,1.999514,1.921913,0.135569,0.127425,0.045995,0.089285,0.360743,0.063680,1.306170,1.592350,0.336337
34.633333,2.000111,2.008566,2.035900,1.938252,2.002128,1.916751,1.999411,1.919636,0.135042,0.127210,0.046624,0.089176,0.360890,0.063760,1.294495,1.603518,0.344197
34.650000,2.000135,2.008064,2.036653,1.938817,2.002260,1.919474,1.999320,1.917157,0.134449,0.127440,0.047442,0.089203,0.361257,0.063794,1.278342,1.617426,0.355817
34.666667,2.000159,2.007402,2.036788,1.939169,2.002383,1.921135,1.999246,1.914806,0.134250,0.128482,0.047514,0.090047,0.361917,0.064407,1.256551,1.627206,0.363154
34.683333,2.000169,2.007090,2.036094,1.937784,2.002452,1.921022,1.999206,1.912929,0.134395,0.128457,0.047692,0.090296,0.362598,0.065138,1.224911,1.622892,0.368180
34.700000,2.000187,2.006872,2.035318,1.937515,2.002454,1.920053,1.999180,1.911713,0.135217,0.128584,0.047640,0.090725,0.376365,0.064980,1.210469,1.613207,0.361225
34.716667,2.000212,2.006521,2.035126,1.941570,2.002416,1.919214,1.999142,1.911663,0.134807,0.129673,0.047232,0.092352,0.401671,0.064368,1.215337,1.610627,0.354597
34.733333,2.000283,2.006116,2.034425,1.944984,2.002374,1.918691,1.999113,1.912951,0.133949,0.130703,0.046982,0.093682,0.413810,0.064038,1.218413,1.604380,0.353118
34.750000,2.000343,2.005844,2.034024,1.946965,2.002413,1.918394,1.999092,1.915387,0.133644,0.131278,0.047456,0.094416,0.414616,0.063952,1.214872,1.604387,0.357171
34.766667,2.000385,2.005795,2.033821,1.948013,2.002417,1.918615,1.999081,1.916777,0.133553,0.131571,0.048177,0.094793,0.414864,0.063918,1.209555,1.605328,0.361877
34.783333,2.000397,2.005857,2.033708,1.948545,2.002368,1.919922,1.999123,1.915741,0.133220,0.131458,0.049372,0.095211,0.415319,0.063927,1.212089,1.606380,0.365417
34.800000,2.000421,2.005680,2.033842,1.948825,2.002344,1.920987,1.999130,1.912958,0.133018,0.131248,0.050291,0.095518,0.416002,0.064011,1.219129,1.607811,0.368535
34.816667,2.000433,2.006078,2.033933,1.948966,2.002340,1.922160,1.999131,1.910430,0.132986,0.131101,0.051118,0.095642,0.416622,0.064209,1.223140,1.599429,0.370990
34.833333,2.000435,2.005961,2.033951,1.949051,2.002330,1.922949,1.999159,1.910567,0.132975,0.130972,0.051817,0.095680,0.406378,0.065166,1.225163,1.589357,0.372421
34.850000,2.000419,2.005689,2.033989,1.949097,2.002302,1.922407,1.999259,1.911995,0.132978,0.130927,0.051554,0.095838,0.386044,0.066510,1.241748,1.580038,0.373203
34.866667,2.000399,2.005753,2.034445,1.945863,2.002265,1.921222,1.999341,1.914186,0.133134,0.130980,0.049900,0.096096,0.372750,0.067264,1.255314,1.583164,0.374177
34.883333,2.000342,2.006629,2.034813,1.943036,2.002238,1.920024,1.999440,1.915827,0.133232,0.131409,0.047553,0.096523,0.357578,0.068048,1.285011,1.582482,0.374532
34.900000,2.000291,2.007373,2.035040,1.941513,2.002232,1.919328,1.999500,1.916980,0.133247,0.131881,0.046179,0.096838,0.348787,0.068515,1.302781,1.580797,0.374471
34.916667,2.000263,2.007758,2.035179,1.940686,2.002228,1.918910,1.999534,1.917867,0.133250,0.132133,0.045477,0.097007,0.344109,0.068764,1.312032,1.580621,0.374432
34.933333,2.000238,2.007961,2.035259,1.940234,2.002245,1.918613,1.999554,1.918336,0.133207,0.132148,0.045101,0.097079,0.341637,0.068965,1.316979,1.580710,0.374345
34.950000,2.000182,2.007712,2.035657,1.940024,2.002327,1.916488,1.999534,1.918584,0.133168,0.131903,0.045103,0.096887,0.340338,0.069123,1.308769,1.592148,0.374297
34.966667,2.000187,2.007281,2.035805,1.939966,2.002417,1.915903,1.999574,1.916238,0.132919,0.130567,0.046865,0.095995,0.340236,0.069265,1.297826,1.604026,0.374468
34.983333,2.000216,2.006873,2.035916,1.940010,2.002496,1.919326,1.999595,1.913567,0.132146,0.129287,0.048456,0.095946,0.340517,0.069503,1.285645,1.608324,0.375392
35.000000,2.000245,2.006209,2.035155,1.940064,2.002579,1.920685,1.999606,1.911223,0.131735,0.128829,0.049978,0.096168,0.340931,0.069837,1.244162,1.602790,0.376820
35.016667,2.000263,2.005832,2.034468,1.937460,2.002598,1.920558,1.999616,1.909093,0.131723,0.129617,0.050292,0.097031,0.341754,0.070762,1.214241,1.596848,0.378980
35.033333,2.000302,2.005426,2.034062,1.937871,2.002574,1.919506,1.999629,1.907674,0.132080,0.131218,0.049853,0.098126,0.354955,0.070504,1.214665,1.593776,0.372636
35.050000,2.000328,2.005097,2.033939,1.941452,2.002509,1.918032,1.999630,1.907749,0.131886,0.133618,0.049507,0.100019,0.379461,0.069450,1.213453,1.592680,0.366061
35.066667,2.000306,2.004866,2.033910,1.944291,2.002479,1.917331,1.999626,1.908040,0.131431,0.134861,0.049205,0.101408,0.395293,0.068727,1.206624,1.598055,0.363435
35.083333,2.000357,2.004945,2.033684,1.945937,2.002506,1.916994,1.999623,1.908207,0.131282,0.135548,0.049399,0.102147,0.404007,0.068263,1.200728,1.602681,0.364963
35.100000,2.000398,2.005192,2.033550,1.946811,2.002547,1.916816,1.999620,1.908293,0.131340,0.135915,0.050216,0.102514,0.408738,0.067982,1.194187,1.606284,0.369301
35.116667,2.000404,2.005358,2.033525,1.947240,2.002530,1.916225,1.999571,1.909026,0.131267,0.136047,0.051301,0.102871,0.409248,0.067919,1.198722,1.609964,0.372730
35.133333,2.000417,2.005229,2.033560,1.947406,2.002490,1.913288,1.999556,1.907549,0.131226,0.136104,0.052435,0.103130,0.409935,0.067946,1.204415,1.612175,0.375507
35.150000,2.000435,2.005387,2.033778,1.947471,2.002463,1.910538,1.999572,1.904470,0.131264,0.136147,0.053309,0.103271,0.410795,0.068044,1.207677,1.608288,0.377535
35.166667,2.000436,2.005652,2.033772,1.947515,2.002431,1.908120,1.999592,1.902856,0.131298,0.136152,0.053881,0.103320,0.407123,0.068430,1.209178,1.597803,0.378665
35.183333,2.000422,2.005322,2.033804,1.947546,2.002394,1.905775,1.999669,1.903000,0.131347,0.136123,0.053584,0.103296,0.389878,0.070008,1.225250,1.588546,0.379312
35.200000,2.000403,2.005479,2.034228,1.943412,2.002369,1.903339,1.999741,1.904229,0.131594,0.136175,0.051654,0.103424,0.377438,0.071067,1.243976,1.590756,0.380449
35.216667,2.000317,2.006583,2.034579,1.940481,2.002359,1.901378,1.999772,1.905212,0.131668,0.136328,0.048580,0.103659,0.368099,0.071794,1.279525,1.591395,0.380890
35.233333,2.000256,2.007386,2.034814,1.938858,2.002366,1.900356,1.999789,1.906061,0.131629,0.136358,0.046761,0.103775,0.362955,0.072231,1.301532,1.592850,0.380933
35.250000,2.000223,2.007801,2.034964,1.937961,2.002373,1.899813,1.999802,1.906654,0.131567,0.136223,0.045844,0.103754,0.360205,0.072512,1.313018,1.594326,0.380894
35.266667,2.000197,2.008225,2.035082,1.937502,2.002431,1.899676,1.999804,1.906972,0.131613,0.135002,0.046576,0.102475,0.358808,0.072624,1.319373,1.595429,0.380896
35.283333,2.000143,2.008224,2.035505,1.937603,2.002593,1.905756,1.999721,1.907153,0.131124,0.133172,0.048210,0.101027,0.358159,0.072766,1.311878,1.607077,0.386576
35.300000,2.000117,2.007690,2.035828,1.937768,2.002759,1.914479,1.999639,1.906435,0.130269,0.131616,0.049320,0.100751,0.358033,0.073023,1.301153,1.618687,0.390283
35.316667,2.000148,2.006971,2.035721,1.937882,2.002894,1.919617,1.999570,1.903585,0.129751,0.130717,0.050275,0.100707,0.358477,0.073268,1.277986,1.622777,0.392443
35.333333,2.000206,2.006238,2.035199,1.937960,2.003013,1.921298,1.999535,1.901055,0.129470,0.130241,0.051123,0.100723,0.358918,0.073451,1.246364,1.625655,0.393678
35.350000,2.000312,2.005353,2.034943,1.936852,2.003026,1.921118,1.999521,1.898993,0.129546,0.130394,0.051166,0.101014,0.359377,0.073707,1.238229,1.639024,0.389942
35.366667,2.000376,2.004837,2.034343,1.938823,2.002974,1.920067,1.999523,1.897626,0.130657,0.131643,0.051667,0.102170,0.366025,0.074070,1.237977,1.644730,0.371353
35.383333,2.000404,2.004274,2.033485,1.941459,2.002866,1.919086,1.999509,1.897153,0.131280,0.134292,0.052091,0.103705,0.388446,0.072997,1.248068,1.642134,0.353970
35.400000,2.000373,2.004315,2.032963,1.943251,2.002827,1.918558,1.999503,1.896242,0.131817,0.135512,0.052332,0.104207,0.402950,0.072310,1.257669,1.639804,0.342935
35.416667,2.000401,2.005179,2.033025,1.944394,2.002854,1.918293,1.999503,1.896911,0.132049,0.135962,0.052791,0.103972,0.407426,0.071965,1.279429,1.640626,0.336872
35.433333,2.000448,2.005933,2.033574,1.944979,2.002867,1.918167,1.999504,1.897695,0.132043,0.136263,0.053183,0.103844,0.408499,0.071789,1.300278,1.648985,0.333395
35.450000,2.000453,2.006444,2.033995,1.945231,2.002886,1.917541,1.999482,1.898131,0.132250,0.136426,0.054199,0.103750,0.409028,0.071660,1.314428,1.655510,0.333905
35.466667,2.000473,2.006319,2.034333,1.945299,2.002873,1.915391,1.999427,1.897669,0.132495,0.136513,0.055203,0.103705,0.409444,0.071600,1.326382,1.660457,0.335303
35.483333,2.000489,2.006499,2.034586,1.945282,2.002861,1.913414,1.999435,1.893950,0.132769,0.136569,0.056189,0.103683,0.410501,0.071686,1.334085,1.659513,0.336848
35.500000,2.000480,2.007271,2.034526,1.945783,2.002847,1.911421,1.999454,1.891794,0.133214,0.136660,0.057248,0.103696,0.407150,0.071992,1.337729,1.645279,0.336327
35.516667,2.000467,2.007687,2.034908,1.945503,2.002817,1.909307,1.999552,1.891115,0.133536,0.136855,0.057088,0.103815,0.390806,0.073344,1.342617,1.633854,0.335366
35.533333,2.000440,2.008273,2.035573,1.943281,2.002782,1.907418,1.999655,1.890874,0.133055,0.136990,0.054797,0.103857,0.376963,0.075077,1.357126,1.627646,0.338674
35.550000,2.000338,2.009168,2.035851,1.942512,2.002762,1.906422,1.999722,1.891134,0.131591,0.136887,0.052676,0.103932,0.366070,0.076290,1.352921,1.615932,0.348326
35.566667,2.000270,2.010293,2.035323,1.942258,2.002782,1.905962,1.999756,1.891719,0.130406,0.136745,0.050420,0.104625,0.360051,0.076981,1.357868,1.597524,0.357030
35.583333,2.000230,2.010914,2.035058,1.942182,2.002823,1.905250,1.999790,1.892209,0.129677,0.136091,0.049179,0.104706,0.356895,0.077457,1.360216,1.589364,0.364044
35.600000,2.000208,2.011248,2.035269,1.942250,2.002932,1.902056,1.999848,1.892479,0.128921,0.135103,0.049652,0.104669,0.355241,0.077747,1.355906,1.593494,0.370540
35.616667,2.000149,2.011209,2.035696,1.942835,2.003152,1.899504,1.999824,1.892633,0.127665,0.134170,0.050978,0.104776,0.354386,0.077933,1.343348,1.605720,0.384955
35.633333,2.000113,2.010896,2.035769,1.945348,2.003419,1.897227,1.999786,1.891796,0.125796,0.133489,0.051786,0.104830,0.354130,0.078143,1.331936,1.616290,0.410889
35.650000,2.000143,2.010506,2.035927,1.947338,2.003641,1.895084,1.999764,1.888502,0.124631,0.133113,0.052545,0.104880,0.354477,0.078345,1.304103,1.622299,0.427981
35.666667,2.000169,2.009956,2.035200,1.948820,2.003757,1.893151,1.999743,1.886133,0.124064,0.133014,0.052885,0.104968,0.354783,0.078534,1.249810,1.622693,0.433343
35.683333,2.000210,2.009663,2.034411,1.950806,2.003719,1.891522,1.999721,1.883458,0.124066,0.133262,0.052703,0.105106,0.355212,0.078711,1.224280,1.616142,0.421957
35.700000,2.000270,2.009443,2.033937,1.952816,2.003496,1.890325,1.999696,1.881038,0.124401,0.134290,0.051927,0.105529,0.364415,0.078563,1.229335,1.611923,0.401547
35.716667,2.000302,2.009230,2.033593,1.954037,2.003172,1.889388,1.999658,1.880517,0.125208,0.135757,0.051351,0.105649,0.386775,0.077363,1.232066,1.606416,0.376559
35.733333,2.000308,2.009142,2.033735,1.955086,2.002981,1.889016,1.999637,1.880947,0.126342,0.136829,0.050963,0.105543,0.405260,0.076208,1.231850,1.609492,0.353845
35.750000,2.000339,2.009586,2.033817,1.956182,2.002944,1.888841,1.999634,1.881884,0.127256,0.137304,0.051324,0.105236,0.413499,0.075561,1.237867,1.614043,0.345515
35.766667,2.000370,2.010042,2.033750,1.957000,2.002962,1.888453,1.999651,1.882627,0.128077,0.137497,0.052325,0.104931,0.417233,0.075196,1.238772,1.615689,0.343861
35.783333,2.000389,2.010043,2.033747,1.957791,2.002954,1.888248,1.999605,1.883037,0.128775,0.137611,0.053167,0.104736,0.419255,0.074967,1.249079,1.617484,0.342861
35.800000,2.000416,2.010082,2.033916,1.958463,2.002915,1.891623,1.999542,1.883270,0.129498,0.137303,0.054506,0.104206,0.420378,0.074899,1.258064,1.613806,0.342366
35.816667,2.000434,2.010467,2.033981,1.959016,2.002889,1.892417,1.999527,1.881098,0.130078,0.137226,0.056415,0.104065,0.421542,0.074910,1.262680,1.603984,0.341882
35.833333,2.000432,2.010422,2.034043,1.959542,2.002870,1.891788,1.999579,1.878940,0.130637,0.137224,0.058066,0.104034,0.413929,0.075605,1.265207,1.594724,0.340978
35.850000,2.000428,2.010187,2.034876,1.958199,2.002880,1.890296,1.999712,1.879065,0.131392,0.137340,0.056624,0.104057,0.399481,0.075892,1.269330,1.608607,0.340603
35.866667,2.000399,2.010487,2.035600,1.955838,2.002875,1.888179,1.999854,1.878743,0.131973,0.137354,0.054207,0.103873,0.384441,0.076975,1.284185,1.615892,0.340807
35.883333,2.000318,2.011287,2.035959,1.954205,2.002858,1.886167,1.999943,1.878461,0.132349,0.137423,0.051836,0.103836,0.371503,0.078081,1.305464,1.608348,0.340998
35.900000,2.000259,2.012079,2.035820,1.953389,2.002867,1.886475,1.999992,1.878859,0.132636,0.137566,0.049908,0.103841,0.364165,0.078718,1.322316,1.597384,0.343746
35.916667,2.000228,2.012487,2.035794,1.952956,2.002888,1.886651,2.000022,1.879310,0.132833,0.137765,0.048884,0.103870,0.360278,0.079065,1.331043,1.593428,0.347079
35.933333,2.000201,2.012912,2.035834,1.952736,2.002943,1.886795,2.000026,1.879567,0.132928,0.137865,0.049620,0.104020,0.358203,0.079186,1.335668,1.591829,0.349460
35.950000,2.000144,2.012765,2.036042,1.952960,2.003101,1.884271,1.999980,1.879693,0.132416,0.138105,0.050092,0.104126,0.357094,0.079280,1.327692,1.601976,0.358684
35.966667,2.000097,2.012498,2.036066,1.953887,2.003383,1.882430,1.999940,1.879760,0.130101,0.138320,0.050955,0.104999,0.356511,0.079415,1.316779,1.612796,0.384820
35.983333,2.000120,2.012201,2.036656,1.954576,2.003609,1.883627,1.999926,1.876490,0.128705,0.137670,0.051590,0.105304,0.356631,0.079626,1.299507,1.624614,0.402771
36.000000,2.000167,2.011846,2.036196,1.953632,2.003743,1.886150,1.999937,1.872900,0.128032,0.137067,0.052611,0.105332,0.357013,0.079918,1.256620,1.627660,0.412998
36.016667,2.000220,2.011508,2.035444,1.951111,2.003799,1.887000,1.999933,1.869629,0.127751,0.136988,0.053146,0.105603,0.357597,0.080309,1.226628,1.626040,0.418799
36.033333,2.000304,2.011055,2.034924,1.952319,2.003673,1.887231,1.999919,1.867804,0.128827,0.137878,0.052989,0.105974,0.372696,0.079540,1.225938,1.628540,0.400974
36.050000,2.000369,2.010567,2.034805,1.952770,2.003448,1.887107,1.999888,1.868284,0.130661,0.138926,0.052242,0.105890,0.397793,0.078029,1.233965,1.627807,0.377283
36.066667,2.000330,2.010728,2.034839,1.953172,2.003311,1.887194,1.999869,1.869171,0.131779,0.139748,0.051861,0.105776,0.417625,0.076704,1.239121,1.629077,0.362888
36.083333,2.000369,2.011003,2.034757,1.953565,2.003254,1.887319,1.999860,1.869665,0.132320,0.140205,0.051458,0.105706,0.428692,0.075891,1.246356,1.631577,0.355302
36.100000,2.000414,2.011418,2.034719,1.953670,2.003290,1.887404,1.999855,1.869935,0.132680,0.140522,0.052622,0.105634,0.434775,0.075398,1.248621,1.634188,0.354682
36.116667,2.000456,2.011270,2.034726,1.953654,2.003270,1.885838,1.999815,1.869929,0.132953,0.140679,0.053694,0.105565,0.438287,0.075136,1.256827,1.636399,0.355793
36.133333,2.000488,2.011103,2.034750,1.953580,2.003243,1.883362,1.999762,1.869878,0.133215,0.140572,0.055161,0.105272,0.440269,0.074951,1.266033,1.638109,0.357409
36.150000,2.000492,2.011195,2.034966,1.953754,2.003232,1.880992,1.999715,1.869858,0.133595,0.140255,0.057262,0.104714,0.441345,0.074777,1.272558,1.634375,0.357938
36.166667,2.000480,2.010940,2.035061,1.954758,2.003209,1.878534,1.999750,1.867769,0.133703,0.140500,0.059056,0.104496,0.435950,0.075246,1.276085,1.625006,0.357976
36.183333,2.000468,2.010812,2.035549,1.952740,2.003196,1.875886,1.999870,1.866937,0.133932,0.140712,0.058168,0.104304,0.421112,0.075867,1.285837,1.627741,0.358665
36.200000,2.000423,2.011138,2.036139,1.950571,2.003164,1.873412,2.000018,1.865472,0.133620,0.140740,0.055733,0.104103,0.404431,0.077302,1.304503,1.628298,0.362147
36.216667,2.000335,2.012044,2.036332,1.949925,2.003165,1.872054,2.000133,1.864280,0.131636,0.139117,0.052268,0.104221,0.389531,0.078856,1.336768,1.618442,0.374932
36.233333,2.000275,2.012964,2.036164,1.949808,2.003202,1.871406,2.000192,1.865552,0.130241,0.137857,0.049566,0.104233,0.381483,0.079409,1.360255,1.605839,0.386426
36.250000,2.000242,2.013495,2.036146,1.949769,2.003252,1.871072,2.000226,1.866494,0.129325,0.136917,0.048677,0.104199,0.378095,0.079840,1.372666,1.601054,0.394897
36.266667,2.000198,2.013945,2.036336,1.949910,2.003390,1.870280,2.000241,1.866975,0.128067,0.135702,0.050273,0.104580,0.376781,0.080097,1.377718,1.601954,0.403883
36.283333,2.000146,2.013833,2.036601,1.950429,2.003636,1.869635,2.000202,1.867216,0.126620,0.134772,0.051784,0.104876,0.376100,0.080280,1.369805,1.617529,0.419065
36.300000,2.000107,2.013574,2.036623,1.951124,2.003888,1.875200,2.000162,1.867344,0.125264,0.133660,0.053167,0.104527,0.375812,0.080549,1.360678,1.629139,0.437987
36.316667,2.000125,2.013036,2.037482,1.952004,2.004086,1.877092,2.000139,1.865423,0.124523,0.133131,0.053801,0.104442,0.375834,0.080762,1.319436,1.651408,0.447652
36.333333,2.000175,2.012548,2.036694,1.953062,2.004172,1.877195,2.000127,1.862077,0.124269,0.133038,0.054010,0.104529,0.376055,0.080961,1.269734,1.652572,0.447088
36.350000,2.000233,2.012097,2.035911,1.954634,2.004060,1.876519,2.000111,1.859984,0.124540,0.133765,0.053764,0.105045,0.376332,0.081270,1.252511,1.650281,0.431222
36.366667,2.000271,2.011764,2.035301,1.955755,2.003748,1.875688,2.000086,1.859932,0.124957,0.134951,0.053401,0.105312,0.391384,0.080541,1.246104,1.645935,0.410926
36.383333,2.000301,2.011222,2.035197,1.956180,2.003356,1.874863,2.000048,1.863172,0.125821,0.136795,0.052875,0.105555,0.414312,0.078888,1.240235,1.645657,0.386787
36.400000,2.000349,2.010805,2.034880,1.956750,2.003258,1.874580,2.000032,1.869220,0.127074,0.138222,0.052608,0.105609,0.432403,0.076980,1.236876,1.644367,0.365583
36.416667,2.000397,2.011090,2.034638,1.957428,2.003230,1.874405,2.000029,1.872388,0.127844,0.138920,0.052611,0.105473,0.442499,0.075812,1.242514,1.644985,0.356590
36.433333,2.000445,2.011501,2.034464,1.957949,2.003270,1.874307,2.000019,1.874072,0.128558,0.139186,0.053575,0.105175,0.448031,0.075115,1.243912,1.645901,0.355530
36.450000,2.000475,2.011477,2.034380,1.958557,2.003262,1.876561,1.999961,1.875004,0.129195,0.139149,0.054442,0.104771,0.451057,0.074756,1.252035,1.647155,0.354812
36.466667,2.000511,2.011274,2.034578,1.959139,2.003210,1.884340,1.999915,1.875521,0.129797,0.138298,0.056440,0.103750,0.452744,0.074638,1.260907,1.648917,0.354085
36.483333,2.000526,2.011468,2.034897,1.959647,2.003184,1.887983,1.999876,1.875831,0.130186,0.137885,0.059075,0.103406,0.453662,0.074504,1.266862,1.645524,0.353161
36.500000,2.000520,2.011760,2.034957,1.960159,2.003174,1.888881,1.999838,1.876041,0.130650,0.137704,0.061211,0.103212,0.454224,0.074357,1.269892,1.636139,0.351860
36.516667,2.000507,2.011678,2.035842,1.957788,2.003200,1.888183,1.999830,1.873796,0.131292,0.137742,0.059515,0.103087,0.455385,0.074649,1.279747,1.649349,0.351934
36.533333,2.000460,2.011953,2.036503,1.955322,2.003189,1.886461,1.999937,1.870838,0.131644,0.137867,0.057193,0.102990,0.444633,0.076245,1.294193,1.656724,0.352431
36.550000,2.000372,2.012708,2.036938,1.953570,2.003170,1.884813,2.000004,1.869376,0.131916,0.138052,0.054325,0.103021,0.433350,0.077541,1.324728,1.651662,0.352737
36.566667,2.000313,2.013493,2.036824,1.952613,2.003164,1.883912,2.000026,1.869880,0.132097,0.138162,0.052029,0.103050,0.425375,0.078281,1.345339,1.642096,0.352959
36.583333,2.000283,2.014025,2.036842,1.952086,2.003158,1.883450,2.000032,1.870948,0.132178,0.138276,0.051789,0.103252,0.419657,0.078661,1.355949,1.638901,0.353114
36.600000,2.000242,2.014449,2.036905,1.951808,2.003168,1.882630,2.000037,1.871942,0.132222,0.138360,0.052674,0.103471,0.417281,0.078776,1.361496,1.637758,0.353264
36.616667,2.000184,2.014336,2.037302,1.951973,2.003343,1.879077,2.000008,1.872477,0.131906,0.138416,0.053190,0.103271,0.416580,0.078872,1.353945,1.647639,0.361610
36.633333,2.000158,2.014024,2.037659,1.952592,2.003588,1.876799,1.999966,1.872008,0.130893,0.138204,0.053315,0.102990,0.416269,0.079000,1.343254,1.658123,0.379887
36.650000,2.000214,2.013646,2.037183,1.953040,2.003774,1.879627,1.999967,1.868393,0.130301,0.137216,0.053691,0.102678,0.416365,0.079265,1.316570,1.655321,0.390854
36.666667,2.000273,2.013257,2.036226,1.951988,2.003867,1.881795,1.999976,1.865289,0.130041,0.136364,0.054007,0.102454,0.416508,0.079520,1.272830,1.649116,0.397305
36.683333,2.000362,2.012722,2.035679,1.949437,2.003898,1.882223,1.999968,1.863721,0.129784,0.135199,0.053144,0.102481,0.418710,0.079639,1.260292,1.654530,0.401616
36.700000,2.000408,2.012452,2.035153,1.949709,2.003859,1.881965,1.999952,1.863816,0.130107,0.133116,0.052285,0.103051,0.435678,0.079121,1.256712,1.652794,0.393652
36.716667,2.000440,2.012078,2.035064,1.950682,2.003694,1.881404,1.999926,1.869233,0.132040,0.131582,0.051547,0.103488,0.458887,0.077518,1.255113,1.652588,0.375648
36.733333,2.000396,2.012127,2.035377,1.953442,2.003607,1.881262,1.999918,1.876091,0.131570,0.131887,0.051017,0.103821,0.479911,0.075687,1.252647,1.659079,0.374917
36.750000,2.000424,2.012399,2.035300,1.955039,2.003560,1.881320,1.999913,1.879692,0.131277,0.132068,0.050644,0.103990,0.491591,0.074612,1.250463,1.664490,0.374475
36.766667,2.000449,2.012738,2.035284,1.955814,2.003612,1.881354,1.999909,1.881604,0.131262,0.132130,0.051343,0.104042,0.498010,0.074005,1.243889,1.668070,0.378099
36.783333,2.000483,2.012552,2.035295,1.956138,2.003595,1.878810,1.999869,1.882688,0.131329,0.132145,0.052066,0.104059,0.501410,0.073611,1.250474,1.670776,0.381750
36.800000,2.000508,2.012465,2.035319,1.956262,2.003576,1.876799,1.999811,1.883359,0.131289,0.132136,0.053418,0.104339,0.503255,0.073283,1.258658,1.671014,0.384698
36.816667,2.000505,2.012796,2.035389,1.956307,2.003572,1.874793,1.999757,1.883745,0.131332,0.131905,0.054931,0.104327,0.504395,0.073033,1.263177,1.662180,0.387085
36.833333,2.000488,2.012561,2.035500,1.956329,2.003552,1.872453,1.999706,1.883991,0.131387,0.131665,0.056176,0.104119,0.505187,0.072952,1.265713,1.654169,0.388450
36.850000,2.000470,2.012302,2.035614,1.953479,2.003524,1.869777,1.999655,1.884236,0.131618,0.131475,0.056863,0.103851,0.506031,0.073393,1.270084,1.646536,0.389115
36.866667,2.000430,2.012447,2.035959,1.951460,2.003472,1.866688,1.999713,1.881647,0.131933,0.131433,0.055409,0.103714,0.500754,0.074307,1.291207,1.644522,0.387746
36.883333,2.000339,2.013248,2.036200,1.950040,2.003433,1.863857,1.999782,1.879889,0.132070,0.131724,0.052447,0.103761,0.489001,0.075374,1.326158,1.638612,0.386419
36.900000,2.000280,2.013845,2.036412,1.949248,2.003457,1.862370,1.999808,1.880244,0.132237,0.132046,0.050624,0.103862,0.480293,0.075996,1.346558,1.636322,0.387286
36.916667,2.000249,2.014161,2.036540,1.948782,2.003500,1.861576,1.999816,1.881269,0.132441,0.132217,0.049725,0.103944,0.473869,0.076373,1.357114,1.635787,0.389106
36.933333,2.000225,2.014440,2.036636,1.948531,2.003594,1.861166,1.999815,1.882241,0.132568,0.132224,0.049855,0.103941,0.469433,0.076533,1.362665,1.635811,0.390654
36.950000,2.000175,2.014291,2.036916,1.948459,2.003805,1.858822,1.999802,1.882915,0.132605,0.132087,0.050995,0.103841,0.466682,0.076536,1.355499,1.646467,0.391718
36.966667,2.000146,2.013989,2.037323,1.948434,2.003981,1.869159,1.999779,1.882720,0.132735,0.131275,0.052477,0.103000,0.465006,0.076791,1.345041,1.657781,0.392452
36.983333,2.000168,2.013637,2.038053,1.948435,2.004129,1.876690,1.999770,1.880861,0.132918,0.130413,0.053473,0.102074,0.464258,0.077078,1.330513,1.668854,0.392952
37.000000,2.000201,2.013202,2.036963,1.947958,2.004236,1.879755,1.999755,1.879850,0.133067,0.129927,0.053853,0.101542,0.463872,0.077276,1.298572,1.663967,0.393294
37.016667,2.000206,2.012906,2.035997,1.944925,2.004239,1.880692,1.999736,1.879307,0.133253,0.129653,0.053987,0.101242,0.463681,0.077428,1.261159,1.657638,0.393734
37.033333,2.000216,2.012771,2.035370,1.945380,2.004167,1.880632,1.999714,1.879650,0.134078,0.130564,0.053374,0.101420,0.475304,0.077180,1.259145,1.652859,0.385739
37.050000,2.000206,2.012766,2.035001,1.948570,2.003997,1.879807,1.999690,1.886437,0.134574,0.132636,0.053049,0.101947,0.496314,0.075398,1.255676,1.648081,0.376928
37.066667,2.000257,2.012545,2.034953,1.951143,2.003852,1.879371,1.999686,1.891428,0.134742,0.134230,0.052699,0.102353,0.513673,0.073934,1.247826,1.652792,0.373369
37.083333,2.000335,2.012237,2.034789,1.952930,2.003749,1.879292,1.999684,1.894047,0.134460,0.134094,0.052265,0.102239,0.523286,0.073115,1.246796,1.656277,0.371784
37.100000,2.000382,2.012189,2.034788,1.953830,2.003727,1.880346,1.999688,1.895566,0.134351,0.133775,0.052911,0.101790,0.527120,0.072561,1.243680,1.659587,0.374503
37.116667,2.000420,2.012036,2.034791,1.954292,2.003685,1.885102,1.999681,1.896106,0.134260,0.132713,0.054594,0.101125,0.530050,0.072295,1.248846,1.661731,0.377758
37.133333,2.000439,2.011962,2.034962,1.954500,2.003658,1.886659,1.999614,1.896254,0.134001,0.132010,0.056393,0.101076,0.532049,0.072128,1.256211,1.662010,0.380430
37.150000,2.000430,2.012274,2.035052,1.954587,2.003639,1.886464,1.999551,1.896323,0.133896,0.131619,0.057716,0.101065,0.533146,0.072020,1.260249,1.652879,0.382374
37.166667,2.000405,2.011979,2.035133,1.954640,2.003609,1.885247,1.999492,1.896402,0.133831,0.131401,0.058603,0.101077,0.533668,0.071942,1.262538,1.644486,0.383445
37.183333,2.000380,2.011683,2.035237,1.951865,2.003582,1.883315,1.999433,1.896549,0.134067,0.131248,0.059070,0.100973,0.534237,0.072263,1.266709,1.636581,0.383320
37.200000,2.000343,2.011937,2.035492,1.950003,2.003530,1.880806,1.999449,1.895575,0.134460,0.131281,0.057105,0.100989,0.530676,0.072806,1.293148,1.633724,0.380983
37.216667,2.000268,2.012771,2.036052,1.948355,2.003496,1.878400,1.999527,1.893625,0.134639,0.131862,0.053564,0.101357,0.519151,0.073720,1.329756,1.636437,0.379144
37.233333,2.000199,2.013503,2.036380,1.947455,2.003512,1.877107,1.999568,1.892986,0.134722,0.132390,0.051485,0.101631,0.512603,0.074227,1.350331,1.635638,0.379015
37.250000,2.000161,2.013881,2.036576,1.946907,2.003565,1.876408,1.999595,1.892794,0.134824,0.132656,0.050457,0.101783,0.509018,0.074505,1.361070,1.636125,0.381002
37.266667,2.000132,2.014118,2.036704,1.946602,2.003647,1.875409,1.999615,1.893278,0.134901,0.132766,0.050245,0.101813,0.505447,0.074636,1.366870,1.636721,0.382549
37.283333,2.000083,2.013925,2.036764,1.946466,2.003790,1.871231,1.999657,1.893994,0.134856,0.132689,0.051387,0.101718,0.502194,0.074595,1.360084,1.647348,0.383562
37.300000,2.000090,2.013555,2.036885,1.946406,2.003924,1.867759,1.999624,1.892115,0.134779,0.132507,0.052565,0.101627,0.500970,0.074582,1.349853,1.658359,0.384207
37.316667,2.000114,2.013197,2.037522,1.946389,2.004049,1.869672,1.999601,1.890605,0.134809,0.132416,0.053550,0.101526,0.501170,0.074610,1.338766,1.668862,0.384648
37.333333,2.000143,2.012702,2.036422,1.945883,2.004146,1.872692,1.999583,1.889778,0.134879,0.132391,0.054599,0.101453,0.501285,0.074660,1.309413,1.662444,0.384968
37.350000,2.000148,2.012158,2.035559,1.942788,2.004143,1.874293,1.999553,1.889345,0.134913,0.131764,0.054713,0.100881,0.501427,0.074825,1.276088,1.655718,0.385361
37.366667,2.000141,2.011946,2.034862,1.940051,2.004145,1.876593,1.999485,1.889797,0.135594,0.129684,0.054391,0.098544,0.517704,0.074782,1.263070,1.649355,0.385985
37.383333,2.000153,2.011498,2.034934,1.942356,2.004031,1.878289,1.999414,1.892020,0.136690,0.128711,0.053630,0.096499,0.541064,0.073950,1.253518,1.654279,0.377451
37.400000,2.000223,2.010998,2.035041,1.944469,2.003964,1.879264,1.999381,1.894841,0.137144,0.129076,0.053032,0.095695,0.559987,0.072879,1.240272,1.663458,0.374461
37.416667,2.000299,2.010660,2.034944,1.945697,2.003909,1.879313,1.999375,1.895985,0.137184,0.129024,0.052604,0.095398,0.570785,0.072201,1.232479,1.668476,0.373113
37.433333,2.000350,2.010592,2.034925,1.946245,2.003853,1.875803,1.999396,1.896437,0.137005,0.128875,0.053287,0.095314,0.577156,0.071807,1.223542,1.671648,0.374297
37.450000,2.000378,2.010590,2.034948,1.946702,2.003807,1.880032,1.999418,1.896678,0.136492,0.127568,0.055745,0.094342,0.580672,0.071562,1.226591,1.674106,0.377049
37.466667,2.000398,2.010593,2.035176,1.947032,2.003760,1.885951,1.999360,1.896879,0.135965,0.126641,0.057786,0.093976,0.582440,0.071415,1.231533,1.671390,0.380101
37.483333,2.000392,2.010905,2.035272,1.947176,2.003727,1.887980,1.999273,1.897031,0.135724,0.126133,0.059260,0.093772,0.583424,0.071296,1.233957,1.662671,0.382191
37.500000,2.000373,2.011058,2.035338,1.947253,2.003683,1.887903,1.999194,1.897509,0.135596,0.125859,0.060151,0.093678,0.583900,0.071150,1.235189,1.654114,0.383326
37.516667,2.000344,2.010761,2.035423,1.945826,2.003635,1.886630,1.999147,1.897760,0.135849,0.125708,0.060323,0.093516,0.582879,0.071433,1.244567,1.646402,0.381881
37.533333,2.000314,2.011196,2.035661,1.944362,2.003577,1.884484,1.999262,1.895049,0.136335,0.125722,0.057477,0.093471,0.573733,0.072245,1.276698,1.644465,0.378998
37.550000,2.000246,2.012153,2.036221,1.943399,2.003532,1.881479,1.999399,1.892206,0.136575,0.126069,0.054029,0.093876,0.558480,0.073353,1.313905,1.644246,0.376759
37.566667,2.000187,2.012858,2.036581,1.942807,2.003559,1.879043,1.999475,1.891476,0.136571,0.126401,0.052175,0.094257,0.549157,0.074047,1.334857,1.642562,0.378191
37.583333,2.000157,2.013230,2.036795,1.942436,2.003617,1.877771,1.999500,1.892919,0.136524,0.126732,0.051281,0.094534,0.544654,0.074224,1.345814,1.642464,0.381204
37.600000,2.000132,2.013429,2.036918,1.942229,2.003687,1.876459,1.999521,1.894093,0.136469,0.126959,0.050814,0.094724,0.542094,0.074345,1.351697,1.642602,0.383772
37.616667,2.000096,2.013054,2.036924,1.942184,2.003877,1.871843,1.999599,1.894101,0.136449,0.127131,0.050398,0.094837,0.540752,0.074458,1.344616,1.652576,0.385542
37.633333,2.000099,2.012699,2.037066,1.942215,2.004066,1.867989,1.999591,1.893047,0.136312,0.126536,0.052014,0.093926,0.540083,0.074465,1.334366,1.663399,0.387910
37.650000,2.000098,2.012397,2.037188,1.942267,2.004207,1.876576,1.999587,1.892395,0.136451,0.126382,0.054054,0.093301,0.539731,0.074507,1.322816,1.667559,0.389554
37.666667,2.000098,2.011943,2.036076,1.941786,2.004303,1.880768,1.999576,1.892039,0.136573,0.126348,0.055942,0.092965,0.539551,0.074552,1.292940,1.657124,0.390501
37.683333,2.000111,2.011184,2.035281,1.938561,2.004297,1.882032,1.999565,1.889590,0.136803,0.126632,0.056492,0.093049,0.539845,0.074868,1.261038,1.655370,0.391254
37.700000,2.000171,2.010664,2.034634,1.938590,2.004186,1.881910,1.999556,1.883274,0.138346,0.127687,0.056019,0.094483,0.567490,0.074282,1.257377,1.659201,0.380979
37.716667,2.000236,2.010051,2.034442,1.942852,2.004043,1.880880,1.999530,1.884117,0.137977,0.130610,0.055286,0.096936,0.595715,0.073104,1.253577,1.661037,0.375135
37.733333,2.000332,2.009477,2.034803,1.946421,2.003930,1.880295,1.999530,1.885373,0.137194,0.132014,0.054492,0.098544,0.611601,0.072262,1.250748,1.668224,0.373105
37.750000,2.000401,2.009180,2.035169,1.948505,2.003853,1.879531,1.999546,1.885657,0.136808,0.132806,0.053999,0.099229,0.620448,0.071710,1.246673,1.675643,0.372015
37.766667,2.000446,2.009236,2.035327,1.949552,2.003733,1.875536,1.999594,1.885501,0.136140,0.132478,0.055782,0.099183,0.625354,0.071298,1.236617,1.679327,0.371313
37.783333,2.000444,2.009587,2.035170,1.950032,2.003704,1.874446,1.999629,1.885655,0.136066,0.131541,0.058689,0.097864,0.628132,0.070954,1.241428,1.674086,0.372431
37.800000,2.000416,2.010177,2.035115,1.950202,2.003716,1.875014,1.999585,1.886130,0.136201,0.131014,0.061350,0.097075,0.629367,0.070727,1.244144,1.661280,0.374607
37.816667,2.000382,2.010542,2.035137,1.950249,2.003724,1.874140,1.999509,1.886392,0.136232,0.130606,0.063373,0.096710,0.630048,0.070592,1.245547,1.650277,0.376415
37.833333,2.000349,2.010254,2.035191,1.950271,2.003710,1.872383,1.999439,1.886551,0.136249,0.130389,0.064752,0.096522,0.630372,0.070508,1.242935,1.640746,0.377446
37.850000,2.000320,2.010176,2.035395,1.948264,2.003680,1.869976,1.999375,1.886679,0.136747,0.130359,0.064640,0.096454,0.630451,0.070459,1.243411,1.632857,0.374704
37.866667,2.000288,2.010794,2.035539,1.945720,2.003630,1.866911,1.999458,1.884297,0.137203,0.130456,0.061286,0.096500,0.624083,0.070805,1.274460,1.623441,0.373229
37.883333,2.000250,2.011789,2.035802,1.944063,2.003589,1.863082,1.999577,1.885413,0.137584,0.130700,0.057294,0.096742,0.609509,0.070764,1.313235,1.612842,0.372413
37.900000,2.000221,2.012596,2.035863,1.943142,2.003568,1.860040,1.999631,1.887825,0.137846,0.130961,0.054968,0.097077,0.598676,0.070849,1.338031,1.602168,0.371959
37.916667,2.000208,2.013051,2.035947,1.942627,2.003555,1.858444,1.999657,1.889680,0.137967,0.131073,0.054328,0.097358,0.593711,0.071240,1.351116,1.597769,0.371679
37.933333,2.000182,2.013318,2.036035,1.942340,2.003649,1.857560,1.999672,1.890759,0.137796,0.131240,0.054565,0.097540,0.591327,0.071874,1.358136,1.595935,0.375079
37.950000,2.000171,2.013020,2.036007,1.942221,2.003798,1.854883,1.999706,1.893619,0.137700,0.131358,0.054485,0.097751,0.574758,0.072701,1.351886,1.605671,0.377268
37.966667,2.000201,2.012641,2.035999,1.942179,2.003937,1.853941,1.999684,1.896249,0.137372,0.131189,0.055859,0.097973,0.551531,0.073573,1.342237,1.616570,0.378594
37.983333,2.000229,2.012317,2.036316,1.942392,2.004133,1.861005,1.999659,1.897929,0.136408,0.131484,0.057487,0.098375,0.536430,0.074181,1.331674,1.627047,0.386635
38.000000,2.000236,2.011902,2.035941,1.942087,2.004319,1.863698,1.999631,1.899081,0.135268,0.131339,0.059170,0.099260,0.527476,0.074628,1.315059,1.627310,0.393986
38.016667,2.000239,2.011526,2.035065,1.939026,2.004374,1.863969,1.999609,1.897720,0.134741,0.131134,0.060594,0.099769,0.522506,0.074958,1.289110,1.615065,0.398642
38.033333,2.000261,2.010829,2.034905,1.939208,2.004288,1.863566,1.999591,1.892077,0.135570,0.130140,0.059633,0.099750,0.520206,0.075347,1.272898,1.619838,0.390105
38.050000,2.000282,2.010152,2.035133,1.943391,2.004159,1.864300,1.999558,1.888363,0.134833,0.131194,0.058488,0.100210,0.521550,0.076013,1.251771,1.630185,0.385449
38.066667,2.000337,2.009628,2.035587,1.946740,2.004006,1.865147,1.999544,1.886652,0.133973,0.131613,0.057530,0.100613,0.525479,0.075847,1.236111,1.643752,0.382069
38.083333,2.000385,2.009352,2.035534,1.948830,2.003912,1.865815,1.999538,1.885836,0.133380,0.131547,0.057010,0.100578,0.527095,0.075642,1.227986,1.648360,0.380430
38.100000,2.000421,2.009345,2.035571,1.949917,2.003786,1.866117,1.999568,1.885475,0.132964,0.130962,0.058381,0.099988,0.527512,0.075436,1.215589,1.651224,0.379527
38.116667,2.000418,2.009428,2.035677,1.950696,2.003708,1.874304,1.999592,1.885315,0.132150,0.129251,0.061570,0.098920,0.527716,0.075305,1.221359,1.653059,0.382166
38.133333,2.000392,2.009870,2.035778,1.951021,2.003689,1.877363,1.999522,1.885292,0.131790,0.128301,0.064346,0.098303,0.527803,0.075194,1.226290,1.645215,0.384965
38.150000,2.000359,2.010166,2.035893,1.951156,2.003672,1.877799,1.999450,1.885311,0.131638,0.127773,0.066363,0.097949,0.527845,0.075112,1.228845,1.635361,0.386865
38.166667,2.000321,2.009806,2.035996,1.951230,2.003639,1.876726,1.999383,1.885342,0.131561,0.127483,0.067685,0.097751,0.527878,0.075053,1.228662,1.626466,0.387898
38.183333,2.000293,2.009811,2.036117,1.947667,2.003623,1.874680,1.999318,1.885375,0.131774,0.127372,0.067149,0.097658,0.527922,0.075003,1.233406,1.617590,0.389117
38.200000,2.000259,2.010490,2.036258,1.945131,2.003578,1.871891,1.999396,1.885051,0.132214,0.127415,0.063402,0.097640,0.522866,0.074849,1.265868,1.607699,0.387981
38.216667,2.000223,2.011557,2.036260,1.943957,2.003536,1.868210,1.999538,1.886778,0.132724,0.127560,0.059394,0.097863,0.511890,0.074619,1.305775,1.592745,0.386612
38.233333,2.000196,2.012363,2.036302,1.943355,2.003513,1.865312,1.999612,1.888898,0.133078,0.127678,0.057117,0.098197,0.505366,0.074547,1.332409,1.581327,0.385981
38.250000,2.000183,2.012818,2.036371,1.943007,2.003523,1.863818,1.999655,1.890263,0.133153,0.127763,0.056538,0.098446,0.502163,0.074909,1.346495,1.576259,0.387084
38.266667,2.000157,2.013079,2.036324,1.942802,2.003613,1.862993,1.999664,1.892016,0.133024,0.127874,0.056781,0.098656,0.498625,0.075551,1.354130,1.573841,0.390390
38.283333,2.000120,2.012789,2.036246,1.942722,2.003751,1.860438,1.999700,1.893403,0.132813,0.127790,0.057186,0.098807,0.496444,0.075874,1.348306,1.583773,0.392461
38.300000,2.000125,2.012426,2.036277,1.942700,2.003883,1.855607,1.999687,1.892662,0.132455,0.127427,0.058651,0.098784,0.495192,0.076002,1.338764,1.595070,0.393694
38.316667,2.000145,2.012027,2.036406,1.942708,2.004006,1.854703,1.999652,1.892425,0.132329,0.127393,0.059863,0.098787,0.491726,0.076157,1.328183,1.605703,0.394478
38.333333,2.000163,2.011577,2.036685,1.942207,2.004098,1.860406,1.999650,1.893012,0.132431,0.127666,0.061197,0.098907,0.484930,0.076481,1.308905,1.614410,0.395021
38.350000,2.000171,2.011045,2.036024,1.939033,2.004105,1.862906,1.999644,1.891251,0.132473,0.127749,0.062683,0.099096,0.481240,0.076754,1.272879,1.613067,0.395878
38.366667,2.000179,2.010399,2.035550,1.941476,2.003980,1.863190,1.999640,1.883630,0.133092,0.128542,0.062522,0.099823,0.480038,0.077357,1.253882,1.612935,0.383090
38.383333,2.000214,2.009588,2.035915,1.945872,2.003834,1.861935,1.999624,1.879277,0.132420,0.130836,0.061173,0.101611,0.493056,0.077031,1.234776,1.626652,0.377461
38.400000,2.000285,2.008995,2.036135,1.949662,2.003685,1.861254,1.999617,1.877063,0.131673,0.132490,0.060037,0.102639,0.500029,0.076647,1.218564,1.639388,0.374910
38.416667,2.000342,2.008678,2.036122,1.951999,2.003610,1.861132,1.999614,1.875967,0.130811,0.133018,0.059385,0.103660,0.503474,0.076335,1.209330,1.645247,0.374003
38.433333,2.000385,2.008613,2.036202,1.953247,2.003488,1.861003,1.999665,1.875126,0.129721,0.132780,0.060890,0.104514,0.505967,0.076057,1.201513,1.648800,0.373481
38.450000,2.000385,2.008563,2.036277,1.954087,2.003385,1.868662,1.999721,1.874548,0.128644,0.132315,0.062548,0.105319,0.507623,0.075923,1.208295,1.650819,0.375199
38.466667,2.000359,2.008951,2.035983,1.954468,2.003357,1.872947,1.999685,1.874258,0.128002,0.132075,0.064809,0.105872,0.508522,0.075843,1.213566,1.639137,0.378390
38.483333,2.000323,2.008984,2.035987,1.954643,2.003334,1.873968,1.999613,1.874120,0.127715,0.131897,0.066578,0.106089,0.509006,0.075788,1.216376,1.626572,0.380513
38.500000,2.000285,2.008646,2.036020,1.953901,2.003308,1.873163,1.999546,1.874059,0.127678,0.131737,0.067726,0.106039,0.509268,0.075747,1.216343,1.615938,0.381845
38.516667,2.000267,2.008588,2.036118,1.950332,2.003292,1.871213,1.999502,1.873178,0.127884,0.131689,0.067414,0.106047,0.509565,0.075746,1.216799,1.608167,0.383163
38.533333,2.000244,2.009242,2.036315,1.946976,2.003267,1.868504,1.999640,1.873896,0.128241,0.131750,0.064163,0.106074,0.501177,0.075484,1.245349,1.597689,0.384175
38.550000,2.000219,2.010311,2.036190,1.944579,2.003240,1.864888,1.999795,1.875738,0.128700,0.131900,0.060695,0.106270,0.490218,0.075294,1.281432,1.578786,0.384904
38.566667,2.000197,2.011097,2.036021,1.943285,2.003218,1.861979,1.999884,1.877551,0.129036,0.132056,0.058772,0.106476,0.484267,0.075261,1.303749,1.565043,0.385310
38.583333,2.000184,2.011535,2.035999,1.942568,2.003203,1.860479,1.999917,1.879940,0.129198,0.132104,0.058307,0.106672,0.480407,0.075543,1.315603,1.559148,0.385495
38.600000,2.000157,2.011781,2.035903,1.942181,2.003223,1.859653,1.999918,1.882562,0.129253,0.132077,0.058646,0.106847,0.477178,0.076040,1.322044,1.556114,0.385600
38.616667,2.000121,2.011530,2.035885,1.942056,2.003348,1.857080,1.999954,1.884132,0.128744,0.131090,0.060562,0.106048,0.475109,0.076342,1.315417,1.566397,0.389410
38.633333,2.000126,2.011158,2.035934,1.942024,2.003468,1.851975,1.999945,1.883406,0.128259,0.130243,0.062573,0.105447,0.473929,0.076501,1.305181,1.578013,0.391882
38.650000,2.000139,2.010759,2.036065,1.942100,2.003592,1.859713,1.999940,1.882849,0.128014,0.130517,0.064103,0.105498,0.473291,0.076693,1.294147,1.588873,0.395705
38.666667,2.000147,2.010329,2.036739,1.941805,2.003729,1.863032,1.999929,1.882742,0.127346,0.130455,0.065184,0.105368,0.470613,0.076942,1.275672,1.602069,0.403875
38.683333,2.000153,2.009797,2.036686,1.940373,2.003723,1.865623,1.999924,1.880642,0.127430,0.130288,0.066158,0.104998,0.467804,0.077296,1.240897,1.607850,0.403722
38.700000,2.000148,2.009368,2.036177,1.942180,2.003542,1.865809,1.999921,1.872910,0.128883,0.129826,0.066694,0.104668,0.466743,0.077646,1.215576,1.601562,0.385654
38.716667,2.000144,2.008934,2.035999,1.945755,2.003364,1.864438,1.999911,1.868160,0.129057,0.129627,0.066212,0.104994,0.466361,0.078142,1.193508,1.603326,0.374361
38.733333,2.000172,2.008711,2.035927,1.949524,2.003251,1.865558,1.999913,1.865908,0.128031,0.129367,0.065460,0.105129,0.468075,0.078084,1.182179,1.607160,0.372499
38.750000,2.000222,2.008516,2.035634,1.951722,2.003179,1.865969,1.999926,1.864780,0.127443,0.129221,0.064851,0.105143,0.468510,0.077920,1.183801,1.606819,0.371491
38.766667,2.000264,2.008443,2.035476,1.952862,2.003079,1.862597,1.999971,1.864242,0.127106,0.129130,0.064569,0.105134,0.468324,0.077749,1.178228,1.606792,0.370877
38.783333,2.000291,2.008418,2.035469,1.953463,2.003011,1.867153,2.000023,1.863975,0.126901,0.128904,0.066129,0.104966,0.468141,0.077594,1.182486,1.607585,0.370508
38.800000,2.000268,2.008516,2.035670,1.953661,2.003001,1.868527,1.999992,1.863884,0.126881,0.128784,0.068039,0.104850,0.468007,0.077469,1.189530,1.606982,0.371805
38.816667,2.000227,2.008293,2.035820,1.953750,2.002988,1.867953,1.999933,1.863873,0.126904,0.128739,0.069661,0.104778,0.467922,0.077374,1.193744,1.596667,0.372789
38.833333,2.000194,2.007990,2.035925,1.953804,2.002972,1.869945,1.999849,1.862477,0.126915,0.128694,0.070723,0.104743,0.468242,0.077384,1.192918,1.586912,0.373336
38.850000,2.000179,2.008100,2.036010,1.950864,2.002972,1.871447,1.999795,1.863170,0.127175,0.128733,0.069496,0.104720,0.466839,0.077306,1.200079,1.581027,0.374174
38.866667,2.000172,2.008700,2.036038,1.947726,2.002952,1.870583,1.999772,1.863963,0.127550,0.128877,0.066544,0.104762,0.464882,0.077213,1.218310,1.572556,0.374906
38.883333,2.000151,2.009790,2.036022,1.945525,2.002919,1.868120,1.999851,1.865499,0.128009,0.129232,0.063352,0.104973,0.459290,0.076875,1.251080,1.555209,0.375454
38.900000,2.000139,2.010609,2.035833,1.944384,2.002888,1.865730,1.999912,1.866564,0.128414,0.129749,0.061751,0.105187,0.456311,0.076656,1.271649,1.541090,0.375745
38.916667,2.000136,2.011061,2.035776,1.943718,2.002924,1.864444,1.999931,1.868463,0.128455,0.129980,0.061491,0.105320,0.454419,0.076872,1.282623,1.534499,0.379323
38.933333,2.000115,2.011313,2.035673,1.943369,2.002997,1.863748,1.999928,1.870502,0.128335,0.129818,0.062057,0.105220,0.452967,0.077218,1.288611,1.531065,0.382483
38.950000,2.000104,2.011027,2.035729,1.943275,2.003141,1.859593,2.000008,1.869798,0.127835,0.128646,0.064679,0.104322,0.452258,0.077362,1.281519,1.542160,0.385543
38.966667,2.000139,2.010573,2.035868,1.943249,2.003268,1.854648,2.000055,1.867206,0.127429,0.127720,0.066957,0.103639,0.451907,0.077443,1.272327,1.555572,0.387364
38.983333,2.000178,2.010015,2.036656,1.943403,2.003422,1.857292,2.000041,1.865315,0.126957,0.127709,0.068235,0.103447,0.451725,0.077562,1.258343,1.573217,0.393490
39.000000,2.000195,2.009338,2.036597,1.943598,2.003580,1.862609,2.000042,1.864269,0.126597,0.128084,0.069494,0.103442,0.451639,0.077672,1.244517,1.582317,0.400149
39.016667,2.000211,2.008629,2.036132,1.941061,2.003626,1.864094,2.000025,1.863696,0.126464,0.128160,0.070414,0.103413,0.451604,0.077753,1.237067,1.578733,0.404445
39.033333,2.000219,2.008044,2.035708,1.941129,2.003551,1.863582,1.999995,1.863384,0.127316,0.127528,0.070486,0.103496,0.451596,0.077856,1.225936,1.575341,0.395706
39.050000,2.000225,2.007574,2.035660,1.944808,2.003442,1.861784,1.999974,1.861227,0.127286,0.128458,0.069753,0.104861,0.457681,0.077913,1.198610,1.580031,0.388565
39.066667,2.000274,2.007155,2.036199,1.948262,2.003358,1.860782,1.999962,1.859383,0.126247,0.129257,0.068543,0.105842,0.462841,0.077608,1.182568,1.594637,0.388366
39.083333,2.000329,2.006874,2.036150,1.950187,2.003277,1.858152,1.999988,1.858484,0.125659,0.129706,0.067790,0.106331,0.465253,0.077296,1.178092,1.599635,0.388212
39.100000,2.000371,2.006815,2.036199,1.951169,2.003175,1.852796,2.000067,1.857699,0.125060,0.129692,0.068698,0.106624,0.467270,0.077004,1.168113,1.602910,0.388005
39.116667,2.000387,2.006755,2.036350,1.951686,2.003095,1.856025,2.000155,1.857118,0.124889,0.129652,0.070296,0.106547,0.468710,0.076823,1.172342,1.606025,0.387907
39.133333,2.000366,2.006968,2.036141,1.951866,2.003062,1.857235,2.000137,1.856845,0.124864,0.129635,0.072028,0.106494,0.469466,0.076713,1.178680,1.599216,0.388760
39.150000,2.000327,2.006790,2.036115,1.951916,2.003051,1.856460,2.000084,1.856728,0.124867,0.129592,0.073928,0.106497,0.469866,0.076638,1.182099,1.585115,0.389851
39.166667,2.000292,2.006581,2.036157,1.951968,2.003037,1.860128,2.000055,1.856663,0.124796,0.129438,0.074903,0.106535,0.466878,0.076541,1.187433,1.573264,0.390532
39.183333,2.000283,2.006777,2.036227,1.950065,2.003037,1.865229,2.000047,1.857896,0.124969,0.129379,0.073158,0.106522,0.462141,0.076433,1.198836,1.567223,0.391299
39.200000,2.000272,2.007549,2.036258,1.946834,2.003047,1.867919,2.000004,1.860429,0.125375,0.129406,0.069818,0.106443,0.456066,0.076724,1.224121,1.559250,0.392179
39.216667,2.000249,2.008623,2.036441,1.944700,2.003064,1.869466,1.999976,1.860930,0.125803,0.129415,0.067075,0.106418,0.450405,0.077146,1.251531,1.542177,0.392779
39.233333,2.000233,2.009381,2.036422,1.943579,2.003067,1.870303,1.999978,1.860636,0.126068,0.129396,0.065783,0.106425,0.446955,0.077498,1.266785,1.528146,0.393068
39.250000,2.000219,2.009784,2.036426,1.942963,2.003066,1.870604,1.999981,1.860488,0.126213,0.129365,0.065135,0.106424,0.445131,0.077733,1.274954,1.521614,0.393197
39.266667,2.000191,2.010026,2.036404,1.942681,2.003164,1.870120,2.000002,1.860431,0.125939,0.128430,0.066183,0.105407,0.444235,0.077927,1.279482,1.518512,0.398051
39.283333,2.000153,2.009715,2.036438,1.942672,2.003338,1.865827,2.000075,1.860381,0.125658,0.126673,0.068272,0.103434,0.443859,0.078091,1.271531,1.529246,0.403114
39.300000,2.000152,2.009327,2.036603,1.942739,2.003493,1.861598,2.000161,1.858759,0.125426,0.124811,0.071694,0.101196,0.443749,0.078208,1.260517,1.541703,0.407609
39.316667,2.000173,2.008881,2.036688,1.942826,2.003628,1.864927,2.000182,1.856838,0.125508,0.124190,0.074146,0.100000,0.443713,0.078361,1.248934,1.553147,0.410595
39.333333,2.000194,2.008352,2.037376,1.942901,2.003748,1.869203,2.000172,1.855745,0.125667,0.124184,0.075479,0.099518,0.441704,0.078581,1.231516,1.567934,0.412410
39.350000,2.000200,2.007811,2.037617,1.940302,2.003765,1.870082,2.000147,1.855149,0.125885,0.123815,0.075933,0.099194,0.439910,0.078749,1.213666,1.577274,0.414038
39.366667,2.000199,2.007348,2.037112,1.941767,2.003638,1.869215,2.000116,1.854867,0.127401,0.123325,0.076056,0.099650,0.439141,0.079076,1.196953,1.570307,0.396300
39.383333,2.000202,2.006934,2.036922,1.947006,2.003516,1.867215,2.000089,1.852248,0.126111,0.125095,0.074713,0.101577,0.447772,0.078640,1.174213,1.572524,0.393651
39.400000,2.000234,2.006735,2.036814,1.951200,2.003422,1.865932,2.000087,1.849855,0.124750,0.126009,0.073493,0.102775,0.453171,0.078254,1.161963,1.575687,0.395248
39.416667,2.000298,2.006495,2.036555,1.953584,2.003333,1.864758,2.000115,1.848419,0.123920,0.126477,0.072566,0.103339,0.456556,0.078031,1.162778,1.576881,0.396373
39.433333,2.000348,2.006372,2.036417,1.954792,2.003185,1.859936,2.000187,1.847637,0.123455,0.126759,0.072031,0.103673,0.458396,0.077907,1.160536,1.577921,0.396902
39.450000,2.000376,2.006318,2.036448,1.955388,2.003105,1.856345,2.000240,1.847273,0.122926,0.126592,0.073654,0.103889,0.458924,0.077723,1.165315,1.579517,0.397654
39.466667,2.000353,2.006410,2.036535,1.955565,2.003096,1.857185,2.000256,1.847137,0.122938,0.126626,0.075949,0.103838,0.459021,0.077573,1.172486,1.578962,0.400041
39.483333,2.000313,2.006169,2.036691,1.955628,2.003089,1.857364,2.000186,1.846448,0.122988,0.126654,0.077987,0.103804,0.459198,0.077491,1.176802,1.568100,0.401720
39.500000,2.000291,2.006013,2.036801,1.955666,2.003077,1.863100,2.000197,1.847473,0.123042,0.126631,0.078478,0.103721,0.454365,0.077335,1.181088,1.558943,0.402658
39.516667,2.000283,2.006380,2.036685,1.953735,2.003075,1.869782,2.000196,1.850469,0.123272,0.126647,0.076727,0.103685,0.449445,0.076637,1.194325,1.548638,0.403608
39.533333,2.000281,2.007049,2.036660,1.950510,2.003079,1.876359,2.000146,1.855463,0.123616,0.126682,0.074125,0.103682,0.444909,0.075386,1.212099,1.537320,0.404614
39.550000,2.000263,2.008117,2.036707,1.948319,2.003092,1.879516,2.000095,1.858273,0.124053,0.126999,0.071186,0.103736,0.441523,0.074759,1.239749,1.518722,0.405265
39.566667,2.000250,2.008892,2.036683,1.947150,2.003098,1.878721,2.000120,1.859985,0.124384,0.127397,0.069645,0.103770,0.440224,0.074392,1.257621,1.505425,0.405559
39.583333,2.000233,2.009310,2.036682,1.946508,2.003107,1.875877,2.000179,1.860910,0.124596,0.127745,0.068952,0.103776,0.439624,0.074194,1.267187,1.498983,0.405668
39.600000,2.000202,2.009615,2.036627,1.946174,2.003161,1.872187,2.000243,1.861396,0.124700,0.127297,0.069384,0.103232,0.439402,0.074265,1.276489,1.495784,0.405765
39.616667,2.000162,2.009490,2.036727,1.946045,2.003318,1.868535,2.000305,1.861685,0.124487,0.126058,0.072660,0.102126,0.439422,0.074378,1.276354,1.506157,0.409004
39.633333,2.000171,2.009196,2.036883,1.945984,2.003478,1.864842,2.000396,1.859566,0.124517,0.124841,0.076419,0.100343,0.439519,0.074511,1.269860,1.517795,0.412530
39.650000,2.000199,2.008696,2.037123,1.945998,2.003615,1.864447,2.000438,1.858038,0.124536,0.124056,0.079245,0.099249,0.437602,0.074707,1.261509,1.532588,0.414880
39.666667,2.000224,2.008137,2.037740,1.946055,2.003735,1.872707,2.000441,1.857127,0.124525,0.123633,0.082204,0.098899,0.433643,0.075017,1.247978,1.548964,0.416371
39.683333,2.000232,2.007609,2.038456,1.943504,2.003776,1.875646,2.000423,1.856632,0.124679,0.122966,0.083374,0.098664,0.431541,0.075250,1.232947,1.563179,0.417944
39.700000,2.000234,2.007035,2.038319,1.946262,2.003730,1.875907,2.000396,1.856459,0.125227,0.122809,0.083492,0.099176,0.430821,0.075993,1.212082,1.567360,0.407766
39.716667,2.000234,2.006634,2.037628,1.951136,2.003598,1.874920,2.000376,1.853612,0.124178,0.123900,0.083591,0.100367,0.430820,0.076737,1.192072,1.557651,0.405016
39.733333,2.000275,2.006377,2.037240,1.955469,2.003498,1.874241,2.000367,1.851251,0.122560,0.124414,0.082630,0.101557,0.434630,0.076473,1.185962,1.555070,0.408962
39.750000,2.000350,2.006033,2.036775,1.958231,2.003422,1.871745,2.000404,1.850051,0.121301,0.124669,0.081532,0.102329,0.436087,0.076204,1.193110,1.552091,0.414630
39.766667,2.000405,2.005852,2.036496,1.959666,2.003313,1.866833,2.000482,1.849467,0.120589,0.124888,0.080884,0.102753,0.436460,0.075960,1.193409,1.550902,0.417604
39.783333,2.000446,2.005700,2.036334,1.960424,2.003241,1.863542,2.000538,1.849173,0.120209,0.125009,0.080383,0.102976,0.436642,0.075778,1.196051,1.550815,0.419237
39.800000,2.000445,2.005426,2.036249,1.960780,2.003194,1.862119,2.000548,1.849062,0.120111,0.125126,0.080342,0.103048,0.436764,0.075650,1.199876,1.551076,0.420472
39.816667,2.000419,2.004678,2.036475,1.960841,2.003192,1.861669,2.000481,1.848428,0.120206,0.125215,0.081839,0.103052,0.436975,0.075570,1.203372,1.545723,0.422163
39.833333,2.000403,2.004761,2.036500,1.960882,2.003187,1.866177,2.000430,1.846801,0.120285,0.125256,0.082361,0.103111,0.435953,0.075737,1.216902,1.533760,0.423113
39.850000,2.000398,2.005435,2.036257,1.957738,2.003206,1.873388,2.000427,1.851467,0.120621,0.125337,0.080533,0.103148,0.431172,0.074768,1.240477,1.519670,0.424379
39.866667,2.000377,2.006447,2.035761,1.954729,2.003221,1.880368,2.000376,1.856122,0.120993,0.125504,0.077794,0.103329,0.426462,0.073843,1.275695,1.502093,0.425382
39.883333,2.000329,2.007578,2.035835,1.952726,2.003195,1.884638,2.000306,1.858408,0.121364,0.125688,0.074927,0.103489,0.422717,0.073378,1.303560,1.483672,0.426121
39.900000,2.000262,2.008403,2.035706,1.951651,2.003191,1.885170,2.000308,1.859910,0.121641,0.126010,0.073707,0.103596,0.421248,0.073120,1.314927,1.467701,0.426483
39.916667,2.000222,2.008844,2.035667,1.951050,2.003200,1.881665,2.000373,1.860722,0.121835,0.126379,0.073113,0.103648,0.420566,0.072986,1.320953,1.460418,0.426606
39.933333,2.000180,2.009108,2.035813,1.950717,2.003225,1.877953,2.000442,1.861149,0.121915,0.126720,0.073671,0.103670,0.420250,0.072919,1.325537,1.460067,0.426631
39.950000,2.000142,2.008794,2.036172,1.950567,2.003326,1.874318,2.000504,1.861399,0.121973,0.125289,0.076564,0.102375,0.420267,0.073119,1.326420,1.476301,0.426742
39.966667,2.000141,2.008318,2.036450,1.950510,2.003448,1.870686,2.000581,1.860815,0.121997,0.124034,0.080020,0.100996,0.420279,0.073218,1.320245,1.492067,0.428753
39.983333,2.000164,2.007627,2.036778,1.950504,2.003577,1.866989,2.000606,1.860366,0.122032,0.123322,0.082130,0.100016,0.416205,0.073466,1.311218,1.510867,0.431210
40.000000,2.000182,2.007040,2.037588,1.949133,2.003649,1.863239,2.000557,1.860140,0.122079,0.122801,0.083944,0.099299,0.412499,0.073674,1.290843,1.528473,0.433052
40.016667,2.000193,2.006424,2.038359,1.947479,2.003603,1.859534,2.000524,1.857260,0.122364,0.122413,0.084645,0.098901,0.410667,0.073898,1.256154,1.546002,0.427222
40.033333,2.000191,2.005776,2.038266,1.950794,2.003497,1.855902,2.000513,1.848498,0.122881,0.123111,0.084477,0.099730,0.410465,0.074611,1.225768,1.551657,0.411119
40.050000,2.000192,2.005242,2.037635,1.955928,2.003345,1.852443,2.000485,1.843304,0.121883,0.124664,0.084226,0.101220,0.416608,0.074611,1.204891,1.544181,0.405035
40.066667,2.000251,2.004823,2.037567,1.960338,2.003259,1.850363,2.000469,1.840635,0.120246,0.125511,0.082855,0.102734,0.421753,0.074294,1.195963,1.547768,0.408587
40.083333,2.000329,2.004403,2.037267,1.963163,2.003191,1.848508,2.000480,1.839266,0.118926,0.125956,0.081580,0.103765,0.424014,0.073987,1.202834,1.547900,0.414230
40.100000,2.000387,2.004173,2.037096,1.964572,2.003047,1.845276,2.000566,1.838589,0.118311,0.126367,0.080818,0.104263,0.424839,0.073732,1.204297,1.548810,0.417270
40.116667,2.000428,2.004005,2.037004,1.965421,2.002940,1.852796,2.000682,1.838246,0.118070,0.126201,0.080337,0.104578,0.425274,0.073591,1.206997,1.550044,0.419568
40.133333,2.000427,2.003901,2.036982,1.965881,2.002868,1.857122,2.000762,1.838084,0.117869,0.125811,0.080666,0.104802,0.425539,0.073482,1.210991,1.551223,0.421434
40.150000,2.000398,2.003981,2.037107,1.965992,2.002854,1.859256,2.000721,1.837777,0.117884,0.125434,0.083333,0.104782,0.426072,0.073861,1.243089,1.546446,0.423665
40.166667,2.000396,2.004325,2.037293,1.964249,2.002857,1.865079,2.000678,1.836367,0.118043,0.125152,0.084756,0.104688,0.424604,0.074136,1.259576,1.537582,0.425397
40.183333,2.000399,2.005107,2.037114,1.961260,2.002864,1.873291,2.000681,1.842149,0.118342,0.125078,0.083652,0.104771,0.416238,0.073914,1.284922,1.523999,0.426873
40.200000,2.000383,2.006307,2.036815,1.958535,2.002875,1.880345,2.000629,1.846028,0.118708,0.125163,0.080534,0.104955,0.409713,0.073711,1.319809,1.509529,0.428007
40.216667,2.000305,2.007548,2.036744,1.956639,2.002902,1.883819,2.000569,1.847847,0.119091,0.125287,0.078007,0.105166,0.405849,0.073632,1.339588,1.486762,0.429015
40.233333,2.000228,2.008416,2.036546,1.955537,2.002947,1.883424,2.000574,1.849104,0.119434,0.125190,0.076940,0.105374,0.403908,0.073643,1.346530,1.469175,0.430378
40.250000,2.000183,2.008881,2.036466,1.954903,2.002992,1.881353,2.000592,1.850015,0.119680,0.125120,0.076428,0.105335,0.403052,0.073712,1.350232,1.460947,0.431893
40.266667,2.000145,2.008945,2.036768,1.954564,2.003054,1.878342,2.000623,1.850603,0.119818,0.124777,0.077008,0.104910,0.402675,0.073735,1.345789,1.465087,0.432717
40.283333,2.000110,2.008362,2.037164,1.954393,2.003161,1.875076,2.000664,1.850924,0.119989,0.123127,0.079630,0.103168,0.402585,0.073802,1.338978,1.482557,0.433246
40.300000,2.000111,2.007700,2.037445,1.954311,2.003259,1.871641,2.000727,1.850348,0.120077,0.121677,0.082680,0.101689,0.402535,0.073824,1.328737,1.498798,0.433556
40.316667,2.000136,2.006859,2.037773,1.954281,2.003354,1.868023,2.000743,1.849890,0.120124,0.120861,0.084135,0.100918,0.398536,0.074009,1.317738,1.517985,0.433757
40.333333,2.000158,2.006167,2.038583,1.952940,2.003403,1.870216,2.000716,1.849643,0.120432,0.120808,0.084906,0.100584,0.394901,0.074245,1.290990,1.536144,0.434062
40.350000,2.000169,2.005474,2.039368,1.950283,2.003415,1.869838,2.000693,1.846567,0.120785,0.120923,0.084995,0.100533,0.393276,0.074634,1.256939,1.553374,0.434561
40.366667,2.000173,2.004557,2.038870,1.952978,2.003347,1.868145,2.000687,1.837866,0.121263,0.121843,0.084509,0.101168,0.393287,0.075606,1.228858,1.556030,0.424693
40.383333,2.000189,2.003829,2.038371,1.957033,2.003230,1.865870,2.000660,1.832810,0.120844,0.123456,0.083893,0.102499,0.407342,0.075253,1.205465,1.551923,0.419414
40.400000,2.000256,2.003304,2.037804,1.960929,2.003134,1.864468,2.000645,1.830174,0.119634,0.124374,0.082669,0.103815,0.414616,0.074922,1.192194,1.548924,0.421450
40.416667,2.000339,2.002808,2.037169,1.963467,2.003034,1.861450,2.000691,1.828826,0.118624,0.124880,0.081550,0.104681,0.418080,0.074611,1.197694,1.544104,0.426079
40.433333,2.000401,2.002499,2.036780,1.964755,2.002911,1.855486,2.000794,1.828162,0.118043,0.125237,0.080838,0.105159,0.419594,0.074342,1.200396,1.541693,0.428542
40.450000,2.000444,2.002318,2.036603,1.965428,2.002833,1.854231,2.000878,1.827825,0.117759,0.125334,0.081332,0.105280,0.420417,0.074136,1.202590,1.541052,0.429923
40.466667,2.000444,2.002219,2.036565,1.965812,2.002772,1.857195,2.000955,1.827666,0.117568,0.125107,0.082964,0.105270,0.420894,0.073986,1.206010,1.541246,0.430818
40.483333,2.000420,2.002025,2.036923,1.966037,2.002719,1.859424,2.000952,1.829459,0.117416,0.124915,0.083964,0.105457,0.420140,0.074324,1.238142,1.540540,0.431385
40.500000,2.000419,2.002442,2.036974,1.965632,2.002685,1.866247,2.001006,1.833941,0.117382,0.124776,0.084191,0.105552,0.414469,0.074275,1.264743,1.528482,0.431861
40.516667,2.000414,2.003067,2.036861,1.962767,2.002666,1.875232,2.001018,1.840543,0.117585,0.124705,0.082846,0.105650,0.405074,0.073453,1.291608,1.515521,0.432745
40.533333,2.000396,2.004246,2.036357,1.960288,2.002657,1.882655,2.000979,1.845083,0.117904,0.124796,0.080572,0.105866,0.398172,0.072868,1.326766,1.495857,0.433516
40.550000,2.000323,2.005340,2.035919,1.958404,2.002632,1.886744,2.000943,1.844772,0.118244,0.125117,0.078988,0.106135,0.392827,0.072728,1.344019,1.473854,0.434060
40.566667,2.000255,2.006099,2.035853,1.957422,2.002619,1.886202,2.000968,1.844525,0.118490,0.125494,0.078272,0.106295,0.389954,0.072698,1.348084,1.460207,0.434302
40.583333,2.000214,2.006507,2.035838,1.956894,2.002621,1.883474,2.001014,1.844604,0.118574,0.125399,0.077893,0.106259,0.388470,0.072787,1.350209,1.453768,0.434394
40.600000,2.000180,2.006529,2.036160,1.956600,2.002642,1.879939,2.001062,1.844610,0.118594,0.124751,0.078591,0.105663,0.387714,0.072894,1.344925,1.458788,0.434436
40.616667,2.000139,2.006135,2.036826,1.956565,2.002762,1.876373,2.001108,1.844614,0.118474,0.123137,0.081317,0.103942,0.387420,0.072994,1.335491,1.474885,0.438237
40.633333,2.000115,2.005384,2.037032,1.956617,2.002883,1.872757,2.001149,1.844610,0.118298,0.121734,0.084469,0.102407,0.387320,0.073057,1.326818,1.489646,0.442356
40.650000,2.000117,2.004470,2.037250,1.956675,2.002991,1.868922,2.001117,1.844597,0.118201,0.120954,0.085987,0.101576,0.383488,0.073264,1.313182,1.506996,0.444908
40.666667,2.000124,2.003685,2.037982,1.955477,2.003047,1.864982,2.001061,1.844590,0.118111,0.120515,0.086696,0.101113,0.380076,0.073459,1.293214,1.524039,0.446829
40.683333,2.000123,2.002908,2.038760,1.952613,2.003042,1.861059,2.001009,1.837059,0.118092,0.120369,0.086743,0.100983,0.378914,0.073915,1.259590,1.541491,0.448184
40.700000,2.000111,2.002102,2.038538,1.955403,2.002978,1.857172,2.000962,1.829912,0.118633,0.120959,0.086200,0.101693,0.379006,0.074902,1.230204,1.546410,0.433493
40.716667,2.000114,2.001407,2.037897,1.960127,2.002867,1.853470,2.000907,1.825902,0.117869,0.122818,0.085831,0.103283,0.392838,0.074548,1.207583,1.537171,0.428751
40.733333,2.000175,2.000911,2.037620,1.964239,2.002804,1.851240,2.000876,1.823971,0.116467,0.123815,0.084516,0.104719,0.399983,0.074217,1.199758,1.536506,0.433391
40.750000,2.000259,2.000439,2.037174,1.966861,2.002756,1.852400,2.000880,1.823028,0.115345,0.124083,0.083319,0.105473,0.403387,0.074019,1.207943,1.533818,0.439709
40.766667,2.000324,2.000167,2.036910,1.968183,2.002641,1.848450,2.000969,1.822581,0.114714,0.124301,0.082562,0.105889,0.404861,0.073810,1.211265,1.533090,0.443115
40.783333,2.000370,1.999983,2.036748,1.968877,2.002562,1.850285,2.001069,1.822363,0.114641,0.124572,0.082078,0.105933,0.405671,0.073664,1.213996,1.533152,0.445040
40.800000,2.000397,2.000205,2.036768,1.969207,2.002525,1.854175,2.001163,1.822358,0.114540,0.124375,0.083933,0.106062,0.406867,0.073853,1.224786,1.534113,0.447367
40.816667,2.000394,2.000493,2.036937,1.969327,2.002510,1.856687,2.001144,1.821794,0.114468,0.124012,0.085650,0.106191,0.408058,0.074588,1.246801,1.532291,0.449600
40.833333,2.000401,2.000539,2.037125,1.968890,2.002494,1.863298,2.001158,1.818922,0.114325,0.122699,0.087204,0.105343,0.406150,0.075620,1.254203,1.522716,0.450989
40.850000,2.000397,2.001121,2.037013,1.966152,2.002485,1.871897,2.001231,1.824630,0.114428,0.121626,0.086870,0.104470,0.394636,0.075309,1.272372,1.509451,0.452400
40.866667,2.000374,2.002347,2.036922,1.963879,2.002477,1.880285,2.001242,1.831237,0.114910,0.119305,0.084444,0.102262,0.383337,0.074826,1.302767,1.492798,0.453857
40.883333,2.000292,2.003829,2.036934,1.962186,2.002479,1.885086,2.001217,1.833601,0.115456,0.116698,0.082794,0.099781,0.377721,0.074773,1.319439,1.470955,0.455116
40.900000,2.000217,2.004866,2.036852,1.961313,2.002466,1.884198,2.001252,1.834451,0.115779,0.115494,0.082220,0.098581,0.374887,0.074780,1.324115,1.454653,0.455780
40.916667,2.000176,2.005194,2.036597,1.960829,2.002469,1.881408,2.001302,1.834944,0.115985,0.115046,0.081877,0.097956,0.373388,0.074791,1.326813,1.446963,0.456060
40.933333,2.000144,2.005201,2.036413,1.960552,2.002483,1.877784,2.001351,1.835292,0.116057,0.114722,0.081877,0.097726,0.372918,0.075411,1.341389,1.450966,0.456158
40.950000,2.000098,2.004741,2.036640,1.960430,2.002575,1.874128,2.001387,1.835472,0.116239,0.113384,0.084132,0.096485,0.372760,0.075818,1.340642,1.463497,0.457855
40.966667,2.000063,2.004163,2.036916,1.960433,2.002671,1.870410,2.001418,1.835556,0.116388,0.112216,0.085737,0.095376,0.372722,0.076086,1.335464,1.478845,0.459256
40.983333,2.000038,2.003328,2.037656,1.960520,2.002745,1.866407,2.001377,1.835609,0.116414,0.111316,0.085748,0.094562,0.372715,0.076213,1.321250,1.509500,0.459653
41.000000,2.000046,2.002610,2.038343,1.959484,2.002769,1.865314,2.001336,1.835621,0.116367,0.110950,0.087289,0.094274,0.369137,0.076309,1.297482,1.533142,0.459691
41.016667,2.000048,2.001950,2.039464,1.956894,2.002748,1.866970,2.001332,1.832699,0.116259,0.110914,0.088827,0.094182,0.367367,0.076436,1.271898,1.553447,0.461934
41.033333,2.000033,2.001349,2.039780,1.958265,2.002709,1.866246,2.001330,1.822742,0.116256,0.111075,0.089469,0.094277,0.367525,0.077399,1.243271,1.562293,0.458519
41.050000,2.000022,2.000969,2.039245,1.962247,2.002598,1.864387,2.001298,1.815825,0.115796,0.111396,0.089935,0.094597,0.384268,0.077032,1.215702,1.552997,0.453795
41.066667,2.000066,2.000711,2.038423,1.965915,2.002547,1.863185,2.001282,1.812205,0.114600,0.111187,0.089513,0.094983,0.394055,0.076637,1.211536,1.541540,0.459773
41.083333,2.000152,2.000356,2.037626,1.968125,2.002469,1.860150,2.001348,1.810322,0.113737,0.111077,0.088914,0.095196,0.398974,0.076255,1.221502,1.533010,0.465173
41.100000,2.000223,2.000136,2.037133,1.969224,2.002389,1.855810,2.001497,1.809368,0.113368,0.111056,0.088859,0.095160,0.401370,0.075947,1.228280,1.528516,0.469007
41.116667,2.000273,2.000040,2.036918,1.969717,2.002371,1.862027,2.001671,1.808877,0.113909,0.111231,0.090289,0.094546,0.402872,0.075763,1.231323,1.526879,0.473950
41.133333,2.000312,2.000002,2.036804,1.969938,2.002371,1.865811,2.001756,1.808655,0.114303,0.111325,0.091577,0.094107,0.404236,0.075577,1.229042,1.526239,0.477363
41.150000,2.000335,1.999602,2.036841,1.970046,2.002353,1.867636,2.001746,1.808829,0.114545,0.111408,0.092401,0.093977,0.404992,0.075963,1.235120,1.522569,0.479276
41.166667,2.000341,1.999956,2.036795,1.970111,2.002331,1.873567,2.001790,1.808275,0.114721,0.111447,0.093312,0.093950,0.401456,0.076741,1.246953,1.506449,0.480345
41.183333,2.000339,2.000919,2.036397,1.967594,2.002331,1.880948,2.001836,1.810621,0.115124,0.111551,0.092006,0.094044,0.394941,0.077237,1.274189,1.484789,0.481752
41.200000,2.000323,2.002113,2.035874,1.965013,2.002331,1.887993,2.001831,1.813790,0.115550,0.111680,0.090009,0.094228,0.387912,0.077492,1.306221,1.461852,0.482924
41.216667,2.000288,2.003331,2.035434,1.964293,2.002307,1.893084,2.001788,1.813891,0.116031,0.111496,0.089114,0.094242,0.383796,0.077742,1.329235,1.440187,0.474793
41.233333,2.000231,2.004136,2.035384,1.963910,2.002283,1.893169,2.001804,1.814429,0.116124,0.111116,0.089538,0.094026,0.381788,0.077925,1.340445,1.432982,0.470397
41.250000,2.000197,2.004559,2.035369,1.963697,2.002281,1.889634,2.001853,1.814836,0.116193,0.111040,0.089842,0.093915,0.380745,0.078024,1.346356,1.429107,0.467997
41.266667,2.000198,2.004041,2.035708,1.963576,2.002293,1.885766,2.001895,1.815010,0.116243,0.111087,0.089172,0.093860,0.380193,0.078112,1.351645,1.444616,0.466677
41.283333,2.000181,2.003036,2.036297,1.963481,2.002364,1.882006,2.001931,1.814948,0.116392,0.111094,0.088050,0.093832,0.379915,0.078205,1.348663,1.470611,0.466411
41.300000,2.000197,2.001928,2.036608,1.963439,2.002433,1.878325,2.001974,1.814092,0.116464,0.110367,0.089975,0.093305,0.377503,0.078359,1.342184,1.490437,0.466261
41.316667,2.000227,2.000926,2.037413,1.963427,2.002502,1.874487,2.001975,1.813592,0.116564,0.109718,0.091563,0.092851,0.370944,0.078728,1.331501,1.508312,0.466219
41.333333,2.000241,2.000007,2.038177,1.962207,2.002540,1.870330,2.001915,1.813344,0.116632,0.109561,0.093998,0.092584,0.367267,0.078715,1.318433,1.524540,0.466352
41.350000,2.000244,1.999104,2.038848,1.959893,2.002553,1.866211,2.001872,1.809587,0.116935,0.109941,0.096095,0.092514,0.365803,0.079032,1.301258,1.539721,0.466688
41.366667,2.000248,1.998200,2.039124,1.962245,2.002507,1.862136,2.001851,1.799127,0.117244,0.110696,0.096715,0.092647,0.370985,0.079554,1.270178,1.552597,0.457760
41.383333,2.000255,1.997451,2.038799,1.965790,2.002407,1.858230,2.001813,1.792512,0.116913,0.111120,0.096864,0.093002,0.391633,0.079055,1.243273,1.549453,0.452385
41.400000,2.000305,1.997007,2.038593,1.969287,2.002348,1.855861,2.001800,1.789914,0.115787,0.110876,0.095753,0.093328,0.403832,0.078545,1.230210,1.552279,0.457784
41.416667,2.000380,1.996515,2.038184,1.971622,2.002331,1.853757,2.001843,1.789584,0.114884,0.110709,0.094742,0.093500,0.410014,0.078038,1.235080,1.551095,0.464936
41.433333,2.000438,1.996279,2.037935,1.972828,2.002281,1.852004,2.002027,1.788938,0.114700,0.110666,0.094169,0.093208,0.414229,0.077774,1.233483,1.550846,0.468804
41.450000,2.000479,1.996117,2.037889,1.973365,2.002274,1.858136,2.002228,1.788575,0.115514,0.110563,0.095477,0.092102,0.416595,0.077730,1.235512,1.551660,0.473626
41.466667,2.000473,1.996004,2.037889,1.973604,2.002275,1.863149,2.002341,1.788430,0.116215,0.110502,0.096870,0.091239,0.417697,0.077666,1.239107,1.552480,0.477087
41.483333,2.000450,1.996900,2.037582,1.973724,2.002261,1.864497,2.002335,1.788460,0.116642,0.110482,0.098297,0.090736,0.418910,0.077587,1.242554,1.536706,0.479029
41.500000,2.000440,1.997726,2.037229,1.973797,2.002240,1.869907,2.002375,1.789341,0.116972,0.110514,0.099046,0.090543,0.416496,0.077884,1.255739,1.511065,0.480131
41.516667,2.000444,1.998746,2.036753,1.971868,2.002217,1.878154,2.002392,1.792717,0.117401,0.110629,0.097466,0.090613,0.409543,0.078027,1.276053,1.487746,0.481302
41.533333,2.000424,1.999901,2.036187,1.969520,2.002199,1.885947,2.002371,1.798014,0.117847,0.110658,0.095653,0.090455,0.398387,0.077420,1.299566,1.463026,0.482349
41.550000,2.000367,2.001227,2.035574,1.968847,2.002146,1.891874,2.002327,1.801084,0.118560,0.110774,0.094427,0.090343,0.389994,0.076826,1.320636,1.435468,0.473608
41.566667,2.000296,2.002016,2.035214,1.968542,2.002098,1.891459,2.002351,1.803236,0.118957,0.110982,0.093809,0.090276,0.385814,0.076532,1.328702,1.419703,0.468862
41.583333,2.000255,2.002435,2.035036,1.968381,2.002082,1.888168,2.002393,1.804451,0.119194,0.111225,0.093543,0.090219,0.383633,0.076375,1.332996,1.412152,0.466271
41.600000,2.000242,2.002012,2.035336,1.968244,2.002100,1.884367,2.002431,1.805096,0.119432,0.111424,0.092635,0.090213,0.382504,0.076393,1.342795,1.424771,0.465488
41.616667,2.000217,2.001311,2.035664,1.968177,2.002155,1.880615,2.002460,1.805446,0.119619,0.111537,0.091544,0.090261,0.381973,0.076556,1.342347,1.444467,0.465339
41.633333,2.000204,2.000189,2.035901,1.968143,2.002209,1.876888,2.002478,1.805613,0.119610,0.111238,0.093105,0.090171,0.381698,0.076600,1.336195,1.463862,0.465196
41.650000,2.000225,1.999352,2.036696,1.968130,2.002263,1.872951,2.002465,1.805671,0.119578,0.111003,0.095240,0.090148,0.374648,0.076807,1.318752,1.481814,0.465110
41.666667,2.000258,1.998339,2.037928,1.966229,2.002295,1.868613,2.002397,1.805716,0.119414,0.110655,0.099015,0.090150,0.370638,0.076834,1.282787,1.509254,0.465376
41.683333,2.000278,1.997405,2.038874,1.964332,2.002336,1.864305,2.002340,1.805822,0.119350,0.110725,0.101973,0.090127,0.368861,0.077163,1.249092,1.530880,0.469659
41.700000,2.000282,1.996521,2.038493,1.965832,2.002374,1.859983,2.002287,1.800098,0.119337,0.111652,0.103484,0.090228,0.368591,0.077852,1.221224,1.531362,0.473214
41.716667,2.000303,1.995619,2.038324,1.969394,2.002325,1.855848,2.002214,1.793832,0.119077,0.112793,0.103586,0.090568,0.384712,0.077349,1.206688,1.530126,0.472027
41.733333,2.000363,1.995020,2.038696,1.972892,2.002276,1.853354,2.002174,1.790648,0.117643,0.112218,0.102166,0.090819,0.394434,0.076982,1.197366,1.539873,0.478230
41.750000,2.000422,1.994672,2.038575,1.975086,2.002260,1.852205,2.002205,1.789018,0.116739,0.111845,0.101212,0.090810,0.400251,0.076602,1.195704,1.542424,0.484725
41.766667,2.000469,1.994546,2.038600,1.976224,2.002212,1.854786,2.002426,1.788160,0.116974,0.111577,0.102396,0.089853,0.404004,0.076365,1.189744,1.544266,0.488341
41.783333,2.000506,1.994450,2.038866,1.976758,2.002191,1.863162,2.002651,1.787706,0.117888,0.111264,0.107069,0.088380,0.406104,0.076260,1.191677,1.547504,0.491837
41.800000,2.000500,1.995333,2.038698,1.976943,2.002201,1.869451,2.002788,1.787607,0.118838,0.111228,0.110398,0.087528,0.407645,0.076930,1.217203,1.544157,0.495243
41.816667,2.000487,1.997140,2.038035,1.977013,2.002203,1.871721,2.002785,1.787690,0.119461,0.111140,0.111176,0.087133,0.408653,0.077595,1.248085,1.527434,0.497572
41.833333,2.000471,1.998446,2.037480,1.977104,2.002197,1.877320,2.002808,1.785532,0.119802,0.110801,0.109793,0.086875,0.406900,0.078258,1.279726,1.503389,0.499061
41.850000,2.000451,1.999598,2.036841,1.975330,2.002186,1.885182,2.002833,1.787602,0.120114,0.110329,0.108301,0.086558,0.401164,0.077736,1.305844,1.478370,0.500567
41.866667,2.000435,2.000661,2.036187,1.973168,2.002173,1.893132,2.002824,1.792789,0.120401,0.109934,0.107551,0.086398,0.395355,0.076584,1.325937,1.451180,0.501871
41.883333,2.000356,2.001794,2.035494,1.972272,2.002153,1.898539,2.002783,1.795161,0.120878,0.110032,0.107320,0.086381,0.390892,0.075969,1.335427,1.420544,0.497477
41.900000,2.000279,2.002555,2.035065,1.972208,2.002123,1.896819,2.002828,1.796785,0.121222,0.110218,0.107267,0.086313,0.388964,0.075656,1.336792,1.401734,0.493122
41.916667,2.000251,2.002539,2.035078,1.972176,2.002117,1.893460,2.002876,1.797702,0.121434,0.110427,0.106868,0.086244,0.388018,0.075505,1.346774,1.401025,0.490723
41.933333,2.000266,2.001743,2.035198,1.972097,2.002145,1.889514,2.002914,1.798154,0.121677,0.110590,0.105969,0.086189,0.387497,0.075455,1.359275,1.414037,0.489886
41.950000,2.000268,2.000703,2.035559,1.972099,2.002252,1.885729,2.002950,1.797512,0.121733,0.110567,0.104538,0.086258,0.387280,0.075575,1.361034,1.439517,0.490277
41.966667,2.000307,1.999486,2.035835,1.972106,2.002354,1.882025,2.002990,1.795780,0.121566,0.110352,0.104368,0.086480,0.382224,0.075872,1.356967,1.459164,0.490785
41.983333,2.000343,1.998582,2.036870,1.972163,2.002489,1.878275,2.003005,1.794803,0.120514,0.109141,0.108849,0.086985,0.376472,0.076243,1.325240,1.482179,0.493836
42.000000,2.000362,1.997696,2.038847,1.970604,2.002613,1.873966,2.002945,1.794320,0.119136,0.108008,0.111145,0.087636,0.373505,0.076410,1.286476,1.534614,0.501474
42.016667,2.000368,1.996843,2.038604,1.968824,2.002702,1.876949,2.002875,1.794153,0.118359,0.107910,0.114325,0.088510,0.372389,0.077033,1.252248,1.551961,0.507355
42.033333,2.000376,1.996037,2.038652,1.971216,2.002660,1.881363,2.002804,1.790563,0.117494,0.109026,0.115401,0.090338,0.378631,0.077699,1.223252,1.563344,0.495825
42.050000,2.000387,1.995325,2.039330,1.974130,2.002523,1.882306,2.002738,1.787434,0.116795,0.109944,0.112475,0.091630,0.397542,0.077758,1.197942,1.584683,0.482835
42.066667,2.000402,1.995249,2.039651,1.976423,2.002442,1.886811,2.002772,1.790016,0.115759,0.109198,0.111755,0.091935,0.403707,0.077637,1.178056,1.608407,0.478953
42.083333,2.000451,1.995007,2.040518,1.977995,2.002403,1.890169,2.002852,1.791385,0.114762,0.107691,0.114939,0.091616,0.407460,0.077601,1.184290,1.635506,0.481992
42.100000,2.000489,1.995139,2.040977,1.978840,2.002321,1.888947,2.003028,1.792115,0.113987,0.106530,0.117075,0.091400,0.409938,0.077561,1.190563,1.651908,0.485016
42.116667,2.000490,1.996392,2.040063,1.979298,2.002265,1.887732,2.003149,1.792505,0.113589,0.105862,0.119268,0.091275,0.411315,0.077530,1.194263,1.635958,0.486708
42.133333,2.000459,1.998159,2.038819,1.979502,2.002231,1.885955,2.003237,1.792834,0.113440,0.105521,0.121952,0.091432,0.412351,0.078103,1.214690,1.607722,0.487993
42.150000,2.000437,1.999969,2.038430,1.979404,2.002254,1.883907,2.003220,1.793128,0.113730,0.105410,0.124211,0.091621,0.413032,0.078657,1.245475,1.590398,0.490177
42.166667,2.000426,2.001406,2.038058,1.977936,2.002284,1.886927,2.003258,1.790534,0.114144,0.105364,0.124101,0.091731,0.411280,0.079218,1.277146,1.575241,0.492264
42.183333,2.000410,2.001922,2.038077,1.975500,2.002301,1.893842,2.003329,1.792540,0.114552,0.105292,0.121810,0.091599,0.402448,0.078625,1.307051,1.559522,0.494008
42.200000,2.000391,2.002878,2.038391,1.973183,2.002310,1.901116,2.003375,1.797156,0.114920,0.105330,0.118877,0.091583,0.393728,0.077468,1.333915,1.537850,0.495329
42.216667,2.000373,2.004022,2.038353,1.971513,2.002292,1.906444,2.003373,1.798844,0.115187,0.105544,0.118505,0.091705,0.387493,0.076896,1.351283,1.506865,0.497504
42.233333,2.000351,2.004845,2.038185,1.970581,2.002304,1.909261,2.003379,1.800382,0.115395,0.105845,0.118651,0.091809,0.385673,0.076528,1.360406,1.483505,0.501967
42.250000,2.000333,2.005272,2.038120,1.970039,2.002340,1.907754,2.003425,1.801469,0.115592,0.106288,0.118553,0.091928,0.387427,0.076129,1.365251,1.472984,0.505638
42.266667,2.000321,2.005268,2.038490,1.969711,2.002388,1.904191,2.003470,1.802033,0.115727,0.106612,0.117822,0.092066,0.388600,0.076075,1.362904,1.480322,0.508495
42.283333,2.000294,2.004925,2.038394,1.969574,2.002487,1.900801,2.003522,1.805458,0.115976,0.106878,0.116952,0.092198,0.389051,0.076218,1.362331,1.490116,0.510474
42.300000,2.000305,2.004356,2.038285,1.969532,2.002587,1.897462,2.003602,1.809322,0.116286,0.107032,0.116071,0.092178,0.388975,0.076267,1.355731,1.501688,0.511907
42.316667,2.000337,2.003699,2.038388,1.969526,2.002683,1.893726,2.003610,1.811257,0.116506,0.107124,0.115151,0.092203,0.384977,0.076454,1.341144,1.515927,0.512781
42.333333,2.000358,2.003146,2.039191,1.967651,2.002743,1.889730,2.003565,1.812416,0.117241,0.107257,0.115934,0.091761,0.381923,0.076954,1.309115,1.532668,0.513814
42.350000,2.000369,2.002531,2.040392,1.967235,2.002857,1.886022,2.003519,1.813102,0.117211,0.107430,0.120814,0.091562,0.380542,0.077301,1.277094,1.556595,0.521855
42.366667,2.000381,2.001681,2.040941,1.969897,2.002814,1.882091,2.003473,1.813574,0.116993,0.108738,0.123517,0.092398,0.386959,0.077415,1.242249,1.582342,0.512134
42.383333,2.000403,2.000925,2.040520,1.972592,2.002634,1.878448,2.003411,1.814115,0.116800,0.110219,0.120618,0.093364,0.406151,0.077389,1.208831,1.593383,0.496791
42.400000,2.000438,2.000648,2.039931,1.974392,2.002491,1.876028,2.003379,1.814371,0.116564,0.110841,0.116076,0.093930,0.417086,0.077337,1.185935,1.595361,0.484851
42.416667,2.000500,2.000280,2.039647,1.975509,2.002435,1.874002,2.003400,1.814497,0.116271,0.111059,0.116324,0.094182,0.423210,0.077240,1.191904,1.598958,0.478365
42.433333,2.000556,1.999960,2.039768,1.976012,2.002379,1.869360,2.003558,1.814574,0.115863,0.111218,0.119055,0.094351,0.426886,0.077134,1.204035,1.607824,0.474469
42.450000,2.000585,1.999744,2.039828,1.976271,2.002332,1.866089,2.003680,1.814620,0.115639,0.111300,0.120608,0.094435,0.429170,0.077037,1.213442,1.612779,0.472364
42.466667,2.000572,1.999956,2.039645,1.976362,2.002305,1.863514,2.003771,1.815793,0.115631,0.111508,0.122578,0.094548,0.430353,0.076894,1.223430,1.608396,0.471714
42.483333,2.000555,1.999845,2.039593,1.976242,2.002333,1.867422,2.003707,1.817835,0.116797,0.111225,0.127438,0.093370,0.429991,0.076688,1.237524,1.594879,0.473924
42.500000,2.000522,2.000076,2.039426,1.975608,2.002369,1.876071,2.003645,1.824959,0.118675,0.109875,0.129108,0.090725,0.423084,0.075579,1.259965,1.581813,0.476917
42.516667,2.000490,2.000619,2.039619,1.972948,2.002396,1.884887,2.003620,1.831375,0.120156,0.109035,0.128350,0.088895,0.416442,0.074150,1.281810,1.561937,0.479456
42.533333,2.000471,2.001621,2.039632,1.970540,2.002415,1.892211,2.003583,1.834906,0.121152,0.108660,0.125542,0.087880,0.410830,0.073338,1.303968,1.535926,0.481895
42.550000,2.000454,2.002701,2.039387,1.968945,2.002443,1.897763,2.003540,1.836094,0.121835,0.108703,0.124699,0.087409,0.406300,0.072927,1.317890,1.504017,0.486186
42.566667,2.000434,2.003487,2.039059,1.968026,2.002465,1.900683,2.003524,1.837127,0.122275,0.108772,0.124404,0.087097,0.404348,0.072726,1.325224,1.481688,0.490283
42.583333,2.000425,2.003497,2.038512,1.967476,2.002505,1.898337,2.003581,1.837785,0.122550,0.108859,0.123906,0.086908,0.403418,0.072636,1.329449,1.471710,0.493716
42.600000,2.000420,2.003468,2.038215,1.967141,2.002560,1.893696,2.003660,1.837364,0.122728,0.109034,0.123119,0.087151,0.403171,0.073306,1.350904,1.474320,0.496416
42.616667,2.000440,2.003044,2.038184,1.967157,2.002702,1.889461,2.003749,1.837954,0.122553,0.109423,0.122077,0.087561,0.402751,0.073680,1.354642,1.485360,0.504865
42.633333,2.000475,2.002476,2.038188,1.967271,2.002851,1.885509,2.003811,1.838032,0.122284,0.109689,0.121090,0.087939,0.394774,0.074199,1.350243,1.497697,0.513498
42.650000,2.000499,2.001829,2.038428,1.967338,2.003010,1.881607,2.003842,1.838050,0.121794,0.109544,0.123490,0.088387,0.388901,0.074593,1.336271,1.513380,0.520061
42.666667,2.000512,2.001210,2.040065,1.965518,2.003174,1.877067,2.003784,1.838116,0.121382,0.108401,0.126757,0.088446,0.385923,0.075073,1.300665,1.556497,0.528449
42.683333,2.000509,2.000609,2.041774,1.967333,2.003176,1.873614,2.003681,1.831826,0.122108,0.108054,0.128965,0.088246,0.387198,0.075911,1.265947,1.597981,0.510785
42.700000,2.000538,2.000169,2.041910,1.970487,2.003060,1.872035,2.003504,1.823801,0.121451,0.109998,0.132449,0.090521,0.413496,0.076772,1.240029,1.603459,0.496353
42.716667,2.000564,1.999816,2.041353,1.973171,2.002832,1.869780,2.003350,1.819511,0.120801,0.111896,0.128636,0.092560,0.436668,0.077120,1.213259,1.605014,0.476256
42.733333,2.000597,1.999763,2.040635,1.975081,2.002685,1.868387,2.003273,1.817139,0.120250,0.113010,0.123416,0.093796,0.449693,0.077245,1.191452,1.599774,0.462410
42.750000,2.000648,1.999505,2.039991,1.976293,2.002628,1.866863,2.003270,1.815837,0.119940,0.113648,0.120797,0.094500,0.457039,0.077256,1.195531,1.595415,0.455076
42.766667,2.000687,1.999313,2.039586,1.976912,2.002545,1.862538,2.003413,1.815136,0.119739,0.114004,0.119424,0.094904,0.461293,0.077228,1.198872,1.592972,0.451106
42.783333,2.000698,1.999151,2.039372,1.977212,2.002483,1.858583,2.003548,1.814763,0.119547,0.114192,0.120047,0.095135,0.464097,0.077156,1.205906,1.591578,0.448846
42.800000,2.000688,1.998546,2.039282,1.977345,2.002433,1.860487,2.003711,1.813748,0.119382,0.114492,0.121827,0.095576,0.465859,0.077192,1.218127,1.590161,0.447497
42.816667,2.000693,1.998304,2.039256,1.977210,2.002454,1.867492,2.003821,1.813770,0.119821,0.115379,0.126456,0.096219,0.465259,0.077123,1.224840,1.576424,0.449045
42.833333,2.000680,1.998563,2.039404,1.975593,2.002528,1.877103,2.003897,1.818786,0.120793,0.115715,0.131709,0.095990,0.457406,0.076223,1.231417,1.564111,0.452010
42.850000,2.000660,1.999174,2.039719,1.972904,2.002585,1.886432,2.003957,1.824574,0.121923,0.115439,0.130373,0.094986,0.448998,0.075023,1.246523,1.555867,0.454433
42.866667,2.000631,2.000102,2.039898,1.970574,2.002628,1.894261,2.003976,1.829401,0.122779,0.115258,0.127867,0.094299,0.438275,0.074121,1.261563,1.538744,0.456112
42.883333,2.000580,2.001094,2.039618,1.969107,2.002618,1.900117,2.003952,1.832746,0.123356,0.115219,0.126857,0.094067,0.429220,0.073582,1.268300,1.512855,0.457145
42.900000,2.000516,2.001794,2.039385,1.968383,2.002649,1.898730,2.004016,1.834704,0.123735,0.115464,0.126236,0.094173,0.424860,0.073337,1.267044,1.496746,0.461666
42.916667,2.000481,2.001931,2.039031,1.967965,2.002690,1.895022,2.004084,1.835786,0.124018,0.115692,0.125633,0.094410,0.422630,0.073243,1.266515,1.489594,0.465090
42.933333,2.000450,2.001729,2.038478,1.967712,2.002740,1.890691,2.004134,1.836379,0.124227,0.115891,0.125204,0.094739,0.421518,0.073447,1.275318,1.485471,0.467590
42.950000,2.000459,2.001375,2.038404,1.967594,2.002843,1.886673,2.004205,1.833580,0.124384,0.116051,0.124229,0.095119,0.421056,0.073989,1.282907,1.495760,0.469154
42.966667,2.000499,2.000751,2.038476,1.967528,2.002950,1.882817,2.004264,1.830786,0.124455,0.116203,0.123131,0.095405,0.415143,0.074551,1.276530,1.510620,0.470330
42.983333,2.000533,2.000097,2.038786,1.967480,2.003060,1.878928,2.004290,1.829227,0.124430,0.116195,0.125095,0.095601,0.406944,0.075041,1.265957,1.525564,0.470878
43.000000,2.000545,1.999504,2.040230,1.965521,2.003198,1.874281,2.004239,1.828389,0.124527,0.115347,0.130721,0.095495,0.402127,0.075418,1.251558,1.552004,0.473566
43.016667,2.000552,1.998855,2.041679,1.963476,2.003305,1.869565,2.004182,1.827978,0.124708,0.115193,0.131492,0.095695,0.399694,0.075630,1.228418,1.588493,0.475826
43.033333,2.000550,1.998401,2.041875,1.965277,2.003217,1.865396,2.004123,1.821401,0.124929,0.116644,0.134391,0.096782,0.399106,0.076203,1.202930,1.593742,0.460416
43.050000,2.000556,1.997968,2.041277,1.967332,2.003014,1.862417,2.004022,1.813905,0.124416,0.118186,0.130058,0.098386,0.405584,0.076267,1.168363,1.596204,0.442511
43.066667,2.000569,1.997828,2.040590,1.968657,2.002897,1.860437,2.003971,1.809924,0.124113,0.119172,0.124663,0.099346,0.411613,0.075905,1.141166,1.592875,0.431885
43.083333,2.000606,1.997501,2.039938,1.969467,2.002830,1.858467,2.003986,1.807841,0.123938,0.119704,0.122066,0.099819,0.414912,0.075521,1.143838,1.589779,0.426228
43.100000,2.000636,1.997276,2.039543,1.969873,2.002730,1.855637,2.004192,1.806740,0.123936,0.119982,0.120726,0.099908,0.417407,0.075214,1.145607,1.588388,0.423162
43.116667,2.000627,1.997300,2.039171,1.970086,2.002654,1.858096,2.004442,1.806144,0.124267,0.120071,0.120243,0.099474,0.418926,0.075008,1.151700,1.584175,0.421605
43.133333,2.000600,1.997138,2.038749,1.970200,2.002599,1.860276,2.004612,1.805207,0.124462,0.120170,0.120310,0.099475,0.420232,0.075690,1.185594,1.576535,0.420778
43.150000,2.000600,1.996940,2.038807,1.970207,2.002569,1.867307,2.004646,1.802841,0.124805,0.121026,0.121746,0.100019,0.422496,0.075902,1.199159,1.566848,0.420757
43.166667,2.000612,1.997295,2.038804,1.969451,2.002623,1.876858,2.004717,1.802911,0.125644,0.121854,0.127524,0.100462,0.419002,0.075732,1.203067,1.550300,0.422554
43.183333,2.000588,1.997893,2.038691,1.966464,2.002688,1.887096,2.004798,1.807607,0.126557,0.122294,0.130728,0.100561,0.410805,0.074380,1.215822,1.534821,0.424630
43.200000,2.000575,1.998631,2.038235,1.963893,2.002731,1.895287,2.004822,1.810926,0.127210,0.122582,0.133452,0.100728,0.404032,0.073571,1.228611,1.511142,0.425935
43.216667,2.000516,1.999480,2.038554,1.961885,2.002753,1.902064,2.004817,1.815112,0.127711,0.122698,0.133179,0.100706,0.390735,0.072744,1.235168,1.493989,0.426762
43.233333,2.000442,2.000147,2.038557,1.960865,2.002754,1.902512,2.004859,1.817828,0.128012,0.122700,0.133262,0.100651,0.384432,0.072288,1.235197,1.478827,0.427229
43.250000,2.000400,2.000386,2.038328,1.960371,2.002771,1.899655,2.004923,1.819397,0.128094,0.122670,0.133147,0.100776,0.381401,0.072333,1.244764,1.471592,0.428996
43.266667,2.000358,2.000461,2.037852,1.960165,2.002874,1.895086,2.004978,1.820317,0.127837,0.123018,0.133035,0.101293,0.381527,0.072942,1.275555,1.467513,0.438104
43.283333,2.000371,1.999948,2.037888,1.960077,2.003028,1.890981,2.005046,1.817495,0.127705,0.123262,0.132134,0.101677,0.383813,0.073262,1.285270,1.480300,0.443693
43.300000,2.000420,1.999045,2.038173,1.960038,2.003166,1.887109,2.005095,1.815041,0.127636,0.123412,0.130936,0.101950,0.382601,0.073580,1.285368,1.501086,0.447112
43.316667,2.000460,1.998150,2.038679,1.960021,2.003289,1.883252,2.005121,1.813592,0.127824,0.122975,0.130888,0.101489,0.376569,0.073980,1.277107,1.526659,0.449232
43.333333,2.000478,1.997330,2.040287,1.957986,2.003346,1.878593,2.005076,1.812806,0.128122,0.122538,0.129014,0.100872,0.373312,0.074143,1.260171,1.567322,0.450633
43.350000,2.000490,1.996656,2.041333,1.955766,2.003391,1.875032,2.004946,1.812443,0.128292,0.122374,0.129694,0.100538,0.371775,0.074381,1.228916,1.592797,0.451505
43.366667,2.000492,1.996162,2.041132,1.957010,2.003272,1.871816,2.004825,1.802735,0.129451,0.123683,0.131332,0.101360,0.377307,0.074875,1.197575,1.592669,0.432288
43.383333,2.000508,1.995719,2.041106,1.957969,2.003109,1.868356,2.004698,1.796821,0.130582,0.126185,0.127949,0.103088,0.396311,0.074571,1.166616,1.597314,0.412336
43.400000,2.000535,1.995452,2.040481,1.958877,2.003017,1.866259,2.004635,1.793697,0.130990,0.127596,0.123784,0.103641,0.407577,0.074211,1.147940,1.596403,0.403246
43.416667,2.000583,1.995061,2.039912,1.959782,2.002948,1.865271,2.004600,1.792009,0.130430,0.127482,0.121846,0.103562,0.414210,0.073992,1.149049,1.594898,0.402676
43.433333,2.000620,1.994839,2.039600,1.960235,2.002852,1.861171,2.004730,1.791102,0.130100,0.127436,0.120809,0.103543,0.418199,0.073830,1.146592,1.594918,0.402280
43.450000,2.000612,1.995133,2.039204,1.960458,2.002774,1.862484,2.004951,1.790620,0.130362,0.127241,0.121641,0.102774,0.420817,0.073692,1.151474,1.588467,0.402080
43.466667,2.000594,1.995518,2.038712,1.960579,2.002716,1.866273,2.005161,1.789524,0.130824,0.127007,0.123434,0.101910,0.422471,0.073805,1.169474,1.576936,0.402061
43.483333,2.000594,1.995710,2.038626,1.960649,2.002666,1.874113,2.005269,1.789184,0.131231,0.127772,0.125083,0.102164,0.422041,0.074088,1.190125,1.562333,0.402078
43.500000,2.000589,1.995863,2.038802,1.959875,2.002689,1.884329,2.005377,1.793960,0.131928,0.128552,0.129928,0.102433,0.414652,0.073327,1.195008,1.548097,0.403209
43.516667,2.000560,1.996471,2.038733,1.957043,2.002742,1.894593,2.005492,1.800760,0.133014,0.129027,0.134797,0.102533,0.403527,0.072045,1.207126,1.531344,0.402568
43.533333,2.000541,1.997185,2.038451,1.955810,2.002773,1.902640,2.005541,1.805143,0.133994,0.129363,0.138376,0.102653,0.394617,0.071229,1.220302,1.510178,0.399447
43.550000,2.000528,1.997896,2.038629,1.954868,2.002797,1.908692,2.005550,1.807644,0.134881,0.129306,0.140247,0.102342,0.386588,0.070767,1.225746,1.494573,0.398090
43.566667,2.000500,1.998339,2.038782,1.954398,2.002852,1.909204,2.005598,1.809392,0.135476,0.129244,0.140845,0.101990,0.382869,0.070528,1.228152,1.485726,0.400024
43.583333,2.000483,1.998626,2.038756,1.954170,2.002912,1.907730,2.005652,1.810456,0.135677,0.129379,0.141092,0.101932,0.381094,0.070625,1.239166,1.481310,0.403277
43.600000,2.000467,1.998540,2.038320,1.954042,2.002999,1.903565,2.005711,1.811073,0.135764,0.129581,0.141087,0.102281,0.380351,0.071251,1.267355,1.478608,0.405993
43.616667,2.000452,1.998045,2.038146,1.953975,2.003155,1.899626,2.005758,1.810818,0.135788,0.129867,0.140540,0.102575,0.382245,0.071550,1.276977,1.485298,0.408270
43.633333,2.000478,1.997222,2.038224,1.953951,2.003293,1.895947,2.005799,1.810183,0.135812,0.130052,0.139529,0.102860,0.374942,0.072090,1.272087,1.500357,0.409709
43.650000,2.000502,1.996307,2.038572,1.953944,2.003432,1.892280,2.005823,1.809814,0.135702,0.130045,0.140434,0.103129,0.368544,0.072520,1.262934,1.518290,0.411218
43.666667,2.000513,1.995396,2.040398,1.952629,2.003561,1.890964,2.005810,1.806305,0.135384,0.129654,0.139019,0.103553,0.364821,0.072966,1.246500,1.561760,0.414061
43.683333,2.000513,1.994617,2.041601,1.950189,2.003626,1.894606,2.005845,1.794657,0.135357,0.130015,0.137660,0.104483,0.363308,0.073627,1.215206,1.593803,0.415775
43.700000,2.000508,1.994070,2.041710,1.949121,2.003628,1.894750,2.005852,1.784892,0.135860,0.131537,0.139633,0.106014,0.362996,0.074223,1.185797,1.597472,0.411560
43.716667,2.000506,1.993685,2.041482,1.949546,2.003344,1.892909,2.005807,1.778582,0.135923,0.133630,0.141230,0.107869,0.362792,0.074668,1.162148,1.592478,0.395389
43.733333,2.000538,1.993263,2.041200,1.950135,2.003199,1.892434,2.005814,1.775328,0.135636,0.135219,0.141867,0.109107,0.364742,0.074496,1.157192,1.590103,0.387483
43.750000,2.000592,1.992732,2.040873,1.950515,2.003121,1.896576,2.005920,1.773682,0.135579,0.136588,0.142280,0.110286,0.366169,0.074125,1.161516,1.590054,0.383307
43.766667,2.000625,1.992489,2.040760,1.950674,2.003021,1.901542,2.006230,1.772877,0.136710,0.136445,0.144179,0.108424,0.367000,0.073827,1.158420,1.591061,0.381108
43.783333,2.000634,1.992889,2.040799,1.950852,2.002958,1.908880,2.006543,1.772470,0.137488,0.134114,0.154027,0.105918,0.368052,0.073663,1.165289,1.593119,0.380709
43.800000,2.000619,1.994360,2.040337,1.950938,2.002902,1.912456,2.006766,1.772441,0.137957,0.132717,0.161275,0.104637,0.369125,0.074489,1.203662,1.584948,0.380493
43.816667,2.000589,1.994993,2.040127,1.951018,2.002873,1.913394,2.006880,1.772457,0.137954,0.132057,0.165828,0.104058,0.369720,0.074970,1.231187,1.569973,0.382764
43.833333,2.000551,1.995876,2.039976,1.950880,2.002896,1.913820,2.006902,1.771459,0.138077,0.131917,0.171674,0.103791,0.370131,0.075226,1.254417,1.552244,0.385702
43.850000,2.000528,1.996628,2.039663,1.949713,2.002913,1.918473,2.006969,1.768943,0.138506,0.131880,0.177602,0.103702,0.366080,0.075318,1.269010,1.530517,0.385356
43.866667,2.000493,1.997268,2.039303,1.949019,2.002931,1.924777,2.007055,1.773495,0.138990,0.131975,0.183346,0.103610,0.357855,0.073991,1.278355,1.506412,0.383377
43.883333,2.000447,1.997869,2.038949,1.948841,2.003005,1.929490,2.007089,1.776913,0.139233,0.132456,0.189613,0.103830,0.350600,0.073200,1.282792,1.480823,0.384894
43.900000,2.000388,1.998225,2.038722,1.948686,2.003077,1.928254,2.007114,1.779084,0.139380,0.132824,0.193142,0.103975,0.347384,0.072777,1.285774,1.466188,0.387621
43.916667,2.000357,1.998307,2.038494,1.948556,2.003148,1.927470,2.007129,1.780356,0.139458,0.133087,0.195115,0.104087,0.345791,0.072566,1.287410,1.458153,0.390340
43.933333,2.000370,1.997197,2.038381,1.948459,2.003224,1.925472,2.007161,1.781086,0.139506,0.133326,0.195610,0.104328,0.345088,0.072836,1.318314,1.470301,0.392668
43.950000,2.000399,1.995767,2.038529,1.948429,2.003366,1.921977,2.007205,1.779468,0.139554,0.133491,0.194560,0.104530,0.344795,0.073183,1.332827,1.495793,0.394247
43.966667,2.000465,1.994570,2.038807,1.948423,2.003501,1.918800,2.007251,1.776065,0.139590,0.133590,0.193265,0.104654,0.344632,0.073433,1.323908,1.518954,0.395272
43.983333,2.000525,1.993606,2.040126,1.948426,2.003625,1.915667,2.007278,1.773233,0.139637,0.133674,0.186424,0.104794,0.341094,0.073795,1.284516,1.556025,0.395937
44.000000,2.000556,1.992740,2.040543,1.947027,2.003737,1.911775,2.007197,1.771717,0.139473,0.133435,0.180873,0.104960,0.339216,0.074032,1.239386,1.586218,0.397864
44.016667,2.000573,1.991977,2.040643,1.944396,2.003805,1.907676,2.007091,1.771006,0.139491,0.134319,0.172509,0.105920,0.338521,0.074293,1.199269,1.610104,0.399745
44.033333,2.000583,1.991690,2.040380,1.942164,2.003865,1.903629,2.007006,1.763217,0.139876,0.137392,0.166700,0.108658,0.351068,0.074233,1.174431,1.618891,0.400874
44.050000,2.000593,1.991567,2.040152,1.943226,2.003606,1.899836,2.006902,1.756088,0.140789,0.139078,0.159656,0.108830,0.365948,0.074344,1.148335,1.624251,0.390057
44.066667,2.000596,1.991623,2.039566,1.943973,2.003446,1.898232,2.006875,1.753792,0.140972,0.139916,0.155117,0.108948,0.372565,0.074273,1.143940,1.618198,0.384659
44.083333,2.000620,1.991947,2.039475,1.944408,2.003368,1.901262,2.006983,1.754449,0.141143,0.140999,0.151969,0.109621,0.374859,0.073934,1.175037,1.621124,0.382135
44.100000,2.000648,1.992207,2.039748,1.944702,2.003267,1.904125,2.007268,1.754497,0.141975,0.140400,0.150188,0.108285,0.376776,0.073725,1.196002,1.628668,0.381345
44.116667,2.000643,1.992285,2.040097,1.945027,2.003185,1.910734,2.007634,1.754383,0.143100,0.138899,0.150571,0.105603,0.378434,0.073626,1.212757,1.635438,0.383960
44.133333,2.000620,1.993120,2.040080,1.945380,2.003137,1.915711,2.007931,1.754510,0.143268,0.137888,0.153513,0.103790,0.379344,0.073593,1.224571,1.630411,0.389698
44.150000,2.000591,1.994500,2.039658,1.945579,2.003094,1.917859,2.008015,1.754613,0.143410,0.137345,0.155381,0.102710,0.379871,0.073562,1.233970,1.615686,0.393120
44.166667,2.000560,1.995253,2.039530,1.945713,2.003076,1.920708,2.008060,1.753393,0.143566,0.137077,0.153905,0.102034,0.379212,0.073626,1.249960,1.599866,0.395208
44.183333,2.000539,1.996115,2.039480,1.946692,2.003045,1.927117,2.008204,1.753195,0.144033,0.136922,0.153376,0.101631,0.372209,0.073195,1.266238,1.575420,0.392041
44.200000,2.000503,1.997328,2.039433,1.946153,2.003049,1.934213,2.008359,1.759196,0.144852,0.136853,0.151785,0.101319,0.357389,0.071998,1.285723,1.549526,0.388398
44.216667,2.000455,1.998738,2.039048,1.945974,2.003061,1.939418,2.008430,1.762524,0.145497,0.137042,0.151013,0.101202,0.346988,0.071233,1.302399,1.514822,0.386066
44.233333,2.000396,1.999627,2.038741,1.945835,2.003100,1.938446,2.008479,1.764975,0.145761,0.137222,0.151089,0.101087,0.342311,0.070806,1.311207,1.492998,0.386235
44.250000,2.000369,1.999814,2.038382,1.945691,2.003169,1.937883,2.008507,1.766507,0.145802,0.137416,0.151042,0.101076,0.339976,0.070604,1.316029,1.482785,0.389253
44.266667,2.000357,1.999706,2.038073,1.945586,2.003265,1.936307,2.008541,1.767424,0.145834,0.137640,0.150406,0.101399,0.339034,0.071247,1.340915,1.484885,0.391646
44.283333,2.000327,1.999204,2.038021,1.945558,2.003421,1.933200,2.008564,1.767897,0.145868,0.137782,0.149396,0.101601,0.338572,0.071685,1.346609,1.495695,0.393265
44.300000,2.000334,1.998511,2.038383,1.945518,2.003620,1.930383,2.008594,1.767111,0.145141,0.137151,0.155920,0.102162,0.336158,0.072078,1.340331,1.512709,0.396463
44.316667,2.000356,1.997782,2.039642,1.945552,2.003864,1.927614,2.008611,1.766640,0.143818,0.136087,0.160463,0.103036,0.331060,0.072549,1.306785,1.553208,0.402595
44.333333,2.000365,1.997071,2.041636,1.944171,2.004024,1.924159,2.008578,1.766382,0.142876,0.135447,0.159138,0.103702,0.328372,0.072860,1.267196,1.598675,0.407458
44.350000,2.000365,1.996398,2.041392,1.941446,2.004113,1.920471,2.008521,1.761633,0.142315,0.135059,0.152500,0.104172,0.327103,0.073135,1.224144,1.621020,0.410827
44.366667,2.000350,1.995818,2.041170,1.942592,2.004062,1.916986,2.008469,1.749426,0.142163,0.136881,0.145734,0.106002,0.327234,0.073696,1.183493,1.638595,0.405458
44.383333,2.000339,1.995513,2.040720,1.944152,2.003704,1.913602,2.008389,1.742306,0.142124,0.140571,0.139952,0.108749,0.333087,0.073574,1.149413,1.644349,0.389513
44.400000,2.000358,1.995504,2.039813,1.945137,2.003498,1.911451,2.008345,1.738502,0.142442,0.142180,0.132672,0.109252,0.338656,0.073316,1.128211,1.638605,0.380322
44.416667,2.000429,1.995375,2.039204,1.945827,2.003420,1.911268,2.008353,1.736435,0.142688,0.142529,0.127694,0.109172,0.341931,0.073117,1.147150,1.636633,0.375955
44.433333,2.000487,1.995234,2.039125,1.946222,2.003358,1.915074,2.008583,1.735305,0.143278,0.142812,0.124945,0.108965,0.343891,0.072949,1.162065,1.639950,0.373914
44.450000,2.000488,1.995402,2.039094,1.946528,2.003296,1.921614,2.008917,1.734712,0.144961,0.141364,0.123693,0.106128,0.345326,0.072824,1.174914,1.639594,0.373643
44.466667,2.000465,1.996403,2.038912,1.946955,2.003265,1.929460,2.009261,1.734497,0.146038,0.140153,0.124043,0.103490,0.346442,0.073269,1.203738,1.631923,0.378405
44.483333,2.000447,1.996749,2.038553,1.947315,2.003251,1.934296,2.009410,1.734475,0.146556,0.139446,0.125351,0.101757,0.347170,0.073753,1.221009,1.614166,0.383779
44.500000,2.000429,1.997234,2.038474,1.947570,2.003245,1.936275,2.009543,1.732691,0.146772,0.138603,0.125474,0.100671,0.346923,0.074171,1.235818,1.594233,0.387246
44.516667,2.000410,1.998090,2.038501,1.946672,2.003245,1.940574,2.009724,1.730569,0.147322,0.138028,0.123720,0.099969,0.344208,0.073833,1.256522,1.571810,0.386763
44.533333,2.000380,1.999303,2.038479,1.945076,2.003246,1.946032,2.009920,1.734741,0.148009,0.137698,0.121049,0.099432,0.335622,0.072501,1.281313,1.545483,0.385010
44.550000,2.000355,2.000656,2.038289,1.943942,2.003263,1.948386,2.009988,1.737795,0.148451,0.137368,0.119168,0.099216,0.327889,0.071746,1.299946,1.512557,0.384240
44.566667,2.000328,2.001580,2.038068,1.943298,2.003360,1.946249,2.009943,1.739827,0.148416,0.137428,0.118688,0.099090,0.324489,0.071364,1.309780,1.490151,0.388472
44.583333,2.000317,2.001615,2.037577,1.942893,2.003445,1.945082,2.009921,1.741052,0.148297,0.137341,0.118259,0.099036,0.322843,0.071200,1.315308,1.479712,0.391935
44.600000,2.000305,2.001413,2.037309,1.942628,2.003511,1.944444,2.009912,1.741781,0.148219,0.137339,0.117544,0.099180,0.322122,0.071536,1.327101,1.481860,0.394511
44.616667,2.000276,2.000965,2.037427,1.942486,2.003655,1.943689,2.009919,1.742198,0.147731,0.136967,0.119394,0.099577,0.321827,0.071921,1.329869,1.493500,0.397194
44.633333,2.000274,2.000443,2.037782,1.942416,2.003904,1.940875,2.009937,1.742343,0.146585,0.135673,0.126742,0.100342,0.317461,0.072381,1.326546,1.506546,0.401736
44.650000,2.000288,1.999745,2.039280,1.942522,2.004199,1.938132,2.009941,1.742391,0.144657,0.133981,0.129448,0.101268,0.312587,0.072895,1.307232,1.556376,0.411598
44.666667,2.000290,1.999150,2.040773,1.941141,2.004419,1.934761,2.009843,1.742456,0.143396,0.132272,0.130405,0.101439,0.310040,0.073287,1.270837,1.600352,0.420602
44.683333,2.000280,1.998585,2.040747,1.938349,2.004561,1.928941,2.009766,1.737623,0.142760,0.131335,0.126296,0.101595,0.309242,0.073911,1.234313,1.626783,0.428407
44.700000,2.000268,1.998308,2.040510,1.941437,2.004342,1.922130,2.009714,1.725165,0.142552,0.133374,0.125560,0.103438,0.314629,0.074415,1.208654,1.633363,0.417539
44.716667,2.000259,1.998296,2.040090,1.942932,2.003879,1.915897,2.009586,1.730863,0.143309,0.137640,0.126536,0.106094,0.326155,0.074047,1.186452,1.626616,0.398736
44.733333,2.000280,1.998296,2.039174,1.943867,2.003541,1.912236,2.009505,1.735762,0.143679,0.141432,0.120107,0.108242,0.330654,0.073695,1.174080,1.621275,0.386553
44.750000,2.000339,1.997997,2.038883,1.944534,2.003380,1.910356,2.009464,1.738321,0.143758,0.143520,0.115871,0.109485,0.333015,0.073487,1.183117,1.622875,0.381191
44.766667,2.000387,1.997807,2.038915,1.944897,2.003286,1.911638,2.009546,1.739680,0.143888,0.145143,0.113503,0.110668,0.334362,0.073348,1.187475,1.627057,0.378494
44.783333,2.000415,1.997679,2.039240,1.945059,2.003227,1.915639,2.009744,1.740410,0.144325,0.146212,0.115381,0.111062,0.335385,0.073150,1.193308,1.632068,0.376996
44.800000,2.000392,1.998310,2.039204,1.945156,2.003185,1.922813,2.010019,1.740820,0.146106,0.145911,0.119476,0.108512,0.336108,0.072914,1.198773,1.625056,0.376464
44.816667,2.000358,1.998689,2.038908,1.945264,2.003153,1.926858,2.010197,1.741137,0.147573,0.145241,0.122793,0.106395,0.336620,0.072981,1.216210,1.608146,0.376584
44.833333,2.000334,1.999418,2.038788,1.945421,2.003134,1.930255,2.010402,1.737424,0.148198,0.144151,0.122369,0.105159,0.335695,0.073320,1.240864,1.587469,0.377150
44.850000,2.000315,2.000161,2.038625,1.944368,2.003103,1.935790,2.010678,1.737482,0.148947,0.143538,0.119809,0.104299,0.328855,0.072951,1.266551,1.566769,0.374949
44.866667,2.000286,2.001183,2.038823,1.942953,2.003071,1.941846,2.010946,1.742143,0.149683,0.143189,0.115280,0.103733,0.317688,0.071909,1.291968,1.545640,0.371917
44.883333,2.000262,2.002470,2.038474,1.942177,2.003104,1.946070,2.011105,1.744702,0.149825,0.143029,0.113808,0.103652,0.310395,0.071394,1.313692,1.508730,0.373443
44.900000,2.000248,2.003277,2.038009,1.941717,2.003184,1.944826,2.011092,1.746385,0.149714,0.142891,0.113728,0.103595,0.306973,0.071159,1.325683,1.482317,0.376846
44.916667,2.000248,2.003278,2.037401,1.941416,2.003253,1.944099,2.011085,1.747367,0.149606,0.142762,0.113606,0.103545,0.305243,0.071066,1.332411,1.469520,0.379739
44.933333,2.000252,2.002904,2.037327,1.941213,2.003333,1.943705,2.011084,1.747917,0.149315,0.142566,0.113771,0.103707,0.304387,0.071227,1.332470,1.476000,0.382416
44.950000,2.000263,2.002514,2.037822,1.941127,2.003542,1.942252,2.011113,1.745254,0.148255,0.141550,0.116131,0.104428,0.304028,0.071616,1.334652,1.497538,0.386579
44.966667,2.000283,2.002054,2.038680,1.941091,2.003804,1.939365,2.011117,1.743271,0.146899,0.140010,0.119524,0.105402,0.301903,0.071989,1.330985,1.528425,0.391750
44.983333,2.000311,2.001401,2.039597,1.941075,2.004094,1.936452,2.011114,1.742163,0.146261,0.137707,0.122180,0.105256,0.297394,0.072542,1.314627,1.570599,0.397337
45.000000,2.000324,2.000762,2.040249,1.939752,2.004348,1.932938,2.011079,1.741571,0.144961,0.135896,0.122792,0.105404,0.295035,0.072954,1.281168,1.609557,0.406820
45.016667,2.000325,2.000266,2.040406,1.936955,2.004529,1.929642,2.011041,1.741405,0.144419,0.135004,0.119974,0.105535,0.294390,0.073662,1.238594,1.637333,0.415591
