time,s1,s2,s3,s4,s5,s6,s7,s8,s9,s10,s11,s12,s13,s14,s15,s16,s17
1.000000,2.041065,2.013412,2.016364,2.011042,2.006004,2.004310,2.011557,2.012232,0.132440,0.395772,0.971640,1.859299,0.087061,1.682101,0.049597,0.605294,0.589134
1.016667,2.040069,2.013231,2.016206,2.011293,2.006031,2.004272,2.011869,2.012300,0.132380,0.415931,0.989474,1.854382,0.086267,1.680308,0.048436,0.627091,0.586420
1.033333,2.038073,2.013080,2.015906,2.011538,2.006038,2.004164,2.012222,2.012443,0.131840,0.434176,1.010609,1.842385,0.087147,1.693106,0.046491,0.652112,0.584076
1.050000,2.036261,2.013167,2.015686,2.011773,2.006206,2.004061,2.012522,2.012536,0.131291,0.448499,1.009199,1.830732,0.087574,1.719971,0.044696,0.683602,0.584191
1.066667,2.034550,2.013288,2.015573,2.011912,2.006306,2.003894,2.012768,2.012474,0.128540,0.460203,0.980157,1.822954,0.088325,1.741732,0.043299,0.714260,0.586760
1.083333,2.033270,2.013469,2.015526,2.012061,2.006373,2.003435,2.012996,2.012780,0.118058,0.471926,1.001023,1.804992,0.089491,1.767504,0.041096,0.745464,0.591598
1.100000,2.032935,2.014084,2.015238,2.012494,2.006289,2.003073,2.013208,2.013027,0.109348,0.483203,1.015169,1.796005,0.090464,1.801089,0.038792,0.769971,0.591601
1.116667,2.033550,2.014775,2.014918,2.012781,2.006255,2.002876,2.013345,2.013262,0.104450,0.494439,1.022379,1.801591,0.090075,1.818828,0.037327,0.776515,0.591779
1.133333,2.034231,2.015212,2.014606,2.012815,2.006215,2.002785,2.013771,2.013288,0.101583,0.528210,0.999902,1.808482,0.087889,1.830557,0.037267,0.762408,0.592167
1.150000,2.035015,2.015371,2.014562,2.012885,2.006171,2.002761,2.014480,2.013206,0.099728,0.580645,0.976562,1.816709,0.086189,1.843318,0.037324,0.758437,0.592595
1.166667,2.036140,2.015507,2.014525,2.012961,2.005808,2.002794,2.015201,2.013041,0.098832,0.641683,0.954260,1.816921,0.084277,1.852660,0.037862,0.757534,0.584585
1.183333,2.037626,2.016037,2.014502,2.013183,2.005315,2.002858,2.015848,2.012783,0.098602,0.708599,0.930928,1.821564,0.082053,1.852196,0.038949,0.787875,0.565517
1.200000,2.039484,2.016740,2.014545,2.013672,2.004770,2.002929,2.016397,2.012504,0.098656,0.776763,0.907249,1.829670,0.079722,1.848761,0.040258,0.820381,0.547782
1.216667,2.041944,2.017338,2.014419,2.014083,2.004270,2.002986,2.016647,2.012213,0.098871,0.824344,0.889195,1.837990,0.077807,1.830928,0.041516,0.840299,0.534423
1.233333,2.044552,2.017737,2.014300,2.014294,2.004034,2.003018,2.016750,2.011991,0.099082,0.850294,0.894913,1.844839,0.074947,1.816539,0.042648,0.851765,0.527087
1.250000,2.045745,2.017599,2.014075,2.014342,2.003911,2.003042,2.016882,2.012178,0.099400,0.864842,0.935760,1.843372,0.073259,1.805171,0.043124,0.871837,0.522959
1.266667,2.042849,2.017645,2.013956,2.014345,2.003940,2.003073,2.017067,2.012518,0.099714,0.873262,0.981497,1.823280,0.072849,1.810996,0.042293,0.905201,0.520938
1.283333,2.040240,2.017826,2.013819,2.014479,2.003979,2.003069,2.017249,2.012830,0.099903,0.883750,1.013263,1.802469,0.073908,1.838923,0.040318,0.945727,0.523103
1.300000,2.037423,2.018380,2.013732,2.014751,2.004199,2.003001,2.017490,2.013062,0.099785,0.900080,1.035973,1.782305,0.075882,1.881617,0.037538,0.996164,0.528416
1.316667,2.034918,2.019030,2.013395,2.014826,2.004261,2.002999,2.017679,2.013153,0.101076,0.911731,1.044270,1.765641,0.077222,1.918415,0.035308,1.034740,0.529154
1.333333,2.033288,2.019585,2.012840,2.014882,2.004124,2.002994,2.017871,2.013151,0.102405,0.921109,1.038000,1.756933,0.078087,1.941794,0.033767,1.063266,0.521684
1.350000,2.031522,2.019549,2.011957,2.015412,2.003894,2.002744,2.017991,2.013590,0.097861,0.926042,1.091175,1.722687,0.078294,1.939798,0.033494,1.080068,0.511999
1.366667,2.030167,2.019483,2.011469,2.016278,2.003678,2.002491,2.018011,2.014254,0.092680,0.925019,1.164058,1.676047,0.078454,1.932330,0.033499,1.089932,0.502024
1.383333,2.029139,2.019325,2.010770,2.017046,2.003505,2.002260,2.018049,2.014897,0.087542,0.925596,1.226456,1.628428,0.078694,1.926209,0.033471,1.096040,0.493101
1.400000,2.029517,2.019181,2.010040,2.017486,2.003422,2.002101,2.017997,2.015146,0.083290,0.926310,1.208106,1.625846,0.078842,1.913085,0.033539,1.099254,0.487874
1.416667,2.031010,2.018996,2.009622,2.017735,2.003379,2.002023,2.017822,2.015300,0.081045,0.925902,1.171599,1.663091,0.078070,1.900897,0.033367,1.100920,0.484289
1.433333,2.032911,2.018535,2.009384,2.017659,2.003566,2.001996,2.017631,2.015474,0.079897,0.925968,1.143569,1.708532,0.076591,1.887683,0.033134,1.099376,0.470883
1.450000,2.034270,2.018261,2.009298,2.017315,2.003869,2.001972,2.017474,2.015458,0.079266,0.934278,1.102256,1.740937,0.076235,1.884318,0.032544,1.082999,0.469751
1.466667,2.035055,2.017915,2.009456,2.017286,2.004189,2.001957,2.017768,2.015162,0.078526,0.978268,1.068791,1.758248,0.075587,1.885677,0.032240,1.078853,0.474119
1.483333,2.036005,2.017284,2.009645,2.017303,2.004456,2.001977,2.018307,2.014891,0.077859,1.037466,1.040213,1.767027,0.074355,1.883164,0.032500,1.075672,0.476041
1.500000,2.037009,2.017277,2.009616,2.017330,2.004682,2.002020,2.018987,2.014651,0.077331,1.103972,1.014953,1.762602,0.072896,1.882205,0.033116,1.069450,0.475767
1.516667,2.038662,2.017363,2.009718,2.017253,2.004447,2.002082,2.019551,2.014336,0.077085,1.165053,0.974153,1.769476,0.071507,1.868796,0.034075,1.055590,0.469194
1.533333,2.040300,2.017276,2.009906,2.017181,2.003934,2.002150,2.019788,2.014161,0.077218,1.215648,0.965696,1.778636,0.069357,1.839536,0.035532,1.038848,0.459591
1.550000,2.041988,2.017215,2.009906,2.017154,2.003536,2.002204,2.019976,2.013911,0.077390,1.246431,0.942785,1.791937,0.067170,1.801011,0.037083,1.024971,0.452364
1.566667,2.044197,2.017330,2.009725,2.017019,2.003316,2.002241,2.020191,2.013660,0.077733,1.262095,0.928862,1.804066,0.065851,1.771930,0.037966,1.020691,0.448213
1.583333,2.047066,2.017242,2.009418,2.016925,2.003211,2.002264,2.020267,2.013467,0.078007,1.270260,0.914244,1.819633,0.065208,1.751566,0.038407,1.036920,0.445080
1.600000,2.046820,2.017308,2.009244,2.016912,2.003144,2.002265,2.020465,2.013140,0.078167,1.274790,0.893458,1.825228,0.065686,1.753782,0.037792,1.073140,0.443836
1.616667,2.045040,2.017819,2.009285,2.016999,2.003226,2.002277,2.020703,2.012884,0.078337,1.277352,0.877434,1.824880,0.066984,1.774745,0.036363,1.113806,0.444996
1.633333,2.043491,2.018420,2.009374,2.017246,2.003518,2.002225,2.020814,2.012719,0.078539,1.277637,0.863135,1.826397,0.069193,1.809594,0.034184,1.163406,0.446609
1.650000,2.041503,2.018889,2.009332,2.017390,2.003774,2.002181,2.020811,2.012971,0.078876,1.275548,0.884993,1.820985,0.070212,1.834625,0.032544,1.198276,0.446820
1.666667,2.039824,2.019306,2.009488,2.017672,2.003903,2.002145,2.020807,2.013239,0.079236,1.272749,0.930863,1.811845,0.070863,1.860199,0.031065,1.221941,0.448061
1.683333,2.038093,2.019438,2.009164,2.018277,2.003956,2.002101,2.021069,2.013519,0.079370,1.282888,0.984888,1.804165,0.071221,1.872103,0.029848,1.237407,0.450394
1.700000,2.036717,2.019404,2.008596,2.019241,2.003814,2.002078,2.021229,2.013855,0.080221,1.290408,1.061566,1.786249,0.070869,1.862481,0.029621,1.246627,0.450047
1.716667,2.035646,2.019354,2.008386,2.020102,2.003641,2.001918,2.021356,2.014266,0.077016,1.296210,1.127880,1.756119,0.070976,1.846626,0.029677,1.252416,0.449066
1.733333,2.035914,2.019259,2.008043,2.020603,2.003551,2.001806,2.021271,2.014517,0.074422,1.298901,1.126382,1.753718,0.071352,1.828912,0.029768,1.255180,0.448596
1.750000,2.036559,2.018588,2.008086,2.020899,2.003507,2.001745,2.021021,2.014775,0.073009,1.300604,1.100766,1.773814,0.070874,1.809107,0.029947,1.256611,0.447870
1.766667,2.037388,2.017814,2.008357,2.021159,2.003751,2.001727,2.020725,2.015264,0.072259,1.302383,1.080790,1.790210,0.070235,1.799575,0.029634,1.269577,0.444396
1.783333,2.038729,2.017172,2.008500,2.021496,2.004183,2.001733,2.020453,2.015672,0.071882,1.304310,1.064088,1.794893,0.070026,1.802695,0.029209,1.293488,0.439792
1.800000,2.039676,2.016695,2.008778,2.021719,2.004635,2.001721,2.020554,2.015687,0.071431,1.325474,1.046136,1.795480,0.069740,1.809567,0.028994,1.302580,0.442814
1.816667,2.040535,2.015887,2.009402,2.021832,2.005019,2.001695,2.021300,2.015377,0.070153,1.379041,1.024014,1.793490,0.068728,1.801570,0.029395,1.299732,0.447610
1.833333,2.041921,2.014682,2.010363,2.021882,2.005152,2.001675,2.022322,2.015119,0.068267,1.445494,1.003135,1.793879,0.067359,1.771853,0.030319,1.290063,0.447203
1.850000,2.043373,2.014027,2.011216,2.021919,2.004720,2.001670,2.023229,2.014953,0.066556,1.504064,0.989721,1.794243,0.066083,1.729973,0.031395,1.279668,0.437018
1.866667,2.044659,2.013557,2.011999,2.021952,2.004359,2.001653,2.023535,2.014839,0.065451,1.540989,0.995098,1.793030,0.064512,1.680765,0.032495,1.269187,0.432302
1.883333,2.046836,2.013165,2.012501,2.022007,2.004094,2.001636,2.024461,2.014620,0.064737,1.565855,0.965952,1.807354,0.062766,1.615138,0.033784,1.260016,0.430021
1.900000,2.048623,2.012775,2.012582,2.022211,2.003948,2.001632,2.024817,2.014237,0.064541,1.576717,0.919099,1.824139,0.062017,1.554043,0.034655,1.264655,0.428521
1.916667,2.047406,2.012072,2.012563,2.022427,2.003830,2.001638,2.024780,2.013692,0.064592,1.580706,0.859753,1.831651,0.062513,1.496666,0.035098,1.283616,0.427332
1.933333,2.044276,2.011568,2.012389,2.022600,2.003766,2.001647,2.024767,2.013425,0.064700,1.582740,0.840500,1.822828,0.063469,1.462550,0.034944,1.317097,0.428550
1.950000,2.041773,2.011252,2.012079,2.022722,2.003761,2.001661,2.024856,2.013295,0.064882,1.583682,0.842052,1.808974,0.064565,1.448968,0.034386,1.351691,0.430581
1.966667,2.039199,2.010933,2.011759,2.023001,2.003907,2.001674,2.024888,2.013179,0.065134,1.583478,0.852374,1.794249,0.065358,1.436977,0.033996,1.387275,0.430448
1.983333,2.037240,2.010899,2.011732,2.023329,2.004139,2.001638,2.024969,2.012978,0.065503,1.583335,0.849608,1.787374,0.066398,1.449001,0.033612,1.426216,0.430124
2.000000,2.035605,2.010980,2.011764,2.023589,2.004424,2.001588,2.025094,2.012750,0.065915,1.583446,0.845256,1.784740,0.067276,1.461989,0.032964,1.463638,0.429896
2.016667,2.034713,2.011183,2.011934,2.023911,2.004724,2.001536,2.025130,2.012808,0.066434,1.581772,0.868225,1.792814,0.066412,1.478910,0.032162,1.501154,0.430719
2.033333,2.035226,2.011480,2.012211,2.024895,2.004923,2.001489,2.025159,2.013026,0.066937,1.579399,0.902328,1.813669,0.064568,1.499075,0.031396,1.536287,0.434242
2.050000,2.037707,2.011665,2.012403,2.026365,2.005004,2.001362,2.025538,2.013159,0.064679,1.585813,0.915438,1.837264,0.063099,1.510030,0.030894,1.557218,0.437248
2.066667,2.041174,2.011796,2.012521,2.027286,2.005049,2.001286,2.025777,2.013313,0.062948,1.590297,0.903069,1.858210,0.062495,1.521224,0.030385,1.567556,0.438567
2.083333,2.041811,2.012088,2.012553,2.027804,2.005133,2.001248,2.025628,2.013471,0.061957,1.593335,0.873084,1.858819,0.062956,1.550402,0.029600,1.567737,0.438576
2.100000,2.042578,2.012226,2.012290,2.028206,2.005547,2.001231,2.025290,2.013356,0.061394,1.595699,0.840722,1.860958,0.063475,1.573922,0.028863,1.564984,0.436350
2.116667,2.043549,2.012066,2.012145,2.028550,2.006013,2.001226,2.024846,2.012910,0.061075,1.594343,0.811870,1.862631,0.063621,1.587148,0.028333,1.561069,0.428307
2.133333,2.044871,2.011771,2.012219,2.028798,2.006312,2.001225,2.024425,2.012543,0.060855,1.584684,0.786788,1.866212,0.063838,1.593265,0.027934,1.556904,0.422571
2.150000,2.046194,2.011483,2.012468,2.028998,2.006543,2.001189,2.024719,2.012269,0.059961,1.601795,0.766123,1.872471,0.063656,1.596579,0.027776,1.552196,0.425240
2.166667,2.047860,2.011226,2.012738,2.029152,2.006216,2.001170,2.025241,2.012055,0.058591,1.637662,0.753373,1.878232,0.063050,1.598853,0.027802,1.546947,0.415733
2.183333,2.049645,2.010625,2.013266,2.029136,2.005901,2.001144,2.025328,2.011836,0.057649,1.663628,0.756633,1.884143,0.061369,1.565432,0.028410,1.535887,0.410159
2.200000,2.051158,2.009848,2.013678,2.029053,2.005585,2.001114,2.025470,2.011626,0.056942,1.678440,0.758608,1.890223,0.059471,1.514378,0.029246,1.522491,0.407637
2.216667,2.053113,2.009680,2.013951,2.029049,2.005318,2.001093,2.026461,2.011439,0.056142,1.693279,0.748965,1.899084,0.058308,1.443049,0.030130,1.511136,0.405151
2.233333,2.054766,2.009436,2.013923,2.029135,2.005173,2.001083,2.027093,2.011313,0.055600,1.703713,0.747170,1.906639,0.057725,1.371867,0.030760,1.513159,0.403719
2.250000,2.053220,2.009138,2.013599,2.029095,2.004993,2.001099,2.027196,2.011107,0.055428,1.708689,0.760488,1.902859,0.057482,1.319048,0.031114,1.527300,0.402906
2.266667,2.049679,2.009015,2.013318,2.028831,2.004813,2.001122,2.027265,2.010909,0.055393,1.711487,0.779980,1.887494,0.057728,1.297682,0.031060,1.541159,0.402477
2.283333,2.046573,2.008876,2.012917,2.028895,2.004826,2.001147,2.027509,2.010804,0.055491,1.712811,0.798385,1.870796,0.058233,1.302963,0.030644,1.564694,0.405367
2.300000,2.043572,2.008597,2.012394,2.028908,2.004896,2.001159,2.027575,2.010722,0.055730,1.712598,0.801389,1.856131,0.058865,1.303351,0.030378,1.587263,0.408674
2.316667,2.040458,2.008306,2.012010,2.028837,2.004954,2.001132,2.027482,2.010546,0.056137,1.711694,0.779872,1.843641,0.059863,1.284783,0.030371,1.607651,0.412302
2.333333,2.038162,2.008159,2.011816,2.028793,2.004994,2.001103,2.027305,2.010260,0.056611,1.710015,0.752186,1.837317,0.060887,1.272949,0.030374,1.626510,0.416203
2.350000,2.037287,2.008196,2.011998,2.028981,2.005117,2.001082,2.027152,2.009979,0.057451,1.707832,0.730823,1.841055,0.061936,1.281871,0.030311,1.652256,0.415776
2.366667,2.038671,2.008378,2.012162,2.029032,2.005208,2.001068,2.027207,2.009716,0.058501,1.708017,0.714178,1.849890,0.062731,1.287584,0.030278,1.672383,0.412177
2.383333,2.041744,2.008478,2.012306,2.030163,2.005255,2.001056,2.027387,2.009459,0.059334,1.711071,0.729988,1.861206,0.062274,1.290854,0.029827,1.684974,0.409339
2.400000,2.042720,2.008538,2.012200,2.030980,2.005276,2.001051,2.027288,2.009230,0.059694,1.713210,0.741365,1.861204,0.061886,1.297422,0.029383,1.691706,0.407672
2.416667,2.042699,2.008717,2.011895,2.031426,2.005296,2.001048,2.026951,2.009116,0.059788,1.714869,0.719793,1.854762,0.062900,1.322257,0.028673,1.692195,0.406821
2.433333,2.043267,2.008862,2.011383,2.031411,2.005590,2.001053,2.026593,2.009062,0.059788,1.716387,0.692583,1.852618,0.064032,1.352230,0.027975,1.683771,0.404490
2.450000,2.044732,2.008855,2.010793,2.031446,2.005980,2.001063,2.026159,2.008986,0.059614,1.709091,0.671198,1.854596,0.064662,1.373243,0.027536,1.677378,0.396870
2.466667,2.047703,2.008710,2.010548,2.031543,2.006270,2.001072,2.025806,2.008846,0.059366,1.701548,0.652957,1.866104,0.065006,1.382029,0.027233,1.672548,0.390539
2.483333,2.049941,2.008558,2.010475,2.031663,2.005989,2.001083,2.025874,2.008980,0.058642,1.704036,0.652906,1.872130,0.064058,1.386900,0.027240,1.668146,0.374846
2.500000,2.051926,2.008004,2.010906,2.031801,2.005675,2.001059,2.026348,2.009259,0.057464,1.720589,0.666372,1.879444,0.061873,1.361479,0.027613,1.664035,0.367717
2.516667,2.053950,2.007167,2.011694,2.031764,2.005391,2.001034,2.026406,2.009458,0.056717,1.728697,0.676661,1.888967,0.059426,1.299713,0.028332,1.655046,0.364613
2.533333,2.054954,2.006380,2.012239,2.031686,2.005112,2.001013,2.026116,2.009628,0.056187,1.729258,0.677921,1.894543,0.057362,1.234930,0.029110,1.644793,0.364499
2.550000,2.055957,2.006065,2.012567,2.031628,2.004873,2.001003,2.026528,2.009560,0.055901,1.730783,0.670614,1.901968,0.055933,1.165182,0.029876,1.634585,0.364210
2.566667,2.055870,2.005850,2.012471,2.031495,2.004744,2.001003,2.026840,2.009251,0.055646,1.740261,0.673344,1.902272,0.056025,1.100990,0.030195,1.631763,0.364057
2.583333,2.055630,2.005512,2.012179,2.031494,2.004602,2.001017,2.027097,2.008882,0.055253,1.754922,0.687314,1.899373,0.056612,1.058924,0.030292,1.647016,0.363849
2.600000,2.056189,2.005210,2.012054,2.031315,2.004409,2.001042,2.027287,2.008651,0.054971,1.765280,0.706806,1.897933,0.056884,1.036323,0.030285,1.660476,0.363780
2.616667,2.056200,2.005167,2.011947,2.031378,2.004372,2.001053,2.027601,2.008299,0.054906,1.771046,0.712010,1.896602,0.057303,1.038897,0.030060,1.676780,0.365426
2.633333,2.054206,2.005092,2.011759,2.031612,2.004440,2.001068,2.027629,2.007993,0.054918,1.773930,0.690264,1.889170,0.058381,1.047181,0.029842,1.696073,0.368788
2.650000,2.051746,2.004831,2.011381,2.031519,2.004457,2.001066,2.027465,2.007787,0.055212,1.774464,0.676519,1.881089,0.059177,1.031758,0.029841,1.710948,0.371415
2.666667,2.049280,2.004702,2.011135,2.031463,2.004380,2.001047,2.027475,2.007542,0.055906,1.775904,0.666797,1.871951,0.059897,1.015171,0.029889,1.723489,0.371953
2.683333,2.046405,2.004791,2.011345,2.031659,2.004226,2.001053,2.027845,2.007226,0.057215,1.781055,0.654519,1.857495,0.061039,1.017484,0.029827,1.740086,0.367380
2.700000,2.043396,2.004905,2.011343,2.032053,2.004081,2.001056,2.028325,2.006791,0.058547,1.786424,0.637052,1.840248,0.062578,1.016233,0.029506,1.753194,0.362006
2.716667,2.041035,2.004940,2.011021,2.033681,2.003913,2.001056,2.028801,2.006478,0.059622,1.790384,0.626212,1.826384,0.063245,1.008982,0.029389,1.763774,0.358901
2.733333,2.040339,2.005022,2.010397,2.034322,2.003825,2.001061,2.029102,2.006404,0.060065,1.793340,0.630048,1.817792,0.062763,1.018716,0.029389,1.765048,0.357210
2.750000,2.040410,2.005216,2.009736,2.033630,2.003797,2.001065,2.028978,2.006473,0.060179,1.795292,0.616396,1.810124,0.063362,1.048856,0.028947,1.754046,0.356535
2.766667,2.041030,2.005411,2.009278,2.032911,2.003950,2.001077,2.028756,2.006564,0.060070,1.795138,0.594787,1.807628,0.063981,1.080676,0.028500,1.742790,0.356343
2.783333,2.042403,2.005502,2.008919,2.032654,2.004307,2.001099,2.028489,2.006635,0.059858,1.789477,0.578052,1.807404,0.064544,1.107171,0.028102,1.735128,0.352783
2.800000,2.044330,2.005555,2.008724,2.032433,2.004659,2.001111,2.028307,2.006759,0.059741,1.783894,0.570544,1.810131,0.064563,1.126647,0.027882,1.729334,0.347219
2.816667,2.047179,2.005489,2.008670,2.032416,2.004784,2.001118,2.028068,2.007185,0.059690,1.778194,0.586076,1.819045,0.062703,1.134751,0.027919,1.725188,0.340686
2.833333,2.049203,2.005265,2.008996,2.032424,2.004352,2.001131,2.027746,2.007556,0.059559,1.772477,0.599346,1.821300,0.060863,1.122791,0.028184,1.720642,0.327536
2.850000,2.050816,2.004657,2.009893,2.032318,2.004054,2.001119,2.027238,2.007745,0.059116,1.766528,0.604894,1.825857,0.058936,1.063575,0.028810,1.712985,0.326727
2.866667,2.052016,2.004042,2.010573,2.032223,2.003776,2.001108,2.026667,2.007886,0.058771,1.759779,0.603633,1.831254,0.057248,0.999016,0.029486,1.704895,0.328094
2.883333,2.053156,2.003813,2.010925,2.032157,2.003581,2.001103,2.026557,2.007909,0.058584,1.754231,0.596841,1.838108,0.056142,0.937590,0.030102,1.697082,0.329461
2.900000,2.053942,2.003777,2.010819,2.031896,2.003472,2.001102,2.026630,2.007650,0.058471,1.755420,0.595073,1.842128,0.056232,0.898009,0.030089,1.692390,0.330220
2.916667,2.053229,2.003586,2.010674,2.031890,2.003391,2.001103,2.026666,2.007294,0.058385,1.765809,0.607126,1.835257,0.057028,0.876562,0.029996,1.705737,0.330073
2.933333,2.051529,2.003299,2.010568,2.032030,2.003221,2.001104,2.026799,2.007109,0.058338,1.774212,0.623129,1.817636,0.057816,0.865002,0.029852,1.722103,0.329784
2.950000,2.049564,2.003150,2.010466,2.032403,2.003090,2.001103,2.027120,2.006815,0.058362,1.779424,0.622665,1.804398,0.058722,0.862091,0.029772,1.741273,0.327155
2.966667,2.047491,2.003138,2.010233,2.033099,2.003035,2.001109,2.027410,2.006343,0.058247,1.783358,0.619310,1.794473,0.059519,0.872998,0.029529,1.763892,0.322486
2.983333,2.046104,2.003028,2.010089,2.033972,2.003086,2.001118,2.027557,2.005903,0.058307,1.785662,0.615994,1.792837,0.059996,0.867549,0.029440,1.782143,0.318412
3.000000,2.045651,2.002932,2.009923,2.034388,2.003001,2.001128,2.027408,2.005549,0.059896,1.785658,0.599741,1.803549,0.060491,0.848850,0.029480,1.795390,0.313511
3.016667,2.044576,2.002904,2.009743,2.033981,2.002832,2.001131,2.027558,2.004858,0.061240,1.788956,0.587912,1.812943,0.061023,0.832776,0.029402,1.794249,0.309370
3.033333,2.043308,2.003011,2.009865,2.033152,2.002663,2.001124,2.027954,2.004133,0.062167,1.794136,0.572416,1.816401,0.062111,0.834303,0.028968,1.784790,0.305690
3.050000,2.041323,2.003184,2.009917,2.033524,2.002505,2.001123,2.028354,2.003618,0.062913,1.797805,0.555623,1.812013,0.063421,0.850674,0.028635,1.773579,0.303344
3.066667,2.039855,2.003385,2.009664,2.032855,2.002424,2.001123,2.028383,2.003545,0.063216,1.800002,0.545811,1.806649,0.063857,0.877620,0.028546,1.751318,0.302162
3.083333,2.038865,2.003608,2.009248,2.031955,2.002397,2.001119,2.028144,2.003648,0.063278,1.801474,0.531356,1.802054,0.064386,0.914511,0.028357,1.731202,0.301814
3.100000,2.038760,2.003773,2.008746,2.031265,2.002556,2.001113,2.027902,2.004024,0.063238,1.802794,0.515468,1.797152,0.065004,0.948113,0.027992,1.716159,0.301750
3.116667,2.039492,2.003930,2.008380,2.030777,2.002961,2.001111,2.027618,2.004593,0.063192,1.797925,0.510217,1.792091,0.064932,0.976833,0.027739,1.704750,0.296538
3.133333,2.040688,2.004093,2.008184,2.030263,2.003191,2.001115,2.027549,2.005484,0.062971,1.793045,0.526586,1.787974,0.063011,1.001457,0.027656,1.696459,0.290713
3.150000,2.042058,2.004191,2.008047,2.029926,2.003387,2.001120,2.027529,2.006199,0.062616,1.788238,0.538981,1.786544,0.061620,1.020278,0.027641,1.689933,0.286483
3.166667,2.044588,2.004083,2.008296,2.029767,2.003397,2.001126,2.027418,2.006760,0.062211,1.783064,0.551877,1.794957,0.059634,1.016237,0.027869,1.683933,0.281667
3.183333,2.046600,2.003677,2.009018,2.029607,2.003063,2.001122,2.027194,2.007247,0.061758,1.777250,0.555652,1.797959,0.057796,0.975858,0.028309,1.675203,0.279871
3.200000,2.048129,2.003300,2.009652,2.029525,2.002755,2.001116,2.026758,2.007486,0.061437,1.770626,0.552089,1.799406,0.056415,0.925001,0.028833,1.666972,0.280270
3.216667,2.049453,2.003124,2.009987,2.029444,2.002492,2.001107,2.026667,2.007546,0.061351,1.763966,0.544529,1.803672,0.055424,0.869405,0.029354,1.658290,0.280447
3.233333,2.050025,2.003082,2.010119,2.029789,2.002349,2.001092,2.026737,2.007314,0.061353,1.762710,0.540108,1.804589,0.055620,0.834017,0.029371,1.659091,0.280506
3.250000,2.048101,2.003031,2.010162,2.030192,2.002251,2.001088,2.026780,2.007003,0.061282,1.771122,0.544527,1.793907,0.056656,0.815333,0.029216,1.678199,0.280270
3.266667,2.046361,2.002905,2.010285,2.030594,2.002059,2.001086,2.026841,2.006808,0.061238,1.777866,0.555117,1.779086,0.057331,0.805004,0.029050,1.697730,0.280113
3.283333,2.044991,2.002778,2.010327,2.030969,2.001886,2.001108,2.027223,2.006606,0.061694,1.784156,0.563742,1.769005,0.057784,0.801059,0.029098,1.712794,0.279987
3.300000,2.044740,2.002605,2.009916,2.031711,2.001742,2.001174,2.027799,2.006286,0.062287,1.792891,0.561809,1.773325,0.058254,0.801048,0.029329,1.731515,0.278005
3.316667,2.044830,2.002568,2.009441,2.032565,2.001618,2.001225,2.028290,2.005833,0.062681,1.799060,0.554850,1.783391,0.058654,0.808216,0.029351,1.753466,0.274817
3.333333,2.044095,2.002509,2.009238,2.032777,2.001460,2.001279,2.028663,2.005083,0.063603,1.803267,0.549207,1.796042,0.059215,0.790968,0.029279,1.765114,0.270473
3.350000,2.042972,2.002503,2.009129,2.032099,2.001279,2.001328,2.028912,2.004394,0.064750,1.805221,0.546884,1.804358,0.059803,0.780867,0.028942,1.762020,0.266571
3.366667,2.041422,2.002606,2.009084,2.031444,2.001085,2.001330,2.029169,2.003796,0.065913,1.806503,0.540129,1.807142,0.060513,0.778760,0.028629,1.751419,0.263876
3.383333,2.039552,2.002717,2.008881,2.032741,2.000906,2.001320,2.029644,2.003386,0.066155,1.810766,0.532875,1.803209,0.061369,0.778831,0.028460,1.752619,0.262194
3.400000,2.038199,2.002846,2.008315,2.033336,2.000824,2.001315,2.029713,2.003279,0.066266,1.813228,0.521862,1.798821,0.062133,0.793719,0.028273,1.751420,0.261411
3.416667,2.037346,2.003006,2.007649,2.033109,2.000799,2.001310,2.029536,2.003272,0.066186,1.816128,0.503563,1.795214,0.063055,0.821867,0.028023,1.745312,0.261230
3.433333,2.037488,2.003139,2.006967,2.032550,2.000775,2.001318,2.029752,2.003194,0.065539,1.828320,0.483178,1.794228,0.064409,0.851440,0.027556,1.738178,0.261279
3.450000,2.038389,2.003226,2.006137,2.032191,2.000810,2.001415,2.030415,2.003235,0.066243,1.845407,0.464317,1.792008,0.065979,0.869101,0.027253,1.737217,0.261254
3.466667,2.039822,2.003315,2.005605,2.032080,2.000850,2.001566,2.031632,2.003382,0.068139,1.864055,0.448278,1.788748,0.067720,0.884793,0.027005,1.735696,0.261332
3.483333,2.041751,2.003364,2.005299,2.032070,2.000421,2.001675,2.032713,2.004178,0.069155,1.879194,0.467458,1.788103,0.065293,0.899644,0.027005,1.733153,0.261672
3.500000,2.044695,2.003229,2.005475,2.032096,1.999575,2.001738,2.033497,2.004808,0.069272,1.891421,0.473616,1.803447,0.063060,0.891809,0.027328,1.729869,0.253231
3.516667,2.047520,2.002811,2.006290,2.032020,1.998741,2.001777,2.033993,2.005362,0.069075,1.900093,0.447240,1.824870,0.061925,0.845484,0.028071,1.723680,0.244892
3.533333,2.049942,2.002529,2.007030,2.032043,1.998004,2.001792,2.034157,2.006123,0.068889,1.903875,0.422886,1.832593,0.060937,0.792985,0.028886,1.718924,0.239451
3.550000,2.051864,2.002381,2.007696,2.032295,1.997445,2.001775,2.033807,2.006318,0.068570,1.902431,0.402460,1.836509,0.060239,0.742277,0.029540,1.719849,0.239271
3.566667,2.051944,2.002301,2.008008,2.032760,1.997158,2.001765,2.033780,2.006151,0.068428,1.899340,0.389803,1.832694,0.060038,0.711221,0.029922,1.729617,0.239007
3.583333,2.049562,2.002203,2.008011,2.033049,1.996996,2.001760,2.033787,2.005891,0.068359,1.897226,0.385684,1.818806,0.060566,0.695029,0.029977,1.745968,0.238648
3.600000,2.046615,2.002106,2.008184,2.033490,1.996898,2.001760,2.033782,2.005688,0.068358,1.896985,0.388860,1.800503,0.061084,0.688069,0.029839,1.762921,0.238310
3.616667,2.043858,2.002038,2.008226,2.034021,1.996898,2.001803,2.034211,2.005672,0.070286,1.898039,0.397762,1.785354,0.061127,0.685091,0.029774,1.774096,0.237952
3.633333,2.042150,2.001969,2.007699,2.034922,1.997285,2.001765,2.035027,2.005548,0.071399,1.901407,0.408151,1.782175,0.060900,0.688893,0.029670,1.788076,0.235556
3.650000,2.041486,2.001969,2.007186,2.035733,1.997678,2.001737,2.035181,2.005313,0.072273,1.900859,0.421962,1.787685,0.060182,0.681610,0.029515,1.806117,0.231971
3.666667,2.040630,2.002002,2.006733,2.035052,1.997719,2.001704,2.035046,2.005196,0.073063,1.898476,0.440173,1.788166,0.059454,0.670767,0.029482,1.807358,0.229616
3.683333,2.038098,2.002105,2.007259,2.034097,1.997681,2.001677,2.034810,2.005167,0.074146,1.895287,0.457313,1.775299,0.059413,0.685077,0.029362,1.803417,0.225221
3.700000,2.035489,2.002317,2.007750,2.033104,1.997473,2.001645,2.034584,2.005327,0.075074,1.891630,0.471373,1.756200,0.059638,0.701522,0.029310,1.799194,0.221731
3.716667,2.033766,2.002473,2.007949,2.033286,1.997275,2.001506,2.034459,2.005678,0.072303,1.888292,0.482822,1.737820,0.060021,0.716486,0.029034,1.784398,0.219884
3.733333,2.032686,2.002729,2.007418,2.032979,1.997164,2.001418,2.034191,2.006093,0.070301,1.886207,0.490606,1.723735,0.060291,0.746070,0.028679,1.763272,0.218905
3.750000,2.031744,2.002940,2.006787,2.032156,1.997113,2.001378,2.033849,2.006454,0.069154,1.885146,0.497913,1.704680,0.060469,0.783741,0.028284,1.739413,0.218634
3.766667,2.032066,2.003172,2.006098,2.031526,1.997505,2.001406,2.034315,2.006383,0.068667,1.893581,0.486825,1.704599,0.061293,0.824572,0.027679,1.723359,0.218664
3.783333,2.033405,2.003357,2.005693,2.031103,1.997982,2.001534,2.035461,2.006184,0.070011,1.907478,0.472088,1.714304,0.062328,0.855748,0.027224,1.711793,0.217772
3.800000,2.035428,2.003528,2.005456,2.030841,1.998593,2.001637,2.035861,2.006150,0.070827,1.919092,0.462775,1.730772,0.062298,0.881938,0.027063,1.703214,0.213167
3.816667,2.037499,2.003672,2.005289,2.030449,1.998949,2.001689,2.036211,2.006603,0.070760,1.928279,0.463759,1.739210,0.060806,0.904523,0.027137,1.696066,0.209312
3.833333,2.038822,2.003769,2.005133,2.030094,1.999305,2.001694,2.036523,2.007088,0.070525,1.935102,0.465389,1.731568,0.059164,0.925020,0.027252,1.689478,0.210465
3.850000,2.040353,2.003668,2.005470,2.029916,1.999565,2.001679,2.036375,2.007382,0.070364,1.937556,0.462513,1.727340,0.057598,0.921649,0.027437,1.681292,0.213550
3.866667,2.041971,2.003364,2.006090,2.029792,1.999253,2.001657,2.035803,2.007454,0.070167,1.937207,0.454699,1.728135,0.056344,0.893350,0.027815,1.672587,0.212243
3.883333,2.043639,2.003401,2.006275,2.029656,1.998904,2.001642,2.036054,2.007409,0.070081,1.932808,0.442278,1.732510,0.055495,0.873944,0.028095,1.662090,0.212136
3.900000,2.044175,2.003529,2.006500,2.030029,1.998709,2.001627,2.035809,2.007362,0.070169,1.923898,0.436780,1.729622,0.055633,0.866471,0.028026,1.663708,0.212025
3.916667,2.042525,2.003521,2.006621,2.030650,1.998586,2.001625,2.035290,2.007192,0.070323,1.917747,0.444179,1.713605,0.056089,0.869446,0.027756,1.688222,0.211632
3.933333,2.040520,2.003517,2.007236,2.031630,1.998374,2.001645,2.034847,2.006980,0.070926,1.914503,0.458761,1.693421,0.056852,0.898862,0.027170,1.721222,0.211284
3.950000,2.038522,2.003556,2.007706,2.032804,1.998090,2.001752,2.035191,2.006807,0.073237,1.914836,0.471004,1.675956,0.057923,0.924254,0.026710,1.749339,0.211010
3.966667,2.036603,2.003579,2.008025,2.033568,1.997831,2.001896,2.035587,2.006669,0.076063,1.917001,0.477733,1.663141,0.058784,0.940852,0.026557,1.761600,0.210876
3.983333,2.034593,2.003510,2.007655,2.033323,1.997579,2.002023,2.035965,2.006678,0.078534,1.918418,0.492181,1.643642,0.058980,0.954993,0.026514,1.758524,0.210946
4.000000,2.032423,2.003431,2.007402,2.032753,1.997419,2.002124,2.036140,2.006787,0.080697,1.917667,0.510065,1.613244,0.058907,0.957623,0.026544,1.752127,0.206799
4.016667,2.030482,2.003397,2.007561,2.031834,1.997255,2.002164,2.035712,2.006902,0.082350,1.913788,0.527702,1.582044,0.058670,0.944680,0.026553,1.740287,0.203517
4.033333,2.029019,2.003463,2.008182,2.031051,1.996995,2.002021,2.035328,2.007041,0.080051,1.909576,0.544525,1.551526,0.058752,0.947789,0.026485,1.732077,0.200969
4.050000,2.028444,2.003523,2.008164,2.031978,1.996771,2.001840,2.035121,2.007173,0.075826,1.905992,0.549462,1.531852,0.059243,0.951194,0.026357,1.733582,0.199664
4.066667,2.029011,2.003556,2.007458,2.032571,1.996665,2.001737,2.034857,2.007080,0.073152,1.903831,0.524333,1.548620,0.060138,0.963783,0.026240,1.733700,0.198848
4.083333,2.029376,2.003596,2.006808,2.032296,1.996656,2.001684,2.034547,2.007156,0.072054,1.902965,0.520940,1.545217,0.060387,0.990830,0.026018,1.726112,0.200860
4.100000,2.030039,2.003646,2.006306,2.031670,1.996687,2.001665,2.034676,2.007125,0.071211,1.904829,0.510134,1.551755,0.060902,1.022306,0.025660,1.715325,0.203715
4.116667,2.031194,2.003726,2.006001,2.031479,1.996729,2.001747,2.035634,2.006891,0.071884,1.914916,0.498617,1.564787,0.061697,1.043123,0.025305,1.712706,0.205264
4.133333,2.032432,2.003873,2.005743,2.031539,1.996813,2.001783,2.036303,2.006579,0.072270,1.922411,0.477229,1.574706,0.062920,1.054411,0.025041,1.712336,0.209295
4.150000,2.033802,2.003936,2.005869,2.031548,1.996575,2.001796,2.036441,2.006407,0.072532,1.925138,0.456157,1.580830,0.063881,1.063993,0.024907,1.708543,0.214145
4.166667,2.035348,2.003770,2.006550,2.031494,1.995655,2.001795,2.036176,2.006450,0.072638,1.925141,0.446218,1.592128,0.063987,1.052816,0.024975,1.702298,0.212846
4.183333,2.036789,2.003585,2.007195,2.031455,1.994776,2.001782,2.035548,2.006687,0.072640,1.923397,0.445296,1.606173,0.062375,1.041332,0.025206,1.695505,0.211381
4.200000,2.037890,2.003386,2.007766,2.031292,1.993975,2.001762,2.034712,2.006753,0.072545,1.920470,0.439403,1.613997,0.061102,1.009421,0.025498,1.686382,0.211425
4.216667,2.039423,2.003127,2.008003,2.031077,1.993207,2.001747,2.034720,2.006686,0.072424,1.918796,0.420334,1.629553,0.060455,0.946951,0.026059,1.677259,0.211980
4.233333,2.040733,2.003159,2.008023,2.031400,1.992817,2.001760,2.034532,2.006626,0.072599,1.911349,0.406947,1.640337,0.060738,0.921505,0.026177,1.687612,0.212190
4.250000,2.040121,2.003108,2.008044,2.031797,1.992599,2.001767,2.034179,2.006680,0.072763,1.906809,0.406751,1.632652,0.061162,0.908310,0.026111,1.707438,0.212044
4.266667,2.038453,2.003042,2.008249,2.032293,1.992468,2.001840,2.033789,2.006746,0.074744,1.904604,0.417797,1.618649,0.061576,0.901721,0.025967,1.726089,0.211792
4.283333,2.036767,2.003021,2.008238,2.032836,1.992439,2.001956,2.033821,2.006691,0.077234,1.904810,0.425414,1.605698,0.062105,0.899296,0.025953,1.739708,0.211008
4.300000,2.035859,2.002888,2.007412,2.033517,1.992222,2.002065,2.034273,2.006594,0.078712,1.908057,0.438409,1.595694,0.062114,0.899583,0.026039,1.750679,0.210043
4.316667,2.034853,2.002863,2.006578,2.034676,1.991927,2.002144,2.034518,2.006705,0.079891,1.909988,0.469165,1.571125,0.061353,0.908228,0.025950,1.770892,0.206931
4.333333,2.033644,2.002807,2.006153,2.035084,1.991612,2.002209,2.034582,2.007009,0.081051,1.911505,0.512279,1.530814,0.060346,0.898409,0.026034,1.781022,0.203634
4.350000,2.032587,2.002850,2.005611,2.034734,1.991307,2.002257,2.034598,2.007340,0.082045,1.912604,0.562240,1.487118,0.059217,0.880694,0.026173,1.778116,0.199943
4.366667,2.031920,2.003046,2.005424,2.033745,1.990980,2.002153,2.034668,2.007645,0.080461,1.912465,0.600908,1.445418,0.058691,0.882963,0.026253,1.767116,0.197027
4.383333,2.031411,2.003339,2.005225,2.032673,1.990724,2.001972,2.034667,2.007935,0.076351,1.910497,0.631355,1.409801,0.058759,0.902244,0.026191,1.756626,0.194858
4.400000,2.031600,2.003586,2.004893,2.031715,1.990686,2.001883,2.034696,2.008024,0.074486,1.909997,0.632174,1.406624,0.059107,0.934680,0.026059,1.733387,0.195818
4.416667,2.031591,2.003795,2.004437,2.030719,1.990750,2.001851,2.034538,2.008104,0.073837,1.909203,0.633975,1.402467,0.059307,0.974812,0.025871,1.709706,0.197090
4.433333,2.031616,2.004014,2.003834,2.030182,1.991216,2.001898,2.035239,2.008043,0.074248,1.912330,0.619891,1.409260,0.059877,1.016573,0.025603,1.696086,0.197264
4.450000,2.031595,2.004250,2.003493,2.029919,1.992068,2.001993,2.036026,2.007986,0.075936,1.917106,0.603093,1.411354,0.060815,1.048398,0.025192,1.685685,0.199135
4.466667,2.031860,2.004397,2.003304,2.029939,1.993067,2.002046,2.036300,2.007821,0.077565,1.918326,0.579636,1.422398,0.061951,1.070429,0.024821,1.678186,0.201938
4.483333,2.033093,2.004356,2.003916,2.029912,1.993683,2.002063,2.036327,2.007716,0.078519,1.917721,0.560931,1.441303,0.062546,1.069305,0.024726,1.674522,0.205174
4.500000,2.035463,2.004176,2.004771,2.029722,1.993932,2.002057,2.036028,2.007532,0.079007,1.915919,0.524083,1.486856,0.063533,1.056176,0.024675,1.671277,0.209305
4.516667,2.037696,2.003947,2.005510,2.029494,1.994099,2.002032,2.035243,2.007266,0.079182,1.912887,0.480904,1.522989,0.063866,1.042159,0.024818,1.666920,0.214547
4.533333,2.039558,2.003545,2.006271,2.029473,1.994030,2.001998,2.034317,2.007036,0.079128,1.909035,0.448398,1.544018,0.063589,0.992401,0.025209,1.663476,0.219027
4.550000,2.041220,2.003380,2.006503,2.030113,1.993503,2.002016,2.034075,2.006793,0.079164,1.904757,0.415672,1.564711,0.063468,0.930704,0.025774,1.676288,0.221278
4.566667,2.042343,2.003408,2.006672,2.030777,1.993199,2.002042,2.034096,2.006632,0.079274,1.901586,0.395630,1.577656,0.063811,0.900325,0.025915,1.685592,0.222683
4.583333,2.043038,2.003376,2.006993,2.031303,1.993027,2.002058,2.034027,2.006527,0.079375,1.899767,0.389679,1.584053,0.063874,0.887819,0.025841,1.697553,0.223336
4.600000,2.042960,2.003381,2.007747,2.032221,1.992906,2.002115,2.033775,2.006377,0.080758,1.899131,0.398973,1.586303,0.063958,0.903718,0.025528,1.724487,0.223299
4.616667,2.041465,2.003417,2.008486,2.033221,1.992867,2.002257,2.034096,2.006162,0.083784,1.900205,0.410121,1.578783,0.064492,0.929575,0.025250,1.742260,0.222686
4.633333,2.040237,2.003370,2.009355,2.033284,1.992793,2.002409,2.034956,2.006014,0.085818,1.905246,0.416183,1.577231,0.065739,0.998076,0.024719,1.740640,0.221896
4.650000,2.038167,2.003342,2.009590,2.032677,1.992435,2.002518,2.035594,2.006223,0.087656,1.908752,0.435411,1.553534,0.065922,1.050260,0.024356,1.731752,0.220233
4.666667,2.035234,2.003348,2.009535,2.032212,1.992201,2.002598,2.036088,2.006419,0.089121,1.910884,0.444949,1.509239,0.066349,1.085323,0.024076,1.723807,0.215456
4.683333,2.032714,2.003320,2.009355,2.031754,1.992052,2.002593,2.036547,2.006606,0.089123,1.912253,0.451857,1.459912,0.066746,1.106729,0.023925,1.715803,0.210763
4.700000,2.031394,2.003342,2.009059,2.031358,1.992062,2.002357,2.037039,2.006792,0.083869,1.913057,0.458131,1.425698,0.066876,1.120913,0.023827,1.709493,0.206101
4.716667,2.030800,2.003424,2.008782,2.031104,1.992159,2.002105,2.037441,2.007016,0.078741,1.913196,0.468554,1.396430,0.066698,1.131729,0.023731,1.705339,0.208002
4.733333,2.030757,2.003430,2.008681,2.031361,1.992319,2.001947,2.037511,2.007081,0.075354,1.913609,0.465133,1.390725,0.067048,1.133141,0.023759,1.704194,0.209687
4.750000,2.030995,2.003401,2.008119,2.031410,1.992539,2.001873,2.037339,2.007122,0.073868,1.913832,0.455733,1.399560,0.067521,1.143228,0.023714,1.702463,0.211030
4.766667,2.030950,2.003494,2.007690,2.030788,1.992668,2.001877,2.037711,2.006990,0.073630,1.918600,0.445114,1.402238,0.068358,1.168847,0.023535,1.692199,0.212264
4.783333,2.031110,2.003615,2.007398,2.030547,1.992819,2.001932,2.038023,2.006831,0.074594,1.926077,0.428928,1.408824,0.069885,1.184793,0.023242,1.690496,0.215162
4.800000,2.031179,2.003611,2.007633,2.030539,1.992941,2.001945,2.037743,2.006632,0.075300,1.928550,0.410045,1.415132,0.071654,1.182782,0.023064,1.689011,0.219627
4.816667,2.032314,2.003521,2.008427,2.030527,1.992541,2.001942,2.037530,2.006628,0.075737,1.928878,0.402958,1.433894,0.072044,1.174088,0.023042,1.684440,0.225331
4.833333,2.033645,2.003383,2.009176,2.030528,1.991527,2.001933,2.037237,2.007107,0.075961,1.927843,0.417562,1.446666,0.069115,1.163271,0.023122,1.678596,0.231732
4.850000,2.034633,2.003067,2.009922,2.030765,1.990362,2.001916,2.036480,2.007634,0.075965,1.925432,0.435436,1.453731,0.065737,1.119117,0.023372,1.679517,0.231986
4.866667,2.035757,2.002870,2.010623,2.031336,1.989373,2.001892,2.035401,2.008048,0.075796,1.921964,0.433960,1.470312,0.063722,1.065078,0.023818,1.692294,0.232971
4.883333,2.036695,2.002765,2.010822,2.032027,1.988467,2.001942,2.035219,2.008426,0.075774,1.916041,0.423942,1.485888,0.062419,1.006526,0.024369,1.709657,0.234790
4.900000,2.037273,2.002826,2.010698,2.032691,1.988018,2.001977,2.035336,2.008691,0.075863,1.910562,0.421594,1.493703,0.060854,0.973475,0.024803,1.729099,0.235795
4.916667,2.037700,2.002799,2.010876,2.033528,1.987763,2.002007,2.035326,2.008862,0.076290,1.907364,0.425884,1.497904,0.060174,0.956038,0.024941,1.753402,0.236043
4.933333,2.037746,2.002759,2.011067,2.034222,1.987633,2.002116,2.034920,2.008844,0.078666,1.906300,0.437201,1.500895,0.059967,0.949593,0.024900,1.772788,0.235753
4.950000,2.037343,2.002686,2.011084,2.035202,1.988014,2.002241,2.035338,2.008705,0.080384,1.908592,0.447612,1.503617,0.059899,0.959391,0.024880,1.786845,0.234469
4.966667,2.036468,2.002612,2.010714,2.036153,1.988286,2.002365,2.035908,2.008568,0.081592,1.912182,0.457431,1.499023,0.059940,0.974321,0.024870,1.797872,0.232989
4.983333,2.035294,2.002555,2.010119,2.035979,1.988022,2.002453,2.036361,2.008481,0.082567,1.914852,0.467905,1.486049,0.060064,0.987972,0.024856,1.794625,0.228797
5.000000,2.034153,2.002526,2.009588,2.035647,1.987730,2.002526,2.036653,2.008425,0.083627,1.916415,0.477040,1.471650,0.060220,0.998706,0.024879,1.782562,0.223341
5.016667,2.033454,2.002630,2.008829,2.035390,1.987661,2.002525,2.036708,2.008502,0.083556,1.916962,0.488367,1.469220,0.060136,1.012498,0.024865,1.772006,0.216880
5.033333,2.031898,2.002829,2.008170,2.034684,1.987657,2.002284,2.036753,2.008940,0.078676,1.917867,0.525744,1.431875,0.059358,1.016680,0.024902,1.760375,0.211251
5.050000,2.030890,2.003099,2.007903,2.033851,1.987768,2.002060,2.037192,2.009286,0.074285,1.920439,0.557820,1.390432,0.058887,1.022525,0.024961,1.747249,0.210495
5.066667,2.030842,2.003274,2.007558,2.032591,1.987905,2.001904,2.037382,2.009441,0.071237,1.922406,0.560515,1.394492,0.059017,1.042364,0.024940,1.722726,0.213277
5.083333,2.030729,2.003481,2.006890,2.031475,1.988036,2.001842,2.037881,2.009428,0.069448,1.928374,0.557962,1.398208,0.059182,1.075530,0.024813,1.701326,0.214607
5.100000,2.030669,2.003697,2.006285,2.030734,1.988155,2.001845,2.038739,2.009366,0.068917,1.937238,0.550450,1.403664,0.059571,1.115151,0.024561,1.686032,0.215137
5.116667,2.030659,2.003893,2.005827,2.030211,1.988156,2.001880,2.039061,2.009345,0.070422,1.942365,0.534090,1.404792,0.060517,1.145550,0.024190,1.673685,0.220174
5.133333,2.031127,2.003861,2.006730,2.029905,1.987739,2.001897,2.039051,2.009298,0.071685,1.944296,0.514683,1.414443,0.061490,1.151360,0.023948,1.671169,0.226885
5.150000,2.031824,2.003780,2.007575,2.029701,1.987398,2.001891,2.038914,2.009166,0.072425,1.944191,0.496757,1.433857,0.062360,1.152242,0.023749,1.670828,0.234299
5.166667,2.032131,2.003715,2.008261,2.029418,1.987234,2.001872,2.039014,2.009017,0.072792,1.943253,0.481872,1.444231,0.063242,1.153914,0.023576,1.666977,0.241535
5.183333,2.032425,2.003408,2.009017,2.029410,1.986511,2.001851,2.038812,2.008826,0.072900,1.941453,0.470981,1.450086,0.063434,1.118142,0.023687,1.663817,0.244984
5.200000,2.033514,2.003152,2.009616,2.029639,1.984992,2.001849,2.037924,2.008433,0.072985,1.930724,0.439247,1.476737,0.063279,1.051937,0.024213,1.665308,0.246227
5.216667,2.034381,2.003013,2.009794,2.030343,1.984000,2.001892,2.036891,2.008100,0.073285,1.913086,0.414635,1.496106,0.063194,0.989720,0.024686,1.679726,0.249000
5.233333,2.034898,2.003111,2.009974,2.031289,1.983501,2.001927,2.036207,2.007957,0.073528,1.901401,0.407559,1.505651,0.063659,0.963548,0.024617,1.697599,0.250726
5.250000,2.035654,2.003070,2.010421,2.032191,1.983224,2.001957,2.035775,2.007949,0.073917,1.899003,0.410328,1.511390,0.064496,0.949540,0.024546,1.716968,0.251497
5.266667,2.036305,2.002946,2.010660,2.033207,1.982895,2.002036,2.035196,2.007962,0.075708,1.897905,0.418160,1.514975,0.065127,0.941419,0.024669,1.737433,0.251702
5.283333,2.036503,2.002777,2.010645,2.034256,1.981978,2.002135,2.035582,2.007912,0.076553,1.902297,0.428337,1.515234,0.065439,0.954768,0.024825,1.752660,0.251819
5.300000,2.036582,2.002723,2.010088,2.034445,1.981168,2.002233,2.036099,2.007985,0.077433,1.906728,0.445059,1.511678,0.065590,0.982612,0.024615,1.758519,0.251952
5.316667,2.036524,2.002731,2.009405,2.033949,1.980503,2.002328,2.036440,2.008259,0.078546,1.910031,0.476632,1.498833,0.065058,1.008152,0.024339,1.753232,0.249079
5.333333,2.036030,2.002774,2.009076,2.033149,1.980076,2.002423,2.036817,2.008482,0.080104,1.912924,0.501052,1.483079,0.064783,1.032126,0.024167,1.738484,0.246610
5.350000,2.033981,2.002807,2.008693,2.032389,1.979833,2.002536,2.037030,2.008839,0.083154,1.914552,0.527518,1.439818,0.064689,1.048986,0.024125,1.724847,0.251501
5.366667,2.032069,2.002884,2.008243,2.031661,1.979934,2.002470,2.037034,2.009351,0.082335,1.915152,0.576732,1.375489,0.063852,1.061493,0.024180,1.711398,0.252121
5.383333,2.031089,2.002935,2.008059,2.031081,1.980209,2.002265,2.036995,2.009777,0.078659,1.915521,0.618751,1.327773,0.063141,1.063232,0.024231,1.699529,0.254666
5.400000,2.031493,2.002924,2.007988,2.031028,1.980486,2.002168,2.036914,2.009949,0.076481,1.916918,0.617971,1.336059,0.063214,1.059907,0.024315,1.693840,0.256873
5.416667,2.032044,2.002889,2.007368,2.031138,1.980898,2.002093,2.036775,2.009988,0.075272,1.914334,0.591717,1.357729,0.063842,1.061664,0.024360,1.692536,0.257420
5.433333,2.031965,2.002953,2.006902,2.030709,1.981082,2.002042,2.036533,2.009968,0.074712,1.911179,0.562753,1.365498,0.064733,1.080986,0.024248,1.685026,0.259364
5.450000,2.032240,2.002997,2.006821,2.030609,1.981249,2.002040,2.036402,2.009851,0.076287,1.909637,0.541928,1.379322,0.065718,1.094169,0.023885,1.680074,0.267914
5.466667,2.033497,2.002945,2.007373,2.030619,1.981409,2.002030,2.036226,2.009701,0.077537,1.908780,0.524508,1.407745,0.066460,1.092747,0.023591,1.675208,0.277229
5.483333,2.034972,2.002844,2.008497,2.030602,1.980061,2.002003,2.035962,2.009412,0.078190,1.905601,0.504171,1.431127,0.067407,1.076927,0.023417,1.668335,0.286316
5.500000,2.035987,2.002755,2.009366,2.030608,1.977852,2.001975,2.035960,2.009180,0.078431,1.902110,0.487567,1.446445,0.068339,1.068537,0.023283,1.661499,0.288058
5.516667,2.036546,2.002677,2.010077,2.030606,1.975696,2.001944,2.036579,2.008966,0.078247,1.904613,0.473089,1.454812,0.068879,1.065759,0.023346,1.653968,0.288382
5.533333,2.036910,2.002434,2.010681,2.030625,1.973786,2.001988,2.036753,2.008777,0.078170,1.904730,0.458932,1.459526,0.069511,1.023756,0.023579,1.646607,0.289846
5.550000,2.037532,2.002400,2.010824,2.031359,1.972188,2.002037,2.036403,2.008569,0.078170,1.900263,0.442928,1.468287,0.070204,0.980624,0.023788,1.665457,0.292485
5.566667,2.038111,2.002432,2.010901,2.031849,1.971397,2.002074,2.036637,2.008380,0.078331,1.897516,0.428580,1.478477,0.070801,0.959529,0.023922,1.679087,0.293943
5.583333,2.038536,2.002411,2.011085,2.032135,1.971001,2.002148,2.036323,2.008371,0.079338,1.897410,0.432502,1.483680,0.070714,0.948289,0.024108,1.687213,0.294631
5.600000,2.039243,2.002392,2.011131,2.032405,1.970829,2.002242,2.035919,2.008340,0.079936,1.901026,0.440452,1.487276,0.070706,0.941352,0.024442,1.703261,0.294508
5.616667,2.039720,2.002322,2.011023,2.033071,1.970824,2.002346,2.035837,2.008321,0.080685,1.904511,0.449325,1.491603,0.070697,0.952146,0.024681,1.719094,0.293771
5.633333,2.038462,2.002238,2.010106,2.033289,1.970265,2.002432,2.036228,2.008319,0.081419,1.907873,0.459033,1.476672,0.070782,0.967934,0.024755,1.726304,0.293035
5.650000,2.037085,2.002190,2.009365,2.033070,1.969293,2.002509,2.036626,2.008328,0.082239,1.910834,0.469084,1.458300,0.070817,0.979134,0.024820,1.723646,0.289520
5.666667,2.035295,2.002173,2.008900,2.032684,1.968585,2.002592,2.036830,2.008610,0.083427,1.912840,0.490866,1.428243,0.070218,0.987598,0.024842,1.714803,0.285228
5.683333,2.033266,2.002192,2.008480,2.032205,1.968340,2.002679,2.036652,2.009131,0.085025,1.913257,0.525806,1.389113,0.069136,0.994614,0.024827,1.705381,0.282035
5.700000,2.031495,2.002243,2.008051,2.031691,1.968609,2.002685,2.036468,2.009661,0.084904,1.912934,0.559503,1.349533,0.068242,1.001038,0.024786,1.695830,0.277332
5.716667,2.029538,2.002285,2.007695,2.031456,1.968787,2.002492,2.036218,2.010400,0.080632,1.912032,0.612318,1.298130,0.067096,0.996810,0.024833,1.695305,0.274407
5.733333,2.028014,2.002309,2.007462,2.031430,1.969201,2.002363,2.035809,2.011061,0.078304,1.911460,0.653401,1.255259,0.066403,0.993760,0.024864,1.696868,0.275958
5.750000,2.027730,2.002302,2.006627,2.031339,1.969820,2.002285,2.035574,2.011424,0.077249,1.908384,0.655268,1.255075,0.066320,0.992146,0.024907,1.697883,0.275708
5.766667,2.028468,2.002316,2.005895,2.031132,1.970404,2.002245,2.034896,2.011438,0.077683,1.905493,0.615626,1.288081,0.067170,1.002452,0.024701,1.696568,0.278612
5.783333,2.028995,2.002329,2.005489,2.031124,1.970742,2.002239,2.034234,2.011264,0.079584,1.902239,0.579525,1.301344,0.068448,1.020108,0.024277,1.693666,0.287621
5.800000,2.029877,2.002228,2.006196,2.031139,1.970976,2.002207,2.033882,2.011080,0.080687,1.898636,0.553631,1.324028,0.069380,1.019446,0.023976,1.689219,0.296604
5.816667,2.030749,2.002129,2.007147,2.031153,1.969238,2.002170,2.033793,2.010868,0.081251,1.894828,0.530925,1.345968,0.070269,1.016895,0.023727,1.683693,0.305573
5.833333,2.031251,2.002061,2.007913,2.031168,1.966481,2.002133,2.033838,2.010665,0.081424,1.890795,0.513177,1.357946,0.071136,1.018599,0.023531,1.677654,0.307246
5.850000,2.031537,2.002006,2.008589,2.031171,1.963889,2.002108,2.034254,2.010452,0.081291,1.890762,0.497697,1.364650,0.071753,1.023092,0.023462,1.670700,0.308554
5.866667,2.031702,2.001837,2.009097,2.031186,1.961395,2.002133,2.034891,2.010224,0.081102,1.893065,0.490118,1.368742,0.071656,0.989854,0.023693,1.663677,0.311236
5.883333,2.031960,2.001822,2.009042,2.031741,1.958848,2.002190,2.035026,2.009963,0.081056,1.890611,0.479365,1.376641,0.071687,0.961611,0.023873,1.678466,0.314377
5.900000,2.032257,2.001923,2.008558,2.032398,1.957555,2.002235,2.035229,2.009748,0.081285,1.889804,0.467033,1.385833,0.071964,0.943926,0.024000,1.700553,0.316066
5.916667,2.032515,2.001948,2.008482,2.032738,1.956892,2.002324,2.035066,2.009737,0.082481,1.891050,0.473911,1.390796,0.071785,0.934799,0.024187,1.712868,0.316856
5.933333,2.033080,2.001956,2.008691,2.032991,1.956606,2.002440,2.035097,2.009760,0.083317,1.895637,0.484648,1.394041,0.071713,0.929524,0.024504,1.725182,0.316817
5.950000,2.033504,2.001953,2.008465,2.033716,1.956578,2.002568,2.035556,2.009788,0.084306,1.899952,0.495521,1.395981,0.071711,0.928238,0.024829,1.740944,0.316069
5.966667,2.033855,2.001869,2.007208,2.034055,1.956704,2.002687,2.036023,2.009814,0.085297,1.903546,0.504635,1.399974,0.071658,0.932271,0.024991,1.750933,0.315003
5.983333,2.034383,2.001826,2.005986,2.033861,1.955952,2.002784,2.036485,2.009823,0.086232,1.906979,0.505225,1.409988,0.071818,0.940912,0.025119,1.751983,0.313046
6.000000,2.034535,2.001866,2.004514,2.033697,1.954699,2.002866,2.036930,2.009956,0.087239,1.910160,0.518315,1.403976,0.071661,0.940859,0.025322,1.737343,0.307576
6.016667,2.033214,2.002024,2.002618,2.033436,1.953816,2.002949,2.037030,2.010167,0.088522,1.911534,0.538095,1.380171,0.070974,0.940291,0.025478,1.719183,0.302279
6.033333,2.032156,2.002207,2.000892,2.033060,1.953801,2.002867,2.036805,2.010530,0.086615,1.911049,0.571993,1.360655,0.069627,0.944129,0.025540,1.697843,0.295910
6.050000,2.030861,2.002370,1.999933,2.032644,1.953982,2.002639,2.036420,2.011205,0.082276,1.909555,0.630338,1.324228,0.067870,0.937251,0.025624,1.676185,0.296698
6.066667,2.029917,2.002498,1.999253,2.032107,1.954272,2.002469,2.035855,2.011799,0.079868,1.906082,0.667346,1.305171,0.066928,0.938644,0.025661,1.654406,0.300193
6.083333,2.030191,2.002622,1.998004,2.031476,1.954615,2.002345,2.035349,2.012085,0.079116,1.900545,0.663234,1.324660,0.066837,0.963138,0.025325,1.638461,0.307218
6.100000,2.030478,2.002820,1.996999,2.030835,1.954976,2.002255,2.034693,2.012007,0.079126,1.895150,0.633622,1.344234,0.067527,0.999875,0.024758,1.623475,0.316801
6.116667,2.030663,2.002906,1.997576,2.030242,1.955291,2.002182,2.033765,2.011714,0.079396,1.891073,0.597277,1.358037,0.068721,1.020954,0.024273,1.611005,0.327234
6.133333,2.032250,2.002912,1.998809,2.030012,1.955300,2.002125,2.033166,2.010989,0.079556,1.887955,0.530720,1.407611,0.070866,1.034982,0.023912,1.606084,0.338432
6.150000,2.033437,2.002919,1.999817,2.029944,1.955362,2.002072,2.032958,2.010468,0.079578,1.884342,0.486194,1.443793,0.072017,1.046236,0.023901,1.600927,0.349423
6.166667,2.034217,2.002813,2.000769,2.030053,1.952512,2.002033,2.032880,2.009919,0.079482,1.880282,0.448902,1.469523,0.073492,1.038077,0.023865,1.598618,0.360332
6.183333,2.034707,2.002562,2.001863,2.030360,1.948683,2.002001,2.033054,2.009371,0.079131,1.880104,0.416257,1.488385,0.074890,0.993117,0.024087,1.601685,0.364668
6.200000,2.035002,2.002364,2.002397,2.030617,1.945119,2.002017,2.033305,2.008871,0.078765,1.882607,0.388301,1.502243,0.076181,0.932346,0.024450,1.602774,0.369409
6.216667,2.035179,2.002273,2.002405,2.031196,1.942358,2.002061,2.033572,2.008484,0.078630,1.879585,0.365000,1.511615,0.077599,0.881354,0.024709,1.615722,0.374915
6.233333,2.035204,2.002385,2.002266,2.031968,1.940941,2.002087,2.033874,2.008299,0.078593,1.877673,0.354315,1.515234,0.078077,0.864695,0.024863,1.640423,0.378048
6.250000,2.035258,2.002407,2.002686,2.032398,1.940243,2.002155,2.034180,2.008295,0.078782,1.880360,0.358601,1.517072,0.077484,0.856690,0.025151,1.655854,0.379531
6.266667,2.035588,2.002371,2.003365,2.032981,1.939956,2.002267,2.034517,2.008349,0.079516,1.885623,0.368534,1.518581,0.077064,0.851878,0.025562,1.671950,0.379832
6.283333,2.036271,2.002260,2.003356,2.033558,1.939954,2.002395,2.035331,2.008392,0.080454,1.891110,0.377615,1.519923,0.076873,0.848661,0.025984,1.678460,0.379423
6.300000,2.036787,2.002114,2.002681,2.033825,1.940080,2.002517,2.036020,2.008449,0.081419,1.895722,0.386356,1.520820,0.076627,0.850879,0.026213,1.676487,0.378829
6.316667,2.036724,2.002092,2.002018,2.033347,1.940610,2.002638,2.036168,2.008590,0.082598,1.898760,0.408310,1.516623,0.075369,0.876209,0.026338,1.667759,0.372713
6.333333,2.036893,2.002111,2.001501,2.032465,1.942743,2.002765,2.036177,2.008663,0.083890,1.901106,0.429334,1.520653,0.073894,0.906400,0.026536,1.651922,0.357233
6.350000,2.037826,2.002155,2.001157,2.032092,1.944260,2.002890,2.036389,2.008570,0.085166,1.903666,0.443068,1.542264,0.072123,0.931231,0.026990,1.646183,0.346292
6.366667,2.040163,2.002205,2.000637,2.031819,1.945027,2.002922,2.036635,2.008319,0.085208,1.905192,0.452657,1.583608,0.070003,0.947109,0.027529,1.643056,0.338215
6.383333,2.042657,2.002235,2.000206,2.031693,1.945421,2.002764,2.037015,2.008073,0.081521,1.906844,0.460821,1.620471,0.068104,0.958788,0.028111,1.641606,0.333614
6.400000,2.044332,2.002231,1.999933,2.031705,1.945765,2.002696,2.037197,2.007928,0.079276,1.909193,0.466401,1.642867,0.067001,0.964090,0.028259,1.642280,0.330160
6.416667,2.045227,2.002201,1.998922,2.031655,1.946338,2.002662,2.037219,2.007883,0.079434,1.907290,0.464084,1.654564,0.066666,0.970289,0.027993,1.642303,0.333956
6.433333,2.045475,2.002251,1.998250,2.030900,1.946956,2.002636,2.036920,2.007843,0.080582,1.903542,0.450511,1.660196,0.067158,0.995526,0.027445,1.629770,0.342162
6.450000,2.045405,2.002322,1.997899,2.029966,1.947419,2.002592,2.036511,2.007870,0.081322,1.900577,0.438499,1.662560,0.067728,1.025295,0.026958,1.612198,0.351538
6.466667,2.045263,2.002293,1.998750,2.029481,1.947709,2.002540,2.036532,2.007912,0.081714,1.897620,0.428851,1.663784,0.068305,1.036618,0.026591,1.596764,0.361170
6.483333,2.043279,2.002226,1.999831,2.029217,1.945810,2.002494,2.036706,2.007857,0.081862,1.894236,0.418139,1.631409,0.069278,1.041511,0.026311,1.584010,0.370866
6.500000,2.040993,2.002036,2.000994,2.029103,1.940947,2.002464,2.036898,2.007668,0.081808,1.890442,0.405070,1.586408,0.070550,1.008852,0.026222,1.573918,0.376520
6.516667,2.038866,2.001828,2.001994,2.029054,1.935877,2.002439,2.037074,2.007439,0.081598,1.886278,0.393004,1.537640,0.071882,0.965807,0.026216,1.564667,0.379767
6.533333,2.037159,2.001658,2.002484,2.029028,1.931464,2.002418,2.037858,2.007200,0.081205,1.888721,0.380929,1.493911,0.072828,0.922180,0.026468,1.555155,0.382821
6.550000,2.035867,2.001603,2.002166,2.029443,1.927538,2.002484,2.038432,2.007005,0.081212,1.887210,0.370764,1.464285,0.073635,0.889363,0.026667,1.572139,0.383994
6.566667,2.034817,2.001665,2.001583,2.029952,1.925494,2.002527,2.038546,2.006781,0.081275,1.881311,0.359691,1.444687,0.074576,0.871347,0.026794,1.598080,0.384611
6.583333,2.034698,2.001666,2.001654,2.030265,1.924754,2.002574,2.038371,2.006634,0.082077,1.878453,0.354544,1.443985,0.074925,0.858023,0.026850,1.613464,0.384618
6.600000,2.035007,2.001624,2.002247,2.030813,1.924614,2.002672,2.038002,2.006579,0.083674,1.878253,0.357957,1.444207,0.075066,0.849957,0.027178,1.633433,0.384071
6.616667,2.035364,2.001680,2.002473,2.031462,1.924747,2.002820,2.038254,2.006510,0.084772,1.882579,0.362658,1.444606,0.075135,0.853616,0.027457,1.652449,0.383173
6.633333,2.035747,2.001668,2.001985,2.032179,1.925035,2.002962,2.039002,2.006463,0.085836,1.887100,0.368160,1.445631,0.075107,0.859633,0.027677,1.666706,0.382020
6.650000,2.036146,2.001623,2.000273,2.032400,1.925225,2.003098,2.039587,2.006428,0.086963,1.890943,0.372385,1.448993,0.075139,0.850297,0.027954,1.677461,0.381201
6.666667,2.036184,2.001653,1.999439,2.032970,1.925480,2.003230,2.039746,2.006391,0.088456,1.892801,0.373366,1.450107,0.075572,0.864766,0.028208,1.694927,0.376994
6.683333,2.036504,2.001714,1.999061,2.032968,1.926629,2.003357,2.039675,2.006274,0.090180,1.893332,0.383099,1.456428,0.074684,0.887757,0.028471,1.698083,0.367965
6.700000,2.037505,2.001794,1.998742,2.032645,1.927023,2.003295,2.039734,2.006040,0.088764,1.893587,0.393413,1.478634,0.072787,0.912484,0.028847,1.694273,0.360085
6.716667,2.039026,2.001835,1.998457,2.032376,1.927488,2.003123,2.040412,2.005775,0.083993,1.896800,0.399841,1.508149,0.070860,0.932272,0.029326,1.690342,0.355112
6.733333,2.040086,2.001838,1.998248,2.032218,1.927755,2.003070,2.040666,2.005707,0.081973,1.899402,0.406797,1.527183,0.069705,0.942149,0.029533,1.688056,0.352278
6.750000,2.040607,2.001820,1.997098,2.032049,1.928415,2.003041,2.040458,2.005688,0.081525,1.900811,0.402042,1.537200,0.069512,0.947026,0.029558,1.686320,0.355453
6.766667,2.040625,2.001848,1.996299,2.031445,1.929140,2.002993,2.040059,2.005717,0.082902,1.898757,0.392716,1.542092,0.069981,0.967987,0.029029,1.677886,0.368269
6.783333,2.040468,2.001920,1.996125,2.030417,1.929703,2.002935,2.039848,2.005782,0.083767,1.897340,0.383763,1.544696,0.070542,0.998074,0.028540,1.661904,0.380547
6.800000,2.040258,2.001990,1.995966,2.029926,1.930053,2.002879,2.039760,2.005790,0.084203,1.896256,0.375439,1.546176,0.071158,1.023599,0.028117,1.649029,0.392014
6.816667,2.039053,2.001986,1.995529,2.029766,1.930274,2.002825,2.039650,2.005812,0.084353,1.893865,0.367717,1.523691,0.071980,1.025233,0.027807,1.640476,0.402686
6.833333,2.037251,2.001784,1.997187,2.029595,1.926550,2.002782,2.039682,2.005705,0.084330,1.890298,0.353072,1.481846,0.073427,0.980255,0.027725,1.630323,0.410531
6.850000,2.035321,2.001621,1.998476,2.029502,1.921101,2.002755,2.040749,2.005566,0.084085,1.894305,0.340402,1.429290,0.074472,0.941564,0.027994,1.621035,0.409001
6.866667,2.034014,2.001491,1.999318,2.029435,1.916437,2.002750,2.041632,2.005348,0.083841,1.890526,0.323851,1.388877,0.075616,0.909543,0.028358,1.611479,0.407283
6.883333,2.033124,2.001380,1.999143,2.029348,1.912596,2.002782,2.041226,2.005150,0.083852,1.878935,0.308635,1.361522,0.076772,0.875719,0.028694,1.601492,0.406105
6.900000,2.032729,2.001329,1.999130,2.029278,1.910606,2.002811,2.040577,2.005027,0.083975,1.867469,0.297776,1.348416,0.077618,0.847204,0.028926,1.595115,0.405282
6.916667,2.032763,2.001330,1.999080,2.029356,1.909635,2.002839,2.039785,2.004938,0.084150,1.861394,0.297727,1.346043,0.077532,0.836181,0.028984,1.599725,0.404689
6.933333,2.033106,2.001367,1.999205,2.029811,1.910197,2.002928,2.038755,2.004902,0.086656,1.858801,0.301548,1.345312,0.077163,0.828864,0.028955,1.621160,0.403939
6.950000,2.033393,2.001435,1.998900,2.030170,1.911459,2.003100,2.038158,2.004927,0.090667,1.858982,0.306059,1.345063,0.076878,0.829753,0.028993,1.641057,0.402710
6.966667,2.033768,2.001464,1.998105,2.030830,1.912376,2.003289,2.038238,2.004925,0.094178,1.860746,0.310510,1.347417,0.076729,0.836048,0.029128,1.657037,0.401460
6.983333,2.034201,2.001444,1.996374,2.031228,1.913066,2.003470,2.038792,2.004880,0.096396,1.865447,0.312230,1.353616,0.076832,0.842328,0.029352,1.668915,0.400266
7.000000,2.034437,2.001484,1.995327,2.031483,1.913449,2.003630,2.039154,2.004822,0.098373,1.868650,0.313812,1.357093,0.077069,0.850538,0.029574,1.678459,0.399497
7.016667,2.035268,2.001559,1.994909,2.031761,1.913692,2.003776,2.039291,2.004613,0.100476,1.869989,0.323877,1.375554,0.075272,0.876717,0.030006,1.687499,0.398408
7.033333,2.036601,2.001639,1.994509,2.031817,1.913921,2.003913,2.039520,2.004318,0.102509,1.870744,0.330406,1.406555,0.073211,0.902803,0.030479,1.691584,0.396438
7.050000,2.038017,2.001718,1.994107,2.031534,1.914932,2.003958,2.039800,2.004057,0.102325,1.871217,0.335403,1.437187,0.071342,0.922825,0.030905,1.687629,0.392381
7.066667,2.038903,2.001744,1.993817,2.031320,1.915902,2.003943,2.039993,2.003920,0.100607,1.873221,0.338442,1.455871,0.070255,0.932952,0.031075,1.684921,0.389323
7.083333,2.039377,2.001744,1.992967,2.031124,1.916783,2.003913,2.039768,2.003866,0.099150,1.874694,0.336624,1.465890,0.069843,0.937931,0.030876,1.682830,0.386604
7.100000,2.039456,2.001756,1.991637,2.030999,1.917687,2.003821,2.039506,2.003860,0.098379,1.875689,0.327286,1.470961,0.070131,0.944839,0.030524,1.681395,0.393661
7.116667,2.039301,2.001821,1.991316,2.030144,1.918411,2.003729,2.039359,2.003911,0.097947,1.875374,0.318960,1.473559,0.070631,0.969679,0.030028,1.668562,0.402560
7.133333,2.039127,2.001827,1.991207,2.029485,1.918987,2.003653,2.039233,2.003923,0.097647,1.873603,0.311660,1.475089,0.071210,0.977251,0.029627,1.654606,0.411898
7.150000,2.038971,2.001821,1.991799,2.029306,1.919336,2.003583,2.039069,2.003956,0.097368,1.870739,0.305241,1.475894,0.071854,0.979414,0.029279,1.644824,0.421307
7.166667,2.037441,2.001656,1.994409,2.029135,1.916162,2.003534,2.040111,2.003959,0.096931,1.876448,0.298706,1.441114,0.072482,0.937949,0.029459,1.634200,0.427966
7.183333,2.035474,2.001512,1.996113,2.029030,1.909459,2.003525,2.040960,2.003876,0.096538,1.876255,0.292123,1.387618,0.073290,0.902450,0.029850,1.624429,0.435970
7.200000,2.034183,2.001390,1.997159,2.028938,1.903598,2.003520,2.041266,2.003756,0.096218,1.868473,0.280905,1.353470,0.074319,0.873655,0.030269,1.614623,0.438466
7.216667,2.032678,2.001287,1.997061,2.028826,1.899918,2.003517,2.040300,2.003416,0.096097,1.851807,0.256592,1.321585,0.076925,0.846295,0.030727,1.604407,0.439963
7.233333,2.031704,2.001233,1.996993,2.028767,1.898008,2.003518,2.038946,2.003187,0.096141,1.832002,0.240038,1.292508,0.079057,0.824343,0.031063,1.598657,0.440669
7.250000,2.031340,2.001191,1.997083,2.028753,1.897090,2.003532,2.037972,2.003043,0.096282,1.820613,0.235829,1.278832,0.079686,0.810113,0.031199,1.596204,0.440853
7.266667,2.031469,2.001208,1.997266,2.029037,1.896821,2.003573,2.037057,2.002979,0.096643,1.814414,0.238099,1.272122,0.079510,0.801089,0.031281,1.613911,0.440450
7.283333,2.031710,2.001255,1.997640,2.029320,1.897565,2.003700,2.036976,2.002904,0.098723,1.813145,0.241941,1.269048,0.079353,0.815786,0.031481,1.633835,0.438881
7.300000,2.031947,2.001255,1.998214,2.029693,1.898750,2.003895,2.037169,2.002852,0.102737,1.813121,0.246914,1.267614,0.079409,0.823542,0.032024,1.648759,0.437483
7.316667,2.032191,2.001226,1.997691,2.029577,1.899414,2.004079,2.037388,2.002812,0.106194,1.813303,0.252535,1.267025,0.079445,0.818246,0.032634,1.656527,0.436685
7.333333,2.032832,2.001255,1.997591,2.029231,1.899799,2.004246,2.037566,2.002684,0.109168,1.813285,0.263231,1.277034,0.077828,0.830048,0.033331,1.657998,0.436264
7.350000,2.034062,2.001328,1.998572,2.028629,1.900049,2.004446,2.037860,2.002438,0.112397,1.814348,0.267789,1.310987,0.076292,0.882008,0.034329,1.649992,0.436176
7.366667,2.035016,2.001384,1.999138,2.027990,1.900394,2.004641,2.037953,2.002304,0.115390,1.814183,0.275678,1.335948,0.074819,0.922655,0.035176,1.638552,0.433446
7.383333,2.035626,2.001412,1.999532,2.027533,1.899413,2.004772,2.038225,2.002188,0.118045,1.814493,0.280852,1.349840,0.074149,0.952762,0.035756,1.628541,0.430114
7.400000,2.036026,2.001391,1.999694,2.027223,1.898912,2.004862,2.038281,2.002128,0.119583,1.815477,0.283879,1.358034,0.073797,0.968010,0.035991,1.621986,0.428455
7.416667,2.036243,2.001373,1.999739,2.027055,1.898737,2.004839,2.037988,2.002125,0.119256,1.816770,0.284662,1.362561,0.073838,0.990957,0.036213,1.618399,0.430609
7.433333,2.036214,2.001383,1.999205,2.027051,1.899068,2.004724,2.037633,2.002070,0.119066,1.817500,0.276736,1.364628,0.074528,1.011721,0.036529,1.617764,0.441881
7.450000,2.036065,2.001419,1.998718,2.027215,1.899747,2.004623,2.037435,2.002052,0.118910,1.818044,0.266425,1.365721,0.075337,1.023059,0.036779,1.618461,0.451387
7.466667,2.035935,2.001440,1.998449,2.027458,1.900338,2.004514,2.036117,2.002073,0.118756,1.803812,0.260008,1.366295,0.075869,1.035102,0.036902,1.615604,0.461116
7.483333,2.034819,2.001385,1.999418,2.027593,1.900752,2.004473,2.034768,2.002100,0.118700,1.785587,0.250562,1.336135,0.076828,1.022411,0.037073,1.609172,0.467947
7.500000,2.033734,2.001267,2.001192,2.027626,1.897556,2.004455,2.034362,2.002050,0.118513,1.782751,0.237321,1.299065,0.078321,0.987702,0.037217,1.600893,0.471994
7.516667,2.032332,2.001183,2.002477,2.027643,1.890003,2.004481,2.034529,2.001993,0.118343,1.786150,0.227169,1.249317,0.079623,0.962011,0.037448,1.592326,0.471394
7.533333,2.030973,2.001130,2.003467,2.027640,1.882218,2.004568,2.035170,2.001970,0.118229,1.792958,0.218690,1.200009,0.080710,0.942739,0.037625,1.582751,0.469112
7.550000,2.029941,2.001048,2.003452,2.027618,1.876457,2.004638,2.035805,2.001753,0.118133,1.798032,0.204312,1.173529,0.082855,0.898333,0.038080,1.573314,0.467761
7.566667,2.029352,2.001001,2.003062,2.027601,1.873507,2.004681,2.035663,2.001642,0.118118,1.793623,0.194316,1.157091,0.084584,0.863682,0.038400,1.568320,0.466825
7.583333,2.029110,2.001006,2.002807,2.027641,1.872104,2.004713,2.035580,2.001500,0.118124,1.791269,0.189459,1.151193,0.085488,0.849094,0.038549,1.572894,0.466151
7.600000,2.029309,2.001076,2.002201,2.027759,1.871619,2.004748,2.035276,2.001419,0.118268,1.789803,0.189555,1.150819,0.085437,0.841761,0.038559,1.593788,0.465319
7.616667,2.029605,2.001114,2.001634,2.027702,1.871818,2.004876,2.035324,2.001361,0.118581,1.789211,0.192570,1.151064,0.084848,0.838334,0.038486,1.608107,0.464261
7.633333,2.030008,2.001130,2.001523,2.027635,1.872067,2.005019,2.035605,2.001277,0.119735,1.789756,0.199242,1.151667,0.083166,0.843047,0.038504,1.615741,0.463559
7.650000,2.030636,2.001106,2.001516,2.027697,1.872174,2.005207,2.035814,2.001164,0.122857,1.790329,0.207822,1.157949,0.081231,0.854909,0.038855,1.618749,0.463497
7.666667,2.031846,2.001095,2.000473,2.027137,1.872284,2.005414,2.035925,2.000947,0.126308,1.790487,0.214155,1.184805,0.079247,0.862095,0.039643,1.612847,0.463705
7.683333,2.032996,2.001172,1.999351,2.026472,1.872495,2.005604,2.035874,2.000705,0.129205,1.789968,0.219984,1.213770,0.077614,0.888691,0.040508,1.606394,0.463775
7.700000,2.033807,2.001238,1.998831,2.025884,1.873867,2.005820,2.035939,2.000535,0.132095,1.790058,0.226425,1.232571,0.076586,0.916956,0.041298,1.601631,0.458903
7.716667,2.034400,2.001288,1.998614,2.025401,1.874238,2.006010,2.036200,2.000380,0.134675,1.790876,0.231121,1.245020,0.076139,0.939821,0.041933,1.597768,0.454574
7.733333,2.034727,2.001291,1.998461,2.025147,1.874365,2.006132,2.036242,2.000290,0.136117,1.792155,0.233941,1.251876,0.075920,0.951742,0.042288,1.595760,0.452311
7.750000,2.034906,2.001283,1.997705,2.025039,1.874382,2.006117,2.035914,2.000253,0.135957,1.792994,0.235821,1.255594,0.075788,0.957107,0.042498,1.594950,0.458430
7.766667,2.034946,2.001280,1.996400,2.025018,1.874317,2.005935,2.035410,2.000261,0.134413,1.793256,0.231811,1.257598,0.076097,0.960168,0.042717,1.594741,0.474046
7.783333,2.034795,2.001310,1.995827,2.025090,1.874297,2.005793,2.035009,2.000288,0.133451,1.795152,0.223214,1.258552,0.076798,0.961866,0.043056,1.594776,0.487376
7.800000,2.034677,2.001310,1.996686,2.025442,1.874443,2.005675,2.034873,2.000186,0.132689,1.801349,0.215357,1.259282,0.078001,0.968880,0.044265,1.593866,0.497667
7.816667,2.034593,2.001306,1.997896,2.025588,1.874855,2.005593,2.035110,2.000161,0.132172,1.805420,0.209866,1.259741,0.078852,0.978366,0.045140,1.586965,0.503762
7.833333,2.034929,2.001234,2.000577,2.025710,1.875074,2.005525,2.035425,2.000163,0.131836,1.806908,0.201320,1.275265,0.079863,0.975027,0.045820,1.579507,0.507298
7.850000,2.034246,2.001153,2.002511,2.025731,1.867809,2.005494,2.034961,2.000232,0.131745,1.791877,0.189722,1.258266,0.081481,0.950996,0.046501,1.569973,0.509649
7.866667,2.033190,2.001086,2.003654,2.025711,1.858685,2.005518,2.034598,2.000183,0.131812,1.778881,0.177808,1.232422,0.083376,0.924482,0.046832,1.559843,0.509443
7.883333,2.031951,2.001018,2.003712,2.025708,1.851125,2.005588,2.034382,2.000130,0.131908,1.768727,0.168124,1.205447,0.085376,0.887306,0.047147,1.551018,0.508657
7.900000,2.031132,2.000980,2.003437,2.025727,1.847243,2.005636,2.034297,2.000093,0.131989,1.763496,0.160073,1.189036,0.087407,0.860067,0.047488,1.546503,0.508075
7.916667,2.030757,2.000957,2.003344,2.025737,1.845367,2.005671,2.034223,1.999980,0.132052,1.760470,0.156291,1.182148,0.088521,0.845919,0.047658,1.544139,0.507546
7.933333,2.030792,2.000925,2.003522,2.025622,1.844710,2.005713,2.034007,1.999859,0.131764,1.759751,0.156160,1.180366,0.088582,0.840474,0.047648,1.544676,0.506920
7.950000,2.031022,2.000899,2.003466,2.025443,1.844871,2.005835,2.034183,1.999755,0.131835,1.761191,0.158247,1.179897,0.088104,0.838298,0.047477,1.545269,0.506012
7.966667,2.031243,2.000825,2.001769,2.025234,1.845173,2.005982,2.034543,1.999649,0.132040,1.765157,0.160757,1.179954,0.087899,0.837489,0.047091,1.545446,0.505301
7.983333,2.031460,2.000775,1.999809,2.024690,1.845323,2.006141,2.034855,1.999551,0.133824,1.768771,0.163468,1.180226,0.087594,0.822697,0.046762,1.537742,0.505422
8.000000,2.031502,2.000779,1.998594,2.024084,1.845441,2.006367,2.035098,1.999466,0.137420,1.770897,0.166661,1.176128,0.087622,0.815782,0.047028,1.528414,0.505832
8.016667,2.031386,2.000805,1.998325,2.023590,1.845555,2.006579,2.035273,1.999385,0.140630,1.771859,0.170183,1.168357,0.087679,0.830898,0.047385,1.520793,0.506187
8.033333,2.031562,2.000837,1.998168,2.023148,1.846016,2.006780,2.035236,1.999130,0.143476,1.771440,0.176445,1.161773,0.086178,0.848027,0.047487,1.514374,0.506042
8.050000,2.031810,2.000866,1.998145,2.022740,1.843492,2.006887,2.035334,1.998931,0.145843,1.772103,0.183868,1.156813,0.084558,0.863733,0.047686,1.509126,0.505131
8.066667,2.031936,2.000851,1.998069,2.022549,1.842129,2.006964,2.035282,1.998852,0.147148,1.773365,0.189048,1.154134,0.083742,0.871216,0.047983,1.506851,0.505004
8.083333,2.031987,2.000844,1.997392,2.022465,1.841436,2.006937,2.035021,1.998837,0.146200,1.775115,0.192369,1.152631,0.083387,0.874946,0.048286,1.503428,0.507792
8.100000,2.031976,2.000848,1.996117,2.022486,1.840952,2.006751,2.034667,1.998848,0.145065,1.771834,0.193906,1.151637,0.083260,0.877226,0.048626,1.503022,0.522225
8.116667,2.031848,2.000864,1.995850,2.022597,1.840663,2.006575,2.034666,1.998953,0.144120,1.776373,0.189260,1.151007,0.084017,0.878373,0.049582,1.503500,0.535766
8.133333,2.031725,2.000867,1.996030,2.022931,1.840497,2.006440,2.034478,1.998935,0.143419,1.780263,0.183403,1.150879,0.084978,0.867715,0.050494,1.504155,0.546239
8.150000,2.031637,2.000860,1.996716,2.023240,1.840959,2.006346,2.034467,1.998935,0.142943,1.782576,0.178165,1.150961,0.086127,0.860335,0.051552,1.500386,0.555747
8.166667,2.031992,2.000851,1.998222,2.023282,1.841417,2.006272,2.035001,1.998992,0.142442,1.789390,0.167396,1.167183,0.086576,0.873233,0.050774,1.484197,0.566528
8.183333,2.031371,2.000814,2.000578,2.023313,1.847951,2.006066,2.035015,1.999129,0.141201,1.790724,0.157514,1.146967,0.088065,0.877976,0.051142,1.470155,0.572679
8.200000,2.030505,2.000784,2.002052,2.023315,1.844094,2.005967,2.034236,1.999163,0.140676,1.784705,0.149437,1.120594,0.090053,0.875531,0.051834,1.456879,0.575727
8.216667,2.029743,2.000721,2.002130,2.023328,1.840199,2.005989,2.033687,1.999204,0.140393,1.780177,0.145633,1.099894,0.091450,0.844537,0.052029,1.445892,0.576581
8.233333,2.029153,2.000672,2.001738,2.023344,1.838342,2.006027,2.033436,1.999234,0.140075,1.778645,0.143828,1.081932,0.092299,0.819514,0.052134,1.441573,0.576981
8.250000,2.028845,2.000682,2.001352,2.023416,1.837600,2.006066,2.033226,1.999143,0.139744,1.777469,0.143065,1.072279,0.092708,0.809369,0.052168,1.453874,0.577107
8.266667,2.028769,2.000722,2.000820,2.023474,1.837587,2.006113,2.033295,1.998988,0.139396,1.777207,0.142737,1.067262,0.092936,0.804722,0.052198,1.477540,0.576733
8.283333,2.028823,2.000752,2.001030,2.023430,1.838156,2.006267,2.033759,1.998837,0.139146,1.778366,0.142674,1.064768,0.093364,0.819198,0.052533,1.493784,0.575911
8.300000,2.029094,2.000756,2.001138,2.023424,1.838721,2.006420,2.034223,1.998674,0.138879,1.780271,0.142769,1.068372,0.093158,0.834151,0.052780,1.506573,0.571751
8.316667,2.029611,2.000721,1.999805,2.023528,1.839086,2.006556,2.034480,1.998490,0.138968,1.782198,0.145946,1.072218,0.091118,0.843958,0.052674,1.515743,0.567518
8.333333,2.030239,2.000718,1.998470,2.023559,1.839361,2.006767,2.034521,1.998158,0.141238,1.783739,0.151416,1.075325,0.088900,0.834284,0.052705,1.521116,0.564706
8.350000,2.030546,2.000753,1.997348,2.023401,1.839643,2.007002,2.034690,1.997797,0.143902,1.785653,0.156313,1.072016,0.087670,0.828978,0.052865,1.529211,0.555811
8.366667,2.031406,2.000806,1.997179,2.022955,1.840099,2.007302,2.035214,1.997458,0.147078,1.789859,0.158827,1.091456,0.086745,0.848665,0.053526,1.539784,0.537957
8.383333,2.032412,2.000854,1.997206,2.022513,1.838577,2.007557,2.035885,1.997152,0.149744,1.794596,0.161613,1.115284,0.085752,0.869097,0.053910,1.552080,0.518502
8.400000,2.032990,2.000883,1.997171,2.022266,1.837006,2.007671,2.035966,1.996885,0.150984,1.797370,0.163321,1.128793,0.085222,0.879045,0.054097,1.562791,0.503843
8.416667,2.033295,2.000912,1.995987,2.022168,1.836090,2.007594,2.035745,1.996692,0.149653,1.799301,0.164210,1.136130,0.084966,0.884280,0.054194,1.565882,0.508474
8.433333,2.033432,2.000929,1.994664,2.022204,1.835682,2.007333,2.035390,1.996548,0.146063,1.800308,0.164721,1.140002,0.084868,0.887309,0.054258,1.570264,0.525140
8.450000,2.033404,2.000935,1.994648,2.022379,1.835795,2.007066,2.034927,1.996540,0.143463,1.796058,0.164937,1.141825,0.084830,0.885097,0.054294,1.573694,0.540046
8.466667,2.033351,2.000900,1.995543,2.022826,1.836275,2.006878,2.034933,1.996706,0.141918,1.793610,0.164270,1.142855,0.085016,0.862459,0.054526,1.576026,0.552020
8.483333,2.033612,2.000878,1.996139,2.023343,1.836959,2.006751,2.035650,1.997048,0.140901,1.797471,0.158450,1.156565,0.086259,0.841948,0.055564,1.576873,0.560692
8.500000,2.033978,2.000860,1.997389,2.023559,1.843135,2.006528,2.036344,1.997353,0.139307,1.800523,0.153635,1.172392,0.087396,0.843245,0.056430,1.569238,0.566579
8.516667,2.034556,2.000846,1.998586,2.023673,1.849341,2.006335,2.036815,1.997577,0.137908,1.800142,0.150018,1.192967,0.087621,0.849210,0.056620,1.560259,0.570073
8.533333,2.034194,2.000827,1.999472,2.023730,1.844345,2.006323,2.036479,1.997746,0.137352,1.785925,0.147546,1.187788,0.087833,0.858635,0.056620,1.550875,0.570788
8.550000,2.033385,2.000801,1.999998,2.023784,1.840716,2.006361,2.036077,1.997801,0.136749,1.770132,0.145917,1.165392,0.088019,0.851838,0.056891,1.543253,0.570647
8.566667,2.032674,2.000779,2.000414,2.023821,1.839936,2.006391,2.035224,1.997805,0.136058,1.752656,0.144993,1.140627,0.088084,0.843940,0.057132,1.539480,0.570426
8.583333,2.032316,2.000770,2.000638,2.023845,1.839764,2.006423,2.034648,1.997718,0.135594,1.743350,0.144618,1.127432,0.088027,0.840171,0.057178,1.537550,0.570121
8.600000,2.032242,2.000773,2.000511,2.023771,1.840059,2.006476,2.034656,1.997461,0.134804,1.745332,0.144390,1.122988,0.088115,0.838530,0.057332,1.536383,0.569551
8.616667,2.032384,2.000767,2.000127,2.023626,1.840775,2.006630,2.035251,1.997215,0.134185,1.748980,0.144356,1.121253,0.088180,0.838099,0.057439,1.535620,0.568638
8.633333,2.032529,2.000753,2.000094,2.023520,1.841372,2.006779,2.035892,1.996981,0.133611,1.752484,0.144381,1.120470,0.088211,0.837657,0.057498,1.535184,0.567937
8.650000,2.032727,2.000766,1.999325,2.023367,1.841761,2.006947,2.036458,1.996758,0.134128,1.755661,0.145270,1.120402,0.088300,0.823337,0.057664,1.532610,0.567627
8.666667,2.032891,2.000807,1.998388,2.022852,1.842070,2.007159,2.036854,1.996590,0.135871,1.756166,0.147054,1.118623,0.088739,0.808601,0.058414,1.521730,0.568013
8.683333,2.032906,2.000874,1.998520,2.022589,1.842435,2.007383,2.037101,1.996566,0.137727,1.753785,0.147700,1.116169,0.089527,0.827940,0.059136,1.530886,0.550984
8.700000,2.033458,2.000944,1.998840,2.022115,1.842862,2.007697,2.037544,1.996491,0.140756,1.753959,0.147065,1.133246,0.091227,0.856451,0.060347,1.527823,0.500906
8.716667,2.034240,2.000999,1.998868,2.021439,1.840808,2.007985,2.038089,1.996297,0.144594,1.755516,0.147338,1.152368,0.091877,0.876109,0.060334,1.526395,0.454881
8.733333,2.034699,2.001025,1.998334,2.021119,1.838622,2.008008,2.038176,1.996132,0.145821,1.756682,0.147572,1.163800,0.092263,0.885714,0.060175,1.528056,0.439465
8.750000,2.034947,2.001052,1.997005,2.021050,1.837225,2.007786,2.037741,1.995972,0.144263,1.757037,0.147756,1.169977,0.092536,0.890613,0.060123,1.531932,0.446804
8.766667,2.035081,2.001070,1.995676,2.021047,1.836406,2.007566,2.037244,1.995840,0.142212,1.757034,0.147885,1.173300,0.092696,0.893437,0.060095,1.534549,0.458157
8.783333,2.035287,2.001080,1.995497,2.021208,1.836480,2.007386,2.037011,1.995828,0.140530,1.761817,0.147723,1.175400,0.092840,0.890823,0.060124,1.536935,0.469376
8.800000,2.035467,2.001048,1.996637,2.021609,1.837187,2.007286,2.037485,1.995796,0.139421,1.773468,0.147232,1.177295,0.092979,0.868504,0.060205,1.538600,0.479106
8.816667,2.035569,2.001015,1.997434,2.022083,1.838008,2.007248,2.038390,1.995840,0.138793,1.782873,0.146906,1.178574,0.093055,0.848292,0.060265,1.539157,0.486121
8.833333,2.035842,2.000982,1.998233,2.022434,1.847697,2.007069,2.039288,1.995923,0.137452,1.790076,0.146257,1.184087,0.093227,0.835135,0.060347,1.537845,0.490212
8.850000,2.036109,2.000957,1.999544,2.022520,1.854417,2.006983,2.039852,1.995955,0.136649,1.793052,0.145964,1.187774,0.093327,0.841988,0.060367,1.527331,0.492841
8.866667,2.036325,2.000936,2.000692,2.022571,1.852831,2.006938,2.039827,1.995913,0.136079,1.791337,0.145872,1.190121,0.093395,0.852776,0.060378,1.516741,0.492577
8.883333,2.035529,2.000916,2.001240,2.022621,1.849650,2.006933,2.039897,1.995874,0.135546,1.791168,0.146127,1.168874,0.093572,0.857442,0.060400,1.508771,0.492145
8.900000,2.034722,2.000894,2.001429,2.022653,1.848316,2.006928,2.038999,1.995852,0.134956,1.784099,0.146347,1.148086,0.093733,0.854408,0.060424,1.504825,0.491772
8.916667,2.034297,2.000887,2.001480,2.022648,1.847834,2.006935,2.038288,1.995939,0.134396,1.779593,0.146058,1.136866,0.094112,0.853299,0.060580,1.502756,0.491396
8.933333,2.034077,2.000897,2.001128,2.022540,1.847946,2.006970,2.037673,1.995988,0.133762,1.776507,0.145856,1.130852,0.094725,0.853382,0.060868,1.501448,0.490800
8.950000,2.033962,2.000855,2.000728,2.022428,1.848578,2.007127,2.037805,1.995703,0.133250,1.776032,0.145782,1.127557,0.095106,0.853748,0.061064,1.500685,0.489918
8.966667,2.034058,2.000838,2.000150,2.022300,1.849312,2.007284,2.038254,1.995400,0.132845,1.776954,0.145872,1.126294,0.095349,0.847033,0.061207,1.500185,0.488978
8.983333,2.034180,2.000876,1.998708,2.022081,1.849793,2.007501,2.038364,1.995234,0.134431,1.773933,0.146269,1.125916,0.095941,0.822079,0.061611,1.499672,0.488391
9.000000,2.034031,2.000932,1.998065,2.021571,1.850139,2.007723,2.038366,1.995153,0.136505,1.768657,0.147093,1.120738,0.096641,0.817346,0.062060,1.490602,0.488574
9.016667,2.033956,2.001000,1.998212,2.021362,1.850552,2.007928,2.038435,1.995082,0.138488,1.764009,0.147466,1.118317,0.097195,0.836383,0.062463,1.506240,0.462679
9.033333,2.034712,2.001080,1.998465,2.020766,1.850906,2.008127,2.038562,1.995007,0.140482,1.760066,0.146221,1.135614,0.097390,0.863427,0.063077,1.505498,0.416351
9.050000,2.035526,2.001149,1.998589,2.020174,1.847406,2.008261,2.038830,1.994857,0.143730,1.757480,0.146060,1.153614,0.097317,0.889026,0.063410,1.509144,0.389082
9.066667,2.035987,2.001176,1.997798,2.019921,1.845095,2.008301,2.039084,1.994747,0.146605,1.757250,0.146246,1.163676,0.097367,0.901908,0.063555,1.515889,0.385450
9.083333,2.036246,2.001184,1.996658,2.019850,1.843781,2.008111,2.038687,1.994585,0.145802,1.756785,0.146402,1.169185,0.097405,0.908464,0.063632,1.520850,0.394048
9.100000,2.036346,2.001198,1.995704,2.019883,1.843015,2.007874,2.038127,1.994397,0.143774,1.756266,0.146475,1.171812,0.097442,0.912088,0.063677,1.524657,0.406397
9.116667,2.036335,2.001191,1.995970,2.020123,1.843543,2.007669,2.037725,1.994215,0.141150,1.757596,0.146354,1.172855,0.097492,0.903522,0.063732,1.528113,0.418927
9.133333,2.036335,2.001132,1.997265,2.020524,1.844337,2.007495,2.038072,1.994142,0.138354,1.768450,0.145920,1.173626,0.097578,0.879102,0.063852,1.530684,0.429750
9.150000,2.036335,2.001093,1.998225,2.020972,1.845074,2.007378,2.039116,1.994264,0.135927,1.780530,0.145604,1.174213,0.097902,0.858328,0.064303,1.531763,0.436878
9.166667,2.035614,2.001067,1.999037,2.021388,1.851021,2.007142,2.039910,1.994540,0.133131,1.786313,0.144594,1.158601,0.098519,0.840453,0.064721,1.532512,0.440793
9.183333,2.035119,2.001040,2.000249,2.021513,1.854007,2.006920,2.040463,1.994829,0.131009,1.787470,0.144002,1.147328,0.098847,0.843367,0.065158,1.523882,0.443506
9.200000,2.034700,2.001017,2.001339,2.021550,1.848564,2.006847,2.040930,1.995042,0.129818,1.786597,0.143588,1.136986,0.098985,0.853211,0.065497,1.513195,0.443908
9.216667,2.033673,2.001004,2.001458,2.021591,1.844952,2.006850,2.040260,1.995138,0.129040,1.775148,0.143010,1.108181,0.098913,0.856520,0.065686,1.505287,0.443857
9.233333,2.032976,2.000994,2.001394,2.021625,1.843006,2.006866,2.038982,1.995162,0.128484,1.759274,0.142726,1.086444,0.098848,0.854256,0.065839,1.501358,0.443724
9.250000,2.032629,2.001003,2.001225,2.021594,1.842063,2.006884,2.038084,1.995169,0.128000,1.749783,0.142608,1.074949,0.098716,0.854166,0.065827,1.499196,0.443524
9.266667,2.032473,2.001020,2.000822,2.021498,1.841849,2.006909,2.037385,1.994909,0.127411,1.743823,0.142558,1.069266,0.098578,0.854703,0.065755,1.497872,0.443125
9.283333,2.032469,2.000992,2.000394,2.021393,1.842256,2.007035,2.037094,1.994544,0.127126,1.741286,0.143105,1.066644,0.098609,0.855267,0.065235,1.497098,0.442456
9.300000,2.032548,2.000997,1.999588,2.021258,1.843029,2.007202,2.037472,1.994197,0.127080,1.741926,0.143838,1.065608,0.098719,0.840915,0.064643,1.496568,0.441519
9.316667,2.032554,2.001047,1.998486,2.021068,1.843588,2.007416,2.037711,1.993947,0.128481,1.742321,0.145643,1.063429,0.099492,0.824233,0.063608,1.496096,0.440898
9.333333,2.032554,2.001111,1.997871,2.020587,1.843965,2.007633,2.037861,1.993854,0.130348,1.741086,0.147198,1.064333,0.100976,0.842933,0.062098,1.467447,0.441141
9.350000,2.032584,2.001166,1.997616,2.020430,1.844357,2.007824,2.038114,1.993732,0.132123,1.741523,0.148862,1.065818,0.102655,0.865339,0.060754,1.479034,0.416768
9.366667,2.032870,2.001217,1.997520,2.020137,1.844797,2.008082,2.038596,1.993557,0.134400,1.744148,0.149551,1.075449,0.104927,0.889565,0.060501,1.494867,0.383836
9.383333,2.033188,2.001260,1.997309,2.019739,1.841006,2.008257,2.039207,1.993321,0.139860,1.747418,0.150922,1.083468,0.107432,0.909084,0.061528,1.504689,0.361006
9.400000,2.033561,2.001277,1.996963,2.019558,1.838521,2.008357,2.039619,1.993184,0.144632,1.749990,0.151985,1.091898,0.108444,0.919149,0.062355,1.512204,0.355250
9.416667,2.033756,2.001269,1.995610,2.019527,1.837154,2.008235,2.039538,1.993052,0.145329,1.751229,0.152573,1.096421,0.109036,0.923989,0.062898,1.516711,0.361286
9.433333,2.033862,2.001263,1.994536,2.019591,1.836298,2.007986,2.039043,1.992897,0.143405,1.751531,0.152935,1.098925,0.109383,0.926665,0.063224,1.520976,0.372352
9.450000,2.033989,2.001271,1.994508,2.019759,1.835761,2.007746,2.039108,1.993065,0.140822,1.757313,0.152961,1.100653,0.109674,0.917866,0.063470,1.525251,0.382749
9.466667,2.034114,2.001220,1.995574,2.020123,1.835728,2.007547,2.040053,1.993274,0.138041,1.770712,0.152734,1.101939,0.109979,0.894806,0.063697,1.528683,0.391631
9.483333,2.034357,2.001172,1.996423,2.020538,1.836166,2.007411,2.040920,1.993513,0.136148,1.775992,0.152201,1.107872,0.110366,0.874332,0.063877,1.530142,0.397769
9.500000,2.034589,2.001128,1.997097,2.020884,1.839076,2.007257,2.041647,1.993715,0.134389,1.778754,0.151770,1.113681,0.110682,0.855976,0.064013,1.531081,0.401150
9.516667,2.034834,2.001099,1.998258,2.020980,1.844897,2.007024,2.042203,1.993830,0.132554,1.778567,0.151642,1.117994,0.110875,0.858859,0.064085,1.522702,0.403527
9.533333,2.035027,2.001081,1.999347,2.020992,1.839746,2.006926,2.042486,1.993902,0.131380,1.775120,0.151506,1.120852,0.111045,0.868993,0.064310,1.512065,0.404836
9.550000,2.033428,2.001065,1.999754,2.021018,1.839103,2.006880,2.042169,1.993803,0.129167,1.770939,0.151023,1.083594,0.111952,0.867737,0.065516,1.504438,0.404888
9.566667,2.032474,2.001061,1.999686,2.021042,1.840954,2.006836,2.041475,1.993725,0.127202,1.765071,0.150571,1.059300,0.112016,0.864237,0.066383,1.500667,0.404829
9.583333,2.032081,2.001072,1.999488,2.021008,1.843987,2.006781,2.040757,1.993735,0.125698,1.760753,0.149987,1.048442,0.111820,0.863248,0.066811,1.498584,0.404638
9.600000,2.031878,2.001147,1.998312,2.020889,1.846075,2.006760,2.040043,1.993764,0.124333,1.757172,0.149556,1.042611,0.111756,0.844454,0.067093,1.497203,0.404271
9.616667,2.031771,2.001182,1.997055,2.020741,1.847679,2.006875,2.038832,1.993657,0.124239,1.743800,0.149347,1.039404,0.111842,0.824052,0.067429,1.496311,0.403646
9.633333,2.031781,2.001233,1.995885,2.020582,1.849175,2.007125,2.038345,1.993618,0.126460,1.731647,0.149855,1.038431,0.112461,0.805140,0.067866,1.495735,0.402667
9.650000,2.031975,2.001317,1.995334,2.020419,1.850191,2.007346,2.038084,1.993600,0.128750,1.722320,0.149834,1.043496,0.113239,0.807004,0.068306,1.495325,0.401899
9.666667,2.032489,2.001429,1.995468,2.019939,1.850781,2.007533,2.038659,1.993656,0.130772,1.727676,0.148919,1.058235,0.114634,0.835892,0.068770,1.466625,0.402093
9.683333,2.033610,2.001532,1.995949,2.019764,1.851265,2.007711,2.039452,1.993679,0.132830,1.736156,0.148198,1.085941,0.114925,0.870672,0.069210,1.478358,0.379219
9.700000,2.035007,2.001627,1.996278,2.019470,1.851713,2.007891,2.039991,1.993633,0.135102,1.739218,0.147809,1.114896,0.113410,0.905372,0.069066,1.487576,0.348005
9.716667,2.036083,2.001701,1.996296,2.019178,1.848252,2.008046,2.040823,1.993517,0.140164,1.744005,0.148443,1.135795,0.112467,0.930736,0.068899,1.495354,0.339769
9.733333,2.036867,2.001734,1.996080,2.019072,1.845984,2.008138,2.041457,1.993446,0.144426,1.747759,0.148975,1.150885,0.111917,0.943915,0.068698,1.505388,0.340183
9.750000,2.037325,2.001725,1.994827,2.019058,1.844760,2.008086,2.041197,1.993279,0.146054,1.749410,0.149305,1.159552,0.111630,0.950780,0.068586,1.511174,0.347692
9.766667,2.037572,2.001699,1.993493,2.019094,1.843972,2.007839,2.040681,1.993074,0.143930,1.750044,0.149521,1.164142,0.111508,0.951268,0.068571,1.516340,0.359596
9.783333,2.037707,2.001653,1.993074,2.019264,1.844340,2.007670,2.040928,1.993096,0.142149,1.761634,0.149477,1.166801,0.111757,0.929543,0.069892,1.521447,0.368826
9.800000,2.037780,2.001595,1.993365,2.019628,1.845324,2.007591,2.041834,1.993266,0.140970,1.778817,0.149170,1.168616,0.111372,0.906838,0.070008,1.525205,0.376164
9.816667,2.037803,2.001530,1.994004,2.019985,1.845899,2.007546,2.043113,1.993499,0.140278,1.791530,0.148927,1.169816,0.110906,0.885666,0.069721,1.527361,0.380337
9.833333,2.037800,2.001463,1.994587,2.020296,1.848725,2.007462,2.044269,1.993722,0.139090,1.799203,0.148791,1.170581,0.110630,0.865950,0.069552,1.528581,0.382715
9.850000,2.037979,2.001412,1.995654,2.020361,1.849602,2.007268,2.044649,1.993855,0.137634,1.797617,0.148436,1.175187,0.110616,0.867739,0.069470,1.520560,0.384778
9.866667,2.038157,2.001378,1.996645,2.020357,1.844280,2.007220,2.043153,1.993855,0.136882,1.778541,0.148404,1.178912,0.110637,0.874980,0.069390,1.510770,0.384917
9.883333,2.037108,2.001325,1.997539,2.020352,1.840442,2.007238,2.040968,1.993800,0.136545,1.750858,0.148883,1.158621,0.111151,0.870713,0.069495,1.503906,0.384773
9.900000,2.036149,2.001294,1.998096,2.020346,1.838476,2.007270,2.038760,1.993779,0.135868,1.722348,0.149346,1.139512,0.111921,0.852202,0.069830,1.500484,0.384578
9.916667,2.035635,2.001281,1.998353,2.020323,1.837494,2.007301,2.037374,1.993769,0.135162,1.705299,0.149685,1.129104,0.112585,0.843488,0.070164,1.498635,0.384396
9.933333,2.035363,2.001308,1.997860,2.020217,1.837178,2.007335,2.036398,1.993629,0.134297,1.694445,0.149884,1.123506,0.113135,0.835447,0.070462,1.497434,0.384085
9.950000,2.035255,2.001401,1.996797,2.020088,1.837436,2.007416,2.036015,1.993219,0.133784,1.688099,0.150099,1.121081,0.113548,0.818268,0.070689,1.496629,0.383534
9.966667,2.035069,2.001476,1.995898,2.019941,1.838224,2.007602,2.036260,1.992865,0.134131,1.684771,0.151056,1.115841,0.113246,0.807786,0.070916,1.496099,0.382665
9.983333,2.034312,2.001566,1.995762,2.019790,1.838895,2.007843,2.036932,1.992849,0.136332,1.690455,0.153398,1.100946,0.113577,0.827904,0.071327,1.495731,0.381976
10.000000,2.034334,2.001642,1.996015,2.019533,1.839313,2.008055,2.037971,1.992956,0.138427,1.703286,0.154072,1.101601,0.114554,0.853458,0.071733,1.477730,0.381982
10.016667,2.034940,2.001709,1.996434,2.019408,1.839643,2.008249,2.038598,1.992962,0.140547,1.707829,0.153678,1.113745,0.115109,0.878746,0.071912,1.471187,0.356697
10.033333,2.035541,2.001764,1.996556,2.019141,1.840086,2.008436,2.038996,1.992930,0.142652,1.708220,0.153490,1.125428,0.115412,0.898985,0.071925,1.476750,0.334483
10.050000,2.036544,2.001810,1.996414,2.018831,1.836263,2.008491,2.039305,1.992831,0.144570,1.706485,0.153109,1.144377,0.114947,0.912718,0.071735,1.479793,0.322062
10.066667,2.037199,2.001809,1.995512,2.018731,1.833707,2.008494,2.039522,1.992818,0.146282,1.706130,0.152798,1.156557,0.114716,0.919221,0.071667,1.485374,0.319072
10.083333,2.037065,2.001783,1.994336,2.018726,1.832381,2.008458,2.039341,1.992742,0.147836,1.705974,0.152736,1.152201,0.114709,0.922035,0.071675,1.488591,0.324791
10.100000,2.037030,2.001754,1.993059,2.018769,1.831515,2.008192,2.038788,1.992535,0.145069,1.705594,0.152729,1.151005,0.114828,0.923622,0.071873,1.492688,0.335127
10.116667,2.037110,2.001756,1.992347,2.018902,1.832268,2.008028,2.038613,1.992551,0.142993,1.710711,0.152427,1.154352,0.115293,0.921174,0.072591,1.496334,0.344441
10.133333,2.037421,2.001700,1.992302,2.019239,1.833280,2.007935,2.039479,1.992738,0.141376,1.730141,0.151311,1.163124,0.116285,0.898094,0.073857,1.499736,0.351119
10.150000,2.037680,2.001630,1.992669,2.019567,1.833876,2.007870,2.040831,1.992990,0.139711,1.746418,0.150384,1.170670,0.117038,0.875222,0.074662,1.501690,0.354933
10.166667,2.037889,2.001558,1.993124,2.019833,1.841575,2.007760,2.042492,1.993246,0.138647,1.762776,0.149706,1.176514,0.117535,0.854225,0.075138,1.502875,0.357009
10.183333,2.037979,2.001497,1.993911,2.019936,1.843316,2.007662,2.043667,1.993487,0.138007,1.771128,0.149318,1.180101,0.117819,0.847022,0.075394,1.498360,0.358569
10.200000,2.037618,2.001467,1.994883,2.019908,1.837150,2.007727,2.043381,1.993631,0.137692,1.764202,0.149068,1.174549,0.118071,0.854788,0.075693,1.488372,0.357866
10.216667,2.036214,2.001362,1.996757,2.019841,1.833719,2.007763,2.041625,1.993617,0.137617,1.742153,0.148689,1.144969,0.118230,0.833485,0.076262,1.478486,0.357735
10.233333,2.035384,2.001327,1.997508,2.019815,1.831850,2.007779,2.039825,1.993568,0.137715,1.717975,0.148619,1.125446,0.117978,0.819897,0.076143,1.473413,0.357613
10.250000,2.035008,2.001317,1.997848,2.019783,1.830844,2.007792,2.038725,1.993536,0.137541,1.703779,0.148588,1.115419,0.117735,0.813244,0.075936,1.470665,0.357532
10.266667,2.034864,2.001326,1.997599,2.019683,1.831805,2.007796,2.037681,1.993339,0.136356,1.693450,0.148559,1.110642,0.117540,0.810231,0.075747,1.469011,0.357247
10.283333,2.034912,2.001316,1.997240,2.019583,1.832748,2.007830,2.037181,1.992841,0.135720,1.687987,0.148756,1.108264,0.117158,0.808890,0.075633,1.468062,0.356748
10.300000,2.035046,2.001381,1.996302,2.019453,1.833969,2.008058,2.037088,1.992644,0.137227,1.678589,0.149907,1.105838,0.116963,0.804068,0.076141,1.467436,0.355909
10.316667,2.035573,2.001554,1.995311,2.019306,1.834886,2.008295,2.037049,1.992534,0.139289,1.669175,0.149851,1.114529,0.117024,0.829259,0.076283,1.466984,0.355233
10.333333,2.035887,2.001671,1.995231,2.019106,1.835445,2.008502,2.037039,1.992446,0.141235,1.660718,0.149845,1.121048,0.117099,0.859151,0.076259,1.448037,0.355257
10.350000,2.036281,2.001751,1.995117,2.018939,1.835881,2.008686,2.037050,1.992368,0.143109,1.653017,0.149915,1.128570,0.117245,0.882975,0.076277,1.451053,0.336667
10.366667,2.036797,2.001804,1.994784,2.018589,1.836227,2.008877,2.037091,1.992288,0.145882,1.646092,0.150331,1.137444,0.117396,0.897072,0.076293,1.459277,0.309394
10.383333,2.037878,2.001840,1.994311,2.018069,1.832057,2.009066,2.037242,1.992141,0.156609,1.640448,0.152165,1.154742,0.117662,0.907410,0.076144,1.466003,0.291545
10.400000,2.038575,2.001829,1.993240,2.017790,1.829263,2.009170,2.037373,1.992050,0.166319,1.637823,0.153219,1.165795,0.117921,0.912379,0.075981,1.466024,0.286038
10.416667,2.038943,2.001793,1.991888,2.017689,1.827819,2.009126,2.037176,1.991934,0.171082,1.636457,0.153794,1.172231,0.117910,0.913106,0.075666,1.465897,0.289342
10.433333,2.039143,2.001759,1.990759,2.017712,1.826938,2.008873,2.036644,1.991673,0.170274,1.635467,0.154176,1.175666,0.117864,0.913458,0.075487,1.468786,0.297706
10.450000,2.039401,2.001763,1.991224,2.017914,1.827401,2.008692,2.036737,1.991690,0.168706,1.646165,0.153967,1.181139,0.118335,0.913361,0.076312,1.471573,0.306177
10.466667,2.039895,2.001740,1.992879,2.018282,1.828402,2.008607,2.037922,1.991933,0.167483,1.675962,0.153050,1.191799,0.117639,0.908987,0.075763,1.473236,0.312321
10.483333,2.040355,2.001666,1.993840,2.018651,1.828928,2.008534,2.039295,1.992232,0.165533,1.699747,0.151998,1.201941,0.117415,0.886055,0.075442,1.474368,0.315751
10.500000,2.040355,2.001592,1.994634,2.019007,1.829203,2.008484,2.041093,1.992603,0.162746,1.722036,0.150999,1.202685,0.117547,0.863460,0.075340,1.475132,0.317675
10.516667,2.040102,2.001518,1.995217,2.019284,1.829381,2.008326,2.042495,1.992964,0.160534,1.735807,0.150438,1.198575,0.117827,0.843178,0.075488,1.475679,0.318838
10.533333,2.039746,2.001457,1.995917,2.019429,1.822324,2.008379,2.042951,1.993210,0.159512,1.738306,0.150089,1.192429,0.118001,0.837120,0.075618,1.461993,0.324749
10.550000,2.038516,2.001376,1.996839,2.019540,1.818323,2.008464,2.041565,1.993350,0.159122,1.720016,0.149831,1.168945,0.118209,0.828099,0.075966,1.437966,0.334447
10.566667,2.037613,2.001355,1.997600,2.019599,1.816956,2.008489,2.040170,1.993415,0.159038,1.699973,0.149747,1.150618,0.118294,0.819190,0.076130,1.424634,0.339653
10.583333,2.037183,2.001352,1.997941,2.019614,1.818655,2.008455,2.039136,1.993440,0.158275,1.687080,0.149686,1.141289,0.118239,0.815112,0.076090,1.417519,0.342393
10.600000,2.037006,2.001367,1.997694,2.019535,1.820842,2.008414,2.038370,1.993271,0.157362,1.678344,0.149627,1.136962,0.118145,0.813504,0.075982,1.413460,0.343845
10.616667,2.037028,2.001345,1.997329,2.019442,1.822014,2.008393,2.038016,1.992805,0.156922,1.674635,0.150043,1.135180,0.117493,0.812926,0.075925,1.411170,0.344614
10.633333,2.037013,2.001388,1.996459,2.019318,1.823669,2.008580,2.037839,1.992647,0.158646,1.664541,0.151071,1.132975,0.117442,0.808708,0.076444,1.409844,0.344241
10.650000,2.037500,2.001516,1.996079,2.019174,1.825061,2.008811,2.037806,1.992561,0.160906,1.654295,0.150717,1.142288,0.117816,0.834019,0.076835,1.409028,0.343623
10.666667,2.038039,2.001590,1.995857,2.019154,1.825887,2.009013,2.037783,1.992492,0.163035,1.645017,0.150738,1.153342,0.118024,0.862300,0.076831,1.409352,0.343000
10.683333,2.038587,2.001644,1.995617,2.019069,1.826444,2.009199,2.037781,1.992424,0.165075,1.636501,0.150797,1.163334,0.118249,0.883513,0.076840,1.415733,0.337855
10.700000,2.038582,2.001683,1.995197,2.018889,1.826935,2.009375,2.037775,1.992352,0.167155,1.628685,0.150282,1.165782,0.118416,0.895225,0.076886,1.436372,0.322250
10.716667,2.038438,2.001708,1.994690,2.018597,1.824687,2.009527,2.037826,1.992213,0.169906,1.622023,0.149635,1.166597,0.118194,0.903946,0.076888,1.458366,0.305904
10.733333,2.038350,2.001704,1.993841,2.018461,1.822272,2.009603,2.037947,1.992110,0.171468,1.620534,0.149234,1.167477,0.118040,0.908042,0.076876,1.471271,0.299119
10.750000,2.038346,2.001698,1.992375,2.018443,1.820984,2.009590,2.037755,1.991968,0.173109,1.619870,0.148943,1.169646,0.117861,0.908674,0.076740,1.478515,0.303398
10.766667,2.038332,2.001684,1.991057,2.018492,1.820180,2.009335,2.037228,1.991706,0.169731,1.619222,0.148853,1.171137,0.117627,0.909074,0.076414,1.484828,0.313056
10.783333,2.038308,2.001683,1.990915,2.018616,1.819695,2.009119,2.037063,1.991574,0.166736,1.625683,0.148668,1.172088,0.117652,0.909257,0.076439,1.490205,0.321785
10.800000,2.038726,2.001710,1.991536,2.018985,1.820673,2.009032,2.038044,1.991814,0.164763,1.653551,0.147589,1.181345,0.119012,0.909194,0.077994,1.493517,0.329522
10.816667,2.039130,2.001666,1.992209,2.019350,1.821319,2.008991,2.038964,1.992123,0.163576,1.675740,0.146669,1.189760,0.119171,0.889506,0.077976,1.495403,0.334002
10.833333,2.039551,2.001606,1.992754,2.019660,1.821693,2.009012,2.040470,1.992458,0.163265,1.696738,0.145668,1.198936,0.119523,0.866848,0.078034,1.496568,0.336485
10.850000,2.039613,2.001548,1.993368,2.019880,1.825925,2.008821,2.042108,1.992788,0.160433,1.715726,0.144885,1.200682,0.119946,0.851549,0.078173,1.495505,0.338005
10.866667,2.039264,2.001510,1.994340,2.019857,1.819594,2.008807,2.043327,1.993028,0.159044,1.726457,0.144502,1.194761,0.120320,0.857571,0.078255,1.484555,0.339093
10.883333,2.038039,2.001414,1.995978,2.019817,1.814499,2.008864,2.042275,1.993182,0.158394,1.713707,0.144328,1.170705,0.120656,0.831269,0.078643,1.475161,0.339361
10.900000,2.037134,2.001381,1.996452,2.019807,1.812475,2.008870,2.041239,1.993250,0.158170,1.700014,0.144296,1.151729,0.120736,0.814466,0.078785,1.470405,0.339475
10.916667,2.036715,2.001370,1.996632,2.019788,1.811663,2.008865,2.040635,1.993284,0.158093,1.692130,0.144257,1.142148,0.120652,0.806147,0.078702,1.467877,0.339492
10.933333,2.036598,2.001385,1.996259,2.019705,1.811417,2.008865,2.040361,1.993233,0.158100,1.688527,0.144329,1.137916,0.120267,0.802322,0.078571,1.466329,0.339334
10.950000,2.036662,2.001445,1.995144,2.019582,1.811690,2.008876,2.039699,1.992961,0.158303,1.678489,0.144750,1.136179,0.119328,0.784340,0.078511,1.465320,0.338925
10.966667,2.036491,2.001512,1.994598,2.019459,1.812555,2.009028,2.038188,1.992939,0.159717,1.654717,0.145505,1.132278,0.119219,0.781598,0.078827,1.464699,0.338212
10.983333,2.037132,2.001588,1.994733,2.019350,1.813554,2.009253,2.037598,1.992922,0.162141,1.637276,0.145265,1.144145,0.119248,0.804872,0.078807,1.464324,0.337432
11.000000,2.037804,2.001615,1.993619,2.019157,1.814148,2.009437,2.037283,1.992890,0.164322,1.623765,0.145118,1.155834,0.119381,0.827540,0.078805,1.454597,0.337188
11.016667,2.038454,2.001640,1.992901,2.018959,1.814588,2.009634,2.037233,1.992807,0.166498,1.615808,0.145165,1.166487,0.119550,0.844367,0.078816,1.448729,0.327247
11.033333,2.038843,2.001665,1.992178,2.018569,1.815013,2.009882,2.037403,1.992652,0.169071,1.612896,0.145214,1.173383,0.119823,0.854179,0.078872,1.455109,0.301036
11.050000,2.038704,2.001687,1.991500,2.018134,1.810721,2.010072,2.037509,1.992503,0.173821,1.607158,0.145013,1.174620,0.120757,0.861351,0.078960,1.458491,0.286775
11.066667,2.038729,2.001689,1.990857,2.017942,1.807841,2.010157,2.037745,1.992393,0.177932,1.605201,0.144915,1.178152,0.121402,0.864445,0.078842,1.461107,0.285422
11.083333,2.038728,2.001700,1.989138,2.017881,1.806392,2.010161,2.037385,1.992176,0.180700,1.604228,0.144948,1.179922,0.121497,0.865243,0.078516,1.462900,0.289741
11.100000,2.038732,2.001710,1.987650,2.017879,1.805903,2.010005,2.036889,1.991923,0.179437,1.603528,0.145010,1.180949,0.121443,0.865770,0.078274,1.464241,0.298222
11.116667,2.038746,2.001687,1.988473,2.018109,1.806820,2.009823,2.036815,1.991695,0.176121,1.612169,0.144887,1.181761,0.121808,0.865402,0.078723,1.467088,0.306959
11.133333,2.039085,2.001651,1.990023,2.018511,1.807830,2.009738,2.037611,1.991730,0.173765,1.639113,0.144364,1.189194,0.120360,0.864739,0.077817,1.469064,0.312526
11.150000,2.039521,2.001571,1.990955,2.018856,1.808379,2.009689,2.038845,1.991968,0.172233,1.670144,0.143371,1.199762,0.119658,0.844900,0.077115,1.470324,0.315628
11.166667,2.039971,2.001493,1.991696,2.019140,1.817730,2.009448,2.040258,1.992268,0.170489,1.694008,0.142381,1.210453,0.119558,0.822175,0.076826,1.471134,0.317286
11.183333,2.040040,2.001427,1.992467,2.019352,1.822465,2.009339,2.042122,1.992605,0.169618,1.718748,0.141486,1.213545,0.120204,0.807166,0.076898,1.469825,0.318383
11.200000,2.039739,2.001383,1.993528,2.019339,1.816313,2.009405,2.043739,1.992857,0.168063,1.736399,0.140942,1.209329,0.120866,0.813010,0.077120,1.458713,0.318092
11.216667,2.038234,2.001342,1.994021,2.019400,1.815051,2.009477,2.043099,1.993023,0.167413,1.731602,0.140737,1.181931,0.121257,0.813743,0.077351,1.437045,0.326574
11.233333,2.037398,2.001307,1.994691,2.019443,1.816684,2.009458,2.042129,1.993061,0.166543,1.723275,0.140686,1.165044,0.121477,0.807168,0.077493,1.425985,0.330857
11.250000,2.036935,2.001297,1.994970,2.019449,1.818740,2.009423,2.041417,1.993074,0.165684,1.717003,0.140729,1.155799,0.121731,0.804373,0.077635,1.420006,0.333171
11.266667,2.036734,2.001299,1.994641,2.019381,1.820503,2.009383,2.040411,1.993033,0.165464,1.703849,0.140826,1.150994,0.121596,0.803463,0.077614,1.416581,0.334380
11.283333,2.036651,2.001298,1.994018,2.019296,1.821803,2.009391,2.038511,1.993015,0.166067,1.675003,0.140922,1.148678,0.121682,0.798926,0.077724,1.414643,0.334752
11.300000,2.036647,2.001370,1.992859,2.019169,1.823198,2.009537,2.037237,1.993007,0.168540,1.650803,0.141224,1.148508,0.122680,0.786806,0.078423,1.414049,0.334071
11.316667,2.036585,2.001461,1.992607,2.019071,1.824808,2.009729,2.036621,1.992987,0.170990,1.633271,0.141373,1.149784,0.124159,0.805214,0.079193,1.414263,0.332881
11.333333,2.036519,2.001527,1.992641,2.019037,1.825811,2.009897,2.036293,1.992953,0.173262,1.619679,0.141773,1.150203,0.125492,0.826593,0.079731,1.414401,0.332205
11.350000,2.036976,2.001564,1.992639,2.018987,1.826454,2.010055,2.036109,1.992905,0.175529,1.608510,0.141934,1.158466,0.125863,0.842578,0.079752,1.420780,0.327153
11.366667,2.037123,2.001593,1.992314,2.018781,1.826991,2.010211,2.036026,1.992844,0.177829,1.599030,0.141990,1.160841,0.125459,0.852230,0.079702,1.441490,0.311869
11.383333,2.035893,2.001618,1.991849,2.018478,1.824820,2.010391,2.036105,1.992739,0.180764,1.592868,0.142644,1.138813,0.124910,0.859445,0.079550,1.462748,0.296497
11.400000,2.035368,2.001615,1.991009,2.018350,1.822391,2.010462,2.036216,1.992677,0.183191,1.590950,0.142802,1.128130,0.124543,0.862469,0.079440,1.475065,0.292904
11.416667,2.035129,2.001585,1.989621,2.018333,1.821118,2.010446,2.035826,1.992476,0.185304,1.589845,0.142880,1.122414,0.124307,0.863068,0.079281,1.482068,0.297890
11.433333,2.035009,2.001559,1.988160,2.018373,1.820366,2.010273,2.035342,1.992238,0.183598,1.589087,0.142947,1.119893,0.124033,0.863474,0.078997,1.487741,0.306531
11.450000,2.035148,2.001563,1.988249,2.018534,1.819857,2.010029,2.035256,1.992025,0.179660,1.597596,0.142512,1.122062,0.124024,0.863614,0.079860,1.493770,0.315502
11.466667,2.035395,2.001562,1.989192,2.018850,1.820860,2.009903,2.036210,1.992201,0.176102,1.629376,0.141719,1.128517,0.122911,0.863394,0.079098,1.496822,0.322895
11.483333,2.035630,2.001493,1.989965,2.019161,1.821499,2.009810,2.037384,1.992466,0.173026,1.661169,0.140853,1.136350,0.122469,0.843775,0.078558,1.498580,0.327191
11.500000,2.035929,2.001419,1.990602,2.019418,1.821817,2.009731,2.038832,1.992771,0.169963,1.685585,0.140023,1.145642,0.122519,0.821400,0.078312,1.499660,0.329569
11.516667,2.036375,2.001358,1.991518,2.019516,1.822657,2.009566,2.040633,1.993061,0.166591,1.713004,0.139032,1.157926,0.123067,0.813805,0.078291,1.494973,0.331289
11.533333,2.036791,2.001322,1.992591,2.019470,1.817198,2.009580,2.042165,1.993247,0.165114,1.732915,0.138358,1.168867,0.123644,0.821133,0.078327,1.484356,0.332357
11.550000,2.037105,2.001254,1.993855,2.019461,1.811899,2.009655,2.042772,1.993296,0.164382,1.742190,0.138123,1.175554,0.124112,0.809961,0.078378,1.477147,0.332535
11.566667,2.036704,2.001233,1.994748,2.019459,1.811402,2.009636,2.042340,1.993306,0.163716,1.741545,0.138270,1.169660,0.124483,0.799592,0.078298,1.473565,0.332589
11.583333,2.036485,2.001221,1.995214,2.019456,1.813770,2.009583,2.041521,1.993365,0.162558,1.735003,0.138370,1.166434,0.124698,0.794419,0.078253,1.471670,0.332546
11.600000,2.036365,2.001226,1.995036,2.019398,1.815963,2.009541,2.040028,1.993455,0.162280,1.715147,0.138564,1.164723,0.125234,0.792152,0.078492,1.470469,0.332352
11.616667,2.036394,2.001215,1.994643,2.019327,1.817515,2.009574,2.038514,1.993363,0.163355,1.692467,0.138909,1.163722,0.126061,0.791267,0.079014,1.469746,0.331954
11.633333,2.036487,2.001267,1.993714,2.019226,1.818929,2.009708,2.037544,1.993339,0.166009,1.669910,0.139636,1.163788,0.127038,0.780210,0.079349,1.469234,0.331256
11.650000,2.035614,2.001362,1.992941,2.019087,1.820221,2.009894,2.037146,1.993299,0.168541,1.653440,0.140897,1.151972,0.127890,0.788639,0.079398,1.468816,0.330481
11.666667,2.035668,2.001418,1.992109,2.018962,1.820983,2.010060,2.036913,1.993255,0.170984,1.640417,0.141079,1.153803,0.128183,0.811323,0.079319,1.462010,0.330230
11.683333,2.035822,2.001460,1.991489,2.018771,1.821468,2.010225,2.036790,1.993210,0.174239,1.629575,0.141600,1.156087,0.128631,0.827414,0.079377,1.446636,0.315509
11.700000,2.036730,2.001493,1.990795,2.018513,1.821765,2.010463,2.036771,1.993156,0.184449,1.620359,0.142961,1.169468,0.128864,0.836856,0.079283,1.444822,0.295458
11.716667,2.035733,2.001523,1.990062,2.018027,1.817192,2.010571,2.036812,1.993080,0.194198,1.612177,0.144451,1.148602,0.128111,0.843887,0.079003,1.458675,0.282786
11.733333,2.035579,2.001524,1.989371,2.017756,1.814058,2.010622,2.036976,1.993027,0.200100,1.609102,0.144858,1.142170,0.127216,0.846589,0.078564,1.462204,0.279069
11.750000,2.035485,2.001496,1.987755,2.017651,1.812500,2.010603,2.036597,1.992843,0.203921,1.607293,0.145095,1.137083,0.126592,0.847371,0.078083,1.463066,0.281907
11.766667,2.035434,2.001469,1.986468,2.017666,1.811603,2.010435,2.036118,1.992622,0.203029,1.606153,0.145258,1.134197,0.126024,0.847830,0.077674,1.465537,0.288797
11.783333,2.035615,2.001462,1.986666,2.017858,1.812054,2.010238,2.036074,1.992522,0.199359,1.614562,0.144776,1.137415,0.125736,0.847985,0.078420,1.469161,0.296731
11.800000,2.036035,2.001456,1.987704,2.018175,1.813064,2.010129,2.036938,1.992748,0.196152,1.641311,0.143650,1.147125,0.124472,0.847757,0.078624,1.470763,0.302201
11.816667,2.036421,2.001413,1.988704,2.018515,1.813588,2.010038,2.038099,1.993025,0.193148,1.670791,0.142637,1.158035,0.123691,0.835848,0.078031,1.471894,0.305267
11.833333,2.036819,2.001339,1.989377,2.018804,1.813851,2.009992,2.039732,1.993343,0.189805,1.697178,0.141650,1.169623,0.123667,0.812863,0.077795,1.472654,0.306980
11.850000,2.037307,2.001274,1.989951,2.019050,1.814192,2.009861,2.041613,1.993628,0.187311,1.723482,0.140631,1.183053,0.124141,0.793628,0.077697,1.473206,0.308019
11.866667,2.037739,2.001227,1.990929,2.019063,1.806833,2.009901,2.043169,1.993810,0.186534,1.741880,0.139975,1.194137,0.124656,0.796125,0.077663,1.463646,0.308439
11.883333,2.037761,2.001192,1.991876,2.019102,1.802720,2.010027,2.042145,1.993858,0.186161,1.738140,0.139900,1.195911,0.125171,0.797133,0.077645,1.443233,0.316019
11.900000,2.037772,2.001191,1.992738,2.019130,1.803425,2.010001,2.041450,1.993864,0.186165,1.734205,0.139676,1.193570,0.124557,0.792197,0.077460,1.432914,0.319772
11.916667,2.038001,2.001192,1.993190,2.019145,1.804357,2.009969,2.041323,1.993843,0.186261,1.735154,0.139587,1.193237,0.122778,0.789871,0.077308,1.427398,0.321783
11.933333,2.038150,2.001201,1.992975,2.019100,1.805702,2.009930,2.040269,1.993768,0.186634,1.719779,0.139587,1.193181,0.121633,0.789141,0.077199,1.424234,0.322832
11.950000,2.038246,2.001174,1.992539,2.019036,1.806427,2.009914,2.038526,1.993773,0.187144,1.691901,0.139594,1.193199,0.120933,0.789074,0.077140,1.422424,0.323379
11.966667,2.038318,2.001227,1.991322,2.018929,1.807604,2.010023,2.037560,1.993766,0.189595,1.668191,0.139938,1.193291,0.121142,0.772977,0.077614,1.421296,0.323074
11.983333,2.038453,2.001316,1.990750,2.018811,1.808954,2.010210,2.037153,1.993736,0.192432,1.650871,0.139978,1.197100,0.121849,0.780739,0.078242,1.420611,0.322407
12.000000,2.038911,2.001405,1.990351,2.018754,1.809819,2.010375,2.036921,1.993696,0.195026,1.637223,0.139765,1.205403,0.122738,0.801367,0.078907,1.420720,0.321773
12.016667,2.039485,2.001465,1.989809,2.018702,1.810368,2.010530,2.036787,1.993650,0.197523,1.625849,0.139837,1.213958,0.123165,0.814954,0.079122,1.421381,0.319009
12.033333,2.038961,2.001514,1.989117,2.018452,1.810835,2.010705,2.036714,1.993594,0.200407,1.616010,0.139225,1.212012,0.123519,0.822530,0.079180,1.425574,0.301452
12.050000,2.038297,2.001552,1.988377,2.018173,1.808502,2.010977,2.036783,1.993533,0.204523,1.604973,0.138960,1.207591,0.124630,0.828746,0.079411,1.434265,0.284565
12.066667,2.037932,2.001560,1.987280,2.018096,1.805946,2.011159,2.036594,1.993423,0.209617,1.598553,0.139248,1.204608,0.125642,0.830958,0.079478,1.441259,0.283535
12.083333,2.037717,2.001560,1.985486,2.018107,1.804609,2.011209,2.036083,1.993226,0.213221,1.594988,0.139473,1.202912,0.126258,0.831380,0.079430,1.445568,0.288580
12.100000,2.037645,2.001547,1.983975,2.018157,1.803803,2.011074,2.035589,1.993036,0.212050,1.592944,0.139437,1.201442,0.126174,0.831708,0.079414,1.449810,0.297010
12.116667,2.037640,2.001537,1.983816,2.018268,1.803275,2.010860,2.035304,1.992856,0.208223,1.595515,0.139364,1.199523,0.126268,0.831831,0.079614,1.455617,0.304638
12.133333,2.037689,2.001519,1.985060,2.018498,1.803738,2.010748,2.035696,1.992689,0.204981,1.615709,0.139100,1.198352,0.124648,0.831529,0.078477,1.458947,0.309386
12.150000,2.037798,2.001493,1.986274,2.018779,1.804273,2.010664,2.036802,1.992835,0.201840,1.649653,0.138487,1.203902,0.124169,0.827034,0.077732,1.460664,0.312407
12.166667,2.038024,2.001411,1.987010,2.019024,1.810038,2.010450,2.038074,1.993043,0.198550,1.675187,0.137779,1.212504,0.124271,0.803466,0.077662,1.461600,0.314138
12.183333,2.038388,2.001339,1.987756,2.019197,1.817298,2.010335,2.039876,1.993239,0.197788,1.703272,0.136658,1.221409,0.123844,0.787784,0.077989,1.460373,0.315215
12.200000,2.038828,2.001297,1.988830,2.019145,1.812120,2.010393,2.041467,1.993335,0.198474,1.726628,0.135776,1.230184,0.123495,0.793450,0.078364,1.448731,0.315572
12.216667,2.038182,2.001229,1.989800,2.019120,1.807754,2.010509,2.042330,1.993295,0.199596,1.740875,0.135646,1.217416,0.123692,0.785223,0.078561,1.440685,0.315735
12.233333,2.037444,2.001183,1.990428,2.019107,1.806240,2.010553,2.042639,1.993278,0.200235,1.747794,0.135815,1.203820,0.123975,0.777493,0.078604,1.436708,0.315701
12.250000,2.037050,2.001161,1.990751,2.019100,1.806729,2.010520,2.042041,1.993433,0.200438,1.741556,0.136130,1.196490,0.124368,0.773829,0.078567,1.434615,0.315653
12.266667,2.036840,2.001142,1.990582,2.019057,1.807233,2.010483,2.040496,1.993696,0.200405,1.720854,0.136413,1.192550,0.124776,0.772205,0.078591,1.433358,0.315555
12.283333,2.036757,2.001127,1.990296,2.018990,1.807933,2.010474,2.038722,1.993646,0.200588,1.698310,0.136611,1.191644,0.125058,0.771588,0.078637,1.432583,0.315208
12.300000,2.036734,2.001130,1.990086,2.018939,1.808979,2.010594,2.037355,1.993633,0.203189,1.675691,0.137227,1.190924,0.125814,0.766725,0.078838,1.432534,0.314370
12.316667,2.036304,2.001202,1.989398,2.018857,1.810325,2.010791,2.036811,1.993601,0.206290,1.659454,0.138213,1.184982,0.126577,0.762328,0.078890,1.432810,0.313311
12.333333,2.035705,2.001280,1.989580,2.018866,1.811128,2.010960,2.036525,1.993571,0.209213,1.646778,0.139451,1.176973,0.127332,0.779970,0.078940,1.433153,0.312728
12.350000,2.035789,2.001334,1.989687,2.018777,1.811620,2.011175,2.036492,1.993503,0.215311,1.638877,0.140834,1.178673,0.129087,0.794834,0.079122,1.422488,0.298608
12.366667,2.035958,2.001374,1.989389,2.018418,1.812005,2.011427,2.036656,1.993391,0.223765,1.635216,0.142584,1.180730,0.130760,0.804056,0.079295,1.428220,0.279080
12.383333,2.036433,2.001406,1.988867,2.017777,1.807156,2.011593,2.036900,1.993302,0.234203,1.632001,0.143551,1.188381,0.130935,0.811063,0.079239,1.438227,0.262469
12.400000,2.036778,2.001398,1.987596,2.017437,1.803806,2.011660,2.037089,1.993268,0.242232,1.630531,0.143751,1.194162,0.130706,0.813668,0.078996,1.443950,0.257974
12.416667,2.036949,2.001377,1.986083,2.017300,1.802154,2.011644,2.036701,1.993089,0.247406,1.629659,0.143829,1.197242,0.130433,0.814425,0.078709,1.446904,0.260155
12.433333,2.037034,2.001354,1.984462,2.017274,1.801168,2.011424,2.036220,1.992873,0.244739,1.629097,0.143853,1.198878,0.130185,0.814927,0.078473,1.451523,0.266745
12.450000,2.037071,2.001352,1.984412,2.017442,1.801744,2.011290,2.035781,1.992673,0.241731,1.628631,0.143858,1.199749,0.130012,0.815112,0.078304,1.454375,0.272400
12.466667,2.036981,2.001348,1.985702,2.017710,1.802688,2.011215,2.036009,1.992819,0.238935,1.641418,0.143465,1.200486,0.129843,0.814755,0.078704,1.455562,0.276007
12.483333,2.037013,2.001305,1.987015,2.018042,1.803179,2.011144,2.036967,1.993068,0.235978,1.665864,0.142656,1.204278,0.129111,0.803100,0.078860,1.456522,0.278062
12.500000,2.037236,2.001233,1.987868,2.018319,1.809637,2.010949,2.038525,1.993381,0.233131,1.689428,0.141706,1.212915,0.128444,0.781127,0.078945,1.457195,0.279182
12.516667,2.037458,2.001167,1.988573,2.018559,1.814733,2.010874,2.040313,1.993709,0.233144,1.715845,0.140803,1.220789,0.127683,0.761797,0.078829,1.457687,0.279867
12.533333,2.037676,2.001116,1.989624,2.018562,1.809158,2.010910,2.041927,1.993947,0.234142,1.736335,0.140063,1.226852,0.127036,0.764032,0.078688,1.448208,0.280115
12.550000,2.036576,2.001078,1.990618,2.018653,1.805811,2.011079,2.043087,1.994084,0.235559,1.748452,0.140334,1.205322,0.127283,0.764895,0.078656,1.428315,0.286906
12.566667,2.035715,2.001051,1.991501,2.018714,1.803688,2.011182,2.043102,1.994154,0.236377,1.750951,0.140807,1.188828,0.127705,0.759904,0.078634,1.418237,0.290275
12.583333,2.035251,2.001040,1.991968,2.018747,1.804753,2.011152,2.042974,1.994254,0.236499,1.750148,0.141169,1.179905,0.128082,0.757452,0.078622,1.412822,0.292059
12.600000,2.035009,2.001039,1.991739,2.018745,1.805617,2.011109,2.041543,1.994482,0.235923,1.730816,0.142038,1.175174,0.128855,0.756667,0.078552,1.409884,0.301557
12.616667,2.035156,2.001041,1.991289,2.018721,1.806622,2.011097,2.039678,1.994513,0.235731,1.703884,0.142754,1.172481,0.129486,0.756598,0.078483,1.408299,0.310258
12.633333,2.035369,2.001127,1.990147,2.018648,1.807653,2.011126,2.038299,1.994535,0.236459,1.678528,0.143224,1.171155,0.130047,0.740616,0.078636,1.407269,0.314670
12.650000,2.034663,2.001219,1.989336,2.018578,1.809113,2.011300,2.037824,1.994518,0.239988,1.660606,0.144419,1.161872,0.131129,0.738316,0.078970,1.408052,0.315751
12.666667,2.034199,2.001330,1.989138,2.018498,1.810286,2.011457,2.037574,1.994494,0.243501,1.646890,0.145167,1.158256,0.132247,0.762419,0.079062,1.408781,0.315944
12.683333,2.034666,2.001410,1.988909,2.018454,1.811016,2.011674,2.037685,1.994401,0.247675,1.641772,0.145314,1.169090,0.132954,0.783298,0.079117,1.409919,0.313918
12.700000,2.035114,2.001457,1.988473,2.018219,1.811594,2.011883,2.037907,1.994288,0.251866,1.639176,0.145679,1.178161,0.133548,0.795033,0.079193,1.418528,0.298736
12.716667,2.035413,2.001497,1.987849,2.017943,1.809289,2.012023,2.038200,1.994157,0.255441,1.637444,0.145875,1.184116,0.133611,0.803498,0.079166,1.429900,0.284095
12.733333,2.035305,2.001495,1.986521,2.017838,1.806732,2.012048,2.038158,1.993930,0.258077,1.637496,0.145965,1.180082,0.133316,0.806961,0.078951,1.435792,0.280623
12.750000,2.035188,2.001472,1.984962,2.017831,1.805400,2.011999,2.037797,1.993705,0.260335,1.637497,0.145983,1.173839,0.132976,0.808027,0.078656,1.439344,0.284460
12.766667,2.034934,2.001446,1.983308,2.017882,1.804587,2.011783,2.037398,1.993583,0.256165,1.637491,0.146032,1.164242,0.132698,0.808685,0.078401,1.444229,0.292921
12.783333,2.034083,2.001449,1.982829,2.017996,1.804094,2.011580,2.037086,1.993690,0.251710,1.637473,0.146348,1.141185,0.132618,0.809038,0.078240,1.449096,0.300601
12.800000,2.033582,2.001451,1.983519,2.018138,1.803823,2.011449,2.036921,1.993749,0.248239,1.641310,0.146425,1.127732,0.132464,0.809058,0.078219,1.452794,0.304155
12.816667,2.033377,2.001404,1.984432,2.018351,1.803663,2.011353,2.037717,1.993980,0.244920,1.664201,0.145656,1.125493,0.132345,0.797570,0.078877,1.455080,0.306100
12.833333,2.033379,2.001322,1.985083,2.018556,1.803577,2.011311,2.038908,1.994229,0.242608,1.686484,0.144958,1.128602,0.131694,0.774399,0.078797,1.456451,0.307205
12.850000,2.033416,2.001253,1.985823,2.018706,1.810928,2.011210,2.040714,1.994472,0.242204,1.712031,0.144230,1.133083,0.131003,0.759295,0.078692,1.455466,0.307921
12.866667,2.033378,2.001212,1.986908,2.018653,1.806527,2.011330,2.042275,1.994594,0.242664,1.732659,0.143734,1.137712,0.130390,0.764954,0.078554,1.444199,0.308067
12.883333,2.033695,2.001152,1.988272,2.018618,1.798985,2.011467,2.043292,1.994597,0.243537,1.748110,0.143280,1.143586,0.129706,0.755194,0.078248,1.436400,0.308105
12.900000,2.033991,2.001113,1.989251,2.018603,1.796995,2.011462,2.043587,1.994589,0.243994,1.754619,0.143030,1.146960,0.129165,0.745682,0.077849,1.432556,0.308113
12.916667,2.034046,2.001100,1.989772,2.018596,1.796853,2.011403,2.042924,1.994712,0.243542,1.748077,0.142952,1.146519,0.128762,0.740897,0.077481,1.430545,0.308104
12.933333,2.034187,2.001084,1.989709,2.018571,1.796909,2.011357,2.041521,1.994680,0.242926,1.730343,0.142919,1.147255,0.128755,0.738636,0.077533,1.429389,0.310432
12.950000,2.034287,2.001038,1.989151,2.018524,1.797438,2.011336,2.039749,1.994674,0.242559,1.705718,0.142934,1.147775,0.129107,0.737874,0.078038,1.428718,0.315038
12.966667,2.034371,2.001028,1.988391,2.018461,1.798261,2.011362,2.038762,1.994679,0.243280,1.682901,0.142994,1.148290,0.129372,0.733036,0.078409,1.428275,0.317159
12.983333,2.034582,2.001148,1.986775,2.018384,1.799551,2.011504,2.038411,1.994658,0.246786,1.666360,0.143138,1.152838,0.129753,0.742306,0.078582,1.429305,0.317026
13.000000,2.034903,2.001272,1.985944,2.018329,1.800501,2.011737,2.038486,1.994576,0.251339,1.659988,0.143530,1.159258,0.130146,0.766846,0.078591,1.429818,0.316929
13.016667,2.034802,2.001350,1.985402,2.018091,1.801081,2.011962,2.038691,1.994467,0.255858,1.656657,0.144026,1.159422,0.130666,0.782349,0.078652,1.409968,0.299019
13.033333,2.033362,2.001414,1.984659,2.017782,1.801628,2.012176,2.038940,1.994357,0.260182,1.654368,0.144445,1.142275,0.131756,0.790985,0.078762,1.414282,0.277631
13.050000,2.031672,2.001467,1.983847,2.017475,1.799154,2.012421,2.039012,1.994071,0.265656,1.649943,0.145426,1.117476,0.133439,0.798571,0.079085,1.417497,0.268124
13.066667,2.030937,2.001492,1.983361,2.017344,1.796363,2.012556,2.038662,1.993591,0.270839,1.647399,0.145837,1.106615,0.133987,0.801543,0.079326,1.419881,0.268634
13.083333,2.030702,2.001485,1.981666,2.017330,1.794916,2.012583,2.038063,1.993171,0.275037,1.646086,0.145870,1.106083,0.133587,0.801515,0.079048,1.423004,0.273794
13.100000,2.030548,2.001471,1.980244,2.017403,1.794040,2.012403,2.037540,1.992862,0.271530,1.645389,0.145901,1.106136,0.133315,0.801544,0.078749,1.427697,0.282751
13.116667,2.030523,2.001471,1.980563,2.017585,1.793956,2.012249,2.037076,1.992610,0.267540,1.644887,0.145925,1.106230,0.133125,0.801452,0.078543,1.431656,0.290452
13.133333,2.030137,2.001488,1.981562,2.017799,1.795132,2.012195,2.036892,1.992707,0.264360,1.648583,0.146271,1.090476,0.133234,0.801222,0.078463,1.434169,0.294238
13.150000,2.029894,2.001488,1.983035,2.018056,1.795749,2.012139,2.037599,1.992884,0.261107,1.670761,0.145555,1.084554,0.133195,0.800828,0.079193,1.435649,0.296417
13.166667,2.029878,2.001445,1.984108,2.018278,1.805584,2.011853,2.039120,1.993185,0.257451,1.695125,0.144692,1.087489,0.132420,0.787764,0.079105,1.436504,0.297638
13.183333,2.029964,2.001370,1.984955,2.018440,1.813032,2.011784,2.041104,1.993474,0.257454,1.722864,0.143674,1.092912,0.131537,0.770465,0.078977,1.435266,0.298444
13.200000,2.030032,2.001322,1.986092,2.018384,1.809281,2.011919,2.042980,1.993673,0.258424,1.745639,0.142802,1.098446,0.130744,0.775305,0.078839,1.423503,0.298628
13.216667,2.030284,2.001228,1.988119,2.018299,1.803828,2.012009,2.044468,1.993786,0.259890,1.760890,0.142127,1.105684,0.129978,0.756106,0.078584,1.413616,0.298763
13.233333,2.030479,2.001191,1.989000,2.018261,1.803054,2.011970,2.044827,1.993834,0.260240,1.766185,0.141866,1.110049,0.129656,0.746709,0.078479,1.408678,0.298823
13.250000,2.030587,2.001175,1.989462,2.018240,1.802982,2.011915,2.044207,1.994006,0.259747,1.759895,0.141784,1.112428,0.129633,0.741917,0.078499,1.406051,0.298851
13.266667,2.030645,2.001166,1.989362,2.018205,1.802940,2.011872,2.042158,1.994411,0.259236,1.735851,0.141781,1.113719,0.129711,0.739667,0.078513,1.404501,0.298842
13.283333,2.030979,2.001174,1.988760,2.018160,1.803240,2.011847,2.040329,1.994675,0.258920,1.711545,0.142289,1.114355,0.130257,0.738970,0.078552,1.403678,0.305873
13.300000,2.031379,2.001204,1.988304,2.018111,1.804161,2.011877,2.039441,1.994795,0.259572,1.692033,0.142698,1.114624,0.130702,0.734211,0.078591,1.403193,0.309205
13.316667,2.031235,2.001283,1.987817,2.018032,1.805340,2.012025,2.039081,1.994835,0.263075,1.677551,0.143783,1.111253,0.131614,0.731694,0.078679,1.402816,0.310518
13.333333,2.031175,2.001364,1.986914,2.017980,1.806218,2.012214,2.039053,1.994817,0.267113,1.669504,0.144602,1.112448,0.132998,0.753796,0.078798,1.402845,0.311046
13.350000,2.031439,2.001415,1.986318,2.017884,1.806778,2.012415,2.038909,1.994454,0.271595,1.664638,0.145261,1.117864,0.134129,0.770399,0.078884,1.391787,0.296095
13.366667,2.031751,2.001453,1.985558,2.017632,1.807268,2.012566,2.038621,1.993907,0.275797,1.658336,0.145738,1.122948,0.134538,0.780013,0.078926,1.395627,0.279190
13.383333,2.031582,2.001489,1.984789,2.017275,1.802291,2.012647,2.038527,1.993525,0.279595,1.654194,0.146122,1.121154,0.135226,0.787282,0.079293,1.399158,0.269067
13.400000,2.031466,2.001488,1.983679,2.017162,1.798761,2.012655,2.038273,1.993245,0.284454,1.652088,0.146272,1.121913,0.135101,0.789977,0.079185,1.406317,0.268604
13.416667,2.031393,2.001467,1.981991,2.017147,1.797043,2.012608,2.037770,1.992962,0.288159,1.650932,0.146369,1.122278,0.135055,0.790736,0.079109,1.410381,0.273312
13.433333,2.031354,2.001443,1.980242,2.017192,1.796011,2.012398,2.037268,1.992708,0.284415,1.650266,0.146435,1.122481,0.135061,0.791232,0.079094,1.416049,0.282020
13.450000,2.030667,2.001450,1.979733,2.017288,1.795393,2.012194,2.036911,1.992850,0.279798,1.649912,0.146790,1.101325,0.135223,0.791496,0.079124,1.422781,0.289216
13.466667,2.030020,2.001453,1.980471,2.017431,1.795052,2.012065,2.036757,1.993014,0.276122,1.653706,0.146953,1.081610,0.135402,0.791462,0.079403,1.427041,0.292992
13.483333,2.029660,2.001428,1.981521,2.017643,1.794857,2.011974,2.037626,1.993321,0.272763,1.675358,0.146253,1.077964,0.135596,0.787210,0.080159,1.429636,0.295062
13.500000,2.029596,2.001346,1.982225,2.017845,1.797253,2.011845,2.039205,1.993649,0.270272,1.698619,0.145277,1.081524,0.134753,0.764035,0.080061,1.431179,0.296220
13.516667,2.029623,2.001274,1.982865,2.018028,1.803275,2.011770,2.041098,1.993986,0.270339,1.724845,0.144183,1.087477,0.133829,0.744108,0.079940,1.432126,0.296867
13.533333,2.029688,2.001220,1.983922,2.018013,1.796603,2.011928,2.042923,1.994266,0.271613,1.747135,0.143192,1.093151,0.132978,0.746994,0.079782,1.414387,0.301241
13.550000,2.029996,2.001163,1.985513,2.018096,1.789573,2.012088,2.044293,1.994451,0.273591,1.762502,0.142271,1.100833,0.132095,0.741454,0.079501,1.391280,0.309890
13.566667,2.030211,2.001131,1.986650,2.018149,1.789263,2.012056,2.044763,1.994567,0.274214,1.768664,0.141855,1.105846,0.131625,0.735108,0.079381,1.379512,0.314299
13.583333,2.030331,2.001118,1.987235,2.018177,1.790066,2.011989,2.043633,1.994854,0.274002,1.755462,0.141663,1.108595,0.131462,0.732080,0.079378,1.373194,0.316625
13.600000,2.030396,2.001110,1.987184,2.018170,1.791667,2.011903,2.042111,1.994990,0.273551,1.736501,0.141599,1.110079,0.131441,0.730780,0.079372,1.369655,0.317858
13.616667,2.030432,2.001095,1.986606,2.018130,1.792680,2.011852,2.040196,1.995012,0.273203,1.710976,0.141577,1.110878,0.131442,0.730555,0.079357,1.367610,0.318398
13.633333,2.030781,2.001164,1.985634,2.018067,1.793870,2.011938,2.039180,1.995015,0.276013,1.689667,0.142125,1.111317,0.132020,0.720588,0.079412,1.366392,0.318217
13.650000,2.030639,2.001259,1.984726,2.017994,1.795342,2.012137,2.038936,1.994967,0.280317,1.677811,0.143129,1.108299,0.132859,0.716097,0.079490,1.366207,0.317365
13.666667,2.030516,2.001351,1.984478,2.017941,1.796445,2.012381,2.039063,1.994864,0.285578,1.673409,0.143902,1.108358,0.134142,0.735636,0.079592,1.366331,0.316724
13.683333,2.030620,2.001413,1.983967,2.017926,1.797140,2.012583,2.039222,1.994762,0.290434,1.669430,0.144516,1.112443,0.135438,0.753783,0.079711,1.368783,0.314917
13.700000,2.030896,2.001458,1.983268,2.017753,1.797723,2.012763,2.039194,1.994486,0.295271,1.665665,0.145021,1.117515,0.135791,0.764707,0.079659,1.386530,0.303489
13.716667,2.030941,2.001498,1.982475,2.017444,1.795212,2.012866,2.039042,1.994082,0.299354,1.660220,0.145423,1.118093,0.136314,0.772565,0.079757,1.406262,0.291032
13.733333,2.030700,2.001502,1.981320,2.017309,1.792427,2.012896,2.038831,1.993752,0.302051,1.658646,0.145550,1.109522,0.136476,0.775698,0.079763,1.417461,0.287871
13.750000,2.030621,2.001478,1.979536,2.017287,1.790980,2.012856,2.038395,1.993478,0.305335,1.657849,0.145504,1.103153,0.136344,0.776740,0.079593,1.424169,0.293042
13.766667,2.030595,2.001451,1.977702,2.017334,1.790174,2.012714,2.037923,1.993243,0.304023,1.657333,0.145409,1.098722,0.136273,0.777379,0.079532,1.430070,0.302590
13.783333,2.029773,2.001435,1.977644,2.017495,1.789644,2.012528,2.037592,1.993368,0.298986,1.657104,0.145641,1.075322,0.136333,0.777638,0.079492,1.436339,0.311884
13.800000,2.029096,2.001423,1.978515,2.017706,1.790707,2.012467,2.037495,1.993578,0.295074,1.661079,0.145682,1.058785,0.136267,0.777630,0.079556,1.439561,0.317516
13.816667,2.028803,2.001370,1.979726,2.017972,1.791416,2.012427,2.038383,1.993878,0.291887,1.683372,0.144795,1.055825,0.135894,0.766122,0.080043,1.441757,0.320314
13.833333,2.028753,2.001293,1.980550,2.018212,1.797706,2.012235,2.039934,1.994192,0.288999,1.705572,0.143896,1.059618,0.135125,0.743489,0.079976,1.443027,0.321906
13.850000,2.028777,2.001227,1.981402,2.018385,1.804011,2.012181,2.041901,1.994521,0.289328,1.731062,0.142885,1.065231,0.134277,0.728745,0.079876,1.442020,0.322898
13.866667,2.028833,2.001180,1.982538,2.018312,1.796724,2.012279,2.043784,1.994797,0.290846,1.752862,0.141972,1.070441,0.133484,0.734343,0.079733,1.430243,0.323925
13.883333,2.029021,2.001145,1.983526,2.018258,1.791017,2.012389,2.045421,1.994965,0.292891,1.768966,0.141228,1.077684,0.132649,0.733635,0.079432,1.422035,0.324178
13.900000,2.029192,2.001116,1.984496,2.018232,1.789247,2.012406,2.045907,1.995118,0.294127,1.774319,0.140852,1.082231,0.132181,0.727831,0.079293,1.417998,0.324314
13.916667,2.029286,2.001100,1.985001,2.018218,1.790643,2.012318,2.044470,1.995406,0.294092,1.758582,0.140642,1.084719,0.131991,0.725157,0.079275,1.415874,0.324371
13.933333,2.029142,2.001086,1.984868,2.018189,1.791396,2.012261,2.042932,1.995518,0.293584,1.740472,0.140587,1.085031,0.131961,0.724049,0.079319,1.414596,0.324360
13.950000,2.028974,2.001048,1.984180,2.018140,1.792049,2.012229,2.040997,1.995557,0.293145,1.715747,0.140572,1.084934,0.131966,0.723918,0.079367,1.413778,0.324174
13.966667,2.029156,2.001137,1.982963,2.018065,1.792891,2.012282,2.039638,1.995693,0.294999,1.692827,0.140911,1.086122,0.132356,0.709333,0.079523,1.413168,0.323690
13.983333,2.028625,2.001232,1.982057,2.017972,1.793950,2.012489,2.039388,1.995722,0.299853,1.680604,0.142094,1.078577,0.133239,0.707976,0.079614,1.412738,0.322971
14.000000,2.027780,2.001334,1.981859,2.017908,1.794732,2.012699,2.039557,1.995665,0.305763,1.676684,0.143391,1.068144,0.134416,0.728708,0.079716,1.412540,0.322509
14.016667,2.027619,2.001414,1.981926,2.017590,1.793698,2.012844,2.039343,1.995350,0.311166,1.670897,0.143941,1.068844,0.135329,0.748548,0.079725,1.385298,0.322945
14.033333,2.027659,2.001468,1.981515,2.017380,1.791206,2.012971,2.039002,1.994840,0.316215,1.664484,0.144441,1.071461,0.135609,0.760398,0.079695,1.398399,0.305811
14.050000,2.027492,2.001510,1.980861,2.017159,1.784657,2.013056,2.038899,1.994395,0.320616,1.660700,0.144640,1.068680,0.135709,0.768854,0.079813,1.410377,0.294118
14.066667,2.027209,2.001522,1.980195,2.017056,1.779990,2.013081,2.038411,1.993916,0.323435,1.658404,0.145020,1.064579,0.136003,0.772240,0.079791,1.417067,0.289894
14.083333,2.027056,2.001502,1.978285,2.017046,1.777635,2.012996,2.037851,1.993556,0.326353,1.657178,0.145234,1.062387,0.136157,0.773375,0.079738,1.421157,0.295441
14.100000,2.026970,2.001480,1.976400,2.017075,1.776295,2.012824,2.037305,1.993267,0.324042,1.656402,0.145134,1.061316,0.136170,0.774050,0.079794,1.424812,0.304290
14.116667,2.026293,2.001465,1.976314,2.017207,1.775496,2.012614,2.036930,1.993384,0.318168,1.656028,0.145340,1.039216,0.136245,0.774341,0.079787,1.431077,0.312350
14.133333,2.025840,2.001454,1.976921,2.017410,1.776439,2.012535,2.037069,1.993587,0.313633,1.666381,0.146056,1.022822,0.137298,0.774463,0.079686,1.434442,0.317371
14.150000,2.025612,2.001400,1.977421,2.017661,1.777082,2.012489,2.038062,1.993936,0.310557,1.690161,0.144915,1.017633,0.137319,0.759649,0.080640,1.436267,0.320365
14.166667,2.025479,2.001329,1.978126,2.017883,1.786971,2.012213,2.039628,1.994272,0.307080,1.711855,0.143905,1.018082,0.136741,0.741747,0.080953,1.437280,0.322052
14.183333,2.025481,2.001264,1.978786,2.018087,1.793163,2.012169,2.041499,1.994609,0.307586,1.737053,0.142847,1.023037,0.135840,0.724940,0.080856,1.438001,0.323007
14.200000,2.025512,2.001215,1.979824,2.018063,1.788980,2.012260,2.043288,1.994888,0.309223,1.758494,0.141882,1.028098,0.134996,0.727970,0.080718,1.428456,0.323892
14.216667,2.025553,2.001110,1.982423,2.017977,1.780688,2.012398,2.044782,1.995057,0.311232,1.774062,0.141169,1.034706,0.134158,0.706439,0.080479,1.418340,0.324202
14.233333,2.025680,2.001059,1.983763,2.017936,1.776128,2.012474,2.044964,1.995264,0.312486,1.775260,0.140722,1.039430,0.133608,0.695742,0.080327,1.413235,0.324375
14.250000,2.025751,2.001032,1.984467,2.017915,1.776961,2.012401,2.043560,1.995549,0.312888,1.759555,0.140452,1.042016,0.133323,0.690309,0.080281,1.410575,0.324451
14.266667,2.025788,2.001014,1.984441,2.017888,1.778771,2.012310,2.042106,1.995657,0.312520,1.741915,0.140282,1.043411,0.133198,0.687696,0.080296,1.409030,0.324409
14.283333,2.025814,2.000986,1.983822,2.017852,1.780191,2.012261,2.040213,1.995668,0.312114,1.717284,0.140443,1.044197,0.133553,0.686748,0.080538,1.408149,0.328707
14.300000,2.026086,2.000979,1.983092,2.017808,1.781483,2.012308,2.039236,1.995665,0.314074,1.696685,0.140905,1.044643,0.134032,0.686513,0.080584,1.407617,0.330672
14.316667,2.025989,2.001055,1.981795,2.017736,1.782802,2.012432,2.038850,1.995640,0.318031,1.681597,0.141816,1.041755,0.134772,0.690828,0.080655,1.407199,0.331255
14.333333,2.025625,2.001197,1.980700,2.017672,1.783791,2.012630,2.038932,1.995565,0.323376,1.675997,0.142463,1.038452,0.135838,0.716183,0.080750,1.406939,0.331479
14.350000,2.025629,2.001302,1.980517,2.017528,1.784418,2.012829,2.038981,1.995332,0.329170,1.672929,0.142921,1.042209,0.136078,0.739362,0.080562,1.385882,0.317986
14.366667,2.025690,2.001368,1.980003,2.017251,1.784265,2.012979,2.038708,1.994848,0.334427,1.667193,0.143241,1.046810,0.136300,0.753301,0.080758,1.381869,0.296013
14.383333,2.025712,2.001415,1.979277,2.016922,1.780093,2.013099,2.038653,1.994434,0.339065,1.663980,0.143343,1.047251,0.136503,0.763413,0.080901,1.380185,0.284182
14.400000,2.025926,2.001422,1.978106,2.016785,1.776242,2.013126,2.038274,1.994023,0.343758,1.662304,0.143185,1.050087,0.136365,0.767779,0.080827,1.379895,0.283050
14.416667,2.026021,2.001402,1.976169,2.016786,1.774213,2.013076,2.037754,1.993707,0.349020,1.661332,0.143042,1.051538,0.136273,0.768831,0.080767,1.382864,0.288945
14.433333,2.026061,2.001379,1.974219,2.016845,1.773548,2.012982,2.037229,1.993444,0.351097,1.660640,0.142853,1.052286,0.136114,0.769443,0.080681,1.385498,0.297632
14.450000,2.025419,2.001369,1.974137,2.017037,1.774475,2.012833,2.036874,1.993567,0.345322,1.660356,0.143080,1.029057,0.136159,0.769674,0.080632,1.391488,0.306256
14.466667,2.024776,2.001387,1.975514,2.017220,1.775581,2.012757,2.037059,1.993803,0.340839,1.670955,0.142984,1.010947,0.135755,0.790331,0.080656,1.394979,0.311317
14.483333,2.024410,2.001372,1.976902,2.017448,1.776253,2.012711,2.038300,1.994123,0.338062,1.695357,0.142022,1.005057,0.134197,0.802331,0.080408,1.397015,0.314147
14.500000,2.024306,2.001311,1.977909,2.017663,1.782473,2.012530,2.039899,1.994445,0.335470,1.716961,0.141153,1.009320,0.133341,0.792957,0.080304,1.398187,0.315761
14.516667,2.024226,2.001216,1.979355,2.017847,1.787946,2.012452,2.041609,1.994778,0.335459,1.738462,0.140257,1.015072,0.132529,0.771744,0.080226,1.399001,0.316648
14.533333,2.024226,2.001072,1.982310,2.017844,1.779213,2.012541,2.043374,1.995072,0.337760,1.759402,0.139356,1.021193,0.131731,0.739594,0.080167,1.393637,0.317317
14.550000,2.024565,2.000982,1.984298,2.017696,1.772689,2.012640,2.044831,1.995263,0.340107,1.774570,0.138509,1.028583,0.130862,0.721306,0.079907,1.381301,0.317750
14.566667,2.024831,2.000939,1.985151,2.017628,1.770576,2.012650,2.045013,1.995478,0.341589,1.775676,0.138019,1.033357,0.130270,0.712332,0.079750,1.375407,0.317973
14.583333,2.024977,2.000915,1.985602,2.017597,1.772595,2.012561,2.043598,1.995763,0.342843,1.759705,0.137703,1.035984,0.129929,0.707755,0.079698,1.372516,0.318070
14.600000,2.025064,2.000882,1.985448,2.017582,1.774678,2.012490,2.042074,1.995792,0.342949,1.741132,0.138194,1.037487,0.130816,0.705655,0.080231,1.370978,0.330122
14.616667,2.025116,2.000851,1.984823,2.017553,1.776313,2.012443,2.040102,1.995816,0.342606,1.715309,0.138614,1.038321,0.131238,0.704981,0.080253,1.370029,0.337696
14.633333,2.025128,2.000820,1.984617,2.017526,1.777665,2.012531,2.039122,1.995810,0.346377,1.694627,0.139359,1.039041,0.131971,0.704560,0.080321,1.369500,0.341514
14.650000,2.023969,2.000909,1.984116,2.017457,1.778934,2.012682,2.038808,1.995784,0.351215,1.680903,0.140779,1.029042,0.132852,0.707005,0.080404,1.369041,0.343135
14.666667,2.022492,2.001027,1.983996,2.017383,1.778748,2.012914,2.038963,1.995708,0.358011,1.676855,0.141536,1.017012,0.133871,0.728677,0.080347,1.368755,0.343959
14.683333,2.021988,2.001119,1.983902,2.017270,1.774243,2.013132,2.038813,1.995361,0.364663,1.672317,0.141748,1.012731,0.134311,0.748882,0.080077,1.367770,0.344588
14.700000,2.021942,2.001177,1.983416,2.016973,1.768513,2.013321,2.038459,1.994820,0.370563,1.665797,0.141682,1.013325,0.134670,0.760962,0.080365,1.380228,0.335857
14.716667,2.022046,2.001216,1.982655,2.016781,1.761386,2.013456,2.038404,1.994402,0.375515,1.661987,0.141435,1.014667,0.134768,0.768908,0.080546,1.396952,0.325678
14.733333,2.022085,2.001228,1.981499,2.016692,1.755946,2.013520,2.038007,1.994005,0.378273,1.659730,0.141017,1.015126,0.134350,0.772429,0.080312,1.406097,0.320360
14.750000,2.022088,2.001219,1.979667,2.016708,1.753077,2.013449,2.037480,1.993690,0.381083,1.658435,0.140587,1.015311,0.133827,0.774013,0.079966,1.408902,0.328560
14.766667,2.022075,2.001205,1.977813,2.016764,1.751766,2.013326,2.036961,1.993429,0.381312,1.657578,0.140220,1.015366,0.133339,0.774942,0.079631,1.411383,0.339030
14.783333,2.021857,2.001205,1.976869,2.016874,1.751942,2.013125,2.036576,1.993433,0.374139,1.657183,0.140204,1.003440,0.133104,0.775474,0.079420,1.417726,0.349497
14.800000,2.021630,2.001244,1.979122,2.017056,1.752709,2.013019,2.037044,1.993556,0.369650,1.675526,0.140007,0.982798,0.132105,0.817714,0.079180,1.421906,0.356116
14.816667,2.021314,2.001238,1.980662,2.017280,1.753338,2.012965,2.038215,1.993834,0.367044,1.700172,0.138866,0.974827,0.131260,0.832882,0.079809,1.424201,0.359908
14.833333,2.021251,2.001191,1.981657,2.017488,1.763717,2.012700,2.039771,1.994132,0.363768,1.721872,0.138016,0.979570,0.130432,0.825048,0.079703,1.425488,0.362054
14.850000,2.021204,2.001122,1.982924,2.017662,1.769397,2.012628,2.041430,1.994441,0.363786,1.743481,0.137104,0.986117,0.129626,0.806698,0.079616,1.426345,0.363246
14.866667,2.021235,2.001018,1.985475,2.017687,1.768544,2.012709,2.043167,1.994715,0.366059,1.764371,0.136178,0.993257,0.128835,0.779606,0.079550,1.420493,0.364307
14.883333,2.021480,2.000954,1.987102,2.017550,1.760761,2.012816,2.044532,1.994936,0.368420,1.778248,0.135296,1.002499,0.127940,0.764476,0.079249,1.407636,0.365051
14.900000,2.021696,2.000926,1.987470,2.017492,1.758139,2.012831,2.044948,1.995200,0.369981,1.780648,0.134782,1.008887,0.127259,0.757324,0.078966,1.401529,0.365420
14.916667,2.021817,2.000909,1.987653,2.017465,1.760585,2.012730,2.043621,1.995483,0.371368,1.766068,0.134454,1.012363,0.126844,0.753672,0.078837,1.398505,0.365599
14.933333,2.021883,2.000899,1.987574,2.017443,1.763080,2.012644,2.042073,1.995691,0.372415,1.747513,0.134221,1.014233,0.126613,0.751935,0.078804,1.396730,0.365669
14.950000,2.021922,2.000867,1.987437,2.017415,1.764947,2.012591,2.040174,1.995731,0.373330,1.722717,0.134161,1.015255,0.126625,0.751177,0.078879,1.395666,0.365582
14.966667,2.021857,2.000846,1.987189,2.017383,1.766542,2.012687,2.039244,1.995795,0.378535,1.702628,0.134543,1.016319,0.127220,0.750908,0.079255,1.395056,0.365089
14.983333,2.020105,2.000913,1.986159,2.017317,1.767954,2.012837,2.038960,1.995806,0.384226,1.689418,0.136090,0.997576,0.127778,0.731912,0.079446,1.394555,0.364349
15.000000,2.019184,2.001015,1.985747,2.017258,1.768964,2.013095,2.039159,1.995738,0.392593,1.686313,0.136186,0.982831,0.128271,0.734121,0.079188,1.394293,0.363876
15.016667,2.018679,2.001086,1.985500,2.016917,1.766175,2.013309,2.039235,1.995517,0.400369,1.683887,0.136425,0.973719,0.128722,0.741906,0.079095,1.365504,0.364296
15.033333,2.018453,2.001134,1.984931,2.016706,1.761239,2.013502,2.038968,1.995039,0.407192,1.678599,0.136789,0.968495,0.129181,0.746428,0.079159,1.378439,0.345445
15.050000,2.018356,2.001169,1.984181,2.016492,1.758640,2.013700,2.038959,1.994647,0.413012,1.675541,0.137113,0.966050,0.129897,0.750593,0.079423,1.390523,0.332073
15.066667,2.018333,2.001182,1.983013,2.016399,1.758331,2.013838,2.038582,1.994275,0.416319,1.673686,0.137348,0.965046,0.130332,0.751818,0.079568,1.397322,0.324264
15.083333,2.018324,2.001176,1.981263,2.016388,1.758111,2.013797,2.038046,1.993963,0.419602,1.672606,0.137491,0.964458,0.130560,0.752060,0.079605,1.401458,0.329650
15.100000,2.018323,2.001167,1.979539,2.016416,1.757986,2.013693,2.037513,1.993701,0.422177,1.671861,0.137572,0.964331,0.130687,0.752307,0.079600,1.404201,0.338933
15.116667,2.018449,2.001169,1.979268,2.016575,1.759048,2.013520,2.037089,1.993481,0.424047,1.671538,0.137626,0.964622,0.130760,0.752376,0.079567,1.410737,0.350551
15.133333,2.018643,2.001186,1.980651,2.016784,1.760284,2.013387,2.037178,1.993565,0.424925,1.680993,0.138372,0.957999,0.132163,0.761175,0.079819,1.416906,0.359604
15.150000,2.018712,2.001186,1.982574,2.017049,1.761359,2.013329,2.038100,1.993942,0.425229,1.702916,0.137906,0.954077,0.133930,0.768928,0.081189,1.419994,0.365086
15.166667,2.018633,2.001171,1.983946,2.017267,1.764868,2.013219,2.039740,1.994309,0.424765,1.725940,0.136784,0.955588,0.133508,0.768286,0.081500,1.421613,0.368276
15.183333,2.018561,2.001105,1.984685,2.017456,1.771059,2.012959,2.041310,1.994621,0.423889,1.744790,0.135800,0.960127,0.132773,0.749207,0.081433,1.422599,0.370054
15.200000,2.018398,2.001054,1.985509,2.017494,1.774488,2.012905,2.043035,1.994862,0.427411,1.765361,0.134727,0.966948,0.131922,0.744326,0.081315,1.417317,0.371340
15.216667,2.018389,2.001021,1.986364,2.017438,1.769131,2.012921,2.044523,1.995007,0.430659,1.780822,0.133760,0.976617,0.130947,0.743923,0.080948,1.408671,0.372115
15.233333,2.018552,2.001012,1.986936,2.017416,1.765991,2.012946,2.045162,1.995129,0.432505,1.787131,0.133182,0.983397,0.130218,0.739503,0.080609,1.404546,0.372393
15.250000,2.018641,2.001006,1.987228,2.017407,1.764287,2.012966,2.044156,1.995397,0.433810,1.775662,0.132796,0.987052,0.129741,0.737333,0.080408,1.402476,0.372538
15.266667,2.018687,2.001007,1.987010,2.017396,1.763361,2.012979,2.042384,1.995628,0.434762,1.755126,0.132533,0.989002,0.129443,0.736540,0.080297,1.401233,0.372586
15.283333,2.018708,2.001050,1.986573,2.017369,1.763051,2.012995,2.040394,1.995654,0.435508,1.730027,0.132584,0.990011,0.129500,0.745235,0.080307,1.400357,0.372445
15.300000,2.018543,2.001171,1.985893,2.017313,1.763384,2.013126,2.039411,1.995657,0.440692,1.709979,0.133071,0.991308,0.130235,0.756991,0.080947,1.399699,0.371947
15.316667,2.017484,2.001289,1.984871,2.017243,1.764112,2.013289,2.039031,1.995640,0.446786,1.695296,0.134302,0.980722,0.130549,0.757597,0.080949,1.399244,0.371214
15.333333,2.016785,2.001414,1.984140,2.017162,1.763175,2.013411,2.038830,1.995614,0.452785,1.683697,0.134336,0.969917,0.130855,0.770010,0.080709,1.398918,0.370776
15.350000,2.016489,2.001502,1.983484,2.017030,1.757657,2.013641,2.038837,1.995382,0.459621,1.679959,0.134613,0.964284,0.131218,0.780353,0.080662,1.389563,0.370834
15.366667,2.016388,2.001561,1.982770,2.016745,1.751220,2.013870,2.038633,1.994884,0.466141,1.675799,0.134960,0.960490,0.131570,0.786206,0.080768,1.386412,0.360626
15.383333,2.016418,2.001605,1.981897,2.016500,1.751719,2.014203,2.038686,1.994484,0.472124,1.674221,0.135242,0.956704,0.132067,0.791100,0.081004,1.390900,0.348847
15.400000,2.016459,2.001617,1.981426,2.016372,1.752030,2.014396,2.038381,1.994139,0.475709,1.673443,0.135139,0.954175,0.131965,0.787173,0.080833,1.393369,0.342642
15.416667,2.016461,2.001592,1.979855,2.016342,1.752108,2.014379,2.037896,1.993853,0.479213,1.672961,0.134889,0.952749,0.131657,0.782756,0.080535,1.395148,0.349190
15.433333,2.016455,2.001565,1.978198,2.016381,1.752439,2.014313,2.037388,1.993608,0.481843,1.672495,0.134706,0.952056,0.131416,0.780432,0.080298,1.395054,0.359729
15.450000,2.016610,2.001577,1.977747,2.016508,1.753599,2.014195,2.036964,1.993400,0.483505,1.672252,0.134661,0.950163,0.131255,0.779154,0.080121,1.398720,0.370272
15.466667,2.016618,2.001594,1.978226,2.016705,1.754903,2.014140,2.037013,1.993448,0.484353,1.681692,0.134453,0.934221,0.130928,0.778423,0.080286,1.401201,0.376783
15.483333,2.016181,2.001614,1.979316,2.016940,1.759800,2.014027,2.038110,1.993865,0.483497,1.704355,0.134070,0.922680,0.130909,0.788610,0.080812,1.402053,0.381157
15.500000,2.015972,2.001608,1.980428,2.017157,1.771613,2.013762,2.039833,1.994246,0.480546,1.729268,0.133032,0.924768,0.129887,0.791668,0.080679,1.402095,0.383800
15.516667,2.015748,2.001520,1.981128,2.017395,1.781703,2.013509,2.041458,1.994587,0.479593,1.749647,0.132043,0.929664,0.128991,0.772294,0.080589,1.401066,0.385825
15.533333,2.016064,2.001389,1.983332,2.017465,1.782702,2.013488,2.043313,1.994897,0.483807,1.772350,0.130674,0.937371,0.128121,0.747288,0.080522,1.394452,0.387132
15.550000,2.016087,2.001295,1.985118,2.017368,1.774744,2.013545,2.044541,1.995124,0.487089,1.787478,0.129362,0.948542,0.127122,0.730339,0.080329,1.381350,0.387817
15.566667,2.016187,2.001255,1.985888,2.017328,1.770302,2.013574,2.044877,1.995319,0.488888,1.792635,0.128557,0.955769,0.126361,0.721991,0.080193,1.375086,0.388156
15.583333,2.016246,2.001235,1.986295,2.017310,1.770748,2.013506,2.043456,1.995640,0.490257,1.776441,0.128055,0.959719,0.125855,0.717692,0.080116,1.372008,0.388318
15.600000,2.016278,2.001229,1.985898,2.017281,1.772550,2.013422,2.042037,1.995766,0.491160,1.758684,0.127737,0.961841,0.125551,0.715932,0.080082,1.370144,0.388369
15.616667,2.016296,2.001271,1.986393,2.017240,1.773891,2.013390,2.040172,1.995793,0.491904,1.733720,0.128089,0.963003,0.125222,0.754069,0.079280,1.369060,0.390231
15.633333,2.016093,2.001366,1.986833,2.017189,1.775237,2.013506,2.039170,1.995804,0.498034,1.712486,0.128807,0.964324,0.126074,0.779650,0.079742,1.368391,0.393839
15.650000,2.015042,2.001489,1.986354,2.017115,1.776138,2.013656,2.038781,1.995793,0.505024,1.697000,0.129928,0.954251,0.126961,0.786611,0.080419,1.367893,0.395610
15.666667,2.013770,2.001635,1.985360,2.017032,1.774626,2.013790,2.038572,1.995776,0.511904,1.684809,0.131107,0.939272,0.127239,0.798899,0.080324,1.367546,0.396589
15.683333,2.013613,2.001752,1.984643,2.016926,1.769131,2.013977,2.038618,1.995702,0.519352,1.678606,0.131388,0.933223,0.127454,0.815529,0.080202,1.366540,0.397305
15.700000,2.013624,2.001829,1.983830,2.016635,1.763721,2.014238,2.038816,1.995513,0.527271,1.677947,0.131799,0.929720,0.127767,0.824851,0.080282,1.379437,0.386853
15.716667,2.013672,2.001875,1.983097,2.016291,1.755926,2.014689,2.038896,1.995142,0.534649,1.674100,0.132272,0.927832,0.128283,0.823160,0.080436,1.395044,0.374160
15.733333,2.013716,2.001893,1.982394,2.016112,1.751517,2.014991,2.038613,1.994651,0.539160,1.672390,0.132707,0.927017,0.128605,0.821127,0.080399,1.402934,0.367444
15.750000,2.013742,2.001869,1.980617,2.016040,1.749154,2.015078,2.038025,1.994247,0.542495,1.671238,0.132956,0.926589,0.128775,0.819780,0.080354,1.406512,0.369984
15.766667,2.013753,2.001839,1.978841,2.016058,1.747884,2.015026,2.037487,1.993948,0.545348,1.670472,0.133101,0.926334,0.128860,0.819088,0.080294,1.407921,0.380761
15.783333,2.014026,2.001850,1.978759,2.016176,1.747203,2.014860,2.037054,1.993709,0.546975,1.670119,0.133321,0.924931,0.129074,0.818653,0.080264,1.414132,0.392084
15.800000,2.014174,2.001871,1.979394,2.016372,1.747887,2.014764,2.036670,1.993662,0.547872,1.669826,0.133576,0.921405,0.129286,0.818319,0.080250,1.418887,0.400733
15.816667,2.014235,2.001879,1.980482,2.016613,1.752658,2.014633,2.037255,1.994047,0.547082,1.685558,0.134693,0.911213,0.131536,0.818000,0.080594,1.420815,0.406494
15.833333,2.014276,2.001787,1.981327,2.016850,1.765245,2.014357,2.038857,1.994435,0.544056,1.709368,0.133554,0.911123,0.130991,0.797217,0.080811,1.421045,0.410135
15.850000,2.014205,2.001689,1.981984,2.017080,1.775157,2.014086,2.040416,1.994759,0.541944,1.730064,0.132414,0.915382,0.130175,0.774017,0.080751,1.420474,0.412575
15.866667,2.014107,2.001537,1.983722,2.017236,1.783455,2.013894,2.042065,1.995000,0.544044,1.749883,0.131238,0.921985,0.129391,0.741051,0.080717,1.417577,0.414568
15.883333,2.013978,2.001420,1.985727,2.017188,1.777556,2.013900,2.043256,1.995187,0.548377,1.764295,0.130000,0.932784,0.128415,0.716689,0.080519,1.407378,0.415495
15.900000,2.013979,2.001387,1.986419,2.017168,1.774254,2.013903,2.043731,1.995300,0.550809,1.770764,0.129258,0.939424,0.127679,0.704713,0.080345,1.402147,0.415994
15.916667,2.013984,2.001368,1.986782,2.017161,1.772452,2.013909,2.043642,1.995479,0.552301,1.769407,0.128822,0.943030,0.127220,0.698490,0.080232,1.399662,0.416248
15.933333,2.013976,2.001375,1.986803,2.017140,1.774341,2.013854,2.042159,1.995590,0.549667,1.753048,0.128640,0.944948,0.127040,0.703329,0.080190,1.398233,0.416252
15.950000,2.014039,2.001434,1.987333,2.017094,1.775721,2.013847,2.040988,1.995577,0.547038,1.738233,0.128978,0.946228,0.126063,0.748724,0.079092,1.397331,0.415974
15.966667,2.014711,2.001598,1.987813,2.017031,1.776972,2.013974,2.040058,1.995553,0.551759,1.723608,0.129419,0.947061,0.126288,0.782886,0.079308,1.396723,0.415335
15.983333,2.015172,2.001788,1.987489,2.016952,1.777821,2.014131,2.039627,1.995539,0.558353,1.707120,0.129774,0.947527,0.127035,0.798482,0.080092,1.396661,0.414543
16.000000,2.015054,2.001967,1.987463,2.016920,1.776217,2.014261,2.039470,1.995516,0.564999,1.694598,0.130490,0.945126,0.127393,0.824679,0.080365,1.397300,0.413774
16.016667,2.015078,2.002078,1.987585,2.016904,1.771103,2.014356,2.039318,1.995436,0.571819,1.684174,0.130756,0.949274,0.127350,0.847532,0.080303,1.391988,0.408686
16.033333,2.014925,2.002140,1.987207,2.016671,1.765130,2.014552,2.039035,1.995010,0.578858,1.677218,0.131195,0.952742,0.127446,0.860160,0.080443,1.393880,0.388716
16.050000,2.014832,2.002186,1.986607,2.016302,1.763801,2.014946,2.039063,1.994528,0.586152,1.676350,0.131629,0.949135,0.127632,0.868062,0.080468,1.399772,0.371371
16.066667,2.014867,2.002178,1.985341,2.016125,1.762638,2.015168,2.038752,1.994121,0.590627,1.675842,0.131988,0.943494,0.127826,0.871556,0.080388,1.403214,0.362260
16.083333,2.014896,2.002140,1.983823,2.016056,1.761933,2.015210,2.038241,1.993797,0.593870,1.675446,0.132498,0.941891,0.128265,0.873210,0.080318,1.405361,0.363485
16.100000,2.014900,2.002097,1.982178,2.016044,1.761524,2.015114,2.037771,1.993537,0.596795,1.675163,0.132807,0.941312,0.128525,0.874107,0.080245,1.406853,0.373406
16.116667,2.014901,2.002076,1.981520,2.016142,1.761343,2.015024,2.037313,1.993309,0.598546,1.674822,0.132995,0.941056,0.128676,0.874555,0.080177,1.408112,0.383020
16.133333,2.014642,2.002087,1.981827,2.016278,1.761279,2.014950,2.036957,1.993508,0.599143,1.674560,0.133456,0.925064,0.128905,0.874789,0.080146,1.410072,0.388175
16.150000,2.014510,2.002079,1.982394,2.016497,1.762251,2.014952,2.037732,1.993901,0.599267,1.690372,0.133798,0.914501,0.129961,0.870976,0.080510,1.410075,0.392648
16.166667,2.014534,2.001973,1.982919,2.016698,1.773654,2.014640,2.039092,1.994331,0.595437,1.712596,0.132521,0.916802,0.129316,0.846040,0.080721,1.409889,0.395422
16.183333,2.014925,2.001779,1.984639,2.016894,1.782647,2.014283,2.039944,1.994832,0.592396,1.733000,0.130606,0.927004,0.128218,0.804162,0.080654,1.409163,0.397397
16.200000,2.015357,2.001591,1.986742,2.017050,1.792518,2.013954,2.040550,1.995253,0.589576,1.749698,0.128819,0.937809,0.127199,0.763002,0.080607,1.405773,0.399337
16.216667,2.015487,2.001442,1.988108,2.017001,1.792592,2.013845,2.041239,1.995506,0.574078,1.763076,0.127294,0.950842,0.126158,0.736488,0.080412,1.394549,0.400651
16.233333,2.015721,2.001380,1.988815,2.016979,1.791734,2.013783,2.041100,1.995673,0.563645,1.768308,0.126293,0.959529,0.125339,0.723310,0.080228,1.388747,0.401267
16.250000,2.015857,2.001349,1.989195,2.016974,1.793639,2.013721,2.040625,1.995773,0.553487,1.768588,0.125827,0.964291,0.125315,0.716542,0.080617,1.385986,0.406308
16.266667,2.015932,2.001335,1.988841,2.016964,1.795142,2.013724,2.039950,1.995687,0.544717,1.763554,0.126210,0.966957,0.125744,0.713424,0.080626,1.384419,0.421972
16.283333,2.015977,2.001366,1.989627,2.016938,1.796248,2.013750,2.039257,1.995629,0.537797,1.756107,0.126856,0.968427,0.125326,0.752446,0.079356,1.383498,0.430400
16.300000,2.016138,2.001431,1.990635,2.016904,1.797287,2.013846,2.038634,1.995726,0.537526,1.747014,0.127325,0.966614,0.125279,0.790530,0.079123,1.382950,0.434551
16.316667,2.016350,2.001590,1.990517,2.016827,1.798001,2.014031,2.037715,1.995852,0.543660,1.729404,0.127809,0.961629,0.126269,0.809404,0.079976,1.382458,0.436580
16.333333,2.016097,2.001729,1.989855,2.016750,1.796480,2.014200,2.037109,1.995914,0.550165,1.704708,0.128457,0.956060,0.127010,0.833866,0.080587,1.382124,0.437699
16.350000,2.016261,2.001822,1.989208,2.016738,1.787666,2.014446,2.036930,1.995930,0.556937,1.686357,0.128679,0.958690,0.127086,0.857584,0.080530,1.382063,0.438499
16.366667,2.016069,2.001874,1.988520,2.016518,1.780891,2.014692,2.037066,1.995872,0.563822,1.669531,0.129069,0.961444,0.127184,0.870605,0.080527,1.388961,0.431087
16.383333,2.015842,2.001915,1.987705,2.016189,1.774848,2.015048,2.036885,1.995481,0.569849,1.653232,0.129360,0.957308,0.127411,0.878783,0.080517,1.398661,0.419460
16.400000,2.015831,2.001913,1.986605,2.016035,1.771237,2.015236,2.036269,1.994953,0.573035,1.644658,0.129411,0.950737,0.127438,0.882426,0.080330,1.405730,0.412125
16.416667,2.015938,2.001880,1.984976,2.015978,1.769098,2.015255,2.035516,1.994486,0.575376,1.639984,0.129307,0.945547,0.127257,0.884157,0.080039,1.409797,0.415162
16.433333,2.016055,2.001840,1.983279,2.015995,1.767961,2.015156,2.034958,1.994165,0.577482,1.637412,0.129142,0.941873,0.127005,0.885107,0.079725,1.411458,0.428036
16.450000,2.016108,2.001830,1.982585,2.016092,1.767367,2.015062,2.034493,1.993913,0.578691,1.635879,0.129024,0.939900,0.126813,0.885585,0.079496,1.413049,0.439490
16.466667,2.015856,2.001843,1.982854,2.016229,1.767082,2.014992,2.034297,1.994008,0.578914,1.639320,0.128988,0.929946,0.126660,0.885826,0.079440,1.415177,0.445632
16.483333,2.015553,2.001832,1.983372,2.016407,1.770685,2.014864,2.034972,1.994306,0.577428,1.659992,0.128026,0.928428,0.126606,0.882005,0.080272,1.416087,0.449170
16.500000,2.015570,2.001736,1.983838,2.016655,1.786603,2.014503,2.036469,1.994633,0.572784,1.686309,0.126605,0.939547,0.125507,0.857430,0.080149,1.414200,0.452068
16.516667,2.015506,2.001526,1.985981,2.016855,1.796305,2.014166,2.037890,1.994960,0.570023,1.708265,0.125333,0.950878,0.124557,0.808798,0.080089,1.412830,0.454016
16.533333,2.015464,2.001370,1.987864,2.016973,1.797554,2.014027,2.039280,1.995292,0.572534,1.729225,0.124082,0.962656,0.123629,0.771071,0.080022,1.406850,0.457785
16.550000,2.015902,2.001246,1.989242,2.016927,1.790560,2.014085,2.040505,1.995543,0.577642,1.746585,0.122751,0.976127,0.122557,0.749393,0.079725,1.380202,0.470589
16.566667,2.016249,2.001193,1.989975,2.016903,1.787557,2.014097,2.041183,1.995674,0.580413,1.755708,0.121971,0.983278,0.121754,0.738997,0.079412,1.365452,0.477693
16.583333,2.016436,2.001164,1.990369,2.016903,1.788631,2.014037,2.041005,1.995888,0.579648,1.752346,0.121492,0.987156,0.121210,0.733665,0.079222,1.362604,0.477350
16.600000,2.016527,2.001145,1.990250,2.016900,1.789691,2.014025,2.040463,1.995783,0.573054,1.747881,0.121204,0.989228,0.120883,0.731142,0.079119,1.365053,0.473741
16.616667,2.016575,2.001139,1.990468,2.016873,1.790261,2.014028,2.039903,1.995713,0.568757,1.740892,0.121196,0.990310,0.120978,0.749631,0.079248,1.366820,0.471296
16.633333,2.016762,2.001205,1.991777,2.016838,1.790576,2.014160,2.039326,1.995703,0.573945,1.732043,0.121608,0.991096,0.121246,0.791717,0.079531,1.367989,0.469689
16.650000,2.017133,2.001372,1.992044,2.016759,1.790753,2.014332,2.039215,1.995665,0.581956,1.723732,0.122127,0.991655,0.121602,0.813813,0.079747,1.368553,0.468651
16.666667,2.017276,2.001525,1.991421,2.016668,1.788880,2.014498,2.039343,1.995607,0.589944,1.714322,0.122584,0.992223,0.121612,0.835213,0.079664,1.368775,0.468106
16.683333,2.017557,2.001637,1.990836,2.016623,1.782774,2.014634,2.039614,1.995542,0.598144,1.699436,0.122673,0.996792,0.121559,0.859652,0.079599,1.368965,0.467924
16.700000,2.017568,2.001705,1.990187,2.016323,1.779812,2.014902,2.039309,1.995141,0.606075,1.685513,0.122951,1.000488,0.121562,0.873132,0.079597,1.381163,0.452622
16.716667,2.017167,2.001757,1.989327,2.015905,1.776603,2.015354,2.039062,1.994589,0.613724,1.677667,0.123156,0.992889,0.121847,0.881768,0.079639,1.390585,0.438461
16.733333,2.017178,2.001757,1.987971,2.015679,1.774493,2.015657,2.038598,1.993909,0.618361,1.675585,0.123171,0.985100,0.121804,0.885509,0.079468,1.392471,0.430729
16.750000,2.017311,2.001731,1.986412,2.015579,1.773267,2.015744,2.037992,1.993377,0.621631,1.674457,0.123051,0.979155,0.121560,0.887259,0.079158,1.393473,0.433217
16.766667,2.017458,2.001697,1.984734,2.015547,1.772591,2.015690,2.037448,1.992993,0.624268,1.673718,0.122891,0.974850,0.121266,0.888239,0.078820,1.394276,0.443872
16.783333,2.017436,2.001682,1.984246,2.015613,1.772235,2.015597,2.037004,1.992802,0.625515,1.673241,0.122875,0.966635,0.121093,0.888741,0.078572,1.395627,0.455569
16.800000,2.016732,2.001686,1.984672,2.015787,1.772067,2.015452,2.036760,1.993121,0.625270,1.673141,0.123236,0.942078,0.121133,0.888952,0.078403,1.398429,0.468203
16.816667,2.016157,2.001690,1.985272,2.015982,1.775276,2.015285,2.037444,1.993505,0.623865,1.688937,0.122893,0.934482,0.121135,0.889071,0.078827,1.400407,0.474968
16.833333,2.015922,2.001608,1.985816,2.016157,1.783092,2.014997,2.039117,1.993891,0.620946,1.712665,0.121571,0.941924,0.120937,0.868333,0.079587,1.401597,0.478662
16.850000,2.015827,2.001488,1.986772,2.016334,1.790068,2.014683,2.040803,1.994264,0.618971,1.733843,0.120339,0.953595,0.119976,0.838168,0.079470,1.401240,0.481199
16.866667,2.015764,2.001335,1.988265,2.016478,1.794997,2.014521,2.042520,1.994628,0.621594,1.754117,0.119118,0.966269,0.119049,0.798730,0.079379,1.401184,0.482629
16.883333,2.016209,2.001233,1.989477,2.016476,1.788649,2.014499,2.043356,1.995002,0.625190,1.766100,0.117685,0.983178,0.117934,0.773658,0.079163,1.395531,0.482174
16.900000,2.016666,2.001200,1.989977,2.016472,1.785195,2.014487,2.043476,1.995217,0.627270,1.769684,0.116921,0.994440,0.117516,0.761374,0.079360,1.392103,0.486135
16.916667,2.016932,2.001180,1.990238,2.016512,1.785411,2.014423,2.042945,1.995328,0.628551,1.763885,0.117185,1.000734,0.117763,0.755065,0.079348,1.402875,0.496889
16.933333,2.017067,2.001170,1.990040,2.016534,1.787189,2.014380,2.041618,1.995273,0.621818,1.750790,0.117392,1.004124,0.117957,0.751994,0.079345,1.412007,0.503278
16.950000,2.017144,2.001147,1.989652,2.016521,1.788156,2.014366,2.040545,1.995298,0.617624,1.737158,0.117625,1.005960,0.117966,0.760645,0.079099,1.417433,0.507188
16.966667,2.017610,2.001271,1.990730,2.016476,1.788687,2.014490,2.039746,1.995298,0.623836,1.725469,0.118231,1.007160,0.118239,0.800895,0.079164,1.420371,0.509112
16.983333,2.018119,2.001464,1.991111,2.016392,1.788980,2.014660,2.039535,1.995274,0.633088,1.715565,0.118895,1.008039,0.118253,0.828662,0.079077,1.421832,0.510049
17.000000,2.018229,2.001643,1.991324,2.016323,1.787125,2.014823,2.039507,1.995239,0.641833,1.706632,0.119547,1.008658,0.118291,0.856676,0.079037,1.416538,0.504294
17.016667,2.018093,2.001758,1.991488,2.016211,1.777972,2.015067,2.039628,1.995183,0.650546,1.693245,0.120215,1.009331,0.118350,0.879308,0.079066,1.388624,0.482682
17.033333,2.017584,2.001829,1.991214,2.016078,1.774221,2.015437,2.039269,1.994753,0.659561,1.678665,0.120471,1.001731,0.118544,0.891757,0.079080,1.362389,0.465983
17.050000,2.016872,2.001877,1.990640,2.015668,1.772824,2.015883,2.039010,1.994232,0.668335,1.670364,0.120609,0.988617,0.118903,0.899162,0.079162,1.342686,0.455643
17.066667,2.016784,2.001882,1.989715,2.015459,1.772044,2.016186,2.038575,1.993746,0.673654,1.667534,0.120585,0.978125,0.118948,0.902748,0.079033,1.332146,0.450102
17.083333,2.016867,2.001849,1.988078,2.015372,1.771583,2.016316,2.038019,1.993378,0.676821,1.665945,0.120443,0.970698,0.118751,0.904836,0.078745,1.326603,0.450202
17.100000,2.016981,2.001816,1.986399,2.015399,1.771360,2.016247,2.037515,1.993085,0.679485,1.665006,0.120275,0.965580,0.118474,0.905818,0.078392,1.324422,0.463979
17.116667,2.017062,2.001834,1.985727,2.015451,1.771251,2.016161,2.037070,1.992843,0.681032,1.664362,0.120163,0.962355,0.118270,0.905874,0.078138,1.324968,0.475682
17.133333,2.016522,2.001856,1.986188,2.015620,1.771212,2.016074,2.036953,1.993117,0.681147,1.667984,0.120306,0.944521,0.118172,0.905764,0.078035,1.326607,0.484258
17.150000,2.015991,2.001873,1.986866,2.015779,1.774492,2.015929,2.037968,1.993526,0.679466,1.687277,0.119816,0.941263,0.118277,0.905783,0.078629,1.327643,0.488960
17.166667,2.015856,2.001794,1.987443,2.016024,1.789353,2.015590,2.039763,1.993925,0.674369,1.712332,0.118516,0.951590,0.117657,0.885250,0.078926,1.325125,0.495988
17.183333,2.015765,2.001585,1.989407,2.016214,1.798362,2.015267,2.041457,1.994301,0.671311,1.733633,0.117322,0.964392,0.116768,0.835873,0.078853,1.323240,0.500479
17.200000,2.015793,2.001409,1.990368,2.016376,1.803704,2.015147,2.042992,1.994721,0.673950,1.753237,0.115924,0.980330,0.115758,0.794918,0.078765,1.322811,0.502690
17.216667,2.016538,2.001304,1.991074,2.016379,1.801350,2.015109,2.043656,1.995134,0.676056,1.762868,0.114256,0.997609,0.114702,0.770543,0.078573,1.315753,0.503465
17.233333,2.017058,2.001286,1.991290,2.016381,1.799003,2.015073,2.043633,1.995367,0.677164,1.765086,0.113673,1.008796,0.114384,0.758752,0.078507,1.311554,0.518364
17.250000,2.017375,2.001277,1.991405,2.016387,1.800747,2.015022,2.042868,1.995476,0.670431,1.761104,0.113405,1.015435,0.114203,0.752686,0.078420,1.309498,0.530330
17.266667,2.017583,2.001268,1.991432,2.016401,1.801833,2.015024,2.042027,1.995373,0.663205,1.754579,0.113248,1.019684,0.114137,0.749615,0.078425,1.314292,0.534412
17.283333,2.017721,2.001251,1.991696,2.016754,1.802460,2.015037,2.041201,1.995367,0.658655,1.744711,0.113433,1.022146,0.113990,0.757251,0.078233,1.347453,0.524302
17.300000,2.017847,2.001328,1.993220,2.017135,1.803125,2.015131,2.040540,1.995368,0.661516,1.735229,0.113912,1.023660,0.113538,0.803844,0.077807,1.379019,0.513323
17.316667,2.017944,2.001486,1.993664,2.017286,1.803520,2.015321,2.039902,1.995354,0.671809,1.723021,0.114468,1.024582,0.113797,0.828525,0.078117,1.396065,0.507442
17.333333,2.017816,2.001577,1.992379,2.017328,1.801770,2.015502,2.039566,1.995400,0.682064,1.704059,0.114841,1.020545,0.113847,0.834995,0.078063,1.405143,0.504334
17.350000,2.017026,2.001672,1.991042,2.017321,1.794084,2.015788,2.039334,1.995429,0.692134,1.686785,0.114897,1.005108,0.114101,0.833428,0.078013,1.410078,0.501543
17.366667,2.016160,2.001747,1.989916,2.017221,1.789865,2.016094,2.038807,1.995153,0.702038,1.669262,0.114923,0.987529,0.114523,0.819334,0.078092,1.413971,0.496622
17.383333,2.015536,2.001767,1.988953,2.016838,1.788446,2.016474,2.038234,1.994594,0.711116,1.654365,0.115187,0.966993,0.115315,0.803027,0.078335,1.413469,0.491536
17.400000,2.015101,2.001749,1.988429,2.016607,1.787613,2.016691,2.037591,1.993963,0.716265,1.646635,0.115368,0.949494,0.115409,0.794828,0.078016,1.412787,0.488790
17.416667,2.014988,2.001707,1.987148,2.016502,1.787088,2.016771,2.036919,1.993505,0.719263,1.642541,0.115374,0.937938,0.115247,0.790540,0.077601,1.412496,0.490706
17.433333,2.014984,2.001663,1.985672,2.016463,1.786764,2.016664,2.036374,1.993161,0.721587,1.640281,0.115298,0.930508,0.114985,0.788231,0.077186,1.412530,0.506444
17.450000,2.014975,2.001644,1.985203,2.016509,1.786588,2.016555,2.035918,1.992889,0.722842,1.638935,0.115232,0.926541,0.114785,0.786966,0.076892,1.412374,0.520982
17.466667,2.015000,2.001665,1.985440,2.016688,1.786521,2.016461,2.035535,1.992758,0.723281,1.638101,0.115295,0.924304,0.114663,0.786240,0.076692,1.413272,0.533441
17.483333,2.014801,2.001686,1.986013,2.016876,1.786511,2.016386,2.036184,1.993201,0.721937,1.652732,0.115303,0.914221,0.115091,0.785855,0.076987,1.414653,0.540435
17.500000,2.014600,2.001679,1.986677,2.017046,1.795349,2.016048,2.037616,1.993637,0.717816,1.675542,0.114171,0.917682,0.115372,0.780884,0.078104,1.415595,0.543815
17.516667,2.014750,2.001578,1.987076,2.017210,1.802311,2.015738,2.038213,1.994144,0.714606,1.691200,0.112437,0.932049,0.114698,0.756615,0.078446,1.416254,0.544939
17.533333,2.015059,2.001508,1.987599,2.017247,1.807478,2.015475,2.039066,1.994632,0.712173,1.710029,0.110948,0.943999,0.112992,0.747611,0.077135,1.410982,0.545620
17.550000,2.014952,2.001474,1.987810,2.017218,1.806499,2.015370,2.039973,1.994935,0.699846,1.725440,0.110044,0.953481,0.111869,0.743240,0.076016,1.403029,0.553821
17.566667,2.014992,2.001450,1.987874,2.017208,1.806530,2.015289,2.039998,1.995142,0.690653,1.731687,0.109517,0.959122,0.111822,0.735048,0.076073,1.399163,0.566207
17.583333,2.015038,2.001435,1.987894,2.017204,1.808573,2.015235,2.039712,1.995257,0.680546,1.734787,0.109370,0.962280,0.112116,0.730914,0.076516,1.397222,0.577935
17.600000,2.015056,2.001436,1.987282,2.017155,1.809878,2.015239,2.039160,1.995205,0.671697,1.731400,0.109281,0.963974,0.112385,0.729213,0.076909,1.395991,0.585695
17.616667,2.015068,2.001428,1.986973,2.017276,1.810842,2.015258,2.038599,1.995133,0.665359,1.725206,0.109397,0.964878,0.113102,0.737159,0.077707,1.406814,0.589593
17.633333,2.015461,2.001561,1.988261,2.017398,1.811547,2.015350,2.037968,1.995418,0.667121,1.714912,0.109949,0.959702,0.112845,0.773220,0.077142,1.416767,0.591427
17.650000,2.015860,2.001804,1.989401,2.017436,1.812324,2.015559,2.037429,1.995614,0.676586,1.705177,0.110557,0.953851,0.113132,0.812175,0.077414,1.422939,0.592287
17.666667,2.015766,2.001997,1.990331,2.017480,1.808381,2.015781,2.037173,1.995680,0.685331,1.693074,0.110998,0.948878,0.113787,0.851830,0.078122,1.426460,0.592379
17.683333,2.015929,2.002115,1.990655,2.017502,1.800605,2.016060,2.037303,1.995679,0.695085,1.670471,0.111140,0.953533,0.113705,0.878616,0.078035,1.428466,0.591564
17.700000,2.016045,2.002178,1.990488,2.017549,1.794029,2.016336,2.037191,1.995525,0.704504,1.649777,0.111139,0.962755,0.113930,0.893353,0.078076,1.430629,0.589020
17.716667,2.015456,2.002219,1.989970,2.017299,1.791584,2.016734,2.037124,1.995090,0.713338,1.637949,0.111903,0.946042,0.114555,0.902562,0.078098,1.429974,0.584333
17.733333,2.015352,2.002228,1.989428,2.017137,1.790271,2.016993,2.036855,1.994454,0.718454,1.634533,0.112587,0.933780,0.114981,0.906690,0.077897,1.429229,0.581888
17.750000,2.015390,2.002188,1.987961,2.017062,1.789541,2.017125,2.036267,1.993919,0.721287,1.632589,0.112631,0.925085,0.114939,0.908578,0.077681,1.428786,0.580566
17.766667,2.015483,2.002142,1.986446,2.017036,1.789108,2.017072,2.035801,1.993552,0.722728,1.631511,0.112663,0.919202,0.114923,0.909597,0.077532,1.428716,0.594873
17.783333,2.015553,2.002126,1.985668,2.017039,1.788902,2.016964,2.035401,1.993265,0.723204,1.630842,0.112741,0.915511,0.114913,0.910184,0.077353,1.428669,0.611866
17.800000,2.015358,2.002127,1.986003,2.017213,1.788821,2.016875,2.035091,1.993295,0.723182,1.630406,0.112855,0.910046,0.114934,0.910431,0.077202,1.429341,0.625728
17.816667,2.015047,2.002114,1.986587,2.017407,1.791880,2.016728,2.035377,1.993624,0.720565,1.639487,0.112852,0.904794,0.115142,0.906551,0.077303,1.430294,0.633679
17.833333,2.014865,2.002004,1.987063,2.017596,1.803109,2.016333,2.036759,1.994070,0.715107,1.661798,0.111625,0.914250,0.115333,0.881366,0.078323,1.431062,0.638115
17.850000,2.015053,2.001857,1.988054,2.017798,1.811497,2.016007,2.038398,1.994476,0.711320,1.687863,0.109982,0.933751,0.114203,0.848212,0.078190,1.432637,0.640311
17.866667,2.015586,2.001638,1.989769,2.017928,1.816016,2.015754,2.040037,1.994754,0.709190,1.711541,0.108652,0.950260,0.112802,0.801511,0.077413,1.432327,0.641361
17.883333,2.015651,2.001486,1.990755,2.017875,1.815139,2.015631,2.040936,1.994987,0.708737,1.726217,0.107606,0.963792,0.111687,0.772101,0.076481,1.423383,0.642342
17.900000,2.015843,2.001424,1.990995,2.017857,1.814968,2.015615,2.041042,1.995142,0.704972,1.732622,0.106910,0.972821,0.110806,0.756924,0.075908,1.418871,0.642385
17.916667,2.015960,2.001390,1.991121,2.017851,1.817011,2.015589,2.040841,1.995224,0.698320,1.735795,0.106529,0.977723,0.110376,0.749187,0.075756,1.416708,0.644730
17.933333,2.016019,2.001384,1.990641,2.017845,1.818324,2.015604,2.040316,1.995280,0.691462,1.732666,0.106422,0.980367,0.110845,0.745559,0.076441,1.418227,0.654665
17.950000,2.016053,2.001347,1.990408,2.018026,1.819244,2.015629,2.039645,1.995296,0.686281,1.724502,0.106447,0.981787,0.111487,0.743650,0.077263,1.431991,0.659226
17.966667,2.016072,2.001387,1.991303,2.018168,1.819806,2.015718,2.039004,1.995316,0.688854,1.714212,0.106959,0.982587,0.111879,0.786029,0.077331,1.442715,0.661618
17.983333,2.016614,2.001582,1.992434,2.018228,1.820199,2.015905,2.038497,1.995618,0.699105,1.705421,0.107361,0.975702,0.112318,0.817680,0.077767,1.449499,0.663089
18.000000,2.016620,2.001773,1.993259,2.018275,1.816561,2.016135,2.038288,1.995823,0.708689,1.696949,0.107707,0.970214,0.112826,0.854007,0.078047,1.453429,0.663087
18.016667,2.016523,2.001912,1.993505,2.018312,1.809361,2.016416,2.038567,1.995839,0.718366,1.681479,0.107927,0.969283,0.113268,0.886316,0.078158,1.456546,0.661359
18.033333,2.016248,2.001986,1.993110,2.018352,1.803128,2.016688,2.038388,1.995483,0.727962,1.663946,0.108213,0.971965,0.113705,0.904771,0.078270,1.459275,0.658214
18.050000,2.016118,2.002043,1.992534,2.018073,1.800854,2.017196,2.038409,1.994897,0.738825,1.656133,0.108736,0.974502,0.114170,0.916624,0.078304,1.458574,0.652898
18.066667,2.016049,2.002050,1.991617,2.017894,1.799631,2.017494,2.037959,1.994226,0.745483,1.652034,0.109323,0.965658,0.114548,0.921847,0.078216,1.457748,0.650097
18.083333,2.016026,2.002023,1.990222,2.017808,1.798950,2.017649,2.037123,1.993789,0.749172,1.649333,0.109664,0.960704,0.114754,0.924054,0.078150,1.457261,0.648576
18.100000,2.016013,2.001989,1.988765,2.017776,1.798549,2.017608,2.036438,1.993475,0.750943,1.647703,0.109858,0.957995,0.114860,0.925277,0.078080,1.457183,0.663814
18.116667,2.015939,2.001970,1.987559,2.017743,1.798354,2.017515,2.035937,1.993320,0.751558,1.646749,0.110076,0.950230,0.114988,0.925998,0.078017,1.457004,0.680579
18.133333,2.015548,2.001969,1.987350,2.017895,1.798276,2.017434,2.035591,1.993446,0.751520,1.646182,0.110482,0.927554,0.115214,0.926374,0.077966,1.457476,0.694773
18.150000,2.015086,2.001930,1.987704,2.018102,1.801235,2.017279,2.036460,1.993705,0.748519,1.661911,0.110594,0.914409,0.115510,0.915292,0.078244,1.457989,0.703234
18.166667,2.014773,2.001835,1.988051,2.018303,1.811961,2.016886,2.037958,1.994171,0.742543,1.685712,0.109446,0.914800,0.114043,0.889906,0.078003,1.458519,0.708035
18.183333,2.014962,2.001664,1.989426,2.018520,1.820280,2.016570,2.039608,1.994575,0.738346,1.709834,0.108007,0.932558,0.113023,0.848813,0.077906,1.460216,0.710381
18.200000,2.015310,2.001465,1.990697,2.018591,1.825870,2.016312,2.040894,1.995009,0.735223,1.730805,0.106771,0.951384,0.111584,0.812284,0.077095,1.456127,0.711648
18.216667,2.015597,2.001330,1.991873,2.018505,1.823463,2.016190,2.041041,1.995375,0.724287,1.738044,0.105807,0.962657,0.110274,0.789800,0.076061,1.445643,0.712016
18.233333,2.015800,2.001283,1.992506,2.018468,1.823758,2.016151,2.040532,1.995603,0.710624,1.738216,0.105260,0.968985,0.109459,0.778930,0.075470,1.440598,0.711773
18.250000,2.015910,2.001257,1.992846,2.018450,1.825265,2.016145,2.039939,1.995729,0.697963,1.738017,0.104980,0.972345,0.109003,0.773472,0.075149,1.438061,0.711386
18.266667,2.015960,2.001253,1.992533,2.018447,1.826331,2.016178,2.039213,1.995702,0.687537,1.733015,0.104800,0.974126,0.108862,0.771087,0.075181,1.439668,0.712255
18.283333,2.015989,2.001219,1.992194,2.018662,1.827044,2.016210,2.038455,1.995696,0.680333,1.723723,0.104859,0.975087,0.109199,0.769992,0.075598,1.454836,0.712471
18.300000,2.016078,2.001217,1.992749,2.018891,1.827464,2.016304,2.037780,1.995700,0.682414,1.712670,0.105259,0.975799,0.110277,0.793521,0.077055,1.468866,0.712498
18.316667,2.016370,2.001347,1.993666,2.019094,1.828191,2.016526,2.037215,1.995673,0.693616,1.702270,0.105687,0.978261,0.110965,0.815833,0.077948,1.480913,0.712563
18.333333,2.016232,2.001479,1.994329,2.019243,1.825184,2.016799,2.037113,1.995634,0.704042,1.692860,0.106099,0.979385,0.111160,0.845207,0.077957,1.487974,0.711894
18.350000,2.016129,2.001560,1.994008,2.019284,1.818130,2.017081,2.037388,1.995548,0.714160,1.678816,0.106374,0.981716,0.111426,0.868680,0.078008,1.491800,0.710477
18.366667,2.015986,2.001611,1.993421,2.019316,1.812009,2.017346,2.037634,1.995457,0.724318,1.658392,0.106638,0.979592,0.111831,0.881713,0.078093,1.494672,0.707591
18.383333,2.015349,2.001650,1.992718,2.019021,1.809338,2.017662,2.037295,1.995009,0.733664,1.640232,0.107349,0.964677,0.112498,0.890328,0.078140,1.494159,0.701978
18.400000,2.015172,2.001650,1.991510,2.018831,1.807924,2.017817,2.036521,1.994402,0.739039,1.629277,0.107903,0.954515,0.112959,0.893884,0.078067,1.493306,0.699004
18.416667,2.015195,2.001630,1.990091,2.018736,1.807140,2.017891,2.035745,1.993922,0.741984,1.623285,0.108227,0.947799,0.113224,0.895421,0.078017,1.492780,0.697394
18.433333,2.015327,2.001603,1.988565,2.018692,1.806703,2.017830,2.035157,1.993574,0.743108,1.619933,0.108423,0.942668,0.113384,0.896300,0.077960,1.492667,0.710440
18.450000,2.015422,2.001597,1.987295,2.018648,1.806505,2.017694,2.034705,1.993299,0.742793,1.618072,0.108569,0.939502,0.113501,0.896849,0.077890,1.492637,0.730452
18.466667,2.014905,2.001609,1.987090,2.018747,1.806434,2.017602,2.034410,1.993511,0.742490,1.617019,0.108910,0.922644,0.113693,0.897119,0.077840,1.492803,0.744583
18.483333,2.014301,2.001621,1.987510,2.018952,1.809226,2.017473,2.034681,1.993818,0.740644,1.625830,0.109292,0.913457,0.114219,0.897213,0.077899,1.493189,0.752256
18.500000,2.013982,2.001550,1.987885,2.019151,1.820507,2.017134,2.036015,1.994187,0.734872,1.648174,0.108275,0.914935,0.113152,0.876701,0.077968,1.493661,0.756740
18.516667,2.014134,2.001405,1.989112,2.019358,1.829172,2.016857,2.037572,1.994560,0.730589,1.674226,0.106760,0.933907,0.112064,0.838255,0.077845,1.495471,0.758874
18.533333,2.014383,2.001236,1.990913,2.019296,1.833888,2.016653,2.039141,1.994865,0.728177,1.698519,0.105859,0.949129,0.110257,0.807121,0.076448,1.486567,0.760243
18.550000,2.014675,2.001139,1.991932,2.019185,1.830592,2.016579,2.040125,1.995097,0.730248,1.713465,0.105118,0.959549,0.108923,0.790066,0.075217,1.476222,0.760624
18.566667,2.014881,2.001106,1.992491,2.019138,1.829561,2.016585,2.040164,1.995261,0.730017,1.718784,0.104643,0.965541,0.108030,0.781957,0.074514,1.471332,0.760426
18.583333,2.014998,2.001088,1.992786,2.019116,1.830796,2.016584,2.039949,1.995349,0.725420,1.721399,0.104360,0.968808,0.107554,0.777828,0.074234,1.468828,0.761926
18.600000,2.015053,2.001088,1.992434,2.019099,1.831717,2.016610,2.039700,1.995257,0.720201,1.722647,0.104303,0.970557,0.107862,0.776188,0.074698,1.470307,0.769932
18.616667,2.015087,2.001048,1.992260,2.019320,1.832362,2.016636,2.039085,1.995302,0.716771,1.714044,0.104382,0.971495,0.108356,0.775347,0.075304,1.484987,0.773446
18.633333,2.015103,2.001035,1.992631,2.019492,1.832692,2.016721,2.038476,1.995343,0.720706,1.703339,0.104687,0.971980,0.109784,0.793182,0.076811,1.497287,0.775136
18.650000,2.015353,2.001160,1.993355,2.019602,1.832965,2.016902,2.037941,1.995339,0.732284,1.693159,0.105213,0.972333,0.110893,0.810739,0.077753,1.505857,0.776667
18.666667,2.015327,2.001273,1.993727,2.019760,1.829122,2.017119,2.037871,1.995312,0.743077,1.683916,0.105818,0.972329,0.111292,0.829222,0.077798,1.511136,0.777165
18.683333,2.015343,2.001350,1.993514,2.019861,1.822513,2.017419,2.038158,1.995246,0.753710,1.671078,0.106284,0.976587,0.111686,0.851228,0.077852,1.515036,0.774603
18.700000,2.015367,2.001401,1.992994,2.019859,1.817906,2.017697,2.038014,1.994993,0.764158,1.653980,0.106708,0.981768,0.112151,0.863449,0.077931,1.507886,0.770220
18.716667,2.014835,2.001443,1.992321,2.019491,1.816041,2.018135,2.037965,1.994497,0.774444,1.642624,0.107446,0.967412,0.112811,0.871313,0.077998,1.487075,0.763586
18.733333,2.014739,2.001446,1.991149,2.019278,1.815082,2.018412,2.037608,1.993834,0.780516,1.638206,0.107755,0.956603,0.112945,0.874671,0.077775,1.475307,0.760111
18.750000,2.014817,2.001428,1.989742,2.019163,1.814562,2.018556,2.037062,1.993371,0.783868,1.635520,0.107831,0.948969,0.112808,0.876277,0.077431,1.468811,0.758261
18.766667,2.014938,2.001405,1.988215,2.019109,1.814288,2.018585,2.036349,1.993058,0.785336,1.633553,0.107807,0.943756,0.112580,0.877199,0.077077,1.465468,0.764642
18.783333,2.014916,2.001387,1.987127,2.019065,1.814169,2.018477,2.035864,1.992909,0.784753,1.632508,0.107863,0.935063,0.112450,0.877774,0.076810,1.463825,0.783979
18.800000,2.014396,2.001377,1.987349,2.019257,1.814124,2.018395,2.035545,1.993162,0.784178,1.631901,0.108218,0.909849,0.112507,0.877958,0.076630,1.463239,0.798780
18.816667,2.013781,2.001379,1.987895,2.019471,1.819749,2.018182,2.036272,1.993603,0.780089,1.647830,0.107836,0.896012,0.112153,0.878045,0.076924,1.463094,0.806838
18.833333,2.013177,2.001319,1.988308,2.019689,1.830452,2.017798,2.037759,1.994064,0.773940,1.670658,0.106740,0.888634,0.111618,0.857742,0.077785,1.463288,0.811570
18.850000,2.013000,2.001224,1.989045,2.019977,1.840246,2.017491,2.039209,1.994504,0.768683,1.693617,0.105700,0.896234,0.110291,0.828512,0.077144,1.466153,0.813898
18.866667,2.012824,2.001082,1.990970,2.019996,1.843091,2.017271,2.040393,1.994986,0.765167,1.716051,0.104787,0.905517,0.108655,0.798705,0.075554,1.458235,0.815392
18.883333,2.012910,2.001001,1.991854,2.019957,1.840665,2.017226,2.040553,1.995419,0.747740,1.726676,0.104195,0.913744,0.106870,0.782059,0.073445,1.449758,0.815911
18.900000,2.013005,2.000960,1.992333,2.019946,1.840155,2.017187,2.040036,1.995688,0.734127,1.728320,0.103919,0.918677,0.105822,0.774043,0.072228,1.445668,0.815863
18.916667,2.013061,2.000936,1.992589,2.019940,1.841004,2.017177,2.039421,1.995799,0.721124,1.728913,0.103879,0.921332,0.105779,0.769937,0.072154,1.443497,0.824323
18.933333,2.013082,2.000917,1.992412,2.020079,1.841703,2.017208,2.038690,1.995716,0.710364,1.724098,0.103949,0.922746,0.106234,0.768067,0.072667,1.452490,0.831431
18.950000,2.013097,2.000886,1.991973,2.020294,1.842068,2.017231,2.037971,1.995729,0.703920,1.714692,0.104050,0.923505,0.106735,0.767438,0.073254,1.468170,0.834872
18.966667,2.013028,2.000881,1.992529,2.020461,1.842256,2.017374,2.037299,1.995755,0.711383,1.703171,0.104395,0.924072,0.108469,0.790358,0.075203,1.480744,0.836532
18.983333,2.012877,2.000974,1.993042,2.020789,1.842535,2.017558,2.036755,1.995744,0.722672,1.692415,0.105005,0.923318,0.110543,0.800911,0.077735,1.497950,0.838402
19.000000,2.012517,2.001067,1.993400,2.021104,1.840646,2.017885,2.036732,1.995679,0.733982,1.680041,0.105820,0.920976,0.110570,0.816746,0.077684,1.509642,0.838234
19.016667,2.012769,2.001125,1.993400,2.021283,1.834632,2.018220,2.037058,1.995594,0.745240,1.656904,0.105993,0.921215,0.110694,0.829132,0.077688,1.516196,0.837045
19.033333,2.013120,2.001184,1.992790,2.021339,1.829020,2.018498,2.037118,1.995387,0.756109,1.634803,0.106090,0.919428,0.111044,0.833500,0.077755,1.519730,0.834709
19.050000,2.012829,2.001285,1.991384,2.020980,1.825361,2.018764,2.036633,1.994883,0.765846,1.614672,0.106727,0.905855,0.111650,0.823727,0.077775,1.518969,0.831069
19.066667,2.012825,2.001329,1.990075,2.020729,1.823793,2.018905,2.035836,1.994214,0.771360,1.602790,0.107248,0.895895,0.112065,0.816267,0.077664,1.518293,0.828625
19.083333,2.012841,2.001338,1.988483,2.020613,1.822947,2.018974,2.035063,1.993660,0.774366,1.596336,0.107554,0.890454,0.112290,0.812197,0.077581,1.518114,0.827318
19.100000,2.012849,2.001333,1.986900,2.020562,1.822487,2.018943,2.034448,1.993253,0.775297,1.592645,0.107728,0.887498,0.112405,0.810066,0.077515,1.518301,0.837396
19.116667,2.013011,2.001309,1.985887,2.020522,1.822248,2.018808,2.033994,1.992936,0.774468,1.590619,0.107850,0.884096,0.112494,0.809301,0.077444,1.518493,0.858117
19.133333,2.013185,2.001274,1.985848,2.020656,1.822120,2.018703,2.033662,1.992912,0.773593,1.589458,0.107914,0.879609,0.112575,0.809315,0.077385,1.518531,0.874935
19.150000,2.012968,2.001258,1.986335,2.020917,1.824635,2.018562,2.033882,1.993136,0.771323,1.598064,0.107811,0.877386,0.112603,0.809287,0.077539,1.518817,0.884910
19.166667,2.012839,2.001252,1.986968,2.021148,1.833583,2.018229,2.035083,1.993475,0.765757,1.619990,0.106785,0.882451,0.111603,0.809293,0.077608,1.519156,0.890553
19.183333,2.012957,2.001184,1.987587,2.021251,1.842857,2.017966,2.036622,1.993855,0.760714,1.648586,0.105403,0.900472,0.110360,0.801706,0.077039,1.514839,0.894405
19.200000,2.013053,2.001068,1.988983,2.021134,1.848111,2.017769,2.038168,1.994218,0.757772,1.675701,0.104694,0.914641,0.108367,0.786853,0.075020,1.502570,0.896917
19.216667,2.013150,2.000982,1.989966,2.021040,1.845369,2.017621,2.039181,1.994542,0.750947,1.692645,0.104085,0.924977,0.107005,0.772050,0.073451,1.492895,0.898508
19.233333,2.013283,2.000941,1.990488,2.021002,1.842595,2.017565,2.039275,1.994763,0.740761,1.699545,0.103652,0.930011,0.106142,0.764930,0.072549,1.488025,0.899215
19.250000,2.013352,2.000915,1.990763,2.020985,1.843028,2.017549,2.039125,1.994798,0.731356,1.703051,0.103450,0.932655,0.105634,0.761285,0.072050,1.485559,0.898893
19.266667,2.013388,2.000892,1.990340,2.020947,1.843497,2.017573,2.038887,1.994585,0.722967,1.704768,0.103369,0.934042,0.105431,0.759906,0.071877,1.487608,0.898216
19.283333,2.013415,2.000836,1.989668,2.021157,1.843708,2.017593,2.038454,1.994484,0.716823,1.700520,0.103454,0.934799,0.105574,0.759525,0.072033,1.503198,0.897368
19.300000,2.014171,2.000824,1.989021,2.021312,1.843809,2.017674,2.037826,1.994495,0.719822,1.689346,0.103697,0.935248,0.106054,0.759568,0.072434,1.516174,0.896713
19.316667,2.014753,2.000885,1.989383,2.021509,1.843909,2.017849,2.037287,1.994473,0.731683,1.678772,0.104195,0.935664,0.107354,0.774259,0.073980,1.528073,0.896794
19.333333,2.015191,2.000961,1.989769,2.021778,1.843050,2.018056,2.037041,1.994438,0.743015,1.668936,0.104386,0.940879,0.108227,0.794095,0.075213,1.538233,0.897604
19.350000,2.015432,2.001017,1.989734,2.021990,1.837784,2.018413,2.037206,1.994373,0.753761,1.658066,0.104382,0.949118,0.109014,0.807876,0.076148,1.544261,0.895850
19.366667,2.014093,2.001069,1.989331,2.022007,1.832447,2.018706,2.037452,1.994309,0.764485,1.638860,0.105132,0.925887,0.110148,0.815540,0.076977,1.546507,0.893088
19.383333,2.013169,2.001113,1.988759,2.021663,1.830053,2.019126,2.037140,1.993862,0.775033,1.622097,0.106107,0.903680,0.110919,0.820674,0.077074,1.544373,0.886100
19.400000,2.012904,2.001139,1.988647,2.021454,1.828771,2.019374,2.036721,1.993370,0.781287,1.613643,0.106772,0.889360,0.111434,0.815129,0.077064,1.543026,0.882369
19.416667,2.012889,2.001144,1.987914,2.021350,1.828079,2.019502,2.036172,1.992993,0.784716,1.609180,0.107152,0.879931,0.111722,0.811927,0.077052,1.542491,0.880269
19.433333,2.012958,2.001139,1.986444,2.021291,1.827731,2.019548,2.035456,1.992717,0.786178,1.606231,0.107370,0.873732,0.111882,0.810315,0.077033,1.542288,0.883615
19.450000,2.013010,2.001138,1.985477,2.021235,1.827546,2.019441,2.034964,1.992479,0.785336,1.604650,0.107494,0.870002,0.111964,0.809530,0.076993,1.542121,0.903173
19.466667,2.012550,2.001137,1.985675,2.021465,1.827447,2.019370,2.034646,1.992737,0.784866,1.603734,0.107574,0.868081,0.112003,0.808977,0.076960,1.542222,0.916514
19.483333,2.012083,2.001134,1.986177,2.021723,1.832751,2.019151,2.035069,1.993148,0.780388,1.612374,0.107773,0.866748,0.112566,0.808639,0.077067,1.542460,0.923753
19.500000,2.011888,2.001112,1.986871,2.021930,1.843472,2.018794,2.036391,1.993575,0.772870,1.633743,0.106703,0.877409,0.112362,0.807102,0.077676,1.541277,0.928282
19.516667,2.011739,2.001063,1.987511,2.021891,1.852917,2.018491,2.037846,1.994031,0.766279,1.661061,0.105262,0.892499,0.111186,0.810388,0.077270,1.531401,0.931735
19.533333,2.011477,2.000939,1.989346,2.021728,1.858584,2.018316,2.038788,1.994606,0.749670,1.682554,0.104076,0.903829,0.109526,0.790445,0.075873,1.518223,0.934066
19.550000,2.011524,2.000874,1.990245,2.021609,1.855056,2.018207,2.039131,1.995124,0.730261,1.693775,0.103219,0.912584,0.107747,0.781137,0.074033,1.507670,0.935616
19.566667,2.011613,2.000849,1.990728,2.021556,1.851606,2.018134,2.038735,1.995441,0.715753,1.696179,0.102750,0.917476,0.106688,0.776704,0.072975,1.502465,0.936375
19.583333,2.011670,2.000833,1.990985,2.021533,1.851037,2.018132,2.038213,1.995578,0.702660,1.697259,0.102524,0.920156,0.106076,0.774412,0.072393,1.499857,0.936216
19.600000,2.011689,2.000826,1.990784,2.021644,1.850956,2.018164,2.037667,1.995512,0.692630,1.695332,0.102455,0.921586,0.106021,0.773545,0.072406,1.507340,0.935488
19.616667,2.011706,2.000783,1.990201,2.021835,1.850886,2.018190,2.037060,1.995519,0.685624,1.687895,0.102497,0.922354,0.106258,0.773534,0.072712,1.521662,0.934746
19.633333,2.011638,2.000745,1.989800,2.021994,1.850839,2.018275,2.036380,1.995588,0.687881,1.674679,0.102721,0.922949,0.106954,0.773617,0.073424,1.533771,0.934159
19.650000,2.010958,2.000819,1.989774,2.022120,1.850857,2.018451,2.035825,1.995611,0.698788,1.662590,0.103461,0.918898,0.108548,0.777533,0.074896,1.543991,0.934198
19.666667,2.010125,2.000918,1.989290,2.022233,1.849252,2.018621,2.035553,1.995595,0.709919,1.651474,0.103988,0.900736,0.109583,0.776055,0.075847,1.550583,0.935309
19.683333,2.009986,2.001006,1.988402,2.022300,1.843805,2.018941,2.035817,1.995464,0.720771,1.627557,0.104163,0.887898,0.110538,0.768285,0.076567,1.554500,0.933149
19.700000,2.010077,2.001082,1.987398,2.022160,1.838670,2.019220,2.035742,1.995241,0.731220,1.600153,0.104330,0.878868,0.111471,0.754583,0.077203,1.555507,0.929789
19.716667,2.010269,2.001126,1.986507,2.021605,1.836860,2.019539,2.035428,1.994688,0.741408,1.574959,0.104692,0.870155,0.112437,0.737857,0.077732,1.552238,0.922442
19.733333,2.010409,2.001155,1.986034,2.021296,1.835878,2.019699,2.034925,1.993993,0.747452,1.560482,0.105033,0.865409,0.112905,0.729100,0.077777,1.550499,0.918601
19.750000,2.010493,2.001168,1.985132,2.021145,1.835345,2.019777,2.034344,1.993492,0.750779,1.552744,0.105221,0.862955,0.113148,0.724596,0.077790,1.549828,0.916434
19.766667,2.010534,2.001165,1.983413,2.021063,1.835064,2.019754,2.033657,1.993142,0.751708,1.548104,0.105326,0.861678,0.113272,0.722246,0.077775,1.549595,0.926134
19.783333,2.010548,2.001174,1.982769,2.021068,1.834911,2.019626,2.033205,1.992869,0.750554,1.545617,0.105511,0.860852,0.113458,0.730158,0.077753,1.549478,0.947068
19.800000,2.010415,2.001174,1.983045,2.021317,1.834828,2.019536,2.032846,1.992729,0.749670,1.544165,0.105628,0.860309,0.113544,0.734374,0.077707,1.549718,0.962827
19.816667,2.010100,2.001166,1.983626,2.021570,1.837187,2.019392,2.032766,1.993032,0.747377,1.547346,0.105549,0.854399,0.113418,0.736630,0.077649,1.550002,0.971387
19.833333,2.009772,2.001162,1.984425,2.021772,1.846137,2.019020,2.033685,1.993469,0.740937,1.567222,0.104812,0.849363,0.112276,0.741901,0.077425,1.548968,0.976461
19.850000,2.009546,2.001108,1.984896,2.021745,1.855444,2.018720,2.035007,1.993882,0.734824,1.594632,0.103616,0.853433,0.110671,0.744052,0.076914,1.539528,0.980671
19.866667,2.009520,2.001007,1.986086,2.021630,1.860952,2.018484,2.036513,1.994226,0.731031,1.626235,0.102432,0.865931,0.108984,0.734378,0.075493,1.527355,0.983524
19.883333,2.009519,2.000923,1.987025,2.021512,1.857586,2.018350,2.037708,1.994444,0.725981,1.648336,0.101652,0.874676,0.107564,0.723586,0.073976,1.516130,0.985351
19.900000,2.009414,2.000883,1.987530,2.021464,1.854215,2.018324,2.038165,1.994571,0.719943,1.659757,0.101273,0.879744,0.106722,0.717979,0.073104,1.510732,0.986438
19.916667,2.009360,2.000861,1.987803,2.021443,1.853144,2.018354,2.038194,1.994672,0.712571,1.665553,0.101094,0.882447,0.106223,0.715006,0.072619,1.508035,0.986508
19.933333,2.009328,2.000835,1.987562,2.021645,1.852764,2.018395,2.038075,1.994748,0.705868,1.668452,0.101040,0.883898,0.106400,0.713738,0.072937,1.520393,0.985838
19.950000,2.009322,2.000784,1.986740,2.021787,1.852541,2.018425,2.037862,1.994680,0.700552,1.668126,0.101061,0.884686,0.106692,0.713570,0.073340,1.533473,0.985239
19.966667,2.009199,2.000765,1.986642,2.021903,1.852410,2.018469,2.037294,1.994814,0.699983,1.656881,0.101318,0.881489,0.107525,0.731349,0.074199,1.544729,0.984743
19.983333,2.008096,2.000821,1.986973,2.022030,1.852336,2.018631,2.036765,1.994909,0.710173,1.645591,0.102223,0.866619,0.109356,0.743221,0.076273,1.553273,0.984333
20.000000,2.007291,2.000913,1.987216,2.022134,1.852407,2.018798,2.036376,1.994953,0.721382,1.634969,0.102644,0.848299,0.110230,0.757968,0.077122,1.558590,0.985517
20.016667,2.006830,2.000983,1.987007,2.022271,1.848177,2.019125,2.036341,1.994902,0.731848,1.625077,0.102915,0.828361,0.110761,0.766680,0.077197,1.561948,0.983760
20.033333,2.006573,2.001068,1.985957,2.022179,1.842991,2.019418,2.035976,1.994452,0.741639,1.613820,0.103326,0.812826,0.111352,0.765556,0.077291,1.562689,0.980673
20.050000,2.006641,2.001139,1.984852,2.021590,1.840352,2.019726,2.035665,1.993997,0.751017,1.600628,0.103907,0.798650,0.112032,0.752072,0.077355,1.559092,0.974488
20.066667,2.006762,2.001173,1.984254,2.021259,1.838949,2.019884,2.035420,1.993674,0.756574,1.591780,0.104283,0.790475,0.112429,0.744425,0.077351,1.557113,0.971202
20.083333,2.006854,2.001181,1.983974,2.021080,1.838204,2.019962,2.034943,1.993354,0.759588,1.587298,0.104496,0.786096,0.112646,0.740325,0.077351,1.556258,0.969398
20.100000,2.006894,2.001174,1.982904,2.021024,1.837818,2.019941,2.034475,1.993071,0.760209,1.584716,0.104612,0.783752,0.112754,0.738178,0.077327,1.556045,0.979433
20.116667,2.006908,2.001157,1.983105,2.021107,1.837605,2.019812,2.034103,1.992829,0.758612,1.583288,0.104676,0.782497,0.112800,0.736905,0.077283,1.556216,1.000952
20.133333,2.006519,2.001148,1.983488,2.021351,1.837486,2.019722,2.033867,1.992938,0.757528,1.582493,0.104726,0.781866,0.112827,0.736195,0.077246,1.556519,1.016833
20.150000,2.006068,2.001142,1.984080,2.021620,1.839746,2.019585,2.033850,1.993159,0.755123,1.582242,0.104775,0.781558,0.112852,0.735779,0.077216,1.556864,1.025450
20.166667,2.005642,2.001144,1.984752,2.021871,1.847542,2.019225,2.034245,1.993506,0.749070,1.581812,0.104991,0.777810,0.113250,0.735542,0.077294,1.557183,1.030119
20.183333,2.005139,2.001096,1.985320,2.021876,1.855490,2.018938,2.034943,1.993785,0.743418,1.591515,0.104083,0.783320,0.112528,0.735652,0.077374,1.549106,1.034334
20.200000,2.004001,2.001041,1.985933,2.021770,1.861663,2.018763,2.036002,1.993986,0.732167,1.611337,0.102800,0.797954,0.111500,0.735764,0.077237,1.537779,1.037889
20.216667,2.003529,2.000972,1.986844,2.021625,1.854086,2.018641,2.036615,1.993999,0.722207,1.626050,0.101589,0.813716,0.110466,0.728789,0.076990,1.526423,1.040269
20.233333,2.003327,2.000939,1.987341,2.021550,1.848278,2.018547,2.036809,1.994002,0.713916,1.633979,0.100876,0.822903,0.109748,0.725282,0.076806,1.520816,1.041632
20.250000,2.003219,2.000920,1.987617,2.021515,1.845978,2.018530,2.036680,1.994001,0.704613,1.637986,0.100462,0.827895,0.109299,0.723457,0.076699,1.518002,1.041955
20.266667,2.003159,2.000904,1.987381,2.021484,1.844915,2.018543,2.036512,1.994209,0.697044,1.639936,0.100242,0.830587,0.109149,0.722831,0.076765,1.519196,1.041871
20.283333,2.003187,2.000883,1.986576,2.021642,1.844277,2.018547,2.036336,1.994450,0.692632,1.639023,0.100351,0.824599,0.109437,0.723018,0.077117,1.532795,1.029756
20.300000,2.002726,2.000883,1.986435,2.021766,1.843923,2.018671,2.035788,1.994705,0.699315,1.627185,0.101017,0.819015,0.109862,0.735183,0.077179,1.544053,1.018795
20.316667,2.002018,2.000931,1.986994,2.021825,1.843734,2.018822,2.035299,1.994833,0.709006,1.615579,0.101862,0.811076,0.110435,0.761092,0.077384,1.550836,1.012817
20.333333,2.001036,2.001034,1.986782,2.021786,1.841826,2.018960,2.035218,1.994898,0.718702,1.605003,0.102824,0.790796,0.110684,0.761269,0.077369,1.554393,1.009603
20.350000,2.000987,2.001141,1.986096,2.021782,1.835223,2.019216,2.035198,1.994854,0.728889,1.596604,0.103030,0.773083,0.111024,0.755002,0.077391,1.556881,1.006010
20.366667,2.001392,2.001224,1.985391,2.021550,1.831542,2.019619,2.035072,1.994378,0.740873,1.593235,0.103105,0.760703,0.111599,0.738835,0.077549,1.556499,0.997966
20.383333,2.001669,2.001274,1.984712,2.020966,1.830717,2.020001,2.034849,1.993908,0.751526,1.586964,0.103373,0.752043,0.112388,0.722356,0.077685,1.550619,0.989499
20.400000,2.001966,2.001251,1.984377,2.020655,1.830218,2.020198,2.034523,1.993555,0.757756,1.583563,0.103596,0.748189,0.112834,0.714054,0.077745,1.547419,0.984855
20.416667,2.002189,2.001244,1.984229,2.020483,1.829910,2.020295,2.034029,1.993216,0.761140,1.581719,0.103786,0.746420,0.113115,0.709706,0.077762,1.545773,0.982210
20.433333,2.002298,2.001225,1.982977,2.020391,1.829738,2.020227,2.033586,1.992917,0.761237,1.580619,0.103931,0.745476,0.113293,0.707435,0.077729,1.545152,1.000309
20.450000,2.002500,2.001197,1.983036,2.020490,1.829636,2.020115,2.033218,1.992658,0.760218,1.579936,0.104079,0.742280,0.113417,0.706094,0.077686,1.545013,1.020564
20.466667,2.002210,2.001181,1.983350,2.020741,1.829582,2.020049,2.032981,1.992744,0.759677,1.579523,0.104176,0.740569,0.113490,0.705343,0.077654,1.545216,1.033561
20.483333,2.002359,2.001141,1.984115,2.020983,1.834834,2.019854,2.033139,1.993014,0.754967,1.579731,0.104218,0.736522,0.113558,0.703924,0.077655,1.545466,1.029034
20.500000,2.002319,2.001125,1.984709,2.021210,1.842784,2.019536,2.033260,1.993388,0.748612,1.572726,0.104441,0.729907,0.113972,0.703175,0.077753,1.545725,1.026605
20.516667,2.002039,2.001084,1.985002,2.021210,1.852985,2.019317,2.033768,1.993667,0.736268,1.579705,0.103692,0.734501,0.113463,0.708978,0.077855,1.537640,1.027425
20.533333,2.001101,2.001051,1.984951,2.021134,1.860137,2.019203,2.034563,1.993833,0.714284,1.598635,0.102412,0.746948,0.112409,0.716980,0.077718,1.526918,1.028778
20.550000,2.000793,2.001024,1.984948,2.021065,1.857776,2.019031,2.035054,1.993830,0.699229,1.613830,0.101121,0.761771,0.111299,0.722181,0.077445,1.517233,1.029867
20.566667,2.000668,2.000998,1.985314,2.021042,1.852953,2.018885,2.035206,1.993825,0.687077,1.622275,0.100431,0.770442,0.110623,0.720394,0.077259,1.512788,1.030578
20.583333,2.000600,2.000984,1.985510,2.021032,1.850683,2.018832,2.035063,1.993820,0.675716,1.626673,0.100027,0.775142,0.110191,0.719608,0.077148,1.510626,1.030963
20.600000,2.000640,2.000973,1.985199,2.020954,1.849462,2.018824,2.034853,1.994130,0.666703,1.628800,0.099847,0.772115,0.109978,0.719550,0.077091,1.509323,1.031153
20.616667,2.000733,2.000951,1.984322,2.021057,1.848768,2.018823,2.034503,1.994423,0.660992,1.624164,0.099878,0.765266,0.110243,0.720013,0.077471,1.520125,1.030834
20.633333,2.000252,2.001000,1.983754,2.021145,1.848387,2.018937,2.033926,1.994658,0.666231,1.610749,0.100479,0.762156,0.110832,0.720789,0.077741,1.531158,1.030427
20.650000,1.999762,2.001128,1.984491,2.021169,1.848184,2.019085,2.033448,1.994765,0.675001,1.598392,0.101130,0.760878,0.110990,0.743891,0.077668,1.537732,1.030144
20.666667,1.999177,2.001237,1.984351,2.021170,1.846352,2.019216,2.033348,1.994803,0.683536,1.587179,0.101812,0.755921,0.111103,0.752824,0.077657,1.541510,1.030905
20.683333,1.998803,2.001357,1.983723,2.021191,1.840844,2.019435,2.033317,1.994813,0.692206,1.576615,0.102327,0.739794,0.111341,0.752920,0.077635,1.543813,1.029707
20.700000,1.999356,2.001410,1.983798,2.020819,1.838254,2.019825,2.033365,1.994654,0.703218,1.573514,0.102413,0.726260,0.112091,0.730205,0.077804,1.541963,1.024032
20.716667,1.999621,2.001444,1.983471,2.020235,1.837838,2.020209,2.033287,1.994322,0.713082,1.569462,0.102801,0.716899,0.112989,0.714362,0.077946,1.537488,1.016784
20.733333,1.999856,2.001448,1.983312,2.019946,1.837501,2.020408,2.033043,1.994043,0.718684,1.567281,0.103154,0.712529,0.113549,0.706176,0.077947,1.535464,1.012791
20.750000,2.000039,2.001449,1.983264,2.019804,1.837268,2.020508,2.032612,1.993757,0.721713,1.565986,0.103406,0.710393,0.113865,0.701795,0.077927,1.534634,1.010510
20.766667,2.000216,2.001431,1.982369,2.019793,1.837148,2.020487,2.032231,1.993477,0.721874,1.567541,0.103510,0.710108,0.114040,0.699438,0.077872,1.534926,1.029660
20.783333,2.000595,2.001413,1.982479,2.019929,1.837090,2.020418,2.032270,1.993205,0.720915,1.579369,0.103399,0.712495,0.114124,0.698100,0.077823,1.534945,1.048367
20.800000,2.000550,2.001405,1.982847,2.020157,1.837016,2.020375,2.032201,1.993148,0.720376,1.585823,0.103359,0.713822,0.114180,0.697363,0.077824,1.535193,1.032523
20.816667,2.000811,2.001371,1.983636,2.020381,1.842127,2.020188,2.032588,1.993437,0.715661,1.589881,0.103390,0.708529,0.114271,0.695704,0.077862,1.535476,1.004557
20.833333,2.000797,2.001357,1.984492,2.020578,1.850002,2.019894,2.033085,1.993772,0.709302,1.592505,0.103450,0.703524,0.114341,0.698547,0.077887,1.534781,0.989467
20.850000,2.000369,2.001296,1.985086,2.020575,1.857090,2.019644,2.033497,1.994002,0.703895,1.594361,0.103655,0.700816,0.114726,0.698692,0.077974,1.525846,0.982354
20.866667,1.999350,2.001262,1.985060,2.020546,1.864906,2.019504,2.034197,1.994185,0.686757,1.606929,0.102735,0.699852,0.113574,0.704354,0.077960,1.516575,0.980615
20.883333,1.998957,2.001234,1.985055,2.020529,1.864123,2.019330,2.034661,1.994185,0.672288,1.618648,0.101872,0.710203,0.112602,0.707587,0.077571,1.508439,0.980032
20.900000,1.999009,2.001211,1.985424,2.020532,1.859666,2.019198,2.034723,1.994167,0.660927,1.624320,0.101248,0.719489,0.111746,0.704633,0.077058,1.504602,0.979843
20.916667,1.999221,2.001203,1.985630,2.020536,1.857519,2.019152,2.034541,1.994144,0.650356,1.626939,0.100796,0.726985,0.111053,0.703075,0.076579,1.502663,0.979745
20.933333,1.999468,2.001197,1.985331,2.020468,1.856374,2.019148,2.034305,1.994166,0.641592,1.628159,0.100469,0.732710,0.110525,0.702542,0.076189,1.501463,0.979680
20.950000,1.999644,2.001187,1.984485,2.020560,1.855721,2.019148,2.034127,1.993978,0.635574,1.628774,0.100340,0.736335,0.110546,0.702708,0.076364,1.511608,0.979234
20.966667,1.999306,2.001182,1.983657,2.020635,1.855368,2.019262,2.033657,1.993996,0.639852,1.618543,0.100542,0.740648,0.111196,0.702974,0.077177,1.520661,0.978824
20.983333,1.998908,2.001189,1.983256,2.020726,1.855181,2.019409,2.033163,1.994025,0.647543,1.605732,0.100773,0.745756,0.111628,0.709603,0.077748,1.525650,0.978587
21.000000,1.999141,2.001217,1.983059,2.020791,1.853333,2.019538,2.033050,1.994031,0.655315,1.594336,0.100817,0.736097,0.111989,0.716712,0.077926,1.528376,0.978495
21.016667,1.999422,2.001248,1.982752,2.020841,1.846828,2.019638,2.033047,1.994022,0.662889,1.583749,0.101029,0.719954,0.112629,0.720610,0.078048,1.530059,0.978494
21.033333,1.999702,2.001294,1.982033,2.020487,1.845956,2.020091,2.033097,1.993985,0.674677,1.575822,0.102007,0.701130,0.112940,0.712269,0.076999,1.527562,0.967626
21.050000,1.999755,2.001328,1.981413,2.019943,1.846123,2.020569,2.033071,1.993952,0.687989,1.567542,0.103256,0.690769,0.112761,0.695905,0.075254,1.522995,0.959096
21.066667,1.999910,2.001297,1.981104,2.019656,1.846097,2.020822,2.032849,1.993859,0.695640,1.562965,0.104006,0.685843,0.112650,0.686735,0.074231,1.520631,0.954184
21.083333,2.000037,2.001281,1.980717,2.019517,1.846030,2.020926,2.032428,1.993663,0.699518,1.560637,0.104322,0.683349,0.112488,0.681872,0.073624,1.519622,0.956091
21.100000,2.000089,2.001254,1.979167,2.019498,1.845953,2.020840,2.032044,1.993454,0.699894,1.559343,0.104454,0.681993,0.112362,0.679395,0.073252,1.519907,0.977815
21.116667,2.000336,2.001227,1.979378,2.019632,1.845904,2.020740,2.031977,1.993228,0.699276,1.566610,0.104373,0.683333,0.112271,0.677925,0.073033,1.520592,0.997808
21.133333,2.000070,2.001220,1.980008,2.019870,1.845871,2.020664,2.031924,1.993323,0.698675,1.571109,0.104397,0.684075,0.112324,0.683020,0.072967,1.521226,1.012983
21.150000,2.000505,2.001169,1.981044,2.020110,1.848117,2.020535,2.032137,1.993501,0.696519,1.573852,0.104319,0.684083,0.112353,0.684946,0.072939,1.521734,1.021218
21.166667,2.000704,2.001139,1.982008,2.020324,1.855953,2.020218,2.032748,1.993864,0.690473,1.579652,0.104461,0.678883,0.112601,0.685747,0.072976,1.522123,1.025683
21.183333,2.000696,2.001109,1.982855,2.020404,1.862590,2.019954,2.033452,1.994194,0.685477,1.591791,0.103205,0.676088,0.111713,0.690856,0.073452,1.517425,1.029076
21.200000,2.000422,2.001069,1.983061,2.020331,1.869129,2.019765,2.034405,1.994417,0.680917,1.610371,0.101727,0.674784,0.110390,0.698795,0.073834,1.505855,1.033178
21.216667,2.000154,2.001049,1.982928,2.020269,1.862381,2.019540,2.035153,1.994494,0.673504,1.627181,0.100431,0.688099,0.109576,0.706861,0.074016,1.495773,1.035824
21.233333,2.000027,2.001029,1.983218,2.020250,1.856074,2.019393,2.035279,1.994513,0.664745,1.635418,0.099734,0.695849,0.109083,0.706314,0.074086,1.491105,1.037183
21.250000,1.999954,2.001018,1.983377,2.020244,1.853445,2.019355,2.035141,1.994521,0.655766,1.639491,0.099365,0.700051,0.108814,0.706084,0.074126,1.488858,1.037458
21.266667,1.999917,2.001007,1.983019,2.020180,1.852060,2.019357,2.034927,1.994566,0.647949,1.641481,0.099164,0.702321,0.108671,0.706306,0.074152,1.487508,1.037549
21.283333,1.999793,2.000983,1.982077,2.020297,1.851273,2.019367,2.034663,1.994459,0.641745,1.640579,0.099158,0.703645,0.108868,0.706909,0.074540,1.498751,1.025725
21.300000,1.999189,2.001026,1.981373,2.020370,1.850833,2.019437,2.034100,1.994520,0.642759,1.628278,0.099359,0.704827,0.109933,0.705942,0.075946,1.510073,1.002234
21.316667,1.998613,2.001137,1.981301,2.020395,1.850599,2.019589,2.033602,1.994543,0.651179,1.616075,0.099761,0.704904,0.111521,0.715996,0.078014,1.517198,0.989472
21.333333,1.997863,2.001236,1.981454,2.020444,1.848664,2.019712,2.033374,1.994548,0.659570,1.604872,0.100425,0.703746,0.111940,0.738356,0.078472,1.521097,0.982626
21.350000,1.997599,2.001301,1.981164,2.020576,1.842955,2.019965,2.033353,1.994513,0.667807,1.594451,0.100494,0.710225,0.112038,0.752071,0.078467,1.523798,0.977189
21.366667,1.997313,2.001350,1.980523,2.020495,1.838838,2.020227,2.033369,1.994471,0.675880,1.584584,0.100716,0.713526,0.112450,0.759754,0.078535,1.524330,0.969891
21.383333,1.996752,2.001400,1.979695,2.020071,1.837791,2.020534,2.033317,1.994422,0.684176,1.575169,0.101447,0.708040,0.113116,0.765075,0.078508,1.521196,0.961967
21.400000,1.996488,2.001428,1.979236,2.019847,1.837100,2.020691,2.033040,1.994290,0.689147,1.569974,0.101985,0.705198,0.113586,0.767075,0.078420,1.519572,0.957577
21.416667,1.996370,2.001440,1.978748,2.019747,1.836674,2.020745,2.032611,1.994092,0.691545,1.567156,0.102351,0.703915,0.113925,0.767939,0.078358,1.519017,0.959706
21.433333,1.996334,2.001428,1.976822,2.019686,1.836444,2.020639,2.032289,1.993882,0.691044,1.567637,0.102598,0.702150,0.114162,0.768759,0.078283,1.518828,0.981637
21.450000,1.996889,2.001411,1.976769,2.019758,1.836312,2.020530,2.032440,1.993654,0.690043,1.581890,0.102757,0.695070,0.114345,0.768793,0.078228,1.518732,1.001362
21.466667,1.997143,2.001389,1.977192,2.019957,1.836242,2.020463,2.032472,1.993609,0.689489,1.590767,0.102819,0.691394,0.114451,0.768535,0.078192,1.518834,1.014111
21.483333,1.997357,2.001360,1.978020,2.020175,1.838531,2.020355,2.032746,1.993755,0.687305,1.595871,0.102817,0.689241,0.114513,0.767978,0.078174,1.519051,1.021032
21.500000,1.997283,2.001329,1.978862,2.020381,1.846765,2.020109,2.033293,1.994034,0.681027,1.599220,0.102838,0.685143,0.114554,0.763143,0.078174,1.519283,1.024788
21.516667,1.997233,2.001226,1.980815,2.020348,1.853941,2.019923,2.033947,1.994237,0.675820,1.605612,0.102718,0.681872,0.114385,0.750226,0.078128,1.509937,1.028087
21.533333,1.995957,2.001097,1.983731,2.020218,1.861389,2.019868,2.034874,1.994365,0.657614,1.625124,0.101851,0.680637,0.113155,0.723881,0.077946,1.496906,1.032415
21.550000,1.995114,2.001020,1.984657,2.020145,1.857141,2.019733,2.035521,1.994367,0.643517,1.642590,0.101064,0.680151,0.111869,0.709005,0.077713,1.487224,1.035125
21.566667,1.994810,2.000984,1.985145,2.020115,1.850941,2.019612,2.035687,1.994362,0.632771,1.651079,0.100561,0.683334,0.111039,0.701591,0.077426,1.482386,1.036677
21.583333,1.995018,2.000964,1.985424,2.020102,1.847812,2.019568,2.035547,1.994336,0.622744,1.655076,0.100031,0.691625,0.110295,0.697732,0.076934,1.479849,1.037512
21.600000,1.995264,2.000953,1.985167,2.020098,1.846113,2.019561,2.035326,1.994356,0.614340,1.657026,0.099685,0.697720,0.109837,0.695988,0.076660,1.481291,1.037839
21.616667,1.995471,2.000934,1.984359,2.020279,1.845148,2.019564,2.035058,1.994232,0.607838,1.656154,0.099542,0.701841,0.109870,0.695534,0.076926,1.495155,1.032831
21.633333,1.995330,2.000922,1.983661,2.020404,1.844611,2.019672,2.034471,1.994278,0.611995,1.644206,0.099712,0.706672,0.110391,0.695453,0.077642,1.506516,1.020956
21.650000,1.994851,2.000929,1.983224,2.020524,1.844323,2.019813,2.033970,1.994290,0.619897,1.632431,0.100072,0.710820,0.110668,0.691600,0.077908,1.513735,1.014484
21.666667,1.994953,2.000987,1.982594,2.020592,1.842239,2.019925,2.033860,1.994276,0.627830,1.621755,0.100291,0.705703,0.110898,0.679632,0.077929,1.517620,1.011011
21.683333,1.995107,2.001080,1.981751,2.020656,1.838552,2.020133,2.033824,1.994262,0.635820,1.611665,0.100355,0.694025,0.111335,0.665889,0.078004,1.519845,1.008124
21.700000,1.995310,2.001133,1.981064,2.020466,1.835270,2.020394,2.033839,1.994236,0.644555,1.602101,0.100752,0.680869,0.112197,0.641387,0.077976,1.519925,1.004333
21.716667,1.995216,2.001141,1.980330,2.019967,1.834312,2.020747,2.033767,1.994208,0.655564,1.592593,0.101600,0.672828,0.112477,0.624005,0.077090,1.516665,0.998361
21.733333,1.995109,2.001103,1.979975,2.019698,1.833818,2.020935,2.033510,1.994120,0.661948,1.587328,0.102186,0.669550,0.112710,0.615141,0.076569,1.514880,0.995228
21.750000,1.995095,2.001081,1.979555,2.019554,1.833552,2.021027,2.033047,1.993930,0.665410,1.584448,0.102513,0.667943,0.112835,0.610422,0.076276,1.514054,0.993530
21.766667,1.995173,2.001057,1.977875,2.019474,1.833437,2.021009,2.032637,1.993709,0.665874,1.585085,0.102658,0.667918,0.112918,0.607977,0.076083,1.513927,1.013236
21.783333,1.995505,2.001026,1.977541,2.019494,1.833369,2.020938,2.032661,1.993476,0.664861,1.596101,0.102598,0.670429,0.113001,0.606591,0.075963,1.513838,1.033354
21.800000,1.995399,2.001003,1.977890,2.019691,1.833324,2.020885,2.032587,1.993438,0.664111,1.602157,0.102583,0.671820,0.113050,0.605778,0.075894,1.514039,1.040004
21.816667,1.995778,2.000960,1.978664,2.019898,1.835582,2.020792,2.032794,1.993732,0.661914,1.605704,0.102619,0.665996,0.113136,0.604351,0.075887,1.514304,1.023172
21.833333,1.995829,2.000936,1.979437,2.020102,1.844047,2.020558,2.033311,1.994068,0.655828,1.608228,0.102689,0.660252,0.113218,0.603565,0.075897,1.514779,1.014022
21.850000,1.995488,2.000924,1.980080,2.020092,1.850470,2.020364,2.034151,1.994285,0.651269,1.622068,0.102600,0.657169,0.113371,0.617346,0.076111,1.506369,1.009405
21.866667,1.994239,2.000910,1.980112,2.020029,1.857999,2.020252,2.034874,1.994372,0.646428,1.638361,0.101374,0.656050,0.112296,0.628611,0.076582,1.495279,1.009962
21.883333,1.993699,2.000895,1.979860,2.019975,1.856539,2.020131,2.035327,1.994373,0.637718,1.650894,0.100420,0.663173,0.111462,0.636736,0.076709,1.485419,1.010789
21.900000,1.993702,2.000890,1.979731,2.019964,1.853170,2.020000,2.035403,1.994360,0.629617,1.657005,0.099716,0.672413,0.110777,0.641159,0.076513,1.480874,1.011347
21.916667,1.993883,2.000890,1.979676,2.019963,1.851626,2.019949,2.035221,1.994338,0.620809,1.659873,0.099219,0.679665,0.110179,0.643573,0.076219,1.478627,1.011646
21.933333,1.994120,2.000885,1.979155,2.019957,1.850799,2.019939,2.034980,1.994440,0.613183,1.661208,0.098878,0.685195,0.109792,0.645208,0.076060,1.480076,1.011688
21.950000,1.994354,2.000860,1.978006,2.020116,1.850314,2.019950,2.034802,1.994369,0.609578,1.661856,0.098763,0.689382,0.109960,0.646581,0.076490,1.493443,1.011211
21.966667,1.994199,2.000848,1.976881,2.020213,1.850055,2.020078,2.034326,1.994419,0.616086,1.652347,0.098939,0.694303,0.110565,0.647569,0.077294,1.503906,1.010776
21.983333,1.993938,2.000861,1.976426,2.020370,1.849914,2.020205,2.033904,1.994464,0.623680,1.640629,0.099073,0.695576,0.111117,0.654137,0.077963,1.510020,1.010522
22.000000,1.994300,2.000908,1.976484,2.020501,1.845260,2.020281,2.033852,1.994478,0.631371,1.630108,0.099116,0.684489,0.111409,0.660946,0.078010,1.513411,1.010488
22.016667,1.994696,2.000962,1.976066,2.020617,1.839725,2.020389,2.033818,1.994478,0.638868,1.620183,0.099379,0.667742,0.112125,0.664802,0.078146,1.515412,1.010344
22.033333,1.994997,2.001038,1.974675,2.020483,1.837267,2.020729,2.033795,1.994461,0.650471,1.610723,0.100291,0.652199,0.112435,0.656900,0.077090,1.511946,1.004787
22.050000,1.995018,2.001091,1.973471,2.019916,1.837684,2.021140,2.033765,1.994414,0.664192,1.602278,0.101556,0.643254,0.112239,0.640324,0.075253,1.500876,0.998325
22.066667,1.995035,2.001072,1.972840,2.019612,1.838105,2.021366,2.033544,1.994304,0.672252,1.597753,0.102305,0.639013,0.112091,0.630969,0.074138,1.494744,0.994901
22.083333,1.995095,2.001062,1.972541,2.019452,1.838323,2.021457,2.033077,1.994100,0.676284,1.595136,0.102720,0.636871,0.112006,0.625928,0.073514,1.491555,0.997831
22.100000,1.995203,2.001048,1.971255,2.019409,1.838432,2.021394,2.032730,1.993886,0.676759,1.595984,0.102930,0.636495,0.112010,0.623265,0.073155,1.490272,1.019870
22.116667,1.995517,2.001024,1.971471,2.019500,1.838481,2.021311,2.032865,1.993661,0.676077,1.609651,0.103019,0.638524,0.112200,0.621721,0.072970,1.489772,1.039526
22.133333,1.995601,2.001010,1.972355,2.019671,1.838489,2.021242,2.033282,1.993638,0.675324,1.630649,0.102304,0.639557,0.111795,0.628283,0.073223,1.489548,1.046015
22.150000,1.996381,2.000971,1.973486,2.019901,1.840667,2.021139,2.033926,1.993933,0.673029,1.646719,0.101227,0.633278,0.111177,0.632424,0.073710,1.489697,1.016012
22.166667,1.996724,2.000942,1.974506,2.020136,1.848866,2.020840,2.034692,1.994268,0.666773,1.655804,0.100621,0.627371,0.110841,0.633783,0.074030,1.490445,0.999707
22.183333,1.996710,2.000921,1.975142,2.020314,1.855072,2.020581,2.035338,1.994560,0.662264,1.660963,0.100257,0.624217,0.110631,0.638066,0.074234,1.489922,0.990812
22.200000,1.996679,2.000885,1.975767,2.020200,1.861246,2.020440,2.035747,1.994745,0.654111,1.661500,0.099885,0.622544,0.110302,0.649515,0.074389,1.477582,0.988247
22.216667,1.996887,2.000841,1.976576,2.020065,1.855868,2.020242,2.036143,1.994802,0.634535,1.669590,0.098857,0.628753,0.109491,0.651210,0.074555,1.465884,0.988000
22.233333,1.996940,2.000820,1.977024,2.019995,1.852137,2.020048,2.036176,1.994828,0.619305,1.674058,0.098295,0.634808,0.109371,0.652165,0.075001,1.460169,0.993470
22.250000,1.996946,2.000809,1.977278,2.019960,1.850418,2.019965,2.035967,1.994840,0.606805,1.676145,0.098107,0.638119,0.110038,0.652695,0.076048,1.457110,1.008401
22.266667,1.996957,2.000794,1.977242,2.019975,1.849508,2.019942,2.035678,1.994797,0.596205,1.677060,0.098065,0.639912,0.110708,0.653117,0.076969,1.458525,1.019825
22.283333,1.996988,2.000770,1.976442,2.020149,1.848986,2.019941,2.034540,1.994590,0.587600,1.669217,0.098224,0.640927,0.111318,0.653841,0.077734,1.472767,1.026530
22.300000,1.996675,2.000759,1.975676,2.020284,1.848699,2.020043,2.033396,1.994480,0.590452,1.655173,0.098796,0.641903,0.112136,0.654404,0.078466,1.484842,1.028048
22.316667,1.996083,2.000757,1.975017,2.020379,1.848544,2.020181,2.032812,1.994394,0.597757,1.643097,0.099473,0.642985,0.112333,0.654818,0.078478,1.492524,1.026003
22.333333,1.995337,2.000768,1.975281,2.020490,1.843833,2.020254,2.032607,1.994331,0.605130,1.632314,0.100174,0.643537,0.112486,0.667707,0.078479,1.496863,1.025506
22.350000,1.994751,2.000780,1.975069,2.020588,1.839126,2.020375,2.032484,1.994269,0.612607,1.622228,0.100682,0.645620,0.112682,0.677567,0.078490,1.499467,1.024908
22.366667,1.994549,2.000797,1.974393,2.020517,1.837069,2.020638,2.032426,1.994208,0.620121,1.612741,0.101195,0.644420,0.113363,0.683184,0.078620,1.500462,1.017957
22.383333,1.994387,2.000836,1.973440,2.020053,1.837124,2.020977,2.032388,1.994064,0.630008,1.604724,0.102148,0.638584,0.113874,0.678637,0.078114,1.497351,1.011227
22.400000,1.994340,2.000859,1.972948,2.019775,1.837122,2.021160,2.032372,1.993922,0.635774,1.600549,0.102793,0.635900,0.114293,0.671696,0.077797,1.495542,1.007540
22.416667,1.994345,2.000867,1.972929,2.019622,1.837091,2.021248,2.031946,1.993684,0.638899,1.597929,0.103235,0.634632,0.114627,0.666219,0.077625,1.494675,1.005435
22.433333,1.994422,2.000864,1.971493,2.019532,1.837100,2.021246,2.031490,1.993390,0.639487,1.598533,0.103484,0.634617,0.114873,0.661831,0.077508,1.494393,1.022821
22.450000,1.994297,2.000848,1.971463,2.019594,1.837102,2.021198,2.031352,1.993312,0.638970,1.604311,0.103547,0.635591,0.115008,0.659397,0.077425,1.494292,1.040066
22.466667,1.994543,2.000809,1.972004,2.019781,1.837064,2.021165,2.031511,1.993445,0.638670,1.608016,0.103542,0.635885,0.115086,0.657586,0.077404,1.494424,1.025277
22.483333,1.994989,2.000765,1.972897,2.019991,1.839320,2.021067,2.031960,1.993855,0.636701,1.610443,0.103651,0.627314,0.115220,0.656163,0.077426,1.494682,0.999094
22.500000,1.995048,2.000735,1.973789,2.020203,1.847716,2.020795,2.032566,1.994204,0.630558,1.618010,0.103521,0.622560,0.115240,0.655370,0.077609,1.495248,0.984884
22.516667,1.995081,2.000690,1.974645,2.020216,1.855061,2.020575,2.033310,1.994456,0.625307,1.632247,0.102200,0.620067,0.114251,0.655827,0.078138,1.486979,0.978238
22.533333,1.993863,2.000675,1.974686,2.020160,1.862566,2.020440,2.034097,1.994580,0.617423,1.648947,0.101034,0.619158,0.113080,0.663906,0.078433,1.476193,0.976817
22.550000,1.993362,2.000665,1.974293,2.020122,1.857576,2.020371,2.034621,1.994587,0.611805,1.665374,0.099839,0.632353,0.112002,0.671178,0.078208,1.467458,0.976376
22.566667,1.993103,2.000654,1.974387,2.020112,1.851480,2.020275,2.034775,1.994588,0.604883,1.673794,0.099191,0.640063,0.111357,0.672254,0.078053,1.463269,0.976243
22.583333,1.992958,2.000649,1.974465,2.020106,1.848476,2.020251,2.034620,1.994587,0.596089,1.677930,0.099085,0.644269,0.111615,0.672886,0.078493,1.461042,0.994789
22.600000,1.992886,2.000635,1.974322,2.020081,1.846896,2.020261,2.034362,1.994536,0.587304,1.679938,0.099105,0.646572,0.111620,0.673385,0.078519,1.459749,1.008943
22.616667,1.992863,2.000609,1.973215,2.020239,1.846007,2.020274,2.033669,1.994331,0.580785,1.674020,0.099348,0.647849,0.111813,0.674318,0.078596,1.471817,1.017048
22.633333,1.992464,2.000649,1.972209,2.020347,1.845519,2.020383,2.032847,1.994354,0.585497,1.661073,0.100042,0.646274,0.112159,0.656931,0.078643,1.483886,1.021157
22.650000,1.991675,2.000727,1.972000,2.020351,1.845258,2.020527,2.032542,1.994341,0.594100,1.649795,0.100773,0.645949,0.112298,0.654221,0.078525,1.492681,1.023225
22.666667,1.990716,2.000805,1.972452,2.020450,1.843236,2.020640,2.032411,1.994321,0.602244,1.639403,0.101451,0.645753,0.112650,0.670398,0.078739,1.498221,1.025667
22.683333,1.989936,2.000855,1.972297,2.020600,1.840408,2.020883,2.032336,1.994279,0.610354,1.629580,0.102050,0.645872,0.112813,0.681933,0.078729,1.501688,1.024556
22.700000,1.989524,2.000890,1.971626,2.020590,1.837860,2.021107,2.032316,1.994229,0.618409,1.620295,0.102501,0.647037,0.113240,0.688481,0.078787,1.502644,1.022051
22.716667,1.988324,2.000951,1.970681,2.020198,1.837218,2.021383,2.032301,1.994159,0.626570,1.612265,0.103417,0.643577,0.114058,0.692893,0.078871,1.499672,1.016976
22.733333,1.987711,2.000979,1.970562,2.019970,1.836875,2.021530,2.032298,1.994114,0.631454,1.608066,0.104040,0.641841,0.114660,0.689785,0.078888,1.498009,1.014338
22.750000,1.987414,2.000986,1.970981,2.019851,1.836687,2.021599,2.031891,1.993923,0.634096,1.605503,0.104467,0.641148,0.115080,0.684150,0.078883,1.497359,1.012914
22.766667,1.987350,2.000984,1.970041,2.019826,1.836588,2.021543,2.031529,1.993676,0.633907,1.606388,0.104690,0.641677,0.115351,0.680591,0.078838,1.497415,1.032095
22.783333,1.987667,2.000967,1.970509,2.019929,1.836522,2.021454,2.031733,1.993421,0.632626,1.623291,0.104798,0.643380,0.115762,0.678564,0.078851,1.497631,1.052058
22.800000,1.988008,2.000935,1.971589,2.020056,1.836456,2.021384,2.031988,1.993493,0.631676,1.635846,0.104187,0.643096,0.115175,0.676967,0.078740,1.497600,1.042201
22.816667,1.988233,2.000905,1.972490,2.020286,1.838684,2.021265,2.032562,1.993913,0.629415,1.643028,0.103984,0.633391,0.114907,0.675935,0.078693,1.497804,1.027121
22.833333,1.988117,2.000873,1.973335,2.020510,1.847117,2.020974,2.033118,1.994252,0.623250,1.647296,0.103870,0.627662,0.114746,0.670700,0.078677,1.498275,1.018923
22.850000,1.988017,2.000819,1.974381,2.020515,1.853510,2.020722,2.033610,1.994462,0.618738,1.650273,0.103659,0.624600,0.114439,0.670658,0.078617,1.489824,1.014782
22.866667,1.986223,2.000801,1.974454,2.020449,1.861270,2.020588,2.034268,1.994585,0.609334,1.663469,0.102776,0.627027,0.113309,0.678511,0.078432,1.479048,1.015410
22.883333,1.985157,2.000773,1.974444,2.020381,1.856448,2.020433,2.034749,1.994583,0.590563,1.676765,0.101825,0.637579,0.112346,0.680298,0.078202,1.470622,1.016285
22.900000,1.984590,2.000754,1.974618,2.020340,1.852128,2.020240,2.034867,1.994582,0.577718,1.683391,0.101309,0.643877,0.111763,0.679932,0.078042,1.466516,1.016867
22.916667,1.984272,2.000744,1.974745,2.020320,1.850141,2.020157,2.034687,1.994582,0.565964,1.686487,0.101034,0.647307,0.111452,0.679813,0.077974,1.464416,1.017186
22.933333,1.984107,2.000725,1.974807,2.020306,1.849119,2.020137,2.034413,1.994582,0.555665,1.687932,0.100932,0.649163,0.111626,0.679746,0.078317,1.463227,1.022516
22.950000,1.984101,2.000695,1.974480,2.020485,1.848542,2.020147,2.034001,1.994429,0.549953,1.683471,0.101340,0.650425,0.111797,0.680021,0.078490,1.475818,1.026772
22.966667,1.984155,2.000675,1.973740,2.020655,1.848226,2.020272,2.033182,1.994330,0.556121,1.670998,0.102016,0.651388,0.111968,0.680514,0.078499,1.488405,1.028814
22.983333,1.983199,2.000705,1.972712,2.020754,1.848049,2.020400,2.032887,1.994248,0.563949,1.660103,0.102730,0.652575,0.112161,0.669785,0.078508,1.498548,1.029734
23.000000,1.982190,2.000753,1.971671,2.020904,1.843345,2.020476,2.032756,1.994169,0.571733,1.649977,0.103335,0.653584,0.112342,0.654840,0.078504,1.505169,1.031854
23.016667,1.982280,2.000855,1.970518,2.020949,1.837768,2.020588,2.032696,1.994122,0.579765,1.640365,0.103835,0.642029,0.112664,0.639822,0.078517,1.508836,1.031759
23.033333,1.982734,2.000971,1.969299,2.020937,1.834820,2.020818,2.032680,1.994090,0.587940,1.631214,0.104060,0.628679,0.113362,0.624102,0.078639,1.511544,1.027081
23.050000,1.982916,2.001033,1.968489,2.020482,1.834032,2.021085,2.032625,1.994025,0.596056,1.621882,0.104700,0.615808,0.114361,0.604985,0.078773,1.510022,1.021235
23.066667,1.983139,2.001067,1.968054,2.020210,1.833651,2.021228,2.032573,1.993991,0.600907,1.616774,0.105071,0.609876,0.114938,0.594814,0.078824,1.508887,1.018200
23.083333,1.983323,2.001075,1.967852,2.020056,1.833440,2.021298,2.032292,1.993888,0.603530,1.613545,0.105349,0.606900,0.115328,0.589431,0.078828,1.508307,1.016564
23.100000,1.983644,2.001070,1.966818,2.019967,1.833344,2.021263,2.031989,1.993609,0.603291,1.617956,0.105401,0.607032,0.115561,0.586639,0.078783,1.508484,1.037812
23.116667,1.984158,2.001034,1.967187,2.020048,1.833284,2.021181,2.032075,1.993351,0.601665,1.632181,0.105220,0.614979,0.115875,0.584713,0.078792,1.508795,1.059708
23.133333,1.984159,2.000998,1.968207,2.020215,1.833173,2.021099,2.032318,1.993427,0.600155,1.644827,0.104615,0.630577,0.115844,0.584220,0.078810,1.509123,1.046693
23.150000,1.986216,2.000903,1.969102,2.020482,1.833141,2.021034,2.032896,1.993610,0.599304,1.652053,0.103954,0.626973,0.115365,0.574337,0.078733,1.510057,1.029984
23.166667,1.987994,2.000818,1.969992,2.020730,1.841297,2.020727,2.033462,1.993838,0.593879,1.656364,0.103476,0.623739,0.115073,0.562962,0.078696,1.510904,1.020986
23.183333,1.988956,2.000764,1.970158,2.020965,1.847557,2.020463,2.033965,1.994122,0.589984,1.659241,0.103072,0.620576,0.114732,0.555466,0.078644,1.511984,1.015975
23.200000,1.989375,2.000704,1.971201,2.020898,1.852061,2.020269,2.034683,1.994438,0.587206,1.671494,0.101921,0.622732,0.113570,0.553321,0.078456,1.502909,1.014279
23.216667,1.989923,2.000659,1.972088,2.020765,1.850725,2.020077,2.035560,1.994645,0.583080,1.686336,0.100682,0.634042,0.112531,0.551540,0.078235,1.491872,1.014710
23.233333,1.990165,2.000635,1.972547,2.020707,1.848836,2.019941,2.035838,1.994769,0.578520,1.693705,0.100052,0.639826,0.111900,0.550818,0.078067,1.486592,1.015057
23.250000,1.990239,2.000622,1.972787,2.020678,1.848310,2.019894,2.035729,1.994839,0.571004,1.697232,0.099713,0.642804,0.111532,0.550477,0.077983,1.483885,1.015248
23.266667,1.990289,2.000606,1.972722,2.020635,1.848086,2.019892,2.035496,1.994826,0.563175,1.698915,0.099536,0.644445,0.111739,0.550432,0.078463,1.482287,1.022581
23.283333,1.989837,2.000590,1.971736,2.020778,1.847951,2.019903,2.034629,1.994703,0.556418,1.690161,0.099792,0.645637,0.111894,0.550876,0.078539,1.494212,1.028720
23.300000,1.988990,2.000597,1.971115,2.020925,1.847872,2.020007,2.033686,1.994650,0.560284,1.677399,0.100481,0.646877,0.112094,0.560479,0.078544,1.506256,1.031798
23.316667,1.987879,2.000675,1.971710,2.021036,1.847827,2.020140,2.033206,1.994625,0.568185,1.666225,0.101329,0.645561,0.112193,0.596829,0.078595,1.514587,1.033357
23.333333,1.987184,2.000750,1.971763,2.021062,1.845791,2.020243,2.033044,1.994579,0.576077,1.656103,0.101466,0.650562,0.112119,0.624578,0.078570,1.519034,1.034218
23.350000,1.986575,2.000797,1.971259,2.021095,1.839991,2.020349,2.032959,1.994522,0.583832,1.646573,0.101679,0.654088,0.112126,0.640144,0.078546,1.521538,1.034410
23.366667,1.986429,2.000830,1.970377,2.021001,1.838192,2.020611,2.032927,1.994469,0.591579,1.637571,0.102061,0.651699,0.112566,0.648900,0.078617,1.522556,1.028249
23.383333,1.986375,2.000876,1.969385,2.020544,1.837819,2.020911,2.032905,1.994377,0.599408,1.629749,0.102682,0.646482,0.113393,0.647534,0.078707,1.519641,1.021453
23.400000,1.986398,2.000892,1.969278,2.020265,1.837606,2.021068,2.032964,1.994290,0.604145,1.624508,0.103140,0.644056,0.113937,0.640092,0.078685,1.517884,1.017731
23.416667,1.986459,2.000894,1.969565,2.020105,1.837486,2.021167,2.032539,1.994084,0.607004,1.621340,0.103420,0.642928,0.114241,0.633537,0.078658,1.517008,1.015624
23.433333,1.986483,2.000883,1.968601,2.020048,1.837460,2.021173,2.032035,1.993850,0.607304,1.619384,0.103602,0.642326,0.114419,0.629573,0.078603,1.516802,1.032360
23.450000,1.986484,2.000857,1.969126,2.020131,1.837445,2.021128,2.031821,1.993633,0.606356,1.625311,0.103896,0.641927,0.114831,0.627291,0.078616,1.516784,1.049648
23.466667,1.986230,2.000834,1.970002,2.020280,1.837376,2.021081,2.032110,1.993829,0.605423,1.640671,0.103561,0.641531,0.114663,0.625737,0.078820,1.516739,1.033328
23.483333,1.986369,2.000801,1.970976,2.020485,1.839666,2.020974,2.032844,1.994356,0.603125,1.653472,0.103358,0.631954,0.114265,0.624466,0.078771,1.516955,1.003323
23.500000,1.986129,2.000778,1.972096,2.020676,1.847983,2.020714,2.033497,1.994757,0.597328,1.660679,0.103250,0.626550,0.114012,0.627188,0.078740,1.516456,0.987153
23.516667,1.985768,2.000744,1.973376,2.020637,1.854075,2.020488,2.033550,1.995053,0.593331,1.653074,0.103190,0.623646,0.113832,0.634207,0.078707,1.506740,0.978843
23.533333,1.985076,2.000722,1.973467,2.020582,1.860279,2.020342,2.033781,1.995237,0.589627,1.650840,0.102832,0.622213,0.113217,0.641309,0.078589,1.496655,0.976346
23.550000,1.984119,2.000711,1.973189,2.020504,1.846644,2.020231,2.034204,1.995334,0.587548,1.660495,0.101784,0.631924,0.112288,0.649166,0.078460,1.487096,0.975505
23.566667,1.983635,2.000704,1.973201,2.020476,1.837638,2.020097,2.034217,1.995377,0.582692,1.666470,0.101293,0.638748,0.111806,0.651471,0.078388,1.482616,0.983227
23.583333,1.983383,2.000700,1.973280,2.020462,1.832860,2.020046,2.034019,1.995400,0.575544,1.669573,0.101334,0.642643,0.111807,0.652006,0.078388,1.480268,1.004669
23.600000,1.983248,2.000695,1.973134,2.020497,1.830263,2.020039,2.033746,1.995366,0.567793,1.671024,0.101466,0.644751,0.111904,0.652431,0.078424,1.482132,1.019680
23.616667,1.983416,2.000678,1.972215,2.020694,1.828823,2.020057,2.033317,1.995116,0.562558,1.669785,0.101876,0.644474,0.112255,0.651665,0.078527,1.496262,1.028505
23.633333,1.984146,2.000723,1.970412,2.020778,1.828039,2.020181,2.032433,1.995071,0.568294,1.657326,0.102566,0.642235,0.112897,0.655825,0.078655,1.507902,1.030863
23.650000,1.984004,2.000787,1.968687,2.020807,1.827607,2.020305,2.031977,1.995033,0.575814,1.645568,0.103282,0.641625,0.113161,0.653825,0.078673,1.516534,1.028769
23.666667,1.983201,2.000840,1.967465,2.020859,1.825198,2.020404,2.031871,1.994983,0.583358,1.634998,0.103917,0.641776,0.113377,0.650649,0.078676,1.521339,1.028277
23.683333,1.982293,2.000928,1.966112,2.020959,1.821606,2.020663,2.031817,1.994949,0.590933,1.625056,0.104885,0.633067,0.113642,0.642858,0.078669,1.524468,1.026289
23.700000,1.982449,2.001020,1.965154,2.020860,1.818068,2.020901,2.031798,1.994909,0.598831,1.615673,0.105123,0.625536,0.114040,0.628978,0.078692,1.525110,1.023038
23.716667,1.983011,2.001069,1.964692,2.020353,1.817083,2.021204,2.031765,1.994858,0.607951,1.605487,0.105167,0.622939,0.114792,0.612563,0.078602,1.521647,1.017397
23.733333,1.983393,2.001092,1.964423,2.020070,1.816535,2.021373,2.031755,1.994825,0.613737,1.599995,0.105130,0.622246,0.115096,0.602617,0.078381,1.519768,1.014452
23.750000,1.983642,2.001108,1.964324,2.019928,1.816226,2.021455,2.031357,1.994656,0.616855,1.597088,0.105056,0.622168,0.115206,0.597084,0.078241,1.519018,1.012866
23.766667,1.983865,2.001109,1.964408,2.019935,1.816095,2.021427,2.030948,1.994423,0.616799,1.597638,0.104961,0.622873,0.115248,0.594099,0.078128,1.519273,1.034569
23.783333,1.984340,2.001086,1.965416,2.020038,1.816017,2.021348,2.030954,1.994187,0.615285,1.608385,0.104637,0.627591,0.115220,0.592732,0.078049,1.519589,1.056884
23.800000,1.985025,2.001050,1.966802,2.020204,1.815891,2.021255,2.031541,1.994272,0.613344,1.627943,0.103878,0.628360,0.115013,0.595466,0.078379,1.519817,1.046255
23.816667,1.986876,2.000977,1.968245,2.020472,1.818441,2.021138,2.032358,1.994486,0.610428,1.643464,0.102909,0.622716,0.114560,0.595171,0.078677,1.520745,1.031948
23.833333,1.987831,2.000918,1.969504,2.020717,1.827092,2.020899,2.033027,1.994866,0.604861,1.651997,0.102631,0.615423,0.114332,0.593205,0.078651,1.521557,1.024265
23.850000,1.987897,2.000886,1.969740,2.020894,1.833174,2.020705,2.033611,1.995202,0.601283,1.656833,0.102542,0.612266,0.114233,0.595585,0.078631,1.520883,1.020132
23.866667,1.987621,2.000849,1.970406,2.020784,1.836805,2.020554,2.033970,1.995498,0.599209,1.658812,0.102324,0.610666,0.114007,0.604852,0.078593,1.509127,1.018364
23.883333,1.987780,2.000799,1.971397,2.020657,1.837050,2.020414,2.034624,1.995721,0.597036,1.668820,0.101354,0.619234,0.113106,0.604929,0.078338,1.497657,1.017687
23.900000,1.988071,2.000777,1.971917,2.020604,1.836368,2.020255,2.034898,1.995822,0.592239,1.674013,0.100675,0.626893,0.112293,0.605089,0.077889,1.491999,1.017381
23.916667,1.988363,2.000769,1.972183,2.020582,1.837215,2.020221,2.034728,1.995866,0.583024,1.676312,0.100197,0.633144,0.111621,0.605215,0.077451,1.489128,1.016671
23.933333,1.988652,2.000765,1.971978,2.020575,1.837985,2.020236,2.034473,1.995651,0.574220,1.677382,0.099881,0.638041,0.111182,0.605522,0.077202,1.490383,1.015901
23.950000,1.988889,2.000741,1.971434,2.020780,1.838366,2.020253,2.034046,1.995456,0.567010,1.672563,0.099744,0.641463,0.111195,0.605947,0.077459,1.504312,1.015035
23.966667,1.988312,2.000735,1.970576,2.020922,1.838568,2.020357,2.033444,1.995414,0.570092,1.660021,0.099942,0.645838,0.111733,0.606404,0.078191,1.515776,1.014386
23.983333,1.987626,2.000740,1.970436,2.021053,1.838677,2.020484,2.033023,1.995369,0.576909,1.648610,0.100283,0.649369,0.112029,0.612783,0.078471,1.523114,1.013977
24.000000,1.987371,2.000756,1.970532,2.021148,1.836569,2.020581,2.032964,1.995317,0.583899,1.638237,0.100597,0.648275,0.112184,0.618459,0.078472,1.527129,1.013792
24.016667,1.987702,2.000875,1.969891,2.021096,1.829411,2.020671,2.032933,1.995285,0.591089,1.628370,0.100705,0.638302,0.112611,0.608243,0.078549,1.529174,1.012589
24.033333,1.987998,2.000966,1.969059,2.021025,1.826542,2.020938,2.032934,1.995254,0.600734,1.618945,0.101369,0.624675,0.113279,0.593830,0.078090,1.531299,1.007579
24.050000,1.987952,2.001011,1.968138,2.020524,1.825782,2.021317,2.032917,1.995209,0.613347,1.609834,0.102562,0.615267,0.113323,0.577005,0.076599,1.515639,1.001401
24.066667,1.988007,2.001037,1.967647,2.020234,1.825429,2.021524,2.032696,1.995088,0.620762,1.604746,0.103257,0.611256,0.113339,0.568194,0.075694,1.506839,0.998257
24.083333,1.988117,2.001054,1.967420,2.020067,1.825236,2.021603,2.032225,1.994886,0.624422,1.601910,0.103636,0.609342,0.113343,0.563665,0.075187,1.502142,1.001874
24.100000,1.988249,2.001064,1.965872,2.019984,1.825112,2.021510,2.031918,1.994690,0.624327,1.602683,0.103945,0.608985,0.113512,0.567104,0.074882,1.500094,1.026651
24.116667,1.988648,2.001060,1.966325,2.020059,1.825032,2.021403,2.032169,1.994482,0.623142,1.619704,0.104165,0.613166,0.113937,0.577793,0.074729,1.499208,1.049407
24.133333,1.989067,2.001039,1.967281,2.020223,1.824965,2.021308,2.032636,1.994335,0.621475,1.643704,0.102566,0.621426,0.112818,0.584769,0.075089,1.498837,1.055075
24.150000,1.990058,2.000989,1.968345,2.020448,1.824903,2.021237,2.033690,1.994363,0.620139,1.669575,0.100758,0.625538,0.111600,0.584692,0.075736,1.498867,1.041276
24.166667,1.990790,2.000945,1.969426,2.020656,1.833191,2.020951,2.034600,1.994583,0.614585,1.684481,0.099678,0.624988,0.110919,0.583242,0.076202,1.498998,1.033858
24.183333,1.990859,2.000914,1.970575,2.020752,1.839461,2.020719,2.035338,1.994840,0.610811,1.692661,0.099341,0.626456,0.110766,0.590718,0.076508,1.494857,1.029847
24.200000,1.990871,2.000893,1.970627,2.020670,1.843668,2.020560,2.035857,1.994997,0.608531,1.695168,0.099139,0.627573,0.110672,0.606237,0.076710,1.483330,1.028576
24.216667,1.991174,2.000841,1.971271,2.020548,1.841201,2.020369,2.035861,1.995060,0.604976,1.689127,0.098842,0.631187,0.110276,0.609204,0.076581,1.472063,1.029040
24.233333,1.991386,2.000815,1.971613,2.020488,1.839542,2.020168,2.035704,1.995060,0.600069,1.686209,0.098611,0.634311,0.109878,0.610887,0.076371,1.466615,1.029378
24.250000,1.991468,2.000802,1.971809,2.020459,1.839343,2.020086,2.035342,1.995057,0.591828,1.684219,0.098494,0.635947,0.109655,0.611818,0.076270,1.463822,1.029560
24.266667,1.991529,2.000781,1.971942,2.020414,1.839327,2.020064,2.034976,1.995054,0.583626,1.682936,0.098432,0.636851,0.109948,0.612369,0.076783,1.462168,1.038621
24.283333,1.991586,2.000749,1.971566,2.020587,1.839280,2.020060,2.034324,1.994790,0.575987,1.681732,0.098568,0.637365,0.110498,0.612957,0.077491,1.474773,1.040031
24.300000,1.991467,2.000730,1.970831,2.020749,1.839227,2.020152,2.033324,1.994585,0.578639,1.671149,0.098958,0.637757,0.111759,0.613537,0.078787,1.487341,1.031254
24.316667,1.990701,2.000727,1.970234,2.020931,1.839193,2.020274,2.032621,1.994482,0.585766,1.658759,0.099664,0.638764,0.111926,0.613906,0.078795,1.496798,1.025422
24.333333,1.990031,2.000741,1.970330,2.021116,1.834205,2.020340,2.032417,1.994391,0.593051,1.647970,0.100234,0.639576,0.112085,0.608146,0.078792,1.502028,1.022380
24.350000,1.989437,2.000791,1.969878,2.021124,1.827050,2.020448,2.032325,1.994313,0.600424,1.637985,0.100719,0.640257,0.112257,0.597353,0.078793,1.504794,1.018337
24.366667,1.989275,2.000847,1.969198,2.021005,1.822514,2.020695,2.032297,1.994251,0.607894,1.628622,0.101477,0.631168,0.112864,0.583108,0.078880,1.507518,1.008682
24.383333,1.989195,2.000878,1.968526,2.020510,1.820868,2.020985,2.032245,1.994143,0.616422,1.620210,0.102250,0.626058,0.113776,0.566621,0.078918,1.505451,1.000513
24.400000,1.989197,2.000895,1.968170,2.020241,1.819970,2.021147,2.032210,1.994061,0.621800,1.616238,0.102809,0.623570,0.114390,0.557994,0.078879,1.504323,0.996089
24.416667,1.989218,2.000906,1.967671,2.020103,1.819453,2.021227,2.031965,1.993939,0.624705,1.614229,0.103190,0.622343,0.114813,0.553550,0.078853,1.503911,0.993594
24.433333,1.989314,2.000912,1.965736,2.020026,1.819233,2.021199,2.031525,1.993657,0.624490,1.615050,0.103433,0.622349,0.115131,0.555933,0.078827,1.504238,1.015107
24.450000,1.989377,2.000888,1.966191,2.020095,1.819114,2.021123,2.031586,1.993585,0.622871,1.627402,0.103457,0.630236,0.115575,0.563222,0.078877,1.504615,1.037348
24.466667,1.990763,2.000814,1.967307,2.020260,1.819043,2.021050,2.032135,1.993784,0.621057,1.643236,0.102335,0.629893,0.114754,0.566008,0.078914,1.504868,1.055777
24.483333,1.992888,2.000717,1.968369,2.020486,1.818988,2.021006,2.032811,1.993993,0.620000,1.652043,0.101599,0.624926,0.114155,0.559199,0.078789,1.505227,1.046335
24.500000,1.994109,2.000643,1.969397,2.020706,1.827389,2.020810,2.033435,1.994218,0.614656,1.657174,0.101128,0.622108,0.113786,0.552584,0.078719,1.505767,1.040430
24.516667,1.994693,2.000591,1.970391,2.020890,1.833344,2.020661,2.033588,1.994474,0.611188,1.652064,0.100723,0.620581,0.113388,0.551850,0.078646,1.505299,1.037150
24.533333,1.994989,2.000528,1.972093,2.020756,1.837479,2.020536,2.034215,1.994706,0.608776,1.662216,0.099624,0.623812,0.112232,0.555036,0.078440,1.492811,1.035845
24.550000,1.995471,2.000489,1.972820,2.020653,1.840034,2.020440,2.034965,1.994865,0.608185,1.675129,0.098462,0.635919,0.111204,0.554911,0.078205,1.482670,1.035263
24.566667,1.995673,2.000469,1.973193,2.020612,1.838396,2.020396,2.035207,1.994965,0.606080,1.681798,0.097905,0.641519,0.110583,0.554916,0.078035,1.477727,1.034136
24.583333,1.995739,2.000458,1.973409,2.020593,1.838512,2.020413,2.035099,1.995023,0.599665,1.685113,0.097633,0.644084,0.110243,0.554950,0.077953,1.475205,1.033062
24.600000,1.995781,2.000456,1.972942,2.020519,1.838782,2.020450,2.034877,1.995090,0.592700,1.686669,0.097671,0.645562,0.110595,0.555327,0.078389,1.473584,1.048134
24.616667,1.995685,2.000430,1.972172,2.020666,1.838858,2.020490,2.034486,1.995125,0.589011,1.682172,0.098007,0.646491,0.110854,0.555816,0.078497,1.485604,1.037548
24.633333,1.995022,2.000426,1.971372,2.020824,1.838879,2.020622,2.033905,1.995193,0.596057,1.670310,0.098771,0.647695,0.111163,0.556239,0.078558,1.498166,1.024787
24.650000,1.994244,2.000459,1.972334,2.021027,1.838880,2.020745,2.033503,1.995222,0.604567,1.659376,0.099575,0.647339,0.111064,0.590008,0.078366,1.507951,1.017779
24.666667,1.993612,2.000486,1.973499,2.021176,1.833866,2.020799,2.033456,1.995213,0.612738,1.649350,0.099918,0.649925,0.111259,0.618133,0.078583,1.513607,1.014085
24.683333,1.993212,2.000506,1.973656,2.021323,1.827211,2.020938,2.033420,1.995179,0.620908,1.639744,0.100046,0.655080,0.111333,0.633900,0.078583,1.516772,1.011151
24.700000,1.993134,2.000565,1.972565,2.021250,1.823705,2.021154,2.033441,1.995136,0.629047,1.630621,0.100307,0.655488,0.111934,0.635873,0.078699,1.517349,1.007139
24.716667,1.993059,2.000638,1.971141,2.020741,1.823102,2.021421,2.033426,1.995087,0.637282,1.621695,0.100939,0.649973,0.112802,0.623996,0.078801,1.514185,1.001042
24.733333,1.993062,2.000671,1.970727,2.020461,1.822737,2.021561,2.033205,1.994944,0.642206,1.616993,0.101411,0.647530,0.113409,0.613690,0.078821,1.512541,0.997855
24.750000,1.993090,2.000693,1.970219,2.020318,1.822550,2.021623,2.032804,1.994751,0.644708,1.614574,0.101727,0.646404,0.113793,0.608070,0.078810,1.511962,1.001429
24.766667,1.993183,2.000710,1.968439,2.020273,1.822480,2.021574,2.032462,1.994544,0.644480,1.615377,0.101902,0.646487,0.114050,0.605098,0.078755,1.512076,1.023714
24.783333,1.993345,2.000702,1.968503,2.020352,1.822435,2.021502,2.032621,1.994343,0.643238,1.630867,0.102188,0.647425,0.114636,0.603365,0.078804,1.512261,1.044016
24.800000,1.993479,2.000674,1.969136,2.020520,1.822395,2.021432,2.033028,1.994352,0.641552,1.651714,0.101082,0.648059,0.113239,0.602265,0.078514,1.512377,1.050509
24.816667,1.993773,2.000634,1.969980,2.020752,1.824866,2.021317,2.034046,1.994722,0.638580,1.672970,0.100260,0.647215,0.112196,0.601407,0.078359,1.512730,1.017894
24.833333,1.993875,2.000596,1.970880,2.021015,1.833045,2.021125,2.034920,1.995047,0.633210,1.684570,0.099980,0.644679,0.111828,0.600899,0.078321,1.513935,1.000376
24.850000,1.992737,2.000564,1.972211,2.021021,1.838636,2.020992,2.035647,1.995220,0.629871,1.691044,0.099916,0.643706,0.111594,0.614366,0.078277,1.505600,0.991300
24.866667,1.991465,2.000543,1.972286,2.020957,1.841852,2.020891,2.035543,1.995200,0.628048,1.687582,0.100005,0.644749,0.111708,0.621999,0.078314,1.494994,0.986624
24.883333,1.990896,2.000531,1.971959,2.020894,1.840068,2.020800,2.035756,1.995173,0.626679,1.694025,0.099187,0.653756,0.110912,0.630079,0.078135,1.485059,0.984313
24.900000,1.990625,2.000525,1.971793,2.020874,1.837796,2.020640,2.035700,1.995153,0.620513,1.697321,0.098902,0.659412,0.110947,0.634507,0.078481,1.480291,0.996641
24.916667,1.990477,2.000523,1.971725,2.020869,1.838344,2.020607,2.035418,1.995139,0.611647,1.698793,0.098953,0.662560,0.110951,0.636943,0.078479,1.477914,1.013587
24.933333,1.990399,2.000519,1.971488,2.020841,1.838799,2.020620,2.035025,1.995085,0.602844,1.699288,0.099083,0.664279,0.111040,0.638409,0.078499,1.476520,1.029354
24.950000,1.990386,2.000486,1.970610,2.021019,1.839006,2.020639,2.034009,1.995034,0.595173,1.689850,0.099379,0.662751,0.111272,0.639650,0.078584,1.489166,1.033905
24.966667,1.990241,2.000497,1.969718,2.021155,1.839091,2.020737,2.033116,1.995012,0.599029,1.677905,0.100025,0.658474,0.111847,0.629596,0.078715,1.501708,1.029028
24.983333,1.989270,2.000553,1.968868,2.021262,1.839129,2.020858,2.032663,1.994984,0.607088,1.667134,0.100873,0.656129,0.112097,0.617017,0.078724,1.511945,1.027001
25.000000,1.988135,2.000609,1.968795,2.021339,1.834111,2.020907,2.032518,1.994961,0.615119,1.657193,0.101741,0.653735,0.112287,0.626306,0.078722,1.517842,1.025992
25.016667,1.987244,2.000644,1.968273,2.021496,1.827529,2.021047,2.032445,1.994921,0.623150,1.647707,0.102412,0.652673,0.112436,0.633298,0.078701,1.521299,1.025255
25.033333,1.986679,2.000686,1.967268,2.021474,1.823275,2.021254,2.032425,1.994873,0.631305,1.638666,0.102778,0.653758,0.112813,0.637371,0.078748,1.522138,1.021555
25.050000,1.985948,2.000745,1.966127,2.021158,1.821650,2.021462,2.032395,1.994809,0.639618,1.629379,0.103656,0.646077,0.113615,0.641017,0.078823,1.519381,1.018030
25.066667,1.985629,2.000773,1.965485,2.020962,1.820968,2.021585,2.032381,1.994756,0.644605,1.624288,0.104242,0.642157,0.114177,0.641925,0.078824,1.517991,1.016080
25.083333,1.985506,2.000786,1.965433,2.020857,1.820604,2.021644,2.031962,1.994577,0.647284,1.621425,0.104621,0.640314,0.114538,0.639955,0.078806,1.517467,1.015076
25.100000,1.985629,2.000785,1.964475,2.020838,1.820447,2.021618,2.031528,1.994332,0.647206,1.621981,0.104812,0.639273,0.114757,0.635800,0.078758,1.517792,1.035668
25.116667,1.985795,2.000754,1.965007,2.020946,1.820375,2.021554,2.031376,1.994178,0.645786,1.627701,0.104868,0.638351,0.114884,0.633438,0.078706,1.518356,1.056594
25.133333,1.986200,2.000707,1.966222,2.021090,1.820316,2.021479,2.031521,1.994276,0.643783,1.631091,0.104851,0.637622,0.114964,0.631585,0.078680,1.518600,1.062766
25.150000,1.986813,2.000658,1.967341,2.021340,1.820252,2.021411,2.031950,1.994661,0.642143,1.633324,0.104996,0.627443,0.115107,0.630152,0.078691,1.518985,1.046898
25.166667,1.986710,2.000624,1.968455,2.021538,1.825684,2.021175,2.032483,1.995014,0.638501,1.639428,0.105280,0.621320,0.115573,0.627867,0.078786,1.517698,1.038432
25.183333,1.986382,2.000585,1.969711,2.021496,1.831125,2.020952,2.033032,1.995356,0.635213,1.649178,0.104265,0.618245,0.114181,0.630849,0.078525,1.507294,1.034256
25.200000,1.986148,2.000559,1.970011,2.021432,1.834142,2.020806,2.033880,1.995629,0.633288,1.666624,0.103098,0.627603,0.113198,0.638272,0.078375,1.496689,1.032186
25.216667,1.986383,2.000532,1.969946,2.021372,1.833699,2.020693,2.034632,1.995781,0.631624,1.679537,0.102030,0.638270,0.112156,0.640936,0.078010,1.487802,1.031186
25.233333,1.986775,2.000517,1.970095,2.021351,1.832444,2.020563,2.034944,1.995843,0.627641,1.686286,0.101298,0.647257,0.111272,0.640873,0.077514,1.483474,1.030755
25.250000,1.987173,2.000512,1.970206,2.021343,1.832468,2.020514,2.034818,1.995865,0.619121,1.689498,0.100784,0.654321,0.110567,0.640871,0.077057,1.481247,1.030530
25.266667,1.987521,2.000507,1.970062,2.021314,1.832496,2.020508,2.034585,1.995827,0.610701,1.691022,0.100425,0.659632,0.110033,0.641018,0.076688,1.479969,1.030404
25.283333,1.987832,2.000472,1.969206,2.021488,1.832478,2.020525,2.034297,1.995578,0.605150,1.690050,0.100325,0.663841,0.109997,0.641580,0.076867,1.492137,1.029918
25.300000,1.988156,2.000456,1.968354,2.021645,1.832462,2.020639,2.033712,1.995512,0.610879,1.678555,0.100465,0.668310,0.110523,0.637018,0.077570,1.504203,1.029436
25.316667,1.988556,2.000497,1.967347,2.021716,1.832444,2.020748,2.033289,1.995459,0.618213,1.667406,0.100614,0.669443,0.111157,0.620436,0.078293,1.513016,1.029051
25.333333,1.988981,2.000587,1.966567,2.021739,1.830996,2.020887,2.033249,1.995413,0.625960,1.657398,0.100812,0.660935,0.111449,0.606566,0.078327,1.517805,1.027831
25.350000,1.989213,2.000719,1.965577,2.021715,1.823780,2.021028,2.033245,1.995387,0.633756,1.647949,0.100942,0.648637,0.111915,0.592282,0.078408,1.521175,1.024226
25.366667,1.989456,2.000819,1.964581,2.021533,1.820731,2.021311,2.033282,1.995355,0.642778,1.639997,0.101510,0.632736,0.112888,0.575846,0.078395,1.523586,1.016574
25.383333,1.989302,2.000871,1.963676,2.020948,1.820102,2.021696,2.033310,1.995319,0.654853,1.632972,0.102556,0.621570,0.113375,0.559136,0.077593,1.520944,1.009118
25.400000,1.989334,2.000900,1.963201,2.020640,1.819731,2.021902,2.033109,1.995224,0.661827,1.628874,0.103183,0.616671,0.113696,0.550419,0.077117,1.519580,1.005068
25.416667,1.989451,2.000919,1.962971,2.020482,1.819508,2.021982,2.032654,1.995039,0.665235,1.626811,0.103522,0.614308,0.113865,0.545896,0.076845,1.519143,1.008111
25.433333,1.989599,2.000918,1.962923,2.020432,1.819403,2.021915,2.032331,1.994851,0.665288,1.627890,0.103692,0.613704,0.113998,0.543452,0.076664,1.519445,1.031653
25.450000,1.989995,2.000902,1.964462,2.020550,1.819338,2.021831,2.032474,1.994647,0.664251,1.641155,0.103712,0.617718,0.114256,0.553168,0.076586,1.519906,1.053239
25.466667,1.990510,2.000864,1.966086,2.020742,1.819278,2.021750,2.032735,1.994473,0.662771,1.655505,0.103277,0.631033,0.114390,0.559420,0.076690,1.520251,1.059955
25.483333,1.991396,2.000803,1.966989,2.020976,1.821801,2.021636,2.033297,1.994546,0.659952,1.663636,0.102449,0.638128,0.114058,0.553990,0.076930,1.520692,1.028726
25.500000,1.992092,2.000754,1.967138,2.021203,1.829916,2.021469,2.033842,1.994702,0.654550,1.668360,0.101929,0.641787,0.113866,0.549782,0.077087,1.521634,1.011877
25.516667,1.992280,2.000726,1.967127,2.021186,1.835493,2.021365,2.034244,1.994871,0.651175,1.668827,0.101627,0.643781,0.113718,0.560691,0.077166,1.514182,1.003146
25.533333,1.992404,2.000692,1.967354,2.021064,1.839360,2.021274,2.034761,1.995011,0.648889,1.675652,0.100642,0.644914,0.113010,0.569497,0.077527,1.503226,0.998716
25.550000,1.992325,2.000655,1.968051,2.020915,1.838911,2.021158,2.035298,1.995054,0.646176,1.684955,0.099836,0.646582,0.112146,0.570360,0.077701,1.492705,0.996558
25.566667,1.992089,2.000636,1.968365,2.020838,1.835321,2.021032,2.035298,1.995054,0.637526,1.689531,0.099493,0.646807,0.111654,0.571027,0.077784,1.487524,0.995531
25.583333,1.991928,2.000627,1.968489,2.020802,1.835409,2.021007,2.035093,1.995053,0.628184,1.691693,0.099370,0.646790,0.111704,0.571420,0.078176,1.484852,0.999006
25.600000,1.991851,2.000609,1.968556,2.020840,1.835731,2.021029,2.034744,1.995006,0.619135,1.692567,0.099523,0.646854,0.112054,0.571643,0.078593,1.486147,1.012404
25.616667,1.991830,2.000589,1.966001,2.021027,1.835885,2.021064,2.033917,1.994780,0.612806,1.687393,0.099942,0.646954,0.112374,0.571945,0.078707,1.499766,1.020961
25.633333,1.991751,2.000582,1.962710,2.021136,1.835963,2.021186,2.033044,1.994681,0.618184,1.674760,0.100684,0.647458,0.112598,0.572309,0.078709,1.511450,1.025399
25.650000,1.991005,2.000600,1.960366,2.021205,1.835999,2.021302,2.032609,1.994590,0.625461,1.663671,0.101398,0.648268,0.112810,0.568235,0.078709,1.520115,1.027684
25.666667,1.990316,2.000648,1.959324,2.021244,1.830815,2.021339,2.032476,1.994510,0.632971,1.653542,0.101962,0.648922,0.113029,0.563831,0.078718,1.524770,1.029013
25.683333,1.989710,2.000695,1.958183,2.021213,1.823027,2.021369,2.032397,1.994433,0.640573,1.643910,0.102456,0.649529,0.113225,0.556063,0.078721,1.527245,1.028376
25.700000,1.989445,2.000737,1.957399,2.021066,1.820633,2.021612,2.032377,1.994368,0.648350,1.634760,0.103323,0.638650,0.113662,0.542275,0.078759,1.529611,1.020299
25.716667,1.989335,2.000757,1.956971,2.020537,1.820798,2.021905,2.032352,1.994273,0.656834,1.625761,0.104101,0.633145,0.114428,0.524707,0.078741,1.526797,1.012441
25.733333,1.989326,2.000761,1.956791,2.020264,1.820879,2.022068,2.032342,1.994210,0.662085,1.620916,0.104645,0.630482,0.114928,0.515509,0.078650,1.525513,1.008153
25.750000,1.989353,2.000755,1.956797,2.020129,1.820916,2.022141,2.031918,1.994016,0.664711,1.618133,0.104997,0.629182,0.115236,0.510699,0.078577,1.525202,1.011139
25.766667,1.989485,2.000737,1.957878,2.020127,1.820967,2.022096,2.031628,1.993757,0.664391,1.622400,0.105187,0.627028,0.115434,0.508001,0.078505,1.525475,1.033365
25.783333,1.989688,2.000701,1.960633,2.020263,1.820991,2.022029,2.031776,1.993575,0.663152,1.636816,0.105181,0.626936,0.115616,0.514410,0.078496,1.525803,1.053627
25.800000,1.989570,2.000663,1.962730,2.020502,1.820982,2.021958,2.032308,1.993692,0.661535,1.651838,0.104608,0.634535,0.115594,0.518508,0.078729,1.526182,1.060212
25.816667,1.990334,2.000599,1.964405,2.020744,1.823614,2.021856,2.032968,1.993865,0.658714,1.660277,0.103999,0.638676,0.115264,0.511953,0.078693,1.526558,1.042731
25.833333,1.991013,2.000541,1.965810,2.020971,1.831557,2.021642,2.033556,1.994073,0.653538,1.665167,0.103598,0.640679,0.115067,0.505666,0.078680,1.526885,1.033253
25.850000,1.991208,2.000508,1.966426,2.020946,1.836839,2.021503,2.034080,1.994318,0.650392,1.668048,0.103358,0.641531,0.114907,0.514912,0.078642,1.518843,1.028517
25.866667,1.991253,2.000488,1.966380,2.020857,1.839860,2.021414,2.034930,1.994539,0.648488,1.682168,0.102535,0.642101,0.113890,0.527423,0.078445,1.508487,1.026220
25.883333,1.991415,2.000442,1.967415,2.020725,1.837670,2.021338,2.035776,1.994684,0.645493,1.695883,0.101789,0.642969,0.112716,0.528077,0.078184,1.497532,1.025251
25.900000,1.991512,2.000418,1.967906,2.020669,1.835319,2.021291,2.036037,1.994759,0.636890,1.702593,0.101298,0.644238,0.112040,0.528584,0.078035,1.492223,1.023931
25.916667,1.991820,2.000409,1.968122,2.020644,1.835047,2.021299,2.035947,1.994780,0.627482,1.705658,0.100755,0.649871,0.111593,0.528912,0.077924,1.489568,1.022738
25.933333,1.991997,2.000407,1.967568,2.020566,1.835013,2.021329,2.035729,1.994789,0.618638,1.707110,0.100441,0.652959,0.111185,0.529439,0.077721,1.487992,1.021945
25.950000,1.992112,2.000379,1.966174,2.020592,1.834979,2.021371,2.035004,1.994722,0.612990,1.698403,0.100412,0.654637,0.111302,0.530213,0.077925,1.494461,1.021255
25.966667,1.991846,2.000368,1.965074,2.020758,1.834941,2.021492,2.034029,1.994639,0.618856,1.685834,0.100816,0.657269,0.111872,0.530758,0.078654,1.507050,1.020553
25.983333,1.991133,2.000385,1.965074,2.020980,1.834910,2.021603,2.033429,1.994585,0.626547,1.674743,0.101152,0.662169,0.111833,0.544380,0.078617,1.516457,1.020076
26.000000,1.990468,2.000400,1.965227,2.021157,1.832552,2.021676,2.033330,1.994525,0.634298,1.664890,0.101519,0.665106,0.111852,0.554431,0.078582,1.521609,1.019861
26.016667,1.990265,2.000469,1.964732,2.021252,1.824829,2.021750,2.033300,1.994483,0.642254,1.655607,0.101554,0.663729,0.111947,0.560117,0.078565,1.524493,1.017413
26.033333,1.989589,2.000615,1.963460,2.021179,1.820701,2.021956,2.033297,1.994468,0.650295,1.646812,0.101761,0.657208,0.112775,0.550247,0.078726,1.527278,1.010608
26.050000,1.989061,2.000704,1.962335,2.020678,1.820161,2.022260,2.033321,1.994404,0.660763,1.639068,0.102677,0.645187,0.113400,0.534925,0.078239,1.525671,1.003742
26.066667,1.988884,2.000750,1.961793,2.020390,1.819917,2.022425,2.033391,1.994353,0.666857,1.634810,0.103244,0.640095,0.113806,0.525357,0.077920,1.524607,1.000166
26.083333,1.988868,2.000773,1.961556,2.020233,1.819782,2.022484,2.033023,1.994156,0.669783,1.632194,0.103553,0.638098,0.114015,0.520172,0.077723,1.524168,1.003684
26.100000,1.988948,2.000751,1.961125,2.020130,1.819732,2.022413,2.032674,1.993913,0.669604,1.632845,0.103676,0.637662,0.114128,0.517219,0.077589,1.524274,1.027746
26.116667,1.989171,2.000729,1.959347,2.020013,1.819737,2.022330,2.032727,1.993682,0.668374,1.644433,0.103794,0.640584,0.114505,0.514245,0.077562,1.523519,1.049643
26.133333,1.989104,2.000707,1.958282,2.020099,1.819720,2.022253,2.033013,1.993757,0.666836,1.657185,0.103325,0.653589,0.114657,0.514574,0.077765,1.523174,1.056220
26.150000,1.990045,2.000661,1.957324,2.020233,1.822264,2.022151,2.033654,1.993952,0.664065,1.664920,0.102344,0.660827,0.114238,0.503301,0.078085,1.523152,1.032729
26.166667,1.991109,2.000619,1.956410,2.020356,1.830461,2.021916,2.034254,1.994227,0.658710,1.669433,0.101735,0.661589,0.114030,0.487161,0.078314,1.523225,1.020068
26.183333,1.991445,2.000592,1.957005,2.020241,1.836110,2.021713,2.034595,1.994506,0.655311,1.668486,0.101241,0.662005,0.113794,0.481774,0.078526,1.514463,1.013651
26.200000,1.991563,2.000575,1.957504,2.020054,1.839378,2.021550,2.035216,1.994746,0.653248,1.677753,0.100102,0.662317,0.112590,0.482463,0.078504,1.501537,1.010523
26.216667,1.991764,2.000542,1.957173,2.019921,1.835075,2.021395,2.035869,1.994880,0.646703,1.688469,0.099209,0.663514,0.111230,0.486286,0.078210,1.490072,1.009165
26.233333,1.991877,2.000488,1.956824,2.019869,1.832289,2.021265,2.035982,1.994924,0.636314,1.693977,0.098656,0.664585,0.110366,0.488494,0.077957,1.484810,1.008151
26.250000,1.992011,2.000467,1.955721,2.019775,1.832161,2.021216,2.035829,1.994945,0.626077,1.696715,0.098130,0.666676,0.109761,0.490044,0.077730,1.482083,1.007177
26.266667,1.992095,2.000469,1.953825,2.019668,1.832322,2.021218,2.035573,1.994955,0.616698,1.697969,0.097984,0.667860,0.109985,0.487167,0.078167,1.483133,1.017159
26.283333,1.992171,2.000468,1.952386,2.019731,1.832383,2.021241,2.034473,1.994914,0.611259,1.687476,0.098228,0.668548,0.110259,0.470192,0.078271,1.496455,1.023403
26.300000,1.991530,2.000513,1.952725,2.019729,1.832411,2.021349,2.033393,1.994811,0.617547,1.674220,0.098965,0.669703,0.110253,0.470862,0.078117,1.507470,1.026603
26.316667,1.990791,2.000587,1.955023,2.019745,1.832418,2.021457,2.032858,1.994735,0.625621,1.662759,0.099589,0.670666,0.109989,0.486086,0.077809,1.515929,1.028206
26.333333,1.990130,2.000650,1.955823,2.019727,1.827048,2.021481,2.032743,1.994666,0.633373,1.652507,0.100148,0.668542,0.110232,0.490724,0.078006,1.520762,1.029157
26.350000,1.990382,2.000713,1.956091,2.019678,1.819028,2.021496,2.032693,1.994597,0.641225,1.642854,0.100031,0.664182,0.110946,0.487289,0.078529,1.523354,1.028410
26.366667,1.991166,2.000752,1.956559,2.019700,1.815946,2.021684,2.032675,1.994521,0.649436,1.633694,0.099688,0.663565,0.111956,0.477339,0.078819,1.526839,1.022715
26.383333,1.991573,2.000773,1.956737,2.019444,1.815692,2.021952,2.032707,1.994383,0.658787,1.625835,0.099943,0.662062,0.112840,0.471431,0.078696,1.525794,1.016510
26.400000,1.991865,2.000766,1.956902,2.019287,1.815624,2.022108,2.032727,1.994337,0.664743,1.621654,0.100271,0.662099,0.113285,0.468412,0.078356,1.524956,1.013311
26.416667,1.992061,2.000755,1.957449,2.019235,1.815586,2.022185,2.032326,1.994157,0.667961,1.619096,0.100538,0.662337,0.113565,0.466761,0.078113,1.524687,1.011642
26.433333,1.992261,2.000730,1.959647,2.019352,1.815601,2.022167,2.032030,1.993933,0.668068,1.622663,0.100715,0.663142,0.113813,0.465608,0.077956,1.525378,1.032006
26.450000,1.992566,2.000680,1.961763,2.019483,1.815622,2.022105,2.032187,1.993701,0.666594,1.639091,0.100978,0.667246,0.114432,0.465213,0.077950,1.526040,1.053013
26.466667,1.992962,2.000623,1.963518,2.019706,1.815612,2.022031,2.032901,1.993646,0.664438,1.656544,0.099907,0.681629,0.113920,0.465722,0.078264,1.526606,1.059880
26.483333,1.994444,2.000533,1.964950,2.019927,1.815563,2.021963,2.034041,1.993891,0.662526,1.679460,0.098283,0.679434,0.112680,0.458315,0.078646,1.527073,1.040976
26.500000,1.995575,2.000465,1.965940,2.020137,1.823590,2.021731,2.034991,1.994169,0.657253,1.693321,0.097279,0.676668,0.111562,0.451768,0.078437,1.527651,1.029593
26.516667,1.996111,2.000422,1.966221,2.020127,1.828593,2.021558,2.035738,1.994445,0.654237,1.700865,0.096700,0.675556,0.110765,0.459058,0.078171,1.520250,1.023792
26.533333,1.996381,2.000393,1.965971,2.020057,1.831358,2.021419,2.035852,1.994613,0.652737,1.694785,0.096426,0.676511,0.109973,0.469581,0.077650,1.510542,1.020893
26.550000,1.996595,2.000372,1.965546,2.020009,1.828498,2.021286,2.035982,1.994712,0.651290,1.691676,0.096245,0.677426,0.109718,0.477967,0.077410,1.502474,1.019495
26.566667,1.996664,2.000360,1.965278,2.019996,1.825952,2.021137,2.036021,1.994761,0.647569,1.691660,0.096330,0.677453,0.109383,0.482576,0.077094,1.498568,1.018839
26.583333,1.996683,2.000354,1.965100,2.019991,1.825639,2.021088,2.035769,1.994781,0.639694,1.691404,0.096423,0.677448,0.109221,0.485104,0.077050,1.496568,1.021332
26.600000,1.996699,2.000348,1.964766,2.019962,1.825867,2.021106,2.035465,1.994791,0.631628,1.691060,0.096523,0.677471,0.109526,0.486587,0.077461,1.495402,1.028625
26.616667,1.996725,2.000341,1.962040,2.019975,1.825970,2.021133,2.035049,1.994785,0.628029,1.685616,0.096713,0.677484,0.110063,0.487819,0.078044,1.502028,1.032928
26.633333,1.996316,2.000353,1.959095,2.020122,1.826002,2.021239,2.034448,1.994839,0.635161,1.673106,0.097405,0.677153,0.110699,0.491068,0.078458,1.514348,1.034925
26.650000,1.995673,2.000396,1.957816,2.020304,1.826005,2.021338,2.034032,1.994868,0.643485,1.661865,0.097687,0.682231,0.110719,0.510358,0.078455,1.523561,1.035901
26.666667,1.995285,2.000433,1.956720,2.020379,1.823547,2.021405,2.033996,1.994857,0.651675,1.651740,0.097515,0.693719,0.110927,0.527687,0.078517,1.528489,1.036462
26.683333,1.994922,2.000459,1.955434,2.020400,1.815510,2.021481,2.033972,1.994836,0.659635,1.642145,0.097509,0.702638,0.111250,0.537451,0.078597,1.531228,1.034284
26.700000,1.994269,2.000512,1.953913,2.020336,1.812901,2.021740,2.034003,1.994799,0.667921,1.634178,0.098061,0.699357,0.111978,0.543023,0.078741,1.532724,1.026564
26.716667,1.993630,2.000558,1.952420,2.019944,1.812816,2.022119,2.034085,1.994746,0.679620,1.629327,0.099185,0.688866,0.112585,0.547358,0.078305,1.528545,1.019098
26.733333,1.993352,2.000582,1.951630,2.019739,1.812770,2.022322,2.033961,1.994629,0.686415,1.626167,0.099903,0.683951,0.113017,0.548918,0.078021,1.526371,1.015039
26.750000,1.993239,2.000599,1.951239,2.019632,1.812751,2.022450,2.033508,1.994418,0.690442,1.624240,0.100342,0.681526,0.113289,0.549312,0.077853,1.525366,1.012803
26.766667,1.993179,2.000588,1.951450,2.019597,1.812788,2.022466,2.033021,1.994212,0.691147,1.622991,0.100641,0.680215,0.113485,0.549507,0.077722,1.525242,1.030933
26.783333,1.993135,2.000537,1.954076,2.019741,1.812822,2.022425,2.032969,1.994019,0.690148,1.633412,0.101154,0.679404,0.114132,0.549268,0.077730,1.525607,1.050297
26.800000,1.993317,2.000483,1.956140,2.019983,1.812822,2.022372,2.033232,1.994135,0.688560,1.651560,0.099973,0.671702,0.113208,0.548834,0.078290,1.526036,1.055589
26.816667,1.993689,2.000437,1.957736,2.020220,1.818506,2.022228,2.034327,1.994500,0.683532,1.676648,0.098577,0.661677,0.111509,0.548210,0.078308,1.526446,1.032424
26.833333,1.993654,2.000403,1.958024,2.020367,1.826281,2.022009,2.035406,1.994950,0.678195,1.694555,0.098145,0.659606,0.110690,0.551188,0.078113,1.525250,1.020025
26.850000,1.992248,2.000387,1.958141,2.020261,1.831560,2.021822,2.035891,1.995191,0.674949,1.698040,0.098010,0.658831,0.109907,0.566396,0.077696,1.513891,1.013739
26.866667,1.990753,2.000375,1.957779,2.020145,1.834551,2.021669,2.035638,1.995216,0.673243,1.691364,0.098021,0.658700,0.109218,0.580027,0.077217,1.502163,1.010547
26.883333,1.989596,2.000355,1.958616,2.020040,1.829596,2.021491,2.035786,1.995195,0.670127,1.694923,0.098093,0.658166,0.109050,0.578077,0.076873,1.491240,1.009132
26.900000,1.988959,2.000337,1.959414,2.019998,1.824861,2.021331,2.035725,1.995183,0.663009,1.697249,0.098116,0.658227,0.109116,0.572503,0.076996,1.486051,1.013161
26.916667,1.988612,2.000333,1.959972,2.019999,1.824169,2.021277,2.035446,1.995175,0.653442,1.698304,0.098210,0.658351,0.109713,0.569573,0.077707,1.483469,1.024157
26.933333,1.988424,2.000324,1.960274,2.019999,1.823955,2.021279,2.035056,1.995124,0.644225,1.698573,0.098332,0.658429,0.110035,0.568000,0.078042,1.482032,1.034976
26.950000,1.988348,2.000282,1.959505,2.020214,1.823797,2.021303,2.033944,1.995070,0.638843,1.686294,0.098662,0.657195,0.110392,0.567559,0.078261,1.494522,1.037570
26.966667,1.987849,2.000298,1.956240,2.020357,1.823682,2.021408,2.033082,1.995058,0.645678,1.673471,0.099389,0.655085,0.110842,0.567469,0.078373,1.506985,1.032999
26.983333,1.986934,2.000319,1.954066,2.020604,1.823604,2.021510,2.032773,1.995027,0.654091,1.662391,0.100123,0.654579,0.111011,0.567483,0.078386,1.517370,1.029825
27.000000,1.986098,2.000341,1.952426,2.020740,1.817990,2.021532,2.032643,1.994981,0.662464,1.652223,0.100721,0.654613,0.111170,0.563136,0.078392,1.523279,1.028208
27.016667,1.985073,2.000402,1.950883,2.020708,1.810101,2.021582,2.032569,1.994942,0.670821,1.642638,0.101420,0.652260,0.111367,0.547666,0.078404,1.526364,1.024869
27.033333,1.984173,2.000531,1.949435,2.020719,1.804463,2.021745,2.032533,1.994916,0.679533,1.633583,0.101945,0.641614,0.111784,0.532136,0.078384,1.530415,1.017719
27.050000,1.983920,2.000617,1.948794,2.020357,1.803140,2.021974,2.032525,1.994853,0.688258,1.625888,0.102501,0.629097,0.112956,0.514573,0.078656,1.529599,1.010932
27.066667,1.983910,2.000630,1.948751,2.020124,1.802495,2.022108,2.032537,1.994806,0.693391,1.622469,0.102877,0.623776,0.113622,0.504290,0.078707,1.528647,1.007517
27.083333,1.983959,2.000622,1.949285,2.019982,1.802149,2.022173,2.032132,1.994631,0.696160,1.620322,0.103141,0.621360,0.114031,0.496352,0.078721,1.528192,1.005749
27.100000,1.984218,2.000592,1.950973,2.019995,1.802006,2.022148,2.031866,1.994390,0.696040,1.625338,0.103184,0.621727,0.114279,0.490925,0.078686,1.528664,1.026660
27.116667,1.984565,2.000530,1.954157,2.020150,1.801957,2.022087,2.031977,1.994163,0.694508,1.639890,0.103209,0.625226,0.114662,0.488127,0.078697,1.529482,1.047917
27.133333,1.984726,2.000474,1.956723,2.020367,1.801928,2.022017,2.032535,1.994150,0.692284,1.658791,0.102232,0.638125,0.113928,0.487604,0.078540,1.530081,1.067155
27.150000,1.985748,2.000413,1.958506,2.020621,1.804690,2.021905,2.033553,1.994344,0.688422,1.679044,0.100885,0.643207,0.112514,0.479493,0.078297,1.530626,1.051124
27.166667,1.986457,2.000362,1.959959,2.020849,1.812403,2.021677,2.034359,1.994663,0.683099,1.690041,0.100219,0.642777,0.111795,0.472833,0.078178,1.531043,1.040788
27.183333,1.986453,2.000337,1.960244,2.020909,1.817103,2.021503,2.035031,1.994957,0.680137,1.696134,0.099972,0.643847,0.111471,0.476686,0.078117,1.526497,1.035434
27.200000,1.986203,2.000321,1.960103,2.020805,1.819724,2.021372,2.035300,1.995199,0.678644,1.693460,0.099837,0.644433,0.111272,0.488741,0.078067,1.515415,1.032850
27.216667,1.986202,2.000308,1.959852,2.020723,1.821197,2.021273,2.035610,1.995346,0.677508,1.695385,0.099593,0.645511,0.110921,0.498245,0.078016,1.506239,1.031541
27.233333,1.986548,2.000300,1.959898,2.020694,1.820734,2.021147,2.035674,1.995404,0.674707,1.696769,0.099031,0.652574,0.110222,0.501739,0.077647,1.501881,1.030941
27.250000,1.986888,2.000299,1.959832,2.020682,1.822983,2.021054,2.035441,1.995423,0.666708,1.697207,0.098609,0.658468,0.109622,0.503690,0.077264,1.499696,1.030630
27.266667,1.987197,2.000297,1.959539,2.020651,1.824202,2.021024,2.035149,1.995379,0.658498,1.697248,0.098302,0.663059,0.109145,0.504879,0.076937,1.498449,1.030459
27.283333,1.987494,2.000271,1.957740,2.020578,1.824856,2.021056,2.034479,1.995169,0.656535,1.691779,0.098227,0.667239,0.109115,0.506199,0.077031,1.499973,1.030257
27.300000,1.987288,2.000304,1.957219,2.020679,1.825170,2.021158,2.033648,1.995088,0.663882,1.679102,0.098368,0.672254,0.109907,0.497788,0.078165,1.512054,1.029725
27.316667,1.987193,2.000428,1.958617,2.020683,1.825335,2.021257,2.033241,1.995041,0.672037,1.668083,0.098602,0.666856,0.109894,0.512233,0.078178,1.520058,1.029355
27.333333,1.987118,2.000597,1.958958,2.020659,1.820691,2.021357,2.033141,1.995021,0.680217,1.658113,0.098598,0.657326,0.110191,0.517354,0.078412,1.524417,1.027815
27.350000,1.986654,2.000756,1.958573,2.020588,1.813089,2.021450,2.033108,1.995010,0.688446,1.648728,0.098487,0.650399,0.110617,0.514871,0.078514,1.526764,1.025103
27.366667,1.986577,2.000832,1.958579,2.020228,1.809647,2.021695,2.033188,1.994965,0.698699,1.642781,0.098887,0.639633,0.111541,0.500922,0.078530,1.525436,1.019128
27.383333,1.986407,2.000864,1.958253,2.019753,1.809467,2.022092,2.033251,1.994886,0.712051,1.637543,0.099952,0.626617,0.112001,0.487800,0.077722,1.523026,1.012052
27.400000,1.986492,2.000862,1.958129,2.019520,1.809344,2.022309,2.033297,1.994843,0.719767,1.634815,0.100622,0.619508,0.112303,0.481066,0.077228,1.521992,1.008197
27.416667,1.986622,2.000856,1.958114,2.019416,1.809215,2.022394,2.032905,1.994674,0.723524,1.633183,0.100963,0.617045,0.112451,0.477541,0.076947,1.521836,1.011492
27.433333,1.986848,2.000835,1.958469,2.019363,1.809182,2.022331,2.032715,1.994448,0.723491,1.639231,0.101194,0.616906,0.112709,0.475608,0.076770,1.522015,1.035863
27.450000,1.987202,2.000775,1.960879,2.019514,1.809176,2.022251,2.032864,1.994232,0.722249,1.654631,0.101365,0.624145,0.113319,0.473548,0.076756,1.522550,1.058040
27.466667,1.987515,2.000714,1.962820,2.019756,1.809152,2.022171,2.033316,1.994224,0.720341,1.674055,0.099554,0.641243,0.112173,0.472459,0.077219,1.523094,1.065100
27.483333,1.988647,2.000655,1.964183,2.019973,1.814569,2.022005,2.034569,1.994420,0.714797,1.699241,0.097578,0.649313,0.110941,0.462945,0.078033,1.523548,1.037245
27.500000,1.989983,2.000609,1.964208,2.020190,1.821753,2.021804,2.035850,1.994677,0.709438,1.721109,0.096141,0.649243,0.109282,0.452956,0.077870,1.524550,1.022397
27.516667,1.990892,2.000567,1.963644,2.020343,1.826333,2.021648,2.036748,1.994959,0.706346,1.733411,0.095929,0.644871,0.108041,0.446846,0.077178,1.523950,1.014455
27.533333,1.991529,2.000527,1.963845,2.020255,1.828912,2.021521,2.036629,1.995013,0.704770,1.730621,0.095846,0.642363,0.107195,0.446598,0.076634,1.514827,1.010518
27.550000,1.992134,2.000486,1.964913,2.020155,1.827813,2.021405,2.036466,1.994985,0.703438,1.727100,0.095716,0.641953,0.107014,0.439651,0.076613,1.506088,1.012341
27.566667,1.992389,2.000464,1.965376,2.020110,1.826507,2.021316,2.036198,1.994968,0.696199,1.726987,0.095792,0.640916,0.107777,0.436251,0.077512,1.501551,1.025926
27.583333,1.992598,2.000456,1.965552,2.020086,1.828242,2.021278,2.035831,1.994968,0.687089,1.726645,0.095921,0.639948,0.108087,0.434520,0.077839,1.499187,1.038156
27.600000,1.992996,2.000447,1.965410,2.020045,1.829298,2.021285,2.035354,1.995050,0.678094,1.723552,0.096036,0.639334,0.108216,0.433703,0.077910,1.497814,1.051177
27.616667,1.992842,2.000438,1.963820,2.019959,1.829829,2.021313,2.034716,1.995016,0.673126,1.713892,0.096257,0.639216,0.108369,0.433826,0.077978,1.499482,1.044384
27.633333,1.992262,2.000457,1.962883,2.020132,1.830067,2.021426,2.033982,1.994973,0.680434,1.701765,0.096964,0.639502,0.108616,0.448667,0.077826,1.511764,1.035308
27.650000,1.991726,2.000523,1.965299,2.020267,1.830188,2.021541,2.034164,1.994921,0.689769,1.700577,0.098060,0.640202,0.107935,0.466666,0.076588,1.521124,1.030283
27.666667,1.991243,2.000605,1.967320,2.020261,1.824860,2.021588,2.034476,1.994873,0.699149,1.699606,0.099301,0.632941,0.107287,0.486236,0.075434,1.526772,1.027650
27.683333,1.990808,2.000671,1.968205,2.020265,1.818075,2.021738,2.034655,1.994836,0.708084,1.695634,0.100469,0.617684,0.107278,0.493749,0.075427,1.531740,1.020935
27.700000,1.991079,2.000711,1.968335,2.020051,1.812661,2.021929,2.034770,1.994773,0.716838,1.690194,0.100233,0.615190,0.108194,0.485777,0.076310,1.530568,1.012591
27.716667,1.991550,2.000734,1.967809,2.019578,1.810778,2.022182,2.034861,1.994679,0.725767,1.682692,0.099961,0.613040,0.109694,0.479390,0.077448,1.521332,1.004281
27.733333,1.991813,2.000749,1.967586,2.019328,1.809782,2.022314,2.034942,1.994624,0.731316,1.676314,0.099878,0.612749,0.110546,0.476179,0.078029,1.516245,0.999927
27.750000,1.991976,2.000749,1.967513,2.019192,1.809243,2.022388,2.034539,1.994448,0.734345,1.673374,0.100017,0.612967,0.110917,0.474495,0.077989,1.513573,0.997598
27.766667,1.992065,2.000731,1.967119,2.019110,1.808998,2.022330,2.034061,1.994239,0.733844,1.671635,0.100177,0.613097,0.111095,0.473617,0.077811,1.512684,1.018960
27.783333,1.992015,2.000710,1.965458,2.019096,1.808912,2.022247,2.033741,1.994204,0.732148,1.671186,0.100006,0.620284,0.111105,0.472873,0.077685,1.511978,1.041942
27.800000,1.992003,2.000696,1.964173,2.019271,1.808864,2.022172,2.033705,1.994322,0.730045,1.671699,0.099539,0.635943,0.111018,0.472850,0.077594,1.511801,1.062144
27.816667,1.992907,2.000666,1.962861,2.019447,1.811583,2.022061,2.034304,1.994416,0.726296,1.675718,0.099224,0.644632,0.111106,0.463973,0.077590,1.511823,1.059803
27.833333,1.993989,2.000644,1.961441,2.019605,1.818715,2.021865,2.034594,1.994538,0.720873,1.676930,0.098879,0.645205,0.111291,0.454233,0.077828,1.511931,1.052596
27.850000,1.994991,2.000618,1.960650,2.019729,1.823040,2.021722,2.035061,1.994642,0.717651,1.687108,0.097553,0.643321,0.110480,0.442496,0.078448,1.511314,1.048675
27.866667,1.995675,2.000589,1.961652,2.019607,1.826389,2.021593,2.035671,1.994657,0.715478,1.702386,0.096715,0.642446,0.108681,0.433323,0.077480,1.500173,1.046948
27.883333,1.996132,2.000571,1.961923,2.019528,1.826007,2.021470,2.036158,1.994605,0.713620,1.714581,0.096296,0.643001,0.107121,0.430205,0.076240,1.490277,1.046175
27.900000,1.996320,2.000516,1.962119,2.019507,1.823472,2.021400,2.036231,1.994576,0.707953,1.721045,0.096262,0.642634,0.107267,0.428700,0.076649,1.485568,1.061806
27.916667,1.996385,2.000486,1.962233,2.019495,1.825518,2.021368,2.036018,1.994562,0.698728,1.724289,0.096306,0.642114,0.107636,0.427934,0.077192,1.483176,1.074159
27.933333,1.996434,2.000459,1.962290,2.019480,1.826643,2.021372,2.035723,1.994554,0.689550,1.725801,0.096439,0.641885,0.108036,0.427529,0.077670,1.481865,1.057639
27.950000,1.996359,2.000431,1.962221,2.019514,1.827231,2.021423,2.035039,1.994496,0.688526,1.717749,0.096790,0.641874,0.108818,0.427357,0.078397,1.483830,1.035559
27.966667,1.995561,2.000444,1.962531,2.019858,1.827497,2.021529,2.034266,1.994420,0.696983,1.706924,0.097631,0.643531,0.109377,0.433479,0.078536,1.497539,1.023227
27.983333,1.994864,2.000474,1.963824,2.020158,1.827628,2.021629,2.034040,1.994340,0.706048,1.697416,0.098376,0.644626,0.109345,0.461924,0.078095,1.508290,1.016444
28.000000,1.994274,2.000499,1.964164,2.020349,1.822195,2.021655,2.033923,1.994268,0.714851,1.688459,0.098835,0.645514,0.109668,0.480799,0.078484,1.515106,1.012865
28.016667,1.993850,2.000540,1.963894,2.020400,1.814994,2.021755,2.033844,1.994211,0.723813,1.679877,0.099841,0.632550,0.109868,0.476511,0.078488,1.520727,1.006425
28.033333,1.994211,2.000587,1.963081,2.020044,1.813217,2.022065,2.033822,1.994125,0.733133,1.671717,0.099935,0.626852,0.110319,0.465758,0.078512,1.521819,0.994204
28.050000,1.994643,2.000623,1.962817,2.019585,1.813099,2.022387,2.033822,1.994018,0.742770,1.664527,0.100051,0.623417,0.111417,0.452689,0.078668,1.519441,0.985174
28.066667,1.994893,2.000601,1.962800,2.019356,1.812943,2.022565,2.033840,1.993961,0.748640,1.661092,0.100251,0.622528,0.112106,0.444604,0.078675,1.518346,0.980042
28.083333,1.995065,2.000589,1.962798,2.019252,1.812843,2.022634,2.033615,1.993849,0.751397,1.659380,0.100414,0.622311,0.112509,0.440223,0.078640,1.518214,0.982670
28.100000,1.995246,2.000586,1.962980,2.019249,1.812792,2.022543,2.033429,1.993652,0.750576,1.664359,0.100400,0.624097,0.112809,0.442667,0.078658,1.519474,1.007420
28.116667,1.995071,2.000574,1.962177,2.019299,1.812820,2.022445,2.033765,1.993748,0.748750,1.678354,0.100442,0.626202,0.113211,0.445876,0.078667,1.519475,1.031388
28.133333,1.994948,2.000574,1.960862,2.019530,1.812831,2.022358,2.034545,1.993958,0.746653,1.689924,0.099823,0.635588,0.112944,0.446714,0.078587,1.519669,1.051929
28.150000,1.995152,2.000559,1.959625,2.019722,1.820950,2.022189,2.035316,1.994166,0.739427,1.696553,0.098787,0.655687,0.112411,0.445576,0.078535,1.519934,1.039572
28.166667,1.996073,2.000528,1.958783,2.019906,1.827868,2.022010,2.035981,1.994292,0.734226,1.700426,0.098064,0.667490,0.112101,0.429574,0.078532,1.520624,1.023545
28.183333,1.997076,2.000504,1.958903,2.019974,1.832658,2.021863,2.036587,1.994379,0.730936,1.704785,0.097253,0.673640,0.111471,0.413672,0.078451,1.517467,1.015103
28.200000,1.997645,2.000491,1.959463,2.019856,1.835405,2.021782,2.037135,1.994346,0.718761,1.717727,0.096029,0.677053,0.110068,0.408403,0.078233,1.507163,1.010921
28.216667,1.997779,2.000459,1.959340,2.019775,1.829540,2.021679,2.037642,1.994268,0.710556,1.729898,0.095154,0.680429,0.108791,0.407636,0.077863,1.498645,1.008720
28.233333,1.997788,2.000395,1.959116,2.019746,1.825706,2.021591,2.037707,1.994221,0.700831,1.736005,0.094902,0.681294,0.108569,0.407393,0.078104,1.494568,1.020022
28.250000,1.997761,2.000360,1.959000,2.019729,1.826039,2.021551,2.037495,1.994199,0.690433,1.738897,0.094966,0.681350,0.108483,0.407296,0.078129,1.492443,1.037129
28.266667,1.997750,2.000337,1.958935,2.019719,1.826328,2.021553,2.037206,1.994230,0.681099,1.740227,0.095040,0.681427,0.108466,0.407252,0.078156,1.491252,1.050497
28.283333,1.997654,2.000303,1.959846,2.019706,1.826460,2.021602,2.036649,1.994501,0.680614,1.732687,0.095236,0.681561,0.108611,0.406921,0.078206,1.490610,1.045100
28.300000,1.996960,2.000313,1.960589,2.020012,1.826470,2.021708,2.036086,1.994610,0.689411,1.722955,0.095908,0.682142,0.108950,0.412603,0.078178,1.501305,1.035085
28.316667,1.996371,2.000350,1.963722,2.020275,1.826460,2.021807,2.035828,1.994639,0.698891,1.713976,0.096443,0.682845,0.108469,0.434299,0.077726,1.511564,1.029507
28.333333,1.995859,2.000397,1.965883,2.020315,1.823941,2.021874,2.035815,1.994635,0.708218,1.705584,0.096916,0.680553,0.108229,0.445403,0.077666,1.517704,1.026492
28.350000,1.995350,2.000447,1.966644,2.020265,1.815783,2.021938,2.035817,1.994617,0.717146,1.697506,0.097802,0.664681,0.108558,0.446206,0.077962,1.520984,1.022199
28.366667,1.995117,2.000487,1.966795,2.020063,1.812752,2.022170,2.035837,1.994575,0.726071,1.689804,0.098399,0.654463,0.109388,0.438763,0.078527,1.523193,1.013680
28.383333,1.994980,2.000515,1.966524,2.019641,1.813003,2.022515,2.035952,1.994555,0.735831,1.678889,0.099003,0.647307,0.110365,0.430880,0.078827,1.521538,1.005141
28.400000,1.994968,2.000513,1.966390,2.019414,1.813117,2.022754,2.035841,1.994533,0.742539,1.671298,0.099517,0.644169,0.110952,0.426829,0.078781,1.520554,1.000493
28.416667,1.995006,2.000508,1.966324,2.019280,1.813142,2.022877,2.035281,1.994350,0.746159,1.667110,0.099890,0.642754,0.111334,0.424690,0.078712,1.520086,0.997934
28.433333,1.995024,2.000498,1.965937,2.019190,1.813212,2.022832,2.034798,1.994179,0.745604,1.664784,0.100125,0.642021,0.111560,0.423572,0.078638,1.520342,1.020135
28.450000,1.994888,2.000462,1.964344,2.019209,1.813302,2.022743,2.034460,1.994081,0.743541,1.664378,0.100280,0.641652,0.111664,0.423177,0.078568,1.520809,1.045475
28.466667,1.994638,2.000445,1.963155,2.019398,1.813347,2.022661,2.034295,1.994215,0.741192,1.664478,0.100103,0.649223,0.111651,0.422522,0.078508,1.521261,1.067452
28.483333,1.994772,2.000432,1.962117,2.019577,1.818737,2.022513,2.034972,1.994383,0.735556,1.672973,0.099790,0.663875,0.111915,0.420417,0.078583,1.521607,1.061460
28.500000,1.995751,2.000415,1.960746,2.019734,1.825669,2.022319,2.035828,1.994579,0.729999,1.684095,0.098842,0.669112,0.111363,0.411262,0.078741,1.521905,1.043367
28.516667,1.996603,2.000399,1.959543,2.019767,1.830102,2.022169,2.036725,1.994732,0.726603,1.698582,0.097451,0.670832,0.109657,0.410027,0.078410,1.517787,1.033839
28.533333,1.997032,2.000384,1.959935,2.019627,1.832611,2.022048,2.037546,1.994731,0.724593,1.716743,0.096828,0.672044,0.107441,0.409263,0.076817,1.506919,1.029061
28.550000,1.997153,2.000376,1.960129,2.019548,1.827330,2.021920,2.038213,1.994684,0.722588,1.730306,0.096466,0.675928,0.105861,0.407220,0.075387,1.498457,1.026704
28.566667,1.997161,2.000323,1.960275,2.019513,1.824771,2.021806,2.038485,1.994677,0.718497,1.738243,0.096437,0.678059,0.105942,0.406368,0.075608,1.494084,1.040869
28.583333,1.997135,2.000294,1.960370,2.019495,1.825227,2.021793,2.038302,1.994678,0.710061,1.742375,0.096498,0.678927,0.106424,0.405952,0.076214,1.491759,1.054986
28.600000,1.997123,2.000272,1.960417,2.019484,1.825497,2.021807,2.038028,1.994721,0.701871,1.744356,0.096525,0.679418,0.106706,0.405729,0.076575,1.490492,1.062910
28.616667,1.996973,2.000238,1.960988,2.019452,1.825619,2.021842,2.037275,1.994770,0.698027,1.737626,0.096597,0.680351,0.107124,0.407336,0.077111,1.489763,1.035130
28.633333,1.996174,2.000246,1.961530,2.019731,1.825635,2.021944,2.036564,1.994819,0.706021,1.727576,0.097128,0.682224,0.108143,0.412559,0.078082,1.501062,1.019738
28.650000,1.995480,2.000259,1.962297,2.020030,1.825766,2.022051,2.036229,1.994817,0.715225,1.718529,0.097740,0.683476,0.108459,0.421408,0.078089,1.512569,1.011049
28.666667,1.994888,2.000282,1.962796,2.020208,1.824050,2.022167,2.036183,1.994790,0.724430,1.710210,0.098339,0.681422,0.108767,0.436736,0.078158,1.519628,1.005217
28.683333,1.994379,2.000323,1.962769,2.020222,1.816440,2.022275,2.036146,1.994759,0.733424,1.702256,0.099341,0.665939,0.109308,0.430438,0.078471,1.524285,0.998672
28.700000,1.994724,2.000372,1.962140,2.020116,1.810615,2.022455,2.036159,1.994686,0.742857,1.694752,0.099415,0.660852,0.109748,0.417862,0.078486,1.528077,0.989964
28.716667,1.995192,2.000413,1.961625,2.019668,1.808504,2.022735,2.036277,1.994624,0.753046,1.684533,0.099484,0.658053,0.110825,0.402383,0.078658,1.527413,0.981728
28.733333,1.995508,2.000411,1.961338,2.019431,1.807417,2.022944,2.036157,1.994579,0.760067,1.677582,0.099637,0.657463,0.111492,0.393930,0.078704,1.526919,0.977439
28.750000,1.995719,2.000405,1.961176,2.019292,1.806833,2.023049,2.035573,1.994385,0.763880,1.673503,0.099759,0.657427,0.111852,0.389399,0.078711,1.526629,0.975185
28.766667,1.995833,2.000384,1.960882,2.019199,1.806580,2.022995,2.035074,1.994208,0.763393,1.671237,0.099909,0.657399,0.112110,0.391237,0.078664,1.527001,0.998122
28.783333,1.995594,2.000374,1.959389,2.019163,1.806499,2.022904,2.035119,1.994196,0.761364,1.680169,0.100238,0.657258,0.112712,0.394062,0.078711,1.527380,1.022825
28.800000,1.995378,2.000366,1.957993,2.019302,1.806461,2.022815,2.035639,1.994411,0.758613,1.696492,0.099027,0.664770,0.111315,0.394819,0.078392,1.527813,1.045727
28.816667,1.995390,2.000356,1.956712,2.019440,1.812010,2.022670,2.036804,1.994658,0.752434,1.714001,0.097536,0.680166,0.109715,0.394785,0.078059,1.528160,1.063710
28.833333,1.996123,2.000336,1.955148,2.019569,1.819320,2.022460,2.037213,1.994875,0.746642,1.718142,0.096559,0.688642,0.108508,0.387437,0.077616,1.528440,1.070679
28.850000,1.996919,2.000320,1.953736,2.019576,1.824086,2.022288,2.036430,1.995056,0.743279,1.701885,0.096003,0.692046,0.107578,0.386590,0.077108,1.524255,1.069448
28.866667,1.997138,2.000313,1.954407,2.019388,1.826812,2.022172,2.035757,1.995055,0.741455,1.690733,0.095812,0.694006,0.106754,0.384143,0.076388,1.512417,1.069295
28.883333,1.997031,2.000294,1.954017,2.019304,1.826554,2.022072,2.035753,1.995007,0.739710,1.692448,0.095695,0.696590,0.106146,0.384110,0.075538,1.504168,1.069545
28.900000,1.996923,2.000236,1.953550,2.019269,1.826248,2.021915,2.035704,1.994983,0.735584,1.693864,0.095630,0.697918,0.105727,0.384224,0.075056,1.500005,1.069809
28.916667,1.996838,2.000204,1.953305,2.019250,1.827636,2.021837,2.035339,1.994969,0.725846,1.694376,0.095575,0.698335,0.105410,0.384311,0.074802,1.497818,1.069960
28.933333,1.997119,2.000188,1.953201,2.019223,1.828438,2.021821,2.034963,1.994970,0.716176,1.694442,0.095545,0.698368,0.105721,0.385864,0.075240,1.498988,1.067675
28.950000,1.997319,2.000163,1.952555,2.019167,1.828818,2.021857,2.034069,1.994866,0.714824,1.686764,0.095653,0.698395,0.106289,0.387873,0.075876,1.501482,1.042160
28.966667,1.997330,2.000196,1.949686,2.019374,1.828969,2.021955,2.033168,1.994781,0.723015,1.673390,0.096062,0.698510,0.107572,0.394524,0.077127,1.513729,1.025106
28.983333,1.996869,2.000247,1.949229,2.019587,1.829032,2.022048,2.032880,1.994714,0.731844,1.662189,0.096504,0.699083,0.108046,0.413671,0.077726,1.524871,1.015734
29.000000,1.996429,2.000301,1.949692,2.019582,1.824349,2.022123,2.032725,1.994649,0.740752,1.652054,0.096973,0.696687,0.108244,0.416783,0.078000,1.530847,1.009177
29.016667,1.995980,2.000352,1.949464,2.019517,1.816799,2.022195,2.032674,1.994589,0.750091,1.643870,0.097898,0.681059,0.108699,0.412425,0.078340,1.534035,1.003628
29.033333,1.996664,2.000406,1.948974,2.019264,1.810563,2.022391,2.032818,1.994451,0.762694,1.642249,0.097669,0.679741,0.109399,0.402382,0.078472,1.519253,0.996925
29.050000,1.997082,2.000413,1.947836,2.018881,1.808128,2.022660,2.032927,1.994278,0.774264,1.640483,0.097863,0.677519,0.110474,0.391551,0.078635,1.504582,0.989780
29.066667,1.997259,2.000371,1.947384,2.018659,1.806852,2.022807,2.032978,1.994168,0.781061,1.639850,0.098086,0.677202,0.111091,0.385858,0.078642,1.496262,0.986232
29.083333,1.997366,2.000350,1.947215,2.018528,1.806177,2.022857,2.032775,1.994037,0.784205,1.639467,0.098227,0.677266,0.111413,0.382885,0.078618,1.491877,0.990840
29.100000,1.997220,2.000341,1.947529,2.018482,1.805861,2.022751,2.032503,1.993970,0.783206,1.641335,0.098281,0.678047,0.111605,0.381231,0.078561,1.490326,1.019154
29.116667,1.996900,2.000288,1.950032,2.018627,1.805721,2.022646,2.032890,1.994105,0.781246,1.657395,0.098433,0.679427,0.112130,0.380005,0.078601,1.490238,1.044656
29.133333,1.996585,2.000233,1.951890,2.018854,1.805647,2.022554,2.033576,1.994366,0.778787,1.672452,0.098229,0.681645,0.112118,0.378709,0.078555,1.490477,1.066793
29.150000,1.996716,2.000175,1.953648,2.019065,1.808346,2.022434,2.034820,1.994716,0.774144,1.692722,0.096752,0.695105,0.110607,0.376302,0.078235,1.490737,1.086254
29.166667,1.997986,2.000084,1.954631,2.019252,1.815442,2.022220,2.035828,1.994918,0.768007,1.705120,0.095970,0.686980,0.109713,0.368077,0.078055,1.490990,1.079301
29.183333,1.998854,2.000032,1.954134,2.019432,1.819746,2.022057,2.036486,1.995030,0.764642,1.709755,0.095461,0.682481,0.109042,0.360458,0.077832,1.491606,1.072640
29.200000,1.999056,2.000000,1.953528,2.019417,1.822198,2.021944,2.036145,1.994981,0.762942,1.701189,0.095275,0.680416,0.108342,0.365362,0.077390,1.484600,1.069237
29.216667,1.999186,1.999967,1.953546,2.019405,1.823581,2.021857,2.036220,1.994895,0.761382,1.703986,0.095002,0.684771,0.108020,0.367203,0.076989,1.478662,1.067432
29.233333,1.999336,1.999944,1.953680,2.019405,1.823374,2.021790,2.036012,1.994845,0.754926,1.705473,0.094610,0.688084,0.107394,0.367270,0.076663,1.475665,1.066551
29.250000,1.999398,1.999934,1.953695,2.019404,1.825801,2.021701,2.035683,1.994818,0.746008,1.706090,0.094380,0.689756,0.106981,0.367359,0.076480,1.474116,1.066109
29.266667,1.999735,1.999939,1.953458,2.019483,1.827128,2.021672,2.035339,1.994817,0.737026,1.706241,0.094192,0.690450,0.106737,0.365539,0.076394,1.483696,1.065844
29.283333,1.999684,1.999929,1.951876,2.019484,1.827799,2.021696,2.034602,1.994783,0.736128,1.696400,0.094426,0.689654,0.106996,0.373532,0.076711,1.499241,1.055640
29.300000,1.999057,1.999996,1.949728,2.019499,1.828157,2.021795,2.033677,1.994740,0.744656,1.683434,0.094976,0.688835,0.107827,0.384552,0.077490,1.507853,1.050089
29.316667,1.998380,2.000044,1.948079,2.019505,1.828480,2.021897,2.033358,1.994697,0.753205,1.672467,0.095455,0.688555,0.108613,0.393406,0.078227,1.512494,1.046886
29.333333,1.997778,2.000074,1.946486,2.019496,1.821013,2.021946,2.033236,1.994642,0.761836,1.662530,0.095954,0.688697,0.108911,0.398931,0.078279,1.515082,1.043373
29.350000,1.997371,2.000095,1.944815,2.019493,1.813820,2.022013,2.033168,1.994575,0.770461,1.653249,0.096143,0.694792,0.109356,0.402172,0.078380,1.516978,1.039189
29.366667,1.997236,2.000134,1.942964,2.019397,1.811072,2.022221,2.033147,1.994518,0.779190,1.644563,0.096644,0.689087,0.110293,0.404169,0.078578,1.517118,1.031763
29.383333,1.997114,2.000160,1.941201,2.019033,1.811065,2.022506,2.033159,1.994425,0.787929,1.637172,0.097345,0.681045,0.111216,0.405953,0.078696,1.512561,1.024484
29.400000,1.997053,2.000173,1.940302,2.018829,1.810991,2.022666,2.033183,1.994370,0.793086,1.633797,0.097816,0.677483,0.111814,0.406587,0.078718,1.510007,1.020439
29.416667,1.997032,2.000185,1.939849,2.018728,1.810903,2.022743,2.032767,1.994185,0.795865,1.631664,0.098115,0.675767,0.112163,0.406671,0.078721,1.508810,1.018150
29.433333,1.996907,2.000185,1.940060,2.018715,1.810935,2.022715,2.032357,1.994034,0.795340,1.632960,0.098399,0.674819,0.112493,0.406656,0.078695,1.509008,1.040307
29.450000,1.996454,2.000131,1.942888,2.018855,1.811003,2.022651,2.032483,1.994137,0.793382,1.644627,0.098827,0.674149,0.113194,0.406222,0.078771,1.509691,1.062819
29.466667,1.996237,2.000070,1.945352,2.019053,1.811039,2.022577,2.033183,1.994465,0.790841,1.657273,0.098652,0.675259,0.113170,0.406651,0.078727,1.510242,1.083097
29.483333,1.996557,2.000003,1.947261,2.019277,1.816326,2.022433,2.034393,1.994825,0.784478,1.678130,0.097385,0.673616,0.111498,0.406567,0.078396,1.510731,1.079446
29.500000,1.996041,1.999958,1.948149,2.019467,1.822072,2.022255,2.035684,1.995098,0.778719,1.698779,0.096312,0.671113,0.109487,0.406495,0.077681,1.511111,1.072582
29.516667,1.995216,1.999933,1.948090,2.019503,1.825392,2.022125,2.035934,1.995200,0.775686,1.700111,0.095904,0.670032,0.108148,0.412991,0.076985,1.506360,1.069075
29.533333,1.994230,1.999916,1.947704,2.019382,1.827614,2.022015,2.035755,1.995175,0.774036,1.695374,0.095839,0.670382,0.107376,0.425760,0.076514,1.494097,1.067476
29.550000,1.993453,1.999891,1.947251,2.019272,1.823260,2.021885,2.035599,1.995106,0.772816,1.691592,0.095778,0.670624,0.107047,0.435948,0.076274,1.483240,1.066816
29.566667,1.993003,1.999879,1.946938,2.019224,1.820710,2.021815,2.035511,1.995070,0.769813,1.692492,0.095799,0.670626,0.106991,0.441577,0.076179,1.478032,1.066474
29.583333,1.992757,1.999875,1.946717,2.019201,1.821977,2.021745,2.035169,1.995052,0.760666,1.692730,0.095772,0.670640,0.106860,0.444691,0.076139,1.475428,1.066308
29.600000,1.992641,1.999873,1.946602,2.019188,1.822686,2.021725,2.034834,1.995103,0.751903,1.692672,0.095742,0.668843,0.106771,0.446387,0.076127,1.474015,1.066223
29.616667,1.992592,1.999861,1.944573,2.019257,1.823021,2.021755,2.034083,1.995044,0.752084,1.684935,0.095943,0.667248,0.107176,0.448007,0.076521,1.481499,1.060291
29.633333,1.991799,1.999894,1.938682,2.019375,1.823257,2.021864,2.033200,1.994986,0.761526,1.671366,0.096454,0.666874,0.108123,0.450012,0.077362,1.494646,1.054485
29.650000,1.990925,1.999920,1.933814,2.019543,1.823715,2.021988,2.032916,1.994931,0.770872,1.659969,0.096916,0.666955,0.108994,0.451498,0.078151,1.505986,1.050771
29.666667,1.990169,1.999939,1.930143,2.019674,1.816090,2.022057,2.032769,1.994867,0.780443,1.649644,0.097457,0.667413,0.109164,0.452605,0.078186,1.514472,1.046819
29.683333,1.988624,2.000031,1.928177,2.019761,1.809563,2.022211,2.032685,1.994836,0.790024,1.640059,0.098356,0.663034,0.109329,0.436918,0.078187,1.522857,1.039127
29.700000,1.987171,2.000152,1.926310,2.019606,1.804160,2.022390,2.032656,1.994820,0.799553,1.631135,0.099356,0.651920,0.110152,0.419535,0.078350,1.522108,1.030679
29.716667,1.986294,2.000219,1.925270,2.019120,1.802222,2.022633,2.032669,1.994736,0.809042,1.623600,0.100299,0.641628,0.111090,0.401001,0.078482,1.511635,1.022522
29.733333,1.985911,2.000253,1.925100,2.018861,1.801176,2.022768,2.032694,1.994670,0.814661,1.620093,0.100824,0.637378,0.111621,0.390645,0.078524,1.505850,1.018265
29.750000,1.985757,2.000277,1.925231,2.018727,1.800602,2.022831,2.032284,1.994496,0.817704,1.617882,0.101141,0.635483,0.111930,0.384758,0.078536,1.502863,1.016015
29.766667,1.985839,2.000270,1.926132,2.018633,1.800358,2.022756,2.032083,1.994265,0.816919,1.623809,0.101418,0.635477,0.112299,0.390989,0.078504,1.501878,1.039472
29.783333,1.985570,2.000221,1.926630,2.018685,1.800275,2.022657,2.032282,1.994219,0.814852,1.639278,0.101740,0.635711,0.112932,0.394445,0.078561,1.501929,1.064108
29.800000,1.985274,2.000186,1.926420,2.018869,1.800230,2.022568,2.032925,1.994549,0.812340,1.656241,0.101142,0.636792,0.112312,0.397101,0.078400,1.502284,1.085539
29.816667,1.985358,2.000176,1.924058,2.019019,1.805845,2.022428,2.034175,1.995017,0.806281,1.679169,0.100634,0.633444,0.111252,0.395332,0.078069,1.502565,1.094737
29.833333,1.985931,2.000164,1.921816,2.019142,1.813137,2.022269,2.035170,1.995436,0.800684,1.692825,0.100430,0.629160,0.110748,0.392869,0.077938,1.502806,1.083710
29.850000,1.986134,2.000156,1.921076,2.019042,1.817920,2.022156,2.035951,1.995738,0.797411,1.700325,0.100331,0.625177,0.110461,0.397647,0.077889,1.493821,1.078087
29.866667,1.985841,2.000155,1.920376,2.018885,1.820637,2.022097,2.035981,1.995893,0.787870,1.694312,0.100308,0.622646,0.109969,0.403972,0.077654,1.481316,1.075278
29.883333,1.985082,2.000152,1.919765,2.018776,1.822211,2.022044,2.036046,1.995897,0.780985,1.697130,0.100368,0.621248,0.109671,0.410563,0.077275,1.470252,1.073845
29.900000,1.984651,2.000144,1.919473,2.018734,1.823612,2.021964,2.035895,1.995898,0.772451,1.698581,0.100346,0.620737,0.109117,0.414237,0.076970,1.464915,1.073154
29.916667,1.984401,2.000141,1.919327,2.018715,1.825575,2.021905,2.035600,1.995898,0.762745,1.699101,0.100302,0.620493,0.108728,0.416263,0.076799,1.462212,1.072806
29.933333,1.984276,2.000133,1.916692,2.018590,1.826674,2.021891,2.035293,1.995775,0.753729,1.699223,0.100259,0.620361,0.108482,0.418378,0.076717,1.461077,1.072616
29.950000,1.984279,2.000107,1.915500,2.018653,1.827175,2.021925,2.034691,1.995772,0.753993,1.688440,0.100559,0.616238,0.109029,0.404078,0.077242,1.473756,1.047745
29.966667,1.984105,2.000105,1.914348,2.018733,1.827470,2.022032,2.034124,1.995773,0.763842,1.676421,0.101021,0.614151,0.110131,0.387057,0.078223,1.486469,1.029008
29.983333,1.982932,2.000149,1.916894,2.018794,1.827840,2.022149,2.033993,1.995756,0.773919,1.665874,0.101718,0.613592,0.110814,0.390670,0.078675,1.497091,1.018483
30.000000,1.981900,2.000190,1.918322,2.018830,1.820208,2.022187,2.033981,1.995735,0.783784,1.656104,0.102242,0.613628,0.111107,0.391192,0.078919,1.505056,1.011205
30.016667,1.981167,2.000233,1.918756,2.018828,1.812755,2.022233,2.033980,1.995694,0.793610,1.646844,0.103087,0.606112,0.111295,0.388041,0.078910,1.509352,1.005499
30.033333,1.981537,2.000276,1.918922,2.018945,1.806845,2.022366,2.033984,1.995622,0.803753,1.638095,0.102919,0.604595,0.111608,0.384273,0.078920,1.514613,0.997375
30.050000,1.982282,2.000304,1.919776,2.018903,1.803487,2.022543,2.034057,1.995525,0.814491,1.632455,0.102546,0.607207,0.112416,0.378371,0.079016,1.516258,0.991891
30.066667,1.982768,2.000319,1.920650,2.018818,1.801958,2.022660,2.033724,1.995286,0.821154,1.629722,0.102455,0.609448,0.112938,0.374256,0.079029,1.516490,0.989175
30.083333,1.983062,2.000329,1.922815,2.018837,1.801137,2.022718,2.033221,1.995037,0.824776,1.628034,0.102441,0.610948,0.113227,0.371844,0.079007,1.516699,0.987834
30.100000,1.983313,2.000304,1.926211,2.018964,1.800754,2.022636,2.032869,1.994811,0.824037,1.629287,0.102398,0.612386,0.113383,0.370278,0.078945,1.517931,1.012846
30.116667,1.983582,2.000234,1.929222,2.019094,1.800609,2.022534,2.032936,1.994601,0.821840,1.641509,0.102451,0.613970,0.113732,0.369321,0.078934,1.519259,1.038845
30.133333,1.983956,2.000156,1.931975,2.019282,1.800552,2.022443,2.033421,1.994721,0.819015,1.662250,0.101470,0.622362,0.112728,0.370483,0.078738,1.520274,1.061530
30.150000,1.985943,2.000064,1.934059,2.019511,1.800529,2.022359,2.034608,1.995094,0.815717,1.686520,0.100755,0.617312,0.111864,0.365202,0.078516,1.521015,1.081778
30.166667,1.987663,1.999983,1.935794,2.019719,1.807692,2.022180,2.035651,1.995439,0.809341,1.700952,0.100365,0.611508,0.111476,0.358184,0.078424,1.521531,1.092904
30.183333,1.988427,1.999920,1.937275,2.019865,1.811827,2.022049,2.036453,1.995746,0.805891,1.708847,0.100130,0.608360,0.111120,0.355765,0.078272,1.520366,1.095156
30.200000,1.988848,1.999857,1.938705,2.019786,1.814158,2.021948,2.036587,1.995944,0.804166,1.703351,0.099999,0.606740,0.110557,0.363569,0.077863,1.510550,1.097583
30.216667,1.989163,1.999811,1.939305,2.019733,1.815532,2.021885,2.037042,1.996061,0.802610,1.707096,0.099868,0.606536,0.110292,0.368444,0.077514,1.503034,1.098936
30.233333,1.989588,1.999788,1.939775,2.019711,1.817375,2.021841,2.037089,1.996098,0.797386,1.709161,0.099330,0.610509,0.109596,0.369246,0.077100,1.499338,1.099701
30.250000,1.989796,1.999778,1.939984,2.019701,1.820744,2.021794,2.036868,1.996115,0.788901,1.709981,0.099001,0.612512,0.109114,0.369747,0.076859,1.497454,1.100128
30.266667,1.989906,1.999771,1.940101,2.019689,1.822504,2.021785,2.036592,1.996108,0.780635,1.710234,0.098799,0.613617,0.108826,0.370024,0.076778,1.496459,1.067044
30.283333,1.989883,1.999749,1.939026,2.019605,1.823445,2.021826,2.036209,1.996054,0.781243,1.705322,0.098865,0.613847,0.109033,0.372629,0.077063,1.495770,1.048170
30.300000,1.988858,1.999814,1.936765,2.019706,1.823918,2.021929,2.035614,1.996107,0.791338,1.693604,0.099324,0.614539,0.109846,0.387426,0.077799,1.502047,1.037742
30.316667,1.988209,1.999876,1.935425,2.019963,1.821616,2.021980,2.035197,1.996111,0.801550,1.683013,0.099207,0.621961,0.110206,0.408697,0.078545,1.513748,1.031923
30.333333,1.987558,1.999915,1.933917,2.020162,1.813409,2.021990,2.035193,1.996083,0.811501,1.673508,0.099339,0.626915,0.110141,0.420768,0.078546,1.522365,1.026918
30.350000,1.986934,1.999941,1.932184,2.020304,1.806534,2.022067,2.035201,1.996040,0.821207,1.664510,0.099553,0.630373,0.110156,0.427660,0.078539,1.528200,1.020777
30.366667,1.986726,1.999978,1.930162,2.020336,1.804135,2.022293,2.035212,1.995997,0.830827,1.655999,0.099826,0.630422,0.110707,0.431698,0.078644,1.532504,1.011665
30.383333,1.986529,2.000007,1.928173,2.020039,1.804236,2.022623,2.035130,1.995767,0.841684,1.650944,0.100551,0.623798,0.111560,0.434841,0.078733,1.531508,1.003459
30.400000,1.986490,2.000019,1.928084,2.019866,1.804246,2.022806,2.034699,1.995421,0.848498,1.648007,0.101071,0.620809,0.112157,0.431870,0.078754,1.530857,0.998963
30.416667,1.986514,2.000027,1.928724,2.019779,1.804243,2.022896,2.034175,1.995140,0.852206,1.646426,0.101418,0.619426,0.112546,0.427362,0.078747,1.530753,0.996513
30.433333,1.986624,2.000019,1.929782,2.019801,1.804306,2.022868,2.033726,1.994889,0.852220,1.647506,0.101593,0.619282,0.112781,0.424176,0.078697,1.531929,1.018945
30.450000,1.986808,1.999940,1.933428,2.019947,1.804414,2.022804,2.033750,1.994665,0.850560,1.659309,0.101739,0.619960,0.113147,0.421966,0.078699,1.532952,1.041946
30.466667,1.986421,1.999870,1.936487,2.020115,1.804475,2.022733,2.033869,1.994797,0.848231,1.669614,0.101559,0.617318,0.112936,0.420613,0.078607,1.533577,1.062430
30.483333,1.986471,1.999800,1.938554,2.020344,1.812714,2.022572,2.034429,1.995174,0.840436,1.675774,0.101630,0.600523,0.112694,0.419822,0.078515,1.534130,1.078287
30.500000,1.985368,1.999736,1.940716,2.020426,1.819279,2.022416,2.035039,1.995461,0.835074,1.679449,0.101956,0.588984,0.112676,0.425790,0.078498,1.529962,1.069823
30.516667,1.983279,1.999709,1.941465,2.020340,1.823455,2.022298,2.035327,1.995622,0.831938,1.679955,0.101978,0.586135,0.112489,0.438177,0.078461,1.519396,1.065534
30.533333,1.981463,1.999699,1.941179,2.020249,1.825783,2.022195,2.035862,1.995668,0.830026,1.693795,0.101152,0.592562,0.111731,0.450338,0.078346,1.508664,1.063387
30.550000,1.980152,1.999682,1.940908,2.020156,1.826225,2.022111,2.036403,1.995666,0.828540,1.706452,0.100195,0.602018,0.110819,0.460562,0.078108,1.498474,1.062356
30.566667,1.979527,1.999672,1.940805,2.020116,1.825784,2.022025,2.036480,1.995661,0.821716,1.712931,0.099665,0.607662,0.110243,0.465046,0.077943,1.493498,1.061876
30.583333,1.979197,1.999670,1.940898,2.020097,1.827611,2.022002,2.036308,1.995654,0.812687,1.716167,0.099449,0.610751,0.110239,0.465838,0.078197,1.490913,1.069556
30.600000,1.979011,1.999668,1.940954,2.020085,1.828636,2.022017,2.035817,1.995665,0.803480,1.714797,0.099382,0.612431,0.110160,0.466268,0.078226,1.489480,1.070668
30.616667,1.978933,1.999680,1.938497,2.020250,1.829097,2.022071,2.034652,1.995645,0.802873,1.703234,0.099711,0.610794,0.110441,0.467152,0.078384,1.501316,1.037049
30.633333,1.978704,1.999720,1.933646,2.020400,1.829318,2.022187,2.033693,1.995639,0.812698,1.691629,0.100348,0.606296,0.110985,0.468054,0.078538,1.513940,1.018689
30.650000,1.977345,1.999764,1.929396,2.020609,1.829416,2.022289,2.033355,1.995613,0.822716,1.681386,0.101027,0.604667,0.111223,0.468869,0.078589,1.525066,1.008639
30.666667,1.975954,1.999798,1.926621,2.020807,1.824229,2.022338,2.033234,1.995583,0.832691,1.671863,0.101716,0.604365,0.111325,0.476628,0.078601,1.534241,1.002239
30.683333,1.974741,1.999871,1.924149,2.020942,1.817020,2.022431,2.033164,1.995556,0.842565,1.662804,0.102731,0.595493,0.111535,0.478408,0.078610,1.540790,0.994686
30.700000,1.975418,2.000039,1.921498,2.020900,1.811844,2.022611,2.033129,1.995527,0.852961,1.654218,0.102970,0.582686,0.112068,0.467156,0.078677,1.546002,0.985191
30.716667,1.975699,2.000157,1.919780,2.020438,1.810507,2.022856,2.033125,1.995442,0.863101,1.646556,0.103443,0.567819,0.112982,0.452191,0.078791,1.545349,0.976980
30.733333,1.976047,2.000214,1.919587,2.020193,1.809840,2.022991,2.033037,1.995343,0.869108,1.642602,0.103657,0.560304,0.113500,0.441855,0.078835,1.545055,0.972707
30.750000,1.976314,2.000250,1.919937,2.020066,1.809499,2.023030,2.032534,1.995126,0.871823,1.640190,0.103865,0.556551,0.113864,0.435148,0.078825,1.545224,0.976891
30.766667,1.976551,2.000239,1.920921,2.020014,1.809413,2.022920,2.032205,1.994924,0.870786,1.641051,0.103957,0.555154,0.114092,0.430726,0.078771,1.546111,1.005161
30.783333,1.976949,2.000164,1.924902,2.020151,1.809418,2.022816,2.032330,1.994715,0.868940,1.653736,0.103894,0.557658,0.114382,0.427839,0.078752,1.547304,1.030646
30.800000,1.976964,2.000099,1.927847,2.020395,1.809428,2.022725,2.032862,1.994806,0.866501,1.673013,0.103184,0.563964,0.114085,0.426089,0.078825,1.548255,1.052697
30.816667,1.977545,2.000037,1.930354,2.020634,1.812110,2.022611,2.033655,1.995185,0.862259,1.685022,0.102843,0.558618,0.113842,0.424884,0.078745,1.548927,1.071288
30.833333,1.977526,1.999982,1.932795,2.020722,1.818181,2.022403,2.034334,1.995501,0.856976,1.691726,0.102668,0.555068,0.113679,0.430658,0.078699,1.544806,1.074648
30.850000,1.977049,1.999923,1.935078,2.020643,1.821626,2.022251,2.034917,1.995687,0.851844,1.695554,0.102585,0.553262,0.113547,0.442734,0.078667,1.534231,1.068821
30.866667,1.975008,1.999896,1.935494,2.020561,1.823582,2.022159,2.035458,1.995793,0.841406,1.704186,0.102035,0.552750,0.112594,0.454673,0.078502,1.523516,1.065833
30.883333,1.974013,1.999880,1.935263,2.020460,1.818915,2.022050,2.035906,1.995789,0.834477,1.717404,0.100983,0.562356,0.111643,0.464716,0.078324,1.513208,1.064433
30.900000,1.973512,1.999867,1.935466,2.020420,1.816325,2.022005,2.035976,1.995781,0.827208,1.724060,0.100391,0.568322,0.111019,0.467378,0.078190,1.508202,1.063684
30.916667,1.973236,1.999863,1.935650,2.020404,1.816449,2.022029,2.035763,1.995776,0.817754,1.727185,0.100082,0.571557,0.110840,0.467845,0.078354,1.505747,1.065897
30.933333,1.973082,1.999859,1.935755,2.020394,1.817967,2.022029,2.035404,1.995782,0.808732,1.726068,0.099957,0.573310,0.110694,0.468126,0.078382,1.504393,1.065159
30.950000,1.973017,1.999816,1.934470,2.020510,1.818722,2.022110,2.034801,1.995711,0.813386,1.715981,0.100312,0.574317,0.111003,0.468728,0.078495,1.512015,1.054287
30.966667,1.973019,1.999813,1.931394,2.020759,1.819092,2.022214,2.034317,1.995663,0.823111,1.705017,0.100813,0.574909,0.111449,0.469285,0.078633,1.525421,1.048130
30.983333,1.972282,1.999847,1.928875,2.021042,1.819274,2.022310,2.034240,1.995607,0.833095,1.695266,0.101373,0.575774,0.111611,0.469565,0.078664,1.536938,1.044662
31.000000,1.970816,1.999884,1.926582,2.021269,1.811199,2.022342,2.034198,1.995545,0.843071,1.686051,0.101955,0.576856,0.111673,0.469969,0.078670,1.546323,1.040865
31.016667,1.969526,1.999924,1.925253,2.021276,1.803671,2.022406,2.034179,1.995483,0.853013,1.677270,0.102474,0.577764,0.111798,0.455230,0.078680,1.551496,1.036206
31.033333,1.969804,2.000061,1.923811,2.021199,1.799987,2.022632,2.034154,1.995447,0.863307,1.668900,0.102950,0.567607,0.112128,0.439353,0.078706,1.555868,1.026492
31.050000,1.969131,2.000212,1.923296,2.020763,1.799581,2.022911,2.034148,1.995404,0.873740,1.661170,0.103520,0.558105,0.112971,0.422783,0.078812,1.553615,1.017884
31.066667,1.968960,2.000289,1.923541,2.020539,1.799361,2.023064,2.033913,1.995306,0.880214,1.656679,0.103927,0.552512,0.113508,0.412805,0.078857,1.552539,1.013316
31.083333,1.968971,2.000332,1.923974,2.020428,1.799251,2.023138,2.033404,1.995124,0.883718,1.654058,0.104195,0.549947,0.113854,0.406761,0.078870,1.552254,1.010912
31.100000,1.969024,2.000321,1.926048,2.020435,1.799319,2.023104,2.032961,1.994939,0.883413,1.654259,0.104393,0.547633,0.114087,0.402294,0.078823,1.552952,1.034580
31.116667,1.969509,2.000249,1.929955,2.020575,1.799417,2.023031,2.033127,1.994736,0.881544,1.669159,0.104472,0.544445,0.114336,0.399551,0.078795,1.553965,1.058118
31.133333,1.970338,2.000168,1.932824,2.020771,1.799477,2.022955,2.033645,1.994597,0.878926,1.690189,0.103952,0.546852,0.114003,0.396226,0.078707,1.554643,1.079028
31.150000,1.972365,2.000103,1.934924,2.021012,1.807713,2.022790,2.034436,1.994842,0.870820,1.703116,0.103550,0.541886,0.113801,0.387239,0.078654,1.555216,1.095439
31.166667,1.973827,2.000044,1.937050,2.021106,1.813648,2.022583,2.035101,1.995152,0.865022,1.710265,0.103347,0.535625,0.113693,0.385460,0.078640,1.551650,1.086939
31.183333,1.974539,1.999990,1.939075,2.021075,1.817211,2.022435,2.035682,1.995418,0.861879,1.714335,0.103208,0.532192,0.113596,0.390768,0.078614,1.544045,1.081335
31.200000,1.974911,1.999948,1.940075,2.021024,1.819226,2.022341,2.036212,1.995680,0.856209,1.717916,0.102993,0.530220,0.113337,0.397890,0.078566,1.535970,1.078445
31.216667,1.975134,1.999935,1.940779,2.020931,1.820453,2.022281,2.036887,1.995890,0.849705,1.726683,0.102543,0.529236,0.112501,0.399850,0.078380,1.527706,1.076982
31.233333,1.975499,1.999933,1.941026,2.020887,1.818790,2.022219,2.037035,1.995980,0.841575,1.730864,0.101891,0.533537,0.111984,0.401111,0.078250,1.523472,1.076289
31.250000,1.975839,1.999937,1.941079,2.020865,1.820411,2.022123,2.036902,1.996010,0.832080,1.732667,0.101442,0.538113,0.111351,0.401838,0.077817,1.521242,1.075958
31.266667,1.976126,1.999939,1.941114,2.020854,1.821671,2.022077,2.036714,1.995897,0.823981,1.733543,0.101119,0.541637,0.110860,0.402232,0.077464,1.520034,1.070075
31.283333,1.976161,1.999939,1.939030,2.020726,1.822320,2.022136,2.035782,1.995759,0.829295,1.723253,0.101120,0.545216,0.111034,0.403117,0.077732,1.519133,1.058420
31.300000,1.974986,1.999995,1.936437,2.020884,1.822627,2.022233,2.034953,1.995695,0.839513,1.711775,0.101248,0.550757,0.111231,0.410050,0.078113,1.529831,1.051793
31.316667,1.973775,2.000062,1.934963,2.021166,1.822917,2.022331,2.034736,1.995645,0.849398,1.701889,0.101359,0.556335,0.111415,0.422826,0.078511,1.541153,1.047802
31.333333,1.972595,2.000106,1.933325,2.021342,1.815271,2.022382,2.034624,1.995588,0.858995,1.692677,0.101597,0.560073,0.111509,0.430109,0.078653,1.548324,1.043536
31.350000,1.972108,2.000179,1.931486,2.021424,1.807780,2.022443,2.034562,1.995533,0.868654,1.683954,0.101609,0.562104,0.111606,0.434360,0.078663,1.552218,1.039187
31.366667,1.971193,2.000355,1.929537,2.021113,1.801853,2.022578,2.034540,1.995515,0.878456,1.675708,0.101601,0.559793,0.112155,0.433595,0.078787,1.542335,1.031590
31.383333,1.970265,2.000460,1.927760,2.020692,1.800195,2.022849,2.034623,1.995441,0.889466,1.667863,0.102517,0.547067,0.113083,0.420725,0.078731,1.537040,1.023722
31.400000,1.969894,2.000510,1.927450,2.020463,1.799237,2.023021,2.034601,1.995358,0.896840,1.662390,0.103145,0.541100,0.113668,0.410653,0.078615,1.534273,1.019503
31.416667,1.969851,2.000539,1.927729,2.020339,1.798651,2.023108,2.034077,1.995163,0.900798,1.659181,0.103512,0.539483,0.114053,0.403887,0.078538,1.532886,1.017110
31.433333,1.969900,2.000499,1.928100,2.020236,1.798472,2.023071,2.033647,1.994972,0.900593,1.659382,0.103721,0.540084,0.114344,0.399486,0.078460,1.532752,1.041090
31.450000,1.970049,2.000430,1.928381,2.020126,1.798472,2.022999,2.033552,1.994788,0.898765,1.666862,0.103826,0.541048,0.114595,0.396580,0.078421,1.532549,1.065014
31.466667,1.970177,2.000407,1.925977,2.020228,1.798482,2.022924,2.033659,1.994721,0.896229,1.679517,0.103790,0.546740,0.115344,0.395755,0.078648,1.534344,1.086068
31.483333,1.971783,2.000401,1.923262,2.020356,1.806692,2.022750,2.034129,1.995001,0.887985,1.686795,0.103524,0.539395,0.115494,0.390791,0.078904,1.535992,1.094553
31.500000,1.972837,2.000393,1.921288,2.020343,1.812684,2.022582,2.034657,1.995276,0.882099,1.691027,0.103347,0.535255,0.115489,0.394197,0.078963,1.532423,1.084911
31.516667,1.973281,2.000393,1.920813,2.020154,1.816348,2.022464,2.035139,1.995482,0.878798,1.695476,0.102910,0.533081,0.114988,0.398805,0.078880,1.521583,1.080002
31.533333,1.973546,2.000399,1.919530,2.019996,1.818491,2.022369,2.035770,1.995585,0.875085,1.708781,0.101875,0.531924,0.113639,0.405619,0.078644,1.510726,1.077508
31.550000,1.973409,2.000398,1.918396,2.019877,1.819911,2.022315,2.036224,1.995596,0.869167,1.720649,0.100938,0.534835,0.112458,0.412624,0.078331,1.500586,1.076234
31.566667,1.973120,2.000385,1.917846,2.019825,1.819577,2.022257,2.036254,1.995599,0.861235,1.726580,0.100370,0.538265,0.111761,0.416523,0.078115,1.495563,1.075634
31.583333,1.972934,2.000370,1.917459,2.019815,1.822362,2.022147,2.036078,1.995602,0.851725,1.729532,0.100042,0.540203,0.111334,0.419082,0.077991,1.498674,1.075394
31.600000,1.972852,2.000370,1.916297,2.019872,1.823965,2.022098,2.035863,1.995562,0.843519,1.730987,0.099847,0.541238,0.111076,0.420707,0.077929,1.518837,1.075296
31.616667,1.972876,2.000354,1.912609,2.019782,1.824804,2.022157,2.035371,1.995546,0.848625,1.723290,0.099947,0.538312,0.111920,0.422442,0.078924,1.530041,1.069202
31.633333,1.972916,2.000345,1.909857,2.019830,1.825227,2.022255,2.034745,1.995520,0.858512,1.712959,0.100395,0.535556,0.112307,0.419780,0.078995,1.541724,1.064040
31.650000,1.972953,2.000350,1.908214,2.019994,1.825563,2.022354,2.034534,1.995474,0.868250,1.703566,0.100847,0.534109,0.112731,0.405526,0.079085,1.554560,1.060794
31.666667,1.971680,2.000375,1.906858,2.020090,1.817955,2.022398,2.034425,1.995426,0.878039,1.694658,0.101394,0.533999,0.112945,0.392196,0.079113,1.563532,1.056880
31.683333,1.970323,2.000399,1.905776,2.020105,1.810485,2.022451,2.034367,1.995366,0.887857,1.686128,0.101907,0.534340,0.113072,0.380823,0.079102,1.568320,1.052706
31.700000,1.969437,2.000420,1.905079,2.020040,1.805874,2.022664,2.034347,1.995307,0.897665,1.678003,0.102644,0.528321,0.113264,0.372195,0.079091,1.545852,1.042264
31.716667,1.969703,2.000433,1.905438,2.019951,1.802579,2.022837,2.034351,1.995229,0.908029,1.669831,0.102770,0.524733,0.113985,0.364157,0.079123,1.529780,1.035748
31.733333,1.969923,2.000437,1.906002,2.019852,1.800883,2.022946,2.034286,1.995153,0.914846,1.665322,0.102749,0.523180,0.114222,0.359352,0.078860,1.520476,1.032807
31.750000,1.970070,2.000441,1.906878,2.019769,1.799999,2.022996,2.033792,1.994946,0.918550,1.662763,0.102657,0.522449,0.114148,0.355512,0.078498,1.515321,1.031439
31.766667,1.970139,2.000413,1.907545,2.019678,1.799679,2.022942,2.033290,1.994757,0.918250,1.661226,0.102548,0.522055,0.113966,0.352532,0.078117,1.513137,1.056875
31.783333,1.970232,2.000370,1.905570,2.019616,1.799597,2.022862,2.033260,1.994614,0.916309,1.671735,0.101802,0.523973,0.113415,0.357645,0.078141,1.512217,1.081722
31.800000,1.970771,2.000340,1.903697,2.019743,1.799558,2.022778,2.033864,1.994527,0.913631,1.690833,0.100272,0.529744,0.112604,0.366241,0.078703,1.511918,1.103388
31.816667,1.972070,2.000328,1.901456,2.019900,1.804937,2.022627,2.035204,1.994717,0.907141,1.717120,0.098856,0.539619,0.111152,0.366471,0.078353,1.511916,1.111836
31.833333,1.972652,2.000323,1.900028,2.019917,1.810450,2.022440,2.036897,1.995088,0.900678,1.746545,0.097792,0.545043,0.109720,0.369790,0.077542,1.507390,1.093382
31.850000,1.972643,2.000327,1.899659,2.019748,1.813557,2.022299,2.037047,1.995495,0.897100,1.753052,0.097257,0.546362,0.108620,0.374634,0.076782,1.495487,1.084448
31.866667,1.972606,2.000330,1.898460,2.019600,1.815583,2.022200,2.036578,1.995757,0.895211,1.744467,0.096984,0.547205,0.107669,0.380917,0.076031,1.483743,1.079778
31.883333,1.972703,2.000329,1.897002,2.019475,1.816901,2.022173,2.036328,1.995867,0.889946,1.738910,0.096778,0.547825,0.107128,0.387497,0.075491,1.472658,1.077367
31.900000,1.972633,2.000326,1.896287,2.019421,1.817585,2.022182,2.036080,1.995916,0.881998,1.739005,0.096819,0.547792,0.107228,0.391176,0.075481,1.467208,1.080206
31.916667,1.972559,2.000331,1.895751,2.019423,1.819097,2.022193,2.035722,1.995945,0.872212,1.738944,0.096927,0.547788,0.107611,0.393372,0.075865,1.471669,1.087886
31.933333,1.972542,2.000335,1.895118,2.019485,1.821722,2.022178,2.035318,1.995976,0.865874,1.736076,0.097020,0.547792,0.108101,0.395051,0.076366,1.488662,1.092091
31.950000,1.972572,2.000324,1.891523,2.019665,1.823403,2.022258,2.034717,1.995925,0.874923,1.725409,0.097429,0.547846,0.109043,0.396720,0.077197,1.509632,1.087734
31.966667,1.972602,2.000312,1.887597,2.019848,1.824275,2.022349,2.034235,1.995893,0.885881,1.713881,0.097832,0.547896,0.109891,0.398077,0.077914,1.526536,1.083319
31.983333,1.972714,2.000316,1.887812,2.020038,1.822198,2.022401,2.034164,1.995846,0.897260,1.703815,0.098347,0.548298,0.110259,0.393739,0.078347,1.539958,1.080872
32.000000,1.971451,2.000347,1.887743,2.020150,1.813460,2.022350,2.034126,1.995801,0.908482,1.694409,0.098938,0.549102,0.110355,0.387069,0.078345,1.550590,1.079663
32.016667,1.970077,2.000374,1.887251,2.020373,1.807510,2.022489,2.034103,1.995748,0.919541,1.685469,0.099471,0.549898,0.110465,0.379913,0.078336,1.561959,1.070203
32.033333,1.969171,2.000395,1.886708,2.020417,1.803814,2.022683,2.034101,1.995708,0.930540,1.676982,0.100217,0.543905,0.110643,0.373740,0.078326,1.552446,1.060294
32.050000,1.968666,2.000399,1.887283,2.020330,1.802436,2.022884,2.034262,1.995612,0.941788,1.663730,0.100827,0.537506,0.111002,0.366494,0.078328,1.538905,1.053746
32.066667,1.968560,2.000399,1.888255,2.020234,1.801823,2.023008,2.034116,1.995482,0.948913,1.653792,0.101128,0.536607,0.111374,0.361585,0.078359,1.531055,1.050616
32.083333,1.968536,2.000408,1.888695,2.020131,1.801545,2.023071,2.033618,1.995272,0.952782,1.648280,0.101314,0.536301,0.111583,0.359105,0.078381,1.526574,1.049223
32.100000,1.968528,2.000387,1.889897,2.020039,1.801547,2.023061,2.033128,1.995087,0.953145,1.645152,0.101506,0.536218,0.111759,0.359925,0.078351,1.524629,1.065176
32.116667,1.968725,2.000357,1.888245,2.019969,1.801691,2.022979,2.033202,1.994900,0.950532,1.656698,0.101703,0.541684,0.112399,0.365291,0.078384,1.524063,1.091530
32.133333,1.970602,2.000322,1.886255,2.020086,1.801781,2.022894,2.033566,1.994765,0.947221,1.676293,0.100742,0.548992,0.112040,0.368565,0.078526,1.523932,1.114853
32.150000,1.972273,2.000302,1.884782,2.020170,1.807068,2.022744,2.034220,1.995033,0.940407,1.688458,0.100322,0.542588,0.111750,0.370833,0.078449,1.522636,1.123899
32.166667,1.972726,2.000301,1.884958,2.019995,1.812319,2.022513,2.034867,1.995346,0.933538,1.695275,0.100109,0.537961,0.111558,0.375165,0.078439,1.512300,1.103346
32.183333,1.972517,2.000309,1.884100,2.019823,1.815224,2.022323,2.035448,1.995622,0.929056,1.699205,0.099991,0.535495,0.111415,0.380943,0.078411,1.501507,1.096863
32.200000,1.972129,2.000326,1.882328,2.019668,1.816891,2.022177,2.036195,1.995885,0.926504,1.710097,0.099514,0.534114,0.110478,0.387919,0.077884,1.490062,1.093514
32.216667,1.972107,2.000330,1.880920,2.019516,1.817876,2.022078,2.037077,1.996045,0.924694,1.723505,0.099022,0.534962,0.109472,0.395012,0.077033,1.477621,1.091803
32.233333,1.972049,2.000331,1.880348,2.019447,1.818113,2.022014,2.037546,1.996126,0.923726,1.730519,0.098699,0.536512,0.108796,0.398644,0.076498,1.471388,1.090892
32.250000,1.971969,2.000330,1.880053,2.019413,1.818174,2.022024,2.037467,1.996167,0.915951,1.733796,0.098537,0.537431,0.108405,0.400614,0.076208,1.468215,1.090406
32.266667,1.971941,2.000337,1.879384,2.019571,1.819037,2.022009,2.037284,1.996203,0.911089,1.732912,0.098457,0.537916,0.108163,0.402421,0.076035,1.490316,1.090118
32.283333,1.971950,2.000314,1.876851,2.019831,1.819771,2.022074,2.036195,1.996150,0.919805,1.720953,0.098765,0.538231,0.108616,0.403819,0.076363,1.514320,1.089686
32.300000,1.972032,2.000300,1.872506,2.020060,1.820142,2.022173,2.035492,1.996053,0.932625,1.709998,0.099284,0.538694,0.108929,0.405230,0.076608,1.532351,1.089286
32.316667,1.971868,2.000300,1.869948,2.020320,1.820319,2.022266,2.035307,1.995967,0.944970,1.700341,0.099827,0.539279,0.109052,0.399253,0.076705,1.546932,1.088909
32.333333,1.970338,2.000331,1.868888,2.020463,1.811599,2.022242,2.035201,1.995900,0.956780,1.691263,0.100407,0.540214,0.109356,0.391074,0.077006,1.558237,1.088855
32.350000,1.969006,2.000358,1.868095,2.020787,1.803652,2.022295,2.035148,1.995830,0.968358,1.682642,0.100915,0.541028,0.109673,0.384298,0.077339,1.572457,1.085115
32.366667,1.967983,2.000380,1.867236,2.020977,1.801176,2.022523,2.035176,1.995766,0.979751,1.674532,0.101453,0.539104,0.110091,0.378276,0.077750,1.574850,1.074371
32.383333,1.967914,2.000388,1.867519,2.020965,1.799880,2.022734,2.035414,1.995672,0.991648,1.663114,0.101181,0.540798,0.110632,0.370924,0.078123,1.563091,1.067167
32.400000,1.968019,2.000388,1.868459,2.020897,1.799185,2.022901,2.035392,1.995565,0.998785,1.657356,0.100967,0.541198,0.110537,0.366104,0.077832,1.555530,1.063835
32.416667,1.968226,2.000392,1.869210,2.020811,1.798847,2.022988,2.034913,1.995388,1.002667,1.654024,0.100800,0.540544,0.110264,0.362903,0.077432,1.551255,1.062332
32.433333,1.968326,2.000367,1.871213,2.020746,1.798757,2.023024,2.034423,1.995237,1.004067,1.652001,0.100680,0.540178,0.110018,0.363557,0.077063,1.549304,1.068592
32.450000,1.968367,2.000324,1.872118,2.020687,1.798937,2.022949,2.034438,1.995125,1.000979,1.662990,0.100148,0.539955,0.109388,0.374084,0.076839,1.549210,1.095448
32.466667,1.970196,2.000283,1.870591,2.020752,1.799077,2.022869,2.034731,1.995019,0.997431,1.680660,0.099090,0.549201,0.109162,0.380525,0.077248,1.549269,1.118529
32.483333,1.971205,2.000262,1.868831,2.020809,1.811482,2.022734,2.035150,1.995273,0.989563,1.691531,0.098599,0.544369,0.108933,0.390203,0.077367,1.545021,1.124445
32.500000,1.971245,2.000253,1.866840,2.020719,1.824321,2.022567,2.035776,1.995554,0.981729,1.697796,0.098421,0.540808,0.108285,0.403299,0.076818,1.535274,1.125511
32.516667,1.970894,2.000253,1.866297,2.020536,1.831323,2.022382,2.036302,1.995809,0.977142,1.703580,0.098564,0.539011,0.107401,0.412635,0.075677,1.521774,1.116489
32.533333,1.970699,2.000246,1.871475,2.020197,1.831848,2.022249,2.037241,1.995977,0.974543,1.718626,0.099002,0.538198,0.105761,0.409705,0.073404,1.500867,1.111963
32.550000,1.969240,2.000246,1.876687,2.019879,1.829280,2.022270,2.037958,1.996028,0.972704,1.730473,0.099050,0.542060,0.105279,0.406509,0.072368,1.480821,1.089256
32.566667,1.968433,2.000243,1.879418,2.019722,1.823641,2.022248,2.038051,1.996036,0.965914,1.736811,0.099147,0.544621,0.105564,0.404326,0.072421,1.470203,1.089841
32.583333,1.967989,2.000248,1.880729,2.019668,1.820563,2.022268,2.037868,1.996040,0.957350,1.740003,0.099222,0.546082,0.105674,0.403486,0.072441,1.470450,1.090306
32.600000,1.967762,2.000258,1.880915,2.019915,1.819112,2.022278,2.037717,1.995924,0.951299,1.741662,0.099331,0.546876,0.105836,0.403106,0.072556,1.497371,1.090430
32.616667,1.967662,2.000237,1.877404,2.020111,1.818385,2.022364,2.037223,1.995799,0.959522,1.734165,0.099730,0.547352,0.106496,0.403744,0.073010,1.519684,1.090272
32.633333,1.967681,2.000220,1.873266,2.020288,1.817974,2.022475,2.036753,1.995757,0.972175,1.724347,0.100266,0.547876,0.106929,0.404582,0.073344,1.536556,1.090036
32.650000,1.967749,2.000213,1.870990,2.020513,1.817730,2.022575,2.036721,1.995700,0.984434,1.715506,0.100769,0.548364,0.107177,0.397991,0.073560,1.550039,1.089765
32.666667,1.966905,2.000234,1.868890,2.020658,1.811845,2.022600,2.036707,1.995645,0.996286,1.707024,0.101294,0.549112,0.107393,0.385176,0.073745,1.561175,1.089657
32.683333,1.965349,2.000263,1.867188,2.020899,1.805150,2.022748,2.036701,1.995589,1.007838,1.698855,0.101816,0.550049,0.107627,0.374408,0.073962,1.572550,1.081280
32.700000,1.965480,2.000341,1.865953,2.021069,1.799666,2.022927,2.036712,1.995535,1.019573,1.691058,0.102056,0.545320,0.108000,0.366225,0.074204,1.573399,1.071553
32.716667,1.965412,2.000451,1.866048,2.020960,1.797023,2.023164,2.036828,1.995488,1.032396,1.680099,0.101934,0.538389,0.108729,0.358141,0.074675,1.551173,1.064210
32.733333,1.965581,2.000506,1.866704,2.020868,1.795692,2.023368,2.036337,1.995286,1.041391,1.672040,0.101959,0.535429,0.109329,0.353348,0.075073,1.538854,1.060788
32.750000,1.965748,2.000537,1.867685,2.020783,1.795022,2.023476,2.035689,1.995046,1.046302,1.667796,0.101981,0.534324,0.109657,0.349678,0.075291,1.532128,1.059252
32.766667,1.965848,2.000526,1.868846,2.020720,1.794783,2.023452,2.035153,1.994847,1.046724,1.665414,0.102003,0.533791,0.109835,0.346376,0.075383,1.529281,1.075698
32.783333,1.966105,2.000482,1.867073,2.020665,1.794809,2.023326,2.035269,1.994654,1.043707,1.677066,0.101980,0.539087,0.110395,0.344647,0.075515,1.528483,1.105229
32.800000,1.967221,2.000450,1.864064,2.020679,1.794826,2.023216,2.035361,1.994496,1.040480,1.687993,0.101275,0.545132,0.110672,0.349189,0.076060,1.527962,1.129854
32.816667,1.969342,2.000421,1.862423,2.020668,1.810791,2.023072,2.035409,1.994684,1.030642,1.693924,0.101021,0.537014,0.110911,0.354026,0.076371,1.523494,1.135040
32.833333,1.969980,2.000412,1.861824,2.020500,1.824127,2.022914,2.035899,1.994950,1.022746,1.697688,0.100913,0.531125,0.111037,0.359585,0.076563,1.512954,1.122746
32.850000,1.969801,2.000417,1.860276,2.020345,1.831169,2.022753,2.036957,1.995239,1.018031,1.713607,0.100108,0.527906,0.111142,0.365841,0.077618,1.502451,1.113244
32.866667,1.969309,2.000422,1.862280,2.020049,1.835058,2.022641,2.038223,1.995523,1.015356,1.732762,0.099138,0.527974,0.110655,0.367751,0.078078,1.484144,1.108350
32.883333,1.969111,2.000411,1.866331,2.019738,1.831070,2.022573,2.038973,1.995847,1.012952,1.748528,0.098314,0.530984,0.109753,0.367481,0.077487,1.465040,1.105913
32.900000,1.968978,2.000376,1.868486,2.019576,1.824528,2.022523,2.038931,1.996041,1.006998,1.754065,0.097872,0.533212,0.109132,0.366941,0.077083,1.455037,1.107107
32.916667,1.968883,2.000376,1.869052,2.019600,1.820945,2.022529,2.038609,1.996150,0.998728,1.756711,0.097653,0.534495,0.108792,0.367129,0.076852,1.474195,1.107844
32.933333,1.968844,2.000375,1.869091,2.019654,1.819082,2.022540,2.038373,1.996093,0.992824,1.758115,0.097533,0.535179,0.108614,0.367550,0.076740,1.494697,1.108279
32.950000,1.968843,2.000351,1.868326,2.019967,1.818052,2.022628,2.037760,1.996046,1.000495,1.749202,0.097824,0.535593,0.108961,0.368032,0.076954,1.520591,1.105135
32.966667,1.968957,2.000341,1.864514,2.020165,1.817471,2.022739,2.037172,1.996027,1.012572,1.738852,0.098377,0.536255,0.109227,0.378562,0.077346,1.539559,1.102156
32.983333,1.968760,2.000338,1.861838,2.020436,1.817135,2.022836,2.036897,1.995989,1.024109,1.729525,0.098850,0.536806,0.109594,0.388646,0.077831,1.554081,1.100404
33.000000,1.967177,2.000356,1.860694,2.020643,1.811182,2.022854,2.036918,1.995946,1.035436,1.720971,0.099429,0.537767,0.109731,0.385847,0.077957,1.565466,1.099510
33.016667,1.965838,2.000383,1.859532,2.020871,1.804518,2.022989,2.037310,1.995857,1.046970,1.703554,0.099944,0.538594,0.109809,0.375712,0.077968,1.576766,1.090578
33.033333,1.965325,2.000406,1.858606,2.020968,1.801526,2.023221,2.037678,1.995814,1.058662,1.684915,0.100228,0.537677,0.109976,0.368164,0.077993,1.568657,1.080308
33.050000,1.965679,2.000421,1.859039,2.020890,1.799987,2.023649,2.037803,1.995439,1.075748,1.675764,0.100386,0.538177,0.110804,0.360515,0.078127,1.549103,1.073635
33.066667,1.965986,2.000427,1.861231,2.020844,1.799253,2.023943,2.037408,1.994893,1.087001,1.672832,0.100584,0.538880,0.111344,0.355410,0.078183,1.538229,1.070609
33.083333,1.966199,2.000431,1.865928,2.020938,1.798877,2.024101,2.036741,1.994434,1.093166,1.670677,0.100698,0.539502,0.111630,0.352349,0.078207,1.532696,1.069159
33.100000,1.966314,2.000405,1.870782,2.021087,1.798770,2.024097,2.036201,1.994111,1.094236,1.669368,0.100765,0.539843,0.111776,0.350481,0.078185,1.530830,1.085771
33.116667,1.966382,2.000357,1.876780,2.021277,1.798858,2.023983,2.035780,1.993859,1.091664,1.668810,0.100853,0.540033,0.111884,0.350242,0.078128,1.531134,1.115298
33.133333,1.966642,2.000316,1.882745,2.021476,1.798923,2.023860,2.035422,1.993707,1.080797,1.668616,0.100946,0.540054,0.111983,0.351720,0.078085,1.531652,1.141186
33.150000,1.967091,2.000282,1.887598,2.021619,1.806880,2.023643,2.035658,1.993973,1.064538,1.672103,0.101140,0.533852,0.112208,0.354072,0.078090,1.530303,1.161491
33.166667,1.966900,2.000241,1.893685,2.021568,1.818650,2.023405,2.035926,1.994429,1.051569,1.675865,0.100582,0.529689,0.111555,0.360094,0.078155,1.519447,1.146387
33.183333,1.966387,2.000191,1.902372,2.021340,1.824999,2.023191,2.036441,1.994886,1.043177,1.683489,0.099700,0.534470,0.110706,0.360372,0.077959,1.503700,1.143795
33.200000,1.966179,2.000140,1.907992,2.021048,1.828873,2.023069,2.037498,1.995183,1.038305,1.701878,0.099003,0.540222,0.109048,0.366742,0.076453,1.484861,1.142547
33.216667,1.965437,2.000093,1.911257,2.020850,1.831555,2.022998,2.038342,1.995312,1.035255,1.715154,0.098462,0.544899,0.107847,0.372752,0.075186,1.470391,1.140637
33.233333,1.964716,2.000065,1.912972,2.020755,1.825646,2.022893,2.038744,1.995387,1.033527,1.723210,0.098125,0.547739,0.107043,0.376092,0.074453,1.462952,1.150867
33.250000,1.964320,2.000066,1.914221,2.020770,1.822433,2.022843,2.038925,1.995436,1.032907,1.727828,0.097907,0.549317,0.106500,0.378083,0.074050,1.466598,1.141974
33.266667,1.964105,2.000090,1.914827,2.020876,1.823777,2.022744,2.039056,1.995499,1.034398,1.730338,0.097809,0.550168,0.106294,0.379673,0.073951,1.484132,1.115821
33.283333,1.964055,2.000069,1.914594,2.021073,1.824648,2.022782,2.038864,1.995594,1.046331,1.726720,0.098131,0.546729,0.106846,0.380703,0.074367,1.500595,1.101472
33.300000,1.964646,2.000043,1.909376,2.021263,1.825095,2.022819,2.038776,1.995723,1.038638,1.717488,0.098480,0.543500,0.107433,0.387162,0.074850,1.516191,1.093525
33.316667,1.965355,2.000022,1.904787,2.021504,1.825312,2.022872,2.038691,1.995759,1.038325,1.700486,0.098811,0.541789,0.108135,0.401405,0.075498,1.528929,1.089090
33.333333,1.964799,2.000022,1.901080,2.021743,1.819793,2.022868,2.038626,1.995771,1.042787,1.686787,0.099194,0.541228,0.108757,0.409561,0.076042,1.539670,1.086762
33.350000,1.963537,2.000056,1.897705,2.022005,1.815544,2.023013,2.038212,1.995485,1.049916,1.673941,0.099823,0.537617,0.109312,0.414346,0.076540,1.549369,1.071809
33.366667,1.961578,2.000163,1.894240,2.022067,1.813344,2.023367,2.037960,1.994963,1.062682,1.666506,0.101271,0.523130,0.109990,0.417310,0.077133,1.555470,1.057419
33.383333,1.961752,2.000233,1.891020,2.021700,1.813486,2.023983,2.037984,1.994435,1.082869,1.660381,0.101331,0.519343,0.111280,0.419658,0.078001,1.554884,1.047214
33.400000,1.962028,2.000268,1.889409,2.021515,1.813575,2.024371,2.037762,1.993902,1.095806,1.658223,0.101430,0.517654,0.112039,0.420484,0.078401,1.554800,1.041648
33.416667,1.962193,2.000294,1.887863,2.021431,1.813655,2.024583,2.037253,1.993533,1.102901,1.656644,0.101334,0.516959,0.111926,0.420940,0.078020,1.555115,1.038713
33.433333,1.962249,2.000311,1.883013,2.021381,1.813847,2.024543,2.036579,1.993298,1.103906,1.655473,0.101222,0.516528,0.111707,0.421806,0.077610,1.556343,1.065031
33.450000,1.962271,2.000262,1.879430,2.021329,1.814085,2.024442,2.036144,1.993107,1.095373,1.655788,0.101180,0.516317,0.111534,0.422437,0.077318,1.557494,1.092653
33.466667,1.963359,2.000216,1.883999,2.021421,1.816439,2.024277,2.035912,1.992975,1.072288,1.657283,0.101145,0.515988,0.111468,0.398345,0.077177,1.558256,1.117110
33.483333,1.964410,2.000205,1.888920,2.021471,1.831556,2.024109,2.036449,1.993364,1.052535,1.662074,0.101340,0.506703,0.111664,0.376868,0.077141,1.554794,1.122545
33.500000,1.964379,2.000211,1.892854,2.021386,1.843532,2.023930,2.036115,1.993855,1.039099,1.657052,0.100705,0.502006,0.111515,0.363240,0.077785,1.546494,1.111305
33.516667,1.963844,2.000225,1.896133,2.021265,1.849792,2.023776,2.036622,1.994341,1.031154,1.665550,0.099797,0.505360,0.111347,0.359682,0.078425,1.545456,1.095583
33.533333,1.963538,2.000226,1.898373,2.021123,1.850065,2.023638,2.037677,1.994673,1.026741,1.684191,0.099180,0.510341,0.109647,0.362951,0.076869,1.542969,1.087352
33.550000,1.963521,2.000213,1.899937,2.020976,1.838255,2.023506,2.038687,1.994863,1.023891,1.698316,0.098674,0.514138,0.108375,0.366500,0.075535,1.536804,1.075078
33.566667,1.963337,2.000207,1.901007,2.020881,1.829629,2.023392,2.039136,1.994997,1.022082,1.706110,0.098470,0.516597,0.108100,0.368311,0.075321,1.533177,1.077059
33.583333,1.963236,2.000219,1.901552,2.020890,1.828075,2.023213,2.039394,1.995073,1.021105,1.710475,0.098398,0.517988,0.108108,0.369758,0.075366,1.543189,1.088780
33.600000,1.963190,2.000234,1.901163,2.020953,1.826256,2.023143,2.039550,1.995151,1.022692,1.712793,0.098391,0.518737,0.108242,0.370968,0.075507,1.560637,1.098520
33.616667,1.963269,2.000250,1.899972,2.021288,1.824945,2.023202,2.039521,1.995304,1.034988,1.712196,0.098848,0.512168,0.109049,0.368650,0.076090,1.581763,1.104341
33.633333,1.963341,2.000250,1.898503,2.021580,1.824066,2.023256,2.039249,1.995456,1.027344,1.702545,0.099315,0.508739,0.110061,0.375906,0.077051,1.597762,1.107797
33.650000,1.963443,2.000249,1.896210,2.021824,1.823490,2.023324,2.039280,1.995509,1.027287,1.693425,0.099737,0.507133,0.110648,0.385011,0.077787,1.608270,1.109777
33.666667,1.963529,2.000245,1.893851,2.021950,1.821358,2.023398,2.039294,1.995508,1.032051,1.684691,0.100095,0.506367,0.111165,0.391611,0.078423,1.611491,1.109358
33.683333,1.962074,2.000259,1.891203,2.022103,1.816024,2.023685,2.039292,1.995349,1.041571,1.669925,0.100631,0.506642,0.111247,0.395550,0.078433,1.599689,1.096866
33.700000,1.960957,2.000276,1.888196,2.021977,1.813801,2.024321,2.039080,1.994798,1.062508,1.661206,0.101671,0.501451,0.111475,0.398023,0.078419,1.570491,1.083309
33.716667,1.960587,2.000365,1.887777,2.021791,1.812055,2.025005,2.039243,1.994108,1.087738,1.661721,0.102254,0.495173,0.112159,0.385137,0.078451,1.553877,1.075444
33.733333,1.960527,2.000409,1.888042,2.021613,1.811187,2.025431,2.039083,1.993468,1.103398,1.662459,0.102505,0.491323,0.112368,0.377034,0.078204,1.544215,1.071609
33.750000,1.960508,2.000441,1.887580,2.021511,1.810763,2.025665,2.038358,1.993115,1.112030,1.662115,0.102537,0.489475,0.112242,0.372821,0.077828,1.539071,1.069755
33.766667,1.960470,2.000437,1.883738,2.021454,1.810623,2.025626,2.037698,1.992858,1.114141,1.661844,0.102484,0.488489,0.112006,0.371125,0.077410,1.537344,1.096513
33.783333,1.960443,2.000383,1.881551,2.020968,1.810590,2.025495,2.037218,1.992631,1.095042,1.662765,0.102486,0.488001,0.111792,0.379953,0.077121,1.525642,1.124774
33.800000,1.960425,2.000335,1.881966,2.020307,1.818907,2.025243,2.036963,1.992438,1.066461,1.663863,0.102511,0.487760,0.111636,0.393897,0.076939,1.507182,1.147684
33.816667,1.960942,2.000300,1.886614,2.019771,1.834876,2.025034,2.037739,1.992778,1.045307,1.673484,0.102206,0.484469,0.111370,0.401105,0.077035,1.489700,1.144112
33.833333,1.961646,2.000292,1.892754,2.019422,1.847235,2.024836,2.038186,1.993462,1.030563,1.681782,0.101772,0.478072,0.111343,0.391592,0.077699,1.475143,1.128734
33.850000,1.961496,2.000299,1.896376,2.019198,1.853929,2.024677,2.038513,1.994105,1.021071,1.691590,0.101166,0.480479,0.110991,0.385274,0.077488,1.464443,1.125142
33.866667,1.960846,2.000303,1.898720,2.019043,1.857537,2.024553,2.039225,1.994683,1.015603,1.706817,0.100382,0.482436,0.109246,0.385087,0.075853,1.456169,1.123375
33.883333,1.960633,2.000297,1.900257,2.018831,1.844398,2.024329,2.039608,1.995040,1.012106,1.716870,0.099819,0.484402,0.107529,0.390682,0.073932,1.446531,1.126825
33.900000,1.960514,2.000280,1.901265,2.018764,1.840185,2.023977,2.039255,1.995266,1.010091,1.716855,0.099527,0.485726,0.106567,0.394294,0.072888,1.444896,1.129980
33.916667,1.960450,2.000269,1.901907,2.018995,1.841046,2.023667,2.039000,1.995396,1.009299,1.716972,0.099479,0.486515,0.106088,0.396188,0.072414,1.458896,1.131469
33.933333,1.960414,2.000264,1.901828,2.019286,1.842459,2.023477,2.038739,1.995278,1.011228,1.714341,0.099577,0.486956,0.105961,0.397240,0.072293,1.474963,1.107575
33.950000,1.960427,2.000235,1.901622,2.019568,1.843594,2.023463,2.038050,1.995165,1.025130,1.703934,0.099957,0.487246,0.106494,0.397816,0.072670,1.489448,1.090473
33.966667,1.960554,2.000220,1.899199,2.019789,1.844191,2.023476,2.037006,1.995155,1.018522,1.684296,0.100489,0.487845,0.106801,0.405180,0.073164,1.502534,1.081084
33.983333,1.960748,2.000211,1.901843,2.019957,1.844488,2.023516,2.037254,1.995118,1.018887,1.677840,0.101121,0.488601,0.107763,0.405063,0.074642,1.514557,1.075848
34.000000,1.959894,2.000221,1.902798,2.020033,1.839356,2.023486,2.037540,1.995118,1.024288,1.663632,0.101736,0.489503,0.108840,0.396649,0.076157,1.524857,1.073074
34.016667,1.958227,2.000239,1.902623,2.020372,1.833538,2.023629,2.037626,1.995115,1.032862,1.649351,0.102337,0.490503,0.109444,0.384224,0.076996,1.542692,1.071675
34.033333,1.957526,2.000263,1.901851,2.020583,1.830065,2.023989,2.037703,1.995104,1.044133,1.637155,0.102679,0.489889,0.110074,0.369740,0.077690,1.555848,1.067469
34.050000,1.957826,2.000287,1.901462,2.020566,1.827633,2.024532,2.038062,1.994990,1.063977,1.631141,0.102419,0.493100,0.110504,0.354481,0.077747,1.562472,1.064131
34.066667,1.957834,2.000310,1.901678,2.020456,1.826310,2.024908,2.037830,1.994735,1.077804,1.629289,0.102272,0.496532,0.110706,0.345922,0.077699,1.565281,1.063013
34.083333,1.957843,2.000333,1.903026,2.020386,1.825604,2.025108,2.037121,1.994385,1.085417,1.627884,0.102083,0.498586,0.110523,0.350026,0.077327,1.566884,1.062598
34.100000,1.957806,2.000329,1.901238,2.020345,1.825310,2.025115,2.036555,1.994137,1.087182,1.626989,0.101888,0.499712,0.110161,0.357601,0.076791,1.568502,1.080588
34.116667,1.957811,2.000276,1.899122,2.020277,1.825323,2.025001,2.036321,1.993932,1.085025,1.631276,0.102165,0.500478,0.109375,0.365145,0.075479,1.574863,1.111229
34.133333,1.958390,2.000223,1.897654,2.020084,1.825367,2.024892,2.036147,1.993928,1.079804,1.634688,0.102404,0.498101,0.108854,0.379207,0.074568,1.570691,1.137226
34.150000,1.959919,2.000179,1.896528,2.019997,1.834048,2.024701,2.036486,1.994085,1.067405,1.646130,0.102190,0.495202,0.108338,0.387205,0.074175,1.566344,1.151755
34.166667,1.962108,2.000150,1.897076,2.019951,1.848415,2.024469,2.037960,1.994458,1.055505,1.670123,0.101197,0.487448,0.107695,0.389021,0.074608,1.561799,1.152834
34.183333,1.963059,2.000135,1.897379,2.019891,1.856341,2.024277,2.038620,1.994925,1.047146,1.686575,0.100226,0.492434,0.108456,0.393124,0.076098,1.556919,1.152164
34.200000,1.963221,2.000123,1.898779,2.019829,1.860627,2.024138,2.038723,1.995325,1.042236,1.695681,0.100089,0.498546,0.107065,0.396556,0.074072,1.552135,1.152749
34.216667,1.963134,2.000109,1.900794,2.019764,1.843891,2.023952,2.038791,1.995629,1.039168,1.698923,0.099798,0.502874,0.105984,0.396867,0.072616,1.547676,1.131946
34.233333,1.962929,2.000102,1.902068,2.019733,1.833288,2.023747,2.038730,1.995812,1.037541,1.700897,0.099568,0.504768,0.105204,0.397071,0.071778,1.545930,1.120089
34.250000,1.962772,2.000100,1.902879,2.019717,1.832157,2.023491,2.038691,1.995873,1.036921,1.702100,0.099461,0.505735,0.104975,0.397461,0.071598,1.545718,1.119047
34.266667,1.962689,2.000102,1.902901,2.020089,1.832287,2.023341,2.038680,1.995612,1.039059,1.702797,0.099664,0.506332,0.104834,0.397669,0.071304,1.562111,1.118130
34.283333,1.962672,2.000062,1.902858,2.020438,1.832484,2.023336,2.038131,1.995556,1.032502,1.691971,0.100104,0.506693,0.105259,0.397778,0.071481,1.576683,1.117468
34.300000,1.962473,2.000044,1.900226,2.020794,1.832573,2.023364,2.037035,1.995503,1.025309,1.672135,0.100761,0.507454,0.105170,0.398526,0.071346,1.589658,1.116958
34.316667,1.960284,2.000066,1.898095,2.020807,1.832610,2.023417,2.036530,1.995501,1.026973,1.653298,0.101617,0.507826,0.105223,0.400238,0.071338,1.589398,1.116640
34.333333,1.958320,2.000088,1.895983,2.020877,1.827150,2.023396,2.036301,1.995481,1.033330,1.638868,0.102331,0.508605,0.105292,0.408171,0.071420,1.591763,1.116530
34.350000,1.956880,2.000111,1.893432,2.021037,1.822268,2.023498,2.036179,1.995431,1.042418,1.627062,0.102577,0.511937,0.105229,0.408101,0.071417,1.598056,1.109545
34.366667,1.956434,2.000173,1.890682,2.021175,1.820953,2.023753,2.036270,1.995381,1.053183,1.615809,0.102577,0.513468,0.105307,0.400192,0.071450,1.596199,1.098173
34.383333,1.956267,2.000298,1.888722,2.021076,1.819836,2.024101,2.036708,1.995361,1.068859,1.603479,0.102295,0.510753,0.105993,0.391363,0.071844,1.589310,1.091078
34.400000,1.956649,2.000360,1.888459,2.020977,1.819341,2.024408,2.036719,1.995250,1.081532,1.598970,0.102056,0.510186,0.106605,0.384269,0.072229,1.585208,1.087721
34.416667,1.956923,2.000396,1.888792,2.020888,1.819132,2.024571,2.036103,1.995038,1.088465,1.595787,0.101988,0.511233,0.106985,0.379126,0.072450,1.582874,1.086187
34.433333,1.957136,2.000394,1.887043,2.020824,1.819161,2.024567,2.035647,1.994825,1.089645,1.596162,0.101924,0.512506,0.107196,0.376260,0.072537,1.582390,1.103173
34.450000,1.957540,2.000359,1.883503,2.020832,1.819389,2.024444,2.035973,1.994624,1.086534,1.614168,0.101802,0.517306,0.107694,0.375607,0.072634,1.587559,1.134192
34.466667,1.957485,2.000341,1.879632,2.021034,1.819537,2.024333,2.036213,1.994536,1.083097,1.628817,0.101130,0.524147,0.107862,0.376002,0.073029,1.591300,1.159750
34.483333,1.959270,2.000325,1.876735,2.021112,1.836368,2.024180,2.036309,1.994839,1.072696,1.636695,0.100909,0.516672,0.108017,0.381616,0.073242,1.589559,1.160630
34.500000,1.960383,2.000322,1.879066,2.021015,1.848097,2.024024,2.036549,1.995046,1.063977,1.641218,0.100824,0.510365,0.108136,0.372534,0.073393,1.582350,1.147188
34.516667,1.960274,2.000334,1.880742,2.020917,1.854325,2.023901,2.037232,1.995297,1.058515,1.648342,0.100647,0.506942,0.108190,0.363835,0.073641,1.574556,1.143842
34.533333,1.959667,2.000340,1.882128,2.020814,1.854719,2.023766,2.038598,1.995562,1.055409,1.670315,0.099625,0.504986,0.107919,0.362489,0.074600,1.565925,1.142241
34.550000,1.959279,2.000331,1.883196,2.020744,1.844848,2.023687,2.039282,1.995828,1.052826,1.684926,0.098679,0.505314,0.107023,0.363134,0.074718,1.557766,1.110177
34.566667,1.959114,2.000337,1.883948,2.020769,1.835674,2.023614,2.039382,1.995976,1.051397,1.689485,0.098024,0.508038,0.106745,0.363629,0.075014,1.562914,1.097278
34.583333,1.959014,2.000349,1.884472,2.020853,1.835380,2.023432,2.039425,1.996021,1.050560,1.691882,0.097705,0.509551,0.106892,0.363461,0.075511,1.578251,1.096739
34.600000,1.958963,2.000362,1.884507,2.020943,1.835723,2.023322,2.039457,1.995767,1.050082,1.693240,0.097543,0.510365,0.106979,0.361672,0.075771,1.594524,1.096478
34.616667,1.958961,2.000352,1.883952,2.021023,1.835915,2.023319,2.039340,1.995506,1.039792,1.692140,0.097634,0.510829,0.107738,0.359490,0.076658,1.603831,1.096308
34.633333,1.959002,2.000341,1.885403,2.021164,1.835999,2.023353,2.038579,1.995454,1.030998,1.673077,0.097956,0.511181,0.108785,0.368185,0.077864,1.600379,1.096099
34.650000,1.959083,2.000337,1.884579,2.021197,1.836032,2.023412,2.038216,1.995435,1.031964,1.651950,0.098285,0.511589,0.109077,0.385523,0.078419,1.598678,1.095888
34.666667,1.958121,2.000342,1.882867,2.021291,1.833639,2.023488,2.038113,1.995396,1.039343,1.638449,0.098776,0.512312,0.109011,0.396630,0.078392,1.600553,1.095744
34.683333,1.956404,2.000355,1.882251,2.021397,1.828412,2.023788,2.038288,1.995305,1.056008,1.632842,0.099442,0.513334,0.109045,0.392037,0.078352,1.605603,1.090665
34.700000,1.956043,2.000404,1.881354,2.021292,1.826750,2.024490,2.038634,1.995184,1.081899,1.626302,0.099716,0.515543,0.109244,0.378020,0.078333,1.590762,1.078998
34.716667,1.955372,2.000490,1.881104,2.021085,1.825335,2.025234,2.039112,1.994968,1.110065,1.628309,0.100443,0.510733,0.110086,0.364816,0.078394,1.579468,1.071950
34.733333,1.955260,2.000521,1.881634,2.020952,1.824675,2.025704,2.038910,1.994514,1.127347,1.630118,0.100870,0.507592,0.110379,0.356823,0.078127,1.573233,1.068602
34.750000,1.955270,2.000525,1.882939,2.020839,1.824378,2.025965,2.038185,1.993994,1.136853,1.630320,0.101035,0.506460,0.110383,0.356416,0.077811,1.569778,1.067147
34.766667,1.955273,2.000512,1.882747,2.020766,1.824332,2.025993,2.037624,1.993599,1.130257,1.630371,0.101212,0.505846,0.110564,0.364705,0.077771,1.568663,1.083972
34.783333,1.955269,2.000478,1.880067,2.020757,1.824463,2.025818,2.037216,1.993298,1.096983,1.631306,0.101338,0.505542,0.110643,0.369920,0.077746,1.571198,1.116071
34.800000,1.954968,2.000457,1.877119,2.020946,1.832745,2.025599,2.036904,1.993151,1.072075,1.632998,0.101451,0.505431,0.110668,0.373362,0.077718,1.574490,1.134849
34.816667,1.956301,2.000451,1.874140,2.021115,1.853255,2.025391,2.036921,1.993531,1.050382,1.637826,0.101713,0.494945,0.110901,0.374248,0.077741,1.575086,1.131195
34.833333,1.957143,2.000455,1.876210,2.021043,1.867307,2.025151,2.038130,1.993959,1.035613,1.657547,0.101647,0.485941,0.111049,0.366211,0.078128,1.567135,1.128726
34.850000,1.956943,2.000460,1.877731,2.020961,1.874872,2.024968,2.039306,1.994484,1.026062,1.678569,0.101210,0.482312,0.110476,0.359933,0.078091,1.558719,1.127879
34.866667,1.956348,2.000461,1.879000,2.020872,1.875803,2.024836,2.040101,1.994940,1.020376,1.696756,0.100618,0.482211,0.109008,0.360337,0.076782,1.549620,1.126786
34.883333,1.955892,2.000459,1.879958,2.020798,1.862083,2.024671,2.039809,1.995332,1.016532,1.699368,0.100306,0.482637,0.107933,0.362395,0.075654,1.540795,1.106841
34.900000,1.955543,2.000441,1.880664,2.020793,1.853310,2.024449,2.039212,1.995588,1.014221,1.696385,0.100381,0.483244,0.108520,0.363714,0.076279,1.541349,1.102311
34.916667,1.955332,2.000452,1.880894,2.020877,1.850560,2.024235,2.038846,1.995697,1.013311,1.694959,0.100447,0.483662,0.108819,0.365025,0.076576,1.557421,1.104531
34.933333,1.955216,2.000474,1.880019,2.020982,1.848270,2.024141,2.038523,1.995444,1.015052,1.694095,0.100527,0.483894,0.109257,0.366061,0.077018,1.576161,1.110639
34.950000,1.955175,2.000466,1.879365,2.021058,1.846794,2.024198,2.037539,1.995376,1.028054,1.681792,0.100741,0.484021,0.110502,0.365097,0.078294,1.587143,1.114664
34.966667,1.955173,2.000455,1.880440,2.021477,1.845839,2.024260,2.036338,1.995350,1.030051,1.656712,0.101228,0.484165,0.110735,0.370100,0.078199,1.600447,1.116983
34.983333,1.954124,2.000460,1.881784,2.021544,1.845260,2.024332,2.035868,1.995318,1.031441,1.638043,0.101754,0.484794,0.110726,0.388148,0.078207,1.598790,1.118442
35.000000,1.952127,2.000469,1.880535,2.021548,1.843676,2.024424,2.035624,1.995278,1.037325,1.623478,0.102302,0.485640,0.110758,0.398701,0.078216,1.596881,1.116889
35.016667,1.950418,2.000481,1.880140,2.021680,1.841298,2.024718,2.035493,1.995225,1.045685,1.611386,0.102807,0.486424,0.110793,0.393590,0.078219,1.588278,1.104803
35.033333,1.950158,2.000501,1.879238,2.021459,1.839266,2.025000,2.035696,1.995176,1.055807,1.596369,0.103242,0.481709,0.111073,0.378946,0.078275,1.571974,1.092371
35.050000,1.950610,2.000519,1.878820,2.021116,1.838176,2.025242,2.035990,1.995117,1.066702,1.579821,0.102662,0.484047,0.111441,0.364487,0.078315,1.561486,1.083691
35.066667,1.950967,2.000527,1.879359,2.020942,1.837615,2.025404,2.035985,1.995020,1.072915,1.572896,0.102217,0.485705,0.111362,0.355646,0.078029,1.555771,1.079189
35.083333,1.951214,2.000527,1.880122,2.020827,1.837357,2.025489,2.035426,1.994821,1.076268,1.568765,0.101898,0.486801,0.111098,0.350032,0.077641,1.552682,1.076938
35.100000,1.951341,2.000512,1.880090,2.020740,1.837373,2.025459,2.034930,1.994634,1.075819,1.566389,0.101795,0.487398,0.111092,0.358145,0.077523,1.551675,1.092746
35.116667,1.951684,2.000478,1.877479,2.020713,1.837502,2.025328,2.035442,1.994467,1.072278,1.589459,0.101217,0.490774,0.110849,0.364763,0.077488,1.554063,1.121094
35.133333,1.952146,2.000447,1.874800,2.020887,1.837567,2.025209,2.036303,1.994398,1.068563,1.619964,0.100051,0.500793,0.110642,0.369249,0.077975,1.556484,1.145421
35.150000,1.954649,2.000437,1.872456,2.020974,1.844466,2.025004,2.037216,1.994652,1.059138,1.647273,0.098891,0.504604,0.109838,0.372541,0.077831,1.553833,1.152807
35.166667,1.956214,2.000422,1.870815,2.020904,1.848948,2.024855,2.037913,1.994894,1.051512,1.661764,0.098373,0.501598,0.109005,0.380875,0.077398,1.546580,1.137419
35.183333,1.956803,2.000417,1.872288,2.020793,1.851480,2.024760,2.038575,1.995046,1.046174,1.669809,0.098116,0.500001,0.108311,0.375321,0.076917,1.538085,1.132497
35.200000,1.956162,2.000415,1.874805,2.020666,1.852956,2.024699,2.039112,1.995286,1.043236,1.674315,0.098011,0.499177,0.107634,0.371023,0.076363,1.528367,1.130694
35.216667,1.955383,2.000410,1.876743,2.020570,1.842897,2.024577,2.039666,1.995534,1.040854,1.684774,0.098070,0.498244,0.107604,0.369504,0.076001,1.519129,1.130057
35.233333,1.954848,2.000414,1.878060,2.020556,1.834459,2.024419,2.039796,1.995686,1.039366,1.689366,0.098068,0.498071,0.107490,0.368873,0.075810,1.519528,1.129854
35.250000,1.954513,2.000429,1.879410,2.020604,1.833479,2.024217,2.039858,1.995729,1.038949,1.691588,0.098032,0.498044,0.107351,0.369059,0.075693,1.531112,1.129831
35.266667,1.954364,2.000441,1.882962,2.020717,1.834045,2.024087,2.039902,1.995446,1.041077,1.692821,0.098055,0.498036,0.107398,0.368163,0.075752,1.551960,1.129841
35.283333,1.954317,2.000431,1.885751,2.020798,1.834359,2.024083,2.039785,1.995173,1.034598,1.691595,0.098304,0.498073,0.108067,0.367520,0.076377,1.564830,1.129812
35.300000,1.954340,2.000433,1.889800,2.021068,1.834520,2.024108,2.038785,1.995235,1.026611,1.672352,0.098599,0.498191,0.108561,0.366904,0.076867,1.574281,1.129715
35.316667,1.952591,2.000462,1.899123,2.021488,1.834580,2.024157,2.038323,1.995294,1.027817,1.653587,0.098994,0.499124,0.109421,0.376205,0.078319,1.582373,1.129443
35.333333,1.950321,2.000498,1.907627,2.021782,1.832072,2.024176,2.038116,1.995326,1.034094,1.639240,0.099662,0.499808,0.109302,0.392550,0.078285,1.584921,1.129309
35.350000,1.948341,2.000523,1.912688,2.022185,1.827701,2.024326,2.038002,1.995318,1.042717,1.627537,0.100229,0.500374,0.109324,0.403339,0.078264,1.591543,1.129024
35.366667,1.946443,2.000559,1.915509,2.022541,1.828202,2.024948,2.038153,1.995266,1.058039,1.622128,0.101038,0.498979,0.109325,0.409242,0.078214,1.589854,1.117466
35.383333,1.945445,2.000629,1.917225,2.022530,1.829222,2.025696,2.038486,1.995161,1.080942,1.617451,0.101557,0.495074,0.109580,0.413009,0.078176,1.583003,1.108448
35.400000,1.945412,2.000670,1.918001,2.022536,1.829809,2.026184,2.038156,1.994793,1.096446,1.616212,0.101548,0.494900,0.109583,0.414531,0.077918,1.579449,1.103719
35.416667,1.945442,2.000690,1.918317,2.022555,1.830147,2.026449,2.037413,1.994383,1.104958,1.614864,0.101476,0.495117,0.109346,0.415257,0.077522,1.577905,1.101268
35.433333,1.945455,2.000670,1.918496,2.022586,1.830430,2.026508,2.036834,1.994106,1.107401,1.614016,0.101386,0.495297,0.109046,0.415675,0.077102,1.578142,1.116657
35.450000,1.945936,2.000614,1.917947,2.022508,1.830711,2.026424,2.037365,1.993876,1.105573,1.636404,0.100703,0.498868,0.108622,0.416169,0.077073,1.577816,1.144087
35.466667,1.946633,2.000581,1.915419,2.022473,1.835729,2.026230,2.037762,1.993753,1.084309,1.653717,0.100029,0.504588,0.108519,0.415152,0.077299,1.576849,1.168362
35.483333,1.949292,2.000558,1.913548,2.022429,1.847951,2.026021,2.037933,1.994102,1.066123,1.662908,0.099788,0.495916,0.108549,0.418455,0.077457,1.570431,1.157305
35.500000,1.951293,2.000533,1.913844,2.022279,1.858054,2.025869,2.038175,1.994333,1.053609,1.668063,0.099721,0.487681,0.108420,0.417510,0.077444,1.561369,1.142246
35.516667,1.951646,2.000529,1.913238,2.022126,1.863542,2.025785,2.038948,1.994618,1.045910,1.676646,0.099865,0.483070,0.107836,0.421079,0.076716,1.552304,1.138520
35.533333,1.951037,2.000541,1.912356,2.021775,1.866837,2.025730,2.040391,1.994925,1.041485,1.698430,0.100421,0.480815,0.106565,0.428152,0.074759,1.537623,1.135924
35.550000,1.950308,2.000548,1.911721,2.021377,1.849599,2.025523,2.041016,1.995228,1.038309,1.707255,0.100902,0.479145,0.106192,0.436035,0.073905,1.521352,1.111537
35.566667,1.949811,2.000548,1.911420,2.021168,1.841205,2.025219,2.041014,1.995405,1.036264,1.708316,0.101308,0.478721,0.106655,0.440473,0.074145,1.512713,1.105285
35.583333,1.949485,2.000574,1.910992,2.021142,1.839747,2.024953,2.040987,1.995504,1.035542,1.708833,0.101539,0.478596,0.106904,0.444215,0.074256,1.526033,1.102027
35.600000,1.949325,2.000585,1.910898,2.021162,1.839743,2.024809,2.040846,1.995351,1.037644,1.706645,0.101703,0.478510,0.107303,0.445204,0.074593,1.540863,1.100308
35.616667,1.949301,2.000579,1.913608,2.021175,1.839759,2.024803,2.038816,1.995261,1.031543,1.682286,0.102012,0.478505,0.108113,0.442934,0.075324,1.550438,1.099348
35.633333,1.948980,2.000578,1.916266,2.021512,1.839740,2.024831,2.037397,1.995243,1.023886,1.657907,0.102562,0.478895,0.108381,0.441341,0.075524,1.566774,1.098551
35.650000,1.946598,2.000588,1.918539,2.021926,1.839710,2.024881,2.036826,1.995213,1.025329,1.640458,0.103225,0.479889,0.108466,0.440203,0.075599,1.580449,1.097982
35.666667,1.944401,2.000598,1.920440,2.022368,1.834137,2.024832,2.036514,1.995168,1.031535,1.626870,0.103824,0.480831,0.108496,0.439364,0.075628,1.592105,1.097735
35.683333,1.942337,2.000637,1.922354,2.022863,1.830969,2.025007,2.036347,1.995132,1.040394,1.615687,0.104564,0.479735,0.108524,0.433835,0.075632,1.603584,1.092062
35.700000,1.939499,2.000733,1.922229,2.023183,1.831064,2.025526,2.036428,1.995097,1.053107,1.610960,0.105365,0.475954,0.108799,0.417986,0.075771,1.602907,1.080561
35.716667,1.939149,2.000830,1.922421,2.023235,1.830776,2.025938,2.036762,1.994950,1.068118,1.611169,0.104747,0.475815,0.109505,0.401313,0.076179,1.597122,1.072817
35.733333,1.939981,2.000848,1.922704,2.023188,1.830692,2.026200,2.036920,1.994779,1.077241,1.611408,0.104044,0.476850,0.110158,0.391937,0.076507,1.593471,1.069047
35.750000,1.940469,2.000853,1.922807,2.023126,1.830688,2.026340,2.036428,1.994549,1.082199,1.611067,0.103636,0.478834,0.110496,0.387027,0.076680,1.591374,1.067276
35.766667,1.940746,2.000833,1.924534,2.023215,1.830813,2.026334,2.035944,1.994357,1.082376,1.610706,0.103423,0.480040,0.110672,0.384141,0.076736,1.591400,1.084214
35.783333,1.941259,2.000774,1.928239,2.023435,1.831059,2.026228,2.036126,1.994169,1.078994,1.625019,0.102795,0.485511,0.110721,0.382750,0.076934,1.592972,1.114540
35.800000,1.941420,2.000734,1.931387,2.023638,1.831217,2.026127,2.036342,1.994164,1.075359,1.638113,0.101870,0.490634,0.110549,0.380592,0.077384,1.594147,1.140053
35.816667,1.944271,2.000700,1.934126,2.023727,1.836163,2.025971,2.036362,1.994341,1.068236,1.645003,0.101341,0.486869,0.110483,0.375623,0.077632,1.592716,1.160611
35.833333,1.946742,2.000661,1.936404,2.023372,1.849138,2.025766,2.036342,1.994521,1.059319,1.648774,0.101143,0.479483,0.110371,0.380870,0.077675,1.580119,1.153525
35.850000,1.948579,2.000625,1.937009,2.023141,1.855967,2.025588,2.036842,1.994634,1.053296,1.654983,0.100920,0.474426,0.110225,0.387846,0.077751,1.569353,1.151265
35.866667,1.949079,2.000613,1.936409,2.022945,1.859715,2.025466,2.037845,1.994811,1.049505,1.678359,0.100006,0.471647,0.109266,0.396425,0.077640,1.559171,1.151070
35.883333,1.948804,2.000605,1.935801,2.022740,1.840793,2.025250,2.038332,1.995080,1.046563,1.696970,0.099320,0.472489,0.108060,0.404617,0.076756,1.548630,1.138983
35.900000,1.948556,2.000599,1.935387,2.022625,1.828297,2.025067,2.038390,1.995246,1.045002,1.705333,0.099023,0.472726,0.107277,0.409254,0.076163,1.542992,1.128666
35.916667,1.948362,2.000596,1.935088,2.022565,1.827328,2.024795,2.038422,1.995344,1.044271,1.709918,0.098890,0.472834,0.106823,0.411817,0.075803,1.540126,1.123201
35.933333,1.948319,2.000614,1.934481,2.022682,1.827212,2.024652,2.038435,1.995240,1.046235,1.712417,0.098902,0.470609,0.106893,0.411602,0.075896,1.556167,1.120244
35.950000,1.947947,2.000654,1.932559,2.022747,1.827160,2.024645,2.037675,1.995225,1.039868,1.698894,0.099106,0.468678,0.107453,0.411327,0.076470,1.567263,1.118601
35.966667,1.945506,2.000700,1.928173,2.022638,1.827136,2.024671,2.036915,1.995264,1.031778,1.677103,0.099428,0.468131,0.108066,0.411939,0.077084,1.572868,1.117687
35.983333,1.942913,2.000742,1.924821,2.022815,1.827099,2.024715,2.036648,1.995280,1.032645,1.661131,0.099966,0.468354,0.108458,0.422079,0.077398,1.581939,1.117011
36.000000,1.940575,2.000770,1.922140,2.023082,1.821230,2.024660,2.036506,1.995264,1.038777,1.648249,0.100662,0.469096,0.108354,0.429678,0.077318,1.590259,1.116654
36.016667,1.938240,2.000832,1.919544,2.023321,1.817390,2.024725,2.036762,1.995312,1.047752,1.629814,0.101701,0.464774,0.108362,0.434131,0.077306,1.597796,1.106498
36.033333,1.937781,2.000877,1.917032,2.023519,1.816512,2.024995,2.037003,1.995322,1.060306,1.612120,0.101607,0.463273,0.108623,0.429234,0.077428,1.605189,1.094822
36.050000,1.938728,2.000892,1.914771,2.023203,1.816964,2.025547,2.037241,1.995181,1.081707,1.603902,0.100595,0.467423,0.109659,0.414999,0.078153,1.597260,1.085849
36.066667,1.939604,2.000883,1.914358,2.023016,1.817320,2.025951,2.036723,1.994913,1.096969,1.599319,0.099968,0.471020,0.109869,0.404426,0.077973,1.593027,1.081329
36.083333,1.940210,2.000873,1.914659,2.022895,1.817559,2.026172,2.035897,1.994591,1.105364,1.595566,0.099542,0.473676,0.109742,0.397560,0.077607,1.590776,1.079114
36.100000,1.940647,2.000860,1.915454,2.022805,1.817821,2.026212,2.035500,1.994363,1.107512,1.598895,0.099114,0.475566,0.109396,0.395506,0.077192,1.590314,1.095410
36.116667,1.941208,2.000812,1.917201,2.022697,1.818153,2.026127,2.035929,1.994192,1.105183,1.620671,0.097932,0.481506,0.108565,0.401168,0.077129,1.590543,1.125099
36.133333,1.943014,2.000773,1.915630,2.022640,1.818336,2.026007,2.036834,1.994115,1.085413,1.651760,0.096945,0.491455,0.108653,0.404162,0.077785,1.590350,1.151703
36.150000,1.947280,2.000754,1.914785,2.022641,1.835452,2.025879,2.037986,1.994457,1.065443,1.682633,0.096792,0.486763,0.107353,0.401252,0.075973,1.586667,1.153162
36.166667,1.950037,2.000739,1.915030,2.022462,1.848221,2.025712,2.038621,1.994656,1.051380,1.699821,0.096826,0.480902,0.106379,0.399970,0.074650,1.577803,1.143287
36.183333,1.950945,2.000736,1.914291,2.022294,1.854941,2.025556,2.039467,1.994865,1.042976,1.709454,0.096887,0.477504,0.105604,0.403083,0.073667,1.568934,1.137377
36.200000,1.950495,2.000746,1.912821,2.022127,1.855530,2.025434,2.039623,1.995142,1.038511,1.709595,0.096962,0.475825,0.104821,0.409109,0.072763,1.559274,1.134390
36.216667,1.949862,2.000758,1.911646,2.021936,1.839128,2.025259,2.038854,1.995427,1.035307,1.700999,0.097367,0.474873,0.105611,0.415932,0.073262,1.548821,1.106472
36.233333,1.949378,2.000708,1.911079,2.021817,1.830678,2.025009,2.038388,1.995599,1.033265,1.696380,0.097814,0.474385,0.106541,0.419890,0.074031,1.542859,1.091355
36.250000,1.949068,2.000693,1.910569,2.021819,1.829768,2.024768,2.038110,1.995652,1.032376,1.693702,0.098104,0.474249,0.106931,0.422739,0.074417,1.551447,1.083269
36.266667,1.948920,2.000690,1.910034,2.021879,1.829971,2.024636,2.037967,1.995377,1.034135,1.692291,0.098311,0.474197,0.107267,0.424801,0.074737,1.567708,1.078935
36.283333,1.948933,2.000677,1.909882,2.022033,1.830073,2.024642,2.037843,1.995042,1.039804,1.691396,0.098847,0.474461,0.107735,0.425995,0.075138,1.580601,1.076480
36.300000,1.949036,2.000679,1.911497,2.022496,1.830107,2.024667,2.037737,1.994952,1.031172,1.681821,0.099436,0.474888,0.107690,0.426144,0.075085,1.598445,1.074888
36.316667,1.947055,2.000698,1.914027,2.022875,1.830109,2.024713,2.037740,1.994914,1.031817,1.666070,0.100051,0.475779,0.107696,0.425727,0.075086,1.606224,1.073939
36.333333,1.944727,2.000712,1.915755,2.023177,1.824354,2.024658,2.037694,1.994886,1.037273,1.650955,0.100612,0.476713,0.107752,0.425381,0.075149,1.610311,1.073537
36.350000,1.942636,2.000724,1.914851,2.023453,1.819104,2.024749,2.037660,1.994843,1.045310,1.638925,0.101114,0.477579,0.107840,0.425681,0.075252,1.616508,1.069432
36.366667,1.943488,2.000851,1.913827,2.023520,1.819151,2.025298,2.037935,1.994857,1.060138,1.626780,0.101047,0.473656,0.108202,0.416955,0.075494,1.602734,1.057130
36.383333,1.943929,2.000917,1.913414,2.023358,1.818883,2.025942,2.038254,1.994745,1.083158,1.623689,0.101410,0.463776,0.109724,0.402094,0.076249,1.591714,1.049082
36.400000,1.944808,2.000893,1.913632,2.023224,1.818778,2.026388,2.037768,1.994469,1.098969,1.621580,0.101189,0.460644,0.110752,0.393107,0.076823,1.585478,1.045144
36.416667,1.945451,2.000882,1.913782,2.023131,1.818760,2.026632,2.036961,1.994123,1.107676,1.619216,0.101054,0.459897,0.111292,0.388310,0.077127,1.582115,1.043267
36.433333,1.945904,2.000871,1.915922,2.023199,1.818899,2.026604,2.036477,1.993868,1.108885,1.620234,0.100930,0.459946,0.111571,0.384586,0.077226,1.581950,1.072342
36.450000,1.946296,2.000821,1.920011,2.023416,1.819109,2.026515,2.036574,1.993647,1.100089,1.632984,0.100918,0.464671,0.112198,0.382146,0.077377,1.583217,1.102726
36.466667,1.947441,2.000775,1.923452,2.023619,1.819314,2.026397,2.037115,1.993714,1.077740,1.653204,0.099851,0.469434,0.112483,0.379113,0.078369,1.584659,1.130691
36.483333,1.950356,2.000742,1.926504,2.023806,1.830985,2.026214,2.037354,1.994076,1.057901,1.665260,0.099373,0.460887,0.112392,0.375161,0.078577,1.585474,1.144759
36.500000,1.951976,2.000700,1.929512,2.023510,1.845537,2.026011,2.037895,1.994317,1.043276,1.672224,0.099154,0.454291,0.112187,0.382293,0.078517,1.574405,1.146393
36.516667,1.952281,2.000663,1.931588,2.023236,1.854181,2.025821,2.037841,1.994542,1.033558,1.669943,0.099044,0.450324,0.112033,0.392137,0.078456,1.562053,1.151159
36.533333,1.951507,2.000661,1.931349,2.023027,1.854407,2.025646,2.037726,1.994897,1.027235,1.669724,0.098337,0.448183,0.111068,0.402559,0.078087,1.550750,1.154913
36.550000,1.950688,2.000666,1.930946,2.022847,1.833634,2.025356,2.037986,1.995275,1.023167,1.675538,0.097384,0.447744,0.109554,0.411625,0.077040,1.540303,1.133665
36.566667,1.950212,2.000667,1.930621,2.022753,1.819840,2.025060,2.037801,1.995504,1.021134,1.675462,0.096855,0.449973,0.108575,0.416712,0.076262,1.534913,1.122430
36.583333,1.949904,2.000672,1.930251,2.022733,1.817282,2.024747,2.037669,1.995594,1.020546,1.675650,0.096603,0.451320,0.108008,0.419304,0.075802,1.536508,1.116697
36.600000,1.949743,2.000695,1.929610,2.022885,1.822729,2.024436,2.037616,1.995339,1.030581,1.675892,0.096652,0.452078,0.108378,0.419914,0.076201,1.557051,1.114027
36.616667,1.949716,2.000722,1.928305,2.022969,1.826291,2.024308,2.037393,1.995073,1.038397,1.674066,0.096877,0.452538,0.108996,0.420261,0.076751,1.572716,1.114567
36.633333,1.949403,2.000783,1.922532,2.022856,1.826826,2.024278,2.036864,1.995008,1.028727,1.661912,0.097297,0.453125,0.109295,0.421405,0.077003,1.581112,1.118808
36.650000,1.946978,2.000824,1.918486,2.023103,1.827060,2.024296,2.036649,1.994977,1.028264,1.650644,0.097764,0.454093,0.109715,0.431231,0.077581,1.594015,1.120985
36.666667,1.944487,2.000851,1.915935,2.023361,1.824624,2.024317,2.036521,1.994939,1.032637,1.640424,0.098292,0.454709,0.110237,0.446778,0.078299,1.604821,1.116263
36.683333,1.942247,2.000869,1.913590,2.023520,1.823321,2.024463,2.036762,1.994904,1.040121,1.626993,0.098820,0.455418,0.110264,0.452645,0.078302,1.612483,1.108665
36.700000,1.941257,2.000917,1.911020,2.023456,1.822839,2.024785,2.037094,1.994925,1.050820,1.609476,0.099011,0.455797,0.110592,0.443296,0.078366,1.604376,1.096651
36.716667,1.938647,2.001008,1.908907,2.023004,1.822261,2.025306,2.037368,1.994877,1.069573,1.602056,0.100120,0.450754,0.111682,0.428927,0.078539,1.591547,1.089168
36.733333,1.937600,2.001051,1.908198,2.022738,1.822093,2.025725,2.037037,1.994771,1.084619,1.598330,0.100875,0.447083,0.112400,0.419587,0.078561,1.584525,1.085522
36.750000,1.937215,2.001060,1.908419,2.022582,1.822054,2.025951,2.036301,1.994562,1.092945,1.595213,0.100974,0.446327,0.112459,0.413258,0.078319,1.580835,1.083776
36.766667,1.937122,2.001044,1.908888,2.022475,1.822179,2.025993,2.035954,1.994364,1.094881,1.599546,0.100958,0.444130,0.112364,0.408834,0.078002,1.579642,1.100346
36.783333,1.937223,2.000996,1.909810,2.022355,1.822455,2.025908,2.036284,1.994187,1.092090,1.618171,0.100607,0.441973,0.112060,0.409398,0.077858,1.579585,1.131047
36.800000,1.940462,2.000962,1.910978,2.022391,1.823987,2.025807,2.037051,1.994041,1.088667,1.645628,0.099517,0.442789,0.111509,0.409367,0.078132,1.579521,1.152964
36.816667,1.944316,2.000940,1.910869,2.022430,1.840858,2.025682,2.037803,1.994146,1.074559,1.670771,0.098625,0.442134,0.111055,0.407344,0.078293,1.575918,1.154784
36.833333,1.946582,2.000923,1.911128,2.022294,1.852451,2.025590,2.038359,1.994363,1.063966,1.684084,0.098328,0.434989,0.110688,0.409688,0.078255,1.567090,1.133624
36.850000,1.946898,2.000926,1.910338,2.022170,1.858724,2.025575,2.039047,1.994650,1.057503,1.691601,0.098196,0.430875,0.110050,0.414974,0.077843,1.558148,1.122923
36.866667,1.946152,2.000938,1.908805,2.022045,1.859234,2.025539,2.039655,1.994953,1.054124,1.695902,0.098151,0.428840,0.109245,0.422376,0.077192,1.548336,1.117376
36.883333,1.945235,2.000954,1.907611,2.021890,1.840562,2.025349,2.039884,1.995254,1.051312,1.701293,0.098384,0.427066,0.109153,0.429981,0.076752,1.538078,1.104642
36.900000,1.944630,2.000955,1.907033,2.021765,1.829024,2.025099,2.039911,1.995433,1.049544,1.703155,0.098502,0.426515,0.109106,0.434295,0.076609,1.531805,1.097862
36.916667,1.944253,2.000958,1.906493,2.021770,1.827356,2.024838,2.039876,1.995528,1.048768,1.703511,0.098749,0.426553,0.108997,0.437325,0.076511,1.540339,1.097650
36.933333,1.944074,2.000972,1.905911,2.021838,1.827087,2.024695,2.039860,1.995329,1.050499,1.703741,0.098925,0.426587,0.109017,0.439545,0.076537,1.556890,1.097571
36.950000,1.944073,2.000998,1.902559,2.021956,1.826928,2.024676,2.039271,1.995103,1.043909,1.696464,0.099412,0.426804,0.109429,0.441777,0.076871,1.575024,1.097325
36.966667,1.942900,2.001020,1.899047,2.022176,1.826826,2.024694,2.038287,1.995062,1.036020,1.678193,0.100014,0.427493,0.109527,0.443436,0.077009,1.591804,1.097007
36.983333,1.940124,2.001033,1.897448,2.022492,1.826753,2.024735,2.037914,1.995021,1.036729,1.664206,0.100623,0.428442,0.109695,0.444645,0.077225,1.605357,1.096692
37.000000,1.937596,2.001047,1.896973,2.022682,1.820810,2.024671,2.037708,1.994971,1.042012,1.652709,0.101159,0.429294,0.109978,0.439049,0.077546,1.614122,1.096599
37.016667,1.935734,2.001047,1.896822,2.022892,1.817446,2.024762,2.037605,1.994906,1.049963,1.642810,0.101330,0.431511,0.110237,0.436316,0.077851,1.620178,1.090058
37.033333,1.935411,2.001069,1.896761,2.023051,1.817523,2.025089,2.037620,1.994835,1.060526,1.635904,0.100794,0.434462,0.110626,0.434657,0.078194,1.607788,1.076374
37.050000,1.933414,2.001123,1.897354,2.023027,1.817352,2.025569,2.037822,1.994780,1.079072,1.628388,0.101370,0.428661,0.111758,0.430652,0.078744,1.596718,1.067793
37.066667,1.933461,2.001096,1.898218,2.022971,1.817312,2.025912,2.037849,1.994667,1.091735,1.625892,0.100952,0.427847,0.112299,0.427756,0.078763,1.590449,1.063682
37.083333,1.933651,2.001084,1.898785,2.022930,1.817336,2.026101,2.037236,1.994467,1.098662,1.623797,0.100719,0.428566,0.112582,0.426219,0.078763,1.587189,1.061695
37.100000,1.933849,2.001064,1.899061,2.022892,1.817547,2.026065,2.036802,1.994286,1.098714,1.624826,0.100577,0.429485,0.112752,0.425445,0.078685,1.586734,1.090279
37.116667,1.934222,2.000985,1.902701,2.023054,1.819534,2.025982,2.036962,1.994097,1.096469,1.638091,0.100411,0.432488,0.113023,0.424450,0.078648,1.587717,1.115966
37.133333,1.937127,2.000925,1.906436,2.023243,1.823160,2.025861,2.037632,1.994127,1.074271,1.660946,0.099750,0.437964,0.113182,0.417368,0.078922,1.588465,1.135034
37.150000,1.940480,2.000884,1.909724,2.023375,1.838209,2.025717,2.038348,1.994478,1.053732,1.683329,0.099146,0.429907,0.112525,0.412171,0.078784,1.587430,1.140248
37.166667,1.942873,2.000838,1.912534,2.023355,1.850171,2.025554,2.039144,1.994725,1.039780,1.695538,0.098830,0.422802,0.112101,0.417472,0.078672,1.580057,1.143962
37.183333,1.944202,2.000792,1.914812,2.023274,1.856607,2.025401,2.039696,1.994876,1.030960,1.702186,0.098653,0.418255,0.111821,0.424794,0.078591,1.572000,1.145781
37.200000,1.943945,2.000763,1.916479,2.023095,1.859869,2.025291,2.039036,1.995112,1.025993,1.693551,0.098578,0.415943,0.111260,0.434209,0.078218,1.561858,1.128362
37.216667,1.943459,2.000739,1.919826,2.022716,1.842483,2.025126,2.038729,1.995357,1.022531,1.693126,0.098347,0.414049,0.110513,0.437354,0.077786,1.546975,1.084211
37.233333,1.943415,2.000729,1.921521,2.022513,1.830308,2.024977,2.038347,1.995497,1.020577,1.691073,0.098156,0.417319,0.111325,0.439252,0.078926,1.539021,1.067013
37.250000,1.943408,2.000732,1.922271,2.022433,1.824026,2.024927,2.038060,1.995572,1.019767,1.689572,0.098108,0.420142,0.111271,0.440114,0.078899,1.539103,1.060122
37.266667,1.943406,2.000759,1.922203,2.022543,1.824306,2.024812,2.037926,1.995357,1.021130,1.688891,0.098139,0.421673,0.111282,0.439860,0.078878,1.558635,1.056439
37.283333,1.943514,2.000771,1.923499,2.022619,1.824453,2.024829,2.037740,1.995030,1.033084,1.686640,0.098578,0.422754,0.111464,0.439308,0.078862,1.572378,1.054430
37.300000,1.941356,2.000787,1.925839,2.022682,1.824545,2.024864,2.037575,1.994940,1.026000,1.675572,0.099104,0.423933,0.111587,0.438519,0.078858,1.579745,1.053342
37.316667,1.938721,2.000803,1.926495,2.023135,1.824565,2.024910,2.037581,1.994866,1.025756,1.665326,0.099504,0.426128,0.111591,0.438258,0.078833,1.592226,1.052525
37.333333,1.936292,2.000811,1.926295,2.023542,1.818675,2.024846,2.037559,1.994860,1.030216,1.653204,0.099822,0.428410,0.111589,0.438270,0.078815,1.602472,1.052169
37.350000,1.935379,2.000878,1.926020,2.023574,1.812213,2.024831,2.037813,1.994878,1.037809,1.635199,0.099846,0.429489,0.111711,0.423824,0.078841,1.603597,1.049769
37.366667,1.934108,2.001059,1.925004,2.023411,1.812604,2.025174,2.038014,1.994940,1.048375,1.620416,0.099855,0.428627,0.112272,0.407356,0.078996,1.585743,1.035076
37.383333,1.932008,2.001135,1.924726,2.023031,1.813835,2.025736,2.038302,1.994857,1.066821,1.615429,0.101149,0.418132,0.113600,0.391319,0.079208,1.572009,1.024427
37.400000,1.931228,2.001162,1.924666,2.022804,1.814506,2.026132,2.037788,1.994602,1.080061,1.612472,0.102174,0.410337,0.114496,0.382622,0.079309,1.564257,1.018949
37.416667,1.931194,2.001181,1.924638,2.022660,1.814920,2.026351,2.036932,1.994250,1.087349,1.609807,0.102540,0.409103,0.115041,0.377946,0.079378,1.560090,1.016271
37.433333,1.931350,2.001159,1.926847,2.022690,1.815340,2.026335,2.036419,1.993991,1.087574,1.610695,0.102731,0.411384,0.115472,0.383808,0.079324,1.559464,1.044184
37.450000,1.932855,2.001090,1.930956,2.022869,1.815710,2.026264,2.036668,1.993760,1.085415,1.627542,0.102500,0.423713,0.116014,0.390637,0.079335,1.560420,1.073399
37.466667,1.936636,2.001031,1.934682,2.023040,1.818062,2.026154,2.037215,1.993610,1.077630,1.649449,0.100831,0.432766,0.114555,0.396566,0.079033,1.561228,1.098064
37.483333,1.940521,2.000997,1.937466,2.023220,1.837454,2.026076,2.038217,1.993619,1.060120,1.676835,0.098998,0.437536,0.112598,0.394628,0.078676,1.561682,1.096548
37.500000,1.943216,2.000965,1.938973,2.023209,1.849984,2.025946,2.039330,1.993761,1.048467,1.698279,0.097957,0.438361,0.111172,0.400621,0.078379,1.555523,1.100126
37.516667,1.945318,2.000939,1.939012,2.023133,1.857301,2.025832,2.039622,1.994123,1.041928,1.704334,0.097996,0.431081,0.110602,0.406317,0.078139,1.548267,1.105539
37.533333,1.946630,2.000916,1.938439,2.023030,1.859688,2.025804,2.038117,1.994384,1.038347,1.686503,0.098048,0.426332,0.109902,0.413591,0.077698,1.540258,1.086517
37.550000,1.946875,2.000903,1.938192,2.022928,1.842994,2.025632,2.036826,1.994670,1.035729,1.666631,0.098645,0.424205,0.111005,0.419027,0.078472,1.532874,1.054737
37.566667,1.947006,2.000893,1.938109,2.022876,1.830788,2.025462,2.035954,1.994849,1.034160,1.652740,0.099563,0.423156,0.111504,0.421705,0.078567,1.529175,1.046167
37.583333,1.947051,2.000895,1.937870,2.022877,1.830587,2.025226,2.035476,1.994953,1.033266,1.645169,0.100106,0.422515,0.111576,0.422732,0.078544,1.531003,1.042708
37.600000,1.946685,2.000919,1.937252,2.023066,1.830919,2.025104,2.035222,1.994870,1.034650,1.641107,0.100491,0.422289,0.111683,0.421097,0.078543,1.551449,1.040805
37.616667,1.944212,2.000958,1.935992,2.023200,1.831097,2.025112,2.035174,1.994495,1.038638,1.639173,0.101084,0.424442,0.111919,0.419621,0.078580,1.569526,1.039737
37.633333,1.942410,2.001037,1.930613,2.023141,1.831202,2.025139,2.035727,1.994114,1.029209,1.640589,0.101227,0.435800,0.111568,0.419348,0.078497,1.582220,1.039136
37.650000,1.940327,2.001094,1.928097,2.023025,1.831263,2.025193,2.036015,1.993924,1.028990,1.638148,0.101582,0.445447,0.110969,0.447708,0.077998,1.588820,1.038793
37.666667,1.937945,2.001134,1.926387,2.022919,1.825465,2.025126,2.036184,1.993842,1.033084,1.632470,0.102092,0.451127,0.110842,0.469063,0.078031,1.592306,1.038785
37.683333,1.935642,2.001165,1.923799,2.022515,1.820153,2.025102,2.036371,1.993741,1.039630,1.627452,0.102597,0.454627,0.110969,0.475187,0.078286,1.576333,1.034080
37.700000,1.933687,2.001183,1.921198,2.022160,1.819842,2.025265,2.036494,1.993651,1.047775,1.621627,0.103214,0.454767,0.111105,0.472399,0.078303,1.560578,1.024421
37.716667,1.932271,2.001180,1.919229,2.021652,1.821456,2.025568,2.036973,1.993572,1.057682,1.615108,0.104232,0.449065,0.111539,0.463981,0.078331,1.545193,1.015712
37.733333,1.931484,2.001174,1.919035,2.021345,1.822424,2.025796,2.037214,1.993499,1.064694,1.612994,0.104973,0.445645,0.111949,0.455981,0.078320,1.536522,1.011388
37.750000,1.931149,2.001172,1.919484,2.021177,1.822980,2.025921,2.037035,1.993403,1.068512,1.611702,0.105408,0.443695,0.112196,0.450222,0.078313,1.531994,1.009266
37.766667,1.930997,2.001154,1.921043,2.021114,1.823495,2.025864,2.036836,1.993248,1.067045,1.617195,0.105223,0.448591,0.112275,0.445313,0.078244,1.530947,1.037634
37.783333,1.931694,2.001117,1.925646,2.021256,1.823937,2.025784,2.036992,1.993354,1.064210,1.626360,0.104628,0.457739,0.112222,0.441259,0.078159,1.531678,1.067361
37.800000,1.935676,2.001070,1.929226,2.021441,1.827919,2.025699,2.036952,1.993362,1.060849,1.631187,0.104205,0.461252,0.112206,0.432538,0.078100,1.532418,1.083859
37.816667,1.939223,2.001026,1.931535,2.021711,1.837258,2.025594,2.037080,1.993481,1.053949,1.638518,0.104196,0.457138,0.112439,0.424725,0.078101,1.533114,1.094400
37.833333,1.942248,2.000990,1.933780,2.021812,1.848623,2.025468,2.038070,1.993675,1.046615,1.655130,0.104550,0.449073,0.113105,0.423899,0.078211,1.529312,1.097700
37.850000,1.944424,2.000962,1.935308,2.021767,1.854801,2.025354,2.038962,1.993827,1.041763,1.669913,0.104880,0.442731,0.113739,0.428368,0.078312,1.521356,1.103862
37.866667,1.944887,2.000958,1.935845,2.021647,1.855002,2.025363,2.039621,1.994035,1.039061,1.680772,0.105206,0.439096,0.114422,0.431520,0.078515,1.511459,1.067278
37.883333,1.945200,2.000946,1.936328,2.021542,1.833887,2.025198,2.039274,1.994177,1.036903,1.680300,0.104897,0.437876,0.113888,0.434035,0.078590,1.502909,1.009618
37.900000,1.945387,2.000938,1.936444,2.021489,1.821508,2.025110,2.038884,1.994271,1.035700,1.678047,0.105498,0.437570,0.113739,0.435655,0.078527,1.498468,1.010540
37.916667,1.945413,2.000941,1.936298,2.021489,1.816844,2.025030,2.038632,1.994332,1.035162,1.676669,0.105899,0.437243,0.113684,0.436198,0.078490,1.500293,1.013121
37.933333,1.945534,2.000968,1.935750,2.021645,1.817191,2.024916,2.038518,1.994228,1.034668,1.676036,0.106037,0.437497,0.113611,0.435035,0.078391,1.520494,1.014527
37.950000,1.943630,2.000992,1.934087,2.021657,1.817380,2.024912,2.038126,1.993967,1.036388,1.668893,0.106282,0.440735,0.113727,0.434790,0.078454,1.532189,1.015260
37.966667,1.941276,2.001067,1.930459,2.021557,1.817489,2.024945,2.037340,1.993934,1.028521,1.645942,0.106634,0.443367,0.113833,0.435060,0.078480,1.538206,1.015636
37.983333,1.938974,2.001138,1.928328,2.021774,1.817520,2.024991,2.036975,1.993923,1.028581,1.628507,0.107006,0.445402,0.113834,0.444631,0.078454,1.549541,1.015621
38.000000,1.939211,2.001318,1.927009,2.021948,1.811396,2.024917,2.036727,1.993949,1.033118,1.614770,0.107489,0.439192,0.113980,0.448949,0.078460,1.558377,1.015716
38.016667,1.938362,2.001544,1.925927,2.021904,1.805410,2.024944,2.036590,1.993979,1.040267,1.603397,0.107323,0.436148,0.114191,0.437281,0.078522,1.562907,1.012617
38.033333,1.937540,2.001689,1.924513,2.021680,1.804115,2.025264,2.036643,1.993975,1.052866,1.597952,0.107341,0.431986,0.115011,0.423083,0.078796,1.561549,1.006572
38.050000,1.937215,2.001694,1.923862,2.021211,1.805755,2.025911,2.036920,1.993868,1.072824,1.593401,0.108686,0.419577,0.116414,0.407164,0.078769,1.553614,0.999196
38.066667,1.938586,2.001678,1.923931,2.020973,1.806702,2.026346,2.037030,1.993716,1.086080,1.592716,0.108928,0.412117,0.117827,0.397963,0.078949,1.549351,0.995434
38.083333,1.940460,2.001669,1.924405,2.020842,1.807244,2.026584,2.036472,1.993465,1.093406,1.591283,0.108577,0.411469,0.118820,0.391907,0.079118,1.547146,0.993546
38.100000,1.941615,2.001647,1.925225,2.020741,1.807707,2.026585,2.036239,1.993233,1.094264,1.596789,0.108434,0.410435,0.119456,0.390675,0.079187,1.546935,1.020654
38.116667,1.942687,2.001599,1.927046,2.020627,1.808123,2.026528,2.036785,1.993037,1.092706,1.619715,0.107175,0.418552,0.119402,0.393996,0.079655,1.546907,1.048766
38.133333,1.945317,2.001564,1.928403,2.020724,1.810615,2.026410,2.037686,1.992893,1.071653,1.649025,0.105095,0.428978,0.117622,0.399671,0.079343,1.547258,1.073602
38.150000,1.949337,2.001570,1.927420,2.020876,1.826427,2.026326,2.038667,1.992916,1.051857,1.673145,0.103357,0.435219,0.115976,0.395835,0.079060,1.547672,1.080218
38.166667,1.951964,2.001588,1.926839,2.020890,1.839545,2.026196,2.039758,1.993050,1.038912,1.686441,0.102322,0.438465,0.114995,0.392451,0.078890,1.543783,1.081893
38.183333,1.953222,2.001607,1.926981,2.020723,1.847104,2.026079,2.040610,1.993258,1.031659,1.693803,0.101701,0.440161,0.114381,0.392589,0.078772,1.533264,1.083392
38.200000,1.953246,2.001625,1.926299,2.020566,1.850257,2.026028,2.040710,1.993646,1.027791,1.692274,0.101436,0.437440,0.113997,0.396335,0.078686,1.522769,1.075596
38.216667,1.953266,2.001634,1.925638,2.020441,1.830686,2.025814,2.039901,1.993858,1.024915,1.683239,0.101038,0.436878,0.113208,0.401418,0.078584,1.513035,1.038991
38.233333,1.953274,2.001608,1.925310,2.020387,1.822152,2.025555,2.039548,1.993996,1.022810,1.680142,0.101168,0.436365,0.112807,0.404336,0.078485,1.508350,1.040599
38.250000,1.953256,2.001594,1.925141,2.020361,1.819774,2.025380,2.039308,1.994074,1.021931,1.678060,0.101556,0.436005,0.112763,0.405953,0.078424,1.506045,1.056512
38.266667,1.953279,2.001609,1.924117,2.020428,1.817906,2.025297,2.039179,1.993955,1.023194,1.676981,0.101913,0.435933,0.112797,0.406312,0.078388,1.523835,1.068925
38.283333,1.952294,2.001636,1.920719,2.020356,1.816578,2.025335,2.038624,1.993647,1.034117,1.668320,0.102630,0.436428,0.112964,0.407204,0.078371,1.535609,1.076517
38.300000,1.949780,2.001655,1.918607,2.020469,1.815657,2.025376,2.037151,1.993447,1.027120,1.642487,0.103252,0.438051,0.113087,0.399755,0.078402,1.550874,1.080896
38.316667,1.947477,2.001684,1.919499,2.020553,1.815337,2.025448,2.036259,1.992948,1.026716,1.621910,0.103647,0.440367,0.113112,0.400297,0.078311,1.562623,1.082917
38.333333,1.946553,2.001686,1.919516,2.020590,1.813335,2.025533,2.035545,1.992186,1.030819,1.604758,0.103620,0.441022,0.113422,0.396043,0.078423,1.569870,1.081986
38.350000,1.946943,2.001660,1.919167,2.020556,1.806522,2.025578,2.035075,1.991489,1.037661,1.590944,0.102662,0.445058,0.113830,0.390036,0.078511,1.570066,1.078401
38.366667,1.948009,2.001597,1.918972,2.020519,1.805562,2.025873,2.034751,1.990886,1.046949,1.579044,0.101819,0.449677,0.114500,0.385691,0.078479,1.547257,1.069270
38.383333,1.948150,2.001514,1.919455,2.020302,1.805448,2.026192,2.034596,1.990375,1.059667,1.567594,0.102496,0.446558,0.115036,0.380140,0.077473,1.530326,1.062588
38.400000,1.948330,2.001466,1.920052,2.020188,1.805456,2.026379,2.034560,1.990010,1.067100,1.561388,0.103070,0.443420,0.115386,0.376623,0.076849,1.521072,1.059276
38.416667,1.948546,2.001436,1.921053,2.020152,1.805499,2.026485,2.034522,1.989847,1.071133,1.558562,0.103338,0.442753,0.115545,0.374651,0.076486,1.516220,1.057721
38.433333,1.947910,2.001471,1.924653,2.020279,1.805674,2.026421,2.034763,1.990029,1.069399,1.570750,0.103100,0.450424,0.115692,0.373251,0.076256,1.515233,1.085841
38.450000,1.949389,2.001411,1.928240,2.020418,1.805892,2.026331,2.035419,1.990336,1.066003,1.591869,0.102364,0.461463,0.115710,0.372230,0.076296,1.515626,1.115815
38.466667,1.955266,2.001320,1.932552,2.020586,1.806015,2.026241,2.036457,1.990713,1.062282,1.618407,0.099940,0.468546,0.114610,0.387765,0.077070,1.526894,1.141224
38.483333,1.962611,2.001176,1.935602,2.020805,1.813834,2.026110,2.038362,1.991092,1.053073,1.649995,0.097487,0.464744,0.113382,0.394946,0.078009,1.538730,1.160872
38.500000,1.966974,2.001098,1.937957,2.020955,1.819011,2.025939,2.040405,1.991450,1.045074,1.680125,0.095731,0.466072,0.112034,0.397854,0.078190,1.543797,1.150786
38.516667,1.968820,2.001042,1.940256,2.020876,1.821977,2.025774,2.042437,1.992148,1.038991,1.706397,0.095159,0.465843,0.111127,0.408946,0.077813,1.538379,1.152310
38.533333,1.969207,2.001010,1.941913,2.020771,1.823746,2.025684,2.041704,1.992781,1.035232,1.701005,0.094859,0.465801,0.110285,0.420045,0.077281,1.531064,1.155119
38.550000,1.968975,2.001009,1.941692,2.020693,1.807663,2.025393,2.040083,1.993333,1.032748,1.680838,0.094628,0.467133,0.109874,0.428902,0.077009,1.524420,1.157107
38.566667,1.968705,2.001013,1.941510,2.020657,1.797189,2.025150,2.039012,1.993659,1.031261,1.668420,0.094691,0.467034,0.109907,0.433786,0.076926,1.521112,1.158244
38.583333,1.968483,2.001015,1.941357,2.020638,1.795906,2.024919,2.038423,1.993778,1.030729,1.661516,0.094648,0.466251,0.109718,0.436472,0.076841,1.519388,1.158915
38.600000,1.968355,2.001012,1.941276,2.020628,1.799565,2.024734,2.038132,1.993434,1.035106,1.657889,0.094742,0.465885,0.109878,0.437929,0.077031,1.518447,1.157317
38.616667,1.968071,2.001017,1.939979,2.020734,1.803354,2.024647,2.037803,1.993056,1.040411,1.654176,0.095157,0.465929,0.110517,0.439137,0.077641,1.525509,1.151527
38.633333,1.965986,2.001039,1.937880,2.020884,1.805358,2.024590,2.036752,1.993033,1.028061,1.633406,0.095859,0.466006,0.110713,0.438702,0.078087,1.537519,1.148181
38.650000,1.963683,2.001068,1.936566,2.021080,1.806412,2.024582,2.036445,1.993018,1.025451,1.615070,0.096789,0.465356,0.110746,0.450428,0.078224,1.548505,1.146232
38.666667,1.961622,2.001086,1.935125,2.021610,1.800854,2.024541,2.036304,1.993025,1.028570,1.596009,0.097625,0.465430,0.110746,0.459310,0.078242,1.567907,1.143510
38.683333,1.959893,2.001088,1.933385,2.022028,1.794225,2.024691,2.036366,1.992970,1.035820,1.585453,0.098477,0.463797,0.110779,0.464459,0.078244,1.582455,1.138676
38.700000,1.958627,2.001063,1.931353,2.022190,1.794892,2.025305,2.036464,1.992888,1.053722,1.572721,0.099921,0.452227,0.111247,0.467590,0.078304,1.582188,1.126258
38.716667,1.957291,2.001037,1.929580,2.021969,1.796492,2.026029,2.036691,1.992674,1.076785,1.569246,0.101396,0.443875,0.111991,0.468800,0.078364,1.566476,1.117066
38.733333,1.956572,2.001021,1.929655,2.021855,1.797423,2.026510,2.036676,1.992506,1.092613,1.567812,0.102353,0.439878,0.112584,0.463431,0.078394,1.558007,1.112257
38.750000,1.956275,2.001014,1.930164,2.021786,1.797972,2.026778,2.036128,1.992264,1.101376,1.565794,0.102924,0.437857,0.112956,0.458374,0.078411,1.553611,1.109858
38.766667,1.955950,2.001009,1.930858,2.021728,1.798402,2.026863,2.035598,1.992099,1.104064,1.564486,0.103205,0.438644,0.113192,0.454110,0.078382,1.552045,1.125285
38.783333,1.955956,2.000963,1.934470,2.021858,1.798717,2.026814,2.035766,1.992224,1.102570,1.575052,0.103031,0.449727,0.113480,0.449532,0.078373,1.552198,1.152763
38.800000,1.958420,2.000936,1.937321,2.022145,1.807938,2.026732,2.036355,1.992383,1.081635,1.592756,0.103009,0.456073,0.114040,0.439965,0.078469,1.559083,1.168547
38.816667,1.960441,2.000913,1.939453,2.022404,1.826874,2.026714,2.037248,1.992562,1.063217,1.609070,0.103105,0.459210,0.114610,0.434275,0.078609,1.561777,1.147760
38.833333,1.961917,2.000909,1.940280,2.022405,1.837315,2.026622,2.038527,1.992977,1.051417,1.625855,0.102949,0.455358,0.114564,0.438705,0.078608,1.556581,1.133896
38.850000,1.962850,2.000904,1.940459,2.022352,1.843020,2.026526,2.038631,1.993336,1.044246,1.633180,0.101539,0.453037,0.112826,0.443437,0.078360,1.549915,1.128666
38.866667,1.962668,2.000912,1.940340,2.022225,1.846224,2.026492,2.038979,1.993800,1.039906,1.648374,0.100379,0.454899,0.111177,0.448895,0.077420,1.540857,1.126044
38.883333,1.962247,2.000924,1.940183,2.022122,1.827449,2.026264,2.038823,1.994270,1.036526,1.656728,0.099651,0.458087,0.109306,0.454786,0.075657,1.532873,1.123932
38.900000,1.961949,2.000929,1.939999,2.022075,1.816776,2.025979,2.038434,1.994561,1.034159,1.658611,0.099319,0.459424,0.108131,0.458186,0.074483,1.528970,1.127694
38.916667,1.961693,2.000942,1.939571,2.022131,1.811802,2.025784,2.038181,1.994732,1.033136,1.659768,0.099192,0.459977,0.107484,0.458889,0.073802,1.537262,1.136098
38.933333,1.961580,2.000965,1.938930,2.022303,1.809141,2.025677,2.037929,1.994671,1.034739,1.657502,0.099174,0.458983,0.107422,0.457669,0.073744,1.558565,1.123293
38.950000,1.961622,2.000985,1.937117,2.022352,1.807672,2.025682,2.037194,1.994629,1.040064,1.648530,0.099374,0.456566,0.108062,0.457166,0.074360,1.575769,1.111354
38.966667,1.959978,2.001014,1.933973,2.022284,1.806878,2.025698,2.036701,1.994655,1.030797,1.641891,0.100230,0.456143,0.108663,0.457531,0.074816,1.587783,1.104877
38.983333,1.957975,2.001094,1.932414,2.022293,1.806452,2.025743,2.036560,1.994781,1.030871,1.631261,0.100888,0.456485,0.109438,0.470664,0.075881,1.594293,1.101362
39.000000,1.956009,2.001147,1.932153,2.022375,1.803166,2.025736,2.036554,1.994835,1.035924,1.618091,0.101351,0.456967,0.110273,0.473236,0.077056,1.601919,1.099379
39.016667,1.954436,2.001180,1.931896,2.022635,1.800343,2.025984,2.036692,1.994867,1.044019,1.594781,0.102156,0.451583,0.111132,0.466211,0.078096,1.609272,1.090490
39.033333,1.954283,2.001184,1.930857,2.022499,1.799833,2.026463,2.036913,1.994841,1.058076,1.577164,0.101984,0.450833,0.111655,0.454461,0.078452,1.592471,1.076665
39.050000,1.954745,2.001151,1.929948,2.022164,1.799375,2.027037,2.037140,1.994660,1.079562,1.569751,0.101748,0.449563,0.112657,0.437959,0.078622,1.582078,1.068255
39.066667,1.954747,2.001168,1.929799,2.021960,1.799127,2.027436,2.036851,1.994451,1.093882,1.566099,0.101664,0.451228,0.113288,0.428088,0.078701,1.576275,1.063985
39.083333,1.954726,2.001195,1.930023,2.021833,1.799014,2.027657,2.036078,1.994139,1.101775,1.562950,0.101636,0.453097,0.113618,0.422109,0.078741,1.573150,1.061868
39.100000,1.954720,2.001199,1.930996,2.021748,1.799070,2.027713,2.035477,1.993894,1.103903,1.561042,0.101751,0.454116,0.113892,0.423053,0.078718,1.572300,1.077505
39.116667,1.957195,2.001105,1.932438,2.021678,1.799229,2.027651,2.035555,1.993778,1.101828,1.573712,0.101093,0.455728,0.113463,0.424934,0.078572,1.572551,1.105831
39.133333,1.960957,2.001073,1.931908,2.021826,1.804712,2.027518,2.036238,1.993918,1.077286,1.596898,0.099326,0.463212,0.111845,0.429006,0.078262,1.572950,1.130577
39.150000,1.963856,2.001050,1.930795,2.022008,1.826563,2.027502,2.037565,1.994041,1.055786,1.633050,0.098371,0.470971,0.110539,0.426215,0.077777,1.573418,1.126925
39.166667,1.965965,2.001041,1.930875,2.021927,1.840795,2.027430,2.039290,1.994190,1.041698,1.668248,0.097682,0.474761,0.108922,0.427349,0.076516,1.566393,1.125962
39.183333,1.966550,2.001050,1.930439,2.021784,1.848751,2.027359,2.040147,1.994546,1.033746,1.681396,0.097415,0.473155,0.107811,0.432943,0.075568,1.557268,1.121171
39.200000,1.966292,2.001066,1.929339,2.021652,1.847753,2.027247,2.038946,1.994897,1.029362,1.667320,0.097306,0.472451,0.106861,0.441078,0.074718,1.547676,1.118822
39.216667,1.965713,2.001090,1.928249,2.021542,1.831250,2.026893,2.037894,1.995254,1.025816,1.653505,0.097340,0.473280,0.106673,0.451204,0.074318,1.543271,1.112898
39.233333,1.965288,2.001112,1.927619,2.021534,1.821342,2.026542,2.037329,1.995483,1.023266,1.647460,0.097662,0.472876,0.107469,0.458495,0.074860,1.552048,1.112804
39.250000,1.965004,2.001133,1.927152,2.021571,1.819388,2.026269,2.037005,1.995572,1.022176,1.644345,0.097913,0.472099,0.107844,0.463417,0.075115,1.565763,1.112830
39.266667,1.964897,2.001146,1.927006,2.021629,1.818765,2.026127,2.036833,1.995306,1.023687,1.642726,0.098187,0.471815,0.108401,0.466422,0.075674,1.578696,1.107629
39.283333,1.964982,2.001163,1.926885,2.021769,1.819582,2.026093,2.036703,1.994972,1.036560,1.641740,0.098796,0.472055,0.108744,0.468184,0.075958,1.593335,1.102838
39.300000,1.964148,2.001187,1.925428,2.022119,1.820423,2.026081,2.036402,1.994795,1.029825,1.635452,0.099432,0.472661,0.109004,0.469593,0.076239,1.610199,1.100007
39.316667,1.962141,2.001206,1.923027,2.022409,1.820860,2.026102,2.036121,1.994758,1.029988,1.622408,0.099848,0.475225,0.109160,0.470858,0.076446,1.623153,1.098347
39.333333,1.960344,2.001220,1.920708,2.022659,1.814925,2.025989,2.035952,1.994705,1.034799,1.610939,0.100156,0.478035,0.109306,0.471857,0.076651,1.633304,1.097513
39.350000,1.959331,2.001216,1.918300,2.022857,1.809845,2.026039,2.035988,1.994631,1.042470,1.598480,0.100098,0.481310,0.109532,0.472746,0.076865,1.640846,1.092435
39.366667,1.958054,2.001361,1.916480,2.022644,1.809654,2.026435,2.036314,1.994682,1.053509,1.577708,0.100016,0.481446,0.110181,0.456404,0.077213,1.617478,1.079347
39.383333,1.955773,2.001399,1.915273,2.022412,1.809205,2.026935,2.036515,1.994603,1.071613,1.566441,0.101186,0.469636,0.111749,0.439527,0.077916,1.600737,1.070841
39.400000,1.954831,2.001397,1.915324,2.022258,1.808967,2.027275,2.036225,1.994439,1.084234,1.560724,0.102083,0.460876,0.112794,0.429021,0.078381,1.591237,1.066228
39.416667,1.954763,2.001392,1.915752,2.022125,1.808929,2.027470,2.035531,1.994196,1.091184,1.556834,0.102250,0.460457,0.113331,0.422382,0.078441,1.586002,1.064053
39.433333,1.954840,2.001363,1.916202,2.022026,1.809070,2.027466,2.035120,1.993995,1.091881,1.557376,0.102286,0.460790,0.113612,0.418169,0.078416,1.584238,1.090727
39.450000,1.955159,2.001303,1.916544,2.021943,1.809257,2.027411,2.035477,1.993793,1.090344,1.576898,0.102279,0.465988,0.114258,0.415630,0.078499,1.583747,1.118244
39.466667,1.955841,2.001289,1.918774,2.021980,1.811611,2.027305,2.036252,1.993970,1.068568,1.603159,0.101655,0.471384,0.114305,0.417593,0.078531,1.583409,1.142567
39.483333,1.958144,2.001294,1.919167,2.021980,1.826526,2.027265,2.037041,1.994341,1.048796,1.628647,0.100825,0.463258,0.113458,0.421201,0.078384,1.579492,1.140671
39.500000,1.959365,2.001294,1.918963,2.021809,1.837021,2.027233,2.037649,1.994557,1.035923,1.642238,0.100381,0.457170,0.112932,0.429389,0.078336,1.570679,1.111932
39.516667,1.959538,2.001301,1.917807,2.021650,1.842686,2.027212,2.038331,1.994806,1.028172,1.649891,0.100160,0.452595,0.112604,0.438661,0.078287,1.561757,1.101156
39.533333,1.958930,2.001317,1.916237,2.021492,1.842521,2.027161,2.038926,1.995089,1.024099,1.654257,0.100057,0.449765,0.112354,0.448579,0.078227,1.551927,1.095525
39.550000,1.958655,2.001330,1.915227,2.021358,1.821175,2.026932,2.038341,1.995343,1.021205,1.647332,0.099833,0.447972,0.111783,0.457630,0.078184,1.542117,1.093013
39.566667,1.958639,2.001281,1.914727,2.021297,1.810415,2.026614,2.038031,1.995485,1.019401,1.644131,0.099210,0.452239,0.111236,0.462770,0.078099,1.537086,1.091818
39.583333,1.958560,2.001269,1.914146,2.021362,1.806343,2.026433,2.037861,1.995565,1.018716,1.642317,0.098856,0.454702,0.110876,0.466526,0.078018,1.552849,1.101254
39.600000,1.958528,2.001269,1.914786,2.021445,1.805442,2.026346,2.037773,1.995358,1.023457,1.641389,0.098812,0.456069,0.110898,0.462756,0.078088,1.570927,1.109612
39.616667,1.958601,2.001273,1.915345,2.021796,1.805689,2.026356,2.037482,1.994998,1.036686,1.640504,0.099302,0.457044,0.111140,0.460434,0.078088,1.592386,1.114890
39.633333,1.958730,2.001280,1.915850,2.022217,1.805722,2.026378,2.037010,1.994765,1.029655,1.634180,0.099811,0.457852,0.111180,0.459013,0.078088,1.608480,1.117922
39.650000,1.958848,2.001291,1.915445,2.022714,1.805686,2.026420,2.036767,1.994690,1.029424,1.621925,0.100249,0.458417,0.111205,0.458331,0.078084,1.621447,1.119572
39.666667,1.957170,2.001295,1.912698,2.023017,1.803992,2.026435,2.036628,1.994617,1.033927,1.611036,0.100562,0.460863,0.111198,0.458691,0.078085,1.631468,1.117078
39.683333,1.955381,2.001287,1.910082,2.023274,1.803407,2.026866,2.036542,1.994543,1.041061,1.601056,0.100788,0.463305,0.111244,0.459219,0.078099,1.624885,1.105896
39.700000,1.954758,2.001300,1.907818,2.023264,1.803509,2.027323,2.036918,1.994531,1.051768,1.586086,0.100455,0.467257,0.111722,0.455109,0.078284,1.605816,1.092311
39.716667,1.952125,2.001360,1.906694,2.022892,1.804563,2.027906,2.037177,1.994478,1.070460,1.578802,0.101510,0.461905,0.112896,0.439741,0.078486,1.592560,1.083555
39.733333,1.951357,2.001381,1.906786,2.022711,1.805139,2.028301,2.036900,1.994337,1.083651,1.575123,0.101956,0.459143,0.113769,0.430059,0.078635,1.585616,1.079044
39.750000,1.951221,2.001393,1.907293,2.022616,1.805475,2.028520,2.036162,1.994041,1.090909,1.572033,0.102024,0.459879,0.114255,0.423800,0.078729,1.582172,1.076754
39.766667,1.951216,2.001365,1.907800,2.022515,1.805832,2.028531,2.035710,1.993815,1.091290,1.572816,0.101812,0.460753,0.114195,0.419757,0.078446,1.581288,1.104499
39.783333,1.951355,2.001292,1.908180,2.022429,1.806150,2.028487,2.035842,1.993620,1.089323,1.586665,0.101289,0.461890,0.113938,0.417319,0.078432,1.581332,1.133489
39.800000,1.953426,2.001263,1.907921,2.022415,1.808519,2.028397,2.036485,1.993674,1.076739,1.610889,0.100213,0.464104,0.113300,0.417312,0.078504,1.583217,1.158092
39.816667,1.955310,2.001273,1.908158,2.022341,1.817075,2.028290,2.037432,1.994104,1.060080,1.640605,0.099435,0.453511,0.112321,0.430703,0.078200,1.583662,1.165862
39.833333,1.955977,2.001265,1.907630,2.022219,1.828912,2.028201,2.038649,1.994500,1.047670,1.667214,0.099326,0.445923,0.111750,0.444625,0.078178,1.581788,1.142969
39.850000,1.955602,2.001273,1.906627,2.021916,1.836761,2.028175,2.039723,1.994888,1.039731,1.681568,0.099337,0.440894,0.110989,0.457888,0.077681,1.572392,1.133507
39.866667,1.954725,2.001281,1.907232,2.021456,1.835533,2.028089,2.039406,1.995237,1.035212,1.677044,0.099361,0.438209,0.110281,0.464760,0.077150,1.554893,1.129235
39.883333,1.954062,2.001291,1.909210,2.021116,1.815293,2.027625,2.038379,1.995497,1.032202,1.663670,0.099421,0.436015,0.110224,0.462976,0.076952,1.539397,1.132112
39.900000,1.953646,2.001240,1.910344,2.020961,1.804787,2.027122,2.037705,1.995652,1.030484,1.654798,0.099452,0.435417,0.109905,0.461554,0.076720,1.535549,1.137133
39.916667,1.953391,2.001227,1.911646,2.020973,1.802577,2.026766,2.037322,1.995700,1.030052,1.649943,0.099443,0.435352,0.109486,0.456248,0.076503,1.554253,1.139982
39.933333,1.953274,2.001223,1.912605,2.021007,1.806158,2.026494,2.037146,1.995415,1.035376,1.647467,0.099563,0.435347,0.109527,0.452141,0.076624,1.572012,1.131538
39.950000,1.953263,2.001223,1.913291,2.021221,1.810238,2.026353,2.037013,1.995067,1.029178,1.646071,0.099983,0.435415,0.110159,0.449646,0.077153,1.589687,1.124887
39.966667,1.953324,2.001226,1.915435,2.021569,1.812400,2.026297,2.036645,1.994864,1.020207,1.639517,0.100447,0.435680,0.110831,0.459723,0.077965,1.606285,1.121090
39.983333,1.953178,2.001265,1.919443,2.021943,1.813542,2.026293,2.036334,1.994804,1.020302,1.626985,0.100730,0.437232,0.111155,0.469346,0.078463,1.619252,1.118910
40.000000,1.950907,2.001281,1.921601,2.022238,1.804486,2.026061,2.036162,1.994743,1.025110,1.616022,0.101104,0.439507,0.111120,0.474558,0.078461,1.627553,1.117925
40.016667,1.949072,2.001286,1.921995,2.022337,1.799148,2.026221,2.036074,1.994678,1.032544,1.606105,0.101348,0.441762,0.111184,0.466344,0.078472,1.625784,1.115557
40.033333,1.949035,2.001269,1.921049,2.022178,1.799746,2.026749,2.036022,1.994586,1.041855,1.597036,0.100758,0.445414,0.111537,0.447167,0.078576,1.604205,1.105230
40.050000,1.947500,2.001328,1.920594,2.022025,1.799649,2.027115,2.036341,1.994590,1.053378,1.585002,0.101069,0.443948,0.112452,0.430549,0.078747,1.589959,1.098381
40.066667,1.947135,2.001338,1.920669,2.021934,1.799567,2.027405,2.036076,1.994539,1.063857,1.577563,0.101256,0.442521,0.113148,0.420989,0.078795,1.582023,1.094662
40.083333,1.947121,2.001342,1.920967,2.021841,1.799550,2.027555,2.035413,1.994381,1.069604,1.573260,0.101042,0.443558,0.113227,0.415145,0.078573,1.577396,1.092754
40.100000,1.947154,2.001322,1.921319,2.021750,1.799741,2.027597,2.034942,1.994226,1.069939,1.573023,0.100865,0.443298,0.113134,0.411286,0.078267,1.575554,1.109746
40.116667,1.947098,2.001292,1.921975,2.021662,1.800110,2.027560,2.035350,1.994133,1.065740,1.593644,0.100358,0.442418,0.112830,0.416241,0.078087,1.575545,1.142950
40.133333,1.948941,2.001315,1.921399,2.021606,1.800347,2.027514,2.036281,1.994244,1.061415,1.622856,0.099073,0.441400,0.112132,0.426675,0.078352,1.576997,1.170151
40.150000,1.951212,2.001327,1.919878,2.021726,1.808165,2.027455,2.037415,1.994397,1.051933,1.655700,0.097854,0.446935,0.111431,0.431447,0.078419,1.580347,1.190638
40.166667,1.952669,2.001324,1.919185,2.021627,1.818398,2.027406,2.038220,1.994717,1.043336,1.677481,0.097302,0.441262,0.110779,0.442973,0.078225,1.574203,1.170554
40.183333,1.953221,2.001318,1.918287,2.021468,1.824051,2.027436,2.039083,1.994932,1.037066,1.689362,0.096985,0.438031,0.109766,0.453334,0.077538,1.565007,1.166137
40.200000,1.952555,2.001329,1.917370,2.021292,1.827227,2.027451,2.039812,1.995205,1.032759,1.696006,0.096839,0.436375,0.108880,0.462927,0.076838,1.553528,1.168666
40.216667,1.951773,2.001316,1.917134,2.021086,1.809921,2.027094,2.039670,1.995468,1.029934,1.694474,0.096728,0.435088,0.108464,0.469400,0.076489,1.540574,1.170561
40.233333,1.951216,2.001268,1.916376,2.020986,1.796055,2.026815,2.039489,1.995622,1.028284,1.695111,0.096712,0.434575,0.108353,0.473066,0.076358,1.533924,1.171649
40.250000,1.950841,2.001258,1.916881,2.021025,1.788285,2.026654,2.039354,1.995665,1.027745,1.695052,0.096666,0.434383,0.108222,0.469445,0.076273,1.550785,1.172295
40.266667,1.950646,2.001261,1.917680,2.021081,1.792117,2.026455,2.039331,1.995370,1.032854,1.695199,0.096723,0.434285,0.108547,0.464162,0.076636,1.569211,1.171427
40.283333,1.950632,2.001301,1.915390,2.021103,1.796382,2.026357,2.038991,1.995169,1.039716,1.688870,0.097054,0.434286,0.109150,0.462206,0.077102,1.584137,1.168868
40.300000,1.950660,2.001338,1.912938,2.021357,1.798634,2.026302,2.038211,1.995140,1.029192,1.669624,0.097500,0.434304,0.109609,0.466861,0.077349,1.602195,1.167213
40.316667,1.949577,2.001357,1.914184,2.021465,1.799833,2.026295,2.037913,1.995122,1.028717,1.651376,0.097961,0.434916,0.110125,0.472407,0.078113,1.608399,1.166240
40.333333,1.946936,2.001368,1.915490,2.021515,1.793700,2.026165,2.037768,1.995089,1.033340,1.637353,0.098465,0.435784,0.110623,0.466873,0.078724,1.611112,1.165498
40.350000,1.944599,2.001373,1.915997,2.022002,1.788813,2.026603,2.037756,1.995041,1.042018,1.627880,0.099013,0.436687,0.110559,0.461247,0.078641,1.617597,1.166178
40.366667,1.943260,2.001338,1.916283,2.022323,1.789025,2.027401,2.037925,1.994981,1.058990,1.621059,0.100237,0.427495,0.110737,0.457900,0.078606,1.611962,1.162845
40.383333,1.943300,2.001294,1.916884,2.022541,1.789902,2.028152,2.038326,1.994802,1.083513,1.619856,0.099885,0.431459,0.111223,0.452574,0.078646,1.606986,1.158072
40.400000,1.943486,2.001270,1.917583,2.022652,1.790315,2.028644,2.037993,1.994492,1.101245,1.619744,0.099686,0.433954,0.111371,0.449163,0.078422,1.604136,1.155495
40.416667,1.943812,2.001256,1.918133,2.022679,1.790594,2.028923,2.037210,1.994103,1.111041,1.618542,0.099511,0.434872,0.111238,0.447330,0.078054,1.602551,1.154434
40.433333,1.944193,2.001215,1.918471,2.022654,1.790866,2.029070,2.036717,1.993833,1.115175,1.620529,0.099290,0.434467,0.110935,0.446201,0.077713,1.601941,1.160741
40.450000,1.944928,2.001128,1.918223,2.022580,1.791277,2.029070,2.036947,1.993641,1.111655,1.636126,0.098429,0.437162,0.110466,0.442961,0.077895,1.602482,1.192138
40.466667,1.947901,2.001106,1.917073,2.022517,1.793758,2.029025,2.037813,1.993698,1.103295,1.661478,0.097039,0.447144,0.109939,0.442319,0.078101,1.602434,1.218138
40.483333,1.949849,2.001097,1.915590,2.022592,1.813538,2.029101,2.039530,1.994147,1.085867,1.701246,0.096130,0.444578,0.108673,0.443514,0.077233,1.601198,1.198821
40.500000,1.950875,2.001084,1.915281,2.022447,1.824829,2.029062,2.041305,1.994455,1.073591,1.727834,0.095736,0.440423,0.107230,0.450702,0.075938,1.592203,1.183474
40.516667,1.950530,2.001089,1.914221,2.022314,1.831034,2.029044,2.041412,1.994807,1.064595,1.731074,0.095562,0.438181,0.106157,0.459731,0.074928,1.583062,1.181649
40.533333,1.949503,2.001103,1.912600,2.022188,1.828701,2.028958,2.040062,1.995183,1.058734,1.714717,0.095514,0.437063,0.105167,0.469852,0.073968,1.573253,1.184742
40.550000,1.948589,2.001121,1.913095,2.021989,1.808455,2.028471,2.039442,1.995532,1.054711,1.710003,0.095839,0.435970,0.104224,0.471469,0.072431,1.561051,1.188509
40.566667,1.947936,2.001106,1.913827,2.021885,1.796834,2.027971,2.038833,1.995756,1.052431,1.704866,0.096066,0.435838,0.103613,0.470132,0.071420,1.554695,1.192988
40.583333,1.947700,2.001109,1.914382,2.021929,1.793382,2.027631,2.038454,1.995833,1.051782,1.702176,0.095873,0.436925,0.103169,0.467403,0.070819,1.570503,1.192961
40.600000,1.947599,2.001118,1.914843,2.021989,1.800172,2.027326,2.038281,1.995580,1.062261,1.700862,0.095930,0.437547,0.103502,0.464523,0.071069,1.587297,1.184217
40.616667,1.947601,2.001135,1.912302,2.022005,1.807591,2.027121,2.038071,1.995314,1.040902,1.698442,0.096232,0.437948,0.104063,0.463857,0.071507,1.600985,1.176585
40.633333,1.947693,2.001152,1.911597,2.022251,1.812064,2.027023,2.037412,1.995241,1.032227,1.686473,0.096692,0.438483,0.104247,0.466348,0.071734,1.617816,1.172210
40.650000,1.947486,2.001179,1.914399,2.022186,1.814437,2.026987,2.037113,1.995180,1.032713,1.675558,0.096923,0.440025,0.104986,0.466766,0.072844,1.616804,1.169788
40.666667,1.944959,2.001194,1.915437,2.022168,1.806153,2.026744,2.036955,1.995126,1.037992,1.665693,0.097215,0.441994,0.105768,0.460917,0.073900,1.615564,1.168174
40.683333,1.942652,2.001204,1.915794,2.022701,1.801332,2.027103,2.037207,1.995106,1.046819,1.649435,0.097516,0.444275,0.105908,0.455478,0.074202,1.623654,1.167236
40.700000,1.942296,2.001273,1.915995,2.023406,1.801207,2.027813,2.037450,1.995125,1.057736,1.631433,0.097425,0.444172,0.105966,0.452278,0.074227,1.632941,1.163109
40.716667,1.939811,2.001328,1.916617,2.023792,1.802128,2.028465,2.037789,1.995096,1.076292,1.622982,0.098464,0.435175,0.107119,0.446762,0.074748,1.633016,1.157557
40.733333,1.939152,2.001339,1.917487,2.023965,1.802608,2.028902,2.037407,1.994867,1.090957,1.619302,0.098855,0.430982,0.108027,0.442845,0.075188,1.632956,1.154834
40.750000,1.939038,2.001344,1.918155,2.024035,1.802909,2.029144,2.036636,1.994545,1.098999,1.616594,0.098792,0.430438,0.108417,0.440734,0.075431,1.633022,1.153659
40.766667,1.939028,2.001331,1.918482,2.024051,1.803187,2.029271,2.036095,1.994300,1.102087,1.616796,0.098763,0.429371,0.108635,0.439656,0.075551,1.633515,1.159554
40.783333,1.939215,2.001291,1.918616,2.023974,1.803670,2.029278,2.036459,1.994082,1.097390,1.635923,0.098609,0.429272,0.108878,0.439288,0.075739,1.634801,1.191879
40.800000,1.941801,2.001273,1.917501,2.023908,1.805677,2.029241,2.037341,1.994034,1.092171,1.663674,0.097523,0.435412,0.109172,0.429866,0.076773,1.635198,1.215549
40.816667,1.944645,2.001274,1.917016,2.023769,1.816290,2.029187,2.038136,1.994264,1.083028,1.686731,0.096507,0.435654,0.109512,0.424488,0.077896,1.628721,1.203251
40.833333,1.946248,2.001268,1.916285,2.023512,1.828133,2.029193,2.038754,1.994523,1.073472,1.699042,0.096124,0.430268,0.109471,0.426028,0.078173,1.618801,1.187421
40.850000,1.946532,2.001267,1.915225,2.023207,1.834822,2.029260,2.039436,1.994765,1.066136,1.706011,0.095956,0.427314,0.108661,0.431435,0.077528,1.607236,1.185808
40.866667,1.945666,2.001280,1.913651,2.022869,1.833646,2.029206,2.040058,1.995054,1.061334,1.710059,0.095903,0.425845,0.107876,0.439680,0.076835,1.593685,1.187000
40.883333,1.944681,2.001266,1.912897,2.022555,1.813279,2.028817,2.040219,1.995361,1.057842,1.713769,0.096153,0.424587,0.107560,0.446863,0.076213,1.579462,1.162060
40.900000,1.943996,2.001213,1.912139,2.022420,1.795368,2.028455,2.040163,1.995547,1.055844,1.714093,0.096248,0.424245,0.107216,0.451573,0.075799,1.576195,1.147024
40.916667,1.943546,2.001202,1.911392,2.022453,1.789773,2.028187,2.040084,1.995608,1.055220,1.713748,0.096247,0.424137,0.106923,0.454696,0.075534,1.591847,1.139008
40.933333,1.943309,2.001205,1.912211,2.022520,1.791148,2.028000,2.040057,1.995334,1.060668,1.713644,0.096347,0.424096,0.107042,0.449985,0.075633,1.609069,1.134750
40.950000,1.943259,2.001230,1.909785,2.022417,1.793734,2.027888,2.039352,1.995095,1.041768,1.708035,0.096597,0.424126,0.107607,0.448303,0.076172,1.620505,1.132449
40.966667,1.943263,2.001257,1.908179,2.022207,1.795109,2.027839,2.038198,1.995039,1.033722,1.687820,0.096991,0.424142,0.108530,0.460691,0.076994,1.611117,1.131130
40.983333,1.940977,2.001260,1.910627,2.022189,1.795833,2.027830,2.037795,1.995003,1.033030,1.672390,0.097392,0.424828,0.109564,0.468848,0.078366,1.608009,1.130281
41.000000,1.938171,2.001266,1.912441,2.022109,1.789189,2.027645,2.037581,1.994961,1.037934,1.660163,0.097878,0.425666,0.109908,0.463947,0.078779,1.607894,1.129890
41.016667,1.935656,2.001272,1.914273,2.022268,1.785653,2.027718,2.037473,1.994910,1.045826,1.649933,0.098356,0.426483,0.109889,0.460601,0.078744,1.612616,1.124630
41.033333,1.933947,2.001251,1.915568,2.022579,1.786897,2.028262,2.037690,1.994827,1.059139,1.648395,0.099195,0.421580,0.109994,0.457948,0.078720,1.612251,1.120027
41.050000,1.932608,2.001218,1.916743,2.022709,1.792102,2.028901,2.038017,1.994699,1.079628,1.643157,0.099885,0.416841,0.110218,0.452944,0.078683,1.606026,1.109444
41.066667,1.932192,2.001198,1.917765,2.022729,1.795010,2.029340,2.038252,1.994583,1.095082,1.642841,0.099832,0.418926,0.110245,0.449664,0.078461,1.602416,1.104198
41.083333,1.932412,2.001182,1.918463,2.022735,1.796603,2.029585,2.037724,1.994378,1.103556,1.641982,0.099818,0.419511,0.110138,0.447901,0.078132,1.600683,1.101609
41.100000,1.932723,2.001146,1.918994,2.022723,1.797542,2.029710,2.037176,1.994200,1.106860,1.641205,0.099804,0.419335,0.109951,0.446431,0.077761,1.600203,1.106799
41.116667,1.933543,2.001089,1.919681,2.022651,1.798427,2.029727,2.037652,1.994108,1.102001,1.660160,0.099262,0.423851,0.109687,0.445269,0.077688,1.601372,1.140220
41.133333,1.937312,2.001072,1.918235,2.022596,1.798985,2.029717,2.038492,1.994156,1.096691,1.683304,0.097981,0.431950,0.109459,0.440396,0.078106,1.602004,1.169122
41.150000,1.940834,2.001059,1.916862,2.022673,1.813067,2.029744,2.038967,1.994476,1.087013,1.696813,0.097344,0.426829,0.109218,0.435034,0.078237,1.601153,1.175901
41.166667,1.943008,2.001041,1.916717,2.022534,1.829099,2.029826,2.039690,1.994715,1.076527,1.704589,0.097101,0.421369,0.108519,0.436588,0.077657,1.592954,1.177729
41.183333,1.943611,2.001050,1.916088,2.022359,1.838301,2.030016,2.040061,1.994915,1.068447,1.710099,0.097161,0.418332,0.107793,0.445754,0.076817,1.593493,1.184717
41.200000,1.943153,2.001076,1.914805,2.022192,1.832039,2.029824,2.040346,1.995174,1.062622,1.720597,0.097830,0.416859,0.106552,0.457830,0.074717,1.592458,1.187703
41.216667,1.942368,2.001100,1.913551,2.021992,1.807454,2.029313,2.040027,1.995477,1.058921,1.722211,0.098398,0.415810,0.105419,0.468463,0.072844,1.586426,1.159280
41.233333,1.941822,2.001112,1.914189,2.021870,1.785347,2.028843,2.039406,1.995672,1.056907,1.718462,0.098741,0.415652,0.104837,0.468244,0.071923,1.582927,1.146779
41.250000,1.941440,2.001130,1.914688,2.021865,1.778985,2.028487,2.039039,1.995747,1.056257,1.716476,0.098897,0.415666,0.104564,0.466814,0.071563,1.592107,1.143302
41.266667,1.941258,2.001155,1.914573,2.021885,1.782863,2.028230,2.038862,1.995486,1.066795,1.715514,0.099200,0.415712,0.104945,0.464341,0.071787,1.608000,1.141534
41.283333,1.941234,2.001191,1.911491,2.021762,1.786704,2.028084,2.037978,1.995426,1.048164,1.700293,0.099524,0.415743,0.105583,0.464033,0.072334,1.616956,1.140574
41.300000,1.940809,2.001223,1.909463,2.021580,1.788746,2.028016,2.037036,1.995431,1.040230,1.674309,0.099895,0.415869,0.106008,0.454638,0.072582,1.613984,1.139945
41.316667,1.937875,2.001243,1.912066,2.021353,1.789833,2.027993,2.036710,1.995421,1.041007,1.655600,0.100412,0.416627,0.107117,0.453334,0.073824,1.608907,1.139561
41.333333,1.935067,2.001258,1.913462,2.021210,1.787856,2.028061,2.036534,1.995391,1.046670,1.641107,0.100785,0.417379,0.107943,0.449250,0.074904,1.607104,1.138352
41.350000,1.932502,2.001266,1.913719,2.021295,1.786674,2.028351,2.036450,1.995348,1.054977,1.629223,0.101193,0.418163,0.108424,0.443344,0.075519,1.610990,1.137324
41.366667,1.930596,2.001259,1.913846,2.021733,1.788763,2.029117,2.036712,1.995314,1.065104,1.615706,0.101382,0.419641,0.108636,0.439578,0.075806,1.613437,1.135430
41.383333,1.930583,2.001325,1.914455,2.021977,1.791064,2.029799,2.037165,1.995271,1.083349,1.607748,0.101234,0.416381,0.109566,0.434123,0.076604,1.608730,1.130711
41.400000,1.930572,2.001350,1.915129,2.022126,1.792271,2.030235,2.036957,1.995060,1.097163,1.604818,0.101070,0.415223,0.110383,0.430742,0.077244,1.606368,1.128305
41.416667,1.930829,2.001360,1.915632,2.022203,1.792925,2.030476,2.036240,1.994723,1.104720,1.602190,0.100971,0.415179,0.110816,0.428949,0.077588,1.605241,1.127167
41.433333,1.931032,2.001352,1.915793,2.022161,1.793413,2.030614,2.035728,1.994464,1.107561,1.602587,0.100918,0.414523,0.111061,0.428142,0.077765,1.604492,1.133072
41.450000,1.935487,2.001253,1.916686,2.022071,1.794009,2.030653,2.035972,1.994210,1.102704,1.619476,0.100851,0.409158,0.111349,0.427971,0.077844,1.605204,1.165564
41.466667,1.941606,2.001177,1.914751,2.022183,1.794353,2.030653,2.036585,1.994137,1.097580,1.642388,0.100586,0.405162,0.111623,0.421769,0.078227,1.605878,1.193193
41.483333,1.945754,2.001133,1.913718,2.022199,1.803132,2.030685,2.037369,1.994172,1.088539,1.665649,0.099906,0.406369,0.111345,0.418075,0.078412,1.602520,1.200589
41.500000,1.948450,2.001103,1.913499,2.022070,1.815372,2.030728,2.038004,1.994278,1.078756,1.678134,0.099574,0.404737,0.111047,0.417526,0.078389,1.594449,1.180275
41.516667,1.949168,2.001095,1.912617,2.021954,1.822031,2.030761,2.038760,1.994605,1.071348,1.685293,0.099513,0.400307,0.110896,0.421045,0.078365,1.586169,1.173920
41.533333,1.948627,2.001102,1.911113,2.021840,1.812885,2.030505,2.039435,1.994926,1.066642,1.689465,0.099485,0.398055,0.110669,0.427489,0.078254,1.576950,1.171469
41.550000,1.947865,2.001113,1.909836,2.021736,1.789436,2.029741,2.039698,1.995237,1.063419,1.692172,0.099378,0.397442,0.110171,0.434496,0.078005,1.567952,1.166269
41.566667,1.947326,2.001111,1.909186,2.021689,1.774566,2.029101,2.039765,1.995426,1.061390,1.694483,0.099379,0.396730,0.109763,0.438452,0.077796,1.563346,1.163642
41.583333,1.946937,2.001119,1.908488,2.021764,1.771087,2.028694,2.039766,1.995530,1.060828,1.695033,0.099404,0.396287,0.109551,0.441347,0.077667,1.578192,1.162338
41.600000,1.946751,2.001134,1.907906,2.021847,1.774870,2.028431,2.039789,1.995339,1.066350,1.695351,0.099506,0.396093,0.109705,0.443390,0.077868,1.594771,1.161730
41.616667,1.946777,2.001164,1.904215,2.021755,1.784730,2.028221,2.039382,1.994957,1.044598,1.695112,0.100027,0.396330,0.110285,0.445576,0.078465,1.605038,1.161473
41.633333,1.944799,2.001190,1.900369,2.021535,1.791712,2.028100,2.038645,1.994832,1.031591,1.683198,0.100454,0.398738,0.110225,0.447310,0.078357,1.598981,1.161329
41.650000,1.942327,2.001210,1.899680,2.021529,1.795408,2.028047,2.038303,1.994802,1.029563,1.668303,0.100762,0.401486,0.110264,0.447904,0.078442,1.597568,1.161134
41.666667,1.939980,2.001241,1.902140,2.021463,1.786981,2.027718,2.038151,1.994762,1.033390,1.656423,0.101107,0.403319,0.110468,0.443827,0.078692,1.597502,1.161213
41.683333,1.937737,2.001259,1.903199,2.021586,1.780952,2.027738,2.038347,1.994667,1.045567,1.654219,0.101619,0.404719,0.110558,0.439175,0.078674,1.602571,1.160396
41.700000,1.937177,2.001241,1.903613,2.021812,1.779736,2.028439,2.038538,1.994558,1.066602,1.646780,0.101749,0.405653,0.110843,0.435183,0.078692,1.599523,1.162188
41.716667,1.936607,2.001227,1.904425,2.021927,1.783807,2.029197,2.039032,1.994350,1.093268,1.647429,0.101437,0.409511,0.111444,0.429511,0.078743,1.593658,1.154858
41.733333,1.935028,2.001249,1.905458,2.022001,1.786884,2.029713,2.039043,1.994158,1.112112,1.649373,0.101346,0.413731,0.111633,0.425481,0.078540,1.590681,1.149344
41.750000,1.934266,2.001254,1.906190,2.022008,1.788634,2.030011,2.038392,1.993892,1.122525,1.649609,0.101207,0.416411,0.111528,0.423311,0.078196,1.589077,1.146759
41.766667,1.933850,2.001253,1.906383,2.021957,1.792191,2.030221,2.037813,1.993675,1.126975,1.649496,0.101075,0.417867,0.111324,0.422333,0.077848,1.588336,1.146883
41.783333,1.935482,2.001181,1.906959,2.021883,1.799648,2.030313,2.037407,1.993482,1.123258,1.650412,0.100970,0.417620,0.111169,0.421628,0.077569,1.589221,1.166036
41.800000,1.939053,2.001144,1.904653,2.021953,1.804225,2.030349,2.037200,1.993523,1.100642,1.652099,0.100872,0.415033,0.111103,0.413558,0.077419,1.589997,1.188202
41.816667,1.942331,2.001120,1.903012,2.021997,1.820701,2.030450,2.037307,1.993569,1.079280,1.656792,0.100634,0.413356,0.110961,0.409714,0.077372,1.586530,1.195292
41.833333,1.943974,2.001108,1.902174,2.021871,1.832698,2.030475,2.037497,1.993921,1.064042,1.662195,0.100030,0.405241,0.110778,0.411459,0.077911,1.578053,1.180159
41.850000,1.944171,2.001100,1.900872,2.021747,1.839197,2.030452,2.037669,1.994434,1.053187,1.669791,0.099505,0.402196,0.110834,0.416137,0.078440,1.569299,1.177904
41.866667,1.943326,2.001107,1.899529,2.021587,1.822017,2.030274,2.038344,1.994944,1.046041,1.682934,0.098977,0.401655,0.109215,0.422244,0.076897,1.558149,1.165486
41.883333,1.942420,2.001116,1.900244,2.021387,1.796316,2.029791,2.038506,1.995383,1.041626,1.689320,0.098656,0.402155,0.107562,0.425851,0.075109,1.544908,1.123971
41.900000,1.941781,2.001061,1.900669,2.021286,1.778696,2.029370,2.038180,1.995658,1.039226,1.688637,0.098501,0.402397,0.106695,0.427807,0.074231,1.538011,1.105933
41.916667,1.941363,2.001053,1.900481,2.021342,1.773311,2.029075,2.037952,1.995773,1.038437,1.688442,0.098418,0.402533,0.106340,0.429561,0.073947,1.555550,1.100134
41.933333,1.941160,2.001057,1.900195,2.021409,1.778977,2.028836,2.037852,1.995534,1.048678,1.688460,0.098564,0.402663,0.106645,0.431034,0.074212,1.573371,1.097125
41.950000,1.941103,2.001066,1.898112,2.021367,1.784137,2.028709,2.037529,1.995352,1.028713,1.683187,0.098849,0.402768,0.107352,0.432594,0.074882,1.585121,1.095504
41.966667,1.940695,2.001081,1.895683,2.021293,1.786876,2.028651,2.037117,1.995284,1.020547,1.673337,0.099470,0.403062,0.108354,0.446308,0.075736,1.584304,1.094512
41.983333,1.937886,2.001102,1.900351,2.021291,1.788327,2.028633,2.037207,1.995276,1.021390,1.663854,0.100286,0.403980,0.109578,0.453742,0.077010,1.581025,1.093849
42.000000,1.935196,2.001128,1.906047,2.021281,1.787283,2.028631,2.037236,1.995280,1.027066,1.653526,0.100772,0.404833,0.110759,0.454896,0.078555,1.582917,1.093404
42.016667,1.932723,2.001149,1.908491,2.021427,1.784326,2.028745,2.037555,1.995294,1.035847,1.635540,0.101246,0.405656,0.111289,0.451049,0.079236,1.589134,1.093191
42.033333,1.930986,2.001141,1.909678,2.021915,1.784877,2.029395,2.037700,1.995310,1.046128,1.619576,0.102048,0.401247,0.111286,0.447696,0.079153,1.598522,1.094095
42.050000,1.930121,2.001118,1.910874,2.022190,1.787274,2.030044,2.038076,1.995189,1.064107,1.611791,0.102341,0.399959,0.111552,0.442362,0.079137,1.597733,1.090488
42.066667,1.930318,2.001114,1.911905,2.022278,1.788638,2.030477,2.037825,1.994841,1.078788,1.610135,0.102334,0.400317,0.111682,0.438926,0.079015,1.596724,1.088734
42.083333,1.930692,2.001113,1.912601,2.022310,1.789430,2.030724,2.037146,1.994452,1.086849,1.608834,0.102267,0.399990,0.111544,0.437062,0.078711,1.596349,1.088239
42.100000,1.930956,2.001091,1.913341,2.022290,1.789967,2.030858,2.036554,1.994171,1.089897,1.607844,0.102072,0.401440,0.111294,0.435366,0.078379,1.596474,1.094591
42.116667,1.934187,2.001036,1.912323,2.022248,1.793103,2.030925,2.037172,1.994122,1.084490,1.630871,0.101451,0.402896,0.111117,0.434038,0.078401,1.598236,1.124456
42.133333,1.938686,2.001011,1.909997,2.022258,1.798448,2.030981,2.038037,1.994214,1.078598,1.654063,0.100456,0.405515,0.110655,0.427733,0.078588,1.599251,1.144731
42.150000,1.942072,2.000984,1.908798,2.022311,1.809929,2.031054,2.038341,1.994218,1.069267,1.666123,0.099934,0.407825,0.110280,0.424074,0.078497,1.596035,1.157398
42.166667,1.943891,2.000964,1.907974,2.022203,1.824151,2.031145,2.038914,1.994495,1.059195,1.673104,0.099895,0.401397,0.110001,0.426847,0.078308,1.588069,1.162566
42.183333,1.943965,2.000972,1.906584,2.022061,1.831928,2.031231,2.039498,1.994792,1.051434,1.677209,0.099927,0.397935,0.109344,0.435380,0.077719,1.585758,1.173101
42.200000,1.943250,2.000993,1.904732,2.021920,1.816303,2.030760,2.039801,1.995090,1.045826,1.686407,0.100498,0.396264,0.108405,0.446244,0.076123,1.581800,1.164770
42.216667,1.942516,2.001005,1.904520,2.021677,1.785343,2.030055,2.039620,1.995361,1.042301,1.688795,0.100870,0.396011,0.107612,0.453968,0.074817,1.571786,1.129481
42.233333,1.941956,2.001008,1.905347,2.021540,1.763089,2.029421,2.039168,1.995539,1.040486,1.685919,0.101033,0.395290,0.107382,0.453704,0.074524,1.566283,1.118223
42.250000,1.941583,2.001012,1.905923,2.021538,1.756685,2.029004,2.038896,1.995602,1.039970,1.684228,0.101153,0.394772,0.107359,0.451923,0.074473,1.576881,1.114743
42.266667,1.941404,2.001025,1.906386,2.021594,1.761279,2.028721,2.038774,1.995330,1.051177,1.683430,0.101409,0.394564,0.107917,0.449137,0.074951,1.594129,1.112985
42.283333,1.941399,2.001048,1.903604,2.021492,1.771723,2.028497,2.038619,1.995050,1.031584,1.681313,0.101864,0.394615,0.108758,0.448438,0.075726,1.604758,1.112114
42.300000,1.941109,2.001072,1.900616,2.021304,1.777241,2.028384,2.037888,1.994980,1.023733,1.663486,0.102301,0.395689,0.109073,0.448492,0.076032,1.599380,1.111604
42.316667,1.938423,2.001086,1.900541,2.021254,1.780170,2.028334,2.037531,1.994944,1.024793,1.647868,0.102594,0.398244,0.109289,0.439888,0.076319,1.598726,1.111197
42.333333,1.935815,2.001104,1.902504,2.021174,1.775545,2.028150,2.037335,1.994902,1.030310,1.635256,0.102860,0.399979,0.110052,0.435586,0.077326,1.599611,1.107753
42.350000,1.933212,2.001120,1.903885,2.021316,1.771777,2.028267,2.037227,1.994865,1.038390,1.624496,0.103306,0.400436,0.110676,0.439261,0.078137,1.605286,1.102221
42.366667,1.931348,2.001120,1.904463,2.021771,1.770177,2.028909,2.037188,1.994821,1.049826,1.612942,0.103544,0.401810,0.110868,0.441790,0.078408,1.608605,1.104863
42.383333,1.931235,2.001192,1.904387,2.022043,1.772763,2.029567,2.037480,1.994744,1.070291,1.604054,0.103592,0.397898,0.111677,0.443575,0.078976,1.608546,1.100513
42.400000,1.930785,2.001227,1.904549,2.022210,1.774281,2.030033,2.037239,1.994622,1.088565,1.600528,0.103685,0.396139,0.111964,0.444145,0.078862,1.608819,1.098344
42.416667,1.930789,2.001238,1.904743,2.022263,1.775174,2.030300,2.036480,1.994361,1.098662,1.597638,0.103640,0.395642,0.111905,0.444423,0.078558,1.608909,1.097515
42.433333,1.930810,2.001225,1.905197,2.022208,1.775790,2.030454,2.035849,1.994142,1.102892,1.595788,0.103556,0.395457,0.111720,0.442884,0.078219,1.608880,1.103718
42.450000,1.932577,2.001178,1.903703,2.022140,1.781761,2.030568,2.036387,1.993936,1.098116,1.620066,0.103175,0.388569,0.111323,0.440167,0.078280,1.610346,1.128144
42.466667,1.936717,2.001152,1.900866,2.022200,1.787145,2.030645,2.037402,1.993938,1.092775,1.651101,0.102435,0.388984,0.111128,0.433070,0.078537,1.611409,1.148197
42.483333,1.939571,2.001123,1.899503,2.022153,1.798741,2.030749,2.037892,1.993902,1.084024,1.668648,0.101923,0.390026,0.110720,0.435590,0.078431,1.605607,1.160771
42.500000,1.940644,2.001108,1.898799,2.022050,1.812783,2.030874,2.038623,1.994080,1.074652,1.678523,0.101732,0.388302,0.110510,0.438395,0.078368,1.597775,1.166153
42.516667,1.940387,2.001107,1.897514,2.021946,1.820508,2.031024,2.039325,1.994463,1.067392,1.684188,0.101803,0.384087,0.110040,0.444075,0.077958,1.589261,1.176520
42.533333,1.939188,2.001106,1.899123,2.021675,1.812882,2.030772,2.040152,1.994819,1.062659,1.691433,0.101985,0.381980,0.109360,0.446249,0.077192,1.573311,1.180395
42.550000,1.938030,2.001107,1.902578,2.021332,1.786395,2.030135,2.041037,1.995106,1.059462,1.705351,0.102213,0.380586,0.109170,0.446135,0.076677,1.555435,1.159184
42.566667,1.937288,2.001092,1.904275,2.021171,1.765131,2.029631,2.041320,1.995265,1.057688,1.711506,0.102305,0.379909,0.108962,0.445725,0.076400,1.550204,1.146306
42.583333,1.936803,2.001099,1.904775,2.021189,1.757697,2.029303,2.041450,1.995310,1.057135,1.714451,0.102324,0.379572,0.108789,0.446195,0.076236,1.567715,1.139462
42.600000,1.936560,2.001108,1.905430,2.021223,1.760572,2.029081,2.041419,1.995080,1.063441,1.713704,0.102441,0.379412,0.109027,0.444239,0.076438,1.584176,1.135873
42.616667,1.936533,2.001123,1.902792,2.021109,1.768542,2.028922,2.039891,1.995125,1.045276,1.690334,0.102931,0.379592,0.109664,0.443978,0.077048,1.593403,1.133983
42.633333,1.936113,2.001144,1.900877,2.020938,1.774127,2.028839,2.038579,1.995260,1.035215,1.664795,0.103429,0.379948,0.110227,0.439098,0.077592,1.593424,1.132973
42.650000,1.933164,2.001163,1.900608,2.020889,1.777085,2.028799,2.038149,1.995309,1.035252,1.646763,0.103957,0.381426,0.110332,0.423131,0.077658,1.587777,1.132292
42.666667,1.930438,2.001187,1.904822,2.020861,1.772559,2.028610,2.037917,1.995313,1.040666,1.632868,0.104216,0.383388,0.110812,0.421558,0.078433,1.587732,1.128771
42.683333,1.927895,2.001206,1.907743,2.020932,1.768956,2.028678,2.037989,1.995264,1.052164,1.626669,0.104637,0.384771,0.110954,0.420009,0.078568,1.590835,1.122055
42.700000,1.926430,2.001199,1.909450,2.021318,1.768831,2.029108,2.038348,1.995144,1.067689,1.627917,0.105011,0.384527,0.111064,0.418368,0.078528,1.599503,1.118244
42.716667,1.926104,2.001167,1.911019,2.021665,1.771303,2.029628,2.038564,1.994896,1.086879,1.626503,0.104663,0.386102,0.111543,0.414167,0.078634,1.603801,1.113215
42.733333,1.926083,2.001181,1.912151,2.021865,1.772697,2.029967,2.038211,1.994474,1.101417,1.625562,0.104539,0.387364,0.111643,0.411490,0.078432,1.605238,1.110741
42.750000,1.926194,2.001188,1.912861,2.021907,1.773570,2.030170,2.037561,1.994091,1.109387,1.624708,0.104384,0.388291,0.111474,0.410043,0.078082,1.605744,1.109937
42.766667,1.926274,2.001174,1.913052,2.021866,1.774159,2.030300,2.037098,1.993822,1.113653,1.626827,0.104176,0.388824,0.111146,0.409490,0.077763,1.605781,1.109630
42.783333,1.929847,2.001096,1.912411,2.021791,1.777377,2.030403,2.037609,1.993706,1.109136,1.648119,0.103448,0.383765,0.110539,0.406927,0.077922,1.606991,1.132792
42.800000,1.935282,2.001027,1.910753,2.021922,1.782934,2.030500,2.038562,1.993875,1.102472,1.673279,0.103173,0.382344,0.110193,0.404886,0.078017,1.608314,1.153552
42.816667,1.940158,2.000983,1.909108,2.021965,1.801012,2.030713,2.039141,1.993985,1.090227,1.687899,0.102808,0.381533,0.109959,0.405204,0.078148,1.605524,1.159258
42.833333,1.943054,2.000952,1.908481,2.021869,1.814293,2.030877,2.039888,1.994068,1.080120,1.696215,0.102635,0.381168,0.109271,0.407068,0.077635,1.598180,1.166023
42.850000,1.943701,2.000943,1.907497,2.021759,1.821659,2.031089,2.040617,1.994270,1.073087,1.701072,0.102596,0.381180,0.108569,0.410939,0.077034,1.589979,1.175856
42.866667,1.943168,2.000948,1.905981,2.021653,1.812727,2.030889,2.040931,1.994536,1.068764,1.705298,0.102850,0.381365,0.107735,0.417540,0.075936,1.580890,1.168509
42.883333,1.942642,2.000956,1.904720,2.021555,1.785397,2.030294,2.041006,1.994753,1.065446,1.710569,0.103062,0.382509,0.107784,0.424481,0.075589,1.572351,1.134887
42.900000,1.942231,2.000961,1.904078,2.021504,1.764564,2.029751,2.040734,1.994897,1.063530,1.710345,0.103425,0.382346,0.108467,0.428376,0.076085,1.567871,1.121698
42.916667,1.941948,2.000982,1.903351,2.021574,1.759432,2.029403,2.040538,1.994982,1.062692,1.709810,0.103693,0.381744,0.108846,0.430962,0.076332,1.582887,1.114677
42.933333,1.941815,2.000997,1.903136,2.021657,1.759070,2.029206,2.040225,1.994798,1.064750,1.705682,0.103878,0.381461,0.109337,0.430874,0.076756,1.599617,1.110928
42.950000,1.941407,2.001018,1.900493,2.021622,1.763918,2.029098,2.038591,1.994749,1.041469,1.681160,0.104438,0.381662,0.110110,0.429201,0.077483,1.613509,1.108894
42.966667,1.938574,2.001034,1.897552,2.021539,1.766496,2.029049,2.037092,1.994721,1.035065,1.656362,0.105179,0.382458,0.110848,0.428715,0.078088,1.613595,1.107708
42.983333,1.935845,2.001046,1.896977,2.021454,1.767876,2.029032,2.036430,1.994698,1.036973,1.638466,0.105798,0.383229,0.111375,0.428165,0.078481,1.606342,1.107081
43.000000,1.933275,2.001065,1.899683,2.021233,1.761772,2.028881,2.036074,1.994661,1.043654,1.624534,0.106391,0.383982,0.111525,0.421029,0.078381,1.596473,1.106916
43.016667,1.930816,2.001084,1.904195,2.021143,1.756868,2.029029,2.035889,1.994618,1.052998,1.613060,0.106884,0.384625,0.111550,0.421562,0.078197,1.591281,1.106652
43.033333,1.928806,2.001085,1.906330,2.021636,1.755772,2.029747,2.035862,1.994557,1.064620,1.605281,0.107551,0.383585,0.111203,0.420162,0.077655,1.598549,1.111126
43.050000,1.928330,2.001082,1.908000,2.022021,1.759492,2.030390,2.036097,1.994435,1.079338,1.603859,0.107483,0.382894,0.111607,0.416337,0.077746,1.604324,1.106820
43.066667,1.928272,2.001109,1.909224,2.022224,1.761841,2.030768,2.036316,1.994377,1.088886,1.603400,0.107620,0.381010,0.111972,0.413837,0.077907,1.607435,1.104178
43.083333,1.928335,2.001128,1.909953,2.022279,1.763190,2.030987,2.035963,1.994224,1.094078,1.602890,0.107696,0.380208,0.112169,0.412541,0.077996,1.608838,1.103159
43.100000,1.928979,2.001102,1.910386,2.022241,1.764051,2.031119,2.035485,1.994040,1.095597,1.602290,0.107861,0.378861,0.112384,0.411218,0.078055,1.609668,1.108926
43.116667,1.931318,2.001055,1.908498,2.022183,1.770379,2.031273,2.035759,1.994169,1.089245,1.615555,0.108092,0.371450,0.112628,0.410539,0.078066,1.611671,1.133042
43.133333,1.937006,2.001007,1.906155,2.022258,1.776089,2.031396,2.036303,1.994290,1.083189,1.632097,0.108258,0.361379,0.112846,0.404147,0.078067,1.613093,1.152390
43.150000,1.941438,2.000977,1.904073,2.022322,1.781886,2.031483,2.036789,1.994344,1.076020,1.644983,0.108262,0.354840,0.112957,0.403278,0.078048,1.610427,1.171504
43.166667,1.943567,2.000958,1.903695,2.022221,1.795129,2.031642,2.037672,1.994443,1.066855,1.655106,0.108220,0.351184,0.113007,0.403397,0.078039,1.602730,1.178713
43.183333,1.943811,2.000956,1.902666,2.022110,1.802565,2.031926,2.038411,1.994647,1.059550,1.660869,0.108209,0.349301,0.113020,0.407107,0.078023,1.594605,1.190245
43.200000,1.942976,2.000966,1.901185,2.021990,1.793489,2.031726,2.039170,1.994895,1.055364,1.667341,0.108265,0.348295,0.113155,0.413355,0.078069,1.585511,1.185197
43.216667,1.942014,2.000980,1.899592,2.021872,1.765307,2.031111,2.040196,1.995119,1.052682,1.680378,0.108374,0.348116,0.113600,0.420462,0.078253,1.576409,1.149269
43.233333,1.941385,2.000979,1.898829,2.021813,1.738991,2.030504,2.040752,1.995243,1.051301,1.687389,0.108433,0.347864,0.113505,0.424659,0.078470,1.571577,1.129450
43.250000,1.940957,2.000981,1.898138,2.021858,1.728819,2.030149,2.041060,1.995269,1.050686,1.690789,0.108457,0.347646,0.113283,0.427364,0.078429,1.582105,1.118801
43.266667,1.940759,2.000991,1.897838,2.021946,1.727074,2.029955,2.040940,1.995113,1.052801,1.686349,0.108611,0.347635,0.113240,0.427609,0.078436,1.599572,1.113126
43.283333,1.940761,2.001007,1.894996,2.021865,1.731488,2.029860,2.039545,1.995076,1.028121,1.663760,0.109197,0.347967,0.113798,0.426422,0.079017,1.611480,1.110099
43.300000,1.939464,2.001023,1.891860,2.021504,1.733856,2.029815,2.038111,1.995075,1.019850,1.635881,0.109823,0.348560,0.114153,0.426242,0.079276,1.595781,1.108509
43.316667,1.936537,2.001041,1.891055,2.021156,1.735127,2.029797,2.037634,1.995050,1.020648,1.616409,0.110471,0.349438,0.114370,0.417412,0.079305,1.575702,1.107668
43.333333,1.933916,2.001063,1.890378,2.021073,1.733836,2.029798,2.037543,1.994991,1.030593,1.606805,0.111178,0.350433,0.114284,0.404935,0.079057,1.568404,1.107071
43.350000,1.931504,2.001082,1.889434,2.021101,1.730443,2.029892,2.037782,1.994861,1.046073,1.606095,0.111902,0.351467,0.114279,0.393381,0.078936,1.567868,1.106734
43.366667,1.930301,2.001082,1.888632,2.021572,1.731378,2.030579,2.038016,1.994731,1.066105,1.602240,0.111998,0.353630,0.114310,0.384955,0.078775,1.579014,1.108097
43.383333,1.929548,2.001077,1.888944,2.021980,1.734965,2.031299,2.038429,1.994518,1.092406,1.602691,0.111798,0.355041,0.115188,0.377404,0.079147,1.587548,1.105214
43.400000,1.928390,2.001105,1.890105,2.022134,1.736952,2.031755,2.038105,1.994116,1.111150,1.604081,0.111900,0.356361,0.115440,0.372911,0.078944,1.591110,1.103688
43.416667,1.927884,2.001108,1.893685,2.022356,1.738129,2.032028,2.037328,1.993657,1.121504,1.603476,0.111864,0.357379,0.115363,0.370160,0.078598,1.593756,1.103316
43.433333,1.927613,2.001100,1.899129,2.022607,1.738834,2.032192,2.036710,1.993340,1.127133,1.602867,0.111772,0.357891,0.115120,0.373544,0.078181,1.595808,1.103211
43.450000,1.930334,2.001055,1.908675,2.022938,1.739462,2.032276,2.036576,1.993333,1.124268,1.609175,0.111742,0.352633,0.115001,0.376284,0.077842,1.599040,1.130546
43.466667,1.936976,2.000995,1.915676,2.023207,1.742505,2.032339,2.037031,1.993443,1.110043,1.624630,0.111492,0.346512,0.114943,0.375282,0.077631,1.601806,1.159463
43.483333,1.941718,2.000956,1.920513,2.023407,1.768609,2.032743,2.037545,1.993570,1.090279,1.638088,0.111286,0.341706,0.114917,0.373647,0.077517,1.602054,1.158051
43.500000,1.944056,2.000924,1.924048,2.023461,1.785666,2.032986,2.038394,1.993670,1.076349,1.649350,0.111112,0.338958,0.114870,0.380068,0.077430,1.595625,1.161115
43.516667,1.944425,2.000907,1.926780,2.023417,1.794962,2.033156,2.039713,1.993893,1.066757,1.666535,0.110799,0.337590,0.114731,0.388058,0.077577,1.587403,1.169824
43.533333,1.943704,2.000896,1.928724,2.023254,1.786230,2.032856,2.041004,1.994180,1.061343,1.681587,0.110406,0.338693,0.114724,0.397561,0.077921,1.576443,1.169013
43.550000,1.942901,2.000881,1.930161,2.022953,1.760593,2.031987,2.042184,1.994421,1.057653,1.694465,0.110000,0.341543,0.114994,0.406697,0.078560,1.562943,1.170676
43.566667,1.942418,2.000867,1.930897,2.022795,1.743054,2.031247,2.042856,1.994542,1.055558,1.701717,0.110038,0.342820,0.114549,0.411836,0.078208,1.555774,1.174050
43.583333,1.942088,2.000881,1.931017,2.022790,1.737271,2.030792,2.043104,1.994659,1.054991,1.703516,0.110045,0.343052,0.114247,0.415269,0.078038,1.563915,1.165510
43.600000,1.941894,2.000911,1.931388,2.022916,1.740096,2.030529,2.042852,1.994727,1.061658,1.696332,0.110136,0.343194,0.114463,0.417571,0.078318,1.581805,1.147708
43.616667,1.940590,2.000938,1.932831,2.022986,1.748958,2.030429,2.042026,1.994768,1.039361,1.683630,0.110739,0.343837,0.115258,0.418531,0.079131,1.592445,1.138125
43.633333,1.937617,2.000967,1.933528,2.022973,1.753667,2.030381,2.040652,1.994931,1.031475,1.661531,0.111496,0.344862,0.115507,0.419084,0.079190,1.592234,1.132928
43.650000,1.934783,2.000991,1.934156,2.022687,1.756188,2.030378,2.040360,1.994988,1.034297,1.648223,0.112258,0.345566,0.115744,0.421332,0.079217,1.570142,1.130152
43.666667,1.932027,2.001009,1.934107,2.022603,1.753740,2.030317,2.040634,1.994882,1.038908,1.646933,0.113219,0.346163,0.115759,0.427278,0.079008,1.557302,1.128596
43.683333,1.928656,2.001149,1.933182,2.022699,1.747081,2.030354,2.040687,1.994413,1.049668,1.646571,0.115366,0.340103,0.115865,0.430737,0.078837,1.554562,1.127792
43.700000,1.924862,2.001228,1.931641,2.023170,1.744824,2.030729,2.040529,1.993898,1.066373,1.644896,0.117913,0.330825,0.116080,0.432873,0.078773,1.563588,1.127830
43.716667,1.922408,2.001241,1.930396,2.023331,1.749421,2.031496,2.040814,1.993395,1.091089,1.651758,0.119256,0.325502,0.116854,0.434563,0.079244,1.568817,1.121961
43.733333,1.922183,2.001241,1.929604,2.023441,1.752023,2.031977,2.040625,1.992791,1.108914,1.656318,0.118771,0.326923,0.117400,0.435106,0.079283,1.572140,1.119179
43.750000,1.922302,2.001243,1.929516,2.023492,1.753513,2.032257,2.040057,1.992428,1.118762,1.658163,0.118473,0.328222,0.117691,0.433622,0.079304,1.574258,1.117983
43.766667,1.922393,2.001220,1.931692,2.023638,1.756599,2.032495,2.039393,1.992187,1.124101,1.658675,0.118318,0.329023,0.117850,0.429718,0.079315,1.576097,1.113471
43.783333,1.923650,2.001163,1.935651,2.023900,1.763160,2.032665,2.039306,1.992417,1.120975,1.664774,0.117854,0.329987,0.117916,0.428280,0.079284,1.581817,1.129550
43.800000,1.929513,2.001114,1.938801,2.024156,1.776968,2.032846,2.039829,1.992611,1.105749,1.678558,0.117446,0.325800,0.118040,0.423495,0.079274,1.590573,1.144507
43.816667,1.933972,2.001074,1.941753,2.023927,1.799836,2.033138,2.040339,1.992668,1.088087,1.687877,0.117094,0.323406,0.118077,0.429069,0.079267,1.584971,1.143933
43.833333,1.936378,2.001055,1.943068,2.023741,1.813647,2.033268,2.041757,1.992800,1.075611,1.703852,0.117102,0.321894,0.118517,0.437074,0.079334,1.576574,1.149143
43.850000,1.937359,2.001048,1.943282,2.023591,1.821206,2.033345,2.043355,1.993017,1.067009,1.721203,0.116597,0.321367,0.117816,0.446082,0.079194,1.568217,1.158629
43.866667,1.936950,2.001053,1.942803,2.023461,1.802866,2.032790,2.044859,1.993281,1.062091,1.736004,0.116239,0.321269,0.117174,0.456411,0.079097,1.559248,1.149682
43.883333,1.936428,2.001060,1.942279,2.023326,1.769484,2.031955,2.046231,1.993499,1.058779,1.745393,0.115907,0.322678,0.116526,0.465882,0.078928,1.550360,1.106592
43.900000,1.936321,2.001067,1.941946,2.023269,1.739028,2.031138,2.046825,1.993589,1.059034,1.748570,0.115246,0.325117,0.115883,0.471199,0.078564,1.546044,1.084537
43.916667,1.936274,2.001090,1.941466,2.023331,1.718779,2.030452,2.046449,1.993813,1.069250,1.743462,0.114704,0.327187,0.115347,0.474258,0.078145,1.555941,1.072961
43.933333,1.936322,2.001122,1.940825,2.023507,1.704418,2.029888,2.044645,1.994039,1.084339,1.724704,0.114281,0.328771,0.114925,0.475087,0.077762,1.576763,1.066988
43.950000,1.935953,2.001169,1.938486,2.023561,1.687406,2.028848,2.042707,1.994204,1.052460,1.704038,0.114084,0.330036,0.114784,0.475919,0.077757,1.592964,1.064473
43.966667,1.932992,2.001213,1.932130,2.023425,1.665826,2.027395,2.041014,1.994366,1.045707,1.683534,0.114226,0.331715,0.115024,0.477772,0.078071,1.602511,1.064101
43.983333,1.929969,2.001247,1.928170,2.023338,1.646785,2.026191,2.040636,1.994439,1.046072,1.670932,0.114311,0.333600,0.115299,0.492321,0.078435,1.607645,1.064594
44.000000,1.927096,2.001271,1.925640,2.023014,1.629280,2.025194,2.040668,1.994361,1.062467,1.667816,0.114585,0.335476,0.115915,0.506682,0.079111,1.589925,1.065638
44.016667,1.926189,2.001333,1.921200,2.022692,1.623010,2.024316,2.040000,1.993954,1.082513,1.668337,0.114953,0.335567,0.116565,0.516287,0.079437,1.575209,1.067250
44.033333,1.926869,2.001490,1.917384,2.022277,1.625585,2.023506,2.039945,1.993544,1.103517,1.680775,0.115367,0.330653,0.117383,0.521924,0.079487,1.562072,1.069397
44.050000,1.925947,2.001623,1.914670,2.021851,1.630606,2.022994,2.040550,1.993216,1.140761,1.699643,0.115922,0.323923,0.118579,0.516401,0.079537,1.553943,1.072980
44.066667,1.926408,2.001653,1.914182,2.021598,1.648841,2.022630,2.040762,1.992810,1.139233,1.711285,0.115943,0.319099,0.120010,0.507512,0.079704,1.549823,1.086998
44.083333,1.927798,2.001660,1.914459,2.021457,1.666385,2.022347,2.040359,1.992430,1.126671,1.716884,0.115719,0.317359,0.120928,0.501257,0.079811,1.547890,1.099173
44.100000,1.928632,2.001661,1.915116,2.021359,1.683518,2.022146,2.039893,1.992162,1.111776,1.719649,0.115584,0.317087,0.121421,0.496773,0.079875,1.546976,1.105994
44.116667,1.928391,2.001625,1.915723,2.021273,1.693003,2.021989,2.039552,1.992207,1.097250,1.721133,0.115256,0.320497,0.121661,0.495016,0.079897,1.546243,1.114421
44.133333,1.931050,2.001600,1.916147,2.021384,1.679481,2.021684,2.039408,1.992378,1.081630,1.722146,0.114921,0.322165,0.121801,0.482039,0.079917,1.545946,1.137485
44.150000,1.933883,2.001581,1.914950,2.021396,1.684159,2.021603,2.040419,1.992408,1.066956,1.737898,0.114703,0.322850,0.121855,0.477359,0.079983,1.541702,1.100514
44.166667,1.934690,2.001573,1.914606,2.021216,1.681764,2.021506,2.042428,1.992611,1.057694,1.760134,0.113354,0.325243,0.120324,0.480529,0.079820,1.531202,1.049721
44.183333,1.934336,2.001577,1.913620,2.021063,1.682451,2.021480,2.044537,1.992878,1.052377,1.777265,0.112095,0.330803,0.119274,0.487079,0.079795,1.521193,0.980491
44.200000,1.933931,2.001569,1.913654,2.020869,1.696699,2.021490,2.046712,1.993034,1.048918,1.785031,0.112192,0.337849,0.119237,0.483857,0.079784,1.508794,0.946226
44.216667,1.933506,2.001576,1.914653,2.020683,1.701637,2.021467,2.047603,1.993230,1.046606,1.780684,0.112292,0.344348,0.119315,0.477981,0.079855,1.496335,0.902474
44.233333,1.933355,2.001533,1.915205,2.020589,1.697459,2.021353,2.047304,1.993330,1.045459,1.770106,0.112473,0.348966,0.119549,0.475080,0.080006,1.490023,0.847459
44.250000,1.933332,2.001532,1.915598,2.020630,1.689061,2.021210,2.045693,1.993624,1.045224,1.752546,0.112509,0.352247,0.119670,0.472454,0.080137,1.507344,0.780931
44.266667,1.933444,2.001549,1.915976,2.020688,1.684230,2.021196,2.043021,1.993707,1.050239,1.727541,0.112431,0.354567,0.119610,0.469605,0.080096,1.525294,0.737666
44.283333,1.933665,2.001587,1.913478,2.020640,1.686848,2.021154,2.040559,1.993578,1.034742,1.704666,0.112528,0.356600,0.119937,0.468945,0.080408,1.535778,0.729665
44.300000,1.932510,2.001617,1.910969,2.020755,1.691346,2.021235,2.039183,1.993490,1.019006,1.686983,0.113065,0.359193,0.120097,0.464782,0.080320,1.548046,0.739886
44.316667,1.929302,2.001637,1.909155,2.021023,1.691321,2.021430,2.038661,1.993433,1.027413,1.674282,0.113617,0.361643,0.120181,0.448536,0.080228,1.562477,0.750541
44.333333,1.926355,2.001654,1.907506,2.021165,1.690403,2.021679,2.038697,1.993332,1.043074,1.669251,0.114188,0.363716,0.120307,0.433848,0.080156,1.569423,0.759288
44.350000,1.928074,2.001799,1.906300,2.021176,1.688116,2.021945,2.039171,1.993167,1.060888,1.671033,0.114515,0.358495,0.120807,0.422999,0.080164,1.567813,0.759209
44.366667,1.928037,2.001947,1.905715,2.021188,1.688450,2.022206,2.039826,1.992976,1.077772,1.675461,0.114600,0.353147,0.121457,0.416818,0.080243,1.564341,0.757801
44.383333,1.926354,2.002050,1.905990,2.021219,1.688691,2.022404,2.040530,1.992795,1.093248,1.679190,0.114719,0.347084,0.122360,0.410214,0.080364,1.561467,0.755527
44.400000,1.925617,2.002136,1.906541,2.021210,1.688823,2.022531,2.040923,1.992702,1.103042,1.681194,0.114409,0.342111,0.123324,0.406221,0.080506,1.559526,0.754838
44.416667,1.928085,2.002178,1.906989,2.021174,1.689037,2.022603,2.040831,1.992572,1.108159,1.682563,0.113715,0.339469,0.124222,0.404045,0.080601,1.558612,0.760273
44.433333,1.928784,2.002219,1.909206,2.021256,1.689254,2.022574,2.040545,1.992545,1.109509,1.685608,0.113034,0.341215,0.124582,0.402750,0.080662,1.558989,0.784602
44.450000,1.928663,2.002250,1.913418,2.021442,1.689456,2.022521,2.041299,1.992760,1.089111,1.702664,0.110982,0.351203,0.123288,0.402188,0.080446,1.559983,0.809620
44.466667,1.931291,2.002279,1.917545,2.021624,1.689637,2.022475,2.042714,1.992856,1.066744,1.729589,0.108718,0.355856,0.121215,0.400367,0.080109,1.560987,0.830111
44.483333,1.935176,2.002298,1.921829,2.021848,1.699675,2.022445,2.043786,1.992852,1.050762,1.748635,0.107690,0.358884,0.119982,0.394146,0.079891,1.561630,0.842855
44.500000,1.938459,2.002296,1.924727,2.021987,1.707963,2.022423,2.044995,1.992821,1.041154,1.761119,0.107984,0.360803,0.120089,0.393900,0.079817,1.557581,0.877778
44.516667,1.940687,2.002292,1.927043,2.021953,1.713592,2.022285,2.044623,1.992806,1.035608,1.756645,0.108114,0.361807,0.120052,0.398649,0.079742,1.549029,0.900089
44.533333,1.942281,2.002282,1.928608,2.021857,1.723651,2.022157,2.042737,1.992964,1.031942,1.734494,0.108385,0.358607,0.120179,0.404853,0.079698,1.539956,0.908623
44.550000,1.943089,2.002276,1.929000,2.021745,1.732298,2.022077,2.042028,1.993183,1.028550,1.724633,0.108147,0.359333,0.119736,0.410922,0.079606,1.531478,0.920585
44.566667,1.943627,2.002275,1.928878,2.021694,1.736907,2.022035,2.041544,1.993315,1.026717,1.719135,0.107720,0.362009,0.119304,0.414422,0.079519,1.527245,0.938267
44.583333,1.943894,2.002273,1.928767,2.021673,1.736742,2.021834,2.041176,1.993399,1.036376,1.716127,0.107622,0.363365,0.119077,0.416388,0.079440,1.525098,0.953597
44.600000,1.943614,2.002294,1.928266,2.021793,1.734317,2.021561,2.040104,1.993651,1.050980,1.700972,0.107561,0.364150,0.118956,0.416351,0.079372,1.542667,0.962148
44.616667,1.940872,2.002337,1.927258,2.021884,1.731202,2.021289,2.038218,1.993637,1.066646,1.672716,0.107636,0.364988,0.118892,0.416125,0.079319,1.554728,0.966978
44.633333,1.938108,2.002425,1.922696,2.021804,1.727469,2.020992,2.037204,1.993612,1.056141,1.649345,0.107789,0.365606,0.118866,0.418807,0.079325,1.560883,0.969826
44.650000,1.935233,2.002479,1.917177,2.021973,1.713836,2.020107,2.037011,1.993546,1.048465,1.636467,0.108340,0.366471,0.118541,0.430088,0.079441,1.571953,0.972133
44.666667,1.932945,2.002476,1.913351,2.022133,1.700538,2.019338,2.037000,1.993460,1.059758,1.627708,0.109455,0.362858,0.118405,0.436585,0.079364,1.577127,0.973928
44.683333,1.931232,2.002422,1.910019,2.022116,1.688760,2.018712,2.037100,1.993369,1.078642,1.621426,0.111054,0.352728,0.118447,0.440454,0.079294,1.566348,0.975087
44.700000,1.929574,2.002358,1.907038,2.022011,1.677873,2.018234,2.037603,1.993217,1.105365,1.624421,0.112647,0.344603,0.118681,0.439456,0.079242,1.553580,0.976186
44.716667,1.927634,2.002301,1.904422,2.021618,1.668819,2.017868,2.038200,1.992988,1.130404,1.627846,0.114121,0.338077,0.119092,0.425683,0.079202,1.543631,0.977752
44.733333,1.926393,2.002276,1.903817,2.021370,1.664034,2.017669,2.038577,1.992832,1.144487,1.630517,0.115038,0.335119,0.119426,0.415294,0.079170,1.537975,0.978882
44.750000,1.925969,2.002273,1.904043,2.021223,1.661638,2.017567,2.038496,1.992682,1.152049,1.632430,0.115625,0.333738,0.119661,0.408607,0.079144,1.534904,0.979632
44.766667,1.924677,2.002307,1.905207,2.021129,1.663726,2.017474,2.038194,1.992826,1.153470,1.633223,0.115262,0.340852,0.119644,0.403422,0.079084,1.533805,0.993847
44.783333,1.927642,2.002304,1.906562,2.021011,1.661574,2.017352,2.038495,1.992904,1.116456,1.645447,0.114867,0.343935,0.119633,0.399840,0.079069,1.533331,1.025293
44.800000,1.931500,2.002298,1.906978,2.021011,1.638005,2.017133,2.038977,1.992859,1.090962,1.661906,0.114717,0.343689,0.119784,0.393278,0.079115,1.532975,1.050888
44.816667,1.935376,2.002294,1.904881,2.021148,1.616389,2.016958,2.039728,1.992774,1.076977,1.677148,0.114640,0.341959,0.119962,0.385862,0.079166,1.533032,1.067815
44.833333,1.937776,2.002302,1.903873,2.021067,1.611101,2.016907,2.040847,1.992827,1.069479,1.690936,0.114636,0.339853,0.120143,0.387426,0.079272,1.525215,1.021967
44.850000,1.939232,2.002306,1.903100,2.020942,1.600801,2.016854,2.041884,1.992895,1.063357,1.703498,0.114850,0.339212,0.120551,0.388255,0.079487,1.515426,0.948448
44.866667,1.939109,2.002316,1.901545,2.020802,1.613494,2.016838,2.042952,1.993056,1.053626,1.715440,0.117423,0.340160,0.123285,0.392914,0.079972,1.504849,0.905606
44.883333,1.938539,2.002333,1.900291,2.020687,1.617715,2.016811,2.043980,1.993211,1.044123,1.726716,0.120025,0.341251,0.126100,0.398482,0.080491,1.495053,0.857442
44.900000,1.938169,2.002359,1.899454,2.020690,1.611124,2.016781,2.044426,1.993346,1.038719,1.731307,0.123195,0.341850,0.129371,0.402558,0.081035,1.503704,0.815091
44.916667,1.937906,2.002382,1.898837,2.020742,1.602837,2.016807,2.043594,1.993665,1.036626,1.720663,0.126037,0.342091,0.132264,0.405578,0.081475,1.520175,0.784725
44.933333,1.937799,2.002414,1.898375,2.020797,1.599165,2.016873,2.041464,1.993971,1.035777,1.695598,0.127630,0.342211,0.133905,0.407839,0.081718,1.536638,0.768483
44.950000,1.936431,2.002455,1.894964,2.020707,1.597235,2.016913,2.039676,1.993936,1.035450,1.672379,0.128581,0.342495,0.134824,0.410062,0.081858,1.546910,0.759786
44.966667,1.932926,2.002466,1.891305,2.020744,1.590873,2.016699,2.038429,1.994015,1.015019,1.651171,0.129530,0.343101,0.135667,0.411723,0.082053,1.557452,0.755493
44.983333,1.929658,2.002467,1.889368,2.020621,1.584313,2.016478,2.038048,1.994028,1.015929,1.636092,0.130396,0.343697,0.136414,0.411031,0.082180,1.544225,0.753595
45.000000,1.926563,2.002473,1.890016,2.020526,1.566023,2.015889,2.037857,1.994000,1.034354,1.624439,0.131068,0.344379,0.136827,0.406813,0.082213,1.529760,0.753802
45.016667,1.924700,2.002439,1.892375,2.020468,1.548364,2.015426,2.038213,1.993904,1.062021,1.623797,0.132571,0.337469,0.137354,0.401868,0.082283,1.516646,0.754710
