t0,t1,t2,t3,t4,t5
2.900462211811278834e-01,9.214246610896099920e-02,9.790137024077094630e-02,3.081741100049484872e-01,8.405634373007684346e-01,1.118595705937179474e+01
2.920605542106775587e-01,9.458870390969360831e-02,1.005004979040495378e-01,3.103143388488446841e-01,8.405098026854589399e-01,1.162962733222969192e+01
2.961823635296599866e-01,9.648788627204658852e-02,1.025183791640495168e-01,3.146937612502635484e-01,8.410286812724553362e-01,1.223276685183474832e+01
2.968125999870278586e-01,9.776168851504729584e-02,1.038717940472376616e-01,3.153633874862170061e-01,8.416741215243445096e-01,1.280487546675216315e+01
2.958550808741882143e-01,1.006654033583127827e-01,1.069569910682073299e-01,3.143460234288248389e-01,8.420630968213249634e-01,1.332686576785618193e+01
2.957472481865467406e-01,1.041145282677630735e-01,1.106216862844982690e-01,3.142314511982057801e-01,8.420909459069012559e-01,1.384853004866986659e+01
2.957970833911549025e-01,1.064903526448317261e-01,1.131459996851336830e-01,3.142844011031019624e-01,8.420786936850473969e-01,1.435652951909830044e+01
2.962276375860329880e-01,1.085237312453186942e-01,1.153064644481510831e-01,3.147418649351599873e-01,8.418402818605239535e-01,1.482675053591571412e+01
2.986694785015641118e-01,1.103419327835229308e-01,1.172383035824930836e-01,3.173363209079116398e-01,8.415281580118438853e-01,1.521862608506344472e+01
2.999002309229604202e-01,1.120049011747110551e-01,1.190052074981304692e-01,3.186439953556453042e-01,8.411167596172081096e-01,1.556240201813983148e+01
3.008241410624452605e-01,1.139187475060147864e-01,1.210386692251407548e-01,3.196256498788478395e-01,8.403448466772885928e-01,1.585735438507795614e+01
3.015951000468938825e-01,1.156729883067822429e-01,1.229025500759562545e-01,3.204447937998242679e-01,8.395525392121954145e-01,1.610119056288338868e+01
3.017866064987427821e-01,1.174454471205675365e-01,1.247857875656030735e-01,3.206482694049141435e-01,8.389481876384409231e-01,1.630295132427685800e+01
3.019566458079775417e-01,1.187874490231223129e-01,1.262116645870674791e-01,3.208289361709759646e-01,8.384644297982793981e-01,1.645696896601642578e+01
3.020183020722907452e-01,1.196806795312039123e-01,1.271607220019041473e-01,3.208944459518087711e-01,8.381031715246853864e-01,1.656322284256116006e+01
3.021200709196970591e-01,1.202187879951130550e-01,1.277324622448076374e-01,3.210025753521781877e-01,8.378513295516203385e-01,1.662473211807474982e+01
3.022493476816357494e-01,1.205555012226503242e-01,1.280902200490658394e-01,3.211399319117379525e-01,8.376718651185628417e-01,1.665855462923564190e+01
3.024083191802041659e-01,1.207647618140034879e-01,1.283125594273786807e-01,3.213088391289667944e-01,8.375380232823919080e-01,1.667753617394328103e+01
3.025865458910402261e-01,1.208933804236433096e-01,1.284492167001210494e-01,3.214982050092299870e-01,8.374324402024265757e-01,1.668876722079117414e+01
3.027855814987355232e-01,1.209724021724305071e-01,1.285331773082074580e-01,3.217096803424063789e-01,8.373429026582153156e-01,1.669603477992539808e+01
3.030150007382024779e-01,1.210230468581851848e-01,1.285869872868215524e-01,3.219534382843403653e-01,8.372603269741253351e-01,1.670130710399726581e+01
3.037851420693562510e-01,1.208498546712268445e-01,1.284029705881785943e-01,3.227717134486908779e-01,8.370517771818611896e-01,1.670916446217376006e+01
3.060340459022020676e-01,1.200617352631988821e-01,1.275655937171487064e-01,3.251611737710897732e-01,8.364654344302178135e-01,1.672611194770250620e+01
3.087944600462443345e-01,1.190602536123466643e-01,1.265015194631181339e-01,3.280941137991348899e-01,8.357362408493863581e-01,1.674522129608536147e+01
3.116104311174200947e-01,1.180035958191661821e-01,1.253788205578641457e-01,3.310860830622586182e-01,8.350308545217509648e-01,1.675879986993007265e+01
3.135028152684883884e-01,1.173283788833945074e-01,1.246614025636067213e-01,3.330967412227687774e-01,8.344814970880762850e-01,1.675349283818183821e+01
3.149050836859456637e-01,1.172770470949947297e-01,1.246068625384319228e-01,3.345866514163172711e-01,8.336208991536045998e-01,1.676975921595936114e+01
3.150948879119453983e-01,1.176282495820831914e-01,1.249800151809633414e-01,3.347883184064417428e-01,8.325385784263552580e-01,1.680300933579799505e+01
3.153747678842471203e-01,1.199959069493840152e-01,1.274956511337203835e-01,3.350856908770127318e-01,8.306477369814878609e-01,1.681616197035829785e+01
3.164232279450463481e-01,1.247855725598710774e-01,1.325846708448631117e-01,3.361996796916116303e-01,8.276084659312246128e-01,1.683227907469647988e+01
3.163036702448982496e-01,1.309679831187520738e-01,1.391534820636741443e-01,3.360726496352042236e-01,8.240286260940150598e-01,1.685292301704098961e+01
3.183558472593357447e-01,1.377595857686198522e-01,1.463695598791585062e-01,3.382530877130442981e-01,8.205843991989228980e-01,1.691147216541784815e+01
3.207716054054438604e-01,1.469026007966595659e-01,1.560840133464506396e-01,3.408198307432843133e-01,8.176356968641629308e-01,1.697654570198515600e+01
3.254678520414280851e-01,1.556614576325882071e-01,1.653902987346249354e-01,3.458095927940174619e-01,8.151417830376119777e-01,1.708287618290831489e+01
3.312764585277339635e-01,1.611787028498880558e-01,1.712523717780060906e-01,3.519812371857173883e-01,8.135077797060544791e-01,1.720492770960138174e+01
3.387389455556840123e-01,1.641818122076035835e-01,1.744431754705789428e-01,3.599101296529140792e-01,8.115048332356701311e-01,1.729208235563628904e+01
3.443088994528128999e-01,1.641298111887011801e-01,1.743879243879951635e-01,3.658282056686131822e-01,8.087852048970651797e-01,1.730975085235481714e+01
3.534786722041664553e-01,1.620355177825718307e-01,1.721627376439826274e-01,3.755710892169265014e-01,8.072583828962035524e-01,1.730820446806933433e+01
3.588870778098218195e-01,1.608296838853545685e-01,1.708815391281892637e-01,3.813175201729355202e-01,8.057963741579949879e-01,1.732491599412232119e+01
3.609070489363616074e-01,1.602104992161680064e-01,1.702236554171784877e-01,3.834637394948843814e-01,8.043761311703324646e-01,1.735181433193467271e+01
3.599288415779146599e-01,1.607982492188224921e-01,1.708481397949987990e-01,3.824243941765345656e-01,8.032738103887019365e-01,1.734040540732563329e+01
3.550903486427310352e-01,1.629721699452637285e-01,1.731579305668425606e-01,3.772834954329019053e-01,8.024730481083592881e-01,1.733159268815839482e+01
3.478199754289791890e-01,1.652725599248616173e-01,1.756020949201654024e-01,3.695587238932904750e-01,8.016331428245139223e-01,1.732800840267228537e+01
3.377641926532310990e-01,1.686457358184787203e-01,1.791860943071336421e-01,3.588744546940579316e-01,8.010029374570664107e-01,1.736388096516117940e+01
3.249568805500637203e-01,1.727150518214752850e-01,1.835097425603175181e-01,3.452666855844423455e-01,8.011377601334702669e-01,1.741892695857040607e+01
3.149144750893618228e-01,1.756850624117050341e-01,1.866653788124363889e-01,3.345966297824473634e-01,8.021475715949739627e-01,1.749699796655125184e+01
3.213982096820193757e-01,1.711978486592955206e-01,1.818977142005015479e-01,3.414855977871453785e-01,8.032278666114325283e-01,1.759576229025079641e+01
3.176017724261844810e-01,1.702480435912583911e-01,1.808885463157121898e-01,3.374518832028207127e-01,8.049217091268775492e-01,1.771959992043999321e+01
3.142868621964042264e-01,1.687544885033487041e-01,1.793016440348078611e-01,3.339297910836797056e-01,8.061306134899102194e-01,1.786805067813014603e+01
3.100749522453890017e-01,1.676335780119588559e-01,1.781106766377061057e-01,3.294546367607260051e-01,8.070081776414921304e-01,1.804110206172054731e+01
3.046533297056645551e-01,1.669747322777167808e-01,1.774106530450741681e-01,3.236941628122684822e-01,8.075560181965343309e-01,1.822773071911982257e+01
2.976736536388868148e-01,1.671934130499790894e-01,1.776430013656030427e-01,3.162782569913169528e-01,8.077372018148247790e-01,1.844026744364920134e+01
2.925074406052038389e-01,1.677418497801176911e-01,1.782257153913751613e-01,3.107891556430287805e-01,8.075650177013752318e-01,1.863865164716217393e+01
2.858923331840944049e-01,1.696276012128017652e-01,1.802293262886017766e-01,3.037606040081000658e-01,8.070942195023824706e-01,1.884895750416020022e+01
2.770139229335565334e-01,1.725288965482401071e-01,1.833119525825050444e-01,2.943272931169037543e-01,8.064151215534033357e-01,1.905986447743338275e+01
2.714076723675751812e-01,1.759922081580860276e-01,1.869917211679664182e-01,2.883706518905486682e-01,8.044338018225087872e-01,1.913781702946562646e+01
2.670170735969074061e-01,1.762697353477350737e-01,1.872865938069686043e-01,2.837056406967143896e-01,8.047911984421182163e-01,1.911834528095225494e+01
2.628038985945700956e-01,1.742854704807630661e-01,1.851783123858107283e-01,2.792291422567307335e-01,8.060718529595842785e-01,1.909175058891061028e+01
2.587921325917783011e-01,1.733622385223864415e-01,1.841973784300356409e-01,2.749666408787642125e-01,8.068666432048157144e-01,1.909795350045924778e+01
2.556655402040067249e-01,1.732409996615693060e-01,1.840685621404174743e-01,2.716446364667571833e-01,8.080856451480961100e-01,1.917681056825603036e+01
2.520925269220158915e-01,1.740920515230903742e-01,1.849728047432834532e-01,2.678483098546420305e-01,8.086988433462450887e-01,1.930931550454446821e+01
2.515547650582324324e-01,1.771158483847055098e-01,1.881855889087495903e-01,2.672769378743721225e-01,8.075507515786753965e-01,1.937393921416114395e+01
2.544662980631968163e-01,1.793052120746776723e-01,1.905117878293450806e-01,2.703704416921466902e-01,8.057520844552148453e-01,1.953243386371617518e+01
2.547288982412188596e-01,1.826707324905382790e-01,1.940876532711969527e-01,2.706494543812950626e-01,8.035883543984762012e-01,1.975679333011072458e+01
2.547202478066337705e-01,1.871137466643159053e-01,1.988083558308355869e-01,2.706402632945483777e-01,8.005572420892064223e-01,2.001902586942260598e+01
2.559259324437824223e-01,1.922034678816420261e-01,2.042161846242445677e-01,2.719213032215190284e-01,7.976679370383309431e-01,2.028055596489034684e+01
2.581229109891145512e-01,1.974309748800614772e-01,2.097704108100651998e-01,2.742555929259342662e-01,7.952641485819975653e-01,2.053272822166527334e+01
2.593262850622327087e-01,2.033305805685594880e-01,2.160387418540943849e-01,2.755341778786222218e-01,7.937990507463037471e-01,2.074620281099048569e+01
2.603190432224284923e-01,2.080330927845382150e-01,2.210351610835718517e-01,2.765889834238303702e-01,7.927892837024166361e-01,2.092537567453817005e+01
2.595713914503571806e-01,2.135053013870020222e-01,2.268493827236897076e-01,2.757946034160045357e-01,7.919930263876941989e-01,2.110399548317067087e+01
2.587051585682244581e-01,2.187799667677644000e-01,2.324537146907497687e-01,2.748742309787386429e-01,7.909949638307552933e-01,2.128560619248018781e+01
2.557827656106971270e-01,2.254566997414752805e-01,2.395477434753175150e-01,2.717691884613656073e-01,7.896671212830246311e-01,2.146263437024035525e+01
2.529468889981432156e-01,2.309848603225481689e-01,2.454214140927074572e-01,2.687560695605271666e-01,7.879357111037598171e-01,2.161654366224099988e+01
2.512597069018492335e-01,2.350398922732838125e-01,2.497298855403639328e-01,2.669634385832148071e-01,7.866691069778630752e-01,2.180912257423416634e+01
2.508067893131025738e-01,2.377034839351062079e-01,2.525599516810503875e-01,2.664822136451717172e-01,7.857448705055039007e-01,2.197147437947505466e+01
2.489948533093522820e-01,2.411666596013542496e-01,2.562395758264388590e-01,2.645570316411871015e-01,7.849161785484702891e-01,2.213849028982740208e+01
2.492994816919392453e-01,2.429343041755502586e-01,2.581176981865221376e-01,2.648806992976854846e-01,7.838566183473570925e-01,2.229550136383720371e+01
2.499829832869381874e-01,2.442281393651604404e-01,2.594923980754829662e-01,2.656069197423717720e-01,7.829537860128298332e-01,2.241002194598592112e+01
2.509637024625678836e-01,2.448359203194878930e-01,2.601381653394558846e-01,2.666489338664784770e-01,7.824462634816299333e-01,2.246845201813069792e+01
2.521026714204039898e-01,2.450133388557575453e-01,2.603266725342423538e-01,2.678590883841793779e-01,7.821763639828842596e-01,2.249055447930577856e+01
2.540743157072856695e-01,2.444920259446220490e-01,2.597727775661610172e-01,2.699539604389906700e-01,7.821097517732590321e-01,2.248622210126012178e+01
2.561924288533168337e-01,2.437645413580455667e-01,2.589998251929234163e-01,2.722044556566493578e-01,7.821503434438689117e-01,2.246731516938266893e+01
2.585188913542668665e-01,2.428910848446226567e-01,2.580717776474115710e-01,2.746763220639088510e-01,7.822442703809340259e-01,2.243903599544491456e+01
2.610399281591651577e-01,2.418940577142273396e-01,2.570124363213666108e-01,2.773549236691130182e-01,7.823603110383712256e-01,2.240428703538207245e+01
2.637474694700986388e-01,2.407871198434862747e-01,2.558363148337042259e-01,2.802316863119796997e-01,7.824735970981691047e-01,2.236510279129068124e+01
2.642093233272528874e-01,2.394146517355586479e-01,2.543780674690312438e-01,2.807224060352060957e-01,7.827216668476569827e-01,2.232747815280468018e+01
2.628169581290059620e-01,2.359291374897433125e-01,2.506747085828521793e-01,2.792430180120687444e-01,7.839514643757109491e-01,2.229525541031305025e+01
2.628132902124817871e-01,2.316961083833295743e-01,2.461771151572877681e-01,2.792391208507622458e-01,7.856257861512397911e-01,2.230246951324982518e+01
2.643230933114379955e-01,2.266390434432199730e-01,2.408039836584212057e-01,2.808432866434027453e-01,7.874371173767822363e-01,2.233700110469364830e+01
2.669548147465204413e-01,2.211748841965879564e-01,2.349983144588746742e-01,2.836394906681779515e-01,7.889307621889367628e-01,2.238605883412956032e+01
2.691062205761843296e-01,2.134864075996219523e-01,2.268293080745984736e-01,2.859253593621957634e-01,7.910560783701505727e-01,2.245456586526368170e+01
2.702403677477529520e-01,2.041537043180332300e-01,2.169133108379104058e-01,2.871303907319876503e-01,7.936973602498348379e-01,2.255123472961373920e+01
2.636463183617622219e-01,1.976627495075054253e-01,2.100166713517244710e-01,2.801242132593724787e-01,7.968504088038702582e-01,2.265466104340151787e+01
2.567338725628441343e-01,1.935515344204276622e-01,2.056485053217044223e-01,2.727797395980219863e-01,7.991498492839577139e-01,2.276233737657321043e+01
2.524371748355808687e-01,1.886283442825941736e-01,2.004176158002564934e-01,2.682144982628045238e-01,8.016221103281921945e-01,2.281280791187773005e+01
2.528276750934012607e-01,1.843588629474494089e-01,1.958812918816649762e-01,2.686294047867390788e-01,8.035556147398977833e-01,2.282609988462142780e+01
2.551464191973042417e-01,1.823601813304256691e-01,1.937576926635771191e-01,2.710930703971359823e-01,8.059873760875301274e-01,2.286047730872167705e+01
2.579657845328302002e-01,1.820997722080119341e-01,1.934810079710125863e-01,2.740886460661322022e-01,8.090590846083198784e-01,2.293522993480056016e+01
2.516897636333017552e-01,1.818209669279115814e-01,1.931847773609060293e-01,2.674203738603833092e-01,8.113607841367297402e-01,2.308365751615069783e+01
2.443903959089971101e-01,1.811434216260932040e-01,1.924648854777240570e-01,2.596647956533092438e-01,8.128205071902918633e-01,2.331291026643993547e+01
2.372063538446924913e-01,1.804484678157630417e-01,1.917264970542483515e-01,2.520317509599859229e-01,8.130567580489725943e-01,2.358063468565420351e+01
2.302636733450149076e-01,1.809418455724268737e-01,1.922507109207035603e-01,2.446551529290786064e-01,8.122348463472662816e-01,2.375235553497006435e+01
2.248150983730866082e-01,1.811732415305970512e-01,1.924965691262593981e-01,2.388660420214045732e-01,8.121016842085333476e-01,2.393020098045926147e+01
2.205415055125322654e-01,1.809974620978691828e-01,1.923098034789860467e-01,2.343253496070654140e-01,8.117892121622701795e-01,2.413897717601500403e+01
2.193867305966358261e-01,1.797532317260377432e-01,1.909878087089151855e-01,2.330984012589254473e-01,8.114350625419832763e-01,2.439243295801088252e+01
2.228199623487326919e-01,1.777889450668831695e-01,1.889007541335633866e-01,2.367462099955284227e-01,8.109725217322418800e-01,2.477366920046844356e+01
2.288788219373571742e-01,1.754276870083040785e-01,1.863919174463230521e-01,2.431837483084420826e-01,8.098185967694974119e-01,2.520942139046348274e+01
2.315985932870887887e-01,1.735547541494274204e-01,1.844019262837667261e-01,2.460735053675317807e-01,8.093142703061597665e-01,2.557188564217813820e+01
2.307780241517537190e-01,1.729448305412056297e-01,1.837538824500308254e-01,2.452016506612383628e-01,8.092208185519322861e-01,2.583694958914857409e+01
2.330333823895814338e-01,1.728588554987847692e-01,1.836625339674587409e-01,2.475979687889300340e-01,8.084648990350581377e-01,2.605184085789444737e+01
2.385323030258037214e-01,1.713984192538912654e-01,1.821108204572592926e-01,2.534405719649164834e-01,8.081418724694041655e-01,2.613616305888823277e+01
2.455117363463675262e-01,1.680706179526949284e-01,1.785750315747383077e-01,2.608562198680154931e-01,8.095181166582100518e-01,2.621584326318122393e+01
2.540387938006877788e-01,1.649263743564045592e-01,1.752342727536797540e-01,2.699162184132308240e-01,8.111751707638560349e-01,2.624970931789675532e+01
2.643115608012847617e-01,1.644895708417095093e-01,1.747701690193162738e-01,2.808310333513653889e-01,8.133684343928365701e-01,2.632009349957882449e+01
2.687265729237992562e-01,1.639096139356232551e-01,1.741539648065996981e-01,2.855219837315365328e-01,8.141066679996660227e-01,2.648896739452997551e+01
2.706140879793701992e-01,1.638116139969584273e-01,1.740498398717683914e-01,2.875274684780804169e-01,8.136242072438735207e-01,2.677543354854070756e+01
2.614415415678228438e-01,1.674830312339964100e-01,1.779507206861212221e-01,2.777816379158118965e-01,8.124259850577811859e-01,2.687595928443730031e+01
2.524795930007560085e-01,1.682213174911252329e-01,1.787351498343206502e-01,2.682595675633030474e-01,8.127392381558877776e-01,2.712729745571853002e+01
2.471337950551040219e-01,1.665247870773157168e-01,1.769325862696478624e-01,2.625796572460478151e-01,8.130907987582405294e-01,2.741064562770620228e+01
2.454069963809685784e-01,1.635074309627624345e-01,1.737266453979350866e-01,2.607449336547790764e-01,8.133395257906361753e-01,2.759155304263105180e+01
2.423169740395844929e-01,1.610834125577616793e-01,1.711511258426215987e-01,2.574617849170584005e-01,8.137235639093391981e-01,2.789644926824977844e+01
2.391834225016121196e-01,1.593204623230215500e-01,1.692779912182105218e-01,2.541323864079623740e-01,8.146894483172377743e-01,2.810686722763504974e+01
2.409123493394055848e-01,1.579165785509782094e-01,1.677863647104142764e-01,2.559693711731184651e-01,8.160526074297129728e-01,2.819185352842858450e+01
2.407322332045125912e-01,1.579607356439905186e-01,1.678332816217397994e-01,2.557779977797945969e-01,8.170361166384939589e-01,2.837445267524054060e+01
2.414186181353016047e-01,1.590420621481587471e-01,1.689821910324185994e-01,2.565072817687579221e-01,8.180513486190970074e-01,2.853944606175981846e+01
2.436529936276107533e-01,1.589833422607485058e-01,1.689198011520451626e-01,2.588813057293364306e-01,8.189019463394824339e-01,2.863543404387315405e+01
2.442768579811357976e-01,1.606467570475158813e-01,1.706871793629855805e-01,2.595441616049567468e-01,8.193755028411868757e-01,2.872760640225481765e+01
2.448771168053694991e-01,1.625143648289182896e-01,1.726715126307256654e-01,2.601819366057050997e-01,8.196438496253412032e-01,2.880728379070314205e+01
2.458319704713426146e-01,1.640464999646359390e-01,1.742994062124256227e-01,2.611964686258015922e-01,8.199661578544251705e-01,2.889864927154829388e+01
2.452795614121197620e-01,1.658988634766950521e-01,1.762675424439884564e-01,2.606095340003770633e-01,8.201421411536741202e-01,2.898764258082147904e+01
2.436407833406761814e-01,1.683980243027227708e-01,1.789229008216429440e-01,2.588683322994684288e-01,8.197388164330559057e-01,2.905768739392982170e+01
2.419283035840122109e-01,1.709779329092869227e-01,1.816640537161172686e-01,2.570488225580131458e-01,8.190583653794353269e-01,2.911166902866295558e+01
2.403836400470056589e-01,1.732557896218534510e-01,1.840842764732192050e-01,2.554076175499439549e-01,8.184154661327351921e-01,2.915336776116672723e+01
2.394067463929458184e-01,1.749158002371434539e-01,1.858480377519649562e-01,2.543696680425050483e-01,8.179096365741336250e-01,2.918498642876889448e+01
2.387790674632422061e-01,1.760073842981046688e-01,1.870078458167362401e-01,2.537027591796948700e-01,8.175510741437711504e-01,2.920779041493096528e+01
2.383805789354790372e-01,1.766697854179519189e-01,1.877116470065738341e-01,2.532793651189464978e-01,8.173246308602611920e-01,2.922213951576637214e+01
2.383777158682035269e-01,1.768864519421468606e-01,1.879418551885309874e-01,2.532763231099663392e-01,8.171882765322989739e-01,2.922968202437677476e+01
2.384875057886712835e-01,1.768492339525403467e-01,1.879023110745740022e-01,2.533929749004634191e-01,8.170694054780657245e-01,2.923291819999522190e+01
2.386326221299280015e-01,1.767226655276637470e-01,1.877678321231426306e-01,2.535471610130483611e-01,8.169650503778387307e-01,2.923313886821318874e+01
2.388191032401388025e-01,1.765286911867972874e-01,1.875617343859721786e-01,2.537452971926471568e-01,8.168607805554437551e-01,2.923151210336163786e+01
2.388364449656619481e-01,1.765717831610597588e-01,1.876075196086259833e-01,2.537637227760156655e-01,8.167492157594131719e-01,2.923290466433988399e+01
2.386879225158154982e-01,1.768104194890738889e-01,1.878610707071409480e-01,2.536059176730540154e-01,8.166199777045130004e-01,2.923653361760956315e+01
2.384942784165310359e-01,1.770093125737822737e-01,1.880723946096435062e-01,2.534001708175643297e-01,8.165041118233968831e-01,2.923945801663792921e+01
2.382928777041474488e-01,1.771562343538851114e-01,1.882284990010030523e-01,2.531861825606566696e-01,8.164005164237911893e-01,2.924170964775055026e+01
2.381213138139995356e-01,1.772321820174982687e-01,1.883091933935920059e-01,2.530038959273742116e-01,8.163155539625452928e-01,2.924289267364828149e+01
2.380082460358232677e-01,1.772395345044682213e-01,1.883170054109972180e-01,2.528837614130625688e-01,8.162555031633547120e-01,2.924293826512470318e+01
2.399496711238807423e-01,1.767285611637514353e-01,1.877740962364858324e-01,2.549465255691233945e-01,8.155184019355167235e-01,2.922771568134539422e+01
2.422944915683446776e-01,1.760558721242936886e-01,1.870593641320619782e-01,2.574378972913664576e-01,8.146202031082994122e-01,2.921090305938347242e+01
2.448281125650495771e-01,1.752465204408500676e-01,1.861994279684031084e-01,2.601298696003652711e-01,8.136049085916909895e-01,2.919321226591560858e+01
2.431139134001032709e-01,1.726437909616941047e-01,1.834340278967999949e-01,2.583085329876097513e-01,8.136016433056162400e-01,2.918904068961797194e+01
2.402547293534058881e-01,1.711095344510364102e-01,1.818038803542260662e-01,2.552706499379938099e-01,8.134517207590897803e-01,2.918931264099651557e+01
2.402223009557186983e-01,1.708646187498999436e-01,1.815436574217685339e-01,2.552361947654515073e-01,8.130009285009006659e-01,2.917097392340937390e+01
2.406236526316474500e-01,1.691923566430229564e-01,1.797668789332118600e-01,2.556626309211251780e-01,8.124785115743051733e-01,2.912597193855306443e+01
2.391057465317011355e-01,1.681501969147964626e-01,1.786595842219711461e-01,2.540498556899322691e-01,8.118743707913984586e-01,2.904741433258372396e+01
2.409889440915524428e-01,1.682862076178265609e-01,1.788040955939408094e-01,2.560507530972743195e-01,8.106329850770473966e-01,2.896393530463763000e+01
2.482454172572438333e-01,1.688113660198631572e-01,1.793620763961045472e-01,2.637607558358219251e-01,8.087614128484266196e-01,2.892696485272883322e+01
2.597308923781829204e-01,1.691007366595670691e-01,1.796695327007898912e-01,2.759640731518195333e-01,8.073821226810182772e-01,2.892318890434521350e+01
2.713938488205747679e-01,1.699546386193552250e-01,1.805768035330650445e-01,2.883559643718603960e-01,8.057456794644121123e-01,2.891999404464169388e+01
2.746301836205852775e-01,1.713019110321361838e-01,1.820082804716445790e-01,2.917945700968720413e-01,8.045449941710490771e-01,2.890371204620323553e+01
2.764605195529559190e-01,1.723030864358473246e-01,1.830720293380878050e-01,2.937393020250158027e-01,8.042696371403372790e-01,2.889601165328084420e+01
2.774786396198232752e-01,1.740371093134246983e-01,1.849144286455137176e-01,2.948210545960622264e-01,8.038579094768333322e-01,2.889853265015196015e+01
2.809891721552744137e-01,1.737346517025910586e-01,1.845930674340029443e-01,2.985509954149793144e-01,8.034880192885625050e-01,2.889828569973903427e+01
2.844679711370930453e-01,1.742981453437487116e-01,1.851917794277328222e-01,3.022472193331613433e-01,8.027717129321766398e-01,2.890367862553273071e+01
2.899406370062387883e-01,1.730030298093109820e-01,1.838157191723929773e-01,3.080619268191284177e-01,8.027657365650170407e-01,2.897757295878093586e+01
2.952110436834078366e-01,1.716488781197391678e-01,1.823769330022227408e-01,3.136617339136206217e-01,8.022554799456744767e-01,2.904660301604637596e+01
2.989936041915838838e-01,1.705740752921629522e-01,1.812349549979231644e-01,3.176807044535578939e-01,8.010821455271738278e-01,2.910584136032741398e+01
3.011775240541476606e-01,1.695449828919910751e-01,1.801415443227404045e-01,3.200011193075320004e-01,8.006341716517624274e-01,2.917254520163271181e+01
3.015362233851407447e-01,1.694178805457587922e-01,1.800064980798686542e-01,3.203822373467123397e-01,8.006816940094267920e-01,2.924420156693702921e+01
2.980774740560162006e-01,1.696836182674681393e-01,1.802888444091849396e-01,3.167073161845173068e-01,8.009253185275198028e-01,2.931782915590524041e+01
3.010929708334031396e-01,1.691479440968300385e-01,1.797196906028817598e-01,3.199112815104911411e-01,8.021853747778144861e-01,2.939527242834082799e+01
3.049391778458231395e-01,1.688900896095765214e-01,1.794457202101749915e-01,3.239978764611869400e-01,8.032619225692925191e-01,2.941120488552608592e+01
3.081982808575901567e-01,1.689366298286381907e-01,1.794951691929279891e-01,3.274606734111897288e-01,8.042135212902475905e-01,2.938223095701930632e+01
3.100213294130149677e-01,1.680756414201139137e-01,1.785803690088711149e-01,3.293976625013283477e-01,8.053439999581666342e-01,2.933842948040919651e+01
3.097328428770708131e-01,1.654376412415489994e-01,1.757774938191458136e-01,3.290911455568876764e-01,8.071872388372655083e-01,2.927140051768644113e+01
3.080898981339139087e-01,1.641188086434212379e-01,1.743762341836350982e-01,3.273455167672836286e-01,8.083670415759560690e-01,2.919426460979801519e+01
3.051366020269041801e-01,1.633354971759652108e-01,1.735439657494630694e-01,3.242076396535856220e-01,8.096805306905016097e-01,2.911839943134679487e+01
3.032487318595010750e-01,1.627335195209872742e-01,1.729043644910489841e-01,3.222017776007198298e-01,8.108440240486848305e-01,2.896026698669076183e+01
2.998407356252542066e-01,1.632502201872680081e-01,1.734533589489723193e-01,3.185807816018324523e-01,8.118477572565369060e-01,2.871935136823123358e+01
2.975174603663458539e-01,1.624050902077016911e-01,1.725554083456830035e-01,3.161123016392425322e-01,8.121593384510771285e-01,2.847432621423765653e+01
2.955264958873991543e-01,1.610293115460638413e-01,1.710936435176928505e-01,3.139969018803616119e-01,8.123562228303410349e-01,2.828395074853764513e+01
2.928567678038245803e-01,1.613711090891383759e-01,1.714568034072095348e-01,3.111603157915636131e-01,8.119876796265583785e-01,2.826393364493653948e+01
2.935279743412878006e-01,1.620558197181017068e-01,1.721843084504831867e-01,3.118734727376182292e-01,8.107090628866047144e-01,2.830731755605130573e+01
2.962816817767897071e-01,1.639962073923401653e-01,1.742459703543614014e-01,3.147992868878393691e-01,8.090783197863858911e-01,2.838769341743760677e+01
2.987778833570964854e-01,1.681914054410945103e-01,1.787033682811630664e-01,3.174515010669148318e-01,8.068948112474086942e-01,2.849724148512889244e+01
3.014073425648312043e-01,1.719865544487255982e-01,1.827357141017710018e-01,3.202453014751331373e-01,8.048857387758716619e-01,2.855964898330808310e+01
3.040615412679437690e-01,1.766559982904643833e-01,1.876969981836184576e-01,3.230653875971902789e-01,8.025227163834706134e-01,2.868003924459630127e+01
3.040513220888035328e-01,1.802904205387509395e-01,1.915585718224228629e-01,3.230545297193538890e-01,8.000076683868354577e-01,2.883481951868359872e+01
3.016143212149264285e-01,1.833516079116253583e-01,1.948110834061020924e-01,3.204652162908593893e-01,7.978195775011841517e-01,2.899327899230296879e+01
2.981608062142434012e-01,1.861254088532478812e-01,1.977582469065758963e-01,3.167958566026337630e-01,7.957344444884710821e-01,2.914461920548865592e+01
2.962850719849282610e-01,1.877117064832573290e-01,1.994436881384609728e-01,3.148028889839862288e-01,7.940068067565337895e-01,2.921732676097302672e+01
2.930634431882983559e-01,1.887486673300987627e-01,2.005454590382299840e-01,3.113799083875670171e-01,7.931421753082688042e-01,2.929461410982506209e+01
2.910149309189224431e-01,1.891885853781685722e-01,2.010128719643040629e-01,3.092033641013551271e-01,7.925357342662489035e-01,2.933641752206912301e+01
2.898816562667724805e-01,1.897935550347399358e-01,2.016556522244111194e-01,3.079992597834459445e-01,7.919435688485867431e-01,2.933415470044275963e+01
2.888743971214014494e-01,1.900754666981527008e-01,2.019551833667872776e-01,3.069290469414889810e-01,7.915536978009082292e-01,2.935376378842462586e+01
2.872009689519378628e-01,1.898343733680874501e-01,2.016990217035928845e-01,3.051510295114338578e-01,7.913867071542100007e-01,2.938073915689308535e+01
2.860760359193951774e-01,1.896791723077078384e-01,2.015341205769394795e-01,3.039557881643573656e-01,7.914032721799290071e-01,2.940792756061139102e+01
2.856430297933315043e-01,1.894978509030950942e-01,2.013414665845386919e-01,3.034957191554148448e-01,7.914451479804913703e-01,2.942283456586909196e+01
2.857803364338794561e-01,1.892802879842794272e-01,2.011103059832967943e-01,3.036416074609968874e-01,7.915167088870932455e-01,2.942649227620308849e+01
2.861923981173955522e-01,1.890623577792361620e-01,2.008787551404383753e-01,3.040794229997328402e-01,7.916261230369895374e-01,2.942841261522455909e+01
2.867954432567944023e-01,1.888792335909880993e-01,2.006841856904247601e-01,3.047201584603441704e-01,7.917333055944146825e-01,2.943158530657861505e+01
2.874165895895209877e-01,1.887639346988884415e-01,2.005616806175690714e-01,3.053801264388661396e-01,7.918756237214478189e-01,2.943358967111108981e+01
2.880763141900123392e-01,1.886899287088867894e-01,2.004830492531922970e-01,3.060810838268880341e-01,7.920778926456258917e-01,2.943550535226403753e+01
2.888490531999137745e-01,1.886244322366275872e-01,2.004134592514167368e-01,3.069021190249083264e-01,7.923763377683722409e-01,2.943883908389906878e+01
2.871671492642589030e-01,1.889304886012036777e-01,2.007386441387789544e-01,3.051150960932750289e-01,7.926834104732713993e-01,2.944712312922961672e+01
2.859060606232245449e-01,1.894427652914973670e-01,2.012829381222159819e-01,3.037751894121760166e-01,7.932722259985367508e-01,2.945696819950066470e+01
2.860411007456295507e-01,1.895648566479142816e-01,2.014126601884089762e-01,3.039186695422314566e-01,7.940747981383969867e-01,2.945532260323754414e+01
2.874555491141268515e-01,1.895677426076335381e-01,2.014157265206105163e-01,3.054215209337599601e-01,7.949776043731446862e-01,2.944678016266356479e+01
2.894018150199198502e-01,1.896194407089297762e-01,2.014706557532378040e-01,3.074894284586650595e-01,7.958385874418439920e-01,2.943428655299256036e+01
2.905184528721376780e-01,1.900832202834903117e-01,2.019634215512084163e-01,3.086758561766462239e-01,7.965213702625484338e-01,2.941583931833434207e+01
2.898710632014806499e-01,1.911317703309302063e-01,2.030775059766132817e-01,3.079880046515729441e-01,7.974371551490280208e-01,2.938992513878399748e+01
2.888927974719922021e-01,1.919857281558868256e-01,2.039848361656296516e-01,3.069485973139919333e-01,7.981289932379203034e-01,2.936253042142284642e+01
2.907909732580730711e-01,1.900882025672206432e-01,2.019687152276719022e-01,3.089654090867025582e-01,7.989763382183983076e-01,2.930481862268653970e+01
2.928952080422417281e-01,1.861056396203616403e-01,1.977372420966341804e-01,3.112011585448819506e-01,8.003185973055263469e-01,2.925269110140015272e+01
2.976918199650664953e-01,1.833940560166960054e-01,1.948561845177395335e-01,3.162975587128832311e-01,8.008050122562504480e-01,2.920946788420021889e+01
3.014765612612265167e-01,1.803748117718050326e-01,1.916482375075427569e-01,3.203188463400533648e-01,8.011548034846814881e-01,2.921806278801395251e+01
3.014167737843619355e-01,1.788495431875505581e-01,1.900276396367725495e-01,3.202553221458844246e-01,8.017068991921004750e-01,2.926806493457293001e+01
3.031058617730031379e-01,1.824942918653978119e-01,1.939001851069852844e-01,3.220499781338157508e-01,8.021593285980259669e-01,2.935240300896686705e+01
3.043033167851918463e-01,1.874354120346294894e-01,1.991501252867937388e-01,3.233222740842663923e-01,8.016700999611408029e-01,2.947609828479121319e+01
3.066531708414581558e-01,1.927202290583425737e-01,2.047652433744889533e-01,3.258189940190492906e-01,8.012996451490004279e-01,2.961464435225369840e+01
3.081471931741414094e-01,1.972829080495814291e-01,2.096130898026801470e-01,3.274063927475254210e-01,8.011977416354754133e-01,2.976636977472894330e+01
3.128169723239527245e-01,2.021684464427706551e-01,2.148039743454438211e-01,3.323680330941998218e-01,8.016898455210610397e-01,2.991915585204197114e+01
3.189620076889262412e-01,2.064389465163533055e-01,2.193413806736252414e-01,3.388971331694840550e-01,8.024654923596674649e-01,3.002499474855445172e+01
3.222825283911807115e-01,2.094956527103229993e-01,2.225891310047182214e-01,3.424251864156294678e-01,8.028377573592649918e-01,3.012890226176196506e+01
3.211271035866966050e-01,2.113162282339264564e-01,2.245234924985468616e-01,3.411975475608649555e-01,8.027513756345480145e-01,3.025462017733232400e+01
3.180135859369916385e-01,2.114323240281543448e-01,2.246468442799139653e-01,3.378894350580534112e-01,8.038193928061784232e-01,3.042065954017568785e+01
3.143253277758639719e-01,2.108031714891594466e-01,2.239783697072320612e-01,3.339706607618552758e-01,8.027403555582600658e-01,3.059849111931878340e+01
3.065555236813320983e-01,2.086521804571218330e-01,2.216929417356919840e-01,3.257152439114153752e-01,8.027009822669901595e-01,3.074269387970419842e+01
3.013019393833195614e-01,2.075056126099715237e-01,2.204747133980947127e-01,3.201333105947768431e-01,8.024357823689590719e-01,3.079151276180978059e+01
2.961959431174689406e-01,2.059830846625755330e-01,2.188570274539864136e-01,3.147081895623107251e-01,8.021059135401169549e-01,3.084067228256102311e+01
2.917652176743569803e-01,2.035292988435190298e-01,2.162498800212388217e-01,3.100005437790044338e-01,8.018960990076789974e-01,3.091721192576049049e+01
2.856059188698409912e-01,2.001777814711915016e-01,2.126888928131410450e-01,3.034562887992059976e-01,8.023022892598068445e-01,3.109068244677965964e+01
2.804300062971573637e-01,1.966802476663044030e-01,2.089727631454486589e-01,2.979568816907294249e-01,8.033738996268665611e-01,3.133082556254579387e+01
2.765628956145685380e-01,1.932041203378188077e-01,2.052793778589324658e-01,2.938480765904793457e-01,8.044743868920087859e-01,3.158533046866106275e+01
2.726908838128468404e-01,1.898462931200007031e-01,2.017116864400008702e-01,2.897340640511497090e-01,8.055660802470908655e-01,3.178840129016596094e+01
2.675372740084950296e-01,1.877926967409179748e-01,1.995297402872254211e-01,2.842583536340259065e-01,8.060022207961116125e-01,3.198043102163681084e+01
2.623797764079316974e-01,1.852655569248373157e-01,1.968446542326395265e-01,2.787785124334272169e-01,8.059265032947877661e-01,3.215763176555999081e+01
2.576112445954008012e-01,1.834647824495390378e-01,1.949313313526352121e-01,2.737119473826132299e-01,8.057948311393857699e-01,3.234360785183228870e+01
2.512085110298936108e-01,1.816366154978695524e-01,1.929889039664865191e-01,2.669090429692619892e-01,8.061238361991683865e-01,3.264437439902886240e+01
2.473961731986090984e-01,1.819491107312923572e-01,1.933209301519981105e-01,2.628584340235221584e-01,8.061775289081783979e-01,3.293650010666262062e+01
2.461013958447683392e-01,1.845708077521991397e-01,1.961064832367116206e-01,2.614827330850662546e-01,8.060083266874120689e-01,3.320158500784287980e+01
2.425055409365532433e-01,1.880549807472104984e-01,1.998084170439110019e-01,2.576621372450875747e-01,8.059749688906950871e-01,3.346194772862853029e+01
2.406734573745250017e-01,1.923675143423542455e-01,2.043904839887513980e-01,2.557155484604325402e-01,8.057808285106264901e-01,3.370866152695099061e+01
2.399469979589366475e-01,1.970116920538889926e-01,2.093249228072570634e-01,2.549436853313702955e-01,8.055234393539600912e-01,3.391884264228914247e+01
2.397305599647683028e-01,2.012059006484600010e-01,2.137812694389887858e-01,2.547137199625662540e-01,8.051079147406957626e-01,3.406841794092505182e+01
2.399568392936340944e-01,2.051788656166151359e-01,2.180025447176534570e-01,2.549541417494863293e-01,8.047107534029044329e-01,3.418370896251212088e+01
2.412020067544012880e-01,2.087307273622799608e-01,2.217763978224223387e-01,2.562771321765514587e-01,8.042429957997274670e-01,3.429559340563883296e+01
2.423444361828927807e-01,2.105731383937204382e-01,2.237339595433277539e-01,2.574909634443235396e-01,8.037747135814256039e-01,3.441811475687374866e+01
2.429686263684888159e-01,2.115331517926334060e-01,2.247539737796728776e-01,2.581541655165194293e-01,8.031117262932606637e-01,3.455889456268970861e+01
2.440883370178712208e-01,2.117318264584845955e-01,2.249650656121399417e-01,2.593438580814879102e-01,8.025503814697800831e-01,3.466890386145917091e+01
2.451016729277838979e-01,2.110051000445403724e-01,2.241929187973241144e-01,2.604205274857703811e-01,8.026399209284157399e-01,3.472151086911446072e+01
2.480955311078641701e-01,2.093767471087524257e-01,2.224627938030494245e-01,2.636015018021060086e-01,8.031423627881449923e-01,3.472371133979914504e+01
2.503608420187842798e-01,2.083266154231744050e-01,2.213470288871229041e-01,2.660083946449581793e-01,8.034218618279217461e-01,3.473707871382606527e+01
2.517374480696056294e-01,2.077516104060523061e-01,2.207360860564306360e-01,2.674710385739559326e-01,8.035128865351754968e-01,3.480013140006811057e+01
2.526358856038575240e-01,2.074624720069729589e-01,2.204288765074085832e-01,2.684256284540986193e-01,8.035117503278069728e-01,3.484482054246196014e+01
2.528855087068236918e-01,2.073625588137191778e-01,2.203227187395767617e-01,2.686908530009998741e-01,8.034781921283319361e-01,3.487877160856269398e+01
2.530896343147480132e-01,2.073062516817697765e-01,2.202628924118802678e-01,2.689077364594196773e-01,8.034398914754279364e-01,3.489881698588062164e+01
2.531754929265305210e-01,2.073130366228603805e-01,2.202701014117890432e-01,2.689989612344385606e-01,8.033778211071634923e-01,3.490844937099426915e+01
2.533543265913816844e-01,2.073402394057138887e-01,2.202990043685708887e-01,2.691889720033431854e-01,8.032594281829794625e-01,3.491053175515802565e+01
2.537191108780508242e-01,2.073551861603054602e-01,2.203148852953246695e-01,2.695765553079286225e-01,8.030693767632988145e-01,3.490777770713351202e+01
2.542233595479718167e-01,2.073387232670010627e-01,2.202973934711885406e-01,2.701123195197201454e-01,8.028239259074614331e-01,3.490228779308478835e+01
2.549178101857861312e-01,2.072771923772920855e-01,2.202320169008728790e-01,2.708501733223974695e-01,8.025365451775311465e-01,3.489494594940346417e+01
2.558452353617284292e-01,2.071561160468821661e-01,2.201033732998123604e-01,2.718355625718361090e-01,8.022232696319634426e-01,3.488639581538752310e+01
2.569290425681590717e-01,2.069786073110839453e-01,2.199147702680267491e-01,2.729871077286688541e-01,8.018002440089261329e-01,3.487228354078228421e+01
2.576495351452443017e-01,2.072785349020772883e-01,2.202334433334571795e-01,2.737526310918220740e-01,8.012676701756265008e-01,3.484434798117644760e+01
2.581866550875136501e-01,2.078854068884066486e-01,2.208782448189320069e-01,2.743233210304831804e-01,8.007377224188246823e-01,3.480876717326390235e+01
2.589925069758017839e-01,2.084031615209596400e-01,2.214283591160196574e-01,2.751795386617894579e-01,8.001949429758294929e-01,3.476960532766330658e+01
2.600035498929485489e-01,2.088100674624163711e-01,2.218606966788172485e-01,2.762537717612575938e-01,7.995988554692869954e-01,3.473121685312347751e+01
2.608883446314325671e-01,2.091540084032029456e-01,2.222261339284030690e-01,2.771938661708969742e-01,7.989326969165410075e-01,3.468234669512654023e+01
2.621189798582029828e-01,2.092426847895359487e-01,2.223203525888818866e-01,2.785014160993407040e-01,7.982408206640845272e-01,3.463801962775129795e+01
2.637442761459973806e-01,2.090167621307077728e-01,2.220803097638768264e-01,2.802282934051224528e-01,7.975282195155649623e-01,3.459965965128510845e+01
2.660944041254395542e-01,2.074528997245398965e-01,2.204187059573234631e-01,2.827253043832796964e-01,7.968831581951596466e-01,3.452780673570720182e+01
2.706319880748424556e-01,2.051075332958314512e-01,2.179267541268208597e-01,2.875464873295202617e-01,7.963442289575579647e-01,3.441137235282715778e+01
2.725296267363726543e-01,2.007686353505925836e-01,2.133166750600045958e-01,2.895627284073959418e-01,7.964059418726553430e-01,3.428447050505279492e+01
2.694178739557284152e-01,1.961930214712032938e-01,2.084550853131533210e-01,2.862564910779615279e-01,7.971242316864161070e-01,3.413266775286274424e+01
2.657662551991640254e-01,1.922033801775310802e-01,2.042160914386266235e-01,2.823766461491118429e-01,7.976048198535342637e-01,3.399099200109971974e+01
2.695301152101342579e-01,1.908309489805941339e-01,2.027578832918812413e-01,2.863757474107676004e-01,7.976592418093664261e-01,3.387711052034637049e+01
2.790992321025456691e-01,1.901964548445037595e-01,2.020837332722851265e-01,2.965429341089550475e-01,7.971275483358267744e-01,3.377390389275758764e+01
2.851058638935157763e-01,1.890800200727818514e-01,2.008975213273306859e-01,3.029249803868602764e-01,7.963973465978042565e-01,3.370689796986721376e+01
2.906180901150093865e-01,1.878739252294277240e-01,1.996160455562670799e-01,3.087817207471971193e-01,7.957883848477143029e-01,3.367270891343795824e+01
2.968456236654583025e-01,1.869812447596763960e-01,1.986675725571562245e-01,3.153984751445493839e-01,7.963942895588647097e-01,3.358763384701105537e+01
2.980543051219491368e-01,1.868775419389722969e-01,1.985573883101580672e-01,3.166826991920708156e-01,7.980802585310049491e-01,3.354374956695421872e+01
2.970126899291785083e-01,1.864497225528628510e-01,1.981028302124167306e-01,3.155759830497519292e-01,8.017420498776244298e-01,3.347642236173272323e+01
2.916908983196991323e-01,1.869825084709707264e-01,1.986689152504063083e-01,3.099215794646804079e-01,8.050842012030950956e-01,3.338360319628996820e+01
2.848456839443226918e-01,1.894027519635987922e-01,2.012404239613235779e-01,3.026485391908428357e-01,8.075924566118035663e-01,3.327967595409106849e+01
2.822813165053835172e-01,1.905651602794459498e-01,2.024754827969113269e-01,2.999238987869699002e-01,8.089936306409482025e-01,3.320764270608306390e+01
2.828745145857326504e-01,1.922460687616576180e-01,2.042614480592612192e-01,3.005541717473407259e-01,8.092822536544912460e-01,3.310928508453078223e+01
2.839309313052261197e-01,1.917812707011289364e-01,2.037676001199494047e-01,3.016766145118028319e-01,8.093140570102559384e-01,3.307295356497454719e+01
2.826767621887926740e-01,1.889440113106577168e-01,2.007530120175739230e-01,3.003440598255923133e-01,8.098977511834101195e-01,3.314751377579371905e+01
2.817044298601354413e-01,1.860360189053837932e-01,1.976632700869702941e-01,2.993109567263940729e-01,8.106130101175591518e-01,3.324042384304330255e+01
2.821874107359850781e-01,1.834095957373659269e-01,1.948726954709512627e-01,2.998241239069842634e-01,8.113028956326782115e-01,3.333263025181990713e+01
2.829974180057424071e-01,1.817380424627892954e-01,1.930966701167136645e-01,3.006847566311011688e-01,8.115955472486744426e-01,3.340181861988501311e+01
2.824107386156907151e-01,1.814883940643322036e-01,1.928314186933529906e-01,3.000614097791713952e-01,8.118276260850735282e-01,3.342503387704638129e+01
2.816850047315487271e-01,1.813931553243431638e-01,1.927302275321146341e-01,2.992903175272703664e-01,8.118827314950670671e-01,3.345518148043342421e+01
2.831800855894673341e-01,1.801168524953790373e-01,1.913741557763401768e-01,3.008788409388088447e-01,8.123597584030912699e-01,3.343770085912197487e+01
2.870592467589573871e-01,1.801059060616822527e-01,1.913625251905373970e-01,3.050004496813922272e-01,8.125344020369403841e-01,3.331241224296820747e+01
2.917019994776973713e-01,1.799110517381513896e-01,1.911554924717859816e-01,3.099333744450533112e-01,8.124365015840282478e-01,3.315181727150405777e+01
2.958294987104548857e-01,1.798362931188766667e-01,1.910760614388064549e-01,3.143188423798582432e-01,8.119115032460180181e-01,3.297680895102421061e+01
2.991436210474969770e-01,1.808685247119748707e-01,1.921728075064734198e-01,3.178400973629656456e-01,8.106038779415434270e-01,3.287325357986457419e+01
3.009531210639751486e-01,1.826446140633885551e-01,1.940599024423503294e-01,3.197626911304736752e-01,8.086246938088350600e-01,3.281505386755087983e+01
3.014199888898935198e-01,1.844523796036094121e-01,1.959806533288349639e-01,3.202587381955119272e-01,8.066784421341125499e-01,3.278537642543713559e+01
3.007058729747513204e-01,1.855658269996178500e-01,1.971636911870939812e-01,3.194999900356734202e-01,8.049341853933046353e-01,3.274955618889670461e+01
2.995321706169997711e-01,1.858336580711597852e-01,1.974482617006073082e-01,3.182529312805624233e-01,8.037945658871135102e-01,3.266729719049402547e+01
3.000100935140650460e-01,1.856146825295684755e-01,1.972156001876665954e-01,3.187607243586943473e-01,8.027707046686987091e-01,3.259039506820576548e+01
3.017311956538575313e-01,1.864272891714368885e-01,1.980789947446518207e-01,3.205893953822237519e-01,8.020929048085170265e-01,3.250112092119235285e+01
3.026130889438913840e-01,1.868585311758088341e-01,1.985371893742968186e-01,3.215264070028845955e-01,8.011969920287581592e-01,3.250684610819021003e+01
3.025816032485409979e-01,1.872239797459530897e-01,1.989254784800751907e-01,3.214929534515747478e-01,8.002120865053238274e-01,3.256910224388899167e+01
3.022777847371077020e-01,1.878462151486182674e-01,1.995866035954070028e-01,3.211701462831769160e-01,7.989042687352517769e-01,3.257345162704709907e+01
3.019264390667066311e-01,1.883932329066811684e-01,2.001678099633487640e-01,3.207968415083757296e-01,7.974741116632804161e-01,3.263161334079795495e+01
3.034274459282145231e-01,1.889135252461346670e-01,2.007206205740182381e-01,3.223916612987278718e-01,7.959453649288895649e-01,3.267372170949908394e+01
3.057260014398683889e-01,1.892675322680750505e-01,2.010967530348297394e-01,3.248338765298600661e-01,7.946468501127271766e-01,3.269326096088029487e+01
3.046732811430813426e-01,1.895855310621457623e-01,2.014346267535299384e-01,3.237153612145240444e-01,7.936652765263539910e-01,3.277959142593015684e+01
3.005367734073876584e-01,1.893128903769522586e-01,2.011449460255118615e-01,3.193203217453494669e-01,7.933571691459189168e-01,3.285301801049240566e+01
2.966132119936888412e-01,1.891797068268537274e-01,2.010034385035320836e-01,3.151515377432943521e-01,7.932039453454998723e-01,3.286975379276732667e+01
2.940606523682359752e-01,1.890223559406460363e-01,2.008362531869365142e-01,3.124394431412506057e-01,7.930041278062478494e-01,3.287739918833317887e+01
2.927437415465697357e-01,1.888957064764273108e-01,2.007016881312039258e-01,3.110402253932303407e-01,7.928135361033241679e-01,3.288161908530528876e+01
2.921013858960535559e-01,1.887808749324059454e-01,2.005796796156813777e-01,3.103577225145569551e-01,7.925995325073391662e-01,3.288422278342873284e+01
2.918579411561397774e-01,1.886516284041393210e-01,2.004423551793982072e-01,3.100990624783986904e-01,7.924485912741093818e-01,3.288698619534657297e+01
2.918380987076018562e-01,1.885270800266969082e-01,2.003100225283654112e-01,3.100779798768270590e-01,7.923486286918506316e-01,3.288973736988916130e+01
2.918902048142995587e-01,1.884362767331850541e-01,2.002135440290091772e-01,3.101333426151933748e-01,7.922988483134124627e-01,3.289320393851801327e+01
2.930076572236948729e-01,1.884230026056474827e-01,2.001994402685004226e-01,3.113206358001757712e-01,7.920639256884866031e-01,3.289339884951398574e+01
2.945940329722731010e-01,1.885092945674972098e-01,2.002911254779658756e-01,3.130061600330401594e-01,7.917605437772997634e-01,3.289121147752999264e+01
2.963831299309146461e-01,1.886757700227472967e-01,2.004680056491690565e-01,3.149070755515966935e-01,7.914280689807180469e-01,3.288879646680331348e+01
2.984389924372326530e-01,1.888539486289282088e-01,2.006573204182363068e-01,3.170914294645594267e-01,7.910928428119731182e-01,3.288975542962469945e+01
3.010358741115884418e-01,1.888810736341518803e-01,2.006861407362864613e-01,3.198506162435625910e-01,7.907735570079773568e-01,3.289901143990122279e+01
3.036928905446109050e-01,1.883990514022178819e-01,2.001739921148565082e-01,3.226736962036492740e-01,7.906253505142881721e-01,3.290312588598705901e+01
3.062390050936735220e-01,1.879164394105631020e-01,1.996612168737233184e-01,3.253789429120282906e-01,7.904713190929035793e-01,3.290465930160703323e+01
3.078012906522762937e-01,1.876723786215435674e-01,1.994019022853900369e-01,3.270388713180435447e-01,7.903860885290602267e-01,3.290573711362685572e+01
3.087439613088591162e-01,1.875961979215652886e-01,1.993209602916631296e-01,3.280404588906626895e-01,7.903490254076299681e-01,3.290655116447464934e+01
3.090409462867904078e-01,1.876774460408006939e-01,1.994072864183506766e-01,3.283560054297149922e-01,7.908547735044052507e-01,3.288853949406658472e+01
3.096224291243531712e-01,1.881415674254008630e-01,1.999004153894883562e-01,3.289738309446252895e-01,7.911777119702191330e-01,3.286462133981131473e+01
3.096169176960463232e-01,1.886710873596066373e-01,2.004630303195820140e-01,3.289679750520492219e-01,7.926013658054040789e-01,3.279132735042322366e+01
3.098042981326924461e-01,1.896722418522220066e-01,2.015267569679859705e-01,3.291670667659856164e-01,7.939372847912179454e-01,3.270040275365551707e+01
3.071884092259134502e-01,1.911764670366762342e-01,2.031249962264685127e-01,3.263876848025329958e-01,7.948438372960421328e-01,3.261886278286998930e+01
2.994095808580009566e-01,1.939706117439665145e-01,2.060937749779644390e-01,3.181226796616258845e-01,7.943031955676939093e-01,3.255460812333744514e+01
2.938068974913031761e-01,1.969098224893836013e-01,2.092166863949699862e-01,3.121698285845098120e-01,7.921668927066803922e-01,3.250351749592872608e+01
2.876001626979352577e-01,1.988473500714758313e-01,2.112753094509431939e-01,3.055751728665563882e-01,7.908356781186147710e-01,3.247950429408181350e+01
2.776724027394578687e-01,1.972958840692027316e-01,2.096268768235279023e-01,2.950269279106739195e-01,7.913123145431606442e-01,3.249535595252332598e+01
2.645627246809348354e-01,1.947504224294830388e-01,2.069223238313257496e-01,2.810978949734933563e-01,7.931910196104078326e-01,3.260963651441274891e+01
2.495804229346221259e-01,1.928086085157343366e-01,2.048591465479677465e-01,2.651791993680361337e-01,7.958461192841174148e-01,3.274774629738310239e+01
2.363665125506087261e-01,1.924540307360513847e-01,2.044824076570544991e-01,2.511394195850218947e-01,7.987131656956250048e-01,3.291849279028872388e+01
2.245169033696914618e-01,1.925659190906285623e-01,2.046012890337928769e-01,2.385492098302971764e-01,8.016264996809991938e-01,3.309120438011068899e+01
2.141093434745819646e-01,1.928587104564406240e-01,2.049123798599681023e-01,2.274911774417435195e-01,8.044657081997318437e-01,3.325073768560345400e+01
2.103416335768902579e-01,1.961106361712936785e-01,2.083675509319996011e-01,2.234879856754460881e-01,8.072751388593587540e-01,3.343486269695220159e+01
2.073894976944472002e-01,1.996624744023641207e-01,2.121413790525117360e-01,2.203513413003501398e-01,8.083310347227078418e-01,3.363752083305249130e+01
2.033842200062064287e-01,2.039933970037881295e-01,2.167429843165248893e-01,2.160957337565942993e-01,8.082640285334696806e-01,3.379088710117829208e+01
1.963079914078801891e-01,2.088054208021598857e-01,2.218557596022948386e-01,2.085772408708727599e-01,8.080687100296910508e-01,3.392402999336522385e+01
1.848370185314376912e-01,2.128279291495540626e-01,2.261296747214011915e-01,1.963893321896526267e-01,8.073260636893129227e-01,3.403120350101770697e+01
1.754596268125483416e-01,2.132394915419308923e-01,2.265669597633015175e-01,1.864258534883325991e-01,8.067086422678094726e-01,3.410476665134266483e+01
1.708267204670251005e-01,2.116266814577728583e-01,2.248533490488835718e-01,1.815033904962141120e-01,8.064694414189745864e-01,3.416772143064768841e+01
1.701530591176225460e-01,2.085806608099108894e-01,2.216169521105302298e-01,1.807876253124740262e-01,8.061807773532034815e-01,3.423459407945226474e+01
1.687887337857380543e-01,2.053933135329875093e-01,2.182303956287992286e-01,1.793380296473466307e-01,8.063262302512088642e-01,3.430230079744423222e+01
1.667106982845706353e-01,2.027391619003316159e-01,2.154103595191023401e-01,1.771301169273559739e-01,8.066586086449936133e-01,3.438570911333374625e+01
1.660971783106016397e-01,2.010002590887305096e-01,2.135627752817760849e-01,1.764782519550144035e-01,8.065027342642558938e-01,3.451077711957971417e+01
1.608155316014671654e-01,2.023676222761940091e-01,2.150155986684560705e-01,1.708665023265588667e-01,8.056019873760363881e-01,3.465791615069753107e+01
1.575246847401135519e-01,2.030236554423563988e-01,2.157126339075035870e-01,1.673699775363706177e-01,8.040884238040523213e-01,3.482485225762890479e+01
1.578906502560885050e-01,2.024451066359990448e-01,2.150979258007489903e-01,1.677588158970941823e-01,8.022209786469455262e-01,3.497148261604773012e+01
1.606461081589822815e-01,2.021481591866369776e-01,2.147824191358017887e-01,1.706864899189185492e-01,8.013188919439780955e-01,3.513341797139257494e+01
1.673657779069494811e-01,2.054761792857891234e-01,2.183184404911508447e-01,1.778261390261337282e-01,7.997954737088340815e-01,3.533099774442391094e+01
1.778344674410450577e-01,2.075632316703375224e-01,2.205359336497335898e-01,1.889491216561101639e-01,7.989498763455503694e-01,3.558205206708647239e+01
1.939424744379107113e-01,2.070530186980474585e-01,2.199938323666754958e-01,2.060638790902798445e-01,7.994056889918588205e-01,3.586951465818824403e+01
2.116766066784531442e-01,2.035717214654666207e-01,2.162949540570582030e-01,2.249063945958564292e-01,8.008740983390515433e-01,3.599329160151817320e+01
2.239186170153614763e-01,2.021741109211058485e-01,2.148099928536749970e-01,2.379135305788214194e-01,8.019298849143479124e-01,3.599000371910295826e+01
2.256325791765935729e-01,2.017033002959109089e-01,2.143097565644054014e-01,2.397346153751306608e-01,8.016354119185152838e-01,3.613033074352288310e+01
2.286113920949917611e-01,2.008205097183713428e-01,2.133717915757694650e-01,2.428996041009287288e-01,8.021412773899779802e-01,3.631866419185396211e+01
2.329101174128452301e-01,1.996116753370074659e-01,2.120874050455704707e-01,2.474669997511476927e-01,8.032500639778016316e-01,3.654122436991688971e+01
2.374169666805535095e-01,1.987262058324832936e-01,2.111465936970134682e-01,2.522555270980880726e-01,8.049695028815057052e-01,3.680011007578244886e+01
2.414759920928679082e-01,2.004731771005934249e-01,2.130027506693805139e-01,2.565682415986719755e-01,8.059720939912483617e-01,3.709635596957505044e+01
2.441616973548349223e-01,2.021915052760343279e-01,2.148284743557864751e-01,2.594218034395119887e-01,8.066764368755130477e-01,3.740930726455343347e+01
2.478816364348135626e-01,2.046099618948422905e-01,2.173980845132701123e-01,2.633742387119891171e-01,8.075798626761599985e-01,3.769557063303454925e+01
2.534035721812134545e-01,2.044041673957743555e-01,2.171794278580102266e-01,2.692412954425395522e-01,8.083335929032871014e-01,3.774984643549242236e+01
2.594419750208925013e-01,2.033521606590817654e-01,2.160616707002743220e-01,2.756570984596984353e-01,8.086286890650947745e-01,3.772760301813394079e+01
2.632056675412667857e-01,2.029027647456800032e-01,2.155841875422849219e-01,2.796560217625960187e-01,8.080425412563736476e-01,3.775185050123848640e+01
2.722968781783832171e-01,1.991908658848277058e-01,2.116402950026292917e-01,2.893154330645322236e-01,8.091528596670988227e-01,3.784559561895979130e+01
2.810017763016035564e-01,1.957626763623400712e-01,2.079978436349863846e-01,2.985643873204535392e-01,8.106499681581120775e-01,3.794462444817934710e+01
2.887674023218357866e-01,1.930543621321091363e-01,2.051202597653659643e-01,3.068153649669507210e-01,8.124509013383990341e-01,3.804840986153316607e+01
2.976966138167873033e-01,1.892691897480166807e-01,2.010985141072675619e-01,3.163026521803366520e-01,8.144045616732751292e-01,3.810636630559859839e+01
3.029541426463560061e-01,1.869730997255657778e-01,1.986589184584135193e-01,3.218887765617534646e-01,8.154611122076030894e-01,3.815124514072854112e+01
3.054943382121120266e-01,1.859452059452990080e-01,1.975667813168800468e-01,3.245877343503689727e-01,8.159598253746166430e-01,3.817528346121203953e+01
3.065795424335584496e-01,1.856243346626850754e-01,1.972258555791027990e-01,3.257407638356557555e-01,8.161919689114864873e-01,3.818641867450720895e+01
3.067440755111182082e-01,1.857771770565647684e-01,1.973882506226000699e-01,3.259155802305631067e-01,8.162725809181872183e-01,3.818994730634099710e+01
3.063152399375246859e-01,1.862519087764839265e-01,1.978926530750141077e-01,3.254599424336199198e-01,8.162644822763529540e-01,3.818919031723618929e+01
3.055011614651484408e-01,1.869558243470186287e-01,1.986405633687071404e-01,3.245949840567204925e-01,8.162071635527921032e-01,3.818625162898694470e+01
3.044387038537954560e-01,1.878280582052024306e-01,1.995673118430275061e-01,3.234661228446575887e-01,8.161252448256229863e-01,3.818247787514216185e+01
3.030756404431421136e-01,1.888314335015344458e-01,2.006333980953804441e-01,3.220178679708384784e-01,8.159538438811599903e-01,3.816832965798287347e+01
3.014331422463955024e-01,1.899455925166670389e-01,2.018171920489586491e-01,3.202727136367953253e-01,8.158624634270610354e-01,3.813002679163604114e+01
2.997464677787018972e-01,1.910798803600744500e-01,2.030223728825790996e-01,3.184806220148707068e-01,8.157101427490331957e-01,3.808693227492804567e+01
2.983729429279157741e-01,1.920672267019628843e-01,2.040714283708355004e-01,3.170212518609105135e-01,8.152676945064414316e-01,3.803480758155994579e+01
2.968558304869853282e-01,1.932503276699606698e-01,2.053284731493331960e-01,3.154093198924218799e-01,8.147533009646774627e-01,3.798348997039156671e+01
2.956182973966232086e-01,1.945522630297655542e-01,2.067117794691260002e-01,3.140944409839119267e-01,8.141990309476005994e-01,3.793530433891779552e+01
2.949749250037152493e-01,1.956458131096867337e-01,2.078736764290420314e-01,3.134108578164474523e-01,8.135990282825226183e-01,3.788797308106475015e+01
2.956782808575615928e-01,1.960057845894650486e-01,2.082561461263066072e-01,3.141581734111590918e-01,8.129640506576484293e-01,3.783988859094127832e+01
2.961112201134025734e-01,1.952808776814679848e-01,2.074859325365598639e-01,3.146181713704900851e-01,8.125634325288790816e-01,3.779284866141757249e+01
2.933125057019958515e-01,1.901653629345585461e-01,2.020506981179684136e-01,3.116445373083705506e-01,8.131741183836979081e-01,3.771781387059532165e+01
2.916355792766615607e-01,1.848426143630127472e-01,1.963952777607009814e-01,3.098628029814525786e-01,8.135468078313419227e-01,3.761228912319292306e+01
2.911730173728259152e-01,1.794701061037875800e-01,1.906869877352744824e-01,3.093713309586271221e-01,8.137388082936900524e-01,3.748553848318088910e+01
2.934931865868289913e-01,1.739090996534392308e-01,1.847784183817791082e-01,3.118365107485058241e-01,8.149688662379303006e-01,3.739203865237045932e+01
2.976358755216789720e-01,1.717903731906715581e-01,1.825272715150883518e-01,3.162381177417840639e-01,8.164579762562096388e-01,3.733795495250183194e+01
2.958243972619850060e-01,1.714925120490735921e-01,1.822107940521406899e-01,3.143134220908589405e-01,8.170274647362266718e-01,3.733055980602350132e+01
2.920259736193634437e-01,1.725300389266858914e-01,1.833131663596037075e-01,3.102775969705737769e-01,8.178414028119841417e-01,3.734337699662335552e+01
2.841434084212209332e-01,1.748176061613747334e-01,1.857437065464608017e-01,3.019023714475470022e-01,8.191491753992845570e-01,3.737505837821515797e+01
2.739621170772972292e-01,1.773411418672571627e-01,1.884249632339608238e-01,2.910847493946283060e-01,8.202760761104122000e-01,3.735449669575186959e+01
2.623239192543341258e-01,1.812140651644149059e-01,1.925399442371908965e-01,2.787191642077298526e-01,8.217070034469879936e-01,3.731777554358867377e+01
2.527303761873579968e-01,1.843255586780791766e-01,1.958459060954590436e-01,2.685260246990680555e-01,8.251709732831065125e-01,3.727596668671004210e+01
2.436188924970413283e-01,1.874502887624094338e-01,1.991659318100600373e-01,2.588450732781063524e-01,8.286851664103523918e-01,3.723906475056850951e+01
2.376046085669328289e-01,1.898209354431174556e-01,2.016847439083123694e-01,2.524548966023660301e-01,8.309663279613548337e-01,3.720686591088198725e+01
2.324847078463947170e-01,1.926856648879589351e-01,2.047285189434562835e-01,2.470150020867944440e-01,8.325010776492547393e-01,3.719248130876119518e+01
2.296506903362331153e-01,1.948716958554349565e-01,2.070511768463996760e-01,2.440038584822479539e-01,8.339254459578397949e-01,3.719857067116899429e+01
2.305335320049876624e-01,1.960006317170579215e-01,2.082506711993739601e-01,2.449418777552996862e-01,8.354388061548245759e-01,3.724759547110357971e+01
2.304789798516298782e-01,1.976831646037751633e-01,2.100383623915110243e-01,2.448839160923570735e-01,8.366229655952165389e-01,3.731589283726450645e+01
2.273790363742534404e-01,1.985885552409681343e-01,2.110003399435286808e-01,2.415902261476442214e-01,8.357978703596560255e-01,3.739456796190620480e+01
2.200821390955798318e-01,1.989250435165945408e-01,2.113578587363815209e-01,2.338372727890534186e-01,8.346358800669624323e-01,3.748174536191929462e+01
2.121334149060752072e-01,1.993578447925732910e-01,2.118177100921089795e-01,2.253917533377051141e-01,8.337660639630479764e-01,3.757635667687596737e+01
2.026220614826595434e-01,2.003258536170675619e-01,2.128462194681343123e-01,2.152859403253256365e-01,8.326976527572425013e-01,3.767704955939362321e+01
1.929162672615799268e-01,2.011447251077827236e-01,2.137162704270192948e-01,2.049735339654285837e-01,8.315330165043158805e-01,3.777724833400873194e+01
1.845178730294583513e-01,2.021402547787750081e-01,2.147740207024483872e-01,1.960502400937993439e-01,8.303538671336874177e-01,3.789229364622789120e+01
1.854810942688922826e-01,2.041698491109094904e-01,2.169304646803412451e-01,1.970736626606981456e-01,8.296503954808519543e-01,3.796928966614481027e+01
1.994561725579970801e-01,2.056636265982069722e-01,2.185176032605949947e-01,2.119221833428717727e-01,8.268665300604975954e-01,3.794303134164790947e+01
2.149958945060610194e-01,2.070464011928270787e-01,2.199868012673786843e-01,2.284331379126897654e-01,8.240172885067427178e-01,3.780081919126933343e+01
2.301749665820900792e-01,2.087611643903205805e-01,2.218087371647157746e-01,2.445609019934707473e-01,8.203010837859762150e-01,3.763086349617532989e+01
2.436860775241618815e-01,2.105738043681049110e-01,2.237346671411113430e-01,2.589164573694220928e-01,8.161781777144722083e-01,3.744013376774204005e+01
2.549153883695833289e-01,2.110173547745446410e-01,2.242059394479535561e-01,2.708476001426823321e-01,8.123041402883515172e-01,3.724591865334294027e+01
2.631767877293781921e-01,2.096203619966102438e-01,2.227216346213982956e-01,2.796253369624643326e-01,8.093662077437436819e-01,3.712052368711932360e+01
2.722220451044822243e-01,2.084280300265845265e-01,2.214547819032460230e-01,2.892359229235122453e-01,8.067400340198619402e-01,3.707072600188997313e+01
2.806989893368641575e-01,2.081385381960772774e-01,2.211471968333321436e-01,2.982426761704182194e-01,8.040965081762617706e-01,3.708280000438176671e+01
2.889449935117564539e-01,2.074307245788169218e-01,2.203951448649929812e-01,3.070040556062411108e-01,8.011669852127373259e-01,3.714610304057858059e+01
2.955326028587749176e-01,2.073938453206380372e-01,2.203559606531779735e-01,3.140033905374481904e-01,7.984779337677953004e-01,3.723468644425427243e+01
3.020930343114565653e-01,2.074919092146651212e-01,2.204601535405815715e-01,3.209738489559225694e-01,7.962646518317501032e-01,3.732816165472762293e+01
3.073200678337795200e-01,2.082010492976494875e-01,2.212136148787525458e-01,3.265275720733905040e-01,7.942249540700624388e-01,3.732641084615238469e+01
3.103535779360566127e-01,2.086718482753660286e-01,2.217138387925766119e-01,3.297506765570603626e-01,7.926155951544783251e-01,3.728942703111012946e+01
3.117962162293289596e-01,2.089857104103455820e-01,2.220473173109921705e-01,3.312834797436619572e-01,7.913393449444990901e-01,3.721207220481860389e+01
3.113594979824103048e-01,2.090204643914754246e-01,2.220842434159425727e-01,3.308194666063110079e-01,7.905547812886453141e-01,3.715132050286688781e+01
3.116562329132007703e-01,2.096098088836214068e-01,2.227104219388477135e-01,3.311347474702758809e-01,7.897901868985591767e-01,3.708922472635790513e+01
3.115505601759980814e-01,2.098884288618133309e-01,2.230064556656767283e-01,3.310224701869983188e-01,7.892897817067130450e-01,3.702255082949147180e+01
3.114758804871222142e-01,2.098519196749564775e-01,2.229676646546412400e-01,3.309431230175672867e-01,7.888346096395471019e-01,3.696453802214588080e+01
3.115518176089794311e-01,2.097269038079931647e-01,2.228348352959929057e-01,3.310238062095408607e-01,7.884154510380236847e-01,3.692810797520179733e+01
3.116600206975341236e-01,2.095799672483255327e-01,2.226787152013459670e-01,3.311387719911300098e-01,7.881928239672337799e-01,3.691272925782971015e+01
3.117964388685043331e-01,2.093810919618788735e-01,2.224674102094963968e-01,3.312837162977858574e-01,7.880906692049904905e-01,3.690383901944155554e+01
3.118910942768284289e-01,2.091543523162180396e-01,2.222264993359818475e-01,3.313842876691301953e-01,7.880725507225265769e-01,3.690117913248568726e+01
3.119462212028067394e-01,2.089425793252863706e-01,2.220014905331167965e-01,3.314428600279821779e-01,7.881127902003894903e-01,3.690170035275295390e+01
3.119804203646358021e-01,2.087573404267466515e-01,2.218046742034183727e-01,3.314791966374255328e-01,7.882077917615485374e-01,3.690370852441586891e+01
3.119759698358249289e-01,2.086138845470856540e-01,2.216522523312786375e-01,3.314744679505640113e-01,7.883143851695613158e-01,3.690632109020431528e+01
3.119304892808484331e-01,2.085201795399242441e-01,2.215526907611695684e-01,3.314261448609016059e-01,7.884178989499099899e-01,3.690903724446146583e+01
3.117501303032187976e-01,2.084363156542330398e-01,2.214635853826227019e-01,3.312345134471700314e-01,7.885340897025556739e-01,3.691140920579725559e+01
3.109668456008452542e-01,2.089911297706852911e-01,2.220530753813531322e-01,3.304022734508982317e-01,7.882841772451194551e-01,3.692617318407240390e+01
3.098324332176403129e-01,2.101910421511117566e-01,2.233279822855562813e-01,3.291969602937427908e-01,7.883456597559745926e-01,3.694261359208689299e+01
3.086555888098156397e-01,2.115176054502304059e-01,2.247374557908697612e-01,3.279465631104290790e-01,7.884355017962354495e-01,3.696310940424622515e+01
3.072159893690090127e-01,2.129833989585058485e-01,2.262948613934123721e-01,3.264169887045720864e-01,7.884811620300080648e-01,3.698541684384871786e+01
3.056004310698346993e-01,2.144769095657910463e-01,2.278817164136529572e-01,3.247004580116996664e-01,7.878605250826138384e-01,3.700008136517871549e+01
3.043181333429481605e-01,2.159782234220290198e-01,2.294768623859058942e-01,3.233380166768823893e-01,7.858527559142992613e-01,3.699159864082769644e+01
3.030046972872290079e-01,2.175302353497065300e-01,2.311258750590631239e-01,3.219424908676806196e-01,7.833633700259498012e-01,3.698208653599483853e+01
3.013428249261581038e-01,2.190574753359101623e-01,2.327485675444046775e-01,3.201767514840433426e-01,7.804542657084070356e-01,3.697988170569016120e+01
2.987274694700938760e-01,2.203700230086834133e-01,2.341431494467260954e-01,3.173979363119747155e-01,7.771805497296945253e-01,3.699103251628666555e+01
2.947933876943549802e-01,2.208728020362438760e-01,2.346773521635091009e-01,3.132179744252520659e-01,7.740866123702304646e-01,3.701480176126452193e+01
2.883341985449346390e-01,2.192983865190634429e-01,2.330045356765050035e-01,3.063550859539928006e-01,7.712845665051766275e-01,3.704283880427112763e+01
2.832656097818840868e-01,2.199848165453190951e-01,2.337338675794015386e-01,3.009697103932518769e-01,7.671081114188692540e-01,3.707946123252527570e+01
2.790932525023509525e-01,2.213526179183693265e-01,2.351871565382673834e-01,2.965365807837480050e-01,7.658405975560792500e-01,3.717360765376076870e+01
2.766221104934069031e-01,2.199194499922323964e-01,2.336644156167468622e-01,2.939109923992449525e-01,7.696831707375790810e-01,3.728576800219616416e+01
2.727865671188978713e-01,2.168050386200079394e-01,2.303553535337584945e-01,2.898357275638290265e-01,7.744760639470879005e-01,3.742577490359908410e+01
2.701460189676064272e-01,2.158837336783488992e-01,2.293764670332456290e-01,2.870301451530817283e-01,7.793233455266121990e-01,3.761323396004952002e+01
2.670809904784796074e-01,2.160537939698801146e-01,2.295571560929976218e-01,2.837735523833847529e-01,7.845390013992173950e-01,3.776967526125019958e+01
2.635004604830031294e-01,2.167814081566238338e-01,2.303302461664128165e-01,2.799692392631909499e-01,7.897697778705853322e-01,3.790141245206892506e+01
2.532314729405019671e-01,2.175013808863495435e-01,2.310952171917463049e-01,2.690584399992833053e-01,7.949284861279831693e-01,3.799803291379348735e+01
2.416780291015425408e-01,2.176105263408880663e-01,2.312111842371936676e-01,2.567829059203888264e-01,7.998467497768901868e-01,3.806672124230126286e+01
2.329819098208806283e-01,2.166869719722366860e-01,2.302299077205014755e-01,2.475432791846855496e-01,8.043834155757150217e-01,3.812257429944894938e+01
2.223343566026566021e-01,2.155005679331938317e-01,2.289693534290184740e-01,2.362302538903227056e-01,8.088046805684770968e-01,3.818738825690603989e+01
2.071234622327207675e-01,2.129069563230870654e-01,2.262136410932800712e-01,2.200686786222656455e-01,8.111881886451496326e-01,3.826524316177463447e+01
1.913544581703191805e-01,2.094621951755929190e-01,2.225535823740673880e-01,2.033141118059644536e-01,8.136715368517208891e-01,3.830744601014460926e+01
1.766350431727444215e-01,2.063550754248189290e-01,2.192522676388699576e-01,1.876747333710407639e-01,8.145891346277511769e-01,3.830923187785064243e+01
1.651583731382929021e-01,2.044054636872238984e-01,2.171808051676751838e-01,1.754807714594362189e-01,8.144187532490673176e-01,3.830686923216379114e+01
1.567351900633610906e-01,2.034301759772854934e-01,2.161445619758659009e-01,1.665311394423209523e-01,8.145942968122229511e-01,3.832599632846723381e+01
1.499683919231947216e-01,2.023554710050780026e-01,2.150026879428952875e-01,1.593414164183943882e-01,8.151190472427901623e-01,3.839814470073838493e+01
1.477633173163241664e-01,1.990430401106186853e-01,2.114832301175324780e-01,1.569985246485940955e-01,8.151439715929891250e-01,3.848710587699442698e+01
1.496254247316710917e-01,1.955260791290580891e-01,2.077464590746242179e-01,1.589770137774006165e-01,8.145152838532603301e-01,3.862868995385333193e+01
1.547032286679606294e-01,1.924518249333529440e-01,2.044800639916874441e-01,1.643721804597080560e-01,8.123147575591509462e-01,3.882056485629006204e+01
1.604972934273485863e-01,1.899184486792924453e-01,2.017883517217481937e-01,1.705283742665582580e-01,8.098512311163624799e-01,3.907122412400567413e+01
1.689631432400214850e-01,1.892903579594777119e-01,2.011210053319449353e-01,1.795233396925230707e-01,8.069417382106068848e-01,3.937758828212756868e+01
1.795836946682977386e-01,1.889603947120070404e-01,2.007704193815073590e-01,1.908076755850661443e-01,8.036627585572705401e-01,3.977828842902788153e+01
1.897020310118381070e-01,1.894449446963285821e-01,2.012852537398490682e-01,2.015584079500779002e-01,8.006166232706208863e-01,4.027298173607243825e+01
2.011177293411997857e-01,1.906473777991863905e-01,2.025628389116355121e-01,2.136875874250247498e-01,7.979077386585329279e-01,4.076367325900700678e+01
2.121134654467791980e-01,1.930214462347617788e-01,2.050852866244342043e-01,2.253705570372031841e-01,7.959686613638921049e-01,4.120097092071846845e+01
2.247461719721206008e-01,1.925445724029504480e-01,2.045786081781348353e-01,2.387928077203782529e-01,7.950048490396943723e-01,4.164710181798987776e+01
2.288328086963637154e-01,1.948166455841920941e-01,2.069926859332040514e-01,2.431348592398861752e-01,7.924144207159855569e-01,4.193257226432267259e+01
2.316588998588946235e-01,1.965754238484903327e-01,2.088613878390211120e-01,2.461375811000753311e-01,7.896759146828477016e-01,4.227000167571100064e+01
2.377817892650108400e-01,1.971349170863365696e-01,2.094558494042326191e-01,2.526431510940742586e-01,7.877149520076752731e-01,4.271594864217426135e+01
2.418777320772135253e-01,1.974501174622195487e-01,2.097907498036082063e-01,2.569950903320392110e-01,7.858417976725211584e-01,4.317834339156274126e+01
2.436852632944260799e-01,1.979083357396561049e-01,2.102776067233845525e-01,2.589155922503276752e-01,7.837283362814149168e-01,4.362165031623769096e+01
2.419180164561588464e-01,1.993067741784247393e-01,2.117634475645762959e-01,2.570378924846686286e-01,7.806835706816928067e-01,4.403360072780314738e+01
2.423814369164931093e-01,2.000557750490196685e-01,2.125592609895834428e-01,2.575302767237737100e-01,7.789107988033994179e-01,4.440865130797419624e+01
2.498697756656921287e-01,1.997000605851984578e-01,2.121813143717734274e-01,2.654866366447977688e-01,7.790951916224376772e-01,4.476067644502646914e+01
2.652567985095710124e-01,1.964626638385704172e-01,2.087415803284813076e-01,2.818353484164186074e-01,7.810140406688199644e-01,4.509000705803430264e+01
2.790085845172131096e-01,1.925971627844017542e-01,2.046344854584267736e-01,2.964466210495388943e-01,7.828906257272261193e-01,4.539151753795770361e+01
2.886283881022647102e-01,1.884938159701578797e-01,2.002746794682927212e-01,3.066676623586561679e-01,7.839007974591678529e-01,4.562830614141649477e+01
2.938350489637555074e-01,1.857789812088917469e-01,1.973901675344472417e-01,3.121997395239906048e-01,7.841285065320958703e-01,4.577171921697539858e+01
2.938633917162923881e-01,1.852695291471150585e-01,1.968488747188096299e-01,3.122298536985605444e-01,7.838334085410056939e-01,4.602939580147500465e+01
2.878780012108287933e-01,1.869660545410422592e-01,1.986514329498574039e-01,3.058703762865056519e-01,7.812040768208535768e-01,4.617452642279679509e+01
2.809375860668673619e-01,1.895544963969221508e-01,2.014016524217296655e-01,2.984961851960464263e-01,7.797612840386158872e-01,4.628893591497587323e+01
2.744621225443582002e-01,1.928086498321973929e-01,2.048591904467096103e-01,2.916160052033808237e-01,7.782028429581051565e-01,4.641130513909244115e+01
2.707251510680122042e-01,1.930810246091273774e-01,2.051485886471978159e-01,2.876454730097628421e-01,7.782869435033273886e-01,4.662233458651045481e+01
2.677771834586610833e-01,1.945185681188461302e-01,2.066759786262739595e-01,2.845132574248275259e-01,7.790000534427267143e-01,4.682391916282397659e+01
2.660272476467042124e-01,1.965726692880177262e-01,2.088584611185187179e-01,2.826539506246232847e-01,7.800313854168441363e-01,4.700342769608838722e+01
2.645536233329912057e-01,1.988489696062036016e-01,2.112770302065911376e-01,2.810882247913034648e-01,7.804850649628629622e-01,4.721704883973758626e+01
2.642103115030259852e-01,2.004099336818126187e-01,2.129355545369257252e-01,2.807234559719651856e-01,7.805535302340539383e-01,4.737364374261268551e+01
2.648376489996569494e-01,2.014863695694569801e-01,2.140792676675481176e-01,2.813900020621351583e-01,7.804624997468293524e-01,4.745731099809859188e+01
2.660826454818427389e-01,2.021876404571084085e-01,2.148243679856776112e-01,2.827128108244577054e-01,7.802826145626835519e-01,4.750380856789832507e+01
2.679643503672893834e-01,2.022189238980096337e-01,2.148576066416352792e-01,2.847121222652449490e-01,7.803889058308246529e-01,4.753120722153671807e+01
2.709973606568632509e-01,2.004581566083387112e-01,2.129867913963597870e-01,2.879346956979172978e-01,7.817264162489789836e-01,4.754894167438386887e+01
2.731253045030148652e-01,1.978541258521337443e-01,2.102200087178920374e-01,2.901956360344533081e-01,7.830054381380092687e-01,4.756862016410381955e+01
2.753039573813381158e-01,1.944382062041320469e-01,2.065905940918902062e-01,2.925104547176718417e-01,7.845728291292212164e-01,4.758646241589899972e+01
2.785696670183098189e-01,1.907477474883024215e-01,2.026694817063212362e-01,2.959802712069543595e-01,7.866879622743109257e-01,4.757425842067856081e+01
2.765354363500927559e-01,1.873738301798843209e-01,1.990846945661270406e-01,2.938189011219737301e-01,7.888844842743555352e-01,4.754167873574944281e+01
2.762617168299832393e-01,1.838411787847022139e-01,1.953312524587460519e-01,2.935280741318572195e-01,7.917977431802868393e-01,4.750805302269316144e+01
2.811550495111016512e-01,1.795060457497658357e-01,1.907251736091263861e-01,2.987272401055452442e-01,7.958183169009770408e-01,4.749571159425497058e+01
2.870604731713357616e-01,1.739917799563922285e-01,1.848662662036668070e-01,3.050017527445437748e-01,7.999094528064301102e-01,4.747976639749405336e+01
2.924370170134986679e-01,1.684414720482417249e-01,1.789690640512568154e-01,3.107143305768423347e-01,8.036632212151464394e-01,4.747100280211476075e+01
2.968621206313272198e-01,1.628660655249570821e-01,1.730451946202669067e-01,3.154160031707851086e-01,8.073607918696550367e-01,4.741781024986757842e+01
3.006079327596231088e-01,1.560254128017369291e-01,1.657770011018455114e-01,3.193959285570994178e-01,8.107720765956017983e-01,4.735697430302806765e+01
2.999509879979439519e-01,1.528672217152842183e-01,1.624214230724894126e-01,3.186979247478153865e-01,8.140424060730250266e-01,4.729555424093471316e+01
2.969547252108794555e-01,1.531227515422730889e-01,1.626929235136651553e-01,3.155143955365593555e-01,8.163401750245977695e-01,4.723405498625135124e+01
2.953652744598208035e-01,1.525410106913048236e-01,1.620748238595113855e-01,3.138256041135596419e-01,8.178758885422110492e-01,4.719446464941127317e+01
2.964632284154861686e-01,1.503955112705007147e-01,1.597952307249070891e-01,3.149921801914539188e-01,8.189070127007856970e-01,4.716512244478359861e+01
2.964771871163675021e-01,1.488684686331984974e-01,1.581727479227733602e-01,3.150070113111404502e-01,8.168504999280066237e-01,4.704225241204144936e+01
2.966098189421857434e-01,1.460441750775422487e-01,1.551719360198887121e-01,3.151479326260723246e-01,8.161086930802209372e-01,4.694894463319011635e+01
2.976558735763121244e-01,1.421930448569596328e-01,1.510801101605194763e-01,3.162593656748317605e-01,8.160608241531914775e-01,4.692596601836303449e+01
3.015288264472677504e-01,1.374637837226703740e-01,1.460552702053373175e-01,3.203743781002216795e-01,8.166411902131904821e-01,4.691539263179056718e+01
3.046509282596761570e-01,1.337237570848961443e-01,1.420814919027021672e-01,3.236916112759061215e-01,8.177901231419638650e-01,4.691997670113907759e+01
3.077965663563710375e-01,1.319257211911810668e-01,1.401710787656299251e-01,3.270338517536441891e-01,8.161210212965721578e-01,4.691094968178776980e+01
3.085627497527085317e-01,1.312170133467441269e-01,1.394180766809153815e-01,3.278479216122530127e-01,8.148955683039149633e-01,4.686305560135745196e+01
3.094394046032578061e-01,1.314136726789630338e-01,1.396270272213982477e-01,3.287793673909615300e-01,8.138203073010944477e-01,4.684307615980435457e+01
3.128126827121067710e-01,1.327159369544340661e-01,1.410106830140862577e-01,3.323634753816135379e-01,8.116458477389587589e-01,4.680158709495322000e+01
3.194738394613490517e-01,1.332948256320794223e-01,1.416257522340844954e-01,3.394409544276833501e-01,8.080890243212603963e-01,4.674716726391557131e+01
3.280891697067992996e-01,1.360265197311371355e-01,1.445281772143331422e-01,3.485947428134741899e-01,8.044967924139976301e-01,4.661381118137546764e+01
3.371328456196027723e-01,1.385638350347087322e-01,1.472240747243781234e-01,3.582036484708280843e-01,7.997443859465538374e-01,4.649099956273349221e+01
3.309531971291918007e-01,1.364128748336768115e-01,1.449386795107816261e-01,3.516377719497664200e-01,7.965916313808273364e-01,4.627784882362388430e+01
3.221311071076800592e-01,1.344502051869557457e-01,1.428533430111404989e-01,3.422643013019104896e-01,7.934566562002350887e-01,4.607550561480022111e+01
3.244719728537760473e-01,1.312652099931750360e-01,1.394692856177486007e-01,3.447514711571369461e-01,7.917494359489833933e-01,4.600393195420328851e+01
3.285710169033744243e-01,1.293065063982964946e-01,1.373881630481901817e-01,3.491067054598351316e-01,7.900664401431295447e-01,4.594574989505681373e+01
3.288645717483194564e-01,1.292709537757182614e-01,1.373503883867006614e-01,3.494186074825894051e-01,7.884868387013490576e-01,4.579509076203000006e+01
3.301689182894587127e-01,1.305711236447675838e-01,1.387318188725654711e-01,3.508044756825496879e-01,7.858856696573852663e-01,4.563154871147723668e+01
3.303203784497519280e-01,1.331523956789885388e-01,1.414744204089255220e-01,3.509654021028613124e-01,7.826236937582105035e-01,4.546341210411065248e+01
3.290655404240092619e-01,1.360904941631932430e-01,1.445961500483929074e-01,3.496321367005099101e-01,7.785485151198774378e-01,4.529283535281419404e+01
3.278228638862664135e-01,1.386383363229532761e-01,1.473032323431378299e-01,3.483117928791579221e-01,7.739128256466226707e-01,4.513480795644670707e+01
3.281780412726065799e-01,1.391116599797591336e-01,1.478061387284941020e-01,3.486891688521444044e-01,7.691447362098858820e-01,4.500158089165440600e+01
3.241394518727062080e-01,1.402268549355666083e-01,1.489910333690394051e-01,3.443981676147502280e-01,7.650792994582823470e-01,4.510176822979446598e+01
3.166238608823591094e-01,1.424359457511857330e-01,1.513381923606349766e-01,3.364128521875066613e-01,7.601258899427945082e-01,4.509749286735058860e+01
3.087514770206489789e-01,1.448395151791903035e-01,1.538919848778897703e-01,3.280484443344393042e-01,7.544806739697375031e-01,4.507816217238541157e+01
3.049030276722715649e-01,1.466239413021745430e-01,1.557879376335605803e-01,3.239594669017887840e-01,7.488981967381502791e-01,4.502528369873140690e+01
3.018533209635655412e-01,1.490823977115887378e-01,1.584000475685630738e-01,3.207191535237886582e-01,7.439029036847326637e-01,4.505217178303190906e+01
2.958949547130829694e-01,1.517282559916471318e-01,1.612112719911250602e-01,3.143883893826502351e-01,7.393160097601528813e-01,4.508143013194569448e+01
2.821553591048716059e-01,1.557982057109040253e-01,1.655355935678354262e-01,2.997900690489260778e-01,7.370138522709711593e-01,4.520949758641852867e+01
2.784292540641963853e-01,1.574058486591367878e-01,1.672437142003329602e-01,2.958310824432086594e-01,7.333508808073293528e-01,4.512858982045180767e+01
2.726403421247544090e-01,1.602235939905166384e-01,1.702375686149238398e-01,2.896803635075517191e-01,7.299268367511783095e-01,4.497249165793607517e+01
2.700007483525273533e-01,1.625993757951692542e-01,1.727618367823673395e-01,2.868757951245600735e-01,7.273112667288633704e-01,4.483011228795243142e+01
2.655416741948474213e-01,1.643224638383569691e-01,1.745926178282542485e-01,2.821380288320252672e-01,7.255769652698904615e-01,4.465225036376175183e+01
2.588553973405388620e-01,1.652936718415153883e-01,1.756245263316101313e-01,2.750338596743223119e-01,7.247457704955367896e-01,4.446664076029295387e+01
2.495644259753394822e-01,1.654933291497787673e-01,1.758366622216399611e-01,2.651622025987980802e-01,7.248523067942409526e-01,4.427351331064306805e+01
2.381341742021224894e-01,1.649992422182253449e-01,1.753116948568643196e-01,2.530175600897549559e-01,7.256927498408958233e-01,4.407362233122341877e+01
2.252297604325989300e-01,1.644158150309716071e-01,1.746918034704073586e-01,2.393066204596362434e-01,7.273713058040141011e-01,4.387913699619022623e+01
2.144098970876309462e-01,1.639357895251620789e-01,1.741817763704847088e-01,2.278105156556078370e-01,7.293128898698657547e-01,4.370876418429494237e+01
2.061561431727259863e-01,1.659811140908540039e-01,1.763549337215323809e-01,2.190409021210214524e-01,7.303913015479540638e-01,4.371573050769009683e+01
2.006378190434185693e-01,1.693664381135291386e-01,1.799518404956247375e-01,2.131776827336320790e-01,7.309611356158867146e-01,4.370540180108378792e+01
1.989402688778357242e-01,1.724913323619042815e-01,1.832720406345232644e-01,2.113740356827002453e-01,7.314286145047281806e-01,4.362624485415855702e+01
2.022616382312779904e-01,1.739231983917461644e-01,1.847933982912302597e-01,2.149029906207329255e-01,7.316684277453439078e-01,4.357451684961142035e+01
2.079098231805102392e-01,1.746395796126002931e-01,1.855545533383876622e-01,2.209041871292921622e-01,7.317235552111835961e-01,4.353443820468422842e+01
2.145170657714281504e-01,1.758203164155403564e-01,1.868090861915116530e-01,2.279243823821424930e-01,7.311261764523351303e-01,4.349695940647640668e+01
2.207744839613778598e-01,1.767897978481856036e-01,1.878391602136972038e-01,2.345728892089642137e-01,7.302694164028527002e-01,4.348578861829361131e+01
2.267516194336379187e-01,1.775402322897104423e-01,1.886364968078174664e-01,2.409235956482402019e-01,7.294369957387437653e-01,4.350413979325103497e+01
2.326946636867420481e-01,1.781383806518232749e-01,1.892720294425621619e-01,2.472380801671634765e-01,7.285930882967747158e-01,4.353871964297022856e+01
2.371779395918303945e-01,1.791862654497873297e-01,1.903854070403990240e-01,2.520015608163196363e-01,7.275088585354947401e-01,4.360724489210423371e+01
2.415476569379959304e-01,1.805347128822193392e-01,1.918181324373580410e-01,2.566443854966205529e-01,7.263260570266437677e-01,4.371466012058648687e+01
2.457546596240703096e-01,1.819246785619182960e-01,1.932949709720380715e-01,2.611143258505747577e-01,7.249187954190190464e-01,4.385458448489345784e+01
2.484333642911790707e-01,1.837148521758783792e-01,1.951970304368706166e-01,2.639604495593780298e-01,7.235369317535691458e-01,4.400754193274922699e+01
2.455262840752269193e-01,1.881942894393144883e-01,1.999564325292716438e-01,2.608716768299284561e-01,7.237079308345762962e-01,4.412088208485234020e+01
2.394835600754032789e-01,1.927632231192864809e-01,2.048109245642418252e-01,2.544512825801159006e-01,7.239557466254884499e-01,4.423453087390923599e+01
2.327958040972857856e-01,1.970991507741139404e-01,2.094178476974959124e-01,2.473455418533660743e-01,7.248657666492757112e-01,4.430606021594849153e+01
2.262767984225138307e-01,2.002726044052467458e-01,2.127896421805747784e-01,2.404190983239210544e-01,7.258457443519793495e-01,4.435051240383677396e+01
2.231510036944308883e-01,2.006875923479049528e-01,2.132305668696491130e-01,2.370979414253325812e-01,7.274836297822985243e-01,4.437886303620631878e+01
2.247695694110344589e-01,1.992566385704972742e-01,2.117101784811534493e-01,2.388176674992242010e-01,7.304982019446255581e-01,4.440855692583690484e+01
2.297279252740530853e-01,1.977407200969861778e-01,2.100995151030477237e-01,2.440859206036810614e-01,7.359967877961862692e-01,4.437945623342994139e+01
2.389252361659907620e-01,1.969465072481122181e-01,2.092556639511191363e-01,2.538580634263651881e-01,7.442100251970223956e-01,4.438749691952374121e+01
2.540359691721404967e-01,1.963714288276550146e-01,2.086446431293835779e-01,2.699132172453991840e-01,7.525721764740385122e-01,4.441022275741620717e+01
2.695913525028178492e-01,1.957650525627720461e-01,2.080003683479453858e-01,2.864408120342434305e-01,7.584962395465485452e-01,4.444595798856546764e+01
2.789961357125304575e-01,1.955379194034767287e-01,2.077590393661939983e-01,2.964333941945634932e-01,7.626568850032866553e-01,4.447290550254304975e+01
2.819199595084918575e-01,1.953023324035757513e-01,2.075087281787991733e-01,2.995399569777724702e-01,7.664406568572493805e-01,4.447663627850364776e+01
2.802389193005888068e-01,1.958954862602557689e-01,2.081389541515217545e-01,2.977538517568755205e-01,7.701918465325513496e-01,4.447900313263657068e+01
2.776022817635835360e-01,1.964135026064126877e-01,2.086893465193134789e-01,2.949524243738074758e-01,7.736903293202168630e-01,4.448485859912140938e+01
2.715247157422215896e-01,1.936456723975948646e-01,2.057485269224446356e-01,2.884950104761101475e-01,7.783234519603290380e-01,4.451450074441380877e+01
2.668570338938813236e-01,1.893909919933605690e-01,2.012279289929455595e-01,2.835355985122489098e-01,7.824076957229960660e-01,4.456035636259383637e+01
2.586131605570803904e-01,1.884467577458954768e-01,2.002246801050138192e-01,2.747764830918980050e-01,7.854185819338430630e-01,4.458643257894677703e+01
2.474904241200045485e-01,1.867491630105111156e-01,1.984209856986680620e-01,2.629585756275048536e-01,7.887999872808768576e-01,4.462924091051323927e+01
2.386698768459366571e-01,1.865896307276454780e-01,1.982514826481232839e-01,2.535867441488077190e-01,7.909900897573953760e-01,4.465551102775448555e+01
2.272494680029492620e-01,1.864008678237940309e-01,1.980509220627812150e-01,2.414525597531335666e-01,7.931121658127143759e-01,4.468667742972726131e+01
2.161007638437521805e-01,1.855307021039507842e-01,1.971263709854478297e-01,2.296070615839866658e-01,7.937050378513806903e-01,4.490482461851516405e+01
2.026110951625671452e-01,1.851893598655228179e-01,1.967636948571180044e-01,2.152742886102273490e-01,7.936914924437932228e-01,4.522334028533125405e+01
1.883257413437812167e-01,1.851389210860825973e-01,1.967101036539628256e-01,2.000961001777674386e-01,7.936155045592031554e-01,4.559546458432127025e+01
1.750174930820180830e-01,1.845732701137092757e-01,1.961090994958163136e-01,1.859560863996441160e-01,7.934846736011595958e-01,4.603570937261674345e+01
1.648112221872707894e-01,1.836669680619277545e-01,1.951461535657983415e-01,1.751119235739750923e-01,7.932849697584991588e-01,4.650856663388675827e+01
1.578645632472578664e-01,1.817088630440615027e-01,1.930656669843154039e-01,1.677310984502113078e-01,7.933991861440194970e-01,4.696593956218994492e+01
1.561223847455232017e-01,1.822041297826414719e-01,1.935918878940566246e-01,1.658800337921184920e-01,7.939544665850408744e-01,4.740174729750030025e+01
1.551551583422977609e-01,1.819614098010566283e-01,1.933339979136226849e-01,1.648523557386911143e-01,7.943092445005843771e-01,4.787673076319646981e+01
1.565982823215513187e-01,1.804589787822135083e-01,1.917376649561018387e-01,1.663856749666481338e-01,7.949644975794345481e-01,4.838106819208844200e+01
1.638395526853105022e-01,1.773291080271303111e-01,1.884121772788258931e-01,1.740795247281422264e-01,7.964643490157876649e-01,4.889393217013391535e+01
1.749927777655360672e-01,1.753427227366243790e-01,1.863016429076634894e-01,1.859298263758819014e-01,7.980515678555706316e-01,4.927321764051566078e+01
1.902724570153800643e-01,1.709896018787298577e-01,1.816764519961504565e-01,2.021644855788412853e-01,8.009077134564396294e-01,4.961385794451391007e+01
2.012228660698232030e-01,1.683095515934129593e-01,1.788288985680012710e-01,2.137992951991871948e-01,8.020359595118393692e-01,5.009323082515334136e+01
2.169072522733904440e-01,1.646567866948121239e-01,1.749478358632380326e-01,2.304639555404770779e-01,8.039469723245403765e-01,5.050104524895250790e+01
2.316632505959844990e-01,1.626800950471807838e-01,1.728476009876294961e-01,2.461422037582334799e-01,8.050606094193800688e-01,5.092199105254370295e+01
2.454097410547292080e-01,1.613382926941717699e-01,1.714219359875575610e-01,2.607478498706496950e-01,8.061481733964421803e-01,5.119108819288952361e+01
2.564980950617131716e-01,1.603665962384432098e-01,1.703895085033458601e-01,2.725292260030701685e-01,8.066971657938792895e-01,5.155073417911557243e+01
2.685675364620871974e-01,1.601227005475700793e-01,1.701303693317931798e-01,2.853530074909675363e-01,8.076679630367480378e-01,5.182123371288724201e+01
2.784825737798396483e-01,1.610578829459353434e-01,1.711240006300562277e-01,2.958877346410796472e-01,8.086006811154156093e-01,5.211461071342834117e+01
2.906813118187063782e-01,1.608227511686576294e-01,1.708741731166988909e-01,3.088488938073754020e-01,8.097424662355936498e-01,5.244967524477446119e+01
2.993571883797758182e-01,1.610138990492750444e-01,1.710772677398548214e-01,3.180670126535116715e-01,8.105046255133487865e-01,5.269952854346970383e+01
3.050114797000882394e-01,1.616054046794941079e-01,1.717057424719625192e-01,3.240746971813436850e-01,8.109439727640778139e-01,5.285544227042626630e+01
3.088267709913006809e-01,1.619061687622791734e-01,1.720253043099216617e-01,3.281284441782570394e-01,8.112202275970200605e-01,5.295964159353454193e+01
3.110059225625350643e-01,1.620250865202106927e-01,1.721516544277238991e-01,3.304437927226932525e-01,8.114159323908359811e-01,5.304068348559315638e+01
3.122623893442616483e-01,1.620221396965654537e-01,1.721485234276008414e-01,3.317787886782782025e-01,8.116015728021787057e-01,5.309094943224896923e+01
3.130682035345117020e-01,1.619844765616686721e-01,1.721085063467729936e-01,3.326349662554184405e-01,8.117246078464659398e-01,5.311871326757029266e+01
3.135498765796641552e-01,1.619613991156091393e-01,1.720839865603346064e-01,3.331467438658933244e-01,8.117977601695500756e-01,5.313346459769096697e+01
3.138306153698250944e-01,1.619502794662731615e-01,1.720721719329152688e-01,3.334450288304393606e-01,8.118404936678931261e-01,5.314118160688129677e+01
3.139892142060923819e-01,1.619456582830968994e-01,1.720672619257904712e-01,3.336135400939730933e-01,8.118651110270693749e-01,5.314511904853780777e+01
3.140743973584722570e-01,1.619437525381407506e-01,1.720652370717744573e-01,3.337040471933765962e-01,8.118789532236200257e-01,5.314703291322775414e+01
3.141157894800484240e-01,1.619432649867456053e-01,1.720647190484171640e-01,3.337480263225514610e-01,8.118862788122916951e-01,5.314786658355698989e+01
3.135067778385057236e-01,1.616515008580120816e-01,1.717547196616377447e-01,3.331009514534123417e-01,8.120473638294547492e-01,5.314591857079776105e+01
3.106652941539900792e-01,1.603173946166756292e-01,1.703372317802176739e-01,3.300818750386146361e-01,8.127467461161501650e-01,5.313630206837689940e+01
3.072623636443919670e-01,1.587100097738425586e-01,1.686293853847077029e-01,3.264662613721661666e-01,8.135416537470540055e-01,5.312567376597634450e+01
3.039121608002289254e-01,1.569073619977192635e-01,1.667140721225767452e-01,3.229066708502429384e-01,8.143823477114568998e-01,5.310769159527971794e+01
3.009758788068276902e-01,1.553374405009904091e-01,1.650460305323022125e-01,3.197868712322544105e-01,8.150978820254488610e-01,5.307407115690646293e+01
2.955346837081062605e-01,1.547254973119646937e-01,1.643958408939623361e-01,3.140056014398631690e-01,8.155192068810405148e-01,5.302985081199928885e+01
2.895676534936758029e-01,1.538742948923330911e-01,1.634914383231037827e-01,3.076656318370306065e-01,8.158711683895606415e-01,5.296587098865247611e+01
2.872754318572969257e-01,1.527625064946913636e-01,1.623101631506093934e-01,3.052301463483778621e-01,8.171015961146537165e-01,5.287654694249817311e+01
2.849926436470770486e-01,1.509851563085213566e-01,1.604217285778038737e-01,3.028046838750192427e-01,8.187609987105165521e-01,5.280057334654070900e+01
2.817313683062932506e-01,1.484485111977235927e-01,1.577265431475813606e-01,2.993395788254361589e-01,8.208524807314937499e-01,5.274213864198547697e+01
2.783537493217012604e-01,1.461532056503912491e-01,1.552877810035407924e-01,2.957508586543073914e-01,8.230917283537730889e-01,5.268024200312510175e+01
2.743646823339261354e-01,1.438251817943561328e-01,1.528142556565034726e-01,2.915124749797964876e-01,8.249823059320227081e-01,5.260120133273825616e+01
2.713637277126450531e-01,1.437322952466609793e-01,1.527155636995773391e-01,2.883239606946851885e-01,8.262391670073000460e-01,5.245665764631366557e+01
2.694594664928053329e-01,1.453896086192255077e-01,1.544764591579270152e-01,2.863006831486056281e-01,8.267423329154843792e-01,5.228315997852719477e+01
2.628504829629457196e-01,1.461039281064354378e-01,1.552354236130877307e-01,2.792786381481295321e-01,8.262936928843417350e-01,5.212909202145160492e+01
2.538650737482989750e-01,1.461844412886520173e-01,1.553209688691928048e-01,2.697316408575676783e-01,8.252147244886628430e-01,5.198744726445548281e+01
2.410669384122332004e-01,1.494428037103901763e-01,1.587829789422894045e-01,2.561336220629978344e-01,8.239477333115052815e-01,5.185374393263963100e+01
2.248652648227791873e-01,1.544084348781667448e-01,1.640589620580522323e-01,2.389193438742028552e-01,8.226633234141333961e-01,5.171807822838172797e+01
2.097548779476199887e-01,1.584627758135548903e-01,1.683666993019021230e-01,2.228645578193461652e-01,8.212528452877814189e-01,5.156379457918080078e+01
1.939659446911341512e-01,1.617285107294623714e-01,1.718365426500537418e-01,2.060888162343302299e-01,8.195024609475300981e-01,5.142615035337716733e+01
1.821489427845859876e-01,1.643366920710050694e-01,1.746077353254428532e-01,1.935332517086226500e-01,8.173856811246082987e-01,5.133843424318462922e+01
1.766051773016871496e-01,1.656222306511600795e-01,1.759736200668575723e-01,1.876430008830426710e-01,8.150918473273714993e-01,5.126319439424930380e+01
1.739979628313863269e-01,1.654929370696292257e-01,1.758362456364811754e-01,1.848728355083478769e-01,8.139141129901935612e-01,5.118326383427400117e+01
1.705748745817587952e-01,1.659701911809232655e-01,1.763433281297309974e-01,1.812358042431184979e-01,8.102092664044947545e-01,5.115651003484391879e+01
1.692230132033714363e-01,1.663294030370954246e-01,1.767249907269137776e-01,1.797994515285821215e-01,8.058258626778427303e-01,5.116638395528278949e+01
1.696883343544912937e-01,1.667998366106547004e-01,1.772248263988205896e-01,1.802938552516471504e-01,8.010223362073060072e-01,5.115913714621633801e+01
1.743719000788307716e-01,1.674315369926577257e-01,1.778960080546988787e-01,1.852701438337577278e-01,7.954394856209735520e-01,5.110149747474421389e+01
1.846582613141646567e-01,1.673250733800705214e-01,1.777828904663248111e-01,1.961994026462999807e-01,7.897037808787286117e-01,5.109126962532575078e+01
1.995114585503447446e-01,1.665542209348557789e-01,1.769638597432840466e-01,2.119809247097415306e-01,7.838230253070558318e-01,5.110469598852383655e+01
2.150474887400330992e-01,1.646253192804517096e-01,1.749144017354798963e-01,2.284879567862851124e-01,7.773574542871697357e-01,5.109141853091272623e+01
2.295243051333669404e-01,1.610641657452389908e-01,1.711306761043164260e-01,2.438695742042029102e-01,7.698187144723079856e-01,5.102211892126381798e+01
2.444281955492898784e-01,1.570333183829673296e-01,1.668479007819027582e-01,2.597049577711203483e-01,7.628491538432540242e-01,5.095155290429340056e+01
2.590772930942373820e-01,1.533819185957356612e-01,1.629682885079691279e-01,2.752696239126270483e-01,7.563924055887609743e-01,5.093397177279977939e+01
2.742932532182681404e-01,1.522794677199090785e-01,1.617969344524035069e-01,2.914365815444097674e-01,7.496878544533711608e-01,5.095630322149219893e+01
2.924512119629280593e-01,1.511581531046707061e-01,1.606055376737125784e-01,3.107294127106109971e-01,7.443322464221814316e-01,5.092255831489539020e+01
3.146264946964061338e-01,1.480560419598442035e-01,1.573095445823345095e-01,3.342906506149316281e-01,7.455081676913761779e-01,5.094289291516534490e+01
3.351376826765271599e-01,1.444370427509020505e-01,1.534643579228333332e-01,3.560837878438102844e-01,7.456005714930699080e-01,5.114419195770648230e+01
3.515575052468875028e-01,1.419944939331401201e-01,1.508691498039613776e-01,3.735298493248178642e-01,7.454546923854499241e-01,5.130613358142927893e+01
3.646817809732214588e-01,1.405445775491614147e-01,1.493286136459840985e-01,3.874743922840475641e-01,7.437365910406595892e-01,5.128674384206166081e+01
3.770741531593304607e-01,1.400669686939209346e-01,1.488211542372909757e-01,4.006412877317884758e-01,7.405360523083707180e-01,5.126507166560747208e+01
3.896620514774515320e-01,1.400518212903995030e-01,1.488050601210493817e-01,4.140159296947924505e-01,7.376437788409893059e-01,5.123367143484784947e+01
4.023054406091868263e-01,1.398095082258319910e-01,1.485476024899464731e-01,4.274495306472609890e-01,7.353012251901893670e-01,5.114173678474674745e+01
4.133593872315254325e-01,1.398022171777098810e-01,1.485398557513167850e-01,4.391943489334961259e-01,7.332761181849822840e-01,5.105499084225557738e+01
4.220010292801289475e-01,1.394773562595621741e-01,1.481946910257849470e-01,4.483760936101367500e-01,7.308238864781860800e-01,5.095003783934380692e+01
4.290370389444129184e-01,1.395601479290006219e-01,1.482826571745630706e-01,4.558518538784389063e-01,7.285108638917289214e-01,5.087711926031269627e+01
4.356658471196979687e-01,1.401343627127796532e-01,1.488927603823282930e-01,4.628949625646791577e-01,7.261191014303139957e-01,5.081647815865791529e+01
4.409061988693603884e-01,1.408437618196451968e-01,1.496464969333728967e-01,4.684628362986954508e-01,7.240848482031178035e-01,5.076817592434461091e+01
4.448859314400227527e-01,1.415080926684277318e-01,1.503523484602045102e-01,4.726913021550237515e-01,7.224225023897276055e-01,5.072776867978183191e+01
4.469265622119816816e-01,1.418943436431369109e-01,1.507627401208329609e-01,4.748594723502302384e-01,7.208896667643527323e-01,5.068553396364760744e+01
4.473179577208602486e-01,1.419927921466456189e-01,1.508673416558109492e-01,4.752753300784137713e-01,7.195736273940762651e-01,5.064874737309609287e+01
4.460273131813211056e-01,1.415109741752637595e-01,1.503554100612178035e-01,4.739040202551534353e-01,7.186242704804487458e-01,5.060011278458181749e+01
4.430489575269419000e-01,1.402896161750823156e-01,1.490577171860249794e-01,4.707395173723760151e-01,7.182888505774172039e-01,5.055466308867587344e+01
4.404357223266373023e-01,1.397040163312314176e-01,1.484355173519334437e-01,4.679629549720521475e-01,7.183027304199216534e-01,5.050824951306559996e+01
4.378288582788359418e-01,1.393273785563984846e-01,1.480353397161733586e-01,4.651931619212631985e-01,7.187386283388998987e-01,5.048819794949609019e+01
4.329031369067225521e-01,1.392129921259525338e-01,1.479138041338244336e-01,4.599595829633928989e-01,7.204297825348807693e-01,5.045259475630807344e+01
4.254056542113416328e-01,1.392943241810963295e-01,1.480002194424148987e-01,4.519935075995503704e-01,7.234255888336723617e-01,5.041570770730191953e+01
4.154205315257663012e-01,1.397357318300934126e-01,1.484692150694743029e-01,4.413843147461264382e-01,7.273271081670459326e-01,5.034263756526941336e+01
4.067784517829007851e-01,1.397081825320331538e-01,1.484399439402853127e-01,4.322021050193322056e-01,7.323598027231292829e-01,5.030548149455839990e+01
3.973628165331498097e-01,1.408276615086364314e-01,1.496293903529261338e-01,4.221979925664716138e-01,7.369858299014054870e-01,5.026410334885017051e+01
3.883410728096440834e-01,1.425519265709197514e-01,1.514614219816023399e-01,4.126123898602464535e-01,7.415281074923063542e-01,5.026156343174240959e+01
3.787513367226124084e-01,1.449156770144687523e-01,1.539729068278731794e-01,4.024232952677754827e-01,7.458317963606450052e-01,5.025077251479169860e+01
3.689275102668788109e-01,1.465515135184389528e-01,1.557109831133413891e-01,3.919854796585586221e-01,7.504221305305732725e-01,5.022653232834761639e+01
3.586853797953108436e-01,1.465027887201328372e-01,1.556592130151410736e-01,3.811032160325180107e-01,7.555020526324434105e-01,5.020105229936174851e+01
3.504703076527063144e-01,1.465083269895862128e-01,1.556650974264354170e-01,3.723747018810005804e-01,7.594226622471432764e-01,5.023685606219268607e+01
3.472025735313183370e-01,1.485679459889678589e-01,1.578534426132782720e-01,3.689027343770259204e-01,7.608275258322811929e-01,5.029464246778131553e+01
3.467728463311217646e-01,1.500622013853331882e-01,1.594410889719163893e-01,3.684461492268169547e-01,7.616301867227577294e-01,5.032843914890899129e+01
3.439182531622754779e-01,1.498655627430357240e-01,1.592321604144755764e-01,3.654131439849174212e-01,7.631391545064835080e-01,5.038501466266586704e+01
3.410200176461066213e-01,1.495312242990304574e-01,1.588769258177198940e-01,3.623337687489886494e-01,7.644123030369924798e-01,5.045092607758837033e+01
3.377856008309032543e-01,1.487829440590740515e-01,1.580818780627663289e-01,3.588972008828342775e-01,7.659675404601410387e-01,5.046668811324396131e+01
3.342647061772070494e-01,1.479988526632007029e-01,1.572487809546507798e-01,3.551562503132827953e-01,7.673726098538776741e-01,5.049159895999429182e+01
3.285269797083016363e-01,1.485592930946605938e-01,1.578442489130769122e-01,3.490599159400702423e-01,7.693375853275750131e-01,5.053320343925307156e+01
3.235680677448121156e-01,1.532223985409693900e-01,1.627987984497800966e-01,3.437910719788629943e-01,7.733636473828537916e-01,5.058261891803442012e+01
3.211905252155159429e-01,1.602353353580709683e-01,1.702500438179503917e-01,3.412649330414858628e-01,7.777543964870009541e-01,5.048229234534003496e+01
3.201528010099033983e-01,1.667578069384436368e-01,1.771801698720963658e-01,3.401623510730222844e-01,7.820972560327005274e-01,5.033854700749203914e+01
3.192290636144196059e-01,1.731655188520841160e-01,1.839883637803395311e-01,3.391808800903205467e-01,7.858377071030397953e-01,5.014652152442311461e+01
3.167032818890835322e-01,1.767396646798952697e-01,1.877858937223888247e-01,3.364972370071510621e-01,7.895923623637762789e-01,5.005893779669404609e+01
3.133016014553273165e-01,1.807106971822648178e-01,1.920051157561564470e-01,3.328829515462853883e-01,7.930080403772931108e-01,4.999552055426704555e+01
3.133598059432332050e-01,1.851025764617000580e-01,1.966714874905561017e-01,3.329447938146853359e-01,7.957636917995285497e-01,4.990455058433800417e+01
3.130397214591272292e-01,1.887357895299764665e-01,2.005317763755999072e-01,3.326047040503228858e-01,7.981453455604290426e-01,4.982903923523716827e+01
3.109966798927478182e-01,1.914154800302441395e-01,2.033789475321343687e-01,3.304339723860446609e-01,8.014848560215914741e-01,4.979062963428292221e+01
3.065643578738865282e-01,1.945926294698027137e-01,2.067546688116653486e-01,3.257246302410047312e-01,8.048336546743273257e-01,4.979504530994572775e+01
3.014712679132457440e-01,1.976049972557652468e-01,2.099553095842505157e-01,3.203132221578235406e-01,8.076305413938337230e-01,4.982000199398011375e+01
2.958258989108745185e-01,1.999181497215850034e-01,2.124130340791839933e-01,3.143150175928041135e-01,8.100411849728726965e-01,4.975816484390094274e+01
2.894674082341464616e-01,2.009313230298839792e-01,2.134895307192516967e-01,3.075591212487804871e-01,8.135870281344168564e-01,4.968854637462835200e+01
2.800386826127957973e-01,2.015752622200633892e-01,2.141737161088173580e-01,2.975411002760956491e-01,8.172149910641740567e-01,4.963696812314993423e+01
2.664555103142917103e-01,2.000701342860786713e-01,2.125745176789584356e-01,2.831089797089351157e-01,8.217162870611437464e-01,4.961868256765070839e+01
2.582376549708553237e-01,1.981300410199684503e-01,2.105131685837165201e-01,2.743775084065337433e-01,8.255157754903598155e-01,4.967664710030118158e+01
2.520765869715369534e-01,1.954439046627354792e-01,2.076591487041563877e-01,2.678313736572578985e-01,8.294348663009933897e-01,4.974180510865808458e+01
2.483507393438894872e-01,1.919394882654236467e-01,2.039357062820126298e-01,2.638726605528825542e-01,8.335541997755764321e-01,4.981857337228787941e+01
2.455912398809971808e-01,1.880611819775176996e-01,1.998150058511125593e-01,2.609406923735597128e-01,8.376135071210332184e-01,4.991277604766864329e+01
2.428847787210472731e-01,1.849619607402780141e-01,1.965220832865453848e-01,2.580650773911127294e-01,8.411606255593832016e-01,5.003807032910191310e+01
2.430491036649853331e-01,1.835176840415386201e-01,1.949875392941347874e-01,2.582396726440466250e-01,8.439495057284112089e-01,5.016655918287762006e+01
2.447613426682322957e-01,1.825499756760298742e-01,1.939593491557818350e-01,2.600589265849966858e-01,8.463308649100834691e-01,5.030750941853270319e+01
2.456048909665359270e-01,1.814288506701280390e-01,1.927681538370110692e-01,2.609551966519442212e-01,8.480940629903839234e-01,5.044995355538819126e+01
2.451769151749349229e-01,1.802713390295725415e-01,1.915382977189208913e-01,2.605004723733682082e-01,8.496636432349167212e-01,5.062650217247145434e+01
2.459794680521102950e-01,1.799827461655248428e-01,1.912316678008702808e-01,2.613531848053671225e-01,8.511573024870228155e-01,5.074060205052386863e+01
2.464385587195776217e-01,1.793147243743360431e-01,1.905218946477319486e-01,2.618409686395512526e-01,8.526960671556477189e-01,5.090949977610011956e+01
2.480809544794718158e-01,1.796025461279466273e-01,1.908277052609431423e-01,2.635860141344388841e-01,8.535804658430599101e-01,5.114720898580115716e+01
2.507911966890067901e-01,1.802973734463451938e-01,1.915659592867417771e-01,2.664656464820697179e-01,8.543970081950053030e-01,5.140732942767916569e+01
2.582637639863034629e-01,1.797291942835275713e-01,1.909622689262480411e-01,2.744052492354473460e-01,8.540695554460810968e-01,5.155216602781338509e+01
2.678868593219999039e-01,1.786179362191045450e-01,1.897815572327986033e-01,2.846297880296246863e-01,8.531522627376203483e-01,5.172320669501586110e+01
2.784948417064297410e-01,1.788750279333365667e-01,1.900547171791701073e-01,2.959007693130815131e-01,8.525056700659341402e-01,5.188336730214768266e+01
2.882704814756619216e-01,1.793731581491450622e-01,1.905839805334664516e-01,3.062873865678908403e-01,8.519262544832189032e-01,5.205082553436317028e+01
2.972875803234149017e-01,1.793853221523492025e-01,1.905969047868709687e-01,3.158680540936284475e-01,8.511441126749871300e-01,5.222131043336526801e+01
3.059215128743462686e-01,1.785162703860729005e-01,1.896735372852025592e-01,3.250416074289929069e-01,8.499858341379429305e-01,5.239126234270156601e+01
3.141011375663970706e-01,1.778763367818747831e-01,1.889936078307419831e-01,3.337324586642965718e-01,8.482499752947784133e-01,5.258350938370364247e+01
3.226093003021506256e-01,1.775453566510296066e-01,1.886419414417189744e-01,3.427723815710347899e-01,8.459005120013448620e-01,5.276305238225204164e+01
3.315443522128146414e-01,1.767657167610526270e-01,1.878135740586183711e-01,3.522658742261153275e-01,8.431898068268752766e-01,5.294201770894608217e+01
3.389739533524734894e-01,1.728202090978921412e-01,1.836214721665103966e-01,3.601598254370031449e-01,8.416939070576286985e-01,5.308280519768332795e+01
3.414060894624957321e-01,1.720179173414090046e-01,1.827690371752468956e-01,3.627439700539021317e-01,8.384346096342641941e-01,5.311920298403629914e+01
3.477329400102838197e-01,1.698071507685834092e-01,1.804200976916196519e-01,3.694662487609265966e-01,8.354800749650785896e-01,5.329046900703059464e+01
3.520299378706132631e-01,1.666728662888554702e-01,1.770899204319090758e-01,3.740318089875264707e-01,8.327750420461086378e-01,5.345425133679495389e+01
3.559584952398593960e-01,1.632478187310760498e-01,1.734508074017681589e-01,3.782059011923509240e-01,8.302381544958523651e-01,5.362390935931617975e+01
3.604921560286598603e-01,1.590334508459901042e-01,1.689730415238646088e-01,3.830229157804507234e-01,8.276235756137525490e-01,5.376538857693365259e+01
3.657002242356939270e-01,1.546700302356575074e-01,1.643369071253860947e-01,3.885564882504247142e-01,8.251390502294603246e-01,5.387573939065188711e+01
3.656657373618331652e-01,1.521112022391997443e-01,1.616181523791496710e-01,3.885198459469480503e-01,8.245285962150620263e-01,5.392007287295170670e+01
3.622177910084719565e-01,1.497962146606181821e-01,1.591584780769068619e-01,3.848564029465013636e-01,8.255563820810476461e-01,5.389082365546473596e+01
3.587622596028610666e-01,1.482726848448993606e-01,1.575397276477056574e-01,3.811849008280394080e-01,8.272101307539763138e-01,5.383947073502019975e+01
3.567400076726885971e-01,1.481735662321382596e-01,1.574344141216470205e-01,3.790362581522315200e-01,8.285097956518625573e-01,5.379491110094414807e+01
3.538945001702635262e-01,1.486503257171654380e-01,1.579409710744883455e-01,3.760129064309047919e-01,8.298558291197528636e-01,5.378531093434502708e+01
3.517300333933077727e-01,1.496105843788021750e-01,1.589612459024771496e-01,3.737131604803899387e-01,8.315315922165594786e-01,5.381963191680445391e+01
3.492593486894791655e-01,1.488850780551831399e-01,1.581903954336320861e-01,3.710880579825718284e-01,8.347380753713024015e-01,5.378795486850724217e+01
3.466083674722443830e-01,1.495336347146760392e-01,1.588794868843431407e-01,3.682713904392597715e-01,8.369927895849907928e-01,5.373757980377904886e+01
3.442850055210890936e-01,1.500756468396148846e-01,1.594553747670910127e-01,3.658028183661568011e-01,8.391400239632792468e-01,5.373736833498378473e+01
3.424632812182276664e-01,1.508817223761219350e-01,1.603118300246294814e-01,3.638672362943670135e-01,8.413872728949082225e-01,5.369976418255547657e+01
3.409871256120895477e-01,1.518870714292702984e-01,1.613800133935995584e-01,3.622988209628451584e-01,8.436459222527390445e-01,5.364871733388795860e+01
3.396389004111536325e-01,1.528797850728483843e-01,1.624347716399010821e-01,3.608663316868506721e-01,8.458955395538856337e-01,5.359906169868003900e+01
3.380537358797335301e-01,1.537628798583930978e-01,1.633730598495425623e-01,3.591820943722169313e-01,8.480596036545220429e-01,5.355703902305921815e+01
3.357232438255315921e-01,1.542058025471769178e-01,1.638436652063754162e-01,3.567059465646275074e-01,8.502385223582864526e-01,5.351953159757137257e+01
3.325399870536967506e-01,1.543629668574664215e-01,1.640106522860581562e-01,3.533237362445528218e-01,8.524043053549809068e-01,5.348233130070497765e+01
3.284670348695061803e-01,1.542124524580353595e-01,1.638507307366625643e-01,3.489962245488500425e-01,8.545324925374641056e-01,5.347039716329139480e+01
3.242492012858432804e-01,1.530895523846501072e-01,1.626576494086907076e-01,3.445147763662082530e-01,8.560380764546344778e-01,5.344237567138583955e+01
3.193380542396374588e-01,1.524170709253012679e-01,1.619431378581326353e-01,3.392966826296144323e-01,8.576447972248348872e-01,5.339428420409965526e+01
3.156331689500874726e-01,1.526504721208711279e-01,1.621911266284256914e-01,3.353602420094680125e-01,8.596148576090105742e-01,5.333333332724141940e+01
3.118382832715445030e-01,1.518613877381333188e-01,1.613527244717665732e-01,3.313281759760162704e-01,8.617003616608432948e-01,5.325590798932979908e+01
3.089558943275162450e-01,1.506887129987130036e-01,1.601067575611326010e-01,3.282656377229860034e-01,8.634444658902536984e-01,5.318516478702701988e+01
3.050501324941172765e-01,1.510827189512751190e-01,1.605253888857298417e-01,3.241157657749995091e-01,8.647655312897651880e-01,5.312816054788056874e+01
2.945187717032136110e-01,1.549556747435199833e-01,1.646404044149899215e-01,3.129261949346642813e-01,8.645278774050314530e-01,5.307904131622456134e+01
2.854744243353294908e-01,1.603923388674057815e-01,1.704168600466184902e-01,3.033165758562877401e-01,8.631998274931311776e-01,5.303018475761482620e+01
2.803950010270661042e-01,1.642018197371886701e-01,1.744644334707629862e-01,2.979196885912576698e-01,8.621735778839374476e-01,5.297316540801347884e+01
2.767447596114132047e-01,1.631620472572167801e-01,1.733596752107926797e-01,2.940413070871267243e-01,8.619100698789659010e-01,5.295947683352073199e+01
2.725517057405281718e-01,1.637371615795215340e-01,1.739707341782416317e-01,2.895861873493111860e-01,8.604359419187728175e-01,5.297982137393936597e+01
2.697173866578818635e-01,1.658727761045526161e-01,1.762398246110872257e-01,2.865747233239994696e-01,8.584296630293720698e-01,5.299447023344897190e+01
2.666872530915608275e-01,1.675136400510684742e-01,1.779832425542604013e-01,2.833552064097832890e-01,8.565921794011266410e-01,5.302411097048966582e+01
2.660025695558232983e-01,1.680772978648392146e-01,1.785821289813916690e-01,2.826277301530621400e-01,8.545753243740498162e-01,5.305617172602532605e+01
2.671879747295048957e-01,1.672843484962649729e-01,1.777396202772815736e-01,2.838872231500990106e-01,8.525955698867412336e-01,5.305042923091442475e+01
2.694811725544242753e-01,1.655997499456966227e-01,1.759497343173028194e-01,2.863237458390758272e-01,8.505236189811313796e-01,5.302624106708933027e+01
2.718417318591866971e-01,1.633103319254479158e-01,1.735172276707884209e-01,2.888318401003858726e-01,8.483353771809190036e-01,5.296524729610721494e+01
2.763476837294279731e-01,1.605597316787721607e-01,1.705947149086952941e-01,2.936194139625170063e-01,8.462571651232444481e-01,5.293582454648230140e+01
2.818730200346377668e-01,1.574307507685243079e-01,1.672701726915571951e-01,2.994900837868027521e-01,8.440807331883014575e-01,5.296581833269671336e+01
2.866762494041239506e-01,1.549691886580913669e-01,1.646547629492221554e-01,3.045935149918819751e-01,8.412508950139281350e-01,5.301813658918010930e+01
2.900444447863237407e-01,1.533666654982032695e-01,1.629520820918410051e-01,3.081722225854688357e-01,8.375833090356138433e-01,5.306337541864313323e+01
2.955453256266111217e-01,1.514621246783339203e-01,1.609285074707297314e-01,3.140169084782744036e-01,8.351637283260809896e-01,5.313712383417463769e+01
3.040547029839181237e-01,1.503675597409758202e-01,1.597655322247868992e-01,3.230581219204130550e-01,8.323377165458101246e-01,5.318460369281775968e+01
3.125716946898625115e-01,1.490140301328597427e-01,1.583274070161634350e-01,3.321074256079786791e-01,8.296219372110446022e-01,5.327534006381512199e+01
3.202206834859416817e-01,1.465933903798599947e-01,1.557554772786011454e-01,3.402344762038129189e-01,8.268662210541929403e-01,5.338201492103907242e+01
3.251497856802578190e-01,1.443339637469319425e-01,1.533548364811153364e-01,3.454716472852741305e-01,8.248229544933619595e-01,5.354240342612393277e+01
3.259094133315532105e-01,1.428625244806702443e-01,1.517914322607120670e-01,3.462787516647752306e-01,8.225096233340403185e-01,5.373181725775227591e+01
3.285180214064959414e-01,1.410926845907138905e-01,1.499109773776336751e-01,3.490503977444019412e-01,8.216374985280169296e-01,5.389522345156080263e+01
3.289320011803758548e-01,1.393480460757577644e-01,1.480572989554925778e-01,3.494902512541491757e-01,8.218097705108833306e-01,5.410461628782503141e+01
3.284287657811454375e-01,1.380997645019598208e-01,1.467309997833323443e-01,3.489555636424671592e-01,8.203172300642064263e-01,5.435461707095633699e+01
3.309812069581829497e-01,1.364089403502080078e-01,1.449344991220959389e-01,3.516675323930696373e-01,8.195795473808475951e-01,5.444077224900396317e+01
3.306555183106753559e-01,1.350405940233602997e-01,1.434806311498203479e-01,3.513214882050925691e-01,8.189288230672920887e-01,5.455566129023320343e+01
3.285298691019349349e-01,1.338571143945848918e-01,1.422231840442463868e-01,3.490629859208059238e-01,8.178917475147297056e-01,5.466017617732870804e+01
3.296112276609399760e-01,1.324802446290775926e-01,1.407602599183949699e-01,3.502119293897488217e-01,8.179211645354599325e-01,5.482483159996635891e+01
3.334088865645015165e-01,1.311959483313761554e-01,1.393956951020872137e-01,3.542469419747828474e-01,8.185630270882726656e-01,5.495497178207801170e+01
3.372179786393173506e-01,1.304653253563647919e-01,1.386194081911375775e-01,3.582941023042744977e-01,8.190851727717055608e-01,5.510403777147836024e+01
3.407039423644702691e-01,1.300604641965656394e-01,1.381892432088509537e-01,3.619979387622497824e-01,8.197272252701642836e-01,5.527279702184155497e+01
3.435884994131394032e-01,1.298687735088797368e-01,1.379855718531846909e-01,3.650627806264607478e-01,8.206740322897004836e-01,5.546381764188375740e+01
3.456719208138294697e-01,1.296328545887543149e-01,1.377349080005514093e-01,3.672764158646936172e-01,8.214030942700378812e-01,5.564643587868706476e+01
3.448606579158378094e-01,1.293129954353572642e-01,1.373950576500670429e-01,3.664144490355777939e-01,8.217018125021667840e-01,5.583073277417651070e+01
3.434536901848511126e-01,1.290108816602920927e-01,1.370740617640604231e-01,3.649195458214042898e-01,8.214892344589469486e-01,5.595096822114606994e+01
3.433511767780850765e-01,1.284910782520183314e-01,1.365217706427695188e-01,3.648106253267152099e-01,8.212326585630133069e-01,5.605720597870807609e+01
3.430310424582727613e-01,1.281696180337964230e-01,1.361802191609086110e-01,3.644704826119147811e-01,8.209093162672788102e-01,5.617683630521954541e+01
3.425251172671285871e-01,1.279666213118887397e-01,1.359645351438817651e-01,3.639329370963242938e-01,8.207277689023403378e-01,5.627993690634242085e+01
3.417310489589371336e-01,1.278452412354000312e-01,1.358355688126125782e-01,3.630892395188706212e-01,8.205505897881387734e-01,5.636000304936287364e+01
3.409470988110791523e-01,1.277888853149440063e-01,1.357756906471281610e-01,3.622562924867716028e-01,8.202159630949902303e-01,5.643705979679435103e+01
3.402117305175716977e-01,1.277981827835956430e-01,1.357855692075704834e-01,3.614749636749199357e-01,8.198601643303978781e-01,5.650576537991619830e+01
3.396304675774853288e-01,1.279108381787761040e-01,1.359052655649496122e-01,3.608573718010782416e-01,8.195908266073549386e-01,5.657054581085948541e+01
3.393402714977272749e-01,1.282330927320383396e-01,1.362476610277908728e-01,3.605490384663352921e-01,8.194692606046354300e-01,5.664428569991935092e+01
3.394093038442030363e-01,1.287776710220523146e-01,1.368262754609305132e-01,3.606223853344656671e-01,8.195817135693146405e-01,5.671376528586852572e+01
3.402950555533537091e-01,1.297016283450325436e-01,1.378079801165970064e-01,3.615634965254382327e-01,8.198844262496379764e-01,5.679489028579644838e+01
3.414171641531428825e-01,1.302984458472920826e-01,1.384420987127478742e-01,3.627557369127146214e-01,8.199983414253013692e-01,5.687335454361640785e+01
3.425423915996531621e-01,1.307288852061440354e-01,1.388994405315281122e-01,3.639512910746314778e-01,8.200089052920233046e-01,5.691266662470017934e+01
3.434785059376576077e-01,1.312327996233193517e-01,1.394348495997768111e-01,3.649459125587610764e-01,8.206693969604498262e-01,5.689854780891644026e+01
3.425520300037095400e-01,1.322519877697989898e-01,1.405177370054113695e-01,3.639615318789413689e-01,8.240659220906307869e-01,5.690181362271710697e+01
3.429181215961255025e-01,1.338693596526728258e-01,1.422361946309648462e-01,3.643505041958831625e-01,8.290757773292666277e-01,5.693078463973663617e+01
3.441594902371752362e-01,1.350181805262349322e-01,1.434568168091246432e-01,3.656694583769984908e-01,8.317456286478183136e-01,5.695319586246107946e+01
3.458689837170291215e-01,1.359904031896493892e-01,1.444898033890023858e-01,3.674857951993433791e-01,8.334444086861300116e-01,5.695881087997579328e+01
3.476572479965136520e-01,1.368058049169812440e-01,1.453561677242926620e-01,3.693858259962957691e-01,8.347244441306285179e-01,5.696402783052924690e+01
3.501569046527221452e-01,1.378460787472280957e-01,1.464614586689299003e-01,3.720417111935171439e-01,8.360095079351005376e-01,5.696917063974196793e+01
3.537717533096788047e-01,1.406720372622642101e-01,1.494640395911557285e-01,3.758824878915336121e-01,8.382545374151659789e-01,5.698015205009425443e+01
3.534305136053613738e-01,1.463567319556084156e-01,1.555040277028339468e-01,3.755199207056963417e-01,8.410797037081653160e-01,5.698396791804366046e+01
3.506905974020750327e-01,1.531797086771241878e-01,1.627534404694443992e-01,3.726087597397046980e-01,8.436145786455492290e-01,5.699526280877641682e+01
3.480832459776224685e-01,1.603094294092163585e-01,1.703287687472924694e-01,3.698384488512240775e-01,8.453424939153425521e-01,5.701036134117168785e+01
3.443411385525464996e-01,1.665929018184664767e-01,1.770049581821207529e-01,3.658624597120805899e-01,8.467203001997402056e-01,5.701760912343121390e+01
3.409785867386274649e-01,1.704324897857206478e-01,1.810845203973281137e-01,3.622897484097914456e-01,8.483776101351999666e-01,5.698345367602003364e+01
3.404988259932241190e-01,1.722239338382979823e-01,1.829879297031916652e-01,3.617800026178007444e-01,8.499929917896921205e-01,5.689636202713822399e+01
3.413012967271932818e-01,1.747590134639785686e-01,1.856814518054773766e-01,3.626326277726429903e-01,8.514897898396596165e-01,5.682856990938275032e+01
3.378364589593709222e-01,1.775285757015598875e-01,1.886241116829072972e-01,3.589512376443317887e-01,8.536679900435489854e-01,5.676088823920081694e+01
3.333470317652141302e-01,1.810223810843639147e-01,1.923362799021366421e-01,3.541812212505401347e-01,8.557397960195392006e-01,5.671415275618033291e+01
3.302120141427150046e-01,1.849470174757279484e-01,1.965062060679609868e-01,3.508502650266346889e-01,8.573945782564128537e-01,5.668366016992504086e+01
3.277918195913635535e-01,1.885576541576243492e-01,2.003425075424758728e-01,3.482788083158239179e-01,8.587544273651258608e-01,5.665873020139235194e+01
3.238120456335182862e-01,1.923028862805663819e-01,2.043218166731017860e-01,3.440502984856128599e-01,8.595539016601667637e-01,5.663948688503121787e+01
3.197908116947386081e-01,1.955541653366380805e-01,2.077763006701779935e-01,3.397777374256595317e-01,8.599079812805777712e-01,5.663464740621286353e+01
3.167439913865977008e-01,1.966404158915288913e-01,2.089304418847493239e-01,3.365404908482599322e-01,8.602204414407129685e-01,5.665539687303991201e+01
3.110023245156900429e-01,1.959809760118941258e-01,2.082297870126373629e-01,3.304399697979207295e-01,8.604590108510186131e-01,5.663478825888863355e+01
3.084765603970452963e-01,1.963306539193938882e-01,2.086013197893560878e-01,3.277563454218606065e-01,8.605345675992923660e-01,5.661156146324979233e+01
3.067161932263658408e-01,1.959440948221377321e-01,2.081906007485212762e-01,3.258859553030136746e-01,8.612647346556814298e-01,5.653678658819276848e+01
3.051906147599297570e-01,1.934000330895449538e-01,2.054875351576415099e-01,3.242650281824250857e-01,8.619885537409057719e-01,5.644874246063930912e+01
3.057211543261690867e-01,1.905774093911803690e-01,2.024884974781290814e-01,3.248287264715549183e-01,8.616903241583171447e-01,5.639996241804219324e+01
3.083901829630594782e-01,1.872218565530087975e-01,1.989232225875717519e-01,3.276645693982509489e-01,8.611413803866921901e-01,5.636765320810480517e+01
3.113826145086975306e-01,1.831583585744294973e-01,1.946057559853313912e-01,3.308440279154908903e-01,8.609165955377503510e-01,5.631999997525615242e+01
3.144925300794523815e-01,1.809095573844443916e-01,1.922164047209723170e-01,3.341483132094181796e-01,8.606068476627946051e-01,5.628198986117634206e+01
3.185702722722341118e-01,1.787003191159753090e-01,1.898690890607237225e-01,3.384809142892489242e-01,8.603007735245049581e-01,5.630787830743894062e+01
3.217128973771261613e-01,1.772980339586224807e-01,1.883791610810363615e-01,3.418199534631964909e-01,8.592947739489952275e-01,5.638475854072681415e+01
3.267942699129682271e-01,1.772601480681723907e-01,1.883389073224333299e-01,3.472189117825285054e-01,8.580689380317090276e-01,5.646611117968553373e+01
3.300083955001331115e-01,1.778101115197290305e-01,1.889232434897122059e-01,3.506339202188914483e-01,8.561569706766437582e-01,5.654469904423709181e+01
3.345250353281224998e-01,1.783749159725842859e-01,1.895233482208708298e-01,3.554328500361298993e-01,8.545289665942695789e-01,5.666260061880141308e+01
3.407554010793816812e-01,1.781847502710067199e-01,1.893212971629446295e-01,3.620526136468427691e-01,8.523937959645279117e-01,5.683186913018951003e+01
3.462659010693575623e-01,1.768336204505882858e-01,1.878857217287499271e-01,3.679075198861924134e-01,8.496747055887172717e-01,5.705000954859702489e+01
3.527709728836125880e-01,1.743438607643165994e-01,1.852403520620863886e-01,3.748191586888382498e-01,8.467516522053831762e-01,5.718877459819704256e+01
3.597776908700406895e-01,1.717126388303358286e-01,1.824446787572316098e-01,3.822637965494181667e-01,8.433076387695456200e-01,5.733475993181679797e+01
3.667658094818985193e-01,1.699513960154890313e-01,1.805733582664570958e-01,3.896886725745173918e-01,8.400107965931190579e-01,5.745543332647363144e+01
3.729408241385205880e-01,1.684778539654236129e-01,1.790077198382626078e-01,3.962496256471779166e-01,8.358926445612396838e-01,5.761068566570214244e+01
3.778486989771379645e-01,1.667794484029238022e-01,1.772031639281064219e-01,4.014642426632094030e-01,8.312194942064128345e-01,5.780040923336569136e+01
3.813408119857634171e-01,1.648444087427701210e-01,1.751471842891932362e-01,4.051746127348736515e-01,8.259881994733008215e-01,5.801459018841666193e+01
3.855343976894025082e-01,1.624549671235854531e-01,1.726084025688096046e-01,4.096302975449898076e-01,8.217781516154269994e-01,5.819807630763492057e+01
3.898203330428857138e-01,1.603326283295653520e-01,1.703534176001631484e-01,4.141841038580663659e-01,8.178355669918760951e-01,5.829686580231869897e+01
3.948764931524247901e-01,1.585686434904918507e-01,1.684791837086477839e-01,4.195562739744512215e-01,8.146464946140566932e-01,5.838519462508126168e+01
4.007063505444996565e-01,1.568406657194306997e-01,1.666432073268953040e-01,4.257504974535308295e-01,8.117300692483035984e-01,5.850368922496036106e+01
4.070330361856474011e-01,1.546545488929076395e-01,1.643204581987143531e-01,4.324726009472505406e-01,8.084325985285744087e-01,5.861237515439660939e+01
4.139236928318468789e-01,1.517024364621433474e-01,1.611838387410273188e-01,4.397939236338374025e-01,8.056406937008455671e-01,5.868098634570702643e+01
4.169682699099539480e-01,1.504572157685831746e-01,1.598607917541196854e-01,4.430287867793258338e-01,8.048577847055584655e-01,5.872322745756532214e+01
4.177979950000749176e-01,1.500979492144913496e-01,1.594790710403971024e-01,4.439103696875795757e-01,8.049438096897957307e-01,5.875322292818318459e+01
4.173566659842914417e-01,1.502157734947689172e-01,1.596042593381919172e-01,4.434414576083097748e-01,8.054651344286427594e-01,5.876946789262674287e+01
4.160735767083033609e-01,1.507054720550315974e-01,1.601245640584711416e-01,4.420781752525721475e-01,8.063242226629570020e-01,5.877629046496879539e+01
4.140620914851284584e-01,1.515329445448812540e-01,1.610037535789364260e-01,4.399409722029488656e-01,8.074836702628931384e-01,5.877815464594838346e+01
4.115883625697715487e-01,1.525732996304933753e-01,1.621091308573992806e-01,4.373126352303821074e-01,8.089653898349151717e-01,5.878484651525474192e+01
4.090422325483755173e-01,1.534964516156969161e-01,1.630899798416779456e-01,4.346073720826490461e-01,8.109413964003627795e-01,5.879701293434768417e+01
4.059610827948924028e-01,1.546682633327902401e-01,1.643350297910896041e-01,4.313336504695730600e-01,8.130788939163351436e-01,5.880591270974284868e+01
4.024709286596997448e-01,1.560530948548482788e-01,1.658064132832761384e-01,4.276253617009312391e-01,8.154276197182827035e-01,5.881769864277053017e+01
4.000932701481897946e-01,1.573496556847600869e-01,1.671840091650575455e-01,4.250990995324517296e-01,8.181372893660834311e-01,5.881392353193431433e+01
3.983405841559939931e-01,1.583781801442208093e-01,1.682768164032345526e-01,4.232368706657435586e-01,8.221540731544966230e-01,5.877287847321539971e+01
3.937061704243577931e-01,1.603480971342000627e-01,1.703698532050876846e-01,4.183128060758802280e-01,8.269141192557649678e-01,5.873031895456987428e+01
3.897365383462854660e-01,1.609849158279829939e-01,1.710464730672320854e-01,4.140950719929278323e-01,8.307592405213565234e-01,5.870814242580551223e+01
3.857244545184825291e-01,1.617843811311009683e-01,1.718959049517947979e-01,4.098322329258878849e-01,8.345867483988327340e-01,5.869988999848060018e+01
3.819188619506725391e-01,1.629678121420854442e-01,1.731533004009656596e-01,4.057887908225896734e-01,8.385779994215067923e-01,5.865831400532780293e+01
3.778557467170426953e-01,1.646006240638811235e-01,1.748881630678737198e-01,4.014717308868582246e-01,8.423080336989794414e-01,5.857843814687117856e+01
3.746411413815423641e-01,1.658778585004221651e-01,1.762452246566984793e-01,3.980562127178890464e-01,8.451190004489650409e-01,5.856002431974258116e+01
3.705174961129181210e-01,1.668803300029513548e-01,1.773103506281358821e-01,3.936748396199756805e-01,8.477361870607663663e-01,5.853440560901855605e+01
3.650620553099323540e-01,1.664840141796618822e-01,1.768892650658908383e-01,3.878784337668033655e-01,8.497220607384222690e-01,5.850129903047452729e+01
3.588934020731056607e-01,1.660773530625209715e-01,1.764571876289285635e-01,3.813242397026744834e-01,8.517640385062587027e-01,5.847002212191267745e+01
3.531838519638296758e-01,1.661442825289427550e-01,1.765283001870015800e-01,3.752578427115691451e-01,8.540507040015308249e-01,5.843445714076756303e+01
3.492326218476746735e-01,1.662054157734717263e-01,1.765932542593137977e-01,3.710596607131541602e-01,8.569059007932450234e-01,5.837653089704033249e+01
3.461981993380367495e-01,1.671587978621580095e-01,1.776062227285427619e-01,3.678355867966642267e-01,8.597022032355650101e-01,5.832140839401932197e+01
3.432928473703486527e-01,1.677132360371175190e-01,1.781953132894374126e-01,3.647486503309955719e-01,8.622270213452263299e-01,5.825771228249138289e+01
3.431394697000985650e-01,1.646994602185133105e-01,1.749931764821703872e-01,3.645856865563544269e-01,8.655516513606384965e-01,5.816306836208271847e+01
3.409716544679968764e-01,1.608033968963759885e-01,1.708536092023996145e-01,3.622823828722465112e-01,8.684215947342652786e-01,5.810877618285767454e+01
3.378232298149538293e-01,1.610020653808874880e-01,1.710646944671931347e-01,3.589371816783885061e-01,8.693539720574710028e-01,5.803488499790968547e+01
3.335256959261534981e-01,1.630069394650478787e-01,1.731948731816133347e-01,3.543710519215378385e-01,8.699131633147118015e-01,5.797256244952356496e+01
3.299347773178890053e-01,1.651856247198980054e-01,1.755097262648917245e-01,3.505557009002570057e-01,8.698400774557155657e-01,5.797433208867896326e+01
3.240238193134868383e-01,1.679744679590448597e-01,1.784728722064852224e-01,3.442753080205797067e-01,8.694452286669643870e-01,5.797818930033955809e+01
3.180686191787029937e-01,1.714347672469858364e-01,1.821494401999225743e-01,3.379479078773721112e-01,8.683972152232977137e-01,5.801352789707566160e+01
3.123431838997733356e-01,1.743990806390492143e-01,1.852990231789898024e-01,3.318646328935093703e-01,8.671713442251212101e-01,5.806068475701057707e+01
3.094371813131304716e-01,1.763637924612472263e-01,1.873865294900750877e-01,3.287770051452013065e-01,8.663232792746361488e-01,5.805193440944242411e+01
3.091310792620742820e-01,1.753658347011144703e-01,1.863261993699342756e-01,3.284517717159537997e-01,8.660897015533017829e-01,5.801370955406504493e+01
3.092835153212561417e-01,1.737579070807012405e-01,1.846177762732451322e-01,3.286137350288345083e-01,8.656392660006632100e-01,5.796104299562500017e+01
3.099823228077773218e-01,1.719970361321110641e-01,1.827468508903680733e-01,3.293562179832631998e-01,8.649041074335503954e-01,5.790582684739825226e+01
3.106281337896700800e-01,1.699600365838760396e-01,1.805825388703682921e-01,3.300423921515241443e-01,8.638863905689293521e-01,5.785422282682294792e+01
3.107873517615032943e-01,1.684426874437728316e-01,1.789703554090086302e-01,3.302115612465971739e-01,8.623062054235079987e-01,5.780593579409902816e+01
3.120789127350356296e-01,1.678000035659493183e-01,1.782875037888211889e-01,3.315838447809754119e-01,8.598672631085457763e-01,5.776554532195118696e+01
3.156549104205420009e-01,1.664827405324963427e-01,1.768879118157774266e-01,3.353833423218259280e-01,8.575176658569431121e-01,5.779409350533335044e+01
3.182828633863561407e-01,1.631942482617279033e-01,1.733938887780860361e-01,3.381755423480033995e-01,8.547596702576256700e-01,5.780652361969547570e+01
3.231913515652258262e-01,1.583981972807395056e-01,1.682980846107856865e-01,3.433908110380521905e-01,8.524534459045780554e-01,5.784658576634667071e+01
3.294904629274605368e-01,1.533857540948720677e-01,1.629723637258015112e-01,3.500836168604267717e-01,8.504658001337903617e-01,5.781873111356550510e+01
3.368035448808637256e-01,1.492098840144609750e-01,1.585355017653648779e-01,3.578537664359177084e-01,8.489069169413692162e-01,5.775277525084592867e+01
3.439326186599812041e-01,1.455219413227095138e-01,1.546170626553789174e-01,3.654284073262299981e-01,8.476937815681219179e-01,5.761586946664370146e+01
3.519954266196702597e-01,1.426385139827310022e-01,1.515534211066517090e-01,3.739951407833998487e-01,8.469927776133246988e-01,5.759875816451631181e+01
3.567994800212073159e-01,1.401007341100047043e-01,1.488570299918801076e-01,3.790994475225327176e-01,8.458791962727909564e-01,5.760899244447594469e+01
3.594028459240917739e-01,1.379897068516805769e-01,1.466140635299106321e-01,3.818655237943475722e-01,8.446877376072370325e-01,5.765519137537956595e+01
3.611274274801913320e-01,1.361799085517032826e-01,1.446911528361847499e-01,3.836978916977034082e-01,8.439886728213026323e-01,5.777915326071802582e+01
3.619777162947440674e-01,1.343916432219037504e-01,1.427911209232728129e-01,3.846013235631655092e-01,8.437173370281386697e-01,5.793020210750562882e+01
3.614249355943607300e-01,1.328203495381672372e-01,1.411216213843026479e-01,3.840139940690082132e-01,8.437629098949716022e-01,5.810202835173805624e+01
3.600511165299961069e-01,1.312936411949210125e-01,1.394994937696035775e-01,3.825543113131206763e-01,8.444411256532051713e-01,5.830914012285901293e+01
3.573195685016793410e-01,1.298326583586029426e-01,1.379471995060158052e-01,3.796520415330341680e-01,8.452480311245084144e-01,5.854443541332754108e+01
3.579577109632972043e-01,1.276180421330993242e-01,1.355941697664180268e-01,3.803300678985032657e-01,8.457947691519279720e-01,5.863065057094002697e+01
3.581379795444406544e-01,1.257303724234921927e-01,1.335885206999604113e-01,3.805216032659679559e-01,8.452008287458422364e-01,5.863314144537255146e+01
3.578610178654882401e-01,1.240410545837426770e-01,1.317936204952266932e-01,3.802273314820813765e-01,8.446569533865178059e-01,5.863554409602548390e+01
3.569830856652292939e-01,1.225213523382755881e-01,1.301789368594177820e-01,3.792945285193059513e-01,8.441754304942088449e-01,5.863408430213313949e+01
3.554640172519343833e-01,1.211129012826925172e-01,1.286824576128608177e-01,3.776805183301804036e-01,8.437699867501639028e-01,5.862933385385376539e+01
3.537660712708136646e-01,1.201384000916397299e-01,1.276470500973673761e-01,3.758764507252396747e-01,8.433362636045900196e-01,5.862098218029583307e+01
3.531551965405893556e-01,1.195721056995153325e-01,1.270453623057350157e-01,3.752273963243760724e-01,8.430641122080518857e-01,5.864051812142890441e+01
3.530463806896981804e-01,1.192904549217284893e-01,1.267461083543364175e-01,3.751117794828044416e-01,8.427393363355522027e-01,5.867567161233905892e+01
3.527638368311570849e-01,1.190058304479142126e-01,1.264436948509089775e-01,3.748115766331042709e-01,8.424738760524118630e-01,5.869481302756496177e+01
3.523761506383562003e-01,1.186708236469281585e-01,1.260877501248612031e-01,3.743996600532535357e-01,8.423514086897179176e-01,5.869191830184406200e+01
3.521249572249339210e-01,1.184106332703890874e-01,1.258112978497884227e-01,3.741327670514922321e-01,8.423270497818865499e-01,5.868010892732501560e+01
3.519409010684803607e-01,1.183084955057474158e-01,1.257027764748567811e-01,3.739372073852602618e-01,8.423311311362505771e-01,5.867778397253670164e+01
3.523362754088643078e-01,1.185289997196445760e-01,1.259370622021224739e-01,3.743572926219183583e-01,8.423693527927782476e-01,5.870328613192424427e+01
3.526879739511928347e-01,1.189829595215373681e-01,1.264193944916334744e-01,3.747309723231423972e-01,8.423569879534732463e-01,5.876050649867043063e+01
3.526804651330126550e-01,1.194080531966757452e-01,1.268710565214679065e-01,3.747229942038257100e-01,8.422895467364363009e-01,5.883054169742117523e+01
3.507899262862902989e-01,1.210061183398361967e-01,1.285690007360760501e-01,3.727142966791832657e-01,8.438452930495800031e-01,5.905357522159685857e+01
3.487379866174458165e-01,1.225834633702953536e-01,1.302449298309389103e-01,3.705341107810361523e-01,8.450445785200084714e-01,5.930271276334168107e+01
3.498667607085656495e-01,1.236469614455683458e-01,1.313748965359162191e-01,3.717334332528509089e-01,8.457556633527084644e-01,5.943855942959764604e+01
3.515928384971436227e-01,1.242560291891018909e-01,1.320220310134207486e-01,3.735673909032150020e-01,8.466992126862760148e-01,5.947625586741537518e+01
3.533791360249506353e-01,1.244776394537550346e-01,1.322574919196147225e-01,3.754653320265101124e-01,8.480058612950360786e-01,5.947089644566491984e+01
3.552366638492486239e-01,1.246075607747764019e-01,1.323955333231998654e-01,3.774389553398263542e-01,8.496147570134993110e-01,5.946110584046492420e+01
3.564249869715763186e-01,1.248418236722982910e-01,1.326444376518169654e-01,3.787015486572997136e-01,8.508406369363318289e-01,5.942250785258930534e+01
3.571126426600851334e-01,1.248812672120854783e-01,1.326863464128408276e-01,3.794321828263403917e-01,8.518720028951621837e-01,5.938908187936172567e+01
3.572420482604305447e-01,1.248778297190200198e-01,1.326826940764587459e-01,3.795696762767074572e-01,8.525700576899533090e-01,5.936356943636824468e+01
3.598724128169323300e-01,1.258156553750430506e-01,1.336791338359833436e-01,3.823644386179904098e-01,8.533677200094468285e-01,5.935706088374288925e+01
3.581218787482913779e-01,1.295614894160113106e-01,1.376590825045120037e-01,3.805044961700597694e-01,8.544410540374284269e-01,5.934652995566649025e+01
3.560208959960214914e-01,1.348782041588600100e-01,1.433080919187888214e-01,3.782722019957727722e-01,8.561925206753102646e-01,5.936053241279452664e+01
3.549713795413458883e-01,1.405516166119018806e-01,1.493360926501457464e-01,3.771570907626798919e-01,8.577198124196099283e-01,5.939500126060610086e+01
3.552427280208805271e-01,1.453301994719984613e-01,1.544133369389983079e-01,3.774453985221855601e-01,8.587126137851232022e-01,5.939846421275089483e+01
3.527915541059001847e-01,1.514708682039925258e-01,1.609377974667419997e-01,3.748410262375191371e-01,8.590717905894013073e-01,5.936276659233524100e+01
3.488106593969161895e-01,1.585604701758524249e-01,1.684704995618432621e-01,3.706113256092235519e-01,8.593870815104053262e-01,5.932108271081987283e+01
3.490910996687151546e-01,1.657449169303207015e-01,1.761039742384657159e-01,3.709092933980099316e-01,8.600121105370585051e-01,5.927946277849926560e+01
3.496789101522415066e-01,1.724757615958188717e-01,1.832554966955574627e-01,3.715338420367566008e-01,8.603885600708203185e-01,5.926737784770504192e+01
3.509671288928198352e-01,1.776262790156289406e-01,1.887279214541057459e-01,3.729025744486210714e-01,8.608658676930711628e-01,5.927670510723947928e+01
3.473080962455302734e-01,1.820096371633355414e-01,1.933852394860440249e-01,3.690148522608760473e-01,8.614834238993468452e-01,5.926369424646534867e+01
3.410602481738795322e-01,1.867598522998875632e-01,1.984323430686305290e-01,3.623765136847468815e-01,8.613856026770650987e-01,5.923653152696824975e+01
3.350997715942380384e-01,1.926079682400023974e-01,2.046459662550026981e-01,3.560435073188780164e-01,8.611370561288507197e-01,5.922541180379722903e+01
3.284532884939015962e-01,1.963080659712339859e-01,2.085773200944360806e-01,3.489816190247704286e-01,8.612937284813195760e-01,5.921915870910169133e+01
3.234660391906306054e-01,1.998285207570281163e-01,2.123178033043424118e-01,3.436826666400450980e-01,8.611406171841732293e-01,5.921609325422870995e+01
3.211479519157574014e-01,2.030118208375111255e-01,2.157000596398554459e-01,3.412196989104922529e-01,8.608795149570162009e-01,5.922561566661487831e+01
3.205600323751398029e-01,2.060848162590971921e-01,2.189651172752909158e-01,3.405950343985861828e-01,8.601413446375659744e-01,5.923634131137230696e+01
3.187557273072074149e-01,2.071279036750315328e-01,2.200733976547210036e-01,3.386779602639079512e-01,8.596300850120510706e-01,5.925719504951110395e+01
3.162681809075619244e-01,2.059717510331346702e-01,2.188449854727055055e-01,3.360349422142844267e-01,8.594381817284770797e-01,5.928726682303815210e+01
3.157910493432171117e-01,2.058688714170452405e-01,2.187356758806106027e-01,3.355279899271679800e-01,8.582926497204229621e-01,5.932288087301726165e+01
3.172918835125885795e-01,2.063895226889196910e-01,2.192888678569772654e-01,3.371226262321252443e-01,8.565252797708521326e-01,5.936299358985584007e+01
3.217697038077184102e-01,2.063749916266196527e-01,2.192734286032834712e-01,3.418803102957007622e-01,8.549081780903289296e-01,5.940350827436804337e+01
3.283352051622228096e-01,2.067861607466362217e-01,2.197102957933011746e-01,3.488561554848617630e-01,8.535688112613707412e-01,5.943947982667105379e+01
3.330483053541800631e-01,2.070491354773219550e-01,2.199897064446545980e-01,3.538638244388162546e-01,8.521289026284282198e-01,5.947394229612611127e+01
3.367396575258869151e-01,2.068740360609509499e-01,2.198036633147604779e-01,3.577858861212547259e-01,8.507480305459363956e-01,5.951112873021322258e+01
3.402675977809898056e-01,2.059826341485580525e-01,2.188565487828428580e-01,3.615343226423017309e-01,8.494428296840713655e-01,5.956166588997393774e+01
3.449459988168332991e-01,2.044827670986353596e-01,2.172629400423000123e-01,3.665051237428852415e-01,8.481248568453541026e-01,5.963800855739382456e+01
3.493745107952072604e-01,2.036421510389067879e-01,2.163697854788386443e-01,3.712104177199075927e-01,8.463466596540711873e-01,5.968547713066261906e+01
3.532059993236174034e-01,2.041197729305697373e-01,2.168772587387303441e-01,3.752813742813432829e-01,8.440612601379835489e-01,5.968736011989194878e+01
3.566923161896050631e-01,2.038201046866140453e-01,2.165588612295273052e-01,3.789855859514553171e-01,8.417289690802017832e-01,5.970245860228619961e+01
3.591486779790241668e-01,2.031735952084220975e-01,2.158719449089486209e-01,3.815954703527130731e-01,8.389133850688033078e-01,5.975923993658150835e+01
3.608550596590691661e-01,2.024938019424026014e-01,2.151496645638028282e-01,3.834085008877611278e-01,8.362204147684729749e-01,5.987204132533656775e+01
3.622813966614985559e-01,2.018048399851070374e-01,2.144176424841763295e-01,3.849239839528423301e-01,8.338873451488489907e-01,5.995401849220831991e+01
3.561186643336325397e-01,1.997944813161530719e-01,2.122816363984126320e-01,3.783760808544844867e-01,8.314301100510366194e-01,6.004351026196306407e+01
3.528516379834050198e-01,1.978658947741186447e-01,2.102325131975010253e-01,3.749048653573678336e-01,8.283187773585912739e-01,6.016361687395394853e+01
3.514429721318965694e-01,1.967105084365523560e-01,2.090049152138369060e-01,3.734081578901399245e-01,8.253653556071229858e-01,6.027668777459805938e+01
3.482056000057952017e-01,1.948940656785080883e-01,2.070749447834146773e-01,3.699684500061575787e-01,8.227040819448073750e-01,6.051245500466509952e+01
3.487692220148392863e-01,1.918112230461861134e-01,2.037994244865728721e-01,3.705672983907667417e-01,8.196029772697347449e-01,6.064568549441754897e+01
3.524570424430815696e-01,1.898372193824231224e-01,2.017020455938245693e-01,3.744856075957740948e-01,8.164051910234971787e-01,6.080077535516198850e+01
3.574949670289164771e-01,1.878424213100432782e-01,1.995825726419208912e-01,3.798384024682237570e-01,8.136125716202201597e-01,6.093800224536612120e+01
3.615117575431842090e-01,1.860782363905376935e-01,1.977081261649463462e-01,3.841062423896329792e-01,8.112408927778652634e-01,6.106551012289912705e+01
3.654820493691618988e-01,1.836176296297127308e-01,1.950937314815696932e-01,3.883246774547346458e-01,8.088354518788782865e-01,6.121211685053172857e+01
3.691381326871516766e-01,1.805013268501194923e-01,1.917826597782519016e-01,3.922092659800985870e-01,8.066855725071661043e-01,6.134018998464575390e+01
3.693515370572696965e-01,1.789787836084306971e-01,1.901649575839575723e-01,3.924360081233491115e-01,8.060414516069347446e-01,6.143966933864221858e+01
3.676876570328364013e-01,1.790015166426917326e-01,1.901891114328600196e-01,3.906681355973887770e-01,8.063743706542039202e-01,6.151131818158490461e+01
3.664067659360575324e-01,1.795012349546926123e-01,1.907200621393607964e-01,3.893071888070610553e-01,8.069467462575973249e-01,6.156546365361975859e+01
3.651885445396212959e-01,1.802104370522068510e-01,1.914735893679699041e-01,3.880128285733475679e-01,8.078381068410188659e-01,6.161283513861732786e+01
3.644039173310797408e-01,1.810101535616167601e-01,1.923232881592179533e-01,3.871791621642723391e-01,8.088193016389719769e-01,6.165239487653659722e+01
3.637524270597780607e-01,1.817145756349229369e-01,1.930717366121056100e-01,3.864869537510142727e-01,8.099179512401982750e-01,6.166760028365397517e+01
3.630515994646470457e-01,1.827857945256264327e-01,1.942099066834780674e-01,3.857423244311876664e-01,8.113188223691520928e-01,6.167560456828536530e+01
3.626409811830564878e-01,1.840123535881809935e-01,1.955131256874421131e-01,3.853060425069976258e-01,8.128615092874529324e-01,6.168410069559967468e+01
3.621539731988792088e-01,1.855854947768285079e-01,1.971845882003802619e-01,3.847885965238089789e-01,8.145956519593910983e-01,6.167098621444789330e+01
3.610723353628452759e-01,1.875823087688746615e-01,1.993062030669294771e-01,3.836393563230229287e-01,8.167491034827122354e-01,6.166697125118689371e+01
3.585895141188262247e-01,1.892710718170473316e-01,2.011005138056126129e-01,3.810013587512526834e-01,8.187228729858236909e-01,6.164098175660533485e+01
3.577552913897391607e-01,1.913499492270193114e-01,2.033093210537080808e-01,3.801149971015977957e-01,8.206886996863367312e-01,6.158645908045129147e+01
3.608364925920030664e-01,1.933292993908052038e-01,2.054123806027306764e-01,3.833887733790031227e-01,8.231193952772885014e-01,6.150788315519122307e+01
3.641581607169230850e-01,1.949492704026086209e-01,2.071335998027717396e-01,3.869180457617308333e-01,8.272573474557922690e-01,6.139949865245361593e+01
3.652078096907644955e-01,1.974745294996227696e-01,2.098166875933491216e-01,3.880332977964375818e-01,8.313609240609638462e-01,6.125565623657125514e+01
3.658080762061393099e-01,1.997202606680309189e-01,2.122027769597831237e-01,3.886710809690231416e-01,8.348671568183324565e-01,6.112411926947498841e+01
3.655628654361797736e-01,2.015329409683721817e-01,2.141287497788953442e-01,3.884105445259409817e-01,8.380657351109339626e-01,6.103123505796619952e+01
3.648745398055858735e-01,2.029340257415978566e-01,2.156174023504478510e-01,3.876791985434347998e-01,8.410492239684465021e-01,6.097157688418114674e+01
3.638287244043117430e-01,2.042754140131124996e-01,2.170426273889320412e-01,3.865680196795810430e-01,8.438601074513034650e-01,6.092375969241177103e+01
3.625240018663856145e-01,2.054641965469316545e-01,2.183057088311150529e-01,3.851817519830348369e-01,8.465548052134943546e-01,6.088087739983462399e+01
3.613652122017041446e-01,2.065607055189715990e-01,2.194707496139074732e-01,3.839505379643107230e-01,8.490645140235569821e-01,6.083470949988949172e+01
3.601606495903250105e-01,2.076043670238217065e-01,2.205796399628105753e-01,3.826706901897203861e-01,8.513516648648368212e-01,6.079106916531720373e+01
3.582970652757931918e-01,2.074904506681586325e-01,2.204586038349187205e-01,3.806906318555300928e-01,8.540680826936504211e-01,6.073028034927474295e+01
3.531484304227490156e-01,2.048112431487517648e-01,2.176119458455486599e-01,3.752202073241709956e-01,8.574559403301804661e-01,6.063777386030394467e+01
3.480640879000159726e-01,2.004298382766799835e-01,2.129567031689726941e-01,3.698180933937670889e-01,8.610089360158795779e-01,6.053315462688262016e+01
3.477289410247572654e-01,1.983811497876495078e-01,2.107799716493777842e-01,3.694619998388044002e-01,8.634267572951628278e-01,6.037862913854810643e+01
3.457869666379139728e-01,1.961013308242175457e-01,2.083576640007313574e-01,3.673986520527836031e-01,8.656325935231817814e-01,6.022831854355163017e+01
3.441362202479333887e-01,1.941159208686630278e-01,2.062481659229544184e-01,3.656447340134292845e-01,8.675023572267727134e-01,6.002825649368907079e+01
3.418556879368431778e-01,1.931339198938542279e-01,2.052047898872202125e-01,3.632216684328959388e-01,8.683562748181740121e-01,5.981769268556305263e+01
3.394951298822218022e-01,1.918515214878848962e-01,2.038422415808778532e-01,3.607135754998606059e-01,8.687095233873400879e-01,5.964090601549351334e+01
3.370991825374788364e-01,1.899012088263463127e-01,2.017700343779929295e-01,3.581678814460712568e-01,8.685246545271130270e-01,5.951749905776701155e+01
3.321118626541711971e-01,1.898651075474090399e-01,2.017316767691220147e-01,3.528688540700571363e-01,8.677956177843474395e-01,5.944895545384667912e+01
3.269682591137315075e-01,1.905189029014751900e-01,2.024263343328174813e-01,3.474037753083398239e-01,8.666631094645133038e-01,5.938921989332851581e+01
3.229284919394653230e-01,1.906831015214958680e-01,2.026007953665895089e-01,3.431115226856819023e-01,8.654710312653191018e-01,5.933086201869292609e+01
3.199279417034816553e-01,1.900106728781892074e-01,2.018863399330760589e-01,3.399234380599495120e-01,8.642641453789632333e-01,5.927235540253992241e+01
3.169233802080348439e-01,1.888157769427225019e-01,2.006167630016426617e-01,3.367310914710370251e-01,8.628982099275437356e-01,5.921721200750256031e+01
3.144112604378101472e-01,1.870471068115023561e-01,1.987375509872213453e-01,3.340619642151734237e-01,8.614332292156112736e-01,5.916182786318768194e+01
3.131295637107105456e-01,1.833477758126121349e-01,1.948070118009004592e-01,3.327001614426301490e-01,8.602910942716234244e-01,5.912440354744640558e+01
3.136437896549634230e-01,1.797057809796916428e-01,1.909373922909223531e-01,3.332465265083986439e-01,8.590401605292289355e-01,5.917761604756412908e+01
3.162848267607244468e-01,1.767342895961176719e-01,1.877801826958751530e-01,3.360526284332696623e-01,8.568274748811374186e-01,5.926137234285021549e+01
3.193620628716123400e-01,1.726691712328122796e-01,1.834609944348630506e-01,3.393221918010881355e-01,8.545726189408739959e-01,5.937580579944602732e+01
3.219886752507245542e-01,1.674067084123950222e-01,1.778696276881698013e-01,3.421129674538949672e-01,8.519870926050169269e-01,5.945983944894431517e+01
3.264092838416220443e-01,1.613345753182859887e-01,1.714179862756788630e-01,3.468098640817234846e-01,8.493052276848188642e-01,5.957790876238374267e+01
3.313255937076685642e-01,1.549977998507887367e-01,1.646851623414631038e-01,3.520334433143977315e-01,8.466851770934827881e-01,5.961912019691709475e+01
3.363780462353523348e-01,1.502963711508488454e-01,1.596898943477768618e-01,3.574016741250618523e-01,8.450047005630835217e-01,5.963893061946516383e+01
3.427152155997242322e-01,1.462448582233678851e-01,1.553851618623284525e-01,3.641349165747067573e-01,8.439516048695855366e-01,5.972591775144711335e+01
3.458225347964700713e-01,1.437085270304723772e-01,1.526903099698768695e-01,3.674364432212494647e-01,8.429093135958377614e-01,5.982893730062381366e+01
3.473688622956456196e-01,1.418877363468407649e-01,1.507557198685184341e-01,3.690794161891235436e-01,8.419693645295067697e-01,5.995860965486638605e+01
3.485655680780649912e-01,1.407196916617077243e-01,1.495146723905646235e-01,3.703509160829442926e-01,8.414867092143898386e-01,6.013769424671274777e+01
3.489512036183128330e-01,1.391161257733436463e-01,1.478108836341776311e-01,3.707606538444573885e-01,8.410575045342834066e-01,6.038546178054318858e+01
3.492722140524135988e-01,1.372638493194419385e-01,1.458428399019070787e-01,3.711017274306893654e-01,8.407197999221558415e-01,6.060730920653767129e+01
3.477643961155280627e-01,1.354882305668097531e-01,1.439562449772354702e-01,3.694996708727489310e-01,8.401547064058202396e-01,6.083365950447840476e+01
3.447978759632310819e-01,1.341058055406022520e-01,1.424874183868899968e-01,3.663477432109333298e-01,8.388351973355296920e-01,6.103901548808912736e+01
3.412495446392620480e-01,1.329944091635624492e-01,1.413065597362850867e-01,3.625776411792159259e-01,8.373363810475940028e-01,6.122203653714133509e+01
3.375714559964747008e-01,1.321458189803596250e-01,1.404049326666320097e-01,3.586696719962543245e-01,8.359044390412733172e-01,6.137183599386759880e+01
3.337530271743316401e-01,1.315625103989697953e-01,1.397851672989055272e-01,3.546125913727274370e-01,8.344360990195615058e-01,6.152638764250811221e+01
3.297294226765447589e-01,1.311733648205818115e-01,1.393717001218681417e-01,3.503375115938288098e-01,8.329839817672233249e-01,6.168813841113792762e+01
3.255491953517583581e-01,1.308556532054489241e-01,1.390341315307893899e-01,3.458960200612430924e-01,8.313277973849865221e-01,6.183613848844418470e+01
3.211535136252921530e-01,1.308531487746066591e-01,1.390314705730194555e-01,3.412256082268727564e-01,8.297317172557563403e-01,6.199928805384418951e+01
3.173890745472990327e-01,1.308962374640532667e-01,1.390772523055565368e-01,3.372258917065051875e-01,8.283168064227032223e-01,6.214605678187501780e+01
3.142214152646309877e-01,1.309536761631805712e-01,1.391382809233793483e-01,3.338602537186706742e-01,8.271310178263973079e-01,6.228277736925666375e+01
3.123577043417760657e-01,1.306414600617355481e-01,1.388065513155939401e-01,3.318800608631370386e-01,8.264031019412861889e-01,6.237641063211872705e+01
3.090431452778073518e-01,1.310592724429158751e-01,1.392504769705981971e-01,3.283583418576703217e-01,8.254428546664406285e-01,6.251928149543265789e+01
3.065588479498952967e-01,1.315618722455393075e-01,1.397844892608856582e-01,3.257187759467636279e-01,8.249344696890528184e-01,6.261070723191163978e+01
3.041884638945573927e-01,1.317440717485552082e-01,1.399780762328399764e-01,3.232002428879672262e-01,8.249281222604174513e-01,6.254536582514139553e+01
3.014486307601890736e-01,1.319730256182258255e-01,1.402213397193649569e-01,3.202891701827006998e-01,8.249897180089422744e-01,6.239792707666675398e+01
2.988140820905921258e-01,1.323726464355968746e-01,1.406459368378216446e-01,3.174899622212540851e-01,8.253694633063154429e-01,6.226986018644839049e+01
2.964728215720746629e-01,1.328477287228147785e-01,1.411507117679908219e-01,3.150023729203291767e-01,8.258706655999408230e-01,6.215265203179220066e+01
2.946237812835978409e-01,1.333486057329481000e-01,1.416828935912574639e-01,3.130377676138225707e-01,8.265346512190485662e-01,6.204530019008770836e+01
2.926464517256890385e-01,1.340316344955797545e-01,1.424086116515535516e-01,3.109368549585445063e-01,8.272504202115539274e-01,6.194554505245453413e+01
2.924018450293717764e-01,1.346486245176194974e-01,1.430641635499707576e-01,3.106769603437074534e-01,8.285705181901207306e-01,6.189496066657116558e+01
2.948458984432194563e-01,1.346832541454481558e-01,1.431009575295386360e-01,3.132737670959210297e-01,8.296912331802140939e-01,6.186647513298407830e+01
2.972363883791214745e-01,1.347010723137511135e-01,1.431198893333606170e-01,3.158136626528166846e-01,8.309468727169093683e-01,6.186538474949205835e+01
2.990462878701698468e-01,1.345603168800061644e-01,1.429703366850065827e-01,3.177366808620555316e-01,8.320978503797459291e-01,6.188276624180203100e+01
3.005944714410006546e-01,1.343788998995771311e-01,1.427775811433006359e-01,3.193816259060632823e-01,8.333627080566424761e-01,6.191470783163268266e+01
3.033945236681918622e-01,1.346523768522810416e-01,1.430681504055485720e-01,3.223566813974539924e-01,8.354387962200148232e-01,6.195450166776127077e+01
3.041167060468137895e-01,1.350557413849128308e-01,1.434967252214699729e-01,3.231240001747394675e-01,8.371451909241897082e-01,6.198571214560070786e+01
3.039876952178954261e-01,1.371158587624936587e-01,1.456855999351494846e-01,3.229869261690138105e-01,8.385589420577633790e-01,6.200101404833445429e+01
3.042979144157120786e-01,1.393618465658138517e-01,1.480719619761772798e-01,3.233165340666941390e-01,8.397043475737983043e-01,6.200750962269909650e+01
3.045169829292670438e-01,1.416149378271120973e-01,1.504658714413066034e-01,3.235492943623464179e-01,8.405751186156239507e-01,6.201160541810963878e+01
3.031409817203590817e-01,1.451530148570392698e-01,1.542250782856043057e-01,3.220872930778815313e-01,8.414651780580264528e-01,6.200446452317792989e+01
3.006469068048472915e-01,1.505289472888410029e-01,1.599370064943936298e-01,3.194373384801501015e-01,8.427706752127023249e-01,6.201384550044315347e+01
2.995189030170549160e-01,1.563848402079188737e-01,1.661588927209137756e-01,3.182388344556208448e-01,8.445390555911848063e-01,6.203977730211876462e+01
3.026945365779339925e-01,1.597466863219773048e-01,1.697308542171009071e-01,3.216129451140548601e-01,8.470612418346216144e-01,6.207147290515253246e+01
3.086475251029983657e-01,1.593999449954317527e-01,1.693624415576462372e-01,3.279379954219356907e-01,8.504292874047768569e-01,6.209311141538415058e+01
3.153465790992087125e-01,1.594554425212707516e-01,1.694214076788500556e-01,3.350557402929091322e-01,8.536014900054338383e-01,6.210373946227581143e+01
3.193103470892913465e-01,1.618579902171882190e-01,1.719741146057625902e-01,3.392672437823720522e-01,8.564086611520549397e-01,6.210105020662697939e+01
3.240242509897998668e-01,1.651840393326507173e-01,1.755080417909414825e-01,3.442757666766624314e-01,8.586545238474526665e-01,6.211749204111094258e+01
3.280104192838666499e-01,1.692720138070147040e-01,1.798515146699532219e-01,3.485110704891084543e-01,8.603883021079032911e-01,6.205960555114371147e+01
3.313179458421320334e-01,1.737781707031625933e-01,1.846393063721103178e-01,3.520253174572653410e-01,8.616728316612244365e-01,6.199077828488820074e+01
3.363802484731302500e-01,1.783152943584993544e-01,1.894600002559055918e-01,3.574040140027008317e-01,8.630072464221608675e-01,6.203730470219658599e+01
3.431020386840795133e-01,1.830766028598519446e-01,1.945188905385927258e-01,3.645459161018346772e-01,8.639404394643261931e-01,6.207958732480300768e+01
3.509998166072755832e-01,1.870668805106581456e-01,1.987585605425742918e-01,3.729373051452305465e-01,8.644442563162578752e-01,6.209298312530374631e+01
3.541197670848431622e-01,1.887275481085469719e-01,2.005230198653311924e-01,3.762522525276457142e-01,8.651089798543344367e-01,6.201553159845144592e+01
3.548251551990686536e-01,1.898019337221784342e-01,2.016645545798144978e-01,3.770017273990104445e-01,8.654343610940776754e-01,6.184755134588402115e+01
3.516255939075701442e-01,1.879767785435122462e-01,1.997253272024817339e-01,3.736021935267932470e-01,8.664092805480788639e-01,6.170693840446998735e+01
3.486886437703473063e-01,1.853933884935098364e-01,1.969804752743540832e-01,3.704816840059940164e-01,8.668392024341596835e-01,6.158531994643539775e+01
3.483378450547363614e-01,1.841092325726336743e-01,1.956160596084233760e-01,3.701089603706572695e-01,8.662822615856943242e-01,6.149189925066643525e+01
3.505567455507376806e-01,1.839535365425044589e-01,1.954506325764110430e-01,3.724665421476588967e-01,8.650466697555155848e-01,6.141080594770949830e+01
3.576679036351229635e-01,1.834799643140574699e-01,1.949474620836859073e-01,3.800221476123179509e-01,8.641171653062841296e-01,6.134972019421323353e+01
3.657954584538057885e-01,1.824255247039399952e-01,1.938271199979360870e-01,3.886576746071687127e-01,8.631632716231765201e-01,6.130138347528203724e+01
3.711436613252844796e-01,1.807433098258137694e-01,1.920397666899271716e-01,3.943401401581146382e-01,8.622442232663179995e-01,6.125618323571569590e+01
3.712446805549957651e-01,1.796575403742029786e-01,1.908861366475906873e-01,3.944474730896828651e-01,8.619513102564341223e-01,6.123004304121970875e+01
3.675922635427744667e-01,1.800673800246167244e-01,1.913215912761552784e-01,3.905667800141978674e-01,8.613798952911099205e-01,6.122124989287399899e+01
3.623143660817844669e-01,1.808301144585822695e-01,1.921319966122437550e-01,3.849590139618961349e-01,8.607690707726287638e-01,6.122854000767675586e+01
3.570268368940767156e-01,1.821813956378662558e-01,1.935677328652326834e-01,3.793410141999567498e-01,8.598577288441473510e-01,6.124781755888135137e+01
3.535569614305923980e-01,1.840334106136064518e-01,1.955354987769568897e-01,3.756542715200043014e-01,8.582779572208878438e-01,6.129380727831940590e+01
3.514885268364142390e-01,1.843993669706577021e-01,1.959243274063239282e-01,3.734565597636901324e-01,8.570177554075026904e-01,6.134348252497886023e+01
3.503104692477512216e-01,1.833870383700107465e-01,1.948487282681365396e-01,3.722048735757356175e-01,8.562205174805388452e-01,6.142366340150329052e+01
3.485843846188419470e-01,1.815036654572008690e-01,1.928476445482759649e-01,3.703709086575196485e-01,8.557203968974216313e-01,6.149754271318604282e+01
3.463671498417285610e-01,1.785426640012358901e-01,1.897015805013130829e-01,3.680150967068367418e-01,8.552991320341726267e-01,6.156685890371714720e+01
3.437212220717583699e-01,1.748979934859858643e-01,1.858291180788601005e-01,3.652037984512432889e-01,8.545730990326645404e-01,6.167905508833706563e+01
3.408329565052629628e-01,1.706997269794869598e-01,1.813684599157050215e-01,3.621350162868420264e-01,8.536427911288005932e-01,6.178000970804712466e+01
3.385391447442831492e-01,1.666421441361129741e-01,1.770572781446199950e-01,3.596978412908007905e-01,8.521453206804352476e-01,6.192058055331069255e+01
3.367264028386774410e-01,1.624201073588779909e-01,1.725713640688078254e-01,3.577718030160949580e-01,8.503329003795815355e-01,6.206528840089259091e+01
3.367707869196315817e-01,1.580032210634481349e-01,1.678784223799134889e-01,3.578189611021088123e-01,8.488495596922841502e-01,6.227319734111576821e+01
3.359297790661583960e-01,1.533765064721612503e-01,1.629625381266713302e-01,3.569253902577932958e-01,8.473692634608577245e-01,6.248865507506647532e+01
3.373662251800184642e-01,1.489015149876097288e-01,1.582078596743353438e-01,3.584516142537694794e-01,8.457265908083234640e-01,6.269994620393948281e+01
3.377712350095268823e-01,1.461593061715307784e-01,1.552942628072514208e-01,3.588819371976221251e-01,8.443376824047317264e-01,6.282450711917250885e+01
3.338679294051667412e-01,1.466435017842299127e-01,1.558087206457444140e-01,3.547346749929894960e-01,8.445740220384948538e-01,6.294581527289441425e+01
3.241638845556712445e-01,1.484759078560059786e-01,1.577556520970062048e-01,3.444241273404007875e-01,8.459215991329167572e-01,6.304275826749394440e+01
3.184530266785531860e-01,1.483535417921319488e-01,1.576256381541402962e-01,3.383563408459624444e-01,8.461641931463456112e-01,6.302447384388150908e+01
3.146146680329520162e-01,1.486172465577828006e-01,1.579058244676442568e-01,3.342780847850114201e-01,8.466251238070564566e-01,6.299915701796999912e+01
3.111482169412987386e-01,1.493063565137493776e-01,1.586380037958587397e-01,3.305949805001296982e-01,8.472398894717458884e-01,6.295301190741177066e+01
3.110321893412616445e-01,1.507597095463407699e-01,1.601821913929869778e-01,3.304717011750906153e-01,8.480346210857724332e-01,6.288183484029623571e+01
3.120199935910389355e-01,1.520563964192770956e-01,1.615599211954818482e-01,3.315212431904788759e-01,8.487331561318056661e-01,6.283123087467369317e+01
3.124844119170951395e-01,1.539974489503161126e-01,1.636222895097109165e-01,3.320146876619137766e-01,8.498863565693868249e-01,6.280724437312955644e+01
3.131636568392945907e-01,1.558786588757895830e-01,1.656210750555264233e-01,3.327363853917503222e-01,8.509914496748808288e-01,6.276570485581561343e+01
3.145820219972446097e-01,1.579515897972516292e-01,1.678235641595798855e-01,3.342433983720724533e-01,8.518497233316439932e-01,6.272245807864306499e+01
3.150965359074747174e-01,1.610319620922245065e-01,1.710964597229885364e-01,3.347900694016916479e-01,8.530323519585950587e-01,6.264808718217236816e+01
3.159266337014934312e-01,1.640569835253837538e-01,1.743105449957201569e-01,3.356720483078372008e-01,8.542242953006464745e-01,6.256492688600283714e+01
3.161423743897033845e-01,1.671396388973196145e-01,1.775858663284021199e-01,3.359012727890597905e-01,8.555710248577977906e-01,6.246636296138385802e+01
3.158918191506914219e-01,1.701974859235117210e-01,1.808348287937310839e-01,3.356350578476096080e-01,8.569044286688155543e-01,6.239716164793692599e+01
3.135086394756683159e-01,1.726405186805020642e-01,1.834305510980334120e-01,3.331029294428974330e-01,8.579615262097227690e-01,6.233205760097386872e+01
3.137918637002874434e-01,1.733679097945648728e-01,1.842034041567250369e-01,3.334038551815554641e-01,8.586973287395333054e-01,6.224656873055742068e+01
3.146755435572061166e-01,1.723515284335989106e-01,1.831234989606989050e-01,3.343427650295315301e-01,8.590361116301549194e-01,6.214889473114131135e+01
3.160042040010335174e-01,1.710725840172028778e-01,1.817646205182779084e-01,3.357544667510979353e-01,8.590481740537853073e-01,6.205918802915875432e+01
3.175724016985078113e-01,1.701099109206808124e-01,1.807417803532233302e-01,3.374206768046645877e-01,8.589966108063826766e-01,6.197653548220598196e+01
3.171592349868682659e-01,1.706556965848846363e-01,1.813216776214400250e-01,3.369816871735474284e-01,8.603573814588874047e-01,6.191534498957180688e+01
3.159078923789057636e-01,1.713061004573593893e-01,1.820127317359443997e-01,3.356521356525871136e-01,8.634972506829915462e-01,6.184562176656941546e+01
3.151742353980901412e-01,1.725716699293101397e-01,1.833573992998920876e-01,3.348726251104706675e-01,8.667980133324720837e-01,6.177642383171372842e+01
3.168492284344271437e-01,1.741964245802526123e-01,1.850837011165183954e-01,3.366523052115785175e-01,8.701103345694022329e-01,6.169509498124482860e+01
3.200091527777210176e-01,1.736347192974218301e-01,1.844868892535107552e-01,3.400097248263284633e-01,8.736058716430755711e-01,6.157779430134620213e+01
3.236586120779177955e-01,1.724867126060768974e-01,1.832671321439566514e-01,3.438872753327875120e-01,8.762458911861620292e-01,6.145471821581991634e+01
3.268488848389926038e-01,1.706639077312134267e-01,1.813304019644143839e-01,3.472769401414294577e-01,8.782021802756941886e-01,6.134317451707921975e+01
3.295871536429266224e-01,1.694875432066935972e-01,1.800805146571120285e-01,3.501863507456094982e-01,8.790576807249333990e-01,6.128034924281234908e+01
3.303989119369704630e-01,1.698511420697658703e-01,1.804668384491261435e-01,3.510488439330309851e-01,8.786295905769133663e-01,6.122797544976596384e+01
3.318091715907321437e-01,1.708380761572256545e-01,1.815154559170522874e-01,3.525472448151529825e-01,8.779999702113236992e-01,6.117294385340900220e+01
3.343247085043788980e-01,1.700747207580442788e-01,1.807043908054220271e-01,3.552200027859022669e-01,8.769581004387287937e-01,6.114543046985517805e+01
3.343072846291200717e-01,1.706817109294429535e-01,1.813493178625331381e-01,3.552014899184401941e-01,8.757991788596127813e-01,6.107391656901640431e+01
3.344856617657746556e-01,1.699832623142580601e-01,1.806072162088992461e-01,3.553910156261355091e-01,8.746423748698235467e-01,6.095407365919135145e+01
3.375237224868478658e-01,1.682031758087428885e-01,1.787158742967892289e-01,3.586189551422758748e-01,8.735331462564797089e-01,6.084773127460253761e+01
3.396909113523456925e-01,1.669155607631937210e-01,1.773477833108932922e-01,3.609215933118673503e-01,8.722744955494458052e-01,6.074620816392969402e+01
3.420499582225466351e-01,1.651781613631250478e-01,1.755017964483204240e-01,3.634280806114558171e-01,8.707687736312155202e-01,6.065795105646979835e+01
3.453248373481464517e-01,1.624106333161578486e-01,1.725612978984176760e-01,3.669076396824055841e-01,8.693170831758224582e-01,6.065291679148297987e+01
3.490993366886149807e-01,1.596498150386259640e-01,1.696279284785402464e-01,3.709180452316532817e-01,8.675971309059873349e-01,6.067280130729656662e+01
3.525337339093518318e-01,1.569262176954798749e-01,1.667341063014473046e-01,3.745670922786864532e-01,8.654835762889163675e-01,6.069986873273271044e+01
3.550673507857091682e-01,1.540543396057264258e-01,1.636827358310844471e-01,3.772590602098159218e-01,8.628558293036501237e-01,6.070370007935246548e+01
3.562315829528243105e-01,1.530674346378237960e-01,1.626341493026879081e-01,3.784960568873760867e-01,8.589198839722773648e-01,6.073795055446696267e+01
3.577290852434820145e-01,1.524873742470480853e-01,1.620178351374886305e-01,3.800871530711992796e-01,8.544847524279608475e-01,6.083024127415109206e+01
3.595209469030489213e-01,1.517393748664896957e-01,1.612230857956453156e-01,3.819910060844894928e-01,8.505533279741505082e-01,6.086038984894295822e+01
3.613825559018977174e-01,1.497510001157053849e-01,1.591104376229369732e-01,3.839689656457663802e-01,8.470363964306582005e-01,6.081120547328705328e+01
3.641801178493764835e-01,1.472548033831456993e-01,1.564582285945924633e-01,3.869413752149625241e-01,8.439817935827772510e-01,6.070840302268742761e+01
3.688463441138172261e-01,1.444435144947751049e-01,1.534712341506985489e-01,3.918992406209307333e-01,8.416351494682244860e-01,6.069052796453615883e+01
3.722285946403171564e-01,1.417305209386965636e-01,1.505886784973651527e-01,3.954928818053369821e-01,8.394783527399034551e-01,6.072346527837463270e+01
3.738167661687217258e-01,1.393134634158786911e-01,1.480205548793711023e-01,3.971803140542670696e-01,8.376475111761864101e-01,6.079214500037708291e+01
3.683954214890167167e-01,1.382271359469497696e-01,1.468663319436341874e-01,3.914201353320800880e-01,8.362892817811218293e-01,6.095078493483584481e+01
3.686648199842690876e-01,1.362946879809540657e-01,1.448131059797638787e-01,3.917063712332856662e-01,8.348114679641580604e-01,6.111269800086228798e+01
3.674687967642679132e-01,1.347433828041669501e-01,1.431648442294273238e-01,3.904355965620345259e-01,8.334777243959456960e-01,6.130836617204901984e+01
3.645852458586381628e-01,1.335496942026115075e-01,1.418965500902747423e-01,3.873718237248030549e-01,8.321536958892071789e-01,6.153010861003816245e+01
3.605627527213425276e-01,1.326192079361988851e-01,1.409079084322113484e-01,3.830979247664262899e-01,8.310447575516491936e-01,6.175067211184515514e+01
3.558879764693017034e-01,1.318550845256410420e-01,1.400960273084935759e-01,3.781309749986332958e-01,8.299754428804783091e-01,6.196645976111651066e+01
3.512167289158155681e-01,1.310453384264988475e-01,1.392356720781550705e-01,3.731677744730541590e-01,8.275251369344015506e-01,6.207736013046336154e+01
3.457909147445615838e-01,1.304385736275640029e-01,1.385909844792866941e-01,3.674028469160963706e-01,8.249251859547436228e-01,6.218677248418838843e+01
3.394791296061391295e-01,1.300057570087970737e-01,1.381311168218469776e-01,3.606965752065229847e-01,8.222674963390335101e-01,6.229801504766169984e+01
3.318643232573579849e-01,1.298679972217411660e-01,1.379847470480998761e-01,3.526058434609429804e-01,8.194924626764883424e-01,6.241253047653003705e+01
3.229190618263810819e-01,1.300988004972435386e-01,1.382299755283213361e-01,3.431015031905298995e-01,8.165069212794531239e-01,6.253125782637925312e+01
3.134759756046084922e-01,1.302112720838460858e-01,1.383494765890863620e-01,3.330682240798965021e-01,8.134440022485831534e-01,6.264702924231281855e+01
3.038571947380034333e-01,1.303277284014982274e-01,1.384732114265918301e-01,3.228482694091285854e-01,8.103913818118693158e-01,6.277437985356819183e+01
2.969643557988889127e-01,1.315437148306082271e-01,1.397651970075213523e-01,3.155246280363195877e-01,8.080815988500684721e-01,6.294895733041763464e+01
2.921052384240522826e-01,1.329369221167977233e-01,1.412454797490975411e-01,3.103618158255556647e-01,8.064403760880860528e-01,6.310886675098288379e+01
2.899509405931204320e-01,1.332701315439890066e-01,1.415995147654883490e-01,3.080728743801900982e-01,8.057618942039509458e-01,6.316954309612781771e+01
2.883920455138990757e-01,1.335024917667569644e-01,1.418463975021793944e-01,3.064165483585176708e-01,8.053770438535654552e-01,6.320846979493822460e+01
2.868842041107012020e-01,1.338105773447822999e-01,1.421737384288312145e-01,3.048144668676200930e-01,8.051420847221580912e-01,6.323260734258253279e+01
2.857564516820778056e-01,1.341429399479792117e-01,1.425268736947279125e-01,3.036162299122075470e-01,8.050786384862731460e-01,6.324544848521706797e+01
2.824880248100032909e-01,1.362341706827427668e-01,1.447488063504142330e-01,3.001435263606286319e-01,8.059752207756307740e-01,6.326718973209940344e+01
2.763195694376917588e-01,1.396267228331052601e-01,1.483533930101743059e-01,2.935895425275474313e-01,8.084161275424521786e-01,6.323524661801659619e+01
2.741816074993871921e-01,1.419758155650121811e-01,1.508493040378254268e-01,2.913179579680989506e-01,8.141755245092582305e-01,6.317890446937325777e+01
2.722498275770687814e-01,1.444611207987530344e-01,1.534899408486750383e-01,2.892654418006355144e-01,8.159552912383589707e-01,6.307324919400662822e+01
2.766518523370892768e-01,1.443242753595249672e-01,1.533445425694951736e-01,2.939425931081574017e-01,8.185211230957325501e-01,6.305364576227712092e+01
2.823206059974994186e-01,1.436749409753863560e-01,1.526546247863480588e-01,2.999656438723427021e-01,8.208559712342520243e-01,6.299896243167464149e+01
2.876555079602633458e-01,1.430883351368904544e-01,1.520313560829461286e-01,3.056339772077799610e-01,8.223558520488565282e-01,6.291635162249434643e+01
2.933228504279853932e-01,1.422847267591619280e-01,1.511775221816095693e-01,3.116555285797347197e-01,8.237618288939365652e-01,6.284115492376536594e+01
2.999112188759276432e-01,1.411789250536260587e-01,1.500026078694777498e-01,3.186556700556730792e-01,8.253661323949625928e-01,6.276537196601552182e+01
3.086939411170200320e-01,1.389770854105022713e-01,1.476631532486587239e-01,3.279873124368337667e-01,8.273927848101587657e-01,6.271378143137248173e+01
3.168424049772685103e-01,1.369743270747257602e-01,1.455352225168962399e-01,3.366450552883478164e-01,8.292050454205980303e-01,6.267755924444126236e+01
3.228274504286935409e-01,1.356670143035894616e-01,1.441462026975639521e-01,3.430041660804869497e-01,8.305019543563579854e-01,6.265392289797095060e+01
3.290610741360016633e-01,1.369103084658654379e-01,1.454672027449818716e-01,3.496273912695017638e-01,8.320882864651978350e-01,6.264936981337231714e+01
3.334765391448232807e-01,1.394040427137006599e-01,1.481167953833069650e-01,3.543188228413746144e-01,8.340598970320882710e-01,6.264382393210002675e+01
3.366651251910931508e-01,1.426862103329824827e-01,1.516040984787938584e-01,3.577066955155363548e-01,8.356711405780747892e-01,6.261873522170825623e+01
3.415084727338496551e-01,1.473152173728773384e-01,1.565224184586821721e-01,3.628527522797155291e-01,8.368537279272036944e-01,6.258282064305630144e+01
3.478142350423371609e-01,1.523297291151476940e-01,1.618503371848444283e-01,3.695526247324832925e-01,8.378491167473688384e-01,6.256574495342851350e+01
3.542371464178305507e-01,1.573010546210638905e-01,1.671323705348805033e-01,3.763769680689448838e-01,8.389741751968549099e-01,6.254792432899351695e+01
3.631980430626415846e-01,1.605685002972473685e-01,1.706040315658252371e-01,3.858979207540566558e-01,8.400818478245384302e-01,6.252967663019003197e+01
3.727642331375609630e-01,1.628767375825183050e-01,1.730565336814257338e-01,3.960619977086586863e-01,8.415350789914003427e-01,6.251683863972392885e+01
3.813746576497044627e-01,1.658570712153367432e-01,1.762231381662952012e-01,4.052105737528110541e-01,8.429001216876363944e-01,6.249111708455039604e+01
3.880641049158520262e-01,1.695991085197867676e-01,1.801990528022734406e-01,4.123181114730928853e-01,8.447558927331795253e-01,6.238124973734164058e+01
3.933088740343353429e-01,1.738496021324588692e-01,1.847152022657375103e-01,4.178906786614812741e-01,8.458317004611382028e-01,6.220599028763741245e+01
3.973466084620063676e-01,1.786716397205344586e-01,1.898386172030680219e-01,4.221807714908821230e-01,8.478625958719615552e-01,6.207852276823383164e+01
4.005312700913657986e-01,1.831484026024697009e-01,1.945951777651240555e-01,4.255644744720764594e-01,8.498791316513778504e-01,6.197887740452878091e+01
4.022603745292930300e-01,1.858363633284976224e-01,1.974511360365287238e-01,4.274016479373737853e-01,8.518776941131362967e-01,6.189464699248686230e+01
4.027801165655261473e-01,1.865770375736131859e-01,1.982381024219641297e-01,4.279538738508715245e-01,8.542214935814095300e-01,6.188076146185695592e+01
4.028892866961872876e-01,1.873568011297984393e-01,1.990666012004108365e-01,4.280698671146992984e-01,8.565415964953280170e-01,6.183755163379146325e+01
4.043832046757556697e-01,1.890461781767232285e-01,2.008615643127683315e-01,4.296571549679903956e-01,8.584879259281713582e-01,6.177505569443564326e+01
4.071474795375888966e-01,1.904945969727626365e-01,2.024005092835602648e-01,4.325941970086885080e-01,8.598609194634716513e-01,6.171103187556493452e+01
4.091861322133281131e-01,1.917419405540826960e-01,2.037258118387128558e-01,4.347602654766611341e-01,8.605048489973349257e-01,6.165284348333080544e+01
4.087106829274828046e-01,1.929384451997443184e-01,2.049970980247284302e-01,4.342551006104504174e-01,8.613901365203640026e-01,6.163069683324335557e+01
4.028866241553010208e-01,1.942555125480020795e-01,2.063964820822520863e-01,4.280670381650070189e-01,8.621081817551663473e-01,6.164345668747606766e+01
3.935084706827781664e-01,1.955429923962593020e-01,2.077644294210256315e-01,4.181027501004515035e-01,8.622126491590860198e-01,6.168522046832431727e+01
3.884343555632660538e-01,1.967560832121013348e-01,2.090533384128576144e-01,4.127115027859700747e-01,8.613806011523666983e-01,6.172672729564586547e+01
3.899676327444456247e-01,1.987842334511127906e-01,2.112082480418071562e-01,4.143406097909735353e-01,8.600475745795043148e-01,6.175607997002248339e+01
3.919432414918068708e-01,2.000639201292458424e-01,2.125679151373236486e-01,4.164396940850446094e-01,8.584845051274409000e-01,6.174298546270354393e+01
3.924303333565120067e-01,2.012196544615849070e-01,2.137958828654340226e-01,4.169572291912942430e-01,8.564202570098964351e-01,6.165526330201326743e+01
3.900308716826670907e-01,2.039642034021764971e-01,2.167119661148124987e-01,4.144078011628337666e-01,8.536418121279939486e-01,6.158121789177516803e+01
3.839724461121858945e-01,2.080830130484568052e-01,2.210882013639853538e-01,4.079707239941975372e-01,8.502701302507892356e-01,6.150971923090584426e+01
3.775177460668615592e-01,2.118285621285913856e-01,2.250678472616283177e-01,4.011126051960403616e-01,8.464289059235541313e-01,6.150773981150275205e+01
3.697115045041590720e-01,2.146898097619891754e-01,2.281079228721134555e-01,3.928184735356690105e-01,8.427570916184354832e-01,6.159208232664456517e+01
3.591279672154100155e-01,2.168921755830219844e-01,2.304479365569608307e-01,3.815734651663730825e-01,8.389236101704681259e-01,6.156231372881830310e+01
3.498487541730217476e-01,2.179309972794051531e-01,2.315516846093678693e-01,3.717143013088354819e-01,8.358126237505433265e-01,6.151914436643535566e+01
3.421911183134774825e-01,2.179227648173230059e-01,2.315429376184056642e-01,3.635780632080700681e-01,8.333154514967962001e-01,6.152288677674974338e+01
3.353324938986282922e-01,2.173923688446987579e-01,2.309793918974923366e-01,3.562907747672925951e-01,8.311976586419472790e-01,6.157990801611902043e+01
3.278256930035438610e-01,2.170880263149255751e-01,2.306560279596082397e-01,3.483147988162655917e-01,8.287021861650102350e-01,6.165582908097098880e+01
3.204142336335236152e-01,2.163825464301046553e-01,2.299064555819860523e-01,3.404401232356188967e-01,8.263408946742680783e-01,6.175182223652740987e+01
3.125889335704000183e-01,2.144957354650782466e-01,2.279017189316457359e-01,3.321257419185500992e-01,8.248077304573874224e-01,6.184017805254273270e+01
3.054938503338736067e-01,2.117949903555557956e-01,2.250321772527781872e-01,3.245872159797404954e-01,8.233903264925023224e-01,6.192215633707840539e+01
2.995868689500884585e-01,2.091204712630518880e-01,2.221905007169927837e-01,3.183110482594690427e-01,8.215108450292910591e-01,6.204201263086905271e+01
2.961042395834185825e-01,2.062198706725394404e-01,2.191086125895730929e-01,3.146107545573822994e-01,8.195932033016410934e-01,6.224178227895768600e+01
2.953461670155050900e-01,2.034341422215497353e-01,2.161487761103966232e-01,3.138053024539744773e-01,8.175018170021073338e-01,6.246465649724849811e+01
2.953258044993380405e-01,2.005897245387380512e-01,2.131265823224088862e-01,3.137836672805469074e-01,8.151152131289474134e-01,6.269235487647024030e+01
2.963486911636927235e-01,1.978565077924540339e-01,2.102225395294824717e-01,3.148704843614237858e-01,8.126997967366010878e-01,6.290716290167534908e+01
2.985867823620468875e-01,1.948893465721591167e-01,2.070699307329190997e-01,3.172484562596746271e-01,8.105038514928708526e-01,6.308419327576811497e+01
3.013230948543516585e-01,1.925276553896899390e-01,2.045606338515455203e-01,3.201557882827486545e-01,8.085252639382192186e-01,6.320450308223951907e+01
3.034383566002469834e-01,1.908513588145794859e-01,2.027795687404905789e-01,3.224032538877626974e-01,8.069555276973909841e-01,6.329730613533202188e+01
3.037246025245523007e-01,1.906264453221215016e-01,2.025405981547541701e-01,3.227073901823364621e-01,8.066960274741770132e-01,6.335550036430434773e+01
3.034152662447776039e-01,1.910500094184784392e-01,2.029906350071333798e-01,3.223787203850761451e-01,8.071604734231286882e-01,6.338149998335050839e+01
3.032310093933025530e-01,1.919573076790337118e-01,2.039546394089732928e-01,3.221829474803838966e-01,8.078484341231541022e-01,6.338129159472706675e+01
3.032009188384306442e-01,1.929557104000263479e-01,2.050154423000280224e-01,3.221509762658325005e-01,8.085212592762461847e-01,6.334329162404044666e+01
3.033830112813057922e-01,1.941972136124434922e-01,2.063345394632212226e-01,3.223444494863874077e-01,8.093056628051118473e-01,6.328819766920154422e+01
3.035435956350116538e-01,1.961874303839487299e-01,2.084491447829455169e-01,3.225150703621997295e-01,8.104243041600310837e-01,6.324069466434603015e+01
3.055197683181638535e-01,1.979508313034368527e-01,2.103227582599016265e-01,3.246147538380492192e-01,8.112439166275431379e-01,6.315688983503004295e+01
3.077658676896283252e-01,2.000221282574496939e-01,2.125235112735402720e-01,3.270012344202301580e-01,8.120026518677504468e-01,6.308933372833605091e+01
3.104429476751255357e-01,2.018709273020723727e-01,2.144878602584519567e-01,3.298456319048208574e-01,8.130044363366379923e-01,6.298684856714030644e+01
3.129171022026558391e-01,2.036855730088669991e-01,2.164159213219210010e-01,3.324744210903217700e-01,8.142253984341399908e-01,6.285980331288290301e+01
3.148129663136801093e-01,2.057474307146093528e-01,2.186066451342724981e-01,3.344887767082852514e-01,8.154160159308999622e-01,6.270493288415093502e+01
3.178139068000335743e-01,2.075262613316320170e-01,2.204966526648589886e-01,3.376772759750354957e-01,8.184116398517141677e-01,6.255801602279287721e+01
3.224768213294287311e-01,2.082449459797038049e-01,2.212602551034353326e-01,3.426316226625178429e-01,8.235051506600360449e-01,6.239952470507788007e+01
3.261785764420301881e-01,2.082566862630009785e-01,2.212727291544386021e-01,3.465647374696569916e-01,8.281275992653240881e-01,6.227608358790184440e+01
3.299933178895674279e-01,2.085709613486447234e-01,2.216066464329349839e-01,3.506179002576654269e-01,8.327340199931353437e-01,6.217179920293396833e+01
3.363901342371803382e-01,2.095880792776998180e-01,2.226873342325559613e-01,3.574145176270039914e-01,8.376501929502112587e-01,6.204295242685624601e+01
3.417869576276679755e-01,2.109269847738032277e-01,2.241099213221658670e-01,3.631486424793972101e-01,8.422766489236919174e-01,6.190013598930462990e+01
3.475263878740163515e-01,2.124011850893821607e-01,2.256762591574686116e-01,3.692467871161420612e-01,8.466626995212078732e-01,6.176017057831993640e+01
3.496464744863250762e-01,2.110496277471987092e-01,2.242402294813985453e-01,3.714993791417204871e-01,8.512915273203253141e-01,6.159283477154737341e+01
3.501650028736570941e-01,2.084231765605559505e-01,2.214496250955906853e-01,3.720503155532606798e-01,8.561271888527469676e-01,6.147482230449649876e+01
3.501056546684543358e-01,2.023986905794301350e-01,2.150486087406444091e-01,3.719872580852329191e-01,8.611417460932341283e-01,6.136744666643662782e+01
3.490702396999589840e-01,1.981717294396394269e-01,2.105574625296167679e-01,3.708871296812065177e-01,8.646306587739148730e-01,6.120006359769698179e+01
3.477974935354103958e-01,1.951162862459699665e-01,2.073110541363432091e-01,3.695348368813735629e-01,8.667933023123504110e-01,6.104166227289108093e+01
3.464361980832654231e-01,1.928661303522012926e-01,2.049202634992139949e-01,3.680884604634694357e-01,8.685587736002581272e-01,6.086217195991124385e+01
3.472835435403106019e-01,1.904261494197116711e-01,2.023277837584436800e-01,3.689887650115800111e-01,8.696929563765020132e-01,6.074206438046446976e+01
3.468126440411232192e-01,1.902596424765205518e-01,2.021508701313032286e-01,3.684884342936936008e-01,8.695749962158423330e-01,6.067201469685908677e+01
3.462904684973627800e-01,1.904591001745544465e-01,2.023627939354641636e-01,3.679336227784479885e-01,8.690307282108503673e-01,6.061071275327729779e+01
3.468711667604019167e-01,1.899225263066699754e-01,2.017926842008367638e-01,3.685506146829269913e-01,8.683555010342555169e-01,6.056384355401883113e+01
3.469918998686589706e-01,1.879402748816631219e-01,1.996865420617670028e-01,3.686788936104499204e-01,8.676332210506111364e-01,6.051902794910609629e+01
3.465192457528029069e-01,1.847928566698271990e-01,1.963424102116914649e-01,3.681766986123529706e-01,8.668890042837550380e-01,6.045331030497208502e+01
3.455009339863505669e-01,1.806903837457173034e-01,1.919835327298245742e-01,3.670947423604974946e-01,8.659556820019665979e-01,6.038122897029178660e+01
3.447014960838870601e-01,1.756284357900095849e-01,1.866052130268850973e-01,3.662453395891299701e-01,8.651460556533456803e-01,6.030538631855304033e+01
3.431352105210944137e-01,1.719590086849878963e-01,1.827064467277997040e-01,3.645811611786624606e-01,8.641605297358707638e-01,6.027821196949660276e+01
3.437577830835809589e-01,1.689526255138320554e-01,1.795121646084466005e-01,3.652426445263046717e-01,8.628071053516199740e-01,6.028574566610781460e+01
3.480999129445239704e-01,1.646040008783608011e-01,1.748917509332585662e-01,3.698561575035568261e-01,8.612394465815021993e-01,6.032410941591837883e+01
3.535545345848680743e-01,1.592464053429548110e-01,1.691993056768893999e-01,3.756516929964220375e-01,8.596035707918852076e-01,6.037081106059505231e+01
3.572174980786976817e-01,1.542186663119402557e-01,1.638573329564364522e-01,3.795435917086162902e-01,8.582549602972290304e-01,6.042577251827042062e+01
3.605135485573232046e-01,1.501689960208221486e-01,1.595545582721236699e-01,3.830456453421557383e-01,8.565538636592358035e-01,6.051587867432944279e+01
3.676317347432963012e-01,1.462829621971954430e-01,1.554256473345201062e-01,3.906087181647522888e-01,8.545988462209790359e-01,6.057315857126855008e+01
3.720506408837343515e-01,1.429462903192603440e-01,1.518804334642142317e-01,3.953038059389676340e-01,8.527591424557398048e-01,6.068678101671304148e+01
3.765982177924396823e-01,1.386785179556594416e-01,1.473459253278882053e-01,4.001356064044671035e-01,8.508226362370407969e-01,6.079503693504218376e+01
3.774976878886137643e-01,1.358823377890697459e-01,1.443749839008866276e-01,4.010912933816521142e-01,8.488876957013041791e-01,6.095271646660113873e+01
3.805580794152728097e-01,1.331082722972753984e-01,1.414275393158551941e-01,4.043429593787275511e-01,8.473039985826289477e-01,6.111346903402202457e+01
3.828145416068640117e-01,1.310760388779178276e-01,1.392682913077876172e-01,4.067404504572931234e-01,8.457714116690978612e-01,6.128130570056017490e+01
3.832724773582332212e-01,1.295536818233704313e-01,1.376507869373310988e-01,4.072270071931226032e-01,8.439155162355835849e-01,6.144565365080675434e+01
3.826654531331520892e-01,1.281966596036033246e-01,1.362089508288286399e-01,4.065820439539741260e-01,8.419463858541036405e-01,6.161269142409935284e+01
3.814468159222466626e-01,1.269886516194024817e-01,1.349254423456149876e-01,4.052872419173870200e-01,8.393466047601471081e-01,6.170791014106493577e+01
3.790218043822404237e-01,1.262270831442746100e-01,1.341162758407918043e-01,4.027106671561303530e-01,8.365890901913490829e-01,6.180650019701225517e+01
3.757224293276027471e-01,1.256666574224450383e-01,1.335208235113478914e-01,3.992050811605776794e-01,8.338232507771876634e-01,6.190547941115079311e+01
3.716236766883467268e-01,1.253467732728307527e-01,1.331809466023827493e-01,3.948501564813684528e-01,8.310001126469166444e-01,6.200499275147833345e+01
3.664121604589176684e-01,1.251288022318606252e-01,1.329493523713521086e-01,3.893129204875999672e-01,8.281176090813795465e-01,6.210546238170972799e+01
3.603130865560674745e-01,1.250399188732381484e-01,1.328549138028156662e-01,3.828326544658218755e-01,8.250177182923315033e-01,6.221018016464603306e+01
3.529182657026494474e-01,1.253309895381951033e-01,1.331641763843322834e-01,3.749756573090648470e-01,8.216875549020188352e-01,6.231412449983832147e+01
3.436136946605493625e-01,1.259779246822830545e-01,1.338515449749257957e-01,3.650895505768335658e-01,8.182755422768132059e-01,6.242587006616427203e+01
3.360227777532892035e-01,1.283411860882234246e-01,1.363625102187374372e-01,3.570242013628696642e-01,8.152282329718978371e-01,6.253966714951315709e+01
3.289858463879740125e-01,1.316693443230131655e-01,1.398986783432016878e-01,3.495474617872222911e-01,8.133941042056799242e-01,6.276840420422377775e+01
3.235853309822548929e-01,1.347066401637385391e-01,1.431258051739722204e-01,3.438094141686457994e-01,8.142142749595708828e-01,6.301747698379865170e+01
3.195397626417597059e-01,1.377172303962075628e-01,1.463245572959705199e-01,3.395109978068698853e-01,8.144809285637020224e-01,6.302251390478381410e+01
3.160275951928711025e-01,1.399931021274103404e-01,1.487426710103734451e-01,3.357793198924255429e-01,8.139699552096935076e-01,6.293884882062858566e+01
3.134253380727682892e-01,1.414828423300904803e-01,1.503255199757210780e-01,3.330144217023164321e-01,8.133076908710953346e-01,6.280506605240289275e+01
3.109487468693127865e-01,1.432462519847231830e-01,1.521991427337684444e-01,3.303830435486448391e-01,8.127933989725775188e-01,6.266572596216361291e+01
3.085365631921923590e-01,1.450902405258024663e-01,1.541583805586651257e-01,3.278200983917042288e-01,8.123535765678550069e-01,6.253053536422556391e+01
3.071996987584068584e-01,1.465077341278442635e-01,1.556644675108345421e-01,3.263996799308070962e-01,8.122467289736371443e-01,6.242652413561622637e+01
3.072890120639122924e-01,1.472746941452222902e-01,1.564793625292987544e-01,3.264945753179065990e-01,8.122793915931442177e-01,6.240453059957035009e+01
3.084455266365993542e-01,1.479847575526251069e-01,1.572338048996642368e-01,3.277233720513869075e-01,8.126941845294142208e-01,6.239320601179500869e+01
3.099621523346506313e-01,1.493685306121902145e-01,1.587040637754521533e-01,3.293347868555659974e-01,8.138634916749011294e-01,6.235708362916592762e+01
3.137435551065273498e-01,1.489736924003348117e-01,1.582845481753557271e-01,3.333525273006854306e-01,8.152144149459732425e-01,6.231683046395254166e+01
3.166275423074718098e-01,1.490197415253782243e-01,1.583334753707142939e-01,3.364167637016886592e-01,8.162296361837299008e-01,6.223463065759212753e+01
3.193942570026051531e-01,1.493495464792883032e-01,1.586838931342438308e-01,3.393563980652679057e-01,8.171849320592121657e-01,6.215473947575138425e+01
3.206404363490885645e-01,1.501402301707263076e-01,1.595239945563967088e-01,3.406804636209069259e-01,8.177352338826832101e-01,6.211639750082878919e+01
3.238327387546216518e-01,1.497812336385337117e-01,1.591425607409420184e-01,3.440722849267857097e-01,8.184970520318851639e-01,6.209632325941971942e+01
3.264053168767235280e-01,1.495492451973040871e-01,1.588960730221355977e-01,3.468056491815185716e-01,8.190965258239791824e-01,6.207270438632401266e+01
3.281283253692093838e-01,1.496984416854598432e-01,1.590545942908011268e-01,3.486363457047849668e-01,8.196843320400257760e-01,6.205759895380167990e+01
3.299883888677614951e-01,1.497054168345217096e-01,1.590620053866794170e-01,3.506126631719964637e-01,8.203434975580684574e-01,6.205180239866709258e+01
3.316274619957451097e-01,1.497930749505590742e-01,1.591551421349690076e-01,3.523541783704791097e-01,8.210571430034880880e-01,6.204906350745589805e+01
3.302628721680697099e-01,1.508605480154217582e-01,1.602893322663855591e-01,3.509043016785740043e-01,8.222239894036957875e-01,6.201826251133159218e+01
3.306287326311146968e-01,1.551990884368390222e-01,1.648990314641415877e-01,3.512930284205594278e-01,8.241133582202719854e-01,6.197732219535996023e+01
3.304380415504755697e-01,1.594936806940525642e-01,1.694620357374308772e-01,3.510904191473802616e-01,8.256669194065786588e-01,6.193199591826621031e+01
3.294629200380728151e-01,1.642448538328447338e-01,1.745101571973977084e-01,3.500543525404523071e-01,8.266292257733325322e-01,6.189606844821350506e+01
3.295041021151561278e-01,1.702648126679473517e-01,1.809063634596941861e-01,3.500981084973533997e-01,8.269544015241119261e-01,6.184054112545889836e+01
3.307629086178249245e-01,1.773477865791463215e-01,1.884320232403429440e-01,3.514355904064390135e-01,8.273459623579253464e-01,6.178473865421229760e+01
3.319700062562380705e-01,1.800243646951579235e-01,1.912758874886053839e-01,3.527181316472529082e-01,8.309890788937479567e-01,6.171618897886668265e+01
3.312020443248767654e-01,1.814549699398856908e-01,1.927959055611286332e-01,3.519021720951812648e-01,8.357388680988592222e-01,6.156741730279945557e+01
3.341748442298058119e-01,1.801362766213598365e-01,1.913947939101948437e-01,3.550607719941685780e-01,8.406066223812747040e-01,6.133941371841117274e+01
3.371065081583761169e-01,1.768924253062248986e-01,1.879482018878639860e-01,3.581756649182746277e-01,8.458607363714626404e-01,6.106859748792304288e+01
3.387323639940117426e-01,1.739889343877063232e-01,1.848632427869379147e-01,3.599031367436376083e-01,8.508915107352885698e-01,6.078672526407965648e+01
3.397544208411436562e-01,1.713723858348831786e-01,1.820831599495633946e-01,3.609890721437150618e-01,8.556061570038919761e-01,6.051073363840963282e+01
3.425588128159183787e-01,1.707985724707181407e-01,1.814734832501378459e-01,3.639687386169130900e-01,8.601983328532148976e-01,6.032336516159858775e+01
3.488615851877102658e-01,1.718231320531551920e-01,1.825620778064775684e-01,3.706654342619422615e-01,8.643279143782768292e-01,6.020220559082643064e+01
3.583438144682312143e-01,1.736369647808291006e-01,1.844892750796309211e-01,3.807403028724958283e-01,8.679919505067101859e-01,6.006341962358114728e+01
3.657208739932810704e-01,1.734689454479545201e-01,1.843107545384516377e-01,3.885784286178611269e-01,8.714578135160018224e-01,5.997828275786999086e+01
3.699397544187529863e-01,1.733257348684063837e-01,1.841585932976817219e-01,3.930609890699249265e-01,8.737989428359351773e-01,5.995768711476031854e+01
3.718531376782680531e-01,1.742044184852536981e-01,1.850921946405822138e-01,3.950939587831597821e-01,8.752269999741272288e-01,5.996693017376855295e+01
3.726361458429317541e-01,1.756967491365533374e-01,1.866777959575880441e-01,3.959259049581148604e-01,8.760021428595712312e-01,5.999683312352880904e+01
3.717567952159555600e-01,1.769830337175534174e-01,1.880444733249005684e-01,3.949915949169529594e-01,8.761951702922406993e-01,6.004188793395429258e+01
3.698515152464553757e-01,1.777081285894940299e-01,1.888148866263373860e-01,3.929672349493587014e-01,8.758280750850893082e-01,6.008936558067331646e+01
3.680888161420288740e-01,1.782964634616460153e-01,1.894399924279988601e-01,3.910943671509056196e-01,8.751295142349198031e-01,6.008166289342422317e+01
3.660998384030000885e-01,1.787133706468276573e-01,1.898829563122543529e-01,3.889810783031877328e-01,8.741152939749281536e-01,6.005953564368927999e+01
3.628829393268416248e-01,1.815463046478097420e-01,1.928929486882977884e-01,3.855631230347690286e-01,8.723267661319286104e-01,6.002565922418085620e+01
3.593050931077327870e-01,1.863184309245862202e-01,1.979633328573728313e-01,3.817616614269660480e-01,8.700473578084179094e-01,6.001341722250189292e+01
3.556781978270217026e-01,1.898095190213014150e-01,2.016726139601327239e-01,3.779080851912104411e-01,8.675204865142543964e-01,6.002249068344983129e+01
3.529150848258552076e-01,1.921135718318264241e-01,2.041206700713155409e-01,3.749722776274711511e-01,8.658572107250487315e-01,6.002510688699642571e+01
3.522701610390554516e-01,1.944585621802310815e-01,2.066122223164955918e-01,3.742870461039965457e-01,8.643095435231294976e-01,6.007604307917153363e+01
3.525104884806345429e-01,1.957470014383621282e-01,2.079811890282597386e-01,3.745423940106739624e-01,8.628435815912604001e-01,6.013592459730279671e+01
3.525180302213877792e-01,1.965279677471359343e-01,2.088109657313318712e-01,3.745504071102243593e-01,8.614586865792299708e-01,6.015790567254464349e+01
3.537273886730239458e-01,1.960392254517039357e-01,2.082916770424354524e-01,3.758353504650879251e-01,8.610978516497973523e-01,6.017094698176532575e+01
3.539560182916172137e-01,1.948177222801382447e-01,2.069938299226469214e-01,3.760782694348434041e-01,8.596151981102849726e-01,6.017342185173976077e+01
3.520660047062512676e-01,1.935116638338528761e-01,2.056061428234686461e-01,3.740701300003917984e-01,8.577214059011490921e-01,6.022358284736691303e+01
3.496819785928902968e-01,1.923485809308181360e-01,2.043703672389943216e-01,3.715371022549459612e-01,8.560207014206590026e-01,6.023515410721400798e+01
3.470084206781116620e-01,1.913184487538914236e-01,2.032758518010096271e-01,3.686964469704935854e-01,8.542901267084880290e-01,6.024457997279714050e+01
3.440245299072425267e-01,1.901866029377201617e-01,2.020732656213276024e-01,3.655260630264452471e-01,8.525601812871751450e-01,6.025417585028910139e+01
3.433066653020738213e-01,1.885095599414565448e-01,2.002914074377975528e-01,3.647633318834536120e-01,8.509768461576645571e-01,6.032618744012138734e+01
3.422339644902692157e-01,1.868187474433861128e-01,1.984949191585976824e-01,3.636235872709109307e-01,8.494309489947430292e-01,6.038848125387896459e+01
3.418506935325913987e-01,1.847219497687209444e-01,1.962670716292661821e-01,3.632163618783783021e-01,8.478118067752186127e-01,6.043014942858872729e+01
3.403261426002640033e-01,1.831628926822548853e-01,1.946105734748958815e-01,3.615965265127806250e-01,8.461562530528130566e-01,6.045162684133907049e+01
3.408144095831396325e-01,1.812650817615199250e-01,1.925941493716149255e-01,3.621153101820858700e-01,8.445471374792481445e-01,6.051463472608796934e+01
3.434083025835182879e-01,1.784422148532145702e-01,1.895948532815402987e-01,3.648713214949879657e-01,8.427295571995500056e-01,6.057079199662734226e+01
3.481513590993107199e-01,1.753082399412044523e-01,1.862650049375297046e-01,3.699108190430177578e-01,8.409377323360039957e-01,6.060313684663842793e+01
3.509893841641000267e-01,1.743283245992811314e-01,1.852238448867361553e-01,3.729262206743561014e-01,8.403244701031140629e-01,6.062690553649013481e+01
3.512050428779850408e-01,1.741164119381584108e-01,1.849986876842932837e-01,3.731553580578595430e-01,8.402710631071197422e-01,6.063833828359278755e+01
3.505478192985835850e-01,1.743442009380017921e-01,1.852407134966269076e-01,3.724570580047449897e-01,8.404885817130521852e-01,6.064690766761908947e+01
3.495679707991363738e-01,1.748182419314072700e-01,1.857443820521202937e-01,3.714159689740825776e-01,8.409537577521373208e-01,6.067071350556433629e+01
3.471352380618561995e-01,1.758067764151018675e-01,1.867946999410458608e-01,3.688311904407219344e-01,8.415301665613768023e-01,6.073148813820017011e+01
3.436946547579811662e-01,1.772465921458119820e-01,1.883245041549252152e-01,3.651755706803548884e-01,8.420896139148592585e-01,6.080524695610433383e+01
3.406366844615187905e-01,1.791620686799478279e-01,1.903596979724445082e-01,3.619264772403635311e-01,8.427678057844301129e-01,6.086775612092426258e+01
3.383020834848926017e-01,1.814439014344143564e-01,1.927841452740653438e-01,3.594459637026983234e-01,8.440603028325192048e-01,6.088192429007208517e+01
3.361458778474148423e-01,1.836095137565806612e-01,1.950851083663669439e-01,3.571549952128780236e-01,8.453236276815903061e-01,6.083356144582628389e+01
3.337067864432201603e-01,1.860261546933532351e-01,1.976527893616878695e-01,3.545634605959213648e-01,8.460193991650686307e-01,6.076463122878238465e+01
3.309591564498521321e-01,1.887707570546177938e-01,2.005689293705315013e-01,3.516441037279679493e-01,8.466171810438750667e-01,6.070233734500551037e+01
3.280305371338004816e-01,1.916159236050272441e-01,2.035919188303414451e-01,3.485324457046630742e-01,8.474718425911939024e-01,6.061593607439233722e+01
3.256237699843029798e-01,1.941708360522292065e-01,2.063065133054933775e-01,3.459752556083219854e-01,8.486448249265777788e-01,6.056695530390631177e+01
3.236434735321337408e-01,1.966385312242031891e-01,2.089284394257159283e-01,3.438711906278921204e-01,8.499913440153613609e-01,6.054154491501299873e+01
3.221212057883356961e-01,1.990435585949564545e-01,2.114837810071412139e-01,3.422537811501067950e-01,8.513219834533498620e-01,6.052715297535194594e+01
3.210223204807384212e-01,2.004433732704746507e-01,2.129710840998792210e-01,3.410862155107845517e-01,8.527561930221890796e-01,6.051251694162656491e+01
3.212127958629171776e-01,2.004078848661436096e-01,2.129333776702776460e-01,3.412885956043493207e-01,8.542083757809229017e-01,6.049246098390142379e+01
3.221172680176921932e-01,2.002904933598526616e-01,2.128086491948435466e-01,3.422495972687979449e-01,8.557199170349899520e-01,6.047292191421460217e+01
3.225671873929706335e-01,2.001757953493612241e-01,2.126867825586963301e-01,3.427276366050313050e-01,8.568970383311728112e-01,6.042572513192635597e+01
3.227407948967880302e-01,2.005306779948503315e-01,2.130638453695284373e-01,3.429120945778372231e-01,8.577120901317208945e-01,6.037753629225467478e+01
3.246916213846023358e-01,2.010563605510370111e-01,2.136223830854767636e-01,3.449848477211398534e-01,8.584070924210929210e-01,6.033840138360660887e+01
3.273387581285720493e-01,2.012595155635576449e-01,2.138382352862800151e-01,3.477974305116077747e-01,8.596973642898370072e-01,6.033346467199692853e+01
3.255358426703081620e-01,2.004305054092180849e-01,2.129574119972940938e-01,3.458818328372023077e-01,8.620736652331825178e-01,6.028912252695844387e+01
3.222737605446934772e-01,1.987648261707902486e-01,2.111876278064646617e-01,3.424158705787366253e-01,8.643185029853226453e-01,6.021549790770289690e+01
3.175817244050538890e-01,1.968539124148008801e-01,2.091572819407259143e-01,3.374305821803696426e-01,8.662314931463549472e-01,6.011057602639231590e+01
3.141256276093491451e-01,1.960055009079429977e-01,2.082558447146895531e-01,3.337584793349330781e-01,8.671215888894726609e-01,6.003317444247950618e+01
3.142944208156583930e-01,1.952169434680901261e-01,2.074180024348457885e-01,3.339378221166373062e-01,8.675391260255826964e-01,6.005942568209960797e+01
3.153074745033324633e-01,1.924727273533825556e-01,2.045022728129691769e-01,3.350141916597906833e-01,8.680357600434630561e-01,6.019535561586928907e+01
3.167775895299145827e-01,1.888748251014841784e-01,2.006795016703269985e-01,3.365761888755343101e-01,8.688855167988155381e-01,6.037843454930273879e+01
3.194729540539604784e-01,1.849601823329914685e-01,1.965201937288034995e-01,3.394400136823330083e-01,8.691416925170908359e-01,6.058463282706515685e+01
3.242447511778764890e-01,1.795244413073688317e-01,1.907447188890794287e-01,3.445100481264937731e-01,8.689940809246613496e-01,6.064964646624282096e+01
3.273091089591721459e-01,1.747036709921223618e-01,1.856226504291300095e-01,3.477659282691202836e-01,8.676700705848322537e-01,6.063531262310668524e+01
3.288876080952153336e-01,1.700565245386506941e-01,1.806850573223164336e-01,3.494430836011661601e-01,8.655065720004770924e-01,6.059941057274184573e+01
3.298304168645096457e-01,1.653286168930667155e-01,1.756616554488833193e-01,3.504448179185414292e-01,8.627219619462530575e-01,6.057029153400038268e+01
3.327639495225331867e-01,1.611037740620007985e-01,1.711727599408759681e-01,3.535616963676917468e-01,8.597299775372523323e-01,6.062554100405407098e+01
3.357901607761844542e-01,1.574195030581213850e-01,1.672582219992540808e-01,3.567770458246961041e-01,8.571157369144102312e-01,6.065749266810513518e+01
3.402482830534389602e-01,1.535300281350663321e-01,1.631256548935079986e-01,3.615138007442790791e-01,8.548602430008981345e-01,6.068409197620275819e+01
3.482941778825542900e-01,1.490270497757012202e-01,1.583412403866825136e-01,3.700625640002137562e-01,8.530154902385723714e-01,6.074474409507107708e+01
3.540850969594536157e-01,1.454374593334941679e-01,1.545273005418376089e-01,3.762154155194193383e-01,8.515267590070592085e-01,6.080977928731095972e+01
3.547960565667016009e-01,1.412167773602343024e-01,1.500428259452489810e-01,3.769708101021204127e-01,8.493543993803384096e-01,6.084251296816080412e+01
3.536308897873481349e-01,1.389796264579931939e-01,1.476658531116177842e-01,3.757328203990571991e-01,8.473072271472203987e-01,6.087221233827894196e+01
3.508043124323040329e-01,1.377746458463542378e-01,1.463855612117513638e-01,3.727295819593230974e-01,8.450195047781239310e-01,6.097761008000137650e+01
3.473815878919084832e-01,1.371071290542353882e-01,1.456763246201253081e-01,3.690929371351525656e-01,8.425379395143396399e-01,6.113167867003241440e+01
3.465377876621585918e-01,1.362594720917779390e-01,1.447756890975140931e-01,3.681963993910433719e-01,8.403869305893432173e-01,6.131037047255860983e+01
3.471746749569051826e-01,1.353757133790691458e-01,1.438366954652609275e-01,3.688730921417119335e-01,8.386796861306585749e-01,6.150318676113032978e+01
3.489433717077089492e-01,1.342719467585309634e-01,1.426639434309391885e-01,3.707523324394409459e-01,8.371413284060694737e-01,6.164017538154644171e+01
3.502820555210553466e-01,1.333029911135601986e-01,1.416344280581578186e-01,3.721746839911213578e-01,8.356311688799041848e-01,6.178109633504323028e+01
3.461860954902073462e-01,1.339920568400694290e-01,1.423665603925737821e-01,3.678227264583451839e-01,8.342375908294569209e-01,6.195024153024751001e+01
3.442955817392647222e-01,1.338955487890560458e-01,1.422640205883721198e-01,3.658140555979688124e-01,8.329160208535333343e-01,6.205705968262017791e+01
3.460849809202091731e-01,1.330481909997496826e-01,1.413637029372341591e-01,3.677152922277223124e-01,8.310291472275890268e-01,6.214770887320471360e+01
3.472658512293684274e-01,1.319379227258065390e-01,1.401840428961695084e-01,3.689699669312042074e-01,8.290668173952719933e-01,6.222601540702892464e+01
3.492516378466674065e-01,1.292462288721991925e-01,1.373241181767116958e-01,3.710798652120841368e-01,8.272009282598777880e-01,6.223710644780877743e+01
3.512735816940269484e-01,1.272411612362998878e-01,1.351937338135687228e-01,3.732281805499037541e-01,8.256650426768025186e-01,6.228414745145611420e+01
3.536574829479409710e-01,1.255462667951289524e-01,1.333929084698246004e-01,3.757610756321874690e-01,8.242158817940157256e-01,6.229038322378406178e+01
3.546824614678057985e-01,1.240109653339517282e-01,1.317616506673237042e-01,3.768501153095435430e-01,8.225794024486305922e-01,6.228629777972254544e+01
3.549572539110102398e-01,1.228635619441303256e-01,1.305425345656384128e-01,3.771420822804483208e-01,8.211669735235754830e-01,6.229710361826283105e+01
3.548043055067712226e-01,1.219186228720448989e-01,1.295385368015477268e-01,3.769795746009445003e-01,8.199546697947662777e-01,6.233270162168584960e+01
3.542415363403133566e-01,1.211088947929146870e-01,1.286782007174717968e-01,3.763816323615831183e-01,8.189336757028717884e-01,6.237968673174351864e+01
3.533793282541580760e-01,1.204754987917023706e-01,1.280052174661838460e-01,3.754655362700430321e-01,8.180632967293915980e-01,6.242826327843948775e+01
3.523538423292910116e-01,1.200494364981587320e-01,1.275525262792936709e-01,3.743759574748714569e-01,8.174002897346626106e-01,6.247897323709262452e+01
3.519948612737865967e-01,1.199849773628282185e-01,1.274840384480049327e-01,3.739945401033982764e-01,8.171243131471510601e-01,6.254476845209794078e+01
3.522677285105027534e-01,1.200057114774271821e-01,1.275060684447663351e-01,3.742844615424094634e-01,8.172343424298822434e-01,6.263514099655871803e+01
3.516424372144567601e-01,1.201352430571841767e-01,1.276436957482582069e-01,3.736200895403602451e-01,8.171460908861353234e-01,6.270673254489395276e+01
3.513593288497614542e-01,1.204537384761357188e-01,1.279820971308943678e-01,3.733192869028716943e-01,8.171704005183646480e-01,6.277978847648751781e+01
3.510716125520258468e-01,1.208696433949907056e-01,1.284239961071776404e-01,3.730135883365277016e-01,8.171574952207987241e-01,6.284583611491442667e+01
3.507757498005417141e-01,1.213887651160292097e-01,1.289755629357809963e-01,3.726992341630757100e-01,8.170911447053732513e-01,6.291025386333681979e+01
3.501725215958501614e-01,1.223116993035057998e-01,1.299561805099749279e-01,3.720583041955905501e-01,8.170401577626592582e-01,6.298890635353882317e+01
3.504130141853403768e-01,1.230978611211538537e-01,1.307914774412260450e-01,3.723138275719240498e-01,8.171999569694807786e-01,6.307320333456166139e+01
3.507867810838699030e-01,1.240235489650754752e-01,1.317750207753927705e-01,3.727109549016118240e-01,8.173690853767265896e-01,6.316457823107385394e+01
3.508190050694842133e-01,1.251377478464641979e-01,1.329588570868682762e-01,3.727451928863267927e-01,8.174033434172909285e-01,6.324169427543034772e+01
3.520308311643191579e-01,1.262301971155620206e-01,1.341195844352847111e-01,3.740327581120890255e-01,8.178150829022008406e-01,6.324876753646082506e+01
3.537805721509372225e-01,1.269627122017297771e-01,1.348978817143379194e-01,3.758918579103707192e-01,8.186663995311880271e-01,6.324609307029988514e+01
3.547846029408592283e-01,1.278260187278931481e-01,1.358151448983863641e-01,3.769586406246631660e-01,8.194693357533533451e-01,6.322024522480779041e+01
3.567136952303091024e-01,1.286752459076364874e-01,1.367174487768639812e-01,3.790083011822032999e-01,8.205788325886163026e-01,6.319889450406625997e+01
3.593918514611871839e-01,1.291976656982168903e-01,1.372725198043554251e-01,3.818538421775113934e-01,8.218512525962519133e-01,6.324442801141278636e+01
3.625574678973377263e-01,1.306421891549298664e-01,1.388073259771130386e-01,3.852173096409211572e-01,8.237390601710301574e-01,6.331521514425037367e+01
3.652189014783148169e-01,1.327965406158322925e-01,1.410963244043217657e-01,3.880450828207095415e-01,8.254764383737632771e-01,6.337672389106031545e+01
3.662215563086715919e-01,1.339377856283761603e-01,1.423088972301496113e-01,3.891104035779635595e-01,8.271993802084294245e-01,6.342663773178566800e+01
3.662954640148788910e-01,1.355610487677950671e-01,1.440336143157823490e-01,3.891889305158089396e-01,8.286820401881269671e-01,6.346961676298362676e+01
3.643079838808397919e-01,1.381468779337013397e-01,1.467810578045576353e-01,3.870772328733924073e-01,8.294648569469080801e-01,6.348977450232281683e+01
3.620130829564733310e-01,1.407138321369253708e-01,1.495084466454832395e-01,3.846389006412528899e-01,8.300583858838764817e-01,6.350340209813481351e+01
3.596477957277825488e-01,1.441545518355923927e-01,1.531642113253170179e-01,3.821257829607691558e-01,8.307943772032136964e-01,6.350892504200909627e+01
3.591093222342613966e-01,1.474748087570904864e-01,1.566919843044086991e-01,3.815536548739025258e-01,8.326963968938121408e-01,6.351043259159876442e+01
3.617304122571715630e-01,1.495163188779976837e-01,1.588610888078725580e-01,3.843385630232444838e-01,8.362175789094687950e-01,6.352470591086138541e+01
3.635045520116165219e-01,1.517744381911990403e-01,1.612603405781489474e-01,3.862235865123427314e-01,8.401669423559017247e-01,6.355576594465378548e+01
3.643334826160758988e-01,1.536071608384311227e-01,1.632076083908330366e-01,3.871043252795804968e-01,8.446222274197959790e-01,6.354450577957407376e+01
3.637506865125995081e-01,1.554169034544968797e-01,1.651304599204028445e-01,3.864851044196367935e-01,8.490811623164139510e-01,6.349447662287534655e+01
3.633892502019340776e-01,1.578338646437686399e-01,1.676984811840042111e-01,3.861010783395547596e-01,8.533489955467499222e-01,6.343171732004376651e+01
3.619793375825755000e-01,1.614828543477205280e-01,1.715755327444530021e-01,3.846030461814862189e-01,8.577505289148974477e-01,6.346743788017495547e+01
3.599866477027036105e-01,1.674129872819274389e-01,1.778762989870479039e-01,3.824858131841226694e-01,8.619677471260563939e-01,6.351168281253595893e+01
3.565612320269008206e-01,1.736573364578651579e-01,1.845109199864817529e-01,3.788463090285820734e-01,8.659793110062919963e-01,6.358821224002406325e+01
3.505188022660039593e-01,1.802062473533908027e-01,1.914691378129777521e-01,3.724262274076292067e-01,8.692939397070261753e-01,6.369446592267917140e+01
3.440196600318760067e-01,1.870341703522720722e-01,1.987238059992890715e-01,3.655208887838682363e-01,8.706794438176063133e-01,6.376017944301151630e+01
3.387051825206869315e-01,1.919113176380532193e-01,2.039057749904316652e-01,3.598742564282296774e-01,8.722423617686920760e-01,6.380745460329529806e+01
3.369778200734250273e-01,1.948816442557038398e-01,2.070617470216854217e-01,3.580389338280142719e-01,8.733788694391739771e-01,6.385602368342206603e+01
3.370524967609519473e-01,1.968631228991189475e-01,2.091670680803139060e-01,3.581182778085115204e-01,8.738405274661689148e-01,6.390531450851116801e+01
3.367921132190389022e-01,1.979277852893122636e-01,2.102982718698942211e-01,3.578416202952290348e-01,8.738342844397741782e-01,6.391492017014693516e+01
3.374716818231147109e-01,1.981562356560344906e-01,2.105410003845366029e-01,3.585636619370590750e-01,8.734477768790409602e-01,6.391514490233142709e+01
3.385868539568171465e-01,1.979648112087941669e-01,2.103376119093438024e-01,3.597485323291183534e-01,8.725241294500053479e-01,6.390629511804893070e+01
3.398263750862972055e-01,1.977236826011747051e-01,2.100814127637481432e-01,3.610655235291910792e-01,8.711082703363918212e-01,6.388305108288976442e+01
3.394745984635519354e-01,1.975592291308533865e-01,2.099066809515317544e-01,3.606917608675238585e-01,8.697518014718046420e-01,6.386880662614726845e+01
3.385737789822169108e-01,2.004010007711642394e-01,2.129260633193620911e-01,3.597346401686053463e-01,8.683589386512430286e-01,6.386568504412962000e+01
3.394282506478898953e-01,2.039226356707083410e-01,2.166678004001277302e-01,3.606425163133829548e-01,8.672237562969433711e-01,6.389823030762754996e+01
3.405673228526132079e-01,2.070802796701578241e-01,2.200227971495427037e-01,3.618527805309014189e-01,8.656234476153930046e-01,6.395448763220429100e+01
3.434566139195218137e-01,2.092499573857843076e-01,2.223280797223960992e-01,3.649226522894919444e-01,8.642196450177840328e-01,6.404976682090040185e+01
3.462986465686766491e-01,2.102675720903439960e-01,2.234092953459904107e-01,3.679423119792190611e-01,8.630645075422275214e-01,6.418999662263672690e+01
3.487558110230148389e-01,2.101752742584351297e-01,2.233112288995872108e-01,3.705530492119530894e-01,8.617144963400119595e-01,6.436817945570727773e+01
3.495427970576805987e-01,2.090580401006624789e-01,2.221241676069538595e-01,3.713892218737855355e-01,8.600703884347755679e-01,6.459674132004958835e+01
3.497196775821241888e-01,2.070106378875410380e-01,2.199488027555122904e-01,3.715771574310068881e-01,8.585791689847173114e-01,6.475854208878463680e+01
3.507348497662876041e-01,2.055477589838106689e-01,2.183944939202988045e-01,3.726557778766807494e-01,8.571281866911317771e-01,6.488839450199526482e+01
3.505360166356955021e-01,2.040680591962788781e-01,2.168223128960462265e-01,3.724445176754264120e-01,8.556316611946765960e-01,6.504264342284147915e+01
3.489410437448975388e-01,2.025884642194229202e-01,2.152502432331369342e-01,3.707498589789535726e-01,8.537182544538750584e-01,6.518585108026256592e+01
3.470825845229831841e-01,2.018009534711470709e-01,2.144135130630935582e-01,3.687752460556696366e-01,8.515391025717039541e-01,6.531390219971582667e+01
3.490131288920724772e-01,2.005573797445454332e-01,2.130922159785794134e-01,3.708264494478271112e-01,8.497519555041550543e-01,6.555388729340435816e+01
3.513891756098429520e-01,1.991758830382374668e-01,2.116243757281272564e-01,3.733509990854582128e-01,8.479090330743270787e-01,6.578875691447345275e+01
3.547087545246219720e-01,1.972913088241483037e-01,2.096220156256576872e-01,3.768780516824107307e-01,8.457510360596978138e-01,6.600715276624056571e+01
3.580427368347651740e-01,1.956123616730577885e-01,2.078381342776239316e-01,3.804204078869378169e-01,8.437831604029940591e-01,6.621751779466795540e+01
3.628262309443216482e-01,1.931903372001891606e-01,2.052647332752008946e-01,3.855028703783416888e-01,8.415610853950843406e-01,6.639904469177928092e+01
3.676273644715096767e-01,1.909269011663665694e-01,2.028598324892644800e-01,3.906040747509789690e-01,8.398678358161560942e-01,6.650757860589750692e+01
3.704983284888944683e-01,1.901178496530130380e-01,2.020002152563261932e-01,3.936544740194503622e-01,8.392528772027393336e-01,6.656822505083714248e+01
3.750109671488925378e-01,1.900735592000276086e-01,2.019531566500293585e-01,3.984491525956979641e-01,8.392367049080915464e-01,6.660807408915995609e+01
3.788292447998754531e-01,1.906418269940450549e-01,2.025569411811728171e-01,4.025060725998675371e-01,8.396358717424416973e-01,6.663938473223063852e+01
3.793533993809289351e-01,1.912297028388353359e-01,2.031815592662626346e-01,4.030629868422370699e-01,8.405396500283075500e-01,6.664833694370290118e+01
3.789231019707474668e-01,1.917560604810064073e-01,2.037408142610692141e-01,4.026057958439194229e-01,8.414989989153918160e-01,6.667203006282757372e+01
3.782466766009996428e-01,1.924313766460698238e-01,2.044583376864492485e-01,4.018870938885622524e-01,8.424060486830181604e-01,6.670825567790056709e+01
3.775079897968169895e-01,1.934067482929809900e-01,2.054946700612923505e-01,4.011022391591179126e-01,8.437126385081041846e-01,6.672773762302192324e+01
3.764732301662030989e-01,1.947273452573449470e-01,2.068978043359289420e-01,4.000028070515908585e-01,8.452919476779864327e-01,6.674720834801318858e+01
3.764990925989977755e-01,1.962264469855333482e-01,2.084905999221291217e-01,4.000302858864350219e-01,8.468594803441403807e-01,6.672951896650175740e+01
3.767229040669602402e-01,1.978660398420636068e-01,2.102326673321927020e-01,4.002680855711452379e-01,8.483666287295877906e-01,6.669189196554704324e+01
3.793746055788455585e-01,1.996977924029210150e-01,2.121789044281036651e-01,4.030855184275231595e-01,8.494824840775485608e-01,6.673857763128944498e+01
3.829452339462659505e-01,2.016485806844752204e-01,2.142516169772549217e-01,4.068793110679075342e-01,8.504231939851834010e-01,6.683106152653697052e+01
3.847790022600987569e-01,2.039715790186708844e-01,2.167198027073378441e-01,4.088276899013549293e-01,8.514744492952528443e-01,6.688603003385885870e+01
3.862547302552274409e-01,2.061329665523276011e-01,2.190162769618481942e-01,4.103956508961789651e-01,8.525665286157769751e-01,6.690842746985609324e+01
3.875313366601721432e-01,2.082726498544358040e-01,2.212896904703380296e-01,4.117520452014326038e-01,8.536668795565546253e-01,6.691230268197381292e+01
3.887495038270492032e-01,2.104332033062569218e-01,2.235852785128979447e-01,4.130463478162397228e-01,8.547174860316881784e-01,6.690815971002562890e+01
3.899989017143669634e-01,2.125869729573538758e-01,2.258736587671884011e-01,4.143738330715150964e-01,8.557520851976635479e-01,6.690237828204612924e+01
3.922449940951870384e-01,2.138304214407089066e-01,2.271948227807532028e-01,4.167603062261362457e-01,8.573275438280698602e-01,6.687006060113944272e+01
3.936372041395364008e-01,2.134873186345800644e-01,2.268302760492414138e-01,4.182395293982574258e-01,8.590410978456411994e-01,6.682707235689787240e+01
3.934773481457460309e-01,2.108874931575373812e-01,2.240679614798835595e-01,4.180696824048550364e-01,8.608251804190139023e-01,6.677643216531498638e+01
3.921198728324656879e-01,2.076222691146198673e-01,2.205986609342835691e-01,4.166273648844949773e-01,8.629964836185523014e-01,6.670108436082682601e+01
3.880384162748866661e-01,2.036208693699356198e-01,2.163471737055565336e-01,4.122908172920669023e-01,8.659940701259197793e-01,6.651179588518681385e+01
3.821895934048770149e-01,1.998218770674212719e-01,2.123107443841351916e-01,4.060764429926815855e-01,8.693840040580378403e-01,6.628981294129435753e+01
3.749842095811108944e-01,1.982691101255965316e-01,2.106609295084462541e-01,3.984207226799304502e-01,8.718636809453591541e-01,6.605885143331178710e+01
3.653467104213847794e-01,1.976443764353995047e-01,2.099971499626120397e-01,3.881808798227211477e-01,8.731426759120552994e-01,6.583023037552712253e+01
3.535440433219088630e-01,1.973580026691945377e-01,2.096928778360191703e-01,3.756405460295281218e-01,8.732295210689909881e-01,6.565603632218316932e+01
3.416552507433798791e-01,1.961453138160238197e-01,2.084043959295253934e-01,3.630087039148410799e-01,8.734988307644303562e-01,6.548439935753286534e+01
3.299372891603425395e-01,1.940716208513447727e-01,2.062010971545538973e-01,3.505583697328637505e-01,8.738346017618080497e-01,6.531809382652797069e+01
3.188084136605471297e-01,1.904121350240208232e-01,2.023128934630221698e-01,3.387339395143314502e-01,8.736156736259405031e-01,6.514345607452065678e+01
3.086193705698069834e-01,1.867371318785324141e-01,1.984082026209406935e-01,3.279080812304199788e-01,8.725605024003517673e-01,6.497529063643081315e+01
3.006449355208173357e-01,1.835404367254916402e-01,1.950117140208348643e-01,3.194352439908684227e-01,8.704959213353519187e-01,6.482761250613032189e+01
2.949112023543208339e-01,1.797017249113006254e-01,1.909330827182568191e-01,3.133431525014657715e-01,8.680044554654737787e-01,6.468063436738957250e+01
2.916457216470648151e-01,1.755193539930221536e-01,1.864893136175860278e-01,3.098735792500064146e-01,8.651458390616872940e-01,6.453623864637503971e+01
2.942856539656731885e-01,1.720955283875340025e-01,1.828514989117550338e-01,3.126785073385277003e-01,8.623746099191130776e-01,6.442628656819726984e+01
2.992949587012230794e-01,1.693281084455691698e-01,1.799111152234172117e-01,3.180008936200495184e-01,8.594758249966426567e-01,6.433453482952222657e+01
3.056997916127717763e-01,1.671658967761550929e-01,1.776137653246646630e-01,3.248060285885699394e-01,8.562107787185032626e-01,6.423951501355209359e+01
3.135865582348437153e-01,1.666069338255172783e-01,1.770198671896120179e-01,3.331857181245214683e-01,8.519306055566611136e-01,6.414418052659638647e+01
3.242496806864330061e-01,1.655812629312104489e-01,1.759300918644111644e-01,3.445152857293349302e-01,8.473714998482778649e-01,6.425413876072080654e+01
3.351254247077756765e-01,1.639168473091434652e-01,1.741616502659648069e-01,3.560707637520114655e-01,8.429347490660884512e-01,6.442294826226599014e+01
3.484358219136983181e-01,1.627466710612442413e-01,1.729183380025721140e-01,3.702130607833045151e-01,8.391896158123833827e-01,6.449386633895554155e+01
3.610762617898667370e-01,1.613329538766662408e-01,1.714162634939579155e-01,3.836435281517334150e-01,8.357652071338302902e-01,6.455469364972437063e+01
3.709396005318603695e-01,1.613006589490252052e-01,1.713819501333394002e-01,3.941233255651017120e-01,8.324639506058114646e-01,6.452327887199534473e+01
3.834989340664927138e-01,1.609103585692818750e-01,1.709672559798619262e-01,4.074676174456485223e-01,8.304903154093187245e-01,6.459255684658582197e+01
3.916631255915748455e-01,1.585810482801690291e-01,1.684923637976796229e-01,4.161420709410482699e-01,8.294746686006742031e-01,6.474704005613962465e+01
3.950229879863879634e-01,1.544881253231157603e-01,1.641436331558104866e-01,4.197119247355372007e-01,8.285066057547749718e-01,6.483930166654590721e+01
3.935036514417879494e-01,1.497557129283063615e-01,1.591154449863255160e-01,4.180976296568995054e-01,8.280072206846382787e-01,6.496759927354362674e+01
3.915252742072150016e-01,1.448985756633804911e-01,1.539547366423417440e-01,4.159956038451657623e-01,8.270964557303862597e-01,6.507788909632503760e+01
3.922743551745694890e-01,1.411968558277958696e-01,1.500216593170331791e-01,4.167915023729800161e-01,8.262072331034355788e-01,6.515430255440102769e+01
3.874819560794544593e-01,1.381185138113512345e-01,1.467509209245606572e-01,4.116995783344202242e-01,8.254187089095127439e-01,6.526382144618352754e+01
3.780165476438028804e-01,1.370482684804882612e-01,1.456137852605188243e-01,4.016425818715405605e-01,8.252033279565191837e-01,6.538797804514588563e+01
3.746028989739662585e-01,1.348899248627994096e-01,1.433205451667244335e-01,3.980155801598392329e-01,8.233196172906886989e-01,6.544353816967705484e+01
3.721161221786405959e-01,1.320162138676842511e-01,1.402672272344145099e-01,3.953733798148055811e-01,8.210220451446516021e-01,6.553307727425108453e+01
3.685541395531546915e-01,1.291415000090063436e-01,1.372128437595692696e-01,3.915887732752265649e-01,8.184395907286050598e-01,6.563174705077862825e+01
3.637855227278674608e-01,1.263176098551112847e-01,1.342124604710556446e-01,3.865221178983589412e-01,8.155587316689985045e-01,6.573651640872927260e+01
3.575180862500946244e-01,1.235204899000531265e-01,1.312405205188064139e-01,3.798629666407254968e-01,8.124889365975287436e-01,6.585335323824537568e+01
3.528508170712461589e-01,1.209004997227962203e-01,1.284567809554710283e-01,3.749039931381990542e-01,8.095745797227567042e-01,6.595894786529019882e+01
3.489984807869075945e-01,1.188062311966849721e-01,1.262316206464777213e-01,3.708108858360897320e-01,8.069952865151124310e-01,6.607082490725400703e+01
3.452756036493059844e-01,1.174252296370042470e-01,1.247643064893171061e-01,3.668553288773878651e-01,8.044857879466000838e-01,6.623928228316933087e+01
3.416071721977310127e-01,1.162453411522527263e-01,1.235106749742684584e-01,3.629576204600896139e-01,8.018171897262411640e-01,6.641540052811451744e+01
3.377068766618293583e-01,1.159875297316737552e-01,1.232367503399033060e-01,3.588135564531936827e-01,7.992240975388934521e-01,6.658980929101380752e+01
3.344250612302053782e-01,1.162353289047783761e-01,1.235000369613269700e-01,3.553266275570931554e-01,7.969541969480288257e-01,6.676376949662187599e+01
3.320113032360691996e-01,1.162255319530096503e-01,1.234896277000727544e-01,3.527620096883236633e-01,7.945759060351484937e-01,6.695771747835561882e+01
3.303851138556057609e-01,1.160446844671384342e-01,1.232974772463344970e-01,3.510341834715809406e-01,7.919651047778172304e-01,6.717455437363091164e+01
3.293388030636208996e-01,1.163240372344206963e-01,1.235942895615720349e-01,3.499224782550971469e-01,7.892701140950768579e-01,6.741288074195288971e+01
3.293263128435444109e-01,1.169725920520574419e-01,1.242833790553110329e-01,3.499092073962660754e-01,7.873885373426088297e-01,6.761996952484267354e+01
3.231941910004968999e-01,1.194098190005281473e-01,1.268729326880611852e-01,3.433938279380278069e-01,7.900356546565170390e-01,6.770945615952287255e+01
3.150658725668831761e-01,1.221206532051438698e-01,1.297531940304653686e-01,3.347574896023135516e-01,7.949905373732873981e-01,6.773318323538616426e+01
3.124609145921688480e-01,1.238384892191294884e-01,1.315783947953251265e-01,3.319897217541792345e-01,7.969224518635279475e-01,6.760573114918953763e+01
3.146439906673552112e-01,1.234619937368630904e-01,1.311783683454172122e-01,3.343092400840645406e-01,7.974264044098174908e-01,6.749885460670563475e+01
3.153943377894615208e-01,1.236977776899024078e-01,1.314288887955213092e-01,3.351064839013027652e-01,7.982139111213031324e-01,6.744989712518564318e+01
3.159731076652719239e-01,1.240217736324685655e-01,1.317731344844979280e-01,3.357214268943514157e-01,7.992285017700972993e-01,6.742130011910928999e+01
3.170643213225349255e-01,1.240117487589303957e-01,1.317624830563636218e-01,3.368808414051933653e-01,8.003145752093935306e-01,6.739201439130583537e+01
3.142305114993511617e-01,1.257230403122163997e-01,1.335807303317299577e-01,3.338699184680606891e-01,8.023211148484954425e-01,6.734293654070864932e+01
3.102106353882218559e-01,1.278312574798476653e-01,1.358207110723381461e-01,3.295988000999856560e-01,8.040364497727613413e-01,6.724818218295256145e+01
3.055985555498240691e-01,1.295820316446325560e-01,1.376809086224220768e-01,3.246984652716877751e-01,8.054091548142159329e-01,6.712668069354849365e+01
3.002146756904963687e-01,1.313024986256867699e-01,1.395089047897923040e-01,3.189780929211522564e-01,8.060835213536314825e-01,6.703011065867208629e+01
2.938310687103057872e-01,1.333927092018269422e-01,1.417297535269411990e-01,3.121955105046998469e-01,8.061114499571903069e-01,6.695116676766087949e+01
2.857993530028766216e-01,1.363651933046692577e-01,1.448880178862110291e-01,3.036618125655564104e-01,8.061620436072275409e-01,6.686551796264495806e+01
2.775823332279834244e-01,1.404895603080472677e-01,1.492701578273002427e-01,2.949312290547324578e-01,8.074233964084357451e-01,6.673410707213174931e+01
2.710631905401871822e-01,1.450576962084652866e-01,1.541238022214944658e-01,2.880046399489485376e-01,8.088558193227799453e-01,6.658845086436983252e+01
2.693670026803138273e-01,1.494603940183485413e-01,1.588016686444953252e-01,2.862024403478337087e-01,8.103531028708997885e-01,6.643635430502021677e+01
2.672657457883456100e-01,1.539586891617577002e-01,1.635811072343675288e-01,2.839698549001173911e-01,8.114018016294045621e-01,6.630585581610914403e+01
2.660656512685954933e-01,1.579108384407851284e-01,1.677802658433341643e-01,2.826947544728829476e-01,8.130365772949603720e-01,6.623828374558225107e+01
2.656449950801249571e-01,1.584494718134158153e-01,1.683525638017543402e-01,2.822478072726329335e-01,8.162339841710078980e-01,6.616289460462662930e+01
2.652613280143165109e-01,1.582924235299490168e-01,1.681857000005708702e-01,2.818401610152111991e-01,8.199791216607296152e-01,6.603142665389486865e+01
2.663135552377916548e-01,1.600675950945509574e-01,1.700718197879604043e-01,2.829581524401535986e-01,8.245280405921341371e-01,6.579647122521886615e+01
2.672106943638262178e-01,1.643200019301245818e-01,1.745900020507573924e-01,2.839113627615649227e-01,8.287259182203771113e-01,6.551416837230894430e+01
2.692653510579176568e-01,1.701742480245969913e-01,1.808101385261341454e-01,2.860944354990372362e-01,8.329141243965039187e-01,6.534729623654514796e+01
2.705088175537261330e-01,1.758810622820870528e-01,1.868736286747174347e-01,2.874156186508337596e-01,8.366834691795953516e-01,6.531472832245152915e+01
2.711176079756395518e-01,1.817930763105784775e-01,1.931551435799895577e-01,2.880624584741169336e-01,8.397064556298453608e-01,6.536407420499924115e+01
2.698998589995346697e-01,1.880073477556402917e-01,1.997578069903678255e-01,2.867686001870052293e-01,8.421221122474148446e-01,6.545029370290028226e+01
2.637327469830664239e-01,1.922827282974866603e-01,2.043003988160796425e-01,2.802160436695082524e-01,8.457440245161795822e-01,6.558570559744123329e+01
2.558881015996523067e-01,1.943955262031827058e-01,2.065452465908816371e-01,2.718811079496304961e-01,8.494647194037290294e-01,6.571007581770943773e+01
2.518777147094418689e-01,1.958393337230134867e-01,2.080792920807018886e-01,2.676200718787817845e-01,8.528133123167697116e-01,6.583326607478622350e+01
2.496718197962650432e-01,1.959154573852223968e-01,2.081601734717988261e-01,2.652763085335316240e-01,8.559901758738220900e-01,6.596633537867404584e+01
2.507765437522769258e-01,1.967754141892018305e-01,2.090738775760270229e-01,2.664500777367942996e-01,8.583980320058109958e-01,6.600487424526109237e+01
2.571090212347159620e-01,1.991477654175211609e-01,2.115945007561163271e-01,2.731783350618858242e-01,8.602669082441262161e-01,6.600356384954110922e+01
2.663311304143549108e-01,2.020602706311274976e-01,2.146890375455731137e-01,2.829768260652518741e-01,8.615441840348150304e-01,6.600129727975773619e+01
2.774881588014699862e-01,2.053141343369035143e-01,2.181462677329598643e-01,2.948311687265616765e-01,8.622393195012821865e-01,6.599947685643273587e+01
2.900167800986595545e-01,2.090231913969919919e-01,2.220871408593038110e-01,3.081428288548258565e-01,8.626849632333134510e-01,6.599991232101896799e+01
3.018764660396573429e-01,2.132383587890434862e-01,2.265657562133586433e-01,3.207437451671361073e-01,8.626663886919554436e-01,6.595085760879574366e+01
3.119652289735547201e-01,2.174064493537773146e-01,2.309943524383883395e-01,3.314630557844018277e-01,8.624138495888870048e-01,6.589666235202219013e+01
3.196692922619670529e-01,2.212097598826265055e-01,2.350353698752907228e-01,3.396486230283400354e-01,8.618903157209020227e-01,6.585072618401756017e+01
3.243318428635474926e-01,2.239507299080238101e-01,2.379476505272754006e-01,3.446025830425192837e-01,8.612850417832830230e-01,6.582236111359594588e+01
3.258569518637007278e-01,2.249313146583096223e-01,2.389895218244541542e-01,3.462230113551819644e-01,8.604852853040850791e-01,6.588825362686425535e+01
3.257759393894304467e-01,2.258714887697345630e-01,2.399884568178430044e-01,3.461369356012699572e-01,8.596401449479647017e-01,6.599759847781662359e+01
3.260623631665268141e-01,2.282054850594050777e-01,2.424683278756178395e-01,3.464412608644349412e-01,8.572604139624638853e-01,6.604873256078849408e+01
3.257888434924093857e-01,2.295078375398300063e-01,2.438520773860694546e-01,3.461506462106849757e-01,8.560864241751973136e-01,6.601188239468559971e+01
3.253768117651310576e-01,2.305745508913102371e-01,2.449854603220171234e-01,3.457128625004517453e-01,8.562595691007827137e-01,6.595592954312888878e+01
3.263089340205970745e-01,2.328300461293257295e-01,2.473819240124085217e-01,3.467032423968843258e-01,8.561328697824066580e-01,6.589973385934790429e+01
3.268884836042887931e-01,2.354432126828177041e-01,2.501584134754937239e-01,3.473190138295568219e-01,8.561239116905750013e-01,6.583383143800918447e+01
3.276359695675596928e-01,2.377882615333421212e-01,2.526500278791760645e-01,3.481132176655323818e-01,8.561852293693130722e-01,6.579152760577680681e+01
3.277521141548260797e-01,2.387954908278888400e-01,2.537202090046319913e-01,3.482366212895028901e-01,8.560805621118924291e-01,6.577790024540820468e+01
3.284997247286871036e-01,2.395854547728740180e-01,2.545595456961787240e-01,3.490309575242297457e-01,8.563402889328599610e-01,6.574011032528936482e+01
3.300010980887356782e-01,2.401540014979426096e-01,2.551636265915641077e-01,3.506261667192814846e-01,8.567414126023403798e-01,6.571642321479919246e+01
3.317744821664029287e-01,2.407354416475447068e-01,2.557814067505161937e-01,3.525103873018032852e-01,8.571330056688374333e-01,6.570375709719588997e+01
3.331422643135595330e-01,2.412134912902719197e-01,2.562893344959140118e-01,3.539636558331568650e-01,8.575606016411608801e-01,6.569907240912287705e+01
3.339543936966643534e-01,2.416612390543277644e-01,2.567650664952232931e-01,3.548265433027057436e-01,8.574581816836457371e-01,6.570380434989553464e+01
3.338122758485160824e-01,2.420281834609717408e-01,2.571549449272824694e-01,3.546755430890481953e-01,8.567540221057630134e-01,6.573781755997612208e+01
3.325593464213919548e-01,2.423284269723217366e-01,2.574739536580918919e-01,3.533443055727291116e-01,8.557668268955958002e-01,6.577654150873232197e+01
3.332210256094855216e-01,2.425819696630766575e-01,2.577433427670191013e-01,3.540473397100784014e-01,8.553289172400055929e-01,6.580811557051768546e+01
3.354584014552353111e-01,2.431001636282128231e-01,2.582939238549761818e-01,3.564245515461875735e-01,8.551645102821490152e-01,6.584770565455205826e+01
3.382789745349947252e-01,2.440707833488563461e-01,2.593252073081597775e-01,3.594214104434316770e-01,8.548479914317241857e-01,6.590994641283306521e+01
3.417693362342245078e-01,2.454068389143655160e-01,2.607447663465132792e-01,3.631299197488636610e-01,8.544058511474379447e-01,6.599040881941405701e+01
3.461272644356145345e-01,2.470661784316797727e-01,2.625078145836597376e-01,3.677602184628406823e-01,8.538528971620923391e-01,6.609038799682885212e+01
3.513994186539755593e-01,2.490782957455371371e-01,2.646456892296331631e-01,3.733618823198491810e-01,8.531289315539264395e-01,6.621212919694110610e+01
3.577112537482321497e-01,2.515069992877325133e-01,2.672261867432158544e-01,3.800682071074967805e-01,8.521404525108363659e-01,6.635372101931646682e+01
3.644514679766051590e-01,2.542677470599359335e-01,2.701594812511818877e-01,3.872296847251428531e-01,8.508030394561101328e-01,6.648472213789887064e+01
3.713658313322911186e-01,2.574632968757868401e-01,2.735547529305236703e-01,3.945761957905591921e-01,8.489145025852082860e-01,6.658571739468135320e+01
3.746389855178913209e-01,2.603433269230095992e-01,2.766147848556977928e-01,3.980539221127596394e-01,8.493843580341453592e-01,6.665228475120167673e+01
3.778646259808246533e-01,2.622785974010712895e-01,2.786710097386380647e-01,4.014811651046264473e-01,8.492087088947493090e-01,6.660098884368662198e+01
3.796283441383893065e-01,2.636640475910430603e-01,2.801430505654832759e-01,4.033551156470386867e-01,8.488997486344448395e-01,6.656607503789037139e+01
3.808470479232269335e-01,2.644791279816864904e-01,2.810090734805418822e-01,4.046499884184285856e-01,8.487785555950007055e-01,6.654738611715892205e+01
3.817280263201854318e-01,2.646547997311999301e-01,2.811957247143997973e-01,4.055860279651973266e-01,8.487316334858263644e-01,6.653793626807274109e+01
3.822008148138407169e-01,2.630319434353707853e-01,2.794714399000813865e-01,4.060883657397057478e-01,8.484866573965491598e-01,6.653211021401605763e+01
3.804667907243660663e-01,2.599902969831905941e-01,2.762396905446400375e-01,4.042459651446388413e-01,8.483990151741434005e-01,6.649949170978396751e+01
3.783015929161893109e-01,2.559378521652876382e-01,2.719339679256180808e-01,4.019454424734512643e-01,8.511487843853832169e-01,6.643221940002682402e+01
3.785418223464964149e-01,2.528268356115439541e-01,2.686285128372654096e-01,4.022006862431526941e-01,8.540328281315137104e-01,6.632505118608091266e+01
3.793735661463331077e-01,2.502913287883905546e-01,2.659345368376651031e-01,4.030844140304786771e-01,8.563986648720702810e-01,6.619749433607255185e+01
3.787845386960995708e-01,2.477382879605668498e-01,2.632219309581022570e-01,4.024585723646058599e-01,8.586744360159469514e-01,6.607431090218678094e+01
3.788498285634749330e-01,2.460157718199199040e-01,2.613917575586648390e-01,4.025279428486920885e-01,8.615215384233846363e-01,6.594441770220475973e+01
3.770443138983217701e-01,2.441275277862565429e-01,2.593854982728975855e-01,4.006095835169670716e-01,8.643287366879555123e-01,6.578016339493674991e+01
3.702579277010938918e-01,2.405365553944217860e-01,2.555700901065732777e-01,3.933990481824123364e-01,8.671340351498394439e-01,6.561595482731114259e+01
3.605968224469192074e-01,2.361143135588072983e-01,2.508714581562326296e-01,3.831341238498516821e-01,8.693915438828503373e-01,6.544388881180022111e+01
3.490484790006251337e-01,2.311420348596900931e-01,2.455884120384207170e-01,3.708640089381641247e-01,8.707936830043410126e-01,6.526316935131892194e+01
3.388547767756999729e-01,2.255983769756397528e-01,2.396982755366171558e-01,3.600332003241813461e-01,8.723041576247380080e-01,6.509541893055990158e+01
3.320646170990610990e-01,2.196222731427003860e-01,2.333486652141193440e-01,3.528186556677525010e-01,8.743482460480858087e-01,6.485271908556963183e+01
3.254190425236210271e-01,2.133808897229416413e-01,2.267171953306254817e-01,3.457577326813474627e-01,8.757754317859499649e-01,6.459683823338424702e+01
3.191042011650715993e-01,2.062121448063235774e-01,2.191004038567188061e-01,3.390482137378884597e-01,8.767331623822164355e-01,6.436647904342109427e+01
3.129010122921517811e-01,1.993306849528707347e-01,2.117888527624251505e-01,3.324573255604110211e-01,8.770290100484970930e-01,6.412520272362212381e+01
3.101573912026610036e-01,1.946939632867873693e-01,2.068623359922114879e-01,3.295422281528273545e-01,8.762697500120791849e-01,6.394344735162285787e+01
3.104938419552625839e-01,1.905491431770045541e-01,2.024584646255674913e-01,3.298997070774665197e-01,8.755464016085261481e-01,6.379664360566226122e+01
3.094534439941946657e-01,1.849313825635844344e-01,1.964895939738085517e-01,3.287942842438317248e-01,8.750758734263769378e-01,6.364416915978684841e+01
3.086258074638831284e-01,1.784036731830796474e-01,1.895539027570221080e-01,3.279149204303758447e-01,8.745896061964102408e-01,6.350051471489175015e+01
3.081136172295887987e-01,1.738062083983176465e-01,1.846690964232124699e-01,3.273707183064381576e-01,8.732759043107777286e-01,6.337828283978102206e+01
3.112945689429537088e-01,1.689083074312307531e-01,1.794650766456826751e-01,3.307504795018885169e-01,8.721643403548973161e-01,6.332093534366237009e+01
3.205414520328577765e-01,1.635515766889534262e-01,1.737735502320130465e-01,3.405752927849113321e-01,8.712605803717490272e-01,6.333498939524027804e+01
3.362877363697175936e-01,1.580490619961416321e-01,1.679271283709005136e-01,3.573057198928249467e-01,8.703536127186966009e-01,6.337887285724450237e+01
3.515173343019103447e-01,1.524054024224631154e-01,1.619307400738670411e-01,3.734871676957796649e-01,8.685969209458475060e-01,6.348046782655266185e+01
3.669049786231921573e-01,1.498330410403114488e-01,1.591976061053310132e-01,3.898365397871415561e-01,8.655581115330960307e-01,6.362579327448106170e+01
3.825174180889461262e-01,1.486113315655646361e-01,1.578995397884123963e-01,4.064247567195053978e-01,8.618458787417153655e-01,6.376033058813829513e+01
3.955669298257738498e-01,1.472839125139194794e-01,1.564891570460396064e-01,4.202898629398850172e-01,8.577254031194774253e-01,6.391650510607391311e+01
4.042482810971624319e-01,1.430521352980979599e-01,1.519928937542291691e-01,4.295137986657350804e-01,8.533476969030842074e-01,6.409668443823603923e+01
4.092870037929500215e-01,1.365490427705783327e-01,1.450833579437394438e-01,4.348674415300092799e-01,8.489922615774546655e-01,6.427007751171724692e+01
4.139830296908533769e-01,1.315576730639132774e-01,1.397800276304079770e-01,4.398569690465318205e-01,8.449183796983756878e-01,6.434128671285762380e+01
4.191982364418993523e-01,1.273100093976241853e-01,1.352668849849757993e-01,4.453981262195179092e-01,8.408357084790515357e-01,6.433386386255538980e+01
4.217418885725114364e-01,1.241603436240294178e-01,1.319203651005312894e-01,4.481007566082932381e-01,8.376916742004585359e-01,6.427856393923856615e+01
4.248931647856604155e-01,1.213192163135466406e-01,1.289016673331433993e-01,4.514489875847643163e-01,8.353948954280473460e-01,6.422763505503591830e+01
4.283637411904942516e-01,1.192236285628491960e-01,1.266751053480272837e-01,4.551364750149001770e-01,8.344138186021810011e-01,6.436802674931415424e+01
4.291736294337265556e-01,1.181050726190706335e-01,1.254866396577625220e-01,4.559969812733342676e-01,8.340667838086970320e-01,6.460511277654666173e+01
4.246036605583816681e-01,1.176906936539432180e-01,1.250463620073147264e-01,4.511413893432804634e-01,8.372039495545390286e-01,6.489793834419680252e+01
4.213826168118663951e-01,1.182481143917526734e-01,1.256386215412372553e-01,4.477190303626081835e-01,8.373468791267394407e-01,6.516193734974945073e+01
4.188610869656004265e-01,1.184578868795704704e-01,1.258615048095435840e-01,4.450399049009506336e-01,8.374530436436344871e-01,6.541467711955399977e+01
4.168903998954097689e-01,1.184163248199198992e-01,1.258173451211648808e-01,4.429460498888728170e-01,8.359363594106227202e-01,6.554432162943503215e+01
4.144692877261181296e-01,1.188471677729980441e-01,1.262751157588104522e-01,4.403736182090005058e-01,8.344140899623115892e-01,6.568041462376041295e+01
4.111644423182848063e-01,1.196634543759521330e-01,1.271424202744490251e-01,4.368622199631780334e-01,8.328069307902759011e-01,6.581819962829908377e+01
4.087348080731555977e-01,1.211055252408233945e-01,1.286746205683749200e-01,4.342807335777280064e-01,8.317641656769648728e-01,6.593381966253660664e+01
4.064790193181210265e-01,1.230657912763750417e-01,1.307574032311484558e-01,4.318839580255033894e-01,8.306094191484503231e-01,6.604943651893421475e+01
4.036775122398686411e-01,1.249818111795478470e-01,1.327931743782696239e-01,4.289073567548606913e-01,8.295834000101187655e-01,6.615540519527570495e+01
4.006737587397686262e-01,1.262543055488204169e-01,1.341451996456217988e-01,4.257158686610043041e-01,8.287971031115863862e-01,6.613442842901983454e+01
3.983963022617343919e-01,1.272104284596168866e-01,1.351610802383430288e-01,4.232960711530925346e-01,8.282635339381578810e-01,6.614354296607983486e+01
3.960302101065068525e-01,1.280186373576888137e-01,1.360198021925443368e-01,4.207820982381634267e-01,8.278610648763200519e-01,6.614102773231694243e+01
3.936370273410578213e-01,1.286636269365133978e-01,1.367051036200455094e-01,4.182393415498739664e-01,8.275582429490653258e-01,6.612352750869277429e+01
3.913255029364468007e-01,1.291920172488887908e-01,1.372665183269443645e-01,4.157833468699747570e-01,8.272928419564634650e-01,6.609025042305542286e+01
3.890611425663971779e-01,1.296182857572387159e-01,1.377194286170661808e-01,4.133774639767968662e-01,8.270720661204667978e-01,6.604346646998622816e+01
3.867732193340018276e-01,1.299569428397442938e-01,1.380792517672282671e-01,4.109465455423768621e-01,8.268516576463715850e-01,6.598238051506955060e+01
3.849903417791311067e-01,1.300158388285380662e-01,1.381418287553215773e-01,4.090522381403268737e-01,8.267264600475675573e-01,6.589317078960519325e+01
3.826294210253045613e-01,1.305872695820054497e-01,1.387489739308807035e-01,4.065437598393863983e-01,8.265252890278500519e-01,6.568494940723370235e+01
3.823227071520573506e-01,1.300860397188720319e-01,1.382164172013014558e-01,4.062178763490608135e-01,8.263721619550838948e-01,6.555581155654380154e+01
3.838956653521126694e-01,1.295038795370738460e-01,1.375978720081408868e-01,4.078891444366198327e-01,8.266430563790547748e-01,6.549753450642739949e+01
3.872928779149455991e-01,1.286689336493995472e-01,1.367107420024870623e-01,4.114986827846294770e-01,8.272674700240698620e-01,6.546844555716602088e+01
3.915954024568162883e-01,1.280955111532041391e-01,1.361014806002794342e-01,4.160701151103671225e-01,8.284155517371065702e-01,6.546848976990195013e+01
3.956844132685084503e-01,1.277001714104220864e-01,1.356814321235735032e-01,4.204146890977901729e-01,8.294777085205314870e-01,6.547375705729068329e+01
3.989357059511583481e-01,1.264636717669083421e-01,1.343676512523401256e-01,4.238691875731058767e-01,8.304376270958147011e-01,6.545561161364616964e+01
4.020599636921740050e-01,1.247884583305359368e-01,1.325877369761943869e-01,4.271887114229352411e-01,8.314027976247526652e-01,6.541792717422822534e+01
4.059463712190206075e-01,1.226306505939694785e-01,1.302950662560926343e-01,4.313180194202093642e-01,8.322348417478876437e-01,6.536983806919562312e+01
4.071816907211300296e-01,1.210896253727849620e-01,1.286577269585839345e-01,4.326305463912008542e-01,8.330232164549220553e-01,6.535668227433409072e+01
4.078677689137659712e-01,1.202107722754933439e-01,1.277239455427116310e-01,4.333595044708762889e-01,8.334954540441407156e-01,6.535294672260815219e+01
4.082837202684161948e-01,1.198443361543328339e-01,1.273346071639786248e-01,4.338014527851918878e-01,8.337644268492765409e-01,6.534883898215682052e+01
4.081096684827196786e-01,1.197190083510126790e-01,1.272014463729510547e-01,4.336165227628894225e-01,8.337343776719279287e-01,6.533871714285470489e+01
4.064112567653782038e-01,1.185620808384837549e-01,1.259722108908889193e-01,4.318119603132144491e-01,8.340230379082400614e-01,6.528800904362188362e+01
4.057511820064526598e-01,1.174641991356478871e-01,1.248057115816257751e-01,4.311106308818558608e-01,8.355147945530190245e-01,6.520101844757517995e+01
4.034263086994460679e-01,1.177137925730060430e-01,1.250709046088189225e-01,4.286404529931614471e-01,8.381329626578490899e-01,6.513621841951021452e+01
4.003503828019946420e-01,1.179599072786355063e-01,1.253324014835501821e-01,4.253722817271194945e-01,8.407501663449614693e-01,6.508015967689875936e+01
4.049520165166698438e-01,1.179285261211872882e-01,1.252990590037614538e-01,4.302615175489614696e-01,8.439207988921552106e-01,6.503857183750133686e+01
4.108709412734122268e-01,1.179465666545669172e-01,1.253182270704773504e-01,4.365503751030005430e-01,8.480706119848760993e-01,6.503776716945419878e+01
4.129320854137001895e-01,1.208024420401447446e-01,1.283525946676539742e-01,4.387403407520567011e-01,8.522509223117601396e-01,6.501238604614498229e+01
4.128359951742411327e-01,1.264900295066060387e-01,1.343956563507688884e-01,4.386382448726313110e-01,8.564496542992737771e-01,6.496827595761870100e+01
4.111912148879147688e-01,1.327604447363232576e-01,1.410579725323434508e-01,4.368906658184095737e-01,8.597392587980302592e-01,6.494863703258320697e+01
4.072150146418151428e-01,1.387507757353624582e-01,1.474226992188227003e-01,4.326659530569287870e-01,8.621085330403787106e-01,6.494993774199620873e+01
4.017046779752288521e-01,1.447172298430223492e-01,1.537620567082113865e-01,4.268112203486809086e-01,8.639460889778004526e-01,6.494754047101361039e+01
3.905084366347176261e-01,1.478478120822455666e-01,1.570883003373858833e-01,4.149152139243874049e-01,8.660501833947411576e-01,6.496997572198178261e+01
3.741245548936985021e-01,1.510991470827662553e-01,1.605428437754391757e-01,3.975073395745546412e-01,8.693563403846525928e-01,6.504704111097906605e+01
3.594420825250318474e-01,1.557308607980799342e-01,1.654640395979599110e-01,3.819072126828462199e-01,8.720540562617555835e-01,6.512585617539380678e+01
3.447479113197791656e-01,1.603330563428426170e-01,1.703538723642704089e-01,3.662946557772651102e-01,8.743280173721210691e-01,6.518314996181867116e+01
3.305693969754674999e-01,1.640314343679672437e-01,1.742833990159652902e-01,3.512299842864340937e-01,8.762663849704454000e-01,6.525541970584406215e+01
3.176335001582223372e-01,1.672666548160525180e-01,1.777208207420558628e-01,3.374855939181111708e-01,8.778063002794359582e-01,6.534239787796938970e+01
3.058655376899411249e-01,1.702725283333784978e-01,1.809145613542147146e-01,3.249821337955625666e-01,8.789683576030595802e-01,6.544522332570406320e+01
2.932697196441765852e-01,1.716607290541304065e-01,1.823895246200136488e-01,3.115990771219377398e-01,8.802206444196106760e-01,6.553524357018909541e+01
2.808035219106498337e-01,1.724512528870813244e-01,1.832294561925238985e-01,2.983537420300652609e-01,8.805785306019521252e-01,6.564065754579544887e+01
2.718584207474141201e-01,1.737746167693444144e-01,1.846355303174283813e-01,2.888495720441275338e-01,8.801920766879522962e-01,6.574483293267168449e+01
2.657937627680428960e-01,1.753041645440611418e-01,1.862606748280650482e-01,2.824058729410455770e-01,8.793065401689349470e-01,6.584391092234957910e+01
2.621598993329101734e-01,1.765385106376820279e-01,1.875721675525371113e-01,2.785448930412170454e-01,8.781248132554956287e-01,6.592773397614769237e+01
2.606012113888376280e-01,1.771260454529290096e-01,1.881964232937370918e-01,2.768887871006400214e-01,8.769151026770029000e-01,6.599663466140336254e+01
2.614195704980394330e-01,1.769550560805613904e-01,1.880147470855965119e-01,2.777582936541669323e-01,8.758819769848457115e-01,6.605225783982169219e+01
2.655403390168905031e-01,1.766227068880982798e-01,1.876616260686045090e-01,2.821366102054460590e-01,8.746407786792176342e-01,6.609724121421309917e+01
2.691546507071528316e-01,1.769226498017552607e-01,1.879803154143650235e-01,2.859768163763498627e-01,8.732865817992142565e-01,6.612728202786723841e+01
2.707311269749904103e-01,1.779032461969926593e-01,1.890221990843047595e-01,2.876518224109273492e-01,8.716924723590576685e-01,6.614226014219215699e+01
2.707942720304871709e-01,1.793061310056885960e-01,1.905127641935440708e-01,2.877189140323924699e-01,8.693802045040325277e-01,6.610395178702022179e+01
2.719101934679243326e-01,1.808612215018478298e-01,1.921650478457132827e-01,2.889045805596697214e-01,8.683853303504294185e-01,6.607876491921470574e+01
2.723255778667889593e-01,1.839134937407814196e-01,1.954080870995802688e-01,2.893459264834631894e-01,8.671562048823086011e-01,6.605799271545362217e+01
2.728341578211815888e-01,1.868280586161285284e-01,1.985048122796365944e-01,2.898862926850054311e-01,8.660823226118222751e-01,6.605871935024671870e+01
2.741582403421894965e-01,1.891243074192255347e-01,2.009445766329271410e-01,2.912931303635764024e-01,8.650854872281359409e-01,6.611280186925812075e+01
2.762906697007250778e-01,1.907134569202366126e-01,2.026330479777513904e-01,2.935588365570205305e-01,8.640107044597115094e-01,6.614785493348827572e+01
2.787119428776151375e-01,1.919225087651923733e-01,2.039176655630170476e-01,2.961314393074661044e-01,8.631192042739503911e-01,6.615896753832484478e+01
2.818607891728100445e-01,1.930531950636915628e-01,2.051190197551721328e-01,2.994770884961108215e-01,8.624212469078246235e-01,6.616884709208316906e+01
2.845023716314432627e-01,1.938830677863476182e-01,2.060007595229943755e-01,3.022837698584083244e-01,8.618621420377973186e-01,6.617003766386039842e+01
2.863536369164492723e-01,1.943744964959454868e-01,2.065229025269420260e-01,3.042507392237274733e-01,8.614854304131104312e-01,6.615005551911140458e+01
2.871385786140114860e-01,1.948034665284436306e-01,2.069786831864714183e-01,3.050847397773870928e-01,8.610748054755357206e-01,6.607607010821476479e+01
2.876168457706380632e-01,1.948862895586886967e-01,2.070666826561067819e-01,3.055928986313029005e-01,8.608622572640712844e-01,6.600102417383116915e+01
2.878288510615918394e-01,1.946495402022811738e-01,2.068151364649237489e-01,3.058181542529415098e-01,8.608352931947720332e-01,6.592697726634965250e+01
2.878771328237267890e-01,1.941566634216530252e-01,2.062914548855063201e-01,3.058694536252098972e-01,8.609868293393977412e-01,6.585469192683356709e+01
2.878924707827225093e-01,1.937027567725525812e-01,2.058091790708371227e-01,3.058857502066427148e-01,8.610201412326548009e-01,6.580426462050182579e+01
2.879791727636394905e-01,1.935644614449890943e-01,2.056622402853009735e-01,3.059778710613668684e-01,8.606042497245980361e-01,6.579470615333008254e+01
2.882096646473590318e-01,1.933704157092414611e-01,2.054560666910690836e-01,3.062227686878190580e-01,8.602945456360301391e-01,6.578583220848061330e+01
2.866955286964247840e-01,1.935210355237142743e-01,2.056161002439464147e-01,3.046139992399510832e-01,8.609536957320585993e-01,6.586015708421786030e+01
2.868722165558802439e-01,1.932722353754239009e-01,2.053517500863879242e-01,3.048017300906231131e-01,8.611248567550509048e-01,6.582236899008211140e+01
2.885787937516727797e-01,1.932483849448654034e-01,2.053264090039195189e-01,3.066149683611520960e-01,8.615374826806371233e-01,6.578956493267966721e+01
2.906119748419386251e-01,1.931446764995730925e-01,2.052162187807963778e-01,3.087752232695600840e-01,8.618117462876873081e-01,6.579089280989893496e+01
2.924553621109454160e-01,1.928294712235241737e-01,2.048813131749944172e-01,3.107338222428797092e-01,8.616678723167175979e-01,6.584964754366473016e+01
2.936697977928552916e-01,1.926051818823042716e-01,2.046430057499482591e-01,3.120241601549087473e-01,8.612043088944572045e-01,6.590557925000693729e+01
2.943337781648994733e-01,1.924735584444949577e-01,2.045031558472760191e-01,3.127296393002058084e-01,8.610557425990662539e-01,6.593593710474459613e+01
2.947244080523125365e-01,1.923971237152568847e-01,2.044219439474603828e-01,3.131446835555823371e-01,8.610194188032946894e-01,6.595398374646799766e+01
2.949340634289318586e-01,1.923612499620288852e-01,2.043838280846556887e-01,3.133674423932401587e-01,8.609877802281562520e-01,6.596478627489207724e+01
2.950535126456400037e-01,1.923488356800835686e-01,2.043706379100889425e-01,3.134943571859926115e-01,8.609484944960936748e-01,6.597073544303353287e+01
2.951255702232298272e-01,1.923409045918593185e-01,2.043622111288505294e-01,3.135709183621815943e-01,8.609217527596128017e-01,6.597389177999569654e+01
2.951695374335127076e-01,1.923355378754715572e-01,2.043565089926886180e-01,3.136176335231071199e-01,8.609067431881693988e-01,6.597557106324035203e+01
2.951989173482870155e-01,1.923324326287130237e-01,2.043532096680077681e-01,3.136488496825550754e-01,8.608950145239584462e-01,6.597643882652654668e+01
2.952171469943521975e-01,1.923302840563811400e-01,2.043509268099049092e-01,3.136682186814991891e-01,8.608888778929378871e-01,6.597689030676072264e+01
2.952302661943742579e-01,1.923291934566760675e-01,2.043497680477182332e-01,3.136821578315227010e-01,8.608808183648255508e-01,6.597708711465459430e+01
2.952391831500500441e-01,1.923285666104853353e-01,2.043491020236407885e-01,3.136916320969280192e-01,8.608739757020344996e-01,6.597716165102325192e+01
2.930848202517390977e-01,1.908864576523360002e-01,2.028168612556070227e-01,3.114026215174727774e-01,8.604468565659749713e-01,6.593289565914128048e+01
2.927555832347694675e-01,1.896680051813596779e-01,2.015222555051947861e-01,3.110528071869425593e-01,8.610105276754163039e-01,6.587904272798915883e+01
2.919590928786273132e-01,1.904492432664059987e-01,2.023523209705563042e-01,3.102065361835416035e-01,8.624230239453402058e-01,6.572132633551488823e+01
2.887213470839212204e-01,1.900197595908901249e-01,2.018959945653207577e-01,3.067664312766664181e-01,8.640299474829080673e-01,6.561307431162443038e+01
2.902699292118931518e-01,1.888466714336457242e-01,2.006495883982487294e-01,3.084117997876365536e-01,8.654371186095639601e-01,6.558839302939028926e+01
2.932812889145602342e-01,1.871622933238341058e-01,1.988599366565738658e-01,3.116113694717201898e-01,8.664496102313656856e-01,6.560113222660740462e+01
2.943974892188349624e-01,1.850133679558325916e-01,1.965767034530721269e-01,3.127973322950119428e-01,8.674932106370074614e-01,6.563203840705449466e+01
2.945682654307411052e-01,1.831422838245633233e-01,1.945886765635985449e-01,3.129787820201623827e-01,8.681291116872502656e-01,6.567602352818560973e+01
2.947926927055594670e-01,1.825770661619341706e-01,1.939881327970549574e-01,3.132172359996568956e-01,8.684241756750418206e-01,6.573037857417969576e+01
2.941654881987601500e-01,1.827707367986667608e-01,1.941939078485833692e-01,3.125508312111826559e-01,8.680513194608054928e-01,6.576940499175942989e+01
2.930105981289137795e-01,1.818123074041949339e-01,1.931755766169571675e-01,3.113237605119708595e-01,8.673042859347610545e-01,6.580519512879139654e+01
2.920590979579862356e-01,1.782309192255236707e-01,1.893703516771190198e-01,3.103127915803604031e-01,8.667593789234556700e-01,6.581620427262187434e+01
2.932596568941785997e-01,1.727412253989243640e-01,1.835375519863571558e-01,3.115883854500648420e-01,8.665223366041348019e-01,6.583245263345482101e+01
2.985558748412343033e-01,1.669784849625095546e-01,1.774146402726665128e-01,3.172156170188116242e-01,8.665883265391541856e-01,6.583987881772578987e+01
3.059682171742222900e-01,1.611239538882006106e-01,1.711942010062132424e-01,3.250912307476112595e-01,8.664610605582586667e-01,6.585103166903010674e+01
3.162728652822989206e-01,1.580670051908694140e-01,1.679461930152988114e-01,3.360399193624427072e-01,8.652229816815679708e-01,6.587872846774236280e+01
3.282221899008817556e-01,1.542111332008452018e-01,1.638493290258980495e-01,3.487360767696869313e-01,8.637817913722881658e-01,6.588904492740248031e+01
3.427696639119516275e-01,1.496414074056703902e-01,1.589939953685248208e-01,3.641927679064485002e-01,8.621023386104272879e-01,6.592745877783039532e+01
3.576031314454419241e-01,1.449504978187488302e-01,1.540099039324206720e-01,3.799533271607818952e-01,8.601075798230760627e-01,6.603324212138095106e+01
3.705594257199320563e-01,1.411289382623359956e-01,1.499494969037321046e-01,3.937193898274278236e-01,8.575285804426225900e-01,6.618482179762563078e+01
3.826575960471850779e-01,1.376109973144143683e-01,1.462116846465653652e-01,4.065736958001340828e-01,8.545488812685794189e-01,6.637238545997719541e+01
3.942197190340857582e-01,1.334421770631633031e-01,1.417823131296110095e-01,4.188584514737158648e-01,8.511153550254656475e-01,6.655932555076039137e+01
4.036364493193418945e-01,1.287362175702035372e-01,1.367822311683413172e-01,4.288637274018004542e-01,8.480108228788455493e-01,6.672839004607830304e+01
4.121962008254599352e-01,1.253421286368025800e-01,1.331760116766027291e-01,4.379584633770512991e-01,8.448366440562826707e-01,6.690660369101034632e+01
4.201364746634793090e-01,1.236574547388589601e-01,1.313860456600376148e-01,4.463950043299468873e-01,8.417542645916470390e-01,6.706243569185028264e+01
4.265342812046399867e-01,1.222086819788560236e-01,1.298467246025346855e-01,4.531926737799299998e-01,8.389617455294652304e-01,6.718090402142286166e+01
4.279500968317718756e-01,1.204759544168983176e-01,1.280057015679544330e-01,4.546969778837572917e-01,8.371928971113872242e-01,6.730572387452887995e+01
4.230244855553050298e-01,1.176878777742171173e-01,1.250433701351057469e-01,4.494635159025114901e-01,8.369160765315400985e-01,6.747672386868246974e+01
4.223483165372649561e-01,1.159809057558215256e-01,1.232297123655603927e-01,4.487450863208437557e-01,8.347811693083662110e-01,6.755422439597005280e+01
4.207959316184898824e-01,1.141624861821722292e-01,1.212976415685579901e-01,4.470956773446455035e-01,8.331783268127367359e-01,6.764753991759423002e+01
4.186449764662812933e-01,1.124783453700571312e-01,1.195082419556856568e-01,4.448102874954233399e-01,8.317566838680934271e-01,6.774838993716373636e+01
4.158861090940843552e-01,1.104466060840475494e-01,1.173495189643004588e-01,4.418789909124644644e-01,8.301008321317169258e-01,6.784203272093307646e+01
4.140298528165460290e-01,1.079246417206892183e-01,1.146699318282322078e-01,4.399067186175797950e-01,8.280811508081203920e-01,6.793804690563946735e+01
4.127732770776880722e-01,1.060358780196159617e-01,1.126631203958420729e-01,4.385716068950435975e-01,8.262128414030333046e-01,6.806093933576735822e+01
4.082109949163640894e-01,1.047449846026849152e-01,1.112915461403527206e-01,4.337241820986367791e-01,8.267248307692018905e-01,6.828928937369256857e+01
4.035544105200827847e-01,1.041060297236125615e-01,1.106126565813384255e-01,4.287765611775877783e-01,8.263853477526031943e-01,6.848272166484309764e+01
4.031058571899367449e-01,1.041979412752745832e-01,1.107103126049793357e-01,4.282999732643078539e-01,8.249901379750030905e-01,6.865202988870527179e+01
4.030298707285890347e-01,1.036051436385231200e-01,1.100804651159308922e-01,4.282192376491258945e-01,8.245782598811475239e-01,6.873999506696208073e+01
4.035213292956636999e-01,1.029774932894396838e-01,1.094135866200297846e-01,4.287414123766429830e-01,8.237291837860298838e-01,6.879347024781691289e+01
4.037271524844134318e-01,1.025356413306903192e-01,1.089441189138586341e-01,4.289600995146892748e-01,8.231940505858524881e-01,6.884506979997111387e+01
4.037538743313504042e-01,1.022905279284227753e-01,1.086836859239492248e-01,4.289884914770598079e-01,8.228946386698919868e-01,6.889486174338048841e+01
4.038144899295139645e-01,1.021982797949892025e-01,1.085856722821760545e-01,4.290528955501088926e-01,8.227670278262991799e-01,6.892604786660044169e+01
4.039490351124415124e-01,1.021923374724942324e-01,1.085793585645249415e-01,4.291958498069691208e-01,8.227116356746401182e-01,6.892121582531815704e+01
4.043476390834612189e-01,1.022480229576811922e-01,1.086385243925363925e-01,4.296193665261776595e-01,8.228250835823219811e-01,6.891294585883156287e+01
4.050167531599513926e-01,1.023341811144835023e-01,1.087300674341387940e-01,4.303303002324481152e-01,8.230917452209179919e-01,6.890075802410322581e+01
4.061040158137722567e-01,1.024211267212900844e-01,1.088224471413708067e-01,4.314855168021328735e-01,8.234956379385691694e-01,6.888310913126626644e+01
4.079171723574510078e-01,1.024309994172609289e-01,1.088329368808397812e-01,4.334119956297916576e-01,8.240176190074551821e-01,6.885400825929511370e+01
4.102744059431679968e-01,1.024132501352949115e-01,1.088140782687508634e-01,4.359165563146161770e-01,8.246345766017025847e-01,6.881709100941911572e+01
4.130933215112082002e-01,1.022753265478640872e-01,1.086675344571057106e-01,4.389116541056584664e-01,8.258245111061299770e-01,6.871007531666755597e+01
4.112676964294438298e-01,1.022643834290241915e-01,1.086559073933383579e-01,4.369719274562838818e-01,8.285079012411646904e-01,6.864331868824673677e+01
4.046702583825572686e-01,1.034897085572759889e-01,1.099578153421056637e-01,4.299621495314671638e-01,8.312270428721798554e-01,6.854189535488953311e+01
4.060063520656176372e-01,1.037750130901724105e-01,1.102609514083082304e-01,4.313817490697186008e-01,8.323123348668399757e-01,6.838859394121308810e+01
4.067885730545504064e-01,1.038091881485124213e-01,1.102972624077945552e-01,4.322128588704596819e-01,8.336703890554192364e-01,6.824556611054238431e+01
4.059572812301250333e-01,1.027831934483637438e-01,1.092071430388865810e-01,4.313296113070075877e-01,8.347171264122171808e-01,6.813352405097683118e+01
4.059358104433137271e-01,1.020249328910941139e-01,1.084014911967874362e-01,4.313067985960207795e-01,8.352554605274861155e-01,6.807351227101108293e+01
4.059134393377272221e-01,1.015574886516510400e-01,1.079048316923792300e-01,4.312830292963350520e-01,8.356294245054413095e-01,6.804111880117457645e+01
4.075951890478928807e-01,1.015747063852920212e-01,1.079231255343728463e-01,4.330698883633859464e-01,8.370828495715578743e-01,6.803360620324754393e+01
4.093233284005944883e-01,1.018178094759460417e-01,1.081814225681926589e-01,4.349060364256315259e-01,8.388317996563077195e-01,6.803680395903293743e+01
4.103586613311159259e-01,1.021242543724343310e-01,1.085070202707115045e-01,4.360060776643104874e-01,8.402880531761324212e-01,6.804336858094985985e+01
4.106704783203496412e-01,1.024930163108329767e-01,1.088988298302599189e-01,4.363373832153712439e-01,8.414832203699076363e-01,6.805185474559043257e+01
4.082108249845006198e-01,1.036218218703865712e-01,1.100981857372856643e-01,4.337240015460318010e-01,8.424963988808230608e-01,6.803754779248133389e+01
4.025787033386202252e-01,1.068395575563206579e-01,1.135170299035908187e-01,4.277398722972840517e-01,8.437161732606480724e-01,6.801436700147404224e+01
3.971164864840605047e-01,1.100092124676021743e-01,1.168847882468273119e-01,4.219362668893141821e-01,8.445995296001087560e-01,6.799323451749017977e+01
3.933171538695925951e-01,1.125445518884084090e-01,1.195785863814339128e-01,4.178994759864419484e-01,8.454521857119174921e-01,6.799992875583163254e+01
3.932523416537799243e-01,1.139966986452748965e-01,1.211214923106046087e-01,4.178306130071410274e-01,8.464577856351844787e-01,6.804445750428196504e+01
3.928833465995840712e-01,1.155237400211034382e-01,1.227439737724223684e-01,4.174385557620579057e-01,8.469866193401602850e-01,6.810163426724062674e+01
3.913016154822361314e-01,1.177727119903039521e-01,1.251335064896980098e-01,4.157579664498760041e-01,8.476753293971358572e-01,6.812868308350603286e+01
3.873234721352925569e-01,1.217001462111900745e-01,1.293064053493895582e-01,4.115311891437480885e-01,8.490536599564336706e-01,6.812256381183213705e+01
3.786952591248092248e-01,1.248970307875182095e-01,1.327030952117380369e-01,4.023637128201096869e-01,8.510202468965055722e-01,6.812603290480798535e+01
3.630161063403618549e-01,1.265805123643384267e-01,1.344917943871095922e-01,3.857046129866342765e-01,8.536342495873446845e-01,6.813876323008740599e+01
3.475245511976344792e-01,1.299806042443063248e-01,1.381043920095755273e-01,3.692448356474866134e-01,8.557342358762137779e-01,6.816652356601822760e+01
3.307486428775481824e-01,1.345065790898558600e-01,1.429132402829718373e-01,3.514204330573947321e-01,8.578289169617038246e-01,6.822772977448850895e+01
3.144398680544487346e-01,1.401185439229900020e-01,1.488759529181769847e-01,3.340923598078517909e-01,8.599931713796835631e-01,6.829760503870652144e+01
2.995156553174384007e-01,1.439321655246371401e-01,1.529279258699269284e-01,3.182353837747780578e-01,8.609830485688536594e-01,6.830405997452903932e+01
2.839238130952403960e-01,1.469321175333827001e-01,1.561153748792190599e-01,3.016690514136926571e-01,8.620358052140417726e-01,6.826405740516557330e+01
2.698632357451251629e-01,1.485337680422797180e-01,1.578171285449221362e-01,2.867296879791953468e-01,8.630530798799265213e-01,6.818948259235021681e+01
2.614777217205603854e-01,1.506436249451532927e-01,1.600588515042254412e-01,2.778200793280953818e-01,8.641957943864021496e-01,6.807784951242014415e+01
2.598049982316495976e-01,1.548626418938076343e-01,1.645415570121706861e-01,2.760428106211276766e-01,8.649114334937498816e-01,6.800146466736035222e+01
2.610983933417594383e-01,1.614952334840201453e-01,1.715886855767713992e-01,2.774170429256191950e-01,8.651765723538873409e-01,6.792102958366307064e+01
2.608241979141813771e-01,1.673361589501386748e-01,1.777946688845223333e-01,2.771257102838177167e-01,8.644744576671459235e-01,6.793686155914802782e+01
2.591414750591060634e-01,1.723008304609034702e-01,1.830696323647099943e-01,2.753378172503001542e-01,8.628616479546719065e-01,6.804172187005470107e+01
2.572649949834977523e-01,1.774613089925918263e-01,1.885526408046289126e-01,2.733440571699663479e-01,8.609655119850733174e-01,6.814786997877571650e+01
2.568061131581675927e-01,1.811821228020134011e-01,1.925060054771393081e-01,2.728564952305529978e-01,8.594684726769283856e-01,6.822602406601313874e+01
2.579041539914396775e-01,1.832427729028135721e-01,1.946954462092393701e-01,2.740231636159046746e-01,8.582302452371931567e-01,6.826500774150875372e+01
2.589312673785115204e-01,1.841309643728376300e-01,1.956391496461400425e-01,2.751144715896683968e-01,8.571639140143392233e-01,6.828850659867595141e+01
2.603657676051472358e-01,1.850281502204276229e-01,1.965924096092043771e-01,2.766386280804689068e-01,8.564475720918504065e-01,6.831531627946752394e+01
2.620262528123885604e-01,1.851248983818994942e-01,1.966952045307682473e-01,2.784028936131628384e-01,8.565796907914475788e-01,6.830365470528575145e+01
2.629556601881841704e-01,1.850130980138925962e-01,1.965764166397609425e-01,2.793903889499456672e-01,8.566896223943154531e-01,6.829283714234098568e+01
2.609076028092828237e-01,1.847233498634309190e-01,1.962685592298955284e-01,2.772143279848630626e-01,8.561500911045413220e-01,6.826579741169845761e+01
2.610439763618637166e-01,1.861066380130639575e-01,1.977383028888803351e-01,2.773592248844805042e-01,8.555648587524824489e-01,6.817314662208721643e+01
2.614489385100112195e-01,1.874302963063603777e-01,1.991446898255078701e-01,2.777894971668871116e-01,8.545483680637691037e-01,6.811314102369955492e+01
2.598541714256266677e-01,1.883949619292929478e-01,2.001696470498736946e-01,2.760950571397282616e-01,8.534574913300053689e-01,6.807175487580647655e+01
2.586749435345100379e-01,1.896672290962584384e-01,2.015214309147745630e-01,2.748421275054170332e-01,8.526826604999230286e-01,6.800401005342607164e+01
2.576250270310899704e-01,1.906050054940870431e-01,2.025178183374675145e-01,2.737265912205332774e-01,8.521373828811578122e-01,6.794043793066877868e+01
2.560763313850774603e-01,1.914851196646921161e-01,2.034529396437353421e-01,2.720811020966450999e-01,8.510486936355992071e-01,6.788659468704749145e+01
2.541329117906054869e-01,1.921658275337934652e-01,2.041761917546557059e-01,2.700162187775183575e-01,8.499042908831015986e-01,6.782997753250022299e+01
2.527854536785981709e-01,1.931915851092451120e-01,2.052660591785729072e-01,2.685845445335107717e-01,8.490561280496780050e-01,6.776724063782359053e+01
2.497469045810570554e-01,1.939466608154193916e-01,2.060683271163832597e-01,2.653560861173732688e-01,8.490598867070784372e-01,6.769410202311476610e+01
2.452696444095754658e-01,1.940736331358732525e-01,2.062032352068651764e-01,2.605989971851739306e-01,8.489536420048955367e-01,6.765635506804125043e+01
2.429803152832540336e-01,1.944472369963061165e-01,2.066001893085752661e-01,2.581665849884574038e-01,8.491172772367311383e-01,6.765022945168205126e+01
2.408274591929695507e-01,1.941687636055725030e-01,2.063043113309207255e-01,2.558791753925303558e-01,8.492313507054817245e-01,6.766585649330777130e+01
2.391631980713166405e-01,1.937221186403042528e-01,2.058297510553233900e-01,2.541108979507738508e-01,8.494715034569862988e-01,6.770860497416056489e+01
2.380712144796939822e-01,1.933780870383519090e-01,2.054642174782490560e-01,2.529506653846745334e-01,8.500344085158769714e-01,6.773872084458770360e+01
2.371855786373323338e-01,1.929258029890244808e-01,2.049836656758384501e-01,2.520096773021657244e-01,8.507440206830381157e-01,6.776936474818595002e+01
2.374175645825435388e-01,1.927535662258219040e-01,2.048006641149358042e-01,2.522561623689525412e-01,8.515088019581817935e-01,6.779543134605972909e+01
2.385713755763120281e-01,1.927584444157151577e-01,2.048058471916974765e-01,2.534820865498316200e-01,8.523963195080936917e-01,6.781402877690224784e+01
2.401834215887862778e-01,1.929121855916638428e-01,2.049691971911429822e-01,2.551948854380853282e-01,8.533273303023456435e-01,6.782479224097124870e+01
2.419186026478249985e-01,1.930176309391939404e-01,2.050812328728934819e-01,2.570385153133141753e-01,8.542657674056994832e-01,6.782897257587660533e+01
2.422117103271610172e-01,1.931192632909711493e-01,2.051892172466570352e-01,2.573499422226083744e-01,8.549707569130152729e-01,6.781055641184786964e+01
2.438932123477939307e-01,1.937014285116889223e-01,2.058077677936694383e-01,2.591365381195310236e-01,8.550845463865125451e-01,6.779696954142842458e+01
2.467884217044864215e-01,1.945417579398444896e-01,2.067006178110848968e-01,2.622126980610168800e-01,8.553661511412967711e-01,6.776370881756498932e+01
2.507541080732300087e-01,1.956820983712917184e-01,2.079122295194973935e-01,2.664262398278068877e-01,8.558246019151594108e-01,6.772049242958583193e+01
2.547854547794152769e-01,1.968919140442743076e-01,2.091976586720415421e-01,2.707095457031288288e-01,8.561863456255435212e-01,6.769139127385307120e+01
2.576005930658885612e-01,1.976877859946806482e-01,2.100432726193481592e-01,2.737006301325065616e-01,8.563567732272121535e-01,6.768775118043021166e+01
2.593284045503690405e-01,1.981820393516773859e-01,2.105684168111570942e-01,2.755364298347672269e-01,8.564298226535113079e-01,6.769068078937084465e+01
2.603010343139577909e-01,1.985000467259218637e-01,2.109062996462920392e-01,2.765698489585798892e-01,8.564705704931904195e-01,6.769311839972185396e+01
2.608162723250696535e-01,1.987134159089341268e-01,2.111330044032425080e-01,2.771172893453866526e-01,8.564895470650865095e-01,6.769519204836423398e+01
2.653824229541794644e-01,2.005496268319210684e-01,2.130839785089161664e-01,2.819688243888157086e-01,8.570411148048077132e-01,6.769849146671715800e+01
2.719191778154188555e-01,2.030117966652949801e-01,2.157000339568760083e-01,2.889141264288825894e-01,8.576677483620477327e-01,6.770241292673001965e+01
2.768797233355506648e-01,2.045408307409002646e-01,2.173246326622064739e-01,2.941847060440226924e-01,8.579349955221721169e-01,6.770702129181657369e+01
2.814928587317506725e-01,2.044363585492325053e-01,2.172136309585594727e-01,2.990861624024851451e-01,8.581505009233899584e-01,6.767546544166800970e+01
2.873351162839352657e-01,2.031888754444619027e-01,2.158881801597407057e-01,3.052935610516813170e-01,8.591747655743970924e-01,6.767746862450218259e+01
2.895599652228718068e-01,1.990971976635586560e-01,2.115407725175312559e-01,3.076574630493013052e-01,8.611217444992739223e-01,6.770469488650483925e+01
2.896177564828901208e-01,1.933351075298595234e-01,2.054185517504757974e-01,3.077188662630707117e-01,8.633637086589633913e-01,6.768172381260438897e+01
2.878981493515667678e-01,1.871708435752739985e-01,1.988690212987287154e-01,3.058917836860397532e-01,8.656414619652995635e-01,6.756797950870526392e+01
2.860127346237827939e-01,1.812636970328608821e-01,1.925926780974145380e-01,3.038885305377694301e-01,8.676230307321480817e-01,6.746578199834009126e+01
2.834123756744180156e-01,1.748525142385140563e-01,1.857807963784212368e-01,3.011256491540691971e-01,8.692247554108326613e-01,6.747159554348129973e+01
2.813606670616674577e-01,1.706446553463193128e-01,1.813099463054645144e-01,2.989457087530216772e-01,8.696043467671211724e-01,6.766233855491374527e+01
2.771147040219461566e-01,1.672032184811256261e-01,1.776534196361960194e-01,2.944343730233177081e-01,8.694646406168861086e-01,6.781288806322911000e+01
2.739171976532683295e-01,1.625894875617644175e-01,1.727513305343746364e-01,2.910370225065976868e-01,8.694614453728765069e-01,6.786397839401743681e+01
2.750557367091108207e-01,1.573818629501204103e-01,1.672182293845030643e-01,2.922467202534303476e-01,8.695172059476411475e-01,6.786820377241691915e+01
2.808953402123682830e-01,1.505832430352898321e-01,1.599946957249955559e-01,2.984512989756414325e-01,8.695047311753586472e-01,6.786475423818014008e+01
2.907326034210619414e-01,1.434292135960548442e-01,1.523935394458083292e-01,3.089033911348783024e-01,8.690711498782306421e-01,6.783634375097342684e+01
3.026944695070336588e-01,1.372442522836505030e-01,1.458220180513787045e-01,3.216128738512234464e-01,8.683428338213204922e-01,6.781057197359861277e+01
3.162089715182693772e-01,1.332363538278832360e-01,1.415636259421260978e-01,3.359720322381614110e-01,8.668524592360219438e-01,6.777214366499072185e+01
3.278393158262800089e-01,1.312975579711875285e-01,1.395036553443867178e-01,3.483292730654223845e-01,8.647230709220555811e-01,6.776594208614156400e+01
3.390187601607901891e-01,1.300294639547066866e-01,1.381563054518757661e-01,3.602074326708395446e-01,8.623399987809394762e-01,6.779173070316349481e+01
3.490510743914886915e-01,1.289777072891992171e-01,1.370388139947741890e-01,3.708667665409567382e-01,8.599680754552159190e-01,6.789829487007452258e+01
3.568621354630471809e-01,1.273577671997307148e-01,1.353176276497137787e-01,3.791660189294874250e-01,8.576434913426745910e-01,6.802255480906610785e+01
3.635965261309193064e-01,1.253942356414584625e-01,1.332313753690497482e-01,3.863213090141019435e-01,8.554027802260655289e-01,6.814950700002252404e+01
3.711885409830470994e-01,1.244887022483813777e-01,1.322692461389051721e-01,3.943878247944873627e-01,8.533282028737809721e-01,6.825269362174292098e+01
3.773956853459695671e-01,1.247252823197871757e-01,1.325206124647738681e-01,4.009829156800925332e-01,8.517572274618755435e-01,6.837689234569036500e+01
3.829986229075245108e-01,1.255864776090576673e-01,1.334356324596237542e-01,4.069360368392446747e-01,8.500330677065034424e-01,6.850735692392115084e+01
3.881018129793568083e-01,1.268378670329798896e-01,1.347652337225411778e-01,4.123581762905664250e-01,8.479268711574415862e-01,6.865216353549936912e+01
3.921871711233180791e-01,1.279676414632245629e-01,1.359656190546761900e-01,4.166988693185254000e-01,8.458852684648140441e-01,6.878040957521405119e+01
3.928220973975100061e-01,1.280871377193958938e-01,1.360925838268582100e-01,4.173734784848542878e-01,8.443243653729940457e-01,6.888377663847802523e+01
3.883131824841641877e-01,1.278735289973649825e-01,1.358656245597002765e-01,4.125827563894241545e-01,8.435049349682992581e-01,6.893739030747485685e+01
3.895162954778643716e-01,1.258761388851781793e-01,1.337433975655017704e-01,4.138610639452308670e-01,8.409188051132406860e-01,6.893874075972310322e+01
3.922076689425855744e-01,1.234991860853201229e-01,1.312178852156526965e-01,4.167206482514972388e-01,8.377722931462836531e-01,6.899742838610870876e+01
3.967867679461481445e-01,1.219248228788960831e-01,1.295451243088270865e-01,4.215859409427823445e-01,8.348163352746930110e-01,6.910543597170922681e+01
4.030638172437796540e-01,1.230471203238414774e-01,1.307375653440817354e-01,4.282553058215159414e-01,8.313571542269101444e-01,6.917335854266369211e+01
4.063809001337275739e-01,1.245068455914687122e-01,1.322885234409355570e-01,4.317797063920857936e-01,8.276598278324274194e-01,6.924084089567347178e+01
4.078426264017039893e-01,1.254720844866121787e-01,1.333140897670254399e-01,4.333327905518100098e-01,8.246080748949096151e-01,6.932555108523624199e+01
4.076433090137629445e-01,1.267208613130065276e-01,1.346409151450695674e-01,4.331210158271230903e-01,8.219296716317318063e-01,6.940681606335709830e+01
4.060906692378740690e-01,1.270090716483318338e-01,1.349471386263525752e-01,4.314713360652410734e-01,8.201427216249179697e-01,6.945702622196719744e+01
3.991266446996558082e-01,1.264632482088589860e-01,1.343672012219126466e-01,4.240720599933842649e-01,8.201330382241963646e-01,6.939483228268593962e+01
3.971099460822951066e-01,1.262503608533604715e-01,1.341410084066953778e-01,4.219293177124384675e-01,8.194424465214388276e-01,6.925111949467549266e+01
3.946892275735386368e-01,1.263984022967865606e-01,1.342983024403356929e-01,4.193573042968844478e-01,8.187680494649742791e-01,6.906804070612351154e+01
3.920907234454180101e-01,1.264367159920955219e-01,1.343390107416015389e-01,4.165963936607566254e-01,8.183433886687034864e-01,6.885869220845279415e+01
3.905548253459892316e-01,1.262824256097268005e-01,1.341750772103348643e-01,4.149645019301135829e-01,8.185096370964233259e-01,6.869688834287502743e+01
3.857247109080863545e-01,1.266931556242260337e-01,1.346114778507401244e-01,4.098325053398414464e-01,8.204725672359286515e-01,6.869330319818406849e+01
3.831077355002294182e-01,1.273163064989255022e-01,1.352735756551083912e-01,4.070519689689937604e-01,8.221036917648436582e-01,6.873143291863887328e+01
3.808588071170123102e-01,1.275519409255738146e-01,1.355239372334222092e-01,4.046624825618255206e-01,8.244469967594767468e-01,6.868351291920826895e+01
3.803727451934054149e-01,1.267222838019839704e-01,1.346424265396079512e-01,4.041460417679932360e-01,8.253135721535248548e-01,6.861525055762919578e+01
3.810690379344042200e-01,1.253421592968654019e-01,1.331760442529195676e-01,4.048858528053044803e-01,8.260571449043223602e-01,6.854518713968464283e+01
3.816322459085838004e-01,1.237169639340252869e-01,1.314492741799019593e-01,4.054842612778702393e-01,8.270441880372157994e-01,6.847515924228241602e+01
3.817655576154255770e-01,1.219406095801461309e-01,1.295618976789051913e-01,4.056259049663896721e-01,8.282034120555601397e-01,6.839478096208989655e+01
3.810772806495582032e-01,1.200404562193722463e-01,1.275429847330831201e-01,4.048946106901554765e-01,8.296921595199326926e-01,6.830422571912521335e+01
3.816868601555672424e-01,1.190448322986604190e-01,1.264851343173267195e-01,4.055422889152899280e-01,8.307061719857175008e-01,6.820741957538376710e+01
3.820292621753938467e-01,1.185820913117684172e-01,1.259934720187540491e-01,4.059060910613559447e-01,8.316753464531453366e-01,6.812932056888753607e+01
3.823462944350530801e-01,1.185282223934269463e-01,1.259362362930161738e-01,4.062429378372440225e-01,8.324340143240895884e-01,6.807067609060730717e+01
3.826318397156955320e-01,1.186422882562072623e-01,1.260574312722202717e-01,4.065463296979268115e-01,8.329149003500282422e-01,6.803848949605219332e+01
3.828118894519730309e-01,1.187889828424542465e-01,1.262132942701078009e-01,4.067376325427214945e-01,8.332097681404373457e-01,6.802076616420461619e+01
3.828478536293508649e-01,1.189437126790300614e-01,1.263776947214695912e-01,4.067758444811850338e-01,8.334115701470433679e-01,6.800971786285202825e+01
3.827741217751398084e-01,1.190761128784000172e-01,1.265183699333000955e-01,4.066975043860860950e-01,8.335644964482999963e-01,6.800240127231624854e+01
3.826396980038390128e-01,1.191916605468710810e-01,1.266411393310504785e-01,4.065546791290788886e-01,8.336877269156354187e-01,6.799707010960720766e+01
3.822597686292770747e-01,1.192136236554287576e-01,1.266644751338931729e-01,4.061510041686068884e-01,8.339676771610342598e-01,6.799250369649818992e+01
3.806157754600282273e-01,1.187336315150945010e-01,1.261544834847880547e-01,4.044042614262801094e-01,8.351089312810007215e-01,6.798761680422501286e+01
3.783095430634325074e-01,1.185219417356822291e-01,1.259295630941624500e-01,4.019538895048967997e-01,8.362765765443167520e-01,6.798262044178935071e+01
3.749185738831444792e-01,1.203481867742708239e-01,1.278699484476627235e-01,3.983509847508406310e-01,8.380524433651226346e-01,6.798673036055163266e+01
3.729952541850795611e-01,1.216365250176551088e-01,1.292388078312586008e-01,3.963074575716470926e-01,8.399359953545771917e-01,6.799544611601125155e+01
3.726431753729487206e-01,1.222349380629491472e-01,1.298746216918834073e-01,3.959333738337580400e-01,8.418571390704906454e-01,6.798627996422048625e+01
3.744267826134464738e-01,1.262706330364610219e-01,1.341625476012397178e-01,3.978284565267868333e-01,8.445011437898758411e-01,6.797135655007150490e+01
3.738132886370717500e-01,1.315141702755440178e-01,1.397338059177654912e-01,3.971766191768886789e-01,8.470105650016040988e-01,6.797082682950392041e+01
3.696704641182734230e-01,1.373099004276550905e-01,1.458917692043834868e-01,3.927748681256657548e-01,8.492193975718015375e-01,6.798356932718392898e+01
3.608803267657919589e-01,1.440303226784526158e-01,1.530322178458559113e-01,3.834353471886538522e-01,8.514758269419997472e-01,6.799604512112993859e+01
3.457241721323685013e-01,1.481967117848153603e-01,1.574590062713662475e-01,3.673319328906415326e-01,8.541880705955962050e-01,6.803417244007709996e+01
3.285150766078148155e-01,1.522905498706844662e-01,1.618087092376024327e-01,3.490472688958034531e-01,8.567568336861994815e-01,6.808224589308007069e+01
3.166692501857437114e-01,1.540090356744803213e-01,1.636346004041353830e-01,3.364610783223523360e-01,8.589319508052324359e-01,6.816365587250531632e+01
3.050900714787225798e-01,1.543959097096163635e-01,1.640456540664675389e-01,3.241582009461430047e-01,8.610575660052665059e-01,6.823892758258052993e+01
2.939668153116105076e-01,1.548986608836715184e-01,1.645798271889010178e-01,3.123397412685861019e-01,8.621458735987090893e-01,6.831335900767076907e+01
2.818437252478167565e-01,1.560063309372044238e-01,1.657567266207797541e-01,2.994589580758056369e-01,8.627220915876296914e-01,6.837957747278124998e+01
2.686913357806550162e-01,1.561880420949804393e-01,1.659497947259168382e-01,2.854845442669458055e-01,8.633870190507400011e-01,6.843117763825942745e+01
2.565683258074336059e-01,1.545409934677912933e-01,1.641998055595282890e-01,2.726038461703981786e-01,8.642633361823476301e-01,6.843899947677111584e+01
2.471789793524818979e-01,1.505675974633671199e-01,1.599780723048276343e-01,2.626276655620122247e-01,8.653978864127396253e-01,6.840960507059368467e+01
2.399133513500793791e-01,1.459553485892542413e-01,1.550775578760828499e-01,2.549079358094593073e-01,8.660162349945534910e-01,6.836670022278521230e+01
2.375557785392483912e-01,1.424737609737666832e-01,1.513783710346271183e-01,2.524030146979514555e-01,8.667304914510930436e-01,6.833730595301078381e+01
2.382612855262111196e-01,1.418450516510061377e-01,1.507103673791940490e-01,2.531526158715993735e-01,8.672405447030913095e-01,6.824593916351111034e+01
2.374335754806169152e-01,1.430452977978435847e-01,1.519856289102088642e-01,2.522731739481554603e-01,8.670455498813148809e-01,6.813602874506450746e+01
2.359269170105218194e-01,1.454997643188279122e-01,1.545934995887545682e-01,2.506723493236793776e-01,8.665920409168378358e-01,6.806635095148166670e+01
2.346622016255900667e-01,1.495033607205764337e-01,1.588473207656126984e-01,2.493285892271894788e-01,8.656648815277511178e-01,6.807502974853646549e+01
2.340836004820451566e-01,1.539674767867793004e-01,1.635904440859529685e-01,2.487138255121728592e-01,8.645889691265933319e-01,6.811608073337067992e+01
2.344036849706375714e-01,1.583106052055460733e-01,1.682050180308926335e-01,2.490539152813025514e-01,8.634945346441504910e-01,6.817612724054971807e+01
2.342891085653794614e-01,1.612868248322363307e-01,1.713672513842511291e-01,2.489321778507155580e-01,8.622178451020531265e-01,6.818256867727852466e+01
2.356791922818323726e-01,1.639075098937611552e-01,1.741517292621211910e-01,2.504091417994469548e-01,8.609864176992938489e-01,6.819053386332259947e+01
2.371971740538281748e-01,1.660749199357403616e-01,1.764546024317243111e-01,2.520219974321922241e-01,8.597351535075248297e-01,6.816803877616821694e+01
2.374466422885840311e-01,1.676819326756888440e-01,1.781620534679193013e-01,2.522870574316204983e-01,8.583468534832522367e-01,6.819053179595958625e+01
2.372608262292673076e-01,1.697828113243697035e-01,1.803942370321429400e-01,2.520896278685964553e-01,8.567041534575172701e-01,6.819646654316919410e+01
2.342219952309222419e-01,1.720278549965993664e-01,1.827795959338869569e-01,2.488608699328546670e-01,8.556594985125459685e-01,6.822633077654225531e+01
2.339049478163998663e-01,1.740613905061867694e-01,1.849402274128234269e-01,2.485240070549249169e-01,8.529089367471105465e-01,6.823428190777967473e+01
2.333631305423403690e-01,1.755213437626660933e-01,1.864914277478327831e-01,2.479483262012369682e-01,8.528188608309420493e-01,6.833920822211786117e+01
2.340386346407042628e-01,1.771611744840459468e-01,1.882337478892988636e-01,2.486660493057481491e-01,8.515629977595299271e-01,6.834861779975378226e+01
2.364809960799499622e-01,1.778488947497065265e-01,1.889644506715632832e-01,2.512610583349467741e-01,8.502052285454936298e-01,6.832674222002935949e+01
2.386210898253414703e-01,1.783656786686363127e-01,1.895135335854260250e-01,2.535349079394253469e-01,8.490652911020346583e-01,6.829802445666774702e+01
2.406232499241107992e-01,1.785392998134340548e-01,1.896980060517739208e-01,2.556622030443675420e-01,8.481971429195296341e-01,6.828116662990547070e+01
2.426582155448522016e-01,1.786289072414181944e-01,1.897932139440068333e-01,2.578243540164054104e-01,8.475792783060280833e-01,6.828302503451818950e+01
2.440970752927943133e-01,1.786738323778273851e-01,1.898409469014416540e-01,2.593531424985939249e-01,8.471914981053222382e-01,6.827710766093358075e+01
2.398260398208361399e-01,1.787819324113749109e-01,1.899558031870859920e-01,2.548151673096380465e-01,8.475282614339789689e-01,6.838801790522362012e+01
2.346186146513005721e-01,1.784233003949620422e-01,1.895747566696473208e-01,2.492822780670069238e-01,8.477621980550474889e-01,6.847012372799945013e+01
2.328765276750659474e-01,1.781043638467095513e-01,1.892358865871288376e-01,2.474313106547575691e-01,8.475154434050962138e-01,6.851713638257785988e+01
2.326252194792901018e-01,1.779232655737953972e-01,1.890434696721576269e-01,2.471642956967457228e-01,8.474463687584401494e-01,6.856472731574868362e+01
2.329036575215960025e-01,1.775541877724681472e-01,1.886513245082472590e-01,2.474601361166958169e-01,8.473377558785155639e-01,6.859652043703255231e+01
2.327219958679095924e-01,1.772724231827792762e-01,1.883519496317030417e-01,2.472671206096540564e-01,8.472854992015933506e-01,6.860556773815083886e+01
2.326225366069782086e-01,1.770421934459058821e-01,1.881073305362748194e-01,2.471614451449143379e-01,8.473625809979825618e-01,6.861518386258394742e+01
2.334712542994670237e-01,1.771110491841013934e-01,1.881804897581077773e-01,2.480632076931834074e-01,8.477763875051806952e-01,6.862515977726170036e+01
2.345807840870746674e-01,1.773613997351562166e-01,1.884464872186035200e-01,2.492420830925167752e-01,8.488192479385642253e-01,6.860457263533854189e+01
2.367012454521302267e-01,1.777646877376459489e-01,1.888749807212488641e-01,2.514950732928883936e-01,8.496232904402009067e-01,6.861351349557502033e+01
2.394956334618499605e-01,1.782556720393284333e-01,1.893966515417864482e-01,2.544641105532154390e-01,8.503544641582930774e-01,6.861122551422609206e+01
2.428012999862299293e-01,1.788521648933344144e-01,1.900304251991677962e-01,2.579763812353690899e-01,8.511465737883247007e-01,6.859086793782076086e+01
2.461036781879294977e-01,1.794070127129333558e-01,1.906199510074916004e-01,2.614851580746752058e-01,8.519880118035280114e-01,6.857427064928035065e+01
2.494471378583318633e-01,1.799746620509761752e-01,1.912230784291619468e-01,2.650375839744776307e-01,8.528123955240931586e-01,6.855840230345039288e+01
2.523190229056556100e-01,1.806764728721561575e-01,1.919687524266658618e-01,2.680889618372589989e-01,8.535514958584933254e-01,6.853926392156715508e+01
2.545362071561045325e-01,1.811790616620836125e-01,1.925027530159638123e-01,2.704447201033611803e-01,8.540195634604599295e-01,6.853792994812062034e+01
2.559703223726494947e-01,1.814797851263044992e-01,1.928222716966986605e-01,2.719684675209397273e-01,8.543186611724010726e-01,6.854007697451011438e+01
2.568214238222396584e-01,1.816623335494098324e-01,1.930162293962478515e-01,2.728727628111298209e-01,8.545316719311997211e-01,6.854082410995177099e+01
2.573142337525947121e-01,1.817738581388858299e-01,1.931347242725662827e-01,2.733963733621317393e-01,8.546915795507804559e-01,6.854078587094608110e+01
2.575866258067850967e-01,1.818434436276858135e-01,1.932086588544161265e-01,2.736857899197089883e-01,8.548163034741773636e-01,6.854045734226302500e+01
2.577216549148350633e-01,1.818865415078149139e-01,1.932544503520534640e-01,2.738292583470119945e-01,8.549195142920610335e-01,6.853996174445242673e+01
2.577802098515053486e-01,1.819107110987867593e-01,1.932801305424609595e-01,2.738914729672243809e-01,8.550051037407023768e-01,6.853915308962226050e+01
2.577945089778627685e-01,1.819220967283205759e-01,1.932922277738406136e-01,2.739066657889794310e-01,8.550775957724752185e-01,6.853810227272956013e+01
2.560593642833493555e-01,1.809232507686825420e-01,1.922309539417253188e-01,2.720630745510586035e-01,8.547911308618020287e-01,6.849707281281986582e+01
2.549288554708640242e-01,1.798340650191619927e-01,1.910736940828596520e-01,2.708619089377929390e-01,8.538984467316715898e-01,6.848605051709942870e+01
2.527925351786695640e-01,1.817967136057965782e-01,1.931590082061589164e-01,2.685920686273365332e-01,8.535861550255551267e-01,6.847718442415946072e+01
2.526317170779529553e-01,1.848724203250015630e-01,1.964269465953141502e-01,2.684211993953249942e-01,8.537564753319710764e-01,6.846295832060931730e+01
2.505257737055523459e-01,1.855504576214525303e-01,1.971473612227932770e-01,2.661836345621494959e-01,8.540822337222387928e-01,6.848927231325131970e+01
2.489939794774629067e-01,1.818740840620388377e-01,1.932412143159163154e-01,2.645561031948044373e-01,8.562074025159159829e-01,6.856827531511287077e+01
2.463473551252503557e-01,1.764026525245879218e-01,1.874278183073747883e-01,2.617440648205783815e-01,8.586973711191737690e-01,6.854649339614026360e+01
2.456273647096123836e-01,1.703907117800679827e-01,1.810401312663222628e-01,2.609790750039632234e-01,8.609011505492041305e-01,6.844491454809032405e+01
2.473458488826177359e-01,1.635411243248343915e-01,1.737624445951365115e-01,2.628049644377813410e-01,8.633577790218915915e-01,6.836315787007019651e+01
2.513920148329368831e-01,1.575932156047376576e-01,1.674427915800338895e-01,2.671040157599953724e-01,8.656173771681411333e-01,6.824463262277660647e+01
2.579585186178638412e-01,1.531966509750072869e-01,1.627714416609451487e-01,2.740809260314802653e-01,8.673022701501188481e-01,6.827142769730366467e+01
2.671521523887130933e-01,1.475626510705765060e-01,1.567853167624876087e-01,2.838491619130076860e-01,8.684646831988871440e-01,6.831306569761784431e+01
2.787712665267511603e-01,1.417076018064648280e-01,1.505643269193689682e-01,2.961944706846731945e-01,8.693777727936202737e-01,6.833212757060358911e+01
2.915929092846270554e-01,1.358657346687799361e-01,1.443573430855787099e-01,3.098174661149162290e-01,8.697866444844629674e-01,6.834853292281478332e+01
3.058836013689947841e-01,1.305573988727313228e-01,1.387172363022770583e-01,3.250013264545568714e-01,8.695289680440057012e-01,6.837048603681824943e+01
3.223561531238079980e-01,1.270789869014126716e-01,1.350214235827510711e-01,3.425034126940460499e-01,8.683148316347497619e-01,6.839602937323621745e+01
3.393853040015514799e-01,1.241700180630569833e-01,1.319306441919979866e-01,3.605968855016482566e-01,8.666446110155234805e-01,6.842381698568904369e+01
3.541951010661882893e-01,1.209368402436957340e-01,1.284953927589268519e-01,3.763322948828250469e-01,8.649813719321143290e-01,6.845395522400121990e+01
3.687543992516085778e-01,1.176737378525253147e-01,1.250283464683082379e-01,3.918015492048342319e-01,8.631911359696866626e-01,6.850490262538156117e+01
3.849095852541972729e-01,1.152492799306381877e-01,1.224523599263030310e-01,4.089664343325845053e-01,8.610822539590928804e-01,6.859116228058435638e+01
3.997116409249946711e-01,1.128551447915085437e-01,1.199085913409780046e-01,4.246936184828069560e-01,8.587383868795308572e-01,6.867281024902679576e+01
4.138726525451428273e-01,1.101934697328071366e-01,1.170805615911075653e-01,4.397396933292141985e-01,8.561102012488620572e-01,6.876835358422762567e+01
4.270782333117648655e-01,1.074993759816930544e-01,1.142180869805489718e-01,4.537706228937504194e-01,8.532065689608661074e-01,6.888610136269124951e+01
4.385941467439737895e-01,1.053878535482085238e-01,1.119745943949716771e-01,4.660062809154722485e-01,8.502460194943142202e-01,6.901945222160209426e+01
4.467193479615905183e-01,1.047278411059424652e-01,1.112733311750638693e-01,4.746393072091898424e-01,8.476167726724411766e-01,6.915572328529108859e+01
4.509917552241147209e-01,1.055297642585062146e-01,1.121253745246628825e-01,4.791787399256215996e-01,8.454166872915543918e-01,6.931108929758070758e+01
4.482316781171655773e-01,1.050716807771668593e-01,1.116386608257399354e-01,4.762461579994885508e-01,8.449837267894249049e-01,6.940675791125184446e+01
4.458075558259269600e-01,1.057507328134510843e-01,1.123601536142919133e-01,4.736705280650473915e-01,8.440187029482363323e-01,6.949934203667311294e+01
4.513068435753679331e-01,1.070207440743318472e-01,1.137095405789775721e-01,4.795135212988282380e-01,8.417190511208073600e-01,6.957080118191726115e+01
4.560992061144416021e-01,1.088406304331701602e-01,1.156431698352433091e-01,4.846054064965942265e-01,8.388216717879446449e-01,6.959940036445946987e+01
4.584940149269779996e-01,1.106330059555235418e-01,1.175475688277437814e-01,4.871498908599140587e-01,8.356716099852973256e-01,6.961772149808440702e+01
4.588360621458049682e-01,1.122912414550988613e-01,1.193094440460425870e-01,4.875133160299175983e-01,8.323543766548644474e-01,6.963799963234114898e+01
4.591207629263972523e-01,1.141600942478658148e-01,1.212951001383574395e-01,4.878158106092969626e-01,8.296017551779223398e-01,6.973477340006340341e+01
4.598774255770390895e-01,1.157388735587775858e-01,1.229725531562013141e-01,4.886197646756039736e-01,8.270027446918389868e-01,6.987556151461554066e+01
4.607601767283897032e-01,1.168925334120545778e-01,1.241983167503079161e-01,4.895576877739141741e-01,8.245428041355500337e-01,7.002136012622128192e+01
4.613565587579835925e-01,1.182163516702853662e-01,1.256048736496784002e-01,4.901913436803574387e-01,8.221910233631865017e-01,7.019494339617746448e+01
4.610136861566029309e-01,1.197036968590807077e-01,1.271851779127733117e-01,4.898270415413908951e-01,8.198758582494550806e-01,7.039643650421494669e+01
4.596257443348393812e-01,1.209388583259191075e-01,1.284975369712891557e-01,4.883523533557667107e-01,8.178834985076970376e-01,7.058219334733878725e+01
4.590520723160543271e-01,1.215682191232614201e-01,1.291662328184653430e-01,4.877428268358076080e-01,8.166328276903592753e-01,7.060282246907335946e+01
4.564701220497711098e-01,1.220996448349454394e-01,1.297308726371294851e-01,4.849995046778815544e-01,8.159909853847087113e-01,7.047188074823544923e+01
4.517490181834388774e-01,1.228479965874244989e-01,1.305259963741385587e-01,4.799833318199038246e-01,8.162084441022374737e-01,7.027234492830807255e+01
4.466447339585035148e-01,1.238844356311794848e-01,1.316272128581281731e-01,4.745600298309096132e-01,8.165933457017863217e-01,7.003931053352899028e+01
4.428071515853401752e-01,1.247620635782766413e-01,1.325596925519191005e-01,4.704825985594239812e-01,8.168303424783418532e-01,6.979283118086696902e+01
4.415825525737349655e-01,1.251918605290314179e-01,1.330163518120958954e-01,4.691814621095931059e-01,8.173097130560161849e-01,6.960588979530112397e+01
4.425258816596129852e-01,1.253829794178640544e-01,1.332194156314805422e-01,4.701837492633385573e-01,8.175488559149586276e-01,6.959924084496088881e+01
4.441063796012860720e-01,1.255211398738597106e-01,1.333662111159760189e-01,4.718630283263664515e-01,8.178793016054257681e-01,6.958797194089436289e+01
4.468421430657560922e-01,1.256824640529344561e-01,1.335376180562430071e-01,4.747697770073658341e-01,8.186069712044601321e-01,6.957029807183690195e+01
4.494753712600130791e-01,1.255525134099109430e-01,1.333995454980303752e-01,4.775675819637640318e-01,8.193825398123342207e-01,6.952123422153970012e+01
4.518798810419529799e-01,1.255607774291969125e-01,1.334083260185217612e-01,4.801223736070748815e-01,8.203324855297933205e-01,6.944827746089839593e+01
4.538497404199923202e-01,1.254956463481484430e-01,1.333391242449077640e-01,4.822153491962421490e-01,8.210830706310989768e-01,6.935915481468126131e+01
4.556636053651406670e-01,1.256519465089224741e-01,1.335051931657300905e-01,4.841425807004618997e-01,8.219490384609158262e-01,6.926746865989883872e+01
4.570279668840485088e-01,1.258768995825753634e-01,1.337442058064862993e-01,4.855922148143014816e-01,8.230784724798251295e-01,6.919994014604840515e+01
4.579592203192866529e-01,1.259582621383577572e-01,1.338306535220052662e-01,4.865816715892424260e-01,8.238030268457624539e-01,6.913915148414808698e+01
4.589619246794682805e-01,1.260056905617138179e-01,1.338810462218210651e-01,4.876470449719352285e-01,8.240893292471542786e-01,6.909751372194583041e+01
4.595289190636945298e-01,1.260832533496172581e-01,1.339634566839683627e-01,4.882494765051756391e-01,8.242787211204218867e-01,6.907531654438285784e+01
4.597399067242926574e-01,1.261721925568492220e-01,1.340579545916523452e-01,4.884736508945611844e-01,8.244480845574809758e-01,6.906098552078796615e+01
4.596562123389605348e-01,1.261857273002436330e-01,1.340723352565088566e-01,4.883847256101455647e-01,8.247762454566395229e-01,6.905031770321245688e+01
4.587237242798703485e-01,1.256875145231898805e-01,1.335429841808892792e-01,4.873939570473618810e-01,8.260485329552265110e-01,6.904005269649607612e+01
4.571388489988297832e-01,1.250378834267039940e-01,1.328527511408730544e-01,4.857100270612568216e-01,8.273222219477337491e-01,6.903125056668791615e+01
4.550335409870842063e-01,1.243107116696683390e-01,1.320801311490227004e-01,4.834731372987768339e-01,8.284481311532940762e-01,6.902346514684262502e+01
4.522517296332371761e-01,1.237619158950636344e-01,1.314970356385052053e-01,4.805174627353142047e-01,8.296032672839255273e-01,6.899852105501010158e+01
4.498212152958888099e-01,1.235698658351437468e-01,1.312929824498402787e-01,4.779350412518817981e-01,8.315973947275095979e-01,6.888408170274691145e+01
4.481923394280394879e-01,1.249778014886586686e-01,1.327889140816998492e-01,4.762043606422916575e-01,8.346102028275826923e-01,6.875389661070757086e+01
4.510735575387680441e-01,1.287868308463815670e-01,1.368360077742805103e-01,4.792656548849409948e-01,8.382043793373470386e-01,6.865733025957003122e+01
4.505031072126590153e-01,1.347851366872180878e-01,1.432092077301692357e-01,4.786595514134505125e-01,8.416646346955043434e-01,6.859480095642287267e+01
4.420802677159118010e-01,1.407256783193824301e-01,1.495210332143439014e-01,4.697102844481563788e-01,8.451241801163290601e-01,6.853424694745139334e+01
4.307023831124620061e-01,1.448215545628072365e-01,1.538729017229826801e-01,4.576212820569908191e-01,8.484123439443255199e-01,6.843398618502698127e+01
4.163653088614784337e-01,1.465865576838955020e-01,1.557482175391390611e-01,4.423881406653208948e-01,8.517229319202176407e-01,6.838252180098709232e+01
3.985616082484924605e-01,1.455979438466407094e-01,1.546978153370557330e-01,4.234717087640231248e-01,8.553506380522660768e-01,6.835475060154969640e+01
3.797285297334997423e-01,1.424102492746862625e-01,1.513108898543542580e-01,4.034615628418435906e-01,8.591757280009142406e-01,6.833872405228936486e+01
3.607045609660207708e-01,1.402070870028961913e-01,1.489700299405771755e-01,3.832485960263967706e-01,8.620163171345675002e-01,6.835197967396578633e+01
3.420625164105831062e-01,1.394852793649869749e-01,1.482031093252988152e-01,3.634414236862445469e-01,8.642236084382745043e-01,6.836199674834490736e+01
3.221213948888515533e-01,1.383631967106743466e-01,1.470108965050916094e-01,3.422539820694047719e-01,8.657881386556389725e-01,6.834345577120811299e+01
3.014934976336727246e-01,1.385791596948986737e-01,1.472403571758299223e-01,3.203368412357773254e-01,8.668319156105371848e-01,6.836885458242419134e+01
2.833063912519053762e-01,1.401502860975232245e-01,1.489096789786184261e-01,3.010130407051493373e-01,8.670618606738560441e-01,6.841641000246433180e+01
2.676559294448332404e-01,1.428731290282969635e-01,1.518026995925653710e-01,2.843844250351351688e-01,8.665529432367925500e-01,6.847903586475423765e+01
2.545883845748391217e-01,1.473348007015401195e-01,1.565432257453863440e-01,2.705001586107665390e-01,8.660455997773132131e-01,6.853758441251518718e+01
2.427982231547517744e-01,1.514078307492340569e-01,1.608708201710612740e-01,2.579731121019237516e-01,8.660753902012683358e-01,6.856842255855590906e+01
2.348548578386386032e-01,1.531096454511349236e-01,1.626789982918309674e-01,2.495332864535536044e-01,8.664459016241059519e-01,6.853497311159608785e+01
2.320298408365228937e-01,1.567563155907841510e-01,1.665535853152081414e-01,2.465317058888055468e-01,8.663295171881415513e-01,6.849946167114126183e+01
2.311529491826803118e-01,1.600165750068898995e-01,1.700176109448205131e-01,2.456000085065977723e-01,8.662780103501931395e-01,6.850841849541779993e+01
2.314784530915658667e-01,1.633060842312971384e-01,1.735127144957532008e-01,2.459458564097887490e-01,8.661726813654074819e-01,6.853151733011230817e+01
2.323486083172398853e-01,1.666384718419448019e-01,1.770533763320664977e-01,2.468703963370673660e-01,8.659609180875252887e-01,6.855476735028834412e+01
2.318849131501285465e-01,1.687597380596475849e-01,1.793072216883756786e-01,2.463777202220115425e-01,8.653375492558031956e-01,6.857487345617791163e+01
2.301551630829526962e-01,1.695875229135832551e-01,1.801867430956821947e-01,2.445398607756372744e-01,8.642959627668160838e-01,6.856406723559031491e+01
2.304352612169274506e-01,1.711667533754308579e-01,1.818646754613952865e-01,2.448374650429854804e-01,8.633824630144505408e-01,6.851868937137713544e+01
2.312919575424627616e-01,1.722370332701894657e-01,1.830018478495764045e-01,2.457477048888666860e-01,8.627291027004982960e-01,6.850569641482597660e+01
2.312541626966529429e-01,1.734973867293015115e-01,1.843409733998829236e-01,2.457075478651936928e-01,8.621285578427778651e-01,6.845933484615540010e+01
2.299041897983951643e-01,1.748736973574228082e-01,1.858033034422617580e-01,2.442732016607947754e-01,8.612561271526195661e-01,6.842031714280346932e+01
2.280303152425765811e-01,1.759704716709818151e-01,1.869686261504182045e-01,2.422822099452377476e-01,8.603986860158279182e-01,6.838680853517502101e+01
2.252904820204782999e-01,1.764740520298311299e-01,1.875036802816955617e-01,2.393711371467582838e-01,8.596072267967923564e-01,6.837764336405552967e+01
2.235685920855657038e-01,1.775516604399716425e-01,1.886486392174699378e-01,2.375416290909135308e-01,8.585329612058362203e-01,6.838702259965793928e+01
2.220145932432300573e-01,1.774346934678213139e-01,1.885243618095601148e-01,2.358905053209321145e-01,8.578128723314082382e-01,6.840582971772779786e+01
2.213290288393985061e-01,1.771054560961553559e-01,1.881745471021651350e-01,2.351620931418610672e-01,8.569415948407451689e-01,6.844924985968525277e+01
2.205375887214768293e-01,1.772522694794979314e-01,1.883305363219666129e-01,2.343211880165693151e-01,8.560636897335960338e-01,6.843615491942885853e+01
2.204044915137007010e-01,1.775604865094351226e-01,1.886580169162747900e-01,2.341797722333071596e-01,8.555821105993625109e-01,6.842226365831488977e+01
2.203126568140807429e-01,1.778397359451924231e-01,1.889547194417669496e-01,2.340821978649607893e-01,8.552445296462617419e-01,6.841202476878856942e+01
2.201049971341190736e-01,1.780461468754237220e-01,1.891740310551378035e-01,2.338615594550012555e-01,8.549886090193667965e-01,6.840631280689457583e+01
2.195449310857789937e-01,1.781890926807860875e-01,1.893259109733352041e-01,2.332664892786403543e-01,8.548347283306321209e-01,6.840256239782334546e+01
2.185176543065627530e-01,1.782542669331771690e-01,1.893951586165007195e-01,2.321750077007231350e-01,8.547857417988152795e-01,6.840560557125623120e+01
2.172065036866121235e-01,1.782644514605850883e-01,1.894059796768715609e-01,2.307819101670252615e-01,8.548615844280267329e-01,6.841178389978050234e+01
2.157503134483722274e-01,1.782041600924911262e-01,1.893419200982718875e-01,2.292347080388956182e-01,8.550661675014270546e-01,6.841897358715145572e+01
2.142753458301557556e-01,1.780777096286316197e-01,1.892075664804210022e-01,2.276675549445406621e-01,8.553927231222561156e-01,6.842852522041033581e+01
2.130453297364407750e-01,1.779295493267260830e-01,1.890501461596464927e-01,2.263606628449681135e-01,8.558037817112282841e-01,6.844003932789532030e+01
2.130925713535324895e-01,1.780133777154816188e-01,1.891392138226992148e-01,2.264108570631281625e-01,8.563214268838736931e-01,6.845159530437696560e+01
2.142400231661309995e-01,1.782645149452150302e-01,1.894060471292910719e-01,2.276300246140141592e-01,8.569683354198424086e-01,6.846252530707754147e+01
2.160493415957140673e-01,1.785855387078998380e-01,1.897471348771435362e-01,2.295524254454463509e-01,8.577521085070408668e-01,6.847364507430526714e+01
2.183916116976761246e-01,1.789599416407642030e-01,1.901449379933121131e-01,2.320410874287804903e-01,8.586331426407648459e-01,6.848203606811721045e+01
2.211950079556847804e-01,1.793493350623193983e-01,1.905586685037143901e-01,2.350196959529151364e-01,8.596102396149123415e-01,6.848799627302169313e+01
2.245637354368289207e-01,1.797664112141506010e-01,1.910018119150349580e-01,2.385989689016309034e-01,8.606307464353366576e-01,6.849082361847591471e+01
2.278029878389776219e-01,1.800273363788113534e-01,1.912790449024871220e-01,2.420406745789137892e-01,8.614145249412571426e-01,6.847319276899145279e+01
2.304301314363990383e-01,1.801642898977425244e-01,1.914245580163514426e-01,2.448320146511740736e-01,8.619426837297065047e-01,6.843200092570403115e+01
2.319686875181694030e-01,1.803090279552190811e-01,1.915783422024204263e-01,2.464667304880548138e-01,8.621261755218626588e-01,6.836769719579932314e+01
2.332834099687930429e-01,1.806432929839341395e-01,1.919334987954300908e-01,2.478636230918427608e-01,8.622585444970464197e-01,6.829442313763183847e+01
2.345649969937340373e-01,1.809312574948317986e-01,1.922394610882587618e-01,2.492253093058424129e-01,8.623036537147303893e-01,6.825727308958680339e+01
2.354474265564448776e-01,1.811026376290754414e-01,1.924215524808926270e-01,2.501628907162227189e-01,8.623161518095663336e-01,6.823890968595202366e+01
2.359769713803782365e-01,1.812048628579190912e-01,1.925301667865390032e-01,2.507255320916519925e-01,8.623296080284612586e-01,6.822782743429604579e+01
2.362910117881981964e-01,1.812670643102481660e-01,1.925962558296387961e-01,2.510592000249604050e-01,8.623429297469071830e-01,6.822071979597585312e+01
2.364781409452336725e-01,1.813057580333803098e-01,1.926373679104665948e-01,2.512580247543104717e-01,8.623540757281082936e-01,6.821582494780550121e+01
2.371512313182843612e-01,1.812613232663051743e-01,1.925901559704494559e-01,2.519731832756771372e-01,8.621560304195482471e-01,6.818462046998777737e+01
2.384769257217071725e-01,1.811536129529021655e-01,1.924757137624586167e-01,2.533817335793139280e-01,8.616345734121001465e-01,6.813152995625527808e+01
2.398062189427843105e-01,1.810935923889617216e-01,1.924119419132717945e-01,2.547941076267085103e-01,8.610075758249368105e-01,6.809344555870136162e+01
2.357933281030244466e-01,1.789768009146181782e-01,1.901628509717818161e-01,2.505304111094636133e-01,8.611439865989856113e-01,6.802063304244414610e+01
2.355854987888998942e-01,1.757745456285297325e-01,1.867604547303129969e-01,2.503095924632059432e-01,8.627019885807567512e-01,6.797288634708549182e+01
2.383487575241588219e-01,1.722441070559429244e-01,1.830093637469395462e-01,2.532455548694186875e-01,8.642084025765902622e-01,6.795045130908660269e+01
2.404078334054126076e-01,1.683720658710870510e-01,1.788953199880299327e-01,2.554333229932508331e-01,8.654049997249603221e-01,6.795632746901139853e+01
2.400098068730764367e-01,1.634215858137245680e-01,1.736354349270824438e-01,2.550104198026437730e-01,8.669256325950809305e-01,6.789680817874000240e+01
2.418460386689845476e-01,1.580630345550603222e-01,1.679419742147517103e-01,2.569614160857961460e-01,8.680648309978973298e-01,6.794236877254114404e+01
2.418739134600702834e-01,1.525264783489888032e-01,1.620593832458006867e-01,2.569910330513246466e-01,8.685569186645537565e-01,6.801409801956222623e+01
2.433235884009526118e-01,1.471173196984147946e-01,1.563121521795656499e-01,2.585313126760121483e-01,8.688148995835832666e-01,6.801199746793038514e+01
2.497821699342378521e-01,1.422050666757471160e-01,1.510928833429813767e-01,2.653935555551278358e-01,8.690973140663137420e-01,6.797929213873483434e+01
2.600599347185305055e-01,1.363182004649408641e-01,1.448380879939998311e-01,2.763136806384386968e-01,8.692959378123515934e-01,6.794345143966054934e+01
2.746180472569627051e-01,1.312263966411667260e-01,1.394280464312395995e-01,2.917816752105228950e-01,8.685790936224672132e-01,6.791971832007895671e+01
2.916503043781539795e-01,1.272208921123703651e-01,1.351721978693936066e-01,3.098784484017885754e-01,8.674141417267160481e-01,6.787702137767351473e+01
3.075319817461040217e-01,1.244142894911587915e-01,1.321901825843562750e-01,3.267527306052354641e-01,8.656869471603323429e-01,6.785696605394798553e+01
3.240970171185200144e-01,1.229837288829559172e-01,1.306702119381407401e-01,3.443530806884274598e-01,8.631655163571535505e-01,6.783922450387099445e+01
3.422024740021505362e-01,1.206652493344584909e-01,1.282068274178622957e-01,3.635901286272851252e-01,8.606937300211285891e-01,6.778990249911812782e+01
3.588188715285389185e-01,1.178243896872805119e-01,1.251884140427356185e-01,3.812450509990724101e-01,8.583345555765070634e-01,6.779529717088557561e+01
3.754125910963559409e-01,1.149228478035335954e-01,1.221055257912544850e-01,3.988758780398780068e-01,8.559331262656826311e-01,6.784743415754114437e+01
3.903064032067145583e-01,1.121095328661031731e-01,1.191163786702347099e-01,4.147005534071340205e-01,8.533454328718508286e-01,6.794137405385949080e+01
3.992685995306102797e-01,1.085369698968718932e-01,1.153205305154264282e-01,4.242228870012733632e-01,8.508131673851339061e-01,6.805936530781589511e+01
4.129933340698531130e-01,1.056921057233121686e-01,1.122978623310192520e-01,4.388054174492187487e-01,8.473003555278419974e-01,6.816302586855984202e+01
4.257228598203882663e-01,1.032873488622742114e-01,1.097428081661663418e-01,4.523305385591626093e-01,8.439519509473648595e-01,6.831188058093417226e+01
4.365667015363320913e-01,1.008584149520454498e-01,1.071620658865483355e-01,4.638521203823527950e-01,8.406060114476484602e-01,6.848563279027138151e+01
4.464615951908649794e-01,9.844060274438491687e-02,1.045931404159090028e-01,4.743654448902939746e-01,8.373962990892580560e-01,6.866996329506102370e+01
4.551149761377520919e-01,9.624204810132896970e-02,1.022571761076620928e-01,4.835596621463617018e-01,8.339768416414917729e-01,6.884397897792945287e+01
4.600033789763455228e-01,9.495206863683090803e-02,1.008865729266329309e-01,4.887535901623673018e-01,8.310758780603302309e-01,6.904386944226058631e+01
4.620691190580718533e-01,9.518169020884603704e-02,1.011305458468990115e-01,4.909484389992017084e-01,8.291805082193122178e-01,6.924143665645176782e+01
4.665565586970379930e-01,9.600027389008644607e-02,1.020002910082168646e-01,4.957163436156025726e-01,8.267268492056661922e-01,6.946075439014262543e+01
4.702695809550954675e-01,9.828079529429448180e-02,1.044233450001879893e-01,4.996614297647890002e-01,8.242842715381477614e-01,6.967941040727519919e+01
4.728684640482256341e-01,1.008106844860122975e-01,1.071113522663881684e-01,5.024227430512396841e-01,8.220060884190798500e-01,6.990452658954401954e+01
4.756990933962443879e-01,1.034584230334938404e-01,1.099245744730872193e-01,5.054302867335102034e-01,8.194183196923334744e-01,7.010544983350078496e+01
4.767359121917142395e-01,1.053793299518096666e-01,1.119655380737979850e-01,5.065319067036960776e-01,8.164832080824007132e-01,7.027248819536801250e+01
4.789700116502038085e-01,1.069815676581586522e-01,1.136679156367936122e-01,5.089056373783417131e-01,8.139463112098627162e-01,7.042968315532793611e+01
4.810687943637902975e-01,1.081293154830380993e-01,1.148873977007281028e-01,5.111355940115270835e-01,8.117407506877027945e-01,7.054735713386133966e+01
4.818961824624599100e-01,1.088272908974826647e-01,1.156289965785754215e-01,5.120146938663637792e-01,8.097402366337579371e-01,7.062939342213554994e+01
4.813984442047954393e-01,1.095970235332869025e-01,1.164468375041174814e-01,5.114858469675950259e-01,8.081473128847873610e-01,7.069687220635742619e+01
4.799733237301346267e-01,1.101479662456811004e-01,1.170322141360362195e-01,5.099716564632679194e-01,8.068231291571525965e-01,7.075673643156689252e+01
4.790447871942971614e-01,1.107551588504884638e-01,1.176773562786441879e-01,5.089850863939405778e-01,8.058090083796360936e-01,7.080229340925714610e+01
4.778750143370020798e-01,1.112474103414811261e-01,1.182003734878236678e-01,5.077422027330648069e-01,8.050984909060455719e-01,7.083249126158536058e+01
4.763531265019408378e-01,1.116223169017813155e-01,1.185987117081426928e-01,5.061251969083117030e-01,8.046341857444756496e-01,7.084846891981409556e+01
4.740257179615054439e-01,1.120017626082944057e-01,1.190018727713129387e-01,5.036523253340995376e-01,8.045745369571856154e-01,7.084287553895623546e+01
4.693168700724010267e-01,1.126147785923367617e-01,1.196532022543578405e-01,4.986491744519260250e-01,8.059569386988653106e-01,7.076149738679450252e+01
4.673432579789409957e-01,1.132300315266938917e-01,1.203069084971122304e-01,4.965522116026247490e-01,8.062881164407100787e-01,7.060416992139350612e+01
4.655790316328788925e-01,1.139894375604385696e-01,1.211137774079658475e-01,4.946777211099337435e-01,8.066608987040967405e-01,7.040555913061957938e+01
4.640406930067182967e-01,1.147071152996189253e-01,1.218763100058452148e-01,4.930432363196384782e-01,8.072462015607780872e-01,7.022519360625092588e+01
4.657749391639567360e-01,1.145395281426522943e-01,1.216982486515681972e-01,4.948858728617041569e-01,8.080030523248515895e-01,7.009450356261970683e+01
4.680940543704020240e-01,1.146067486198552726e-01,1.217696704085963755e-01,4.973499327685523275e-01,8.090484152897894354e-01,7.002115924801037750e+01
4.716273737559184553e-01,1.142065168223618810e-01,1.213444241237594257e-01,5.011040846156632478e-01,8.100458898704945288e-01,6.994239674509834970e+01
4.747425976442895545e-01,1.140115389971664145e-01,1.211372601844894065e-01,5.044140099970576552e-01,8.109922283993215020e-01,6.985625048675332494e+01
4.773238594379512478e-01,1.139229075678449832e-01,1.210430892908352651e-01,5.071566006528231974e-01,8.117073276213829791e-01,6.975502509691443720e+01
4.795595108982284027e-01,1.140154065918706494e-01,1.211413695038625060e-01,5.095319803293679728e-01,8.124315045700107873e-01,6.966379640513392246e+01
4.805656172091908873e-01,1.141681304457628221e-01,1.213036385986229065e-01,5.106009682847651998e-01,8.131191346592357982e-01,6.959920943135630012e+01
4.808386769546068584e-01,1.143680902821717638e-01,1.215160959248075268e-01,5.108910942642694852e-01,8.136443811053688524e-01,6.956187702610517931e+01
4.809550373474562601e-01,1.145208443926132025e-01,1.216783971671515779e-01,5.110147271816725123e-01,8.139531038897253046e-01,6.954160839352061885e+01
4.808629733568000608e-01,1.146538634622759067e-01,1.218197299286681440e-01,5.109169091915998218e-01,8.142033405775557231e-01,6.952911697234017652e+01
4.806563465261434742e-01,1.147711853958967437e-01,1.219443844831403639e-01,5.106973681840274448e-01,8.143932536844935566e-01,6.952015588382350586e+01
4.798821187726582949e-01,1.146501669895997888e-01,1.218158024264497374e-01,5.098747511959496048e-01,8.154503752391446536e-01,6.951064141779752958e+01
4.782993610806004492e-01,1.143222699159048561e-01,1.214674117856488211e-01,5.081930711481376095e-01,8.168716850917252525e-01,6.950115326859447862e+01
4.756354807448750499e-01,1.142247323734566083e-01,1.213637781467976351e-01,5.053626982914299903e-01,8.183573765138678624e-01,6.947847263036506149e+01
4.723712541114710173e-01,1.143048131596437200e-01,1.214488639821215410e-01,5.018944574934381953e-01,8.205691713796002817e-01,6.941532566871671861e+01
4.657571479878799825e-01,1.161545320669754300e-01,1.234141903211613683e-01,4.948669697371224641e-01,8.235290750055206388e-01,6.933883479077107381e+01
4.580293959259159053e-01,1.189810127637519616e-01,1.264173260614865346e-01,4.866562331712857015e-01,8.268684636367247265e-01,6.920819120868924301e+01
4.527760470139837734e-01,1.213389933840776369e-01,1.289226804705824736e-01,4.810745499523577107e-01,8.301312963268455691e-01,6.905290662393765899e+01
4.506219741294181791e-01,1.247834888091812894e-01,1.325824568597551989e-01,4.787858475125065794e-01,8.332455289573684754e-01,6.894706491960475603e+01
4.484897105567652309e-01,1.306194835297119494e-01,1.387832012503188717e-01,4.765203174665627595e-01,8.367694994552522525e-01,6.884717451245596465e+01
4.397302649194919089e-01,1.355489593925125746e-01,1.440207693545446921e-01,4.672134064769600803e-01,8.408705438523246256e-01,6.873781431995311664e+01
4.262156846291833001e-01,1.406494661190044182e-01,1.494400577514422845e-01,4.528541649185074958e-01,8.453960959099513506e-01,6.862995185052741931e+01
4.093858511220985763e-01,1.433647923691562243e-01,1.523250918922285091e-01,4.349724668172296749e-01,8.496778258052918309e-01,6.857548872852757427e+01
3.916404472058882535e-01,1.440398953896769862e-01,1.530423888515318742e-01,4.161179751562561480e-01,8.536234469037117245e-01,6.854276978095894890e+01
3.727285348722297886e-01,1.422186958335722451e-01,1.511073643231706232e-01,3.960240683017441365e-01,8.575128590073691770e-01,6.852743982230465747e+01
3.509291099237189515e-01,1.407841835947027387e-01,1.495831950693716772e-01,3.728621792939512680e-01,8.614171629763269777e-01,6.852462313429171559e+01
3.261643011622398225e-01,1.394798301272947016e-01,1.481973195102505858e-01,3.465495699848797906e-01,8.647373647610472336e-01,6.851459332702533800e+01
3.036774691694911210e-01,1.392217393686542015e-01,1.479230980791952088e-01,3.226573109925844340e-01,8.669893382108644353e-01,6.851714384485698872e+01
2.852842288321491004e-01,1.401900883868336112e-01,1.489519689110108958e-01,3.031144931341585580e-01,8.682641500726747674e-01,6.854000024396081869e+01
2.693765936799160654e-01,1.420824698274657794e-01,1.509626241916823541e-01,2.862126307849108264e-01,8.690741662727355932e-01,6.857455673201884849e+01
2.562848919954158200e-01,1.461158612484797781e-01,1.552481025765097833e-01,2.723026977451292185e-01,8.696429085232668665e-01,6.865210622686632291e+01
2.469596810535050757e-01,1.512712573079016964e-01,1.607257108896455178e-01,2.623946611193491152e-01,8.697554886140761443e-01,6.874958480082774770e+01
2.392339601496256130e-01,1.548861867616914689e-01,1.645665734342971198e-01,2.541860826589771860e-01,8.694905484841335408e-01,6.882357021649387718e+01
2.344232339058247849e-01,1.588079286255504319e-01,1.687334241646473720e-01,2.490746860249387074e-01,8.692736451641799311e-01,6.888163177767137313e+01
2.333461733930417559e-01,1.620201554266066102e-01,1.721464151407695875e-01,2.479303092301068101e-01,8.696527378189885527e-01,6.892441633933573542e+01
2.333826796077722865e-01,1.652142574611663584e-01,1.755401485524892835e-01,2.479690970832579278e-01,8.698142364992021980e-01,6.895255244642282833e+01
2.333653127170040587e-01,1.682650853944561709e-01,1.787816532316097995e-01,2.479506447618166354e-01,8.698601015953225657e-01,6.897946157952024748e+01
2.327001788301754359e-01,1.704454024425776093e-01,1.810982400952389215e-01,2.472439400070613746e-01,8.700260152952798975e-01,6.892647446671709588e+01
2.323635292224679461e-01,1.720928255805296569e-01,1.828486271793128004e-01,2.468862497988721649e-01,8.698316999625198553e-01,6.890691416115420509e+01
2.309882581174381999e-01,1.727171402489927066e-01,1.835119615145548722e-01,2.454250242497779677e-01,8.695939450539803550e-01,6.892764352695786556e+01
2.324396087028791080e-01,1.740591078177430029e-01,1.849378020563519631e-01,2.469670842468090488e-01,8.692702113435205602e-01,6.893976536368309382e+01
2.335398743857683146e-01,1.754993005982878884e-01,1.864680068856808537e-01,2.481361165348788811e-01,8.688731981912863889e-01,6.895356821343676756e+01
2.325012319577149655e-01,1.764935258817151020e-01,1.875243712493224191e-01,2.470325589550720902e-01,8.682778954803370697e-01,6.896320357811426049e+01
2.307201679479439771e-01,1.777042983487822359e-01,1.888108169955812488e-01,2.451401784446904097e-01,8.677434127936310970e-01,6.892438898203903364e+01
2.295602362209552272e-01,1.779017846091484056e-01,1.890206461472202504e-01,2.439077509847648040e-01,8.674636005359257496e-01,6.891824747382305816e+01
2.288476823175270569e-01,1.777478113287636885e-01,1.888570495368115665e-01,2.431506624623723800e-01,8.672374149869894744e-01,6.891387467781218845e+01
2.280020814069593227e-01,1.775794827583155322e-01,1.886782004307100968e-01,2.422522114948943983e-01,8.668144021051567005e-01,6.890485873637582870e+01
2.271129009797087650e-01,1.777504686415460611e-01,1.888598729316427194e-01,2.413074572909406079e-01,8.660631908990533701e-01,6.889545400608078296e+01
2.263966125154016629e-01,1.778421750894393916e-01,1.889573110325293570e-01,2.405464007976143570e-01,8.652728131261635536e-01,6.888056471266445158e+01
2.250212950941714585e-01,1.779096450741007307e-01,1.890289978912322033e-01,2.390851260375570497e-01,8.648282384213203944e-01,6.884675511700740458e+01
2.250792976489659480e-01,1.783059173543957709e-01,1.894500371890454060e-01,2.391467537520264031e-01,8.646179481110369824e-01,6.883448099433059042e+01
2.247795520288291271e-01,1.784273587436853714e-01,1.895790686651658286e-01,2.388282740306309770e-01,8.641968907700475766e-01,6.883496497807728076e+01
2.242044720460318885e-01,1.785362898397618026e-01,1.896948079547469135e-01,2.382172515489090481e-01,8.638810588924734635e-01,6.883914461703504628e+01
2.233278839896166157e-01,1.786363169312599752e-01,1.898010867394638312e-01,2.372858767389675050e-01,8.636908295117122769e-01,6.884966452981628038e+01
2.221703645321442544e-01,1.786820577391483589e-01,1.898496863478450758e-01,2.360560123154035461e-01,8.636125719827955072e-01,6.886325239027388534e+01
2.209074318122546121e-01,1.786586886533613472e-01,1.898248566941965199e-01,2.347141463005203710e-01,8.636654139868916724e-01,6.887748437931176682e+01
2.196990154374286464e-01,1.785685655046781450e-01,1.897291008487204111e-01,2.334302039022680686e-01,8.638339304256493767e-01,6.889281381568267193e+01
2.189018211885247756e-01,1.784932403636339815e-01,1.896490678863612389e-01,2.325831850128074196e-01,8.641350444886857218e-01,6.890708623213211581e+01
2.184986069089552285e-01,1.784036959241085130e-01,1.895539269193652621e-01,2.321547698407650240e-01,8.645595678087298896e-01,6.892067962453901941e+01
2.191339717227725747e-01,1.784583436584656901e-01,1.896119901371198513e-01,2.328298449554459248e-01,8.651241417563694247e-01,6.893039252993594346e+01
2.205166930737243181e-01,1.786157659126241248e-01,1.897792512821630806e-01,2.342989863908320758e-01,8.658325353150044812e-01,6.893607659227748741e+01
2.224898518636859168e-01,1.788091388011417149e-01,1.899847099762130564e-01,2.363954676051662762e-01,8.666453502179289892e-01,6.894044587960779324e+01
2.248990566079566156e-01,1.789957201689942323e-01,1.901829526795565106e-01,2.389552476459536334e-01,8.675022147622742930e-01,6.894617818795019559e+01
2.273555645681935022e-01,1.791912591849510183e-01,1.903907128840105767e-01,2.415652873537057210e-01,8.683969390782536601e-01,6.895589544808588300e+01
2.294109132525218309e-01,1.791851199761816393e-01,1.903841899746929744e-01,2.437490953308044939e-01,8.691100232724092711e-01,6.893743882497315667e+01
2.315129798502779113e-01,1.790896394734429187e-01,1.902827419405331288e-01,2.459825410909202426e-01,8.695801015911071019e-01,6.889384220199279696e+01
2.326197056574924316e-01,1.790738455608216206e-01,1.902659609083728887e-01,2.471584372610857450e-01,8.696048654815883294e-01,6.883592529704588969e+01
2.345735960726565983e-01,1.793280279963382906e-01,1.905360297461095032e-01,2.492344458271977259e-01,8.692663339383325249e-01,6.884424794663048885e+01
2.366412330591292079e-01,1.796232107466300409e-01,1.908496614182943751e-01,2.514313101253247695e-01,8.687821246684924725e-01,6.887987263169493701e+01
2.367386280952285815e-01,1.796174736994567700e-01,1.908435658056728546e-01,2.515347923511803696e-01,8.685768862174206850e-01,6.887819012268525398e+01
2.366784176765463488e-01,1.795803416716146850e-01,1.908041130260905716e-01,2.514708187813307072e-01,8.684876370103629117e-01,6.887635864069181935e+01
2.365453510154735262e-01,1.795366242245577670e-01,1.907576632385927784e-01,2.513294354539406528e-01,8.684649613790541567e-01,6.887425040262969844e+01
2.364783843481500225e-01,1.791575854802257839e-01,1.903549345727397479e-01,2.512582833699091855e-01,8.682246193390489308e-01,6.879706864059093618e+01
2.371729651614916945e-01,1.788246589454151880e-01,1.900012001295036668e-01,2.519962754840849861e-01,8.678351883650510246e-01,6.869240774358621593e+01
2.375732617876506469e-01,1.784577962825539266e-01,1.896114085502135505e-01,2.524215906493788020e-01,8.673880713014392452e-01,6.859323698161881566e+01
2.336324817247812935e-01,1.754426099550205898e-01,1.864077730772093489e-01,2.482345118325801903e-01,8.668842129782139416e-01,6.851869697867239495e+01
2.274771084351050743e-01,1.697012015782042860e-01,1.803075266768422447e-01,2.416944277122989870e-01,8.664628858099734376e-01,6.845971045207731720e+01
2.231918858833978614e-01,1.632983884525555374e-01,1.735045377308403469e-01,2.371413787511101323e-01,8.674157512491561528e-01,6.840891419940108165e+01
2.234036183495728134e-01,1.581804463796697147e-01,1.680667242783990822e-01,2.373663444964210778e-01,8.685113265290524964e-01,6.843978526740436052e+01
2.297368871336759322e-01,1.557951961011395103e-01,1.655323958574606846e-01,2.440954425795306415e-01,8.694281561332177777e-01,6.844159500035112842e+01
2.345643962280977712e-01,1.526197274290984895e-01,1.621584603934171365e-01,2.492246709923537640e-01,8.702904895744962843e-01,6.847924213630196277e+01
2.373755234826457894e-01,1.483911480934823612e-01,1.576655948493251580e-01,2.522114937003111512e-01,8.706284187119435192e-01,6.853243654220227654e+01
2.384366476923082678e-01,1.436462012262120225e-01,1.526240888028502218e-01,2.533389381730775658e-01,8.699188982559918903e-01,6.856509479630584281e+01
2.432959210127672300e-01,1.386784347540367390e-01,1.473458369261641532e-01,2.585019160760652079e-01,8.691514768777974798e-01,6.853106763514534805e+01
2.523836373360677232e-01,1.341732821021663635e-01,1.425591122335518046e-01,2.681576146695718310e-01,8.683145602871987778e-01,6.847947083897419418e+01
2.660475297336764022e-01,1.285538650300809826e-01,1.365884815944611030e-01,2.826755003420311496e-01,8.674288750981017371e-01,6.841420765827159300e+01
2.826321109226272998e-01,1.246330550713012908e-01,1.324226210132577464e-01,3.002966178552917142e-01,8.656257305607116814e-01,6.835920434692708625e+01
3.010419490690640076e-01,1.208503100392473856e-01,1.284034544167005076e-01,3.198570708858806122e-01,8.632384269685502431e-01,6.828684720448876533e+01
3.192018494258410666e-01,1.186306719772784180e-01,1.260450889758584769e-01,3.391519650149562581e-01,8.607205416621157568e-01,6.819105185085562937e+01
3.349050059219419451e-01,1.155413776982096991e-01,1.227627138043478200e-01,3.558365687920633791e-01,8.583654430861108464e-01,6.810468405246670898e+01
3.510719324357183813e-01,1.122139759456900893e-01,1.192273494422957519e-01,3.730139282129504852e-01,8.559160161904724173e-01,6.805673193892049255e+01
3.669852643528759839e-01,1.087207212579306831e-01,1.155157663365513898e-01,3.899218433749308543e-01,8.534299339397400930e-01,6.807083900624145656e+01
3.813137677622272514e-01,1.054569650169990824e-01,1.120480253305616014e-01,4.051458782473661424e-01,8.505105019253409449e-01,6.810788063816977456e+01
3.918820589023113143e-01,1.027503749322998261e-01,1.091722733655687422e-01,4.163746875837058825e-01,8.475542697356833743e-01,6.816612980161896473e+01
3.977386289961671872e-01,1.005510557853508402e-01,1.068354967719354204e-01,4.225972933084278793e-01,8.448699031666014880e-01,6.824692410501918971e+01
4.091709386796841263e-01,9.817725247892045148e-02,1.043133307588529207e-01,4.347441223471643079e-01,8.413872708173387727e-01,6.831410308064140224e+01
4.218928362846193214e-01,9.576636360044214757e-02,1.017517613254698555e-01,4.482611385524077896e-01,8.378155785409791001e-01,6.844003824894114985e+01
4.334560504146892090e-01,9.350205676734191229e-02,9.934593531530075405e-02,4.605470535656069897e-01,8.342190097917109304e-01,6.860463068348623494e+01
4.427867830003362482e-01,9.146647209318589655e-02,9.718312659900991968e-02,4.704609569378572775e-01,8.306417531357601636e-01,6.877530875739535077e+01
4.487282628988021327e-01,8.996777450489339134e-02,9.559076041144927427e-02,4.767737793299774429e-01,8.274713349494648984e-01,6.897121298196414330e+01
4.543397950369763016e-01,8.957929096750695541e-02,9.517799665297618783e-02,4.827360322267870707e-01,8.248421389904097012e-01,6.917205005415912922e+01
4.581970283164216173e-01,9.006943192546872090e-02,9.569877142081062438e-02,4.868343425861978990e-01,8.225253082555634698e-01,6.937485115829048254e+01
4.561784974506513657e-01,9.180689962871041443e-02,9.754483085550484656e-02,4.846896535413173224e-01,8.209351107244784451e-01,6.957658986426461922e+01
4.525254627413995978e-01,9.342698264394984353e-02,9.926616905919666278e-02,4.808083041627368992e-01,8.203871565371207986e-01,6.972284530328033725e+01
4.512058123395500386e-01,9.512223913016712440e-02,1.010673790758025992e-01,4.794061756107719230e-01,8.194176222360554096e-01,6.998097512897675188e+01
4.482161192267826166e-01,9.801108781099350520e-02,1.041367807991805533e-01,4.762296266784564747e-01,8.186438403142457521e-01,7.020596363466913203e+01
4.463666539593582616e-01,1.002981620174977218e-01,1.065667971435914074e-01,4.742645698318179726e-01,8.176337802925897069e-01,7.028182297645184917e+01
4.464639455886312280e-01,1.021279130694240367e-01,1.085109076362631431e-01,4.743679421879205549e-01,8.167383363449305378e-01,7.022638937670082271e+01
4.464319657037865152e-01,1.036019044726834287e-01,1.100770235022261456e-01,4.743339635602732418e-01,8.153579306106676361e-01,7.013476821221453861e+01
4.463858368027975865e-01,1.044851581096215981e-01,1.110154804914730287e-01,4.742849516029722379e-01,8.139288807018373317e-01,7.018709007646498321e+01
4.440444220531605812e-01,1.057310825408350335e-01,1.123392751996372119e-01,4.717971984314828782e-01,8.121943076440970577e-01,7.029246645983458563e+01
4.414559740048333292e-01,1.067197473120202189e-01,1.133897315190214861e-01,4.690469723801355406e-01,8.107107339662201761e-01,7.040192150642205604e+01
4.393767051707971327e-01,1.073010085096361282e-01,1.140073215414884461e-01,4.668377492439716447e-01,8.095753606961999527e-01,7.046804050205430769e+01
4.380876619052461729e-01,1.075997922520217920e-01,1.143247792677731522e-01,4.654681407743236909e-01,8.088479012903128096e-01,7.051339586842694018e+01
4.369639024925293658e-01,1.077471328463024125e-01,1.144813286491962734e-01,4.642741463983121597e-01,8.083836856574736496e-01,7.054942251203947023e+01
4.362327393233161876e-01,1.078094295318083873e-01,1.145475188775464115e-01,4.634972855310233175e-01,8.081492266325880358e-01,7.057733488223323093e+01
4.360566040940401789e-01,1.077967212368610983e-01,1.145340163141649464e-01,4.633101418499179225e-01,8.081107150882567147e-01,7.059812981503831963e+01
4.363729020651661572e-01,1.077248689687688860e-01,1.144576732793168850e-01,4.636462084442389275e-01,8.082131130069613034e-01,7.060943160897635096e+01
4.374949487349679700e-01,1.077363408661505539e-01,1.144698621702850971e-01,4.648383830309033571e-01,8.085639685286023504e-01,7.061481978194144915e+01
4.386595200037615716e-01,1.075789824031592873e-01,1.143026688033568494e-01,4.660757400039965415e-01,8.089152787901964237e-01,7.060374715039520765e+01
4.403623814118455271e-01,1.073989881021062409e-01,1.141114248584879226e-01,4.678850302500858760e-01,8.093799017499748727e-01,7.058072374614019395e+01
4.424295367267875312e-01,1.071767961618806525e-01,1.138753459219981473e-01,4.700813827722114535e-01,8.098561045484983234e-01,7.054181956306761947e+01
4.453448497100497283e-01,1.068245843858902366e-01,1.135011209100082880e-01,4.731789028169274824e-01,8.104530615050671294e-01,7.048453378740406094e+01
4.486002641268361790e-01,1.064771811351488406e-01,1.131320049560956831e-01,4.766377806347635859e-01,8.111249321453075645e-01,7.040361692387955372e+01
4.510554252168567091e-01,1.060762494321282196e-01,1.127060150216363521e-01,4.792463892929103575e-01,8.116120524609591325e-01,7.031891265036931316e+01
4.526719602472156212e-01,1.057389909964689539e-01,1.123476779337482523e-01,4.809639577626665385e-01,8.121821803181444865e-01,7.025066868872036707e+01
4.535690188357657249e-01,1.055405469406438951e-01,1.121368311244340388e-01,4.819170825130010827e-01,8.128177644736416241e-01,7.019643301338206243e+01
4.536537769141535392e-01,1.055297694559638316e-01,1.121253800469616396e-01,4.820071379712880799e-01,8.134507241121313736e-01,7.015669329657983155e+01
4.534958574092304850e-01,1.055625678587841648e-01,1.121602283499581604e-01,4.818393484973071406e-01,8.138391861580565045e-01,7.013555378767708248e+01
4.531697897632716576e-01,1.055835392409763124e-01,1.121825104435374421e-01,4.814929016234761883e-01,8.143097455746821645e-01,7.012401953999643922e+01
4.522062578145733536e-01,1.055044195711879879e-01,1.120984457943872969e-01,4.804691489279843131e-01,8.158219120557334003e-01,7.011395346432981057e+01
4.506593182137195175e-01,1.053489748873863291e-01,1.119332858178480189e-01,4.788255256020768624e-01,8.173329669613438320e-01,7.010629204344499499e+01
4.486232838728878014e-01,1.051182499884178584e-01,1.116881406126941367e-01,4.766622391149429316e-01,8.187091735069235154e-01,7.009919320799519937e+01
4.459010073115299844e-01,1.049194866411665844e-01,1.114769545562394881e-01,4.737698202685007298e-01,8.200999083804845213e-01,7.008886705978339648e+01
4.391710831599411891e-01,1.073197088866982424e-01,1.140271906921168921e-01,4.666192758574372879e-01,8.230935189675226971e-01,7.004393431113200563e+01
4.309458827790664803e-01,1.105186150312276461e-01,1.174260284706793583e-01,4.578800004527579515e-01,8.265835062652852061e-01,6.997571496013314629e+01
4.230694379391451432e-01,1.136597993842081572e-01,1.207635368457211367e-01,4.495112778103413365e-01,8.302292895747953594e-01,6.985577347212139898e+01
4.150186225900507342e-01,1.169679553686621409e-01,1.242784525792035299e-01,4.409572865019288912e-01,8.340340928232842233e-01,6.970813574505271504e+01
4.104561205370382271e-01,1.207801963930218020e-01,1.283289586675858129e-01,4.361096280706029393e-01,8.387508547978130835e-01,6.955271776229929515e+01
4.038308611645414770e-01,1.263600692580675866e-01,1.342575735866968767e-01,4.290702899873254372e-01,8.434368454906846502e-01,6.942617606058010438e+01
3.947498336640762884e-01,1.314027678098854124e-01,1.396154407980033374e-01,4.194216982680810668e-01,8.469696740139427416e-01,6.933528858662171501e+01
3.862875794162171639e-01,1.347681514992757068e-01,1.431911609679803465e-01,4.104305531297303689e-01,8.494781473286673323e-01,6.927711003213923391e+01
3.788161612451007021e-01,1.390542985784505858e-01,1.477451922396038619e-01,4.024921713229193676e-01,8.512959164940741008e-01,6.926126192806204074e+01
3.724173994760494044e-01,1.434369636804284365e-01,1.524017739104551183e-01,3.956934869433022528e-01,8.529662369240249564e-01,6.926072853657095152e+01
3.594778655932813760e-01,1.458188679739476912e-01,1.549325472223194167e-01,3.819452321928614724e-01,8.556869860994474886e-01,6.928961286171922040e+01
3.404754687710495609e-01,1.454273750787307140e-01,1.545165860211515363e-01,3.617551855692403562e-01,8.587373662846617961e-01,6.932481758001902961e+01
3.178654881908082319e-01,1.445134164041543545e-01,1.535455049294139063e-01,3.377320812027335140e-01,8.616286489521444159e-01,6.937512738785888189e+01
2.966686224236085856e-01,1.442153545952882532e-01,1.532288142574937673e-01,3.152104113250839279e-01,8.639938504260571417e-01,6.942630388409861553e+01
2.784656593626756438e-01,1.449654796131048529e-01,1.540258220889239860e-01,2.958697630728430727e-01,8.656149333275838798e-01,6.947979878736990145e+01
2.628629184901988824e-01,1.465981082519007273e-01,1.557604900176445817e-01,2.792918508958361912e-01,8.665146574453547190e-01,6.953657091600912565e+01
2.501122437599073156e-01,1.499683581465147963e-01,1.593413805306721498e-01,2.657442589949017275e-01,8.674395969568811093e-01,6.957460752713453189e+01
2.416655314360132978e-01,1.531957960319014767e-01,1.627705332838953467e-01,2.567696271507640127e-01,8.684331811193202189e-01,6.955311222661856618e+01
2.375109837379845157e-01,1.566032889457454613e-01,1.663909945048546724e-01,2.523554202216086728e-01,8.693665713560649877e-01,6.950300757399894280e+01
2.354747135554933757e-01,1.596249356962956556e-01,1.696014941773141826e-01,2.501918831527116249e-01,8.701189773372327574e-01,6.948412748549556284e+01
2.358850598930111175e-01,1.611599016980520549e-01,1.712323955541802389e-01,2.506278761363242569e-01,8.711669123043670471e-01,6.947394572625236719e+01
2.372793598329265286e-01,1.652675076750951821e-01,1.755967269047887802e-01,2.521093198224844123e-01,8.716210738983782846e-01,6.948597921343417738e+01
2.375813369659602048e-01,1.697152647518045676e-01,1.803224687987923514e-01,2.524301705263326534e-01,8.718013594043328984e-01,6.949794984453625091e+01
2.355477480301470250e-01,1.717293998659520649e-01,1.824624873575740880e-01,2.502694822820312748e-01,8.718064787839385765e-01,6.956431495401194809e+01
2.331360218233192727e-01,1.731016861319666922e-01,1.839205415152145306e-01,2.477070231872768313e-01,8.719397497013472442e-01,6.955833948815671874e+01
2.338672756911704398e-01,1.755543558503380730e-01,1.865265030909841470e-01,2.484839804218685333e-01,8.715415660542641385e-01,6.948113252168438692e+01
2.350355747392492978e-01,1.775870327218970757e-01,1.886862222670156741e-01,2.497252981604523581e-01,8.712156472075425206e-01,6.950361615351727096e+01
2.348246094280747598e-01,1.799056462705877768e-01,1.911497491624996048e-01,2.495011475173294635e-01,8.702340504580874381e-01,6.958109158257433080e+01
2.344405116181632887e-01,1.819923939105706767e-01,1.933669185299812521e-01,2.490930435942984300e-01,8.693062797729379509e-01,6.963002978077514626e+01
2.338855072485786779e-01,1.831279821880514025e-01,1.945734810748046828e-01,2.485033514516148678e-01,8.685034928085563211e-01,6.970697294277749734e+01
2.327874066472649384e-01,1.833815839142719228e-01,1.948429329089138851e-01,2.473366195627189346e-01,8.678154368608935743e-01,6.980318554951639953e+01
2.322096646087480343e-01,1.829176758143128689e-01,1.943500305527075256e-01,2.467227686467945436e-01,8.674836173040495479e-01,6.984113093273113293e+01
2.308911988303396223e-01,1.824817136676794571e-01,1.938868207719093850e-01,2.453218987572360066e-01,8.671801599336529387e-01,6.983081632377324866e+01
2.282259813730516118e-01,1.820291340509961608e-01,1.934059549291835822e-01,2.424901052088673237e-01,8.666868086949047756e-01,6.981620203278419012e+01
2.260752105995422478e-01,1.815414594106694868e-01,1.928878006238365084e-01,2.402049112620134874e-01,8.662051309144823685e-01,6.981054226848590361e+01
2.254606452150765827e-01,1.817594607816376273e-01,1.931194270804900415e-01,2.395519355410187790e-01,8.658797222601901655e-01,6.979307478230698791e+01
2.225139277556348882e-01,1.814364331970728106e-01,1.927762102718900139e-01,2.364210482403619473e-01,8.656008689675326329e-01,6.975663726753552396e+01
2.216387519579116894e-01,1.818003058707188535e-01,1.931628249876388426e-01,2.354911739552810190e-01,8.656624692143251032e-01,6.979277451657135600e+01
2.208367439765365481e-01,1.817914881461818177e-01,1.931534561553183704e-01,2.346390404750701153e-01,8.653725741393722970e-01,6.980735524174798456e+01
2.190670173365905915e-01,1.816725594842411584e-01,1.930270944520062204e-01,2.327587059201274289e-01,8.651420436420743654e-01,6.981829897690811038e+01
2.163423591825995862e-01,1.817725624976298526e-01,1.931333476537315796e-01,2.298637566315121228e-01,8.651378534330745884e-01,6.985312240497833614e+01
2.155182475118380681e-01,1.819682853832133851e-01,1.933413032196642234e-01,2.289881379813279438e-01,8.651909504522278249e-01,6.992596424916366971e+01
2.141028269435339693e-01,1.823843159869852903e-01,1.937833357361719300e-01,2.274842536275049620e-01,8.654354689010251844e-01,6.999107268559252759e+01
2.146968578547714945e-01,1.824817918125085092e-01,1.938869038007904610e-01,2.281154114706945013e-01,8.656383898210902039e-01,7.000575723301292896e+01
2.155112914905825683e-01,1.824874179595221135e-01,1.938928815819922769e-01,2.289807472087439788e-01,8.659890210725436077e-01,7.000840230883387960e+01
2.170999494861367840e-01,1.825731856295525757e-01,1.939840097313996203e-01,2.306686963290203451e-01,8.664305831163052751e-01,7.000680639148453110e+01
2.186018567764337894e-01,1.827510255144984275e-01,1.941729646091546191e-01,2.322644728249609880e-01,8.669678495160743070e-01,6.999501892871079178e+01
2.203343873725306379e-01,1.828847639152527127e-01,1.943150616599561009e-01,2.341052865833136709e-01,8.674034221626444330e-01,6.996993985394738047e+01
2.221611563570622672e-01,1.829552792401555050e-01,1.943899841926652883e-01,2.360462286293786294e-01,8.678779988104401433e-01,6.994551192148489349e+01
2.240095629847543013e-01,1.829547413358209584e-01,1.943894126693098967e-01,2.380101606713012907e-01,8.682529989068143994e-01,6.991950850985111288e+01
2.259060171924682503e-01,1.827936974321053010e-01,1.942183035216119014e-01,2.400251432669973650e-01,8.686756216271521724e-01,6.987797895669987724e+01
2.279339372389961871e-01,1.825521932858786001e-01,1.939617053662460178e-01,2.421798083164333204e-01,8.690531349492502944e-01,6.983914786749899406e+01
2.306861398530038743e-01,1.825792298984767192e-01,1.939904317671315714e-01,2.451040235938165557e-01,8.689922851486903133e-01,6.985734184804090319e+01
2.319945062263775171e-01,1.825519734692420681e-01,1.939614718110697078e-01,2.464941628655261119e-01,8.688758858887892789e-01,6.986445668832566014e+01
2.324077789363953594e-01,1.824638797123748490e-01,1.938678721943982441e-01,2.469332651199200035e-01,8.688292809695370433e-01,6.986254609180316777e+01
2.324797199514530843e-01,1.823788903867183397e-01,1.937775710358882741e-01,2.470097024484190218e-01,8.688129257601415745e-01,6.986031515246719437e+01
2.323647189047711448e-01,1.823008502806524600e-01,1.936946534231931416e-01,2.468875138363194055e-01,8.688099089317187218e-01,6.985787269682218437e+01
2.321552429642673443e-01,1.822300515278956201e-01,1.936194297483893045e-01,2.466649456495337844e-01,8.688120661543714540e-01,6.985540082215490543e+01
2.319608057695024816e-01,1.817092167510988288e-01,1.930660427980425420e-01,2.464583561300963954e-01,8.685507494560626984e-01,6.978053816166587353e+01
2.325409863808171607e-01,1.811747718875464097e-01,1.924981951305179961e-01,2.470747980296182644e-01,8.681097335128926673e-01,6.968082835595147628e+01
2.319635394575811360e-01,1.799642071533642806e-01,1.912119701004495187e-01,2.464612606736800160e-01,8.676585758653786451e-01,6.959246919605003256e+01
2.260794035521067891e-01,1.756247151148965235e-01,1.866012598095773967e-01,2.402093662741137392e-01,8.671333155910554424e-01,6.953483778003102600e+01
2.188198847175856498e-01,1.686229914551437836e-01,1.791619284210903551e-01,2.324961275124348692e-01,8.668903622599537506e-01,6.947799463121508268e+01
2.199178864101508091e-01,1.625030623573293365e-01,1.726595037546624078e-01,2.336627543107852312e-01,8.679885643010967211e-01,6.943480269777516867e+01
2.223826842806745085e-01,1.597005014117498789e-01,1.696817827499842446e-01,2.362816020482165769e-01,8.683295100861340154e-01,6.945466143759813349e+01
2.258222590668426955e-01,1.600941751559484538e-01,1.701000611031953380e-01,2.399361502585203587e-01,8.683523336797388525e-01,6.946675237732046071e+01
2.302672432273040193e-01,1.594444391024095464e-01,1.694097165463102073e-01,2.446589459290105517e-01,8.686634113219091624e-01,6.946498334936202923e+01
2.342362773272157195e-01,1.572844635240125133e-01,1.671147424942633353e-01,2.488760446601666343e-01,8.687899856330133508e-01,6.948213517820254026e+01
2.393920058690469921e-01,1.531391208530971104e-01,1.627103159064157978e-01,2.543540062358625731e-01,8.686839965117963969e-01,6.948611012356801098e+01
2.466055491339157191e-01,1.465280823600421112e-01,1.556860875075446460e-01,2.620183959547854879e-01,8.684306625813984493e-01,6.947733243780716350e+01
2.579915815667695456e-01,1.386237898579575356e-01,1.472877767240800273e-01,2.741160554146926942e-01,8.681349269245661748e-01,6.944670497928734676e+01
2.718783045554682420e-01,1.301936391774869972e-01,1.383307416260799450e-01,2.888706985901848823e-01,8.676203942280453774e-01,6.940211217471480154e+01
2.875270979154357365e-01,1.245273844135039026e-01,1.323103459393479842e-01,3.054975415351505186e-01,8.661864747496313965e-01,6.934820073263213658e+01
3.049132429339482253e-01,1.217660175033425801e-01,1.293763935973015200e-01,3.239703206173200623e-01,8.639236297895535044e-01,6.925753571406066555e+01
3.225091604636874387e-01,1.193454806191573403e-01,1.268045731578546775e-01,3.426659829926678724e-01,8.615018837027940135e-01,6.914744207201434278e+01
3.396995346945836380e-01,1.165699313098518403e-01,1.238555520167175517e-01,3.609307556129947581e-01,8.589272335440059081e-01,6.902840591983529350e+01
3.563058500596664735e-01,1.135225501685758198e-01,1.206177095541117600e-01,3.785749656883954928e-01,8.561576136810162829e-01,6.892906919603331062e+01
3.722285209724908173e-01,1.102989806442020992e-01,1.171926669344647842e-01,3.954928035332713754e-01,8.531808381493986015e-01,6.890901489525694501e+01
3.867713450112155726e-01,1.070783007039257662e-01,1.137706944979211127e-01,4.109445540744166014e-01,8.498014159753349839e-01,6.892082883109442548e+01
3.949332001977270412e-01,1.041486848514547453e-01,1.106579776546707666e-01,4.196165252100850784e-01,8.473464081136450332e-01,6.892529478111839580e+01
4.019944168931954831e-01,1.017387232898361166e-01,1.080973934954509441e-01,4.271190679490202147e-01,8.450445630225679183e-01,6.901524863236133456e+01
4.140340872088999480e-01,9.947066422392414342e-02,1.056875807379192983e-01,4.399112176594558998e-01,8.418502220639191291e-01,6.912725745895441776e+01
4.256321904828994085e-01,9.710286769216835978e-02,1.031717969229288823e-01,4.522342023880803752e-01,8.386409494537989673e-01,6.927153844111025194e+01
4.350932296175928915e-01,9.473744604254935586e-02,1.006585364202086941e-01,4.622865564686922668e-01,8.354016808782163128e-01,6.943323696199118444e+01
4.399215028461719301e-01,9.252721233100075215e-02,9.831016310168830263e-02,4.674165967740575578e-01,8.326498266625571576e-01,6.957807321214646379e+01
4.444668458887213736e-01,9.075639702516798135e-02,9.642867183924105912e-02,4.722460237567663310e-01,8.294794949439093790e-01,6.978433903693168361e+01
4.526908717378012037e-01,8.856468874889478204e-02,9.409998179570071286e-02,4.809840512214135222e-01,8.261372526366844715e-01,7.001919148809570004e+01
4.596282556622964255e-01,8.658589218848526670e-02,9.199751045026564877e-02,4.883550216411898237e-01,8.228280348725235394e-01,7.024457500257000220e+01
4.630546400587420841e-01,8.610096713887442632e-02,9.148227758505404761e-02,4.919955550624133256e-01,8.204086042008036372e-01,7.045126046499163408e+01
4.645408617632139636e-01,8.611086456595197502e-02,9.149279360132404892e-02,4.935746656234148988e-01,8.182004665732136584e-01,7.066783401586370417e+01
4.643435360497522035e-01,8.668852274810043279e-02,9.210655541985675321e-02,4.933650070528620146e-01,8.161772954077660680e-01,7.088787495652316295e+01
4.637620889686633885e-01,8.762386967224827794e-02,9.310036152676375021e-02,4.927472195292049162e-01,8.136939498440943774e-01,7.108406271326985859e+01
4.605657995758006273e-01,8.841665390361980181e-02,9.394269477259598045e-02,4.893511620492878578e-01,8.108618976871749817e-01,7.125365226807335262e+01
4.576223930565591624e-01,8.939547225089346238e-02,9.498268926657439659e-02,4.862237926225938534e-01,8.081609159474933968e-01,7.143927809004537721e+01
4.548491593184594284e-01,8.992746275249251242e-02,9.554792917452341328e-02,4.832772317758630143e-01,8.059751838357964715e-01,7.157958008192531452e+01
4.502203909857498965e-01,9.061302971420893970e-02,9.627634407134692818e-02,4.783591654223591783e-01,8.052137445020043360e-01,7.157669027980392684e+01
4.437363208679309112e-01,9.220584212630204834e-02,9.796870725919590295e-02,4.714698409221765307e-01,8.047003821737430673e-01,7.152003846050287450e+01
4.362399121590725404e-01,9.413612318164157888e-02,1.000196308804941620e-01,4.635049066690144492e-01,8.046819736893696673e-01,7.138229691741177874e+01
4.310765315098806783e-01,9.527756155184545495e-02,1.012324091488358557e-01,4.580188147292482692e-01,8.040223746072209243e-01,7.120457246272188456e+01
4.268833392993062192e-01,9.636540389053126210e-02,1.023882416336895362e-01,4.535635480055127400e-01,8.039622892324896908e-01,7.103272749528501606e+01
4.237730192680887464e-01,9.723073699358329713e-02,1.033076580556821777e-01,4.502588329723444249e-01,8.041276957475308462e-01,7.087482886643878999e+01
4.228564071033144023e-01,9.741731546691399790e-02,1.035058976835961514e-01,4.492849325472714206e-01,8.043235054782763571e-01,7.075158935415619510e+01
4.226333978228159483e-01,9.744011578185619860e-02,1.035301230182220922e-01,4.490479851867419381e-01,8.044424157361310668e-01,7.075887789212359280e+01
4.228491339191488563e-01,9.692625301509358304e-02,1.029841438285369615e-01,4.492772047890957188e-01,8.047274789310304710e-01,7.073275700846272684e+01
4.235507059551534281e-01,9.666506547205634681e-02,1.027066320640598329e-01,4.500226250773506909e-01,8.052176241983052263e-01,7.070537712546405373e+01
4.254152404884785632e-01,9.621559952242272895e-02,1.022290744925741929e-01,4.520036930190087787e-01,8.060752572831847429e-01,7.066562062614373474e+01
4.284354734340924953e-01,9.555111331590339374e-02,1.015230578981474174e-01,4.552126905237232068e-01,8.068572802942471922e-01,7.058971986894067641e+01
4.318439306463619509e-01,9.493107618033826134e-02,1.008642684416094643e-01,4.588341763117599337e-01,8.076441184453752031e-01,7.050283863294879438e+01
4.351147751869566815e-01,9.450994857520576831e-02,1.004168203611561783e-01,4.623094486361415401e-01,8.084404294468138241e-01,7.040327767293300099e+01
4.379449729504495958e-01,9.433128318225156295e-02,1.002269883811423012e-01,4.653165337598526574e-01,8.091426253822205927e-01,7.029669594290342616e+01
4.404445288831844718e-01,9.436267293203262629e-02,1.002603399902846498e-01,4.679723119383837338e-01,8.097612581243671670e-01,7.018924005710523772e+01
4.410230960590493243e-01,9.471193100054779712e-02,1.006314266880820041e-01,4.685870395627396712e-01,8.101891140650502310e-01,7.010192750793179073e+01
4.394358790806577320e-01,9.569678277656501475e-02,1.016778317001004184e-01,4.669006215231987222e-01,8.106831272265212496e-01,7.007232055719755692e+01
4.390963492277991653e-01,9.605370012030446658e-02,1.020570563778234879e-01,4.665398710545363703e-01,8.110634702636074778e-01,7.006233609079900759e+01
4.390120347294725334e-01,9.620827516549955438e-02,1.022212923633432913e-01,4.664502869000647367e-01,8.113022291731372126e-01,7.005737743962188802e+01
4.387465378823847684e-01,9.640348990410768648e-02,1.024287080231144897e-01,4.661681965000339378e-01,8.116765681664501741e-01,7.005416877896479377e+01
4.365784425296859173e-01,9.636371337088822653e-02,1.023864454565686644e-01,4.638645951877912177e-01,8.131180107043699534e-01,7.006249301769555871e+01
4.346435460328860190e-01,9.687535672180118407e-02,1.029300665169137208e-01,4.618087676599412772e-01,8.144619060090450002e-01,7.007300223660831762e+01
4.322855168137687554e-01,9.747757500862065660e-02,1.035699234466594953e-01,4.593033616146294795e-01,8.157017347333784807e-01,7.007505386194605990e+01
4.282413423094689198e-01,9.856128059877763969e-02,1.047213606362012300e-01,4.550064262038105989e-01,8.172919107951596152e-01,7.005912872904805511e+01
4.245745284209703763e-01,9.952434607855700777e-02,1.057446177084668260e-01,4.511104364472813821e-01,8.211893546463387983e-01,7.001357777785915459e+01
4.226352597947702350e-01,9.989431874050519466e-02,1.061377136617868006e-01,4.490499635319433747e-01,8.255637228049756970e-01,6.994883879073873345e+01
4.212808098066283535e-01,1.010729468626227340e-01,1.073900060415365482e-01,4.476108604195427332e-01,8.294478503855382545e-01,6.985065189521857576e+01
4.180695768614519081e-01,1.034800220957603212e-01,1.099475234767453707e-01,4.441989254152924893e-01,8.330324796008640176e-01,6.971929962453536689e+01
4.129408680006955712e-01,1.067403554070032595e-01,1.134116276199409606e-01,4.387496722507389091e-01,8.364709773372404067e-01,6.959230247114837198e+01
4.062584202831949765e-01,1.107350621474820634e-01,1.176560035316996100e-01,4.316495715508941178e-01,8.400802142806127470e-01,6.950102573925239824e+01
3.978361950392514390e-01,1.170380844675353027e-01,1.243529647467563198e-01,4.227009572292046991e-01,8.439911573854961269e-01,6.945010808836003946e+01
3.890389936603991794e-01,1.237509107511016032e-01,1.314853426730454578e-01,4.133539307641742599e-01,8.476229911285132479e-01,6.940729478886466097e+01
3.779515639344523947e-01,1.302292609752934982e-01,1.383685897862493575e-01,4.015735366803556139e-01,8.503741911801886433e-01,6.936811889548917520e+01
3.670591805516685291e-01,1.344250818040721718e-01,1.428266494168267398e-01,3.900003793361476734e-01,8.523720669000115491e-01,6.936285981021345037e+01
3.505480317240875499e-01,1.381831299286280235e-01,1.468195755491673027e-01,3.724572837068427789e-01,8.552466218842862400e-01,6.941044151386250860e+01
3.310454614429379494e-01,1.394539197491808935e-01,1.481697897335048086e-01,3.517358027831215539e-01,8.584957107253078368e-01,6.945272055058688920e+01
3.108293020345203606e-01,1.404308728926162986e-01,1.492078024484048415e-01,3.302561334116776992e-01,8.614409781223724138e-01,6.950707124862347541e+01
2.911709159535816327e-01,1.418549147036379243e-01,1.507208468726153883e-01,3.093690982006804258e-01,8.633149992099611314e-01,6.956779115381610268e+01
2.745824322126506623e-01,1.436604538944020182e-01,1.526392322628022380e-01,2.917438342259413564e-01,8.643020483013578170e-01,6.963337103517976345e+01
2.607660935791261680e-01,1.477058394617608295e-01,1.569374544281209594e-01,2.770639744278214911e-01,8.651732196149195531e-01,6.972561932976040566e+01
2.509300125778650137e-01,1.517942599726892494e-01,1.612814012209824177e-01,2.666131383639816499e-01,8.663473255534346329e-01,6.980011668424482707e+01
2.441783676135748649e-01,1.550074429794190967e-01,1.646954081656328839e-01,2.594395155894232974e-01,8.673458182040354458e-01,6.985012715080627288e+01
2.406257295865917023e-01,1.583549767375571349e-01,1.682521627836545408e-01,2.556648376857537097e-01,8.681641836950086955e-01,6.988586019973195107e+01
2.396323798613670952e-01,1.616592803594232020e-01,1.717629853818870567e-01,2.546094036027025664e-01,8.687808330544789515e-01,6.991051040622889445e+01
2.380988757739655737e-01,1.641778734515745020e-01,1.744389905422980280e-01,2.529800555098384862e-01,8.690456753501736298e-01,6.987182429357955016e+01
2.392461483174918579e-01,1.682107808042074826e-01,1.787239546044703808e-01,2.541990325873350054e-01,8.691059841823132182e-01,6.980630646983453858e+01
2.404577074885664301e-01,1.712335596836076501e-01,1.819356571638330311e-01,2.554863142066018944e-01,8.691488585335529482e-01,6.980608004858848403e+01
2.409199436795328442e-01,1.735500953075765074e-01,1.843969762643001276e-01,2.559774401595035220e-01,8.691276805839398545e-01,6.980485838603371462e+01
2.404485639141500375e-01,1.756726379801051563e-01,1.866521778538618448e-01,2.554765991587842899e-01,8.689073959745290399e-01,6.978856853405402205e+01
2.364602529303837797e-01,1.764931050523819989e-01,1.875239241181558547e-01,2.512390187385328821e-01,8.693132522096417292e-01,6.984058841271395579e+01
2.324211623540598515e-01,1.774395256305142388e-01,1.885294959824214689e-01,2.469474850011887102e-01,8.688488483901352089e-01,6.986812493354982223e+01
2.310865272009639260e-01,1.796267937369427636e-01,1.908534683455017089e-01,2.455294351510242390e-01,8.683801192494147170e-01,6.984436980898239256e+01
2.324895074918406634e-01,1.822695052812486061e-01,1.936613493613266179e-01,2.470201017100808194e-01,8.674694860945677544e-01,6.990197459627285070e+01
2.327616442130614749e-01,1.844696436839220466e-01,1.959989964141672925e-01,2.473092469763776280e-01,8.663144702782253903e-01,6.992821435756511050e+01
2.327503975891107302e-01,1.865621184135159427e-01,1.982222508143605677e-01,2.472972974384302358e-01,8.651407960134611663e-01,6.991975000826462860e+01
2.320009320598385161e-01,1.881458158655716917e-01,1.999049293571698860e-01,2.465009903135783609e-01,8.640449088743290540e-01,6.989107344213893214e+01
2.315076185318393764e-01,1.891797209740660457e-01,2.010034535349451146e-01,2.459768446900796601e-01,8.632328197820142712e-01,6.982210694704158982e+01
2.299145248151064358e-01,1.898215509572955817e-01,2.016853978921267498e-01,2.442841826160505048e-01,8.622708003772824314e-01,6.975199888804266379e+01
2.293708222017998288e-01,1.899385622336972612e-01,2.018097223733034407e-01,2.437064985894123459e-01,8.616065595644852859e-01,6.970691466047719587e+01
2.295424494156357853e-01,1.903998663833265659e-01,2.022998580322845630e-01,2.438888525041131017e-01,8.610209407371101076e-01,6.967620649972002411e+01
2.308578074672865688e-01,1.904951651991582673e-01,2.024011130241056833e-01,2.452864204339919862e-01,8.609317021158199301e-01,6.969005873337846424e+01
2.315085552965940874e-01,1.902253999717548882e-01,2.021144874699895289e-01,2.459778400026311762e-01,8.610288338534485275e-01,6.974353568303644124e+01
2.309773987073799606e-01,1.898671023839045569e-01,2.017337962828985309e-01,2.454134861265912793e-01,8.611282590144514471e-01,6.980484247586289825e+01
2.295903295688459800e-01,1.895752459607331908e-01,2.014236988332792355e-01,2.439397251668987965e-01,8.612328130789759228e-01,6.987336374989239118e+01
2.276169850605479217e-01,1.892240491284869486e-01,2.010505521990173516e-01,2.418430466268322587e-01,8.613441223781695966e-01,6.994140316058512497e+01
2.259784262532349430e-01,1.888549987559159093e-01,2.006584361781606485e-01,2.401020778940620992e-01,8.615858311108005596e-01,6.999125011419921805e+01
2.249813977692675937e-01,1.886349814296489902e-01,2.004246677690021405e-01,2.390427351298466674e-01,8.619684793843702675e-01,7.002581614353201189e+01
2.245557984735986889e-01,1.885736158062467638e-01,2.003594667941371865e-01,2.385905358781986729e-01,8.624137515241089291e-01,7.005890858930594334e+01
2.245622508784953786e-01,1.886087574249643850e-01,2.003968047640247163e-01,2.385973915584012617e-01,8.629537643654763279e-01,7.008719651611116319e+01
2.249576933905481357e-01,1.887158469147844075e-01,2.005105873469584243e-01,2.390175492274572433e-01,8.635891820289521847e-01,7.010404823051197809e+01
2.256836092374758795e-01,1.888652404396433115e-01,2.006693179671209804e-01,2.397888348148179416e-01,8.643019264682602065e-01,7.010865401722986689e+01
2.268785676747349933e-01,1.890911475290587007e-01,2.009093442496248660e-01,2.410584781544058974e-01,8.650678259357268418e-01,7.010073414633149014e+01
2.289393033642207476e-01,1.892511147315752706e-01,2.010793094022988725e-01,2.432480098244846345e-01,8.659463536399053529e-01,7.009893120393475385e+01
2.310829308731791598e-01,1.895050003597793520e-01,2.013490628822655337e-01,2.455256140527533049e-01,8.667498693861466208e-01,7.010261452625617551e+01
2.336941479877912009e-01,1.896662773268145419e-01,2.015204196597403241e-01,2.483000322370281787e-01,8.673148586140604355e-01,7.006365597341134333e+01
2.359336246935808401e-01,1.897655558359651051e-01,2.016259030757130422e-01,2.506794762369294882e-01,8.678003930098764362e-01,7.001581045935655823e+01
2.379946590520151672e-01,1.896998056164865831e-01,2.015560434675169599e-01,2.528693252427661742e-01,8.681009460746859085e-01,6.994856978833418282e+01
2.394286928494357425e-01,1.897020028450813189e-01,2.015583780228988320e-01,2.543929861525254799e-01,8.679147855199065287e-01,6.987525589497171552e+01
2.407365725103437493e-01,1.897083795354274072e-01,2.015651532563915715e-01,2.557826082922404765e-01,8.676483751944027434e-01,6.984985365042737726e+01
2.415030359827872453e-01,1.896681262988608174e-01,2.015223841925396775e-01,2.565969757317114186e-01,8.675057208144879572e-01,6.983642688352109928e+01
2.418570562612872843e-01,1.896124800087690410e-01,2.014632600093172188e-01,2.569731222776177049e-01,8.674528614542403870e-01,6.982823928231559307e+01
2.419709319176341633e-01,1.895521235760995737e-01,2.013991312996057381e-01,2.570941151624864252e-01,8.674509139098354193e-01,6.982306140195383648e+01
2.419487243533729737e-01,1.894907767469321824e-01,2.013339502936154768e-01,2.570705196254589042e-01,8.674757353438116159e-01,6.981954926454288568e+01
2.427037210245915066e-01,1.891801805237776080e-01,2.010039418065137085e-01,2.578727035886286822e-01,8.671008022343275057e-01,6.977328510297034825e+01
2.435662668530755859e-01,1.888942071468817097e-01,2.007000950935619310e-01,2.587891585313927822e-01,8.666354120798215321e-01,6.969943252992786142e+01
2.385629753434963252e-01,1.849956457179369740e-01,1.965578735753081008e-01,2.534731613024647223e-01,8.663657052336156683e-01,6.962428381660436116e+01
2.312804821111894837e-01,1.774508600723891660e-01,1.885415388269134629e-01,2.457355122431389149e-01,8.663414022729405417e-01,6.955612954164436701e+01
2.269881523545972668e-01,1.688933412098124198e-01,1.794491750354257620e-01,2.411749118767596844e-01,8.676482808065726360e-01,6.947484186976221565e+01
2.288229975447231279e-01,1.649469766842167340e-01,1.752561627269803579e-01,2.431244348912682818e-01,8.691412901301360794e-01,6.943820160440684219e+01
2.320271620116701738e-01,1.634406444415910653e-01,1.736556847191905173e-01,2.465288596373994834e-01,8.698670109915143112e-01,6.938371749900463215e+01
2.335394116310742785e-01,1.601974362307944100e-01,1.702097759952191092e-01,2.481356248580164903e-01,8.702114210083072843e-01,6.932128626504633928e+01
2.333588371303550457e-01,1.549320158067067077e-01,1.646152667946259862e-01,2.479437644510023575e-01,8.695736354444628669e-01,6.932013135211684585e+01
2.338587328425037748e-01,1.480988143413258518e-01,1.573549902376588094e-01,2.484749036451602278e-01,8.695396731194825479e-01,6.930968085609593743e+01
2.357051396174620617e-01,1.422736548362969200e-01,1.511657582635654862e-01,2.504367108435535672e-01,8.686052607756726829e-01,6.931452809924567759e+01
2.421549479451216291e-01,1.364414799970658509e-01,1.449690724968825395e-01,2.572896321916917639e-01,8.676592374452350986e-01,6.932234678540899608e+01
2.551762201532767893e-01,1.320293431454079847e-01,1.402811770919960288e-01,2.711247339128564637e-01,8.662330179967835386e-01,6.928064969793348382e+01
2.721697976395162089e-01,1.275882452975996284e-01,1.355625106286997283e-01,2.891804099919859095e-01,8.642455357024104723e-01,6.924671627574835497e+01
2.907979483687319067e-01,1.239319469228817583e-01,1.316776936055620018e-01,3.089728201417776821e-01,8.617743583782715433e-01,6.919818906409643944e+01
3.107754118247804676e-01,1.209388836890427921e-01,1.284975639196080099e-01,3.301988750638290560e-01,8.589812495522096691e-01,6.911372745552151287e+01
3.288459272681822365e-01,1.186426047869140465e-01,1.260577675860962699e-01,3.493987977224436992e-01,8.560410550010604247e-01,6.901273105268151653e+01
3.454255240621936229e-01,1.156446073666810292e-01,1.228723953270985658e-01,3.670146193160805370e-01,8.532652320791779266e-01,6.896173081987446096e+01
3.611278899673047160e-01,1.123740275700238489e-01,1.193974042931502805e-01,3.836983830902613302e-01,8.503296615234182676e-01,6.896825685425490349e+01
3.748013124188762091e-01,1.091319836055024695e-01,1.159527325808463599e-01,3.982263944450558091e-01,8.471986520920316011e-01,6.900642296033915102e+01
3.841659278187896653e-01,1.057941443293396594e-01,1.124062783499234497e-01,4.081762983074639917e-01,8.442524907237902720e-01,6.905729910840288710e+01
3.916163881950788794e-01,1.034029688068150432e-01,1.098656543572409661e-01,4.160924124572713545e-01,8.410312952375762485e-01,6.913987376807911289e+01
4.032185354200718552e-01,1.013063439213917616e-01,1.076379904164787848e-01,4.284196938838262247e-01,8.378139577918084502e-01,6.920218828867291450e+01
4.161496278060310972e-01,9.926889657472179329e-02,1.054732026106419973e-01,4.421589795439080373e-01,8.345296047222380276e-01,6.931618856502829829e+01
4.243136334092263429e-01,9.713741317686587495e-02,1.032085015004199635e-01,4.508332354973028089e-01,8.317069319824645923e-01,6.945873326262271519e+01
4.292929448572069817e-01,9.553732485721992684e-02,1.015084076607961627e-01,4.561237539107825256e-01,8.287831932349704056e-01,6.963497479625188191e+01
4.395549495583560007e-01,9.373042635778215670e-02,9.958857800514356318e-02,4.670271339057530113e-01,8.255690691625269251e-01,6.985800862823450075e+01
4.482376359833999402e-01,9.203660050611255083e-02,9.778888803774452021e-02,4.762524882323624364e-01,8.227599180008049462e-01,7.011603442227392691e+01
4.558482349816916912e-01,9.041703378284929316e-02,9.606809839427732367e-02,4.843387496680473525e-01,8.198302864957023317e-01,7.035847468827066109e+01
4.617916217218081543e-01,8.901002136027737210e-02,9.457314769529477638e-02,4.906535980794211049e-01,8.168254055815494796e-01,7.059982659058840682e+01
4.646655763339596068e-01,8.864807941016861204e-02,9.418858437330425437e-02,4.937071748548319539e-01,8.144295744413930782e-01,7.084898444975073062e+01
4.656847472534791366e-01,8.890881578717378664e-02,9.446561677387231570e-02,4.947900439568215791e-01,8.122726088974013825e-01,7.109801232114823222e+01
4.655232339980464595e-01,8.963890359900365812e-02,9.524133507394146048e-02,4.946184361229245541e-01,8.102211074696022974e-01,7.134810270891408379e+01
4.655726011611442394e-01,9.106882427757902188e-02,9.676062579492768212e-02,4.946708887337161187e-01,8.075510109274232073e-01,7.153875214564857288e+01
4.645130623886338794e-01,9.219890894199082865e-02,9.796134075086522508e-02,4.935451287879235038e-01,8.048155986419416319e-01,7.166350152003450091e+01
4.647968647234145267e-01,9.333349764391049574e-02,9.916684124665493816e-02,4.938466687686278167e-01,8.025467714848768530e-01,7.177067619211233307e+01
4.654241897856910004e-01,9.408428336764221300e-02,9.996455107811991203e-02,4.945132016472966741e-01,8.002592560013354062e-01,7.186331323620832734e+01
4.642245129546197502e-01,9.506802745683330669e-02,1.010097791728854361e-01,4.932385450142834360e-01,7.986735667857141063e-01,7.196037490857415264e+01
4.598535109477671079e-01,9.606632723813360308e-02,1.020704726905168613e-01,4.885943553820024654e-01,7.981681471343254897e-01,7.202630788273646090e+01
4.523898639794315391e-01,9.800618709896098679e-02,1.041315737926461205e-01,4.806642304781457153e-01,7.980908177035092033e-01,7.195092820585595916e+01
4.487329380498276121e-01,9.886353251311792711e-02,1.050425032951878418e-01,4.767787466779419558e-01,7.977679881143173724e-01,7.179513669357059769e+01
4.454115822064664276e-01,9.979916541278720243e-02,1.060366132510865839e-01,4.732498060943702844e-01,7.974925463868596243e-01,7.158798915039275812e+01
4.458149734556453581e-01,9.962537511869848372e-02,1.058519610636172170e-01,4.736784092966231374e-01,7.974483060485262342e-01,7.158110572060060406e+01
4.447181137964547060e-01,1.001931949775221042e-01,1.064552696636172219e-01,4.725129959087331355e-01,7.972108652717624366e-01,7.163396395603938061e+01
4.448607425400553095e-01,1.004012028064337758e-01,1.066762779818358486e-01,4.726645389488084992e-01,7.971938037793605547e-01,7.164677467510442455e+01
4.458577508066950412e-01,1.004506554234418508e-01,1.067288213874068442e-01,4.737238602321136027e-01,7.974116382854329332e-01,7.164208290690434922e+01
4.476815915989441064e-01,1.002385396566703168e-01,1.065034483852121683e-01,4.756616910738782900e-01,7.978253180682878254e-01,7.161355322982619498e+01
4.499109398166182827e-01,9.997226387838265005e-02,1.062205303707815657e-01,4.780303735551569289e-01,7.984399779490324311e-01,7.158104637890815525e+01
4.507344070906492695e-01,1.002622906683211385e-01,1.065286838350911341e-01,4.789053075338149945e-01,7.991658832903711929e-01,7.152079435794669848e+01
4.528683782374318123e-01,1.004047968446445810e-01,1.066800966474347884e-01,4.811726518772711514e-01,7.999356423039987174e-01,7.145073757267907411e+01
4.541986686964027409e-01,1.008877439385971325e-01,1.071932279347594524e-01,4.825860854899274854e-01,8.006463353857973253e-01,7.136239689705394085e+01
4.548132890675827267e-01,1.013208953254475936e-01,1.076534512832880847e-01,4.832391196343067685e-01,8.011771418716745474e-01,7.126533914568530292e+01
4.547459699753830797e-01,1.016706936267331163e-01,1.080251119784039759e-01,4.831675930988448830e-01,8.015363812778109054e-01,7.116885247265943804e+01
4.553765392067905537e-01,1.016708966383584600e-01,1.080253276782557892e-01,4.838375729072145193e-01,8.020192077169733258e-01,7.109647059654190571e+01
4.569420446600608865e-01,1.012512414374949765e-01,1.075794440273384611e-01,4.855009224513145982e-01,8.025793576088786629e-01,7.104542336616616183e+01
4.571582533889278488e-01,1.011780277460062327e-01,1.075016544801317142e-01,4.857306442257357526e-01,8.029787777009139704e-01,7.101825394821817383e+01
4.564016617314488600e-01,1.011199300000778373e-01,1.074399256250826579e-01,4.849267655896643547e-01,8.032622993668487865e-01,7.100650213747967143e+01
4.543492411782510398e-01,1.009728042515771335e-01,1.072836045173006791e-01,4.827460687518919658e-01,8.044886171934175767e-01,7.100777792341008876e+01
4.522869538310809734e-01,1.009884523791652611e-01,1.073002306528630934e-01,4.805548884455234648e-01,8.059250511856131949e-01,7.100701971749444397e+01
4.489562090716645026e-01,1.016423096311953739e-01,1.079949539831450839e-01,4.770159721386438290e-01,8.074998821174662611e-01,7.100071122125997647e+01
4.412028242049764182e-01,1.049932044890703048e-01,1.115552797696372639e-01,4.687780007177878572e-01,8.101402595619541236e-01,7.097552042959127050e+01
4.332917298745710966e-01,1.079764981974266347e-01,1.147250293347658462e-01,4.603724629917316791e-01,8.133187110881605619e-01,7.093303534265669441e+01
4.295173305846364253e-01,1.088256148668081957e-01,1.156272157959837704e-01,4.563621637461758862e-01,8.172036295219616830e-01,7.087205537457619187e+01
4.268443719222825283e-01,1.092390571305617009e-01,1.160664982012219043e-01,4.535221451674251725e-01,8.210141046219923133e-01,7.079607677594607651e+01
4.246065389229931597e-01,1.101523678415100294e-01,1.170368908316044149e-01,4.511444476056802322e-01,8.248260843858146174e-01,7.072289703671034999e+01
4.238677542828199196e-01,1.134045054065472846e-01,1.204922869944564934e-01,4.503594889254959877e-01,8.289869287834372713e-01,7.062473511544754956e+01
4.216477790762239719e-01,1.175137061895556168e-01,1.248583128264030007e-01,4.480007652684880881e-01,8.329797666434211045e-01,7.048284348880827110e+01
4.148254296582116751e-01,1.215216170353525527e-01,1.291167181000620889e-01,4.407520190118499603e-01,8.365355614433366283e-01,7.032951999736684456e+01
4.037035170020705777e-01,1.266405385327829536e-01,1.345555721910819402e-01,4.289349868147000477e-01,8.398031221968320637e-01,7.022555522981771503e+01
3.904873266134633591e-01,1.320530556513990483e-01,1.403063716296115426e-01,4.148927845268048920e-01,8.432999536625263026e-01,7.011539479805894359e+01
3.746475905349441748e-01,1.361493926497554241e-01,1.446587296903651676e-01,3.980630649433779533e-01,8.474697375143073197e-01,6.998630441056459972e+01
3.554200391774554602e-01,1.392679756200666807e-01,1.479722240963208257e-01,3.776337916260463223e-01,8.526890935128627058e-01,6.996539874813875315e+01
3.360143755903725604e-01,1.407279866524173695e-01,1.495234858181935245e-01,3.570152740647709044e-01,8.580925895138820092e-01,6.999977744659661028e+01
3.144701222751715153e-01,1.404510505548148824e-01,1.492292412144908542e-01,3.341245049173696136e-01,8.632907974091770242e-01,7.004743566288395584e+01
2.946981811577223387e-01,1.415326198539988145e-01,1.503784085948739191e-01,3.131168174800801340e-01,8.670356730980381954e-01,7.010080551240739055e+01
2.774232160391729707e-01,1.438556924864515529e-01,1.528466732668547767e-01,2.947621670416212258e-01,8.692234275200003690e-01,7.014368733449408921e+01
2.650947860364794018e-01,1.455239479120406798e-01,1.546191946565432240e-01,2.816632101637592811e-01,8.705333886860779913e-01,7.016981778580770879e+01
2.560577084833542405e-01,1.478256422290052663e-01,1.570647448683181735e-01,2.720613152635640297e-01,8.716294050458859299e-01,7.015082660528987901e+01
2.491954045254196337e-01,1.521199853481999820e-01,1.616274844324626092e-01,2.647701173082583903e-01,8.725917718261172462e-01,7.012566755699877774e+01
2.462468316356768439e-01,1.573554644626337651e-01,1.671901809915481985e-01,2.616372586129066535e-01,8.731595982398914213e-01,7.016212164918506744e+01
2.441211731662169260e-01,1.627183787347885047e-01,1.728882774057128868e-01,2.593787464891053607e-01,8.733225667746949972e-01,7.022943324963777911e+01
2.443739314228753345e-01,1.667950072611411871e-01,1.772196952149625582e-01,2.596473021368049250e-01,8.731587892233126924e-01,7.028345375702177478e+01
2.455847607742632221e-01,1.705054353134019263e-01,1.811620250204895588e-01,2.609338083226546146e-01,8.729639224486015481e-01,7.034442356791539908e+01
2.464319946511230042e-01,1.744271238619424513e-01,1.853288191033140020e-01,2.618339943168183082e-01,8.730007980741926188e-01,7.037695129802769145e+01
2.465199085023334902e-01,1.780584303187398854e-01,1.891870822136610952e-01,2.619274027837293350e-01,8.729114217687791166e-01,7.039438602097349928e+01
2.443390962578187442e-01,1.795173167011213933e-01,1.907371489949415133e-01,2.596102897739324122e-01,8.731520919954507409e-01,7.044302440455589931e+01
2.427437704564119059e-01,1.812887623350738220e-01,1.926193099810158127e-01,2.579152561099377072e-01,8.730292768063975251e-01,7.050808640368067870e+01
2.409608217103981764e-01,1.830526792578552053e-01,1.944934717114712719e-01,2.560208730672980382e-01,8.724561861379120931e-01,7.054925012824560326e+01
2.395726647447280755e-01,1.847948332321449616e-01,1.963445103091538968e-01,2.545459562912736340e-01,8.711985781550163344e-01,7.055148260039089791e+01
2.388941323111430926e-01,1.866316063571788753e-01,1.982960817545025289e-01,2.538250155805895081e-01,8.699604452416460632e-01,7.055228563611844095e+01
2.388345028086364952e-01,1.886570097507876964e-01,2.004480728602119344e-01,2.537616592341762067e-01,8.697212309695540045e-01,7.059221092806754427e+01
2.400132993984906982e-01,1.906745960660672923e-01,2.025917583201964911e-01,2.550141306108965056e-01,8.692211495680126632e-01,7.058675842574788817e+01
2.404589500795571988e-01,1.922839783896210797e-01,2.043017270389723139e-01,2.554876344595294890e-01,8.685491087914657404e-01,7.056514323780544373e+01
2.411557785785104213e-01,1.929801390958758855e-01,2.050413977893682793e-01,2.562280147396673868e-01,8.679550000719017389e-01,7.055822737193410887e+01
2.411395937927004185e-01,1.935323417183463790e-01,2.056281130757429687e-01,2.562108184047442450e-01,8.671562621148367622e-01,7.054607895445128918e+01
2.402794504892897254e-01,1.938097254090083710e-01,2.059228332470713352e-01,2.552969161448705449e-01,8.662641479055623872e-01,7.052457948171678481e+01
2.387090016506069057e-01,1.937501047638128804e-01,2.058594863115511542e-01,2.536283142537698598e-01,8.652497398676310958e-01,7.050539382721960635e+01
2.367905606611001024e-01,1.935651986637343391e-01,2.056630235802177908e-01,2.515899707024186194e-01,8.643744935926769291e-01,7.049026383619418823e+01
2.360349691043899245e-01,1.936567561481707112e-01,2.057603034074313442e-01,2.507871546734140589e-01,8.637394814219570005e-01,7.048324415176435309e+01
2.355706821238138515e-01,1.938845773107791270e-01,2.060023633927029474e-01,2.502938497565520559e-01,8.634315199522697437e-01,7.046668010710769181e+01
2.348084220165763680e-01,1.940861434004997055e-01,2.062165273630308659e-01,2.494839483926124812e-01,8.632202885235378265e-01,7.045048230712487225e+01
2.344366576209394870e-01,1.939643315919362121e-01,2.060871023164323745e-01,2.490889487222481824e-01,8.632783182231434926e-01,7.049249251358556023e+01
2.337350875771768421e-01,1.938340775378236125e-01,2.059487073839375848e-01,2.483435305507504243e-01,8.633520139691102102e-01,7.053566478996752664e+01
2.330582450363146985e-01,1.936575411395886626e-01,2.057611374608129262e-01,2.476243853510843029e-01,8.635727433373063811e-01,7.056531300099553050e+01
2.323920261153010480e-01,1.934869779898048814e-01,2.055799141141677056e-01,2.469165277475072473e-01,8.639006161970100850e-01,7.058672354546861527e+01
2.318416605005074738e-01,1.933234209862624842e-01,2.054061347979038721e-01,2.463317642817893505e-01,8.643343489999393281e-01,7.060099459740433758e+01
2.319224368814931103e-01,1.932609482058312567e-01,2.053397574686957883e-01,2.464175891865865164e-01,8.648498670615708539e-01,7.060225777276484393e+01
2.329109846356899050e-01,1.934090322195598510e-01,2.054970967332823417e-01,2.474679211754204911e-01,8.654754355099841812e-01,7.059617515121952636e+01
2.349173146765588249e-01,1.935504207065441573e-01,2.056473220007032365e-01,2.495996468438437532e-01,8.662185502319255104e-01,7.060137488518897442e+01
2.375812129350723112e-01,1.937060684243530895e-01,2.058126977008750969e-01,2.524300387435142179e-01,8.670446320885896174e-01,7.060730742679169225e+01
2.398315004024041686e-01,1.937319563389985622e-01,2.058402036101860955e-01,2.548209691775542574e-01,8.677295447611005352e-01,7.059520772085868145e+01
2.417701221619176222e-01,1.936140000647534609e-01,2.057148750688006511e-01,2.568807547970374805e-01,8.680432992330175956e-01,7.057575520124339619e+01
2.431982412990627562e-01,1.932857453738718867e-01,2.053661044597390184e-01,2.583981313802541369e-01,8.683111873457125540e-01,7.056349137945100836e+01
2.442157460607146113e-01,1.930009528801279461e-01,2.050635124351357919e-01,2.594792301895093023e-01,8.683839857455528666e-01,7.058419543132592366e+01
2.452321538139732027e-01,1.928347888851021374e-01,2.048869631904209621e-01,2.605591634273465296e-01,8.682406028637760231e-01,7.060679603973804319e+01
2.458090158382398582e-01,1.927028802567285759e-01,2.047468102727741102e-01,2.611720793281299136e-01,8.681457296314055716e-01,7.061874211726413364e+01
2.460596993892449069e-01,1.925997851613831247e-01,2.046372717339696168e-01,2.614384306010727466e-01,8.680979369469612461e-01,7.062501299828208801e+01
2.461107395252349617e-01,1.925124275052880474e-01,2.045444542243684549e-01,2.614926607455623220e-01,8.680708009048176965e-01,7.062742121340578194e+01
2.460629653171869380e-01,1.924397410992428337e-01,2.044672249179456114e-01,2.614419006495111164e-01,8.680568260518257695e-01,7.062854597642569843e+01
2.459593241648563022e-01,1.923764523907734447e-01,2.043999806651968509e-01,2.613317819251598229e-01,8.680533945440684906e-01,7.062900280211124482e+01
2.459092893651766421e-01,1.922282981748493491e-01,2.042425668107774317e-01,2.612786199505002238e-01,8.679442470726311809e-01,7.061856934973535260e+01
2.446548590420986324e-01,1.909479207058944472e-01,2.028821657500129438e-01,2.599457877322295940e-01,8.674076385516522603e-01,7.053741878607431204e+01
2.379987266626072961e-01,1.860999497475072095e-01,1.977311966067264448e-01,2.528736470790201585e-01,8.667438600250934044e-01,7.047470234749594908e+01
2.280131053373691818e-01,1.771029285790740315e-01,1.881718616152662227e-01,2.422639244209548737e-01,8.674761175972568461e-01,7.041380570761214130e+01
2.203348438993535385e-01,1.674303805161800329e-01,1.778947792984413856e-01,2.341057716430631763e-01,8.696817279656375854e-01,7.023795508040149116e+01
2.183759640505103516e-01,1.620434774920140042e-01,1.721711948352649679e-01,2.320244618036673423e-01,8.716126252563658472e-01,7.001306781503174648e+01
2.189130787606021478e-01,1.583024692904113351e-01,1.681963736210620453e-01,2.325951461831398392e-01,8.727623323991972049e-01,6.984240959715958752e+01
2.218507167054425411e-01,1.546306368393367825e-01,1.642950516417953644e-01,2.357163864995326374e-01,8.737344577929213596e-01,6.975620204562615356e+01
2.242119633706929349e-01,1.502589503061909082e-01,1.596501347003278226e-01,2.382252110813612433e-01,8.732229311790078441e-01,6.970440478527831374e+01
2.288766206878128928e-01,1.452891249425313502e-01,1.543696952514395648e-01,2.431814094808011084e-01,8.718524395437153851e-01,6.969753756415600776e+01
2.374178562101630086e-01,1.398552065043806025e-01,1.485961569109043867e-01,2.522564722232981671e-01,8.705713026905083085e-01,6.970734851423318901e+01
2.495830844317650510e-01,1.353295013667146218e-01,1.437875952021343551e-01,2.651820272087504482e-01,8.691191341848956142e-01,6.969936879667777418e+01
2.642825591606945967e-01,1.317519045475991357e-01,1.399863985818239898e-01,2.808002191082378252e-01,8.670584274725831042e-01,6.965653037867575392e+01
2.807731460003398682e-01,1.284594334338191313e-01,1.364881480234328426e-01,2.983214676253610476e-01,8.645127779129734291e-01,6.959605034514594024e+01
2.982689633400235629e-01,1.256725147076080129e-01,1.335270468768335606e-01,3.169107735487749489e-01,8.614884814324637041e-01,6.952934038501410896e+01
3.186940812489133523e-01,1.226096290187534549e-01,1.302727308324255484e-01,3.386124613269702599e-01,8.590536169644105158e-01,6.950846757180394775e+01
3.394429959198245195e-01,1.189292220349892626e-01,1.263622984121761939e-01,3.606581831648137948e-01,8.566358287353069700e-01,6.956382364660274220e+01
3.588076576420495822e-01,1.152717812345219056e-01,1.224762675616795082e-01,3.812331362446775840e-01,8.539527402378765952e-01,6.967820262404529785e+01
3.739149878497438073e-01,1.118351844259058425e-01,1.188248834525249681e-01,3.972846745903525489e-01,8.513644951265160188e-01,6.977038434030743019e+01
3.859439292466334548e-01,1.086024753083196237e-01,1.153901300150895759e-01,4.100654248245479971e-01,8.483646841093321900e-01,6.985298521910749514e+01
3.930871770714612357e-01,1.052598073562162340e-01,1.118385453159797399e-01,4.176551256384274380e-01,8.456531528203254933e-01,6.999682422264750414e+01
3.978738238690837092e-01,1.020228964222166940e-01,1.083993274486052816e-01,4.227409378609013890e-01,8.429613790721479649e-01,7.010213063740384598e+01
4.029588281850508547e-01,9.928738272179042645e-02,1.054928441419022977e-01,4.281437549466161618e-01,8.402782786637645884e-01,7.012400305405857637e+01
4.103311373595003864e-01,9.764385025424959785e-02,1.037465908951401561e-01,4.359768334444689142e-01,8.373238235942609409e-01,7.012060664090920170e+01
4.163278862274477077e-01,9.619951957346352389e-02,1.022119895468050210e-01,4.423483791166631374e-01,8.344025083866742909e-01,7.013248706185802916e+01
4.228514520726371906e-01,9.478107486949459426e-02,1.007048920488380350e-01,4.492796678271774313e-01,8.315066325891659060e-01,7.015466705212739384e+01
4.295130058803565687e-01,9.334300427113935428e-02,9.917694203808545550e-02,4.563575687478786946e-01,8.286328304243241183e-01,7.016182905469329967e+01
4.397364267137793825e-01,9.113993289412182508e-02,9.683617870000445216e-02,4.672199533833908403e-01,8.257364155091335700e-01,7.028680552549263894e+01
4.500936260341132367e-01,8.890946267807897652e-02,9.446630409545883622e-02,4.782244776612453729e-01,8.226009853609754785e-01,7.046035481917380139e+01
4.588995437791987264e-01,8.700521422080739753e-02,9.244304010960778528e-02,4.875807652653988966e-01,8.193760812345751710e-01,7.064965473196600954e+01
4.660638400818838956e-01,8.541140919642042917e-02,9.074962227119669211e-02,4.951928300870015454e-01,8.163282302841200488e-01,7.085084537821694539e+01
4.723696630927225470e-01,8.436222680335066226e-02,8.963486597856017146e-02,5.018927670360175952e-01,8.134937883810936521e-01,7.104748408175470331e+01
4.769261234505365321e-01,8.361803545496013235e-02,8.884416267089516317e-02,5.067340061661951278e-01,8.109775328012198692e-01,7.129374434957186679e+01
4.802591101225677228e-01,8.305276759379467966e-02,8.824356556840688703e-02,5.102753045052279557e-01,8.083626052569964360e-01,7.152102174816874935e+01
4.809195682866568844e-01,8.250732977777676391e-02,8.766403788888779691e-02,5.109770413045728876e-01,8.059843462113077672e-01,7.173708674284938525e+01
4.796524963699400623e-01,8.242293152831572933e-02,8.757436474883555089e-02,5.096307773930610630e-01,8.029180298666319660e-01,7.188233194503567347e+01
4.787161937871368123e-01,8.249944990110202880e-02,8.765566551992089173e-02,5.086359558988329255e-01,8.004429200725261540e-01,7.198339543034281007e+01
4.755365877812847142e-01,8.324547792950950931e-02,8.844832030010391088e-02,5.052576245176146896e-01,7.987604427187691147e-01,7.192709436982363513e+01
4.743585246820425927e-01,8.334866786120656568e-02,8.855795960253197430e-02,5.040059324746700709e-01,7.976174240008321314e-01,7.196304036744020038e+01
4.717296464115010024e-01,8.419860350853079767e-02,8.946101622781404972e-02,5.012127493122199295e-01,7.965363798967147746e-01,7.204173176396795952e+01
4.693465379633180445e-01,8.500549269022462939e-02,9.031833598336362623e-02,4.986806965860254293e-01,7.957258112406535577e-01,7.209790905748140233e+01
4.674138673316280967e-01,8.573521063127470532e-02,9.109366129572947501e-02,4.966272340398549812e-01,7.951970450773212518e-01,7.213467303547065512e+01
4.656465509589206575e-01,8.646477965937422738e-02,9.186882838808502205e-02,4.947494603938530910e-01,7.948448756411664595e-01,7.216473828799614409e+01
4.642756335913750809e-01,8.720007098656670785e-02,9.265007542322717393e-02,4.932928606908357216e-01,7.946093447585901304e-01,7.218741028824214823e+01
4.633645386101445940e-01,8.796189203675121304e-02,9.345951028904803115e-02,4.923248222732784507e-01,7.944779464361536592e-01,7.220388247648638469e+01
4.635108950944111794e-01,8.847222537004420517e-02,9.400173945567193157e-02,4.924803260378119996e-01,7.945913562987084733e-01,7.220429909722651018e+01
4.645322356335528924e-01,8.878254450354974847e-02,9.433145353502157826e-02,4.935655003606499447e-01,7.948826900208117996e-01,7.219534518306248572e+01
4.622812164175876815e-01,9.049588651016855778e-02,9.615187941705409524e-02,4.911737924436866964e-01,7.961197261593474517e-01,7.218469224429028941e+01
4.632223168860234996e-01,9.098862501654114698e-02,9.667541408007503112e-02,4.921737116913996735e-01,7.968688826139620485e-01,7.209575208023642290e+01
4.656666914141726621e-01,9.084579906579463848e-02,9.652366150740680772e-02,4.947708596275585125e-01,7.976183088863855186e-01,7.201334021903537064e+01
4.683608465283413680e-01,9.064298265201972682e-02,9.630816906777085740e-02,4.976333994363629776e-01,7.983792003614390564e-01,7.193380831028238731e+01
4.709473628973704362e-01,9.037602183505322184e-02,9.602452319974408290e-02,5.003815730784563209e-01,7.990758015776546763e-01,7.185698461788244629e+01
4.734352465990180892e-01,8.974599818205206136e-02,9.535512306843016428e-02,5.030249495114568203e-01,7.996800348121436697e-01,7.178891452542954710e+01
4.767381917599665675e-01,8.864615785981982965e-02,9.418654272605872513e-02,5.065343287449645127e-01,8.003563248124435647e-01,7.174058105291996412e+01
4.797516458159712394e-01,8.755880363094513397e-02,9.303122885787913632e-02,5.097361236794692996e-01,8.010066622446915252e-01,7.170557745186651744e+01
4.807223153350739797e-01,8.716861277696005827e-02,9.261665107552011222e-02,5.107674600435160306e-01,8.013885935440818731e-01,7.167900266537390053e+01
4.803819005531168029e-01,8.730627917413230632e-02,9.276292162251546791e-02,5.104057693376865545e-01,8.016786442708864202e-01,7.166277612667839492e+01
4.784497659600219777e-01,8.712904102227175818e-02,9.257460608616369102e-02,5.083528763325234623e-01,8.024734296443865045e-01,7.166465879322193189e+01
4.729246922291858723e-01,8.931304909138566839e-02,9.489511465959736547e-02,5.024824854935099339e-01,8.048789079218154896e-01,7.166201470642086235e+01
4.666960688775664279e-01,9.210538305274665327e-02,9.786196949354319941e-02,4.958645731824142810e-01,8.072144888856345180e-01,7.165815498328336730e+01
4.598943235439817978e-01,9.534971540498118903e-02,1.013090726177924561e-01,4.886377187654802889e-01,8.094489250970939853e-01,7.163091741032448567e+01
4.522843939797708268e-01,9.873689505959569457e-02,1.049079510008203570e-01,4.805521686035061357e-01,8.120389765237673307e-01,7.160920445750106467e+01
4.417169984367786406e-01,1.031097686008075887e-01,1.095541291383580473e-01,4.693243108390769969e-01,8.158162856946089558e-01,7.157933117173665494e+01
4.336954907090858624e-01,1.056771659808437708e-01,1.122819888546465056e-01,4.608014588784041243e-01,8.204404221814648457e-01,7.155758365408719612e+01
4.275067529132244859e-01,1.078546505189281884e-01,1.145955661763612410e-01,4.542259249703010093e-01,8.253387715006100800e-01,7.155641493316241508e+01
4.223555673938436672e-01,1.119991810863803228e-01,1.189991299042791190e-01,4.487527903559587195e-01,8.298772401036255131e-01,7.155761953031017697e+01
4.182185823738762132e-01,1.169440923988502717e-01,1.242530981737783868e-01,4.443572437722432267e-01,8.340661768955521804e-01,7.153856964186164191e+01
4.146228089725577659e-01,1.205200097740230930e-01,1.280525103848995927e-01,4.405367345333427442e-01,8.373364131361729079e-01,7.150345157537788054e+01
4.079694025417605063e-01,1.229353915355294868e-01,1.306188535064999878e-01,4.334674902006205310e-01,8.402188787083028076e-01,7.141788099173200521e+01
3.989264404448947254e-01,1.254081347223083009e-01,1.332461431424526443e-01,4.238593429727005035e-01,8.431107932248482761e-01,7.126756268548437845e+01
3.841029861899403763e-01,1.269765498865637054e-01,1.349125842544738885e-01,4.081094228268113966e-01,8.465209247131452175e-01,7.113054275893574641e+01
3.631540881799932285e-01,1.279295885667812716e-01,1.359251878522050871e-01,3.858512186912427255e-01,8.520236255850847096e-01,7.110855555612310752e+01
3.369619017054885091e-01,1.286506556808722779e-01,1.366913216609267900e-01,3.580220205620815999e-01,8.573347458510330865e-01,7.112185603063046813e+01
3.127515537766519804e-01,1.289812900808160745e-01,1.370426207108670635e-01,3.322985258876927639e-01,8.618520979007644467e-01,7.115151146102125779e+01
2.937197092575266621e-01,1.300022797894095083e-01,1.381274222762476078e-01,3.120771910861221410e-01,8.652260310811674682e-01,7.117896030251102957e+01
2.776020259366968612e-01,1.323868213316158893e-01,1.406609976648419413e-01,2.949521525577403769e-01,8.682793688934180576e-01,7.117659996864934158e+01
2.641675790255568201e-01,1.364879394820600611e-01,1.450184356996890300e-01,2.806780527146542359e-01,8.706891818048632103e-01,7.112838419582303118e+01
2.534431871481170884e-01,1.420172574092909146e-01,1.508933359973715360e-01,2.692833863448745313e-01,8.725820958263780236e-01,7.108623629854078274e+01
2.467232292007772998e-01,1.471488244113717259e-01,1.563456259370825108e-01,2.621434310258258238e-01,8.739620467806870074e-01,7.104711181894361971e+01
2.446133704389663321e-01,1.520843830776816841e-01,1.615896570200367754e-01,2.599017060914017296e-01,8.747927443310413720e-01,7.098312861973575139e+01
2.439857014968047633e-01,1.573156966080270225e-01,1.671479276460287045e-01,2.592348078403551859e-01,8.752377011459056000e-01,7.091262626184499140e+01
2.446727455907314885e-01,1.628597277849707647e-01,1.730384607715312884e-01,2.599647921901521719e-01,8.754956355603822349e-01,7.083321248906099754e+01
2.450945353197943877e-01,1.663211677154731449e-01,1.767162406976902911e-01,2.604129437772814692e-01,8.755126339766745591e-01,7.074024428282335464e+01
2.459338915297966111e-01,1.702706264041237705e-01,1.809125405543816623e-01,2.613047597504089548e-01,8.756048623168328771e-01,7.073142091816298205e+01
2.462150668772894457e-01,1.736401396473895853e-01,1.844926483753515645e-01,2.616035085571201124e-01,8.754789997936990309e-01,7.077978484840576812e+01
2.451027200530336014e-01,1.754172477856607570e-01,1.863808257722646133e-01,2.604216400563480471e-01,8.755675095927214491e-01,7.086763338095219922e+01
2.433589663028324357e-01,1.762352306764183862e-01,1.872499325936947123e-01,2.585689016967596121e-01,8.758522501027600216e-01,7.092853393764890768e+01
