time,s1,s2,s3,s4,s5,s6,s7,s8,s9,s10,s11,s12,s13,s14,s15,s16,s17
1.000000,2.016795,2.002439,2.021831,2.063347,2.011189,2.021098,1.999226,1.963864,0.089522,1.997266,0.358761,0.895344,0.038931,0.039450,1.484076,0.038149,0.840496
1.016667,2.016886,2.002369,2.021936,2.063007,2.011327,2.021100,1.999125,1.963022,0.086877,1.996600,0.363077,0.883389,0.038943,0.039497,1.468770,0.038239,0.831411
1.033333,2.017027,2.002250,2.022000,2.061735,2.011458,2.021044,1.999016,1.961868,0.084610,1.994087,0.367943,0.865042,0.039062,0.039528,1.447055,0.038530,0.812117
1.050000,2.017160,2.002129,2.021911,2.060758,2.011556,2.020823,1.998941,1.960940,0.083272,1.992265,0.371454,0.840411,0.039322,0.039536,1.433868,0.038888,0.786704
1.066667,2.017242,2.001977,2.021799,2.059967,2.011655,2.020566,1.998882,1.960041,0.082341,1.990913,0.374311,0.817152,0.039604,0.039570,1.424540,0.039193,0.768714
1.083333,2.017276,2.001841,2.021680,2.059237,2.011757,2.020278,1.998834,1.959129,0.081696,1.989691,0.376595,0.796032,0.039904,0.039620,1.414188,0.039518,0.754519
1.100000,2.017310,2.001821,2.021582,2.058553,2.011854,2.020112,1.998790,1.958240,0.081352,1.988535,0.378447,0.785184,0.040059,0.039687,1.402354,0.039961,0.738511
1.116667,2.017358,2.001858,2.021525,2.057975,2.011949,2.019966,1.998754,1.957361,0.081057,1.987047,0.379867,0.777185,0.040182,0.039810,1.387963,0.040431,0.726380
1.133333,2.017393,2.001912,2.021533,2.057788,2.012043,2.019829,1.998724,1.956548,0.080591,1.985762,0.380914,0.770934,0.040291,0.039943,1.376464,0.040784,0.721224
1.150000,2.017436,2.001983,2.021559,2.057779,2.012137,2.019704,1.998701,1.955782,0.080142,1.984808,0.381700,0.766177,0.040384,0.040050,1.368266,0.041081,0.718579
1.166667,2.017475,2.002067,2.021587,2.057865,2.012231,2.019595,1.998685,1.955093,0.079765,1.984085,0.382348,0.762803,0.040455,0.040154,1.361700,0.041312,0.716888
1.183333,2.017516,2.002152,2.021614,2.057997,2.012318,2.019496,1.998674,1.954490,0.079449,1.983558,0.382831,0.760207,0.040521,0.040233,1.357010,0.041467,0.715955
1.200000,2.017554,2.002230,2.021640,2.058095,2.012404,2.019383,1.998668,1.954005,0.079183,1.983188,0.383196,0.757168,0.040603,0.040286,1.353496,0.041564,0.715570
1.216667,2.017586,2.002294,2.021661,2.058211,2.012475,2.019285,1.998662,1.953642,0.078979,1.982946,0.383461,0.754469,0.040678,0.040320,1.350920,0.041620,0.715527
1.233333,2.017610,2.002340,2.021679,2.058298,2.012526,2.019213,1.998659,1.953399,0.078832,1.982801,0.383636,0.752503,0.040733,0.040337,1.349201,0.041649,0.715698
1.250000,2.017626,2.002367,2.021690,2.058357,2.012555,2.019172,1.998656,1.953268,0.078747,1.982728,0.383732,0.751367,0.040765,0.040342,1.348223,0.041663,0.715901
1.266667,2.017634,2.002381,2.021697,2.058390,2.012571,2.019149,1.998654,1.953199,0.078704,1.982690,0.383782,0.750749,0.040783,0.040340,1.347703,0.041670,0.716022
1.283333,2.017639,2.002389,2.021701,2.058408,2.012579,2.019136,1.998653,1.953164,0.078686,1.982670,0.383807,0.750419,0.040792,0.040332,1.347464,0.041672,0.716098
1.300000,2.017644,2.002394,2.021704,2.058418,2.012584,2.019130,1.998652,1.953147,0.078682,1.982659,0.383819,0.750257,0.040798,0.040320,1.347538,0.041672,0.716148
1.316667,2.017649,2.002397,2.021706,2.058423,2.012586,2.019127,1.998652,1.953140,0.078686,1.982654,0.383824,0.750180,0.040800,0.040304,1.347812,0.041672,0.716186
1.333333,2.017653,2.002398,2.021707,2.058426,2.012587,2.019125,1.998652,1.953138,0.078695,1.982651,0.383825,0.750144,0.040802,0.040285,1.348135,0.041670,0.716216
1.350000,2.017656,2.002400,2.021708,2.058544,2.012599,2.019127,1.998651,1.953140,0.078698,1.982937,0.384017,0.750141,0.040805,0.040265,1.348365,0.041666,0.716244
1.366667,2.017657,2.002401,2.021709,2.058955,2.012640,2.019135,1.998650,1.953143,0.078682,1.983944,0.384726,0.750184,0.040811,0.040242,1.348492,0.041659,0.716271
1.383333,2.017657,2.002402,2.021710,2.059436,2.012689,2.019145,1.998649,1.953147,0.078662,1.985106,0.385589,0.750238,0.040819,0.040217,1.348561,0.041649,0.716299
1.400000,2.017664,2.002402,2.021715,2.059785,2.012748,2.019158,1.998647,1.953153,0.078794,1.986157,0.386701,0.750305,0.040829,0.040203,1.349333,0.041587,0.716318
1.416667,2.017682,2.002403,2.021732,2.059726,2.012828,2.019173,1.998644,1.953164,0.079402,1.985852,0.388359,0.750393,0.040847,0.040228,1.351138,0.041380,0.716315
1.433333,2.017666,2.002406,2.021743,2.059997,2.012910,2.019190,1.998642,1.953186,0.079729,1.986258,0.390114,0.750482,0.040866,0.040152,1.356572,0.041254,0.716381
1.450000,2.017687,2.002417,2.021759,2.060582,2.012993,2.019207,1.998641,1.953225,0.080338,1.987404,0.391968,0.750572,0.040890,0.039848,1.376939,0.041194,0.715796
1.466667,2.017790,2.002589,2.021736,2.060965,2.013075,2.019223,1.998641,1.953268,0.080600,1.988228,0.393918,0.750660,0.040915,0.039540,1.396788,0.041362,0.707859
1.483333,2.017990,2.002911,2.021686,2.060909,2.013153,2.019238,1.998642,1.953314,0.080586,1.988014,0.395901,0.750743,0.040940,0.039231,1.415891,0.041708,0.694616
1.500000,2.018174,2.003185,2.021574,2.060853,2.013190,2.019251,1.998643,1.953362,0.080552,1.987887,0.396169,0.750836,0.040971,0.038913,1.434647,0.042134,0.679077
1.516667,2.018346,2.003418,2.021495,2.060785,2.013064,2.019205,1.998642,1.953410,0.080548,1.987590,0.388942,0.751004,0.041027,0.038588,1.452551,0.042511,0.668588
1.533333,2.018513,2.003663,2.021389,2.060619,2.012853,2.019088,1.998642,1.953460,0.080743,1.986555,0.379817,0.751161,0.041092,0.038268,1.469783,0.042882,0.659500
1.550000,2.018786,2.004010,2.021387,2.060258,2.012658,2.018903,1.998639,1.953510,0.081086,1.984206,0.374903,0.751379,0.041145,0.037953,1.486105,0.043252,0.651342
1.566667,2.019063,2.004291,2.021323,2.059814,2.012490,2.018611,1.998617,1.955196,0.081587,1.981191,0.372187,0.751936,0.041143,0.037576,1.500790,0.043588,0.644754
1.583333,2.019323,2.004453,2.020981,2.059591,2.012235,2.018564,1.998580,1.956960,0.082019,1.979135,0.367457,0.761673,0.041040,0.037267,1.512514,0.043988,0.633732
1.600000,2.019571,2.004677,2.020718,2.059795,2.011966,2.018693,1.998458,1.958442,0.081667,1.980800,0.361507,0.777015,0.040939,0.036897,1.524915,0.044530,0.625684
1.616667,2.019798,2.004954,2.020549,2.058216,2.011754,2.018820,1.998343,1.959912,0.080752,1.977111,0.356226,0.791883,0.040954,0.036249,1.538594,0.045113,0.622556
1.633333,2.019997,2.005221,2.020371,2.056358,2.011592,2.018950,1.998240,1.961266,0.079835,1.971743,0.351395,0.805877,0.040959,0.035639,1.551470,0.045710,0.620769
1.650000,2.020168,2.005475,2.020195,2.054452,2.011450,2.019200,1.998156,1.962512,0.078763,1.965463,0.346280,0.822025,0.040888,0.035083,1.563344,0.046319,0.620917
1.666667,2.020292,2.005687,2.019946,2.052875,2.011295,2.019664,1.998089,1.963673,0.078599,1.960901,0.340237,0.842946,0.040701,0.034600,1.576779,0.046829,0.618297
1.683333,2.020378,2.005872,2.019689,2.051565,2.011161,2.019982,1.998009,1.964749,0.079264,1.955525,0.335152,0.859123,0.040598,0.034167,1.590608,0.047234,0.614792
1.700000,2.020440,2.006061,2.019421,2.049572,2.011060,2.020240,1.997922,1.965748,0.079979,1.946925,0.330526,0.872868,0.040533,0.033776,1.602745,0.047632,0.611763
1.716667,2.020461,2.006242,2.019131,2.047680,2.010975,2.020450,1.997832,1.966703,0.080840,1.937281,0.326160,0.885109,0.040481,0.033327,1.614455,0.048107,0.608892
1.733333,2.020428,2.006492,2.018826,2.046832,2.010896,2.020635,1.997732,1.967618,0.081733,1.927786,0.321880,0.896330,0.040438,0.032828,1.626126,0.048728,0.608676
1.750000,2.020353,2.006661,2.018701,2.046356,2.010891,2.020632,1.997690,1.968476,0.082179,1.919025,0.318569,0.900082,0.040449,0.032354,1.636694,0.049327,0.613711
1.766667,2.020226,2.006810,2.018905,2.046984,2.010774,2.021170,1.997627,1.970070,0.080616,1.918701,0.307870,0.920219,0.040279,0.031936,1.646187,0.050243,0.631204
1.783333,2.020050,2.006898,2.019574,2.047923,2.010632,2.021804,1.997550,1.971484,0.077534,1.921113,0.297124,0.943023,0.040062,0.031665,1.654891,0.050899,0.665367
1.800000,2.019823,2.006973,2.020350,2.049506,2.010493,2.022496,1.997471,1.972222,0.074909,1.924271,0.286785,0.966958,0.039869,0.031514,1.662537,0.051586,0.701606
1.816667,2.019558,2.007062,2.021180,2.051677,2.010356,2.023227,1.997390,1.972630,0.072750,1.929519,0.277056,0.991264,0.039704,0.031437,1.669123,0.052350,0.738472
1.833333,2.019270,2.007118,2.022096,2.053639,2.010222,2.023999,1.997306,1.972804,0.071119,1.934748,0.268019,1.015655,0.039564,0.031417,1.674716,0.053012,0.775486
1.850000,2.018981,2.007139,2.023011,2.055729,2.010094,2.024790,1.997222,1.972701,0.069780,1.941140,0.259671,1.039968,0.039447,0.031422,1.679273,0.053674,0.810309
1.866667,2.018721,2.007038,2.024014,2.057121,2.009966,2.025611,1.997139,1.972642,0.068790,1.945194,0.252007,1.063869,0.039360,0.031477,1.683203,0.054272,0.846592
1.883333,2.018437,2.006817,2.025274,2.057751,2.009842,2.026435,1.997062,1.972655,0.068068,1.946233,0.245045,1.087150,0.039301,0.031584,1.686451,0.054692,0.885876
1.900000,2.018121,2.006521,2.026752,2.057847,2.009677,2.027302,1.996973,1.972417,0.067563,1.945897,0.237963,1.105531,0.039244,0.031738,1.689194,0.054953,0.927219
1.916667,2.017922,2.006137,2.028043,2.057530,2.009308,2.028175,1.996942,1.972010,0.067342,1.945313,0.226767,1.107722,0.039142,0.032021,1.691009,0.055114,0.965966
1.933333,2.017827,2.005708,2.028998,2.056577,2.008954,2.028954,1.996906,1.971581,0.067615,1.943303,0.216331,1.111045,0.039097,0.032481,1.692072,0.054850,1.002390
1.950000,2.017785,2.005294,2.030296,2.053570,2.008703,2.029278,1.996955,1.971047,0.068082,1.933100,0.208924,1.108670,0.039146,0.033085,1.692732,0.054334,1.043278
1.966667,2.017772,2.004901,2.031679,2.051412,2.008492,2.029381,1.997038,1.970563,0.068480,1.925274,0.202872,1.104330,0.039221,0.033664,1.693191,0.053951,1.082068
1.983333,2.017775,2.004563,2.032984,2.050408,2.008311,2.029329,1.997137,1.970046,0.068801,1.923117,0.197824,1.098820,0.039329,0.034162,1.693564,0.053993,1.118992
2.000000,2.017782,2.004248,2.034397,2.049109,2.008159,2.029139,1.997244,1.969597,0.069307,1.918562,0.193680,1.092411,0.039445,0.034690,1.693873,0.054299,1.156532
2.016667,2.017745,2.003994,2.035120,2.048819,2.008037,2.028831,1.997357,1.969161,0.069795,1.916294,0.190463,1.085060,0.039572,0.035315,1.686201,0.054932,1.183227
2.033333,2.017693,2.003740,2.036077,2.048187,2.007940,2.028463,1.997471,1.968730,0.070431,1.912597,0.187837,1.077644,0.039715,0.035933,1.677589,0.055797,1.213171
2.050000,2.017641,2.003525,2.037183,2.048316,2.007860,2.028040,1.997580,1.968347,0.071200,1.914654,0.185717,1.069824,0.039878,0.036514,1.670107,0.056866,1.243468
2.066667,2.017587,2.003288,2.037993,2.048907,2.007794,2.027641,1.997678,1.967990,0.072010,1.922055,0.183990,1.063244,0.040032,0.037037,1.663167,0.058139,1.266766
2.083333,2.017528,2.003030,2.038293,2.049546,2.007734,2.027497,1.997736,1.967672,0.072854,1.930917,0.182463,1.062078,0.040149,0.037487,1.656638,0.059624,1.281974
2.100000,2.017462,2.002783,2.038268,2.050169,2.007683,2.027512,1.997767,1.967408,0.073702,1.939137,0.181183,1.064168,0.040247,0.037860,1.650476,0.061189,1.291547
2.116667,2.017392,2.002524,2.038280,2.050709,2.007643,2.027602,1.997784,1.967179,0.074455,1.944632,0.180185,1.067474,0.040340,0.038173,1.644740,0.062763,1.295267
2.133333,2.017319,2.002298,2.037975,2.051209,2.007611,2.027727,1.997793,1.966972,0.075392,1.947875,0.179407,1.071238,0.040448,0.038459,1.639477,0.064392,1.298682
2.150000,2.017248,2.002063,2.037841,2.051705,2.007566,2.027897,1.997796,1.966801,0.076423,1.950611,0.178454,1.075721,0.040539,0.038731,1.634735,0.066157,1.300502
2.166667,2.017180,2.001867,2.037508,2.052118,2.007528,2.028048,1.997796,1.966647,0.077607,1.953638,0.177670,1.079675,0.040623,0.038970,1.630578,0.067986,1.301092
2.183333,2.017121,2.001673,2.037147,2.053329,2.007493,2.028178,1.997795,1.966498,0.079052,1.957480,0.177021,1.083050,0.040698,0.039181,1.627061,0.069956,1.295651
2.200000,2.017071,2.001580,2.036522,2.055053,2.007462,2.028293,1.997776,1.966366,0.080454,1.962092,0.176473,1.085924,0.040771,0.039365,1.624226,0.071855,1.294068
2.216667,2.017032,2.001524,2.035947,2.055872,2.007438,2.028394,1.997755,1.966245,0.082092,1.965575,0.175998,1.088379,0.040839,0.039535,1.622108,0.073955,1.289797
2.233333,2.017005,2.001567,2.035188,2.055956,2.007418,2.028484,1.997739,1.966128,0.083655,1.967070,0.175602,1.090480,0.040896,0.039681,1.620738,0.076022,1.282227
2.250000,2.016993,2.001569,2.034514,2.055769,2.007399,2.028561,1.997729,1.966012,0.085552,1.967687,0.175255,1.092272,0.040938,0.039813,1.619992,0.078344,1.264481
2.266667,2.016987,2.001675,2.033554,2.055315,2.007382,2.028633,1.997722,1.965898,0.087279,1.968080,0.174925,1.093895,0.040970,0.039933,1.619593,0.080499,1.253454
2.283333,2.016985,2.001795,2.032731,2.054855,2.007364,2.028704,1.997719,1.965790,0.088851,1.967677,0.174609,1.095435,0.040986,0.040035,1.619386,0.082490,1.240317
2.300000,2.016985,2.001871,2.032329,2.054660,2.007348,2.028771,1.997717,1.965693,0.089775,1.967416,0.174316,1.096813,0.040987,0.040089,1.619281,0.083652,1.233239
2.316667,2.016984,2.001921,2.032132,2.054664,2.007334,2.028830,1.997715,1.965617,0.090272,1.967297,0.174054,1.097960,0.040979,0.040111,1.619233,0.084283,1.229494
2.333333,2.016984,2.001972,2.032037,2.054876,2.007322,2.028879,1.997714,1.965570,0.090501,1.967309,0.173843,1.098830,0.040969,0.040113,1.619215,0.084616,1.228868
2.350000,2.016984,2.002016,2.031971,2.055210,2.007314,2.028914,1.997713,1.965525,0.090603,1.967413,0.173707,1.099359,0.040959,0.040105,1.619215,0.084795,1.228161
2.366667,2.016984,2.002057,2.031915,2.055639,2.007310,2.028938,1.997712,1.965501,0.090634,1.967595,0.173632,1.099648,0.040950,0.040089,1.619226,0.084892,1.227301
2.383333,2.016983,2.002098,2.031855,2.056144,2.007308,2.028955,1.997711,1.965490,0.090625,1.967847,0.173600,1.099810,0.040940,0.040067,1.619243,0.084946,1.226156
2.400000,2.016983,2.002140,2.031780,2.056707,2.007308,2.028969,1.997710,1.965484,0.090596,1.968162,0.173595,1.099908,0.040930,0.040041,1.619264,0.084979,1.224587
2.416667,2.016951,2.002203,2.031779,2.057129,2.007328,2.028975,1.997764,1.965487,0.090552,1.967943,0.173654,1.100772,0.040866,0.040014,1.619309,0.084997,1.224129
2.433333,2.016777,2.002307,2.031896,2.057138,2.007309,2.029464,1.997868,1.965493,0.090488,1.966303,0.172649,1.112062,0.040677,0.039992,1.619454,0.084997,1.226183
2.450000,2.016574,2.002420,2.032024,2.056871,2.007314,2.029886,1.997923,1.965493,0.090420,1.963475,0.169679,1.121029,0.040643,0.039980,1.619599,0.084991,1.228182
2.466667,2.016325,2.002550,2.032161,2.056307,2.007339,2.030290,1.997952,1.965490,0.090352,1.959129,0.165614,1.128975,0.040715,0.039973,1.619738,0.084981,1.230173
2.483333,2.016088,2.002686,2.032282,2.055467,2.007382,2.030575,1.997967,1.965485,0.090290,1.953222,0.161637,1.134250,0.040862,0.039969,1.619861,0.084970,1.231803
2.500000,2.015935,2.002721,2.032084,2.054424,2.007419,2.030870,1.997971,1.965468,0.090904,1.945660,0.157827,1.139428,0.041050,0.039845,1.627466,0.085495,1.223377
2.516667,2.015834,2.002707,2.031815,2.053182,2.007484,2.031090,1.997970,1.965446,0.091926,1.936061,0.155313,1.143164,0.041214,0.039702,1.639235,0.086333,1.208853
2.533333,2.015696,2.002645,2.031525,2.051692,2.007740,2.030711,1.997988,1.965460,0.093207,1.924212,0.158975,1.133229,0.041175,0.039710,1.650822,0.087434,1.193530
2.550000,2.015582,2.002537,2.031176,2.050017,2.007997,2.029674,1.998030,1.965484,0.095324,1.910357,0.165198,1.107494,0.041258,0.039547,1.663299,0.089279,1.178033
2.566667,2.015444,2.002450,2.030923,2.048353,2.008067,2.028305,1.998115,1.965450,0.095907,1.894870,0.170336,1.073295,0.041606,0.039437,1.674658,0.089132,1.163404
2.583333,2.015379,2.002699,2.029922,2.048426,2.008147,2.027006,1.998281,1.965510,0.095471,1.891956,0.176098,1.038278,0.042069,0.039309,1.685808,0.087582,1.138241
2.600000,2.015316,2.002844,2.028313,2.048628,2.008277,2.025713,1.998489,1.965663,0.094980,1.890282,0.182359,1.000779,0.042591,0.039107,1.696423,0.085755,1.103989
2.616667,2.015207,2.002837,2.026817,2.048706,2.008475,2.024456,1.998665,1.965697,0.094381,1.888265,0.189232,0.962519,0.043155,0.038929,1.706275,0.083499,1.071354
2.633333,2.015679,2.002841,2.025948,2.048644,2.008626,2.023188,1.998747,1.966030,0.093978,1.886496,0.195903,0.922591,0.044050,0.038540,1.717099,0.081161,1.051966
2.650000,2.016489,2.002979,2.025722,2.050717,2.008753,2.021891,1.998757,1.967005,0.093411,1.897334,0.203372,0.879675,0.045318,0.037864,1.728200,0.078824,1.053765
2.666667,2.017160,2.003247,2.026484,2.052566,2.008869,2.020695,1.998763,1.968466,0.092043,1.907556,0.211000,0.837961,0.046946,0.037082,1.736887,0.076425,1.086111
2.683333,2.017774,2.003575,2.027435,2.052740,2.008960,2.019880,1.998765,1.969913,0.090242,1.905766,0.217637,0.804120,0.048725,0.036427,1.744071,0.073713,1.116450
2.700000,2.018193,2.003968,2.028589,2.052830,2.009079,2.019316,1.998733,1.971482,0.088226,1.903175,0.225550,0.774400,0.050532,0.035948,1.749815,0.070801,1.147211
2.716667,2.018606,2.004450,2.029501,2.054083,2.009115,2.018570,1.998690,1.972959,0.086266,1.906830,0.232317,0.742177,0.052658,0.035578,1.755273,0.068038,1.170974
2.733333,2.018877,2.004803,2.030602,2.055282,2.009139,2.018217,1.998651,1.974324,0.085298,1.909778,0.237527,0.717641,0.054838,0.035208,1.759424,0.065911,1.183226
2.750000,2.019013,2.004779,2.031024,2.056682,2.009161,2.018123,1.998681,1.975418,0.086665,1.913715,0.242622,0.699770,0.056761,0.034789,1.762062,0.065574,1.154459
2.766667,2.018989,2.004604,2.030855,2.058363,2.009168,2.018310,1.998713,1.976071,0.089081,1.919535,0.247313,0.694824,0.058371,0.034369,1.764215,0.066050,1.114576
2.783333,2.019041,2.004386,2.030273,2.059856,2.009167,2.018447,1.998705,1.976655,0.091080,1.925354,0.251347,0.691520,0.059697,0.033995,1.767572,0.066558,1.068345
2.800000,2.019163,2.004203,2.029719,2.060684,2.009165,2.018758,1.998660,1.977268,0.092517,1.929984,0.254545,0.696162,0.060599,0.033677,1.771537,0.066919,1.027729
2.816667,2.019891,2.004072,2.029212,2.060610,2.009059,2.019174,1.998588,1.977834,0.093470,1.932316,0.251774,0.721590,0.061259,0.033629,1.760661,0.067018,0.993641
2.833333,2.021083,2.003969,2.028476,2.060599,2.008480,2.019460,1.998538,1.977989,0.093971,1.935665,0.233343,0.754111,0.060972,0.034009,1.732960,0.066985,0.960192
2.850000,2.021918,2.004062,2.027954,2.060474,2.007730,2.019347,1.998513,1.977909,0.094165,1.939862,0.213808,0.783872,0.060298,0.034623,1.697016,0.067142,0.936085
2.866667,2.022597,2.004236,2.027635,2.060381,2.007050,2.019558,1.998489,1.977721,0.094093,1.944330,0.196853,0.823538,0.058968,0.035326,1.657452,0.067221,0.919684
2.883333,2.023123,2.004384,2.027588,2.060517,2.006887,2.019623,1.998478,1.977492,0.094225,1.949335,0.182627,0.864115,0.057549,0.036129,1.613682,0.067334,0.900290
2.900000,2.023533,2.004438,2.027277,2.060504,2.006852,2.019121,1.998497,1.977269,0.094724,1.954596,0.172800,0.898194,0.056227,0.037035,1.570708,0.067464,0.871959
2.916667,2.023720,2.004426,2.026679,2.060162,2.006949,2.017903,1.998557,1.977046,0.095358,1.957653,0.167765,0.922118,0.055776,0.037876,1.518204,0.067497,0.841673
2.933333,2.023858,2.004517,2.025796,2.059534,2.007185,2.016765,1.998619,1.976850,0.094900,1.959234,0.164802,0.940642,0.055641,0.038568,1.460546,0.067724,0.808688
2.950000,2.023956,2.004436,2.024684,2.059232,2.007513,2.016228,1.998655,1.976697,0.094797,1.961682,0.163014,0.946036,0.055608,0.039175,1.398602,0.068176,0.777315
2.966667,2.023825,2.004379,2.023343,2.059199,2.007765,2.015986,1.998662,1.976595,0.095131,1.964666,0.162098,0.946670,0.055666,0.039736,1.330010,0.068321,0.745317
2.983333,2.023734,2.004487,2.022574,2.059556,2.007929,2.015897,1.998652,1.976531,0.095131,1.967761,0.161485,0.947575,0.055736,0.040119,1.279805,0.068487,0.722135
3.000000,2.023852,2.004514,2.021523,2.060174,2.008076,2.015894,1.998629,1.976491,0.094963,1.970855,0.160990,0.946124,0.055887,0.040278,1.247208,0.068991,0.705580
3.016667,2.023951,2.004535,2.020446,2.060098,2.008192,2.015941,1.998601,1.976461,0.095028,1.974116,0.159554,0.943319,0.056083,0.040399,1.214720,0.069513,0.679256
3.033333,2.024044,2.004479,2.019846,2.059991,2.008269,2.015994,1.998639,1.975823,0.095180,1.977145,0.157890,0.939756,0.056275,0.040492,1.188195,0.070413,0.649435
3.050000,2.024047,2.004435,2.018997,2.059794,2.008320,2.016057,1.998695,1.975131,0.095448,1.979821,0.155932,0.935577,0.056479,0.040548,1.162346,0.071190,0.627656
3.066667,2.023957,2.004323,2.017762,2.059614,2.008326,2.016104,1.998755,1.974448,0.095910,1.982353,0.153657,0.931466,0.056682,0.040623,1.138654,0.071637,0.605774
3.083333,2.023732,2.004117,2.017031,2.059479,2.008307,2.016143,1.998812,1.973788,0.096305,1.984170,0.151277,0.927384,0.056905,0.040671,1.115885,0.072617,0.588957
3.100000,2.023442,2.004023,2.016649,2.059268,2.008370,2.016011,1.998868,1.973171,0.096450,1.983553,0.150086,0.918615,0.057142,0.040781,1.094167,0.073295,0.581965
3.116667,2.023138,2.003977,2.016467,2.059156,2.008424,2.015894,1.998920,1.972580,0.096518,1.983210,0.148571,0.910667,0.057376,0.040902,1.074487,0.073758,0.578672
3.133333,2.022842,2.003929,2.016185,2.059052,2.008487,2.015796,1.998963,1.972027,0.096681,1.982654,0.147529,0.903525,0.057540,0.041027,1.056939,0.074095,0.575218
3.150000,2.022568,2.003881,2.015931,2.058909,2.008572,2.015730,1.998989,1.971520,0.096830,1.981675,0.147510,0.897222,0.057516,0.041182,1.041555,0.074355,0.572537
3.166667,2.022324,2.003852,2.015805,2.058761,2.008663,2.015686,1.999014,1.971056,0.096913,1.980599,0.147974,0.891775,0.057462,0.041339,1.028168,0.074588,0.571026
3.183333,2.022102,2.003831,2.015747,2.058626,2.008745,2.015651,1.999040,1.970647,0.096966,1.979588,0.148494,0.887191,0.057437,0.041478,1.016312,0.074789,0.570049
3.200000,2.021914,2.003817,2.015723,2.058515,2.008817,2.015627,1.999061,1.970310,0.097000,1.978739,0.148960,0.883504,0.057420,0.041594,1.006453,0.074951,0.569389
3.216667,2.021757,2.003806,2.015714,2.058541,2.008875,2.015610,1.999076,1.970051,0.097024,1.978218,0.149331,0.880714,0.057411,0.041687,0.998434,0.075075,0.568939
3.233333,2.021632,2.003799,2.015713,2.058593,2.008917,2.015603,1.999085,1.969876,0.097038,1.978122,0.149585,0.878854,0.057409,0.041755,0.992179,0.075163,0.568653
3.250000,2.021538,2.003795,2.015715,2.058542,2.008943,2.015602,1.999090,1.969779,0.097045,1.978039,0.149742,0.877824,0.057420,0.041797,0.987642,0.075215,0.568501
3.266667,2.021476,2.003785,2.015703,2.058475,2.008958,2.015602,1.999092,1.969727,0.097052,1.977668,0.149830,0.877273,0.057430,0.041822,0.984801,0.075242,0.568444
3.283333,2.021442,2.003739,2.015643,2.058442,2.008967,2.015604,1.999093,1.969700,0.097070,1.977478,0.149879,0.876982,0.057440,0.041834,0.983277,0.075257,0.568432
3.300000,2.021424,2.003685,2.015572,2.058425,2.008971,2.015605,1.999094,1.969685,0.097087,1.977377,0.149907,0.876832,0.057451,0.041838,0.982477,0.075263,0.568469
3.316667,2.021414,2.003620,2.015490,2.058417,2.008974,2.015607,1.999094,1.969678,0.097104,1.977323,0.149924,0.876757,0.057464,0.041838,0.982065,0.075265,0.568536
3.333333,2.021410,2.003523,2.015330,2.058415,2.008975,2.015609,1.999095,1.969674,0.097179,1.977298,0.149935,0.876726,0.057480,0.041834,0.981863,0.075279,0.567007
3.350000,2.021408,2.003388,2.015092,2.058417,2.008975,2.015611,1.999095,1.969672,0.097304,1.977290,0.149942,0.876716,0.057496,0.041829,0.981772,0.075303,0.564191
3.366667,2.021408,2.003265,2.014874,2.058420,2.008976,2.015612,1.999096,1.969671,0.097420,1.977288,0.149946,0.876711,0.057504,0.041826,0.981736,0.075327,0.561547
3.383333,2.021408,2.003158,2.014684,2.058423,2.008976,2.015612,1.999096,1.969671,0.097524,1.977290,0.149949,0.876709,0.057508,0.041824,0.981727,0.075348,0.559191
3.400000,2.021408,2.003076,2.014539,2.058426,2.008976,2.015613,1.999096,1.969671,0.097605,1.977293,0.149951,0.876708,0.057510,0.041823,0.981733,0.075365,0.557319
3.416667,2.021409,2.003023,2.014448,2.058428,2.008976,2.015613,1.999096,1.969671,0.097659,1.977294,0.149953,0.876708,0.057512,0.041822,0.981745,0.075377,0.556060
3.433333,2.021409,2.002994,2.014400,2.058433,2.008934,2.015724,1.999098,1.969669,0.097698,1.977318,0.148497,0.887277,0.057380,0.041819,0.981759,0.075391,0.555374
3.450000,2.021408,2.002974,2.014365,2.058439,2.008888,2.015849,1.999101,1.969668,0.097731,1.977344,0.146918,0.898837,0.057236,0.041816,0.981774,0.075404,0.554848
3.466667,2.021408,2.002952,2.014332,2.058446,2.008840,2.015984,1.999104,1.969666,0.097764,1.977372,0.145269,0.910975,0.057085,0.041812,0.981789,0.075417,0.554333
3.483333,2.021605,2.002938,2.014314,2.058454,2.008793,2.016130,1.999106,1.969663,0.098114,1.977405,0.143604,0.923432,0.056927,0.041658,0.992237,0.075711,0.554112
3.500000,2.021752,2.002986,2.014260,2.057797,2.008742,2.016285,1.999108,1.969661,0.098402,1.975962,0.141899,0.936160,0.056767,0.041541,1.000112,0.075946,0.554048
3.516667,2.021833,2.003142,2.014134,2.055572,2.008687,2.016459,1.999119,1.969654,0.098867,1.971108,0.140141,0.949182,0.056788,0.041384,1.004376,0.076289,0.554164
3.533333,2.021874,2.003367,2.014104,2.053731,2.008622,2.016726,1.999106,1.970369,0.099416,1.968143,0.138416,0.967715,0.056620,0.041185,1.006676,0.076708,0.553119
3.550000,2.021892,2.003641,2.014020,2.052989,2.008487,2.017129,1.999086,1.971870,0.100464,1.969026,0.136474,0.992569,0.056083,0.040977,1.007913,0.077281,0.538274
3.566667,2.021955,2.003859,2.013820,2.053265,2.008358,2.017524,1.999168,1.973099,0.101841,1.972888,0.134767,1.001826,0.055588,0.040808,1.008780,0.077916,0.514695
3.583333,2.022069,2.004019,2.013619,2.053831,2.008240,2.017770,1.999238,1.974179,0.102848,1.975603,0.133193,1.006257,0.055208,0.040677,1.009622,0.078371,0.497858
3.600000,2.022168,2.004144,2.013381,2.054607,2.008162,2.017482,1.999280,1.975155,0.103640,1.978389,0.131775,1.009049,0.054934,0.040571,1.010234,0.078699,0.484723
3.616667,2.022261,2.004351,2.012918,2.054392,2.008101,2.016911,1.999287,1.976039,0.104332,1.977980,0.130493,1.010482,0.054754,0.040488,1.010736,0.078978,0.474693
3.633333,2.022345,2.004531,2.012412,2.055014,2.008033,2.016662,1.999277,1.976868,0.105208,1.979524,0.129236,1.013198,0.054502,0.040340,1.011133,0.079464,0.467438
3.650000,2.022419,2.004684,2.011890,2.055814,2.007961,2.016451,1.999286,1.977635,0.106238,1.981998,0.128093,1.013876,0.054286,0.040136,1.011455,0.080114,0.462186
3.666667,2.022479,2.004789,2.011363,2.056714,2.007880,2.016159,1.999269,1.978295,0.107146,1.985198,0.126899,1.016738,0.054134,0.039953,1.011696,0.080706,0.458089
3.683333,2.022737,2.004929,2.010895,2.056349,2.007812,2.015791,1.999254,1.978908,0.107829,1.982651,0.125835,1.018253,0.054168,0.039711,1.018592,0.080574,0.455062
3.700000,2.023112,2.005080,2.010415,2.055520,2.007747,2.015367,1.999251,1.979125,0.108607,1.978057,0.124832,1.018952,0.054320,0.039441,1.028008,0.080430,0.452463
3.716667,2.023438,2.005214,2.009874,2.054411,2.007657,2.015051,1.999298,1.978712,0.109416,1.974815,0.123257,1.019585,0.054210,0.039347,1.035411,0.080343,0.449613
3.733333,2.023758,2.005335,2.009302,2.053127,2.007542,2.014815,1.999350,1.978160,0.110267,1.970165,0.120980,1.023546,0.054122,0.039263,1.042265,0.080263,0.446653
3.750000,2.024086,2.005441,2.008684,2.051719,2.007418,2.014642,1.999404,1.977551,0.111194,1.963999,0.118343,1.028515,0.054126,0.039165,1.049107,0.080187,0.443214
3.766667,2.024457,2.005499,2.008260,2.051531,2.007307,2.014449,1.999456,1.976913,0.110535,1.962156,0.115783,1.032309,0.054332,0.039327,1.056872,0.079418,0.446816
3.783333,2.025203,2.005515,2.007724,2.053364,2.007213,2.014223,1.999532,1.977419,0.108895,1.968362,0.113318,1.035050,0.054697,0.039584,1.073272,0.078771,0.449472
3.800000,2.025968,2.005471,2.007134,2.055623,2.007047,2.014454,1.999587,1.977879,0.106805,1.974590,0.108904,1.052130,0.055003,0.040002,1.089712,0.078145,0.451809
3.816667,2.026650,2.005441,2.006815,2.057011,2.006901,2.014933,1.999593,1.978399,0.104809,1.976855,0.104412,1.076230,0.055359,0.040168,1.103875,0.077694,0.461221
3.833333,2.027260,2.005411,2.006573,2.057551,2.006640,2.016049,1.999572,1.978854,0.103057,1.975956,0.099684,1.082875,0.055739,0.040283,1.116123,0.077512,0.472593
3.850000,2.027793,2.005379,2.006394,2.057670,2.006231,2.017917,1.999532,1.979040,0.101379,1.973361,0.093582,1.081537,0.056013,0.040419,1.126416,0.077430,0.485816
3.866667,2.028289,2.005337,2.006174,2.057411,2.005778,2.020034,1.999480,1.979408,0.100655,1.969341,0.087149,1.081126,0.056210,0.040413,1.135767,0.078272,0.498128
3.883333,2.028435,2.005276,2.005747,2.056636,2.005302,2.022267,1.999420,1.979884,0.102022,1.963639,0.080587,1.084641,0.056304,0.040111,1.141396,0.080880,0.506124
3.900000,2.028027,2.005194,2.005149,2.055926,2.004818,2.024448,1.999356,1.980155,0.104138,1.958762,0.074329,1.091336,0.056280,0.039834,1.142875,0.084060,0.511326
3.916667,2.027531,2.005090,2.004479,2.054871,2.004368,2.026470,1.999292,1.980563,0.106720,1.952664,0.068829,1.103219,0.056187,0.039580,1.142658,0.087718,0.514427
3.933333,2.026526,2.004875,2.003815,2.053439,2.003941,2.028293,1.999231,1.980785,0.109083,1.945233,0.063946,1.116296,0.056007,0.039415,1.134238,0.090529,0.515054
3.950000,2.025186,2.004611,2.003192,2.052231,2.003640,2.029686,1.999177,1.981075,0.110063,1.939061,0.060636,1.130459,0.055910,0.039436,1.121395,0.091499,0.514736
3.966667,2.023686,2.004178,2.001959,2.051433,2.003401,2.030506,1.999186,1.981261,0.111031,1.934356,0.058167,1.135214,0.055896,0.039450,1.107792,0.091680,0.504621
3.983333,2.022122,2.003727,2.000724,2.052696,2.003202,2.031073,1.999221,1.981240,0.111247,1.934470,0.056260,1.137203,0.055946,0.039500,1.095756,0.090462,0.494015
4.000000,2.020400,2.003245,1.999388,2.053274,2.003028,2.031464,1.999271,1.981102,0.112648,1.933913,0.054676,1.137889,0.055924,0.039556,1.081524,0.091033,0.483011
4.016667,2.019068,2.002775,1.998227,2.054444,2.002880,2.031762,1.999328,1.980922,0.114464,1.934685,0.053352,1.138690,0.055849,0.039573,1.063083,0.092407,0.474281
4.033333,2.018148,2.002319,1.997206,2.055317,2.002733,2.032193,1.999368,1.980734,0.116210,1.933454,0.052217,1.144525,0.055717,0.039572,1.046809,0.093850,0.466558
4.050000,2.017144,2.001871,1.996015,2.054855,2.002597,2.032695,1.999393,1.980527,0.117964,1.929898,0.051277,1.153039,0.055568,0.039584,1.036863,0.095240,0.458445
4.066667,2.015778,2.001460,1.995141,2.053706,2.002490,2.033207,1.999409,1.980345,0.118638,1.926169,0.050441,1.162238,0.055439,0.039697,1.033905,0.095412,0.452491
4.083333,2.014277,2.001050,1.994281,2.052165,2.002404,2.033693,1.999420,1.980166,0.119077,1.923407,0.049758,1.171039,0.055340,0.039842,1.033171,0.095338,0.445884
4.100000,2.012909,2.000678,1.993568,2.050948,2.002331,2.033699,1.999398,1.980011,0.119545,1.922636,0.049256,1.170230,0.055344,0.039958,1.033910,0.095374,0.440062
4.116667,2.011368,2.000339,1.993096,2.049957,2.002276,2.033443,1.999375,1.979853,0.120089,1.922609,0.048954,1.164308,0.055401,0.040040,1.039508,0.095477,0.433962
4.133333,2.009771,2.000026,1.992636,2.049476,2.002237,2.033211,1.999354,1.979712,0.120770,1.924326,0.048755,1.159035,0.055456,0.040100,1.047090,0.095845,0.426941
4.150000,2.008629,1.999825,1.992265,2.049316,2.002200,2.033080,1.999334,1.979567,0.121258,1.927177,0.048529,1.155936,0.055476,0.040181,1.051586,0.096226,0.420633
4.166667,2.008003,1.999720,1.992032,2.049297,2.002170,2.032915,1.999317,1.979446,0.121356,1.929971,0.048359,1.152350,0.055524,0.040241,1.053290,0.095881,0.414788
4.183333,2.007679,1.999662,1.991858,2.049401,2.002136,2.032778,1.999301,1.979341,0.121653,1.932658,0.048224,1.149508,0.055556,0.040277,1.053607,0.095991,0.410336
4.200000,2.007521,1.999633,1.991740,2.049617,2.002106,2.032659,1.999288,1.979240,0.121636,1.935137,0.048089,1.147117,0.055575,0.040338,1.053341,0.095815,0.406759
4.216667,2.007446,1.999614,1.991622,2.049880,2.002082,2.032555,1.999276,1.979158,0.121579,1.937373,0.047962,1.145054,0.055604,0.040383,1.052927,0.095437,0.403281
4.233333,2.007408,1.999606,1.991546,2.050245,2.002063,2.032460,1.999267,1.979086,0.121684,1.938603,0.047878,1.143148,0.055638,0.040389,1.052627,0.095302,0.400840
4.250000,2.007388,1.999603,1.991514,2.050467,2.002049,2.032383,1.999260,1.979029,0.121904,1.939350,0.047813,1.141577,0.055665,0.040363,1.052463,0.095359,0.399399
4.266667,2.007378,1.999602,1.991498,2.050593,2.002039,2.032325,1.999256,1.978978,0.122090,1.939760,0.047747,1.140390,0.055680,0.040338,1.052376,0.095445,0.398634
4.283333,2.007374,1.999602,1.991492,2.050666,2.002029,2.032297,1.999253,1.978939,0.122228,1.939987,0.047673,1.139797,0.055684,0.040316,1.052334,0.095500,0.398247
4.300000,2.007372,1.999602,1.991494,2.050708,2.002019,2.032310,1.999251,1.978917,0.122340,1.940112,0.047588,1.140011,0.055680,0.040290,1.052313,0.095522,0.398075
4.316667,2.007372,1.999603,1.991500,2.050734,2.002009,2.032349,1.999249,1.978912,0.122444,1.940181,0.047497,1.140735,0.055672,0.040259,1.052303,0.095535,0.398017
4.333333,2.007373,1.999605,1.991529,2.050748,2.002001,2.032391,1.999247,1.978918,0.122491,1.940217,0.047427,1.141472,0.055669,0.040226,1.052301,0.095521,0.398429
4.350000,2.007374,1.999607,1.991576,2.050756,2.001995,2.032427,1.999245,1.978933,0.122515,1.940232,0.047381,1.142081,0.055673,0.040187,1.052304,0.095493,0.399181
4.366667,2.007375,1.999610,1.991638,2.050761,2.001992,2.032456,1.999242,1.978958,0.122560,1.940237,0.047361,1.142490,0.055683,0.040136,1.052309,0.095469,0.400199
4.383333,2.007780,1.999652,1.991711,2.050765,2.001989,2.032476,1.999239,1.978982,0.122598,1.940238,0.047357,1.142728,0.055697,0.040082,1.052416,0.095437,0.401166
4.400000,2.008430,1.999664,1.991844,2.050768,2.001988,2.032495,1.999219,1.979528,0.122690,1.940236,0.047368,1.142877,0.055793,0.039915,1.052501,0.095463,0.403323
4.416667,2.008804,1.999679,1.992144,2.050771,2.001987,2.032519,1.999190,1.980258,0.122881,1.940229,0.047403,1.143001,0.056088,0.039619,1.052412,0.095609,0.408456
4.433333,2.008999,1.999694,1.992535,2.050775,2.001986,2.032547,1.999155,1.981159,0.123057,1.940219,0.047452,1.143110,0.056510,0.039267,1.052220,0.095775,0.415236
4.450000,2.009099,1.999709,1.992931,2.050778,2.001985,2.032571,1.999118,1.982131,0.123159,1.940209,0.047504,1.143195,0.056996,0.038949,1.051975,0.095900,0.422085
4.466667,2.009151,1.999719,1.993213,2.050779,2.002001,2.032570,1.999089,1.982990,0.123172,1.940197,0.047679,1.143194,0.057331,0.038802,1.051758,0.096020,0.426988
4.483333,2.009181,1.999724,1.993364,2.050775,2.002059,2.032530,1.999077,1.983610,0.123163,1.940187,0.048208,1.143060,0.057331,0.038845,1.051627,0.096088,0.429652
4.500000,2.009197,1.999737,1.993611,2.050932,2.002118,2.032488,1.999075,1.983989,0.123129,1.940421,0.048749,1.142916,0.057227,0.038938,1.051552,0.096114,0.431003
4.516667,2.009199,1.999757,1.994217,2.052929,2.002152,2.033116,1.999088,1.984193,0.123005,1.948253,0.048914,1.156636,0.056811,0.039175,1.051505,0.096141,0.431564
4.533333,2.009191,1.999793,1.995025,2.057075,2.002059,2.033989,1.999119,1.984289,0.122789,1.964577,0.048244,1.176359,0.056413,0.039491,1.051474,0.096219,0.431809
4.550000,2.009182,1.999850,1.995883,2.058359,2.001864,2.034331,1.999179,1.984157,0.122699,1.967760,0.047254,1.188371,0.056244,0.039847,1.051466,0.096344,0.431720
4.566667,2.009174,2.000035,1.995584,2.058338,2.001609,2.034182,1.999268,1.984019,0.122770,1.965545,0.045985,1.194127,0.056252,0.040195,1.051466,0.096524,0.432415
4.583333,2.009335,2.000175,1.995601,2.058317,2.001336,2.033728,1.999355,1.983798,0.122679,1.963693,0.044528,1.196394,0.056400,0.040487,1.054225,0.096602,0.432673
4.600000,2.010261,2.000274,1.995941,2.058148,2.001145,2.033326,1.999397,1.983137,0.120788,1.961283,0.044021,1.199707,0.056324,0.040639,1.069385,0.094217,0.433015
4.616667,2.011248,2.000330,1.996634,2.058157,2.001065,2.033528,1.999425,1.982402,0.118967,1.959370,0.043972,1.210199,0.056045,0.040733,1.085204,0.091737,0.431450
4.633333,2.012229,2.000359,1.997601,2.058178,2.000934,2.033535,1.999406,1.981620,0.117419,1.957517,0.043497,1.219147,0.055965,0.040856,1.100652,0.089544,0.428257
4.650000,2.013240,2.000372,1.998662,2.057973,2.000834,2.033185,1.999377,1.980921,0.116048,1.954245,0.042669,1.222785,0.056070,0.040973,1.116336,0.087573,0.424594
4.666667,2.014763,2.000385,1.999584,2.058043,2.000791,2.032310,1.999313,1.980164,0.115011,1.952942,0.042257,1.217664,0.056510,0.041060,1.130032,0.086122,0.419664
4.683333,2.017072,2.000382,2.000341,2.058089,2.000767,2.031048,1.999278,1.979239,0.114293,1.952273,0.042041,1.207677,0.057204,0.041193,1.121638,0.085594,0.414455
4.700000,2.019082,2.000364,2.001129,2.058143,2.000721,2.029917,1.999271,1.978700,0.113739,1.951754,0.041684,1.201871,0.058112,0.041096,1.110480,0.085527,0.409208
4.716667,2.020606,2.000335,2.001922,2.057499,2.000700,2.028280,1.999276,1.978568,0.113307,1.947571,0.041318,1.189305,0.059304,0.040719,1.100222,0.085625,0.404041
4.733333,2.022013,2.000302,2.002683,2.055927,2.000762,2.026060,1.999280,1.978325,0.112977,1.938821,0.041338,1.166325,0.060304,0.040402,1.091417,0.085842,0.398947
4.750000,2.022936,2.000331,2.002755,2.054278,2.000896,2.023547,1.999296,1.978027,0.112953,1.929459,0.041929,1.137592,0.060958,0.040225,1.088177,0.086077,0.391840
4.766667,2.023587,2.000369,2.002498,2.053277,2.001047,2.021120,1.999316,1.977692,0.113128,1.921395,0.042486,1.108478,0.061469,0.040133,1.094626,0.086321,0.385510
4.783333,2.024270,2.000408,2.002068,2.052599,2.001202,2.018869,1.999337,1.977341,0.113575,1.911527,0.043045,1.080263,0.061931,0.040087,1.105405,0.086698,0.379753
4.800000,2.025102,2.000437,2.001542,2.051486,2.001349,2.016797,1.999363,1.976985,0.114019,1.898452,0.043561,1.053593,0.062365,0.040054,1.113631,0.087170,0.374377
4.816667,2.026207,2.000456,2.000947,2.050170,2.001482,2.015072,1.999389,1.976629,0.114410,1.884288,0.044080,1.031112,0.062727,0.039985,1.114162,0.087867,0.369183
4.833333,2.027243,2.000470,2.000378,2.048982,2.001601,2.013793,1.999414,1.976285,0.115492,1.871105,0.045092,1.007431,0.063102,0.039795,1.114877,0.088934,0.364721
4.850000,2.028126,2.000480,1.999911,2.048092,2.001709,2.013127,1.999422,1.975969,0.117189,1.862702,0.046930,0.987286,0.063409,0.039491,1.114581,0.089659,0.361405
4.866667,2.028746,2.000488,1.999494,2.047418,2.001809,2.012820,1.999420,1.975699,0.118936,1.858211,0.049158,0.972486,0.063608,0.039160,1.115432,0.090056,0.358728
4.883333,2.029154,2.000485,1.999045,2.046507,2.001984,2.012689,1.999416,1.975489,0.120422,1.851404,0.051851,0.958466,0.063378,0.038977,1.118324,0.090715,0.355932
4.900000,2.029409,2.000476,1.998637,2.045664,2.002235,2.012681,1.999409,1.975349,0.121203,1.844254,0.054558,0.944757,0.063114,0.038834,1.122710,0.090778,0.353709
4.916667,2.029461,2.000499,1.998332,2.044905,2.002428,2.013451,1.999403,1.975281,0.121447,1.835837,0.056121,0.963307,0.062052,0.038787,1.127067,0.090358,0.353195
4.933333,2.029268,2.000599,1.998261,2.044584,2.002640,2.013784,1.999422,1.975254,0.120693,1.831267,0.057173,1.000420,0.060850,0.038833,1.130793,0.089224,0.357253
4.950000,2.028860,2.000727,1.998366,2.044427,2.002903,2.012590,1.999511,1.975246,0.119591,1.830247,0.058426,1.038084,0.060200,0.038838,1.134871,0.087668,0.365001
4.966667,2.028301,2.000863,1.998564,2.044410,2.003076,2.012026,1.999598,1.975043,0.118196,1.830512,0.059428,1.068794,0.059563,0.038817,1.139477,0.085972,0.374568
4.983333,2.027743,2.001014,1.998892,2.044045,2.003217,2.012236,1.999685,1.974376,0.116586,1.833102,0.060569,1.093010,0.059009,0.038770,1.144873,0.083929,0.386278
5.000000,2.027134,2.001151,1.999828,2.043909,2.003404,2.012562,1.999751,1.973661,0.114704,1.836645,0.062478,1.107943,0.058814,0.038698,1.151165,0.081472,0.392856
5.016667,2.026734,2.001262,2.000799,2.043808,2.003570,2.012880,1.999804,1.972927,0.113038,1.838797,0.064631,1.116384,0.058793,0.038606,1.155141,0.078603,0.400714
5.033333,2.026504,2.001345,2.001620,2.043897,2.003691,2.013181,1.999841,1.972209,0.111813,1.841112,0.066563,1.118592,0.058862,0.038532,1.157473,0.075965,0.407816
5.050000,2.026373,2.001399,2.002150,2.044120,2.003772,2.013409,1.999867,1.971512,0.111131,1.843858,0.067855,1.117726,0.058918,0.038500,1.158879,0.074197,0.412744
5.066667,2.026293,2.001444,2.002592,2.044395,2.003830,2.013626,1.999890,1.970807,0.110697,1.846658,0.068885,1.115567,0.058982,0.038486,1.157427,0.072739,0.417151
5.083333,2.026254,2.001484,2.002979,2.044714,2.003901,2.013859,1.999868,1.970035,0.110426,1.849229,0.069790,1.112478,0.059080,0.038478,1.155281,0.071478,0.421223
5.100000,2.026236,2.001677,2.003573,2.045039,2.004000,2.014143,1.999831,1.969269,0.110223,1.851864,0.071032,1.111221,0.059217,0.038440,1.152872,0.070685,0.423467
5.116667,2.026233,2.002018,2.004425,2.045377,2.004118,2.014367,1.999809,1.968536,0.110025,1.854985,0.072490,1.113810,0.059357,0.038360,1.150457,0.070188,0.424706
5.133333,2.026238,2.002396,2.005138,2.045684,2.004256,2.014634,1.999795,1.967842,0.110033,1.857569,0.074330,1.116840,0.059442,0.038270,1.148174,0.070053,0.426069
5.150000,2.026303,2.002806,2.005588,2.045936,2.004413,2.014876,1.999781,1.967197,0.110399,1.859060,0.076393,1.116899,0.059538,0.038238,1.141630,0.070260,0.425640
5.166667,2.026353,2.003271,2.005955,2.046140,2.004575,2.015115,1.999770,1.966622,0.111020,1.859244,0.078473,1.116461,0.059637,0.038274,1.135985,0.070686,0.423439
5.183333,2.026393,2.003626,2.006224,2.046319,2.004712,2.015271,1.999760,1.966122,0.111518,1.859038,0.080156,1.114571,0.059718,0.038308,1.131388,0.071061,0.421484
5.200000,2.026423,2.003870,2.006312,2.046469,2.004829,2.015389,1.999752,1.965709,0.112169,1.858699,0.081613,1.112334,0.059765,0.038265,1.127866,0.071397,0.419310
5.216667,2.026445,2.004073,2.006242,2.046592,2.004922,2.015468,1.999746,1.965394,0.112865,1.858396,0.082707,1.110341,0.059799,0.038233,1.125350,0.071549,0.416500
5.233333,2.026459,2.004248,2.006139,2.046687,2.004995,2.015539,1.999742,1.965183,0.113482,1.858204,0.083648,1.108959,0.059815,0.038195,1.123793,0.071672,0.414232
5.250000,2.026466,2.004355,2.006094,2.046755,2.005045,2.015589,1.999740,1.965065,0.113845,1.858117,0.084325,1.108189,0.059814,0.038177,1.122948,0.071751,0.413021
5.266667,2.026469,2.004412,2.006070,2.046796,2.005080,2.015617,1.999740,1.965003,0.114045,1.858075,0.084777,1.107760,0.059798,0.038176,1.122493,0.071788,0.412374
5.283333,2.026472,2.004443,2.006058,2.046819,2.005104,2.015642,1.999742,1.964971,0.114159,1.858054,0.085023,1.108749,0.059758,0.038187,1.122249,0.071801,0.412034
5.300000,2.026473,2.004459,2.006053,2.046832,2.005121,2.015672,1.999746,1.964954,0.114226,1.858045,0.085081,1.111445,0.059693,0.038203,1.122118,0.071807,0.411857
5.316667,2.026474,2.004468,2.006050,2.046840,2.005131,2.015706,1.999751,1.964946,0.114264,1.858043,0.084992,1.115373,0.059613,0.038221,1.122048,0.071815,0.411762
5.333333,2.026475,2.004472,2.006049,2.046845,2.005134,2.015747,1.999756,1.964942,0.114285,1.858045,0.084755,1.120519,0.059524,0.038237,1.122011,0.071828,0.411711
5.350000,2.026475,2.004475,2.006048,2.046849,2.005129,2.015796,1.999761,1.964940,0.114298,1.858050,0.084363,1.126851,0.059431,0.038248,1.121992,0.071848,0.411684
5.366667,2.026475,2.004432,2.005958,2.046852,2.005127,2.015855,1.999767,1.964940,0.114315,1.858059,0.083935,1.134423,0.059308,0.038267,1.121982,0.071868,0.411686
5.383333,2.026477,2.004164,2.005501,2.046856,2.005119,2.015925,1.999774,1.964940,0.114439,1.858070,0.083395,1.143070,0.059178,0.038285,1.121980,0.071958,0.410855
5.400000,2.026478,2.003856,2.005074,2.046860,2.005101,2.016005,1.999780,1.964940,0.114396,1.858084,0.082719,1.152649,0.059064,0.038316,1.121980,0.072016,0.410289
5.416667,2.026480,2.003546,2.004671,2.046864,2.005077,2.016098,1.999785,1.964940,0.114292,1.858100,0.081940,1.163072,0.058957,0.038354,1.121982,0.072009,0.409916
5.433333,2.026482,2.003250,2.004300,2.046868,2.005049,2.016203,1.999790,1.964939,0.114178,1.858117,0.081084,1.174235,0.058848,0.038391,1.121985,0.072003,0.409519
5.450000,2.026483,2.002991,2.003990,2.046872,2.005061,2.016386,1.999806,1.964942,0.114064,1.858141,0.080398,1.192321,0.058497,0.038516,1.121988,0.071986,0.409124
5.466667,2.026484,2.002783,2.003759,2.046877,2.005067,2.016586,1.999821,1.964945,0.113961,1.858167,0.079638,1.210876,0.058151,0.038635,1.121991,0.071982,0.408775
5.483333,2.026485,2.002640,2.003611,2.046881,2.005066,2.016804,1.999835,1.964946,0.113888,1.858192,0.078803,1.229743,0.057812,0.038742,1.121993,0.071996,0.408528
5.500000,2.026484,2.002560,2.003527,2.046888,2.005074,2.017432,1.999871,1.964939,0.113855,1.858226,0.077981,1.243132,0.057324,0.038861,1.121993,0.072033,0.408386
5.516667,2.026483,2.002517,2.003485,2.046898,2.005087,2.018347,1.999846,1.964917,0.113847,1.858267,0.077180,1.249360,0.056812,0.038991,1.121993,0.072086,0.408315
5.533333,2.026474,2.002493,2.003406,2.046828,2.005105,2.019346,1.999801,1.965575,0.114024,1.858204,0.076529,1.249481,0.056300,0.039042,1.121965,0.072299,0.408268
5.550000,2.026456,2.002505,2.003134,2.046262,2.005123,2.019991,1.999771,1.966835,0.114625,1.857497,0.075412,1.220373,0.055974,0.039125,1.121889,0.072733,0.407462
5.566667,2.026439,2.002421,2.002831,2.045717,2.005086,2.020224,1.999760,1.967948,0.115295,1.855943,0.074293,1.186907,0.055867,0.039209,1.121813,0.073071,0.405502
5.583333,2.026329,2.002316,2.002580,2.045329,2.005023,2.020580,1.999725,1.968944,0.115881,1.851010,0.073299,1.160790,0.055765,0.039236,1.121899,0.073374,0.404298
5.600000,2.026133,2.002280,2.002468,2.045017,2.004984,2.020926,1.999681,1.969595,0.116348,1.846354,0.072588,1.126692,0.055729,0.039262,1.122144,0.073682,0.404032
5.616667,2.025957,2.002278,2.002565,2.045516,2.004962,2.021157,1.999657,1.969956,0.115588,1.850299,0.071986,1.104135,0.055734,0.039376,1.122356,0.074057,0.408579
5.633333,2.025796,2.002254,2.003076,2.046723,2.004976,2.021053,1.999647,1.970160,0.113968,1.860854,0.071575,1.091460,0.055831,0.039589,1.122551,0.074590,0.413436
5.650000,2.024904,2.002246,2.002981,2.048410,2.004983,2.020873,1.999659,1.970056,0.112766,1.874870,0.071223,1.082702,0.055877,0.040010,1.093720,0.075576,0.415055
5.666667,2.023940,2.002290,2.001692,2.050437,2.004991,2.020612,1.999688,1.968847,0.112169,1.890092,0.070961,1.077801,0.055800,0.040631,1.061474,0.076383,0.414150
5.683333,2.023071,2.002417,1.999903,2.052446,2.005002,2.020368,1.999714,1.968295,0.111401,1.903222,0.070716,1.077672,0.055638,0.041075,1.031158,0.076198,0.414510
5.700000,2.022255,2.002560,1.998219,2.052294,2.005017,2.020054,1.999748,1.968131,0.110664,1.905817,0.070630,1.074950,0.055575,0.041426,1.001579,0.075285,0.409722
5.716667,2.021485,2.002654,1.996979,2.053452,2.005014,2.019679,1.999780,1.968021,0.109915,1.910644,0.070551,1.071377,0.055584,0.041778,0.972837,0.074206,0.406048
5.733333,2.020932,2.002684,1.995919,2.055990,2.004953,2.019631,1.999829,1.968336,0.108875,1.917528,0.069493,1.076163,0.055631,0.042128,0.949899,0.073570,0.404926
5.750000,2.021612,2.002701,1.995044,2.058594,2.004890,2.019597,1.999910,1.970029,0.106983,1.925481,0.068399,1.080889,0.056022,0.042289,0.959321,0.073558,0.408925
5.766667,2.022714,2.002716,1.994200,2.059484,2.004809,2.019590,2.000008,1.971781,0.105490,1.928714,0.067202,1.085574,0.056568,0.042295,0.986351,0.074636,0.414667
5.783333,2.023525,2.002727,1.993263,2.059617,2.004630,2.019846,2.000098,1.973009,0.105474,1.931981,0.065104,1.094115,0.057281,0.042205,1.009510,0.077360,0.419735
5.800000,2.023999,2.002736,1.992343,2.059191,2.004478,2.020056,2.000171,1.973869,0.106184,1.931164,0.063369,1.101155,0.057863,0.042099,1.025148,0.080018,0.423725
5.816667,2.024354,2.002743,1.991424,2.058621,2.004328,2.020538,2.000220,1.974521,0.107395,1.927713,0.061364,1.117390,0.058244,0.041972,1.038526,0.082935,0.427249
5.833333,2.024657,2.002747,1.990471,2.057886,2.004169,2.021467,2.000233,1.974999,0.109034,1.922733,0.059098,1.146547,0.058470,0.041891,1.046803,0.086051,0.430095
5.850000,2.025172,2.002743,1.989548,2.056979,2.004031,2.022433,2.000231,1.975621,0.111369,1.917049,0.057066,1.177316,0.058793,0.041865,1.052714,0.089625,0.432413
5.866667,2.025439,2.002708,1.988549,2.056061,2.003846,2.023594,2.000214,1.975968,0.114088,1.911976,0.055185,1.199724,0.059080,0.041819,1.054441,0.093366,0.434297
5.883333,2.025300,2.002575,1.987561,2.055947,2.003493,2.025527,2.000179,1.976167,0.117121,1.912063,0.052831,1.206141,0.059347,0.041827,1.047543,0.097415,0.435692
5.900000,2.024503,2.002383,1.987003,2.056972,2.003086,2.027671,2.000154,1.976702,0.117245,1.918483,0.050188,1.210744,0.059787,0.042323,1.027010,0.097728,0.440524
5.916667,2.023070,2.002152,1.986322,2.058537,2.002655,2.029947,2.000126,1.977115,0.117719,1.927395,0.047322,1.220088,0.060251,0.042834,0.993950,0.097540,0.442897
5.933333,2.021640,2.001889,1.985422,2.059608,2.002266,2.031514,2.000094,1.977472,0.118713,1.935479,0.044839,1.220363,0.060794,0.043288,0.962547,0.096932,0.439363
5.950000,2.020348,2.001611,1.984202,2.058431,2.001976,2.032037,2.000062,1.977737,0.120308,1.940685,0.043094,1.208065,0.061480,0.043740,0.935211,0.096415,0.429893
5.966667,2.019211,2.001359,1.982962,2.057638,2.001761,2.032406,2.000049,1.977726,0.122144,1.945976,0.041723,1.198655,0.061761,0.044154,0.912658,0.096655,0.420506
5.983333,2.018423,2.001121,1.981752,2.057353,2.001582,2.032588,2.000064,1.977586,0.124274,1.950959,0.040677,1.189020,0.061926,0.044464,0.899669,0.097716,0.412643
6.000000,2.018064,2.000979,1.980673,2.057214,2.001405,2.032800,2.000096,1.977326,0.126097,1.955557,0.039758,1.183376,0.062057,0.044644,0.894891,0.098555,0.405791
6.016667,2.018018,2.000913,1.979759,2.056863,2.001248,2.032924,2.000131,1.977056,0.126997,1.958596,0.039023,1.178399,0.062224,0.044804,0.895868,0.098129,0.399594
6.033333,2.018103,2.000865,1.978716,2.057025,2.001113,2.032934,2.000150,1.976776,0.128095,1.960572,0.038398,1.173097,0.062375,0.044973,0.899010,0.098033,0.390129
6.050000,2.018179,2.000840,1.977699,2.056612,2.000992,2.032890,2.000110,1.976508,0.128958,1.961482,0.037848,1.168345,0.062514,0.045135,0.901402,0.097449,0.379336
6.066667,2.018163,2.000817,1.976612,2.055701,2.000892,2.032823,2.000034,1.976238,0.130009,1.961498,0.037458,1.164332,0.062638,0.045253,0.902821,0.097084,0.367065
6.083333,2.018321,2.000782,1.975604,2.054517,2.000802,2.032661,1.999982,1.975989,0.131597,1.961209,0.037204,1.159038,0.062803,0.045294,0.909378,0.097431,0.354551
6.100000,2.018418,2.000746,1.974756,2.053422,2.000726,2.032481,1.999947,1.975743,0.132962,1.961320,0.036983,1.154035,0.062934,0.045383,0.914089,0.097847,0.344231
6.116667,2.018264,2.000706,1.973827,2.052442,2.000663,2.032291,1.999920,1.975518,0.134616,1.962112,0.036818,1.149283,0.063044,0.045468,0.914667,0.098641,0.332829
6.133333,2.018026,2.000663,1.972724,2.051816,2.000610,2.032100,1.999899,1.975331,0.136361,1.964077,0.036647,1.144849,0.063135,0.045605,0.913144,0.099111,0.319863
6.150000,2.017810,2.000620,1.971791,2.051810,2.000564,2.031887,1.999883,1.975158,0.137594,1.967403,0.036486,1.140144,0.063227,0.045770,0.911254,0.098508,0.308913
6.166667,2.017644,2.000594,1.971293,2.052466,2.000524,2.031698,1.999885,1.975024,0.138744,1.970009,0.036419,1.136053,0.063406,0.045806,0.909731,0.097884,0.301458
6.183333,2.017513,2.000597,1.971213,2.053668,2.000490,2.031551,1.999911,1.974922,0.140424,1.970053,0.036371,1.132786,0.063677,0.045604,0.908508,0.098486,0.298602
6.200000,2.017410,2.000608,1.971268,2.054401,2.000458,2.031443,1.999924,1.974819,0.141301,1.969967,0.036315,1.130454,0.063828,0.045498,0.907627,0.098951,0.297552
6.216667,2.017328,2.000613,1.971330,2.054803,2.000431,2.031335,1.999930,1.974720,0.141814,1.969920,0.036255,1.128241,0.063910,0.045440,0.907020,0.099274,0.297019
6.233333,2.017266,2.000602,1.971370,2.055005,2.000409,2.031244,1.999932,1.974629,0.142163,1.969737,0.036202,1.126417,0.063956,0.045403,0.906654,0.099527,0.296753
6.250000,2.017220,2.000594,1.971395,2.055107,2.000393,2.031160,1.999933,1.974547,0.142454,1.969557,0.036147,1.124764,0.063987,0.045375,0.906477,0.099761,0.296630
6.266667,2.017184,2.000590,1.971410,2.055163,2.000381,2.031095,1.999935,1.974476,0.142728,1.969460,0.036093,1.123498,0.064009,0.045349,0.906404,0.099997,0.296586
6.283333,2.017156,2.000588,1.971419,2.055194,2.000372,2.031052,1.999938,1.974418,0.143008,1.969406,0.036035,1.122674,0.064025,0.045322,0.906382,0.100246,0.296586
6.300000,2.017136,2.000586,1.971427,2.055211,2.000365,2.031040,1.999941,1.974377,0.143285,1.969376,0.035975,1.122474,0.064040,0.045293,0.906380,0.100480,0.296623
6.316667,2.017117,2.000596,1.971550,2.055511,2.000357,2.031065,1.999946,1.974361,0.143098,1.970065,0.035914,1.122981,0.064072,0.045271,0.906389,0.100575,0.298313
6.333333,2.017105,2.000614,1.971776,2.055941,2.000350,2.031096,1.999955,1.974367,0.142547,1.971070,0.035869,1.123602,0.064138,0.045251,0.906383,0.100445,0.301431
6.350000,2.017098,2.000635,1.972016,2.056418,2.000346,2.031124,1.999963,1.974379,0.141884,1.972199,0.035845,1.124142,0.064203,0.045238,0.906373,0.100310,0.304861
6.366667,2.017093,2.000660,1.972287,2.056748,2.000343,2.031142,1.999968,1.974392,0.141036,1.973260,0.035848,1.124489,0.064262,0.045234,0.906361,0.100165,0.308841
6.383333,2.017089,2.000696,1.972672,2.056706,2.000341,2.031153,1.999976,1.974409,0.139790,1.974084,0.035875,1.124679,0.064339,0.045238,0.906344,0.099969,0.314658
6.400000,2.017084,2.000746,1.973206,2.056585,2.000341,2.031162,1.999989,1.974441,0.138281,1.973561,0.035910,1.124786,0.064464,0.045227,0.906317,0.099692,0.322846
6.416667,2.017080,2.000799,1.973735,2.056486,2.000341,2.031168,1.999997,1.974463,0.136675,1.973060,0.035967,1.124847,0.064554,0.045232,0.906295,0.099441,0.331428
6.433333,2.017078,2.000834,1.974066,2.056430,2.000341,2.031172,2.000001,1.974476,0.135679,1.972765,0.036012,1.124884,0.064599,0.045225,0.906284,0.099288,0.337004
6.450000,2.017077,2.000856,1.974257,2.056400,2.000341,2.031175,2.000003,1.974485,0.135102,1.972604,0.036045,1.124908,0.064617,0.045206,0.906279,0.099201,0.340312
6.466667,2.017079,2.000869,1.974368,2.056379,2.000373,2.031155,2.000014,1.974748,0.134743,1.972509,0.036059,1.124815,0.064544,0.045330,0.906280,0.099104,0.342272
6.483333,2.017080,2.000880,1.974475,2.056365,2.000404,2.031283,2.000004,1.976374,0.134803,1.972452,0.036019,1.127820,0.064728,0.045492,0.906216,0.099156,0.343866
6.500000,2.017082,2.000888,1.974559,2.056356,2.000420,2.031823,1.999958,1.978783,0.134977,1.972421,0.035824,1.139075,0.064376,0.045115,0.906215,0.099173,0.345010
6.516667,2.017085,2.000892,1.974604,2.056347,2.000349,2.032362,1.999896,1.981437,0.135076,1.972402,0.035662,1.151731,0.064008,0.044714,0.906218,0.099280,0.345626
6.533333,2.017236,2.000931,1.974657,2.056343,2.000251,2.032064,1.999854,1.983337,0.135139,1.972393,0.035367,1.150222,0.063808,0.044462,0.905912,0.099390,0.345969
6.550000,2.017553,2.001008,1.974730,2.056338,2.000149,2.031426,1.999866,1.984508,0.135175,1.972387,0.035173,1.143483,0.063511,0.044376,0.905244,0.099490,0.346170
6.566667,2.017807,2.001098,1.975500,2.056275,2.000074,2.030594,1.999867,1.985321,0.135142,1.971671,0.035092,1.133312,0.063126,0.044251,0.904733,0.099563,0.346114
6.583333,2.018023,2.001195,1.976684,2.055450,1.999999,2.030112,1.999812,1.985632,0.135074,1.967531,0.035068,1.130146,0.062643,0.044011,0.904356,0.099651,0.345919
6.600000,2.018131,2.001295,1.977897,2.055378,1.999923,2.029836,1.999768,1.985736,0.134998,1.964621,0.035056,1.131913,0.062306,0.043871,0.904237,0.099884,0.345714
6.616667,2.017554,2.001519,1.979170,2.055458,1.999889,2.029120,1.999766,1.985809,0.134935,1.961624,0.034978,1.127802,0.062216,0.043922,0.890377,0.100219,0.345549
6.633333,2.016965,2.001767,1.980380,2.055571,1.999893,2.028064,1.999760,1.985694,0.134883,1.958322,0.034803,1.119844,0.062323,0.044041,0.870697,0.100595,0.345381
6.650000,2.016524,2.002001,1.981471,2.055429,1.999963,2.026665,1.999731,1.985410,0.134843,1.953977,0.034524,1.109407,0.062593,0.044192,0.852552,0.100970,0.345218
6.666667,2.016161,2.002227,1.982520,2.054577,2.000075,2.025145,1.999689,1.985240,0.134808,1.946898,0.034358,1.097707,0.062871,0.044309,0.834961,0.101267,0.345084
6.683333,2.016157,2.002432,1.983523,2.052792,2.000197,2.023791,1.999648,1.984906,0.134652,1.935658,0.034420,1.085659,0.063073,0.044350,0.824515,0.101348,0.344964
6.700000,2.016861,2.002710,1.984439,2.051089,2.000318,2.022684,1.999587,1.984020,0.133674,1.926766,0.034806,1.074438,0.063308,0.044342,0.832975,0.100040,0.344472
6.716667,2.017380,2.002951,1.985459,2.049813,2.000418,2.021928,1.999535,1.983586,0.132730,1.920410,0.035528,1.065222,0.063755,0.043802,0.839717,0.098571,0.344359
6.733333,2.017703,2.003223,1.986683,2.049309,2.000535,2.021449,1.999492,1.983368,0.131295,1.916015,0.036377,1.058250,0.064255,0.043053,0.843481,0.095806,0.348042
6.750000,2.018112,2.003462,1.987971,2.049245,2.000729,2.020396,1.999459,1.983070,0.129862,1.913122,0.037337,1.040009,0.064839,0.042667,0.854161,0.092325,0.353887
6.766667,2.018630,2.003645,1.989202,2.049193,2.000948,2.019268,1.999446,1.982800,0.128861,1.910326,0.038385,1.019521,0.065341,0.042475,0.870553,0.088979,0.359935
6.783333,2.018892,2.003831,1.992206,2.048469,2.001165,2.018167,1.999446,1.982605,0.127329,1.903563,0.039420,0.998950,0.065783,0.042422,0.879047,0.087229,0.365005
6.800000,2.019032,2.004143,1.995030,2.047885,2.001358,2.017187,1.999450,1.982391,0.125211,1.898257,0.040854,0.972676,0.066279,0.042444,0.883559,0.085722,0.372931
6.816667,2.019108,2.004567,1.996057,2.047263,2.001528,2.016593,1.999452,1.982164,0.122965,1.894476,0.042715,0.952147,0.066598,0.042539,0.886023,0.084351,0.382755
6.833333,2.019377,2.005006,1.996439,2.046210,2.001739,2.016284,1.999446,1.981940,0.120694,1.889324,0.045430,0.936371,0.066586,0.042736,0.895723,0.082913,0.393558
6.850000,2.019753,2.005414,1.996496,2.044983,2.001977,2.016172,1.999430,1.981907,0.118493,1.884307,0.049018,0.923491,0.066434,0.042915,0.909794,0.081338,0.405279
6.866667,2.020088,2.005702,1.996213,2.043633,2.002155,2.016149,1.999403,1.982309,0.116614,1.879403,0.052567,0.912570,0.066376,0.042951,0.922960,0.079796,0.413583
6.883333,2.020293,2.005923,1.996608,2.042458,2.002322,2.016221,1.999375,1.982782,0.115587,1.876219,0.056486,0.903121,0.066327,0.042969,0.931197,0.078193,0.411842
6.900000,2.020393,2.005848,1.995888,2.041838,2.002475,2.016683,1.999339,1.983278,0.116125,1.876491,0.060332,0.909833,0.066004,0.042965,0.935782,0.077148,0.397351
6.916667,2.020433,2.005556,1.994423,2.042052,2.002545,2.017966,1.999306,1.983770,0.117564,1.881161,0.062346,0.963054,0.064852,0.043303,0.938438,0.076537,0.379026
6.933333,2.020437,2.005258,1.993373,2.041879,2.002606,2.019135,1.999285,1.984250,0.118658,1.887406,0.064574,1.023373,0.063628,0.043895,0.940068,0.075779,0.367676
6.950000,2.020432,2.005116,1.992260,2.043066,2.002757,2.020728,1.999266,1.984716,0.120550,1.895796,0.066830,1.080472,0.062585,0.044309,0.941160,0.075294,0.355824
6.966667,2.019986,2.005087,1.991120,2.043918,2.002969,2.022215,1.999243,1.985298,0.122828,1.901273,0.069122,1.125441,0.061853,0.044438,0.933702,0.074842,0.345260
6.983333,2.019369,2.005149,1.990068,2.044299,2.003172,2.023416,1.999213,1.985887,0.122900,1.903056,0.071741,1.157138,0.061389,0.044364,0.922870,0.074669,0.339647
7.000000,2.018880,2.005466,1.989249,2.044693,2.003345,2.024284,1.999186,1.986334,0.122335,1.905120,0.073669,1.176483,0.061150,0.044415,0.914347,0.074884,0.338091
7.016667,2.018610,2.005553,1.988272,2.045102,2.003487,2.024901,1.999158,1.986575,0.122247,1.907552,0.075162,1.187156,0.061063,0.044551,0.909430,0.076461,0.331796
7.033333,2.018429,2.005276,1.986071,2.045493,2.003634,2.025524,1.999130,1.986707,0.123324,1.908876,0.077373,1.197909,0.061076,0.044566,0.903267,0.077136,0.317388
7.050000,2.018316,2.005039,1.984091,2.045799,2.003772,2.026257,1.999106,1.986782,0.123197,1.908607,0.080065,1.210850,0.061082,0.044472,0.898401,0.077971,0.307176
7.066667,2.018241,2.004803,1.982102,2.046072,2.003950,2.027058,1.999083,1.986826,0.122547,1.907812,0.084296,1.225444,0.061033,0.044341,0.894247,0.078796,0.299351
7.083333,2.018189,2.004570,1.979600,2.046327,2.004114,2.027844,1.999064,1.986853,0.122050,1.906783,0.088634,1.239666,0.060988,0.044116,0.890564,0.079587,0.292528
7.100000,2.018158,2.004532,1.978396,2.046565,2.004305,2.028594,1.999089,1.986576,0.120700,1.905674,0.093054,1.251084,0.060969,0.043900,0.887220,0.080416,0.289401
7.116667,2.018136,2.004639,1.978531,2.046788,2.004473,2.029371,1.999126,1.986276,0.118799,1.904591,0.097712,1.263171,0.060989,0.043694,0.884148,0.081205,0.289262
7.133333,2.018122,2.004921,1.979639,2.047340,2.004623,2.030092,1.999166,1.985981,0.116359,1.904030,0.102284,1.274304,0.061037,0.043548,0.881350,0.080740,0.293253
7.150000,2.018110,2.005323,1.981432,2.047719,2.004766,2.030566,1.999206,1.985705,0.114241,1.903353,0.105152,1.282876,0.061084,0.043639,0.878836,0.081355,0.299824
7.166667,2.018103,2.005699,1.983069,2.047999,2.004986,2.030739,1.999241,1.985441,0.113082,1.902679,0.106836,1.299601,0.061078,0.043782,0.876637,0.082980,0.306430
7.183333,2.018101,2.006171,1.984301,2.048214,2.005160,2.030773,1.999249,1.985168,0.113206,1.902067,0.108137,1.307032,0.061090,0.043889,0.874787,0.084930,0.306577
7.200000,2.018094,2.006396,1.986155,2.048395,2.005289,2.030768,1.999256,1.984948,0.114005,1.901538,0.109127,1.308381,0.061115,0.044004,0.873291,0.087073,0.306483
7.216667,2.018088,2.006448,1.987297,2.048538,2.005375,2.030759,1.999262,1.984781,0.114940,1.901177,0.109860,1.308215,0.061130,0.044099,0.872174,0.088705,0.305488
7.233333,2.018083,2.006305,1.987333,2.048640,2.005437,2.030736,1.999267,1.984666,0.116018,1.900941,0.110388,1.308842,0.061138,0.044189,0.871446,0.089950,0.302700
7.250000,2.018075,2.006120,1.986943,2.048729,2.005498,2.030683,1.999273,1.984601,0.116765,1.900823,0.110865,1.310017,0.061190,0.044341,0.871039,0.090596,0.300982
7.266667,2.018070,2.005968,1.986366,2.048767,2.005536,2.030665,1.999276,1.984566,0.117161,1.900759,0.111300,1.310607,0.061222,0.044435,0.870821,0.090823,0.299684
7.283333,2.018068,2.005831,1.985787,2.048772,2.005562,2.030655,1.999279,1.984548,0.117393,1.900722,0.111640,1.310870,0.061235,0.044502,0.870707,0.090944,0.298984
7.300000,2.018067,2.005663,1.985131,2.048775,2.005582,2.030650,1.999281,1.984539,0.117564,1.900703,0.111925,1.310964,0.061239,0.044554,0.870648,0.091015,0.298507
7.316667,2.018067,2.005460,1.984385,2.048777,2.005598,2.030648,1.999282,1.984535,0.117730,1.900694,0.112167,1.310977,0.061237,0.044597,0.870618,0.091064,0.297939
7.333333,2.018068,2.005221,1.983533,2.048779,2.005610,2.030647,1.999284,1.984533,0.117907,1.900690,0.112366,1.310956,0.061233,0.044631,0.870603,0.091107,0.297227
7.350000,2.018069,2.004947,1.982563,2.048780,2.005618,2.030646,1.999285,1.984532,0.118108,1.900690,0.112512,1.310926,0.061229,0.044656,0.870598,0.091151,0.296357
7.366667,2.018070,2.004644,1.981477,2.048782,2.005623,2.030645,1.999286,1.984532,0.118337,1.900692,0.112597,1.310901,0.061227,0.044670,0.870597,0.091201,0.295322
7.383333,2.018072,2.004316,1.980285,2.048785,2.005611,2.030641,1.999288,1.984532,0.118599,1.900697,0.112148,1.312175,0.061206,0.044677,0.870598,0.091284,0.294117
7.400000,2.018074,2.003973,1.979009,2.048788,2.005562,2.030533,1.999294,1.984532,0.118897,1.900705,0.110392,1.314718,0.061163,0.044681,0.870601,0.091446,0.292731
7.416667,2.018075,2.003622,1.977688,2.048791,2.005502,2.030408,1.999301,1.984533,0.119229,1.900715,0.108276,1.318371,0.061108,0.044682,0.870605,0.091637,0.291159
7.433333,2.018077,2.003279,1.976375,2.048796,2.005424,2.030316,1.999310,1.984533,0.119593,1.900729,0.105489,1.326714,0.061011,0.044682,0.870608,0.091876,0.289413
7.450000,2.018079,2.002964,1.975052,2.048882,2.005336,2.030212,1.999319,1.984532,0.119971,1.901696,0.102563,1.335350,0.060912,0.044681,0.870612,0.092126,0.287532
7.466667,2.018081,2.002672,1.973366,2.047944,2.005236,2.030096,1.999328,1.984532,0.120454,1.895891,0.099540,1.343954,0.060815,0.044679,0.870617,0.092424,0.284935
7.483333,2.018084,2.002424,1.971735,2.046697,2.005127,2.029969,1.999336,1.984531,0.121002,1.885566,0.096473,1.352223,0.060723,0.044679,0.870623,0.092760,0.281916
7.500000,2.018085,2.002282,1.970786,2.045399,2.005010,2.029832,1.999344,1.984530,0.121597,1.873788,0.093424,1.359922,0.060640,0.044679,0.870627,0.093123,0.278262
7.516667,2.018084,2.002246,1.969779,2.044068,2.004894,2.029684,1.999358,1.984693,0.122080,1.860526,0.090517,1.364623,0.060534,0.044653,0.870628,0.093480,0.275481
7.533333,2.018069,2.002213,1.968480,2.042724,2.004812,2.029425,1.999402,1.985116,0.122570,1.845722,0.088114,1.352296,0.060409,0.044573,0.870613,0.093879,0.272856
7.550000,2.018054,2.002223,1.966935,2.041376,2.004745,2.029048,1.999386,1.985240,0.122980,1.829251,0.086159,1.325013,0.060414,0.044532,0.870600,0.094230,0.271199
7.566667,2.018039,2.002255,1.965037,2.040027,2.004659,2.028697,1.999368,1.985181,0.123307,1.810862,0.084733,1.280572,0.060491,0.044519,0.870588,0.094539,0.270557
7.583333,2.018022,2.002296,1.962889,2.038769,2.004646,2.028428,1.999352,1.985072,0.124109,1.791078,0.084081,1.244050,0.060644,0.044596,0.870536,0.095244,0.270539
7.600000,2.017955,2.002341,1.960165,2.038487,2.004658,2.028236,1.999338,1.984888,0.125124,1.781973,0.083840,1.221837,0.060812,0.044692,0.870518,0.096048,0.269953
7.616667,2.017613,2.002351,1.956948,2.038441,2.004575,2.028088,1.999305,1.984740,0.126132,1.776441,0.083770,1.207466,0.060918,0.044736,0.870777,0.096717,0.266788
7.633333,2.017243,2.002398,1.953256,2.038813,2.004443,2.027935,1.999273,1.984605,0.126694,1.773352,0.083796,1.199546,0.060945,0.044730,0.871085,0.096855,0.264613
7.650000,2.017015,2.002426,1.948830,2.039780,2.004367,2.027838,1.999295,1.984458,0.126991,1.776002,0.084002,1.190312,0.060888,0.044717,0.871295,0.097426,0.263934
7.666667,2.016838,2.002506,1.943651,2.041265,2.004321,2.027714,1.999330,1.984353,0.125211,1.789806,0.084354,1.181261,0.060957,0.044889,0.871478,0.095222,0.263882
7.683333,2.016669,2.002565,1.937709,2.043417,2.004289,2.027541,1.999356,1.984401,0.122933,1.808791,0.084740,1.174605,0.060892,0.044880,0.871724,0.092389,0.264127
7.700000,2.016502,2.002606,1.930892,2.046041,2.004272,2.027329,1.999377,1.984371,0.121337,1.829906,0.085090,1.167973,0.060949,0.044752,0.871920,0.089707,0.264737
7.716667,2.016321,2.002638,1.924438,2.049088,2.004265,2.027088,1.999395,1.984195,0.120242,1.852468,0.085400,1.161325,0.061141,0.044724,0.872083,0.087487,0.265649
7.733333,2.016102,2.002690,1.919921,2.052222,2.004184,2.027222,1.999429,1.984251,0.119762,1.873186,0.084363,1.164517,0.061247,0.044690,0.872279,0.085858,0.264180
7.750000,2.015876,2.002747,1.915791,2.055461,2.004089,2.027381,1.999466,1.984382,0.119739,1.892068,0.083084,1.168487,0.061347,0.044659,0.872480,0.084628,0.261852
7.766667,2.015746,2.002801,1.913084,2.058538,2.004016,2.027468,1.999509,1.984598,0.119384,1.907865,0.081980,1.171024,0.061639,0.044739,0.878658,0.083740,0.261801
7.783333,2.015915,2.002866,1.911783,2.059515,2.003949,2.027527,1.999574,1.984774,0.117842,1.916701,0.080993,1.173071,0.062424,0.045118,0.900232,0.083728,0.266761
7.800000,2.016029,2.002935,1.911142,2.059364,2.003883,2.027615,1.999655,1.984451,0.115911,1.922931,0.080202,1.177075,0.063144,0.045630,0.919998,0.084145,0.272765
7.816667,2.016009,2.002995,1.910106,2.058594,2.003824,2.027652,1.999709,1.984292,0.115637,1.926410,0.079395,1.181940,0.063845,0.046097,0.934191,0.085754,0.277980
7.833333,2.015919,2.003043,1.908759,2.058367,2.003873,2.026942,1.999783,1.984187,0.116327,1.932117,0.079914,1.169733,0.064472,0.046419,0.944417,0.087846,0.281750
7.850000,2.015939,2.003097,1.907328,2.058507,2.003914,2.026258,1.999855,1.984018,0.117688,1.939060,0.080300,1.158023,0.065039,0.046639,0.953843,0.090416,0.284652
7.866667,2.016024,2.003153,1.905815,2.058710,2.003951,2.025556,1.999925,1.983826,0.119517,1.946033,0.080622,1.146033,0.065567,0.046819,0.962262,0.093324,0.287053
7.883333,2.016149,2.003137,1.904158,2.058967,2.003979,2.024856,1.999993,1.983692,0.121715,1.953008,0.080906,1.133617,0.066074,0.046974,0.970276,0.096498,0.289161
7.900000,2.016293,2.003063,1.900598,2.058833,2.003969,2.024329,2.000051,1.983461,0.124250,1.959323,0.080586,1.127643,0.066501,0.047099,0.977736,0.099910,0.291346
7.916667,2.016390,2.002950,1.887487,2.058048,2.003762,2.025145,2.000087,1.983203,0.124622,1.966845,0.077298,1.158689,0.067038,0.047616,0.982633,0.100060,0.298955
7.933333,2.016342,2.002702,1.884130,2.056389,2.003395,2.027004,2.000165,1.982870,0.125386,1.974690,0.072285,1.202465,0.067718,0.047830,0.988563,0.100008,0.299998
7.950000,2.016222,2.002454,1.885334,2.054347,2.002876,2.028111,2.000260,1.982525,0.126589,1.982832,0.067350,1.191617,0.069303,0.048049,0.978021,0.099902,0.299281
7.966667,2.015643,2.002241,1.888721,2.051328,2.002324,2.028959,2.000373,1.982159,0.128384,1.989439,0.062645,1.170131,0.071318,0.048079,0.945903,0.099878,0.295206
7.983333,2.015243,2.002034,1.893370,2.048919,2.001789,2.030279,2.000500,1.981797,0.130812,1.994277,0.058102,1.168575,0.073633,0.047764,0.923008,0.099912,0.290363
8.000000,2.014952,2.001863,1.897452,2.048258,2.001411,2.031941,2.000646,1.981494,0.132881,1.997485,0.054905,1.178083,0.075287,0.047637,0.905659,0.100007,0.284809
8.016667,2.014759,2.001757,1.899931,2.046992,2.001124,2.033410,2.000794,1.981223,0.134637,1.998089,0.052472,1.192102,0.076677,0.047700,0.893888,0.100123,0.280156
8.033333,2.014501,2.001729,1.899864,2.046172,2.000844,2.034164,2.000942,1.980948,0.135513,2.000044,0.050575,1.198054,0.078441,0.047797,0.883247,0.100179,0.280489
8.050000,2.014227,2.001736,1.897312,2.045299,2.000604,2.034435,2.001081,1.980678,0.135739,2.001955,0.049138,1.200213,0.080419,0.047916,0.874426,0.100174,0.284496
8.066667,2.013956,2.001762,1.892977,2.044384,2.000446,2.034671,2.001223,1.980412,0.135879,2.003788,0.048151,1.205799,0.082329,0.048034,0.867355,0.100123,0.288839
8.083333,2.013721,2.001793,1.888318,2.043456,2.000360,2.034826,2.001367,1.980171,0.135928,2.005622,0.047566,1.210050,0.084168,0.048142,0.862109,0.100002,0.292554
8.100000,2.013458,2.001798,1.883686,2.042746,2.000293,2.034938,2.001502,1.979954,0.135851,2.007433,0.047161,1.213206,0.085880,0.048255,0.856997,0.099864,0.296189
8.116667,2.013156,2.001783,1.881842,2.042510,2.000233,2.034985,2.001612,1.979742,0.135663,2.006996,0.046855,1.215278,0.087348,0.048375,0.851262,0.099380,0.299183
8.133333,2.012846,2.001753,1.881388,2.042008,2.000183,2.035019,2.001689,1.979554,0.135649,2.004075,0.046636,1.217166,0.088435,0.048490,0.845485,0.098989,0.300939
8.150000,2.012527,2.001745,1.881563,2.042638,2.000141,2.035027,2.001741,1.979389,0.135656,2.000885,0.046500,1.218672,0.089169,0.048595,0.839629,0.098655,0.301937
8.166667,2.012252,2.001747,1.881967,2.043955,2.000105,2.034990,2.001773,1.979247,0.135698,1.997844,0.046465,1.219516,0.089633,0.048644,0.834712,0.098492,0.302433
8.183333,2.012018,2.001727,1.882315,2.045663,2.000075,2.034911,2.001796,1.979111,0.135930,1.994000,0.046461,1.219717,0.089960,0.048660,0.830611,0.098552,0.302689
8.200000,2.011776,2.001709,1.882634,2.047605,2.000052,2.034842,2.001807,1.978992,0.136107,1.990327,0.046476,1.219887,0.090137,0.048673,0.826456,0.098639,0.302787
8.216667,2.011568,2.001703,1.882955,2.048911,2.000035,2.034788,2.001821,1.978890,0.136228,1.987651,0.046467,1.220043,0.090328,0.048713,0.822952,0.098605,0.302920
8.233333,2.011382,2.001701,1.883197,2.049590,2.000022,2.034755,2.001836,1.978803,0.136329,1.985834,0.046447,1.220198,0.090535,0.048756,0.819875,0.098481,0.303091
8.250000,2.011213,2.001698,1.883336,2.049948,2.000013,2.034742,2.001848,1.978729,0.136445,1.984772,0.046434,1.220320,0.090695,0.048772,0.817126,0.098433,0.303220
8.266667,2.011059,2.001696,1.883420,2.050139,2.000008,2.034737,2.001862,1.978669,0.136600,1.984183,0.046413,1.220386,0.090860,0.048767,0.814667,0.098442,0.303340
8.283333,2.010924,2.001695,1.883469,2.050242,2.000006,2.034736,2.001875,1.978625,0.136775,1.983862,0.046391,1.220419,0.091006,0.048748,0.812546,0.098512,0.303432
8.300000,2.010818,2.001694,1.883504,2.050297,2.000004,2.034737,2.001887,1.978599,0.136946,1.983690,0.046370,1.220441,0.091151,0.048720,0.810895,0.098574,0.303526
8.316667,2.010725,2.001694,1.883536,2.050327,2.000004,2.034739,2.001901,1.978588,0.137082,1.983599,0.046348,1.220456,0.091314,0.048685,0.809472,0.098554,0.303656
8.333333,2.010658,2.001694,1.883559,2.050344,2.000003,2.034740,2.001912,1.978585,0.137195,1.983550,0.046331,1.220464,0.091444,0.048651,0.808472,0.098536,0.303763
8.350000,2.010622,2.001694,1.883575,2.050353,2.000003,2.034741,2.001919,1.978584,0.137272,1.983524,0.046322,1.220469,0.091525,0.048626,0.807935,0.098524,0.303836
8.366667,2.010603,2.001694,1.883606,2.050358,2.000003,2.034744,2.001939,1.978590,0.137458,1.983514,0.046290,1.220474,0.091754,0.048570,0.807644,0.098494,0.304014
8.383333,2.010563,2.001697,1.883630,2.050360,2.000003,2.034747,2.001948,1.978618,0.137596,1.983508,0.046272,1.220492,0.091955,0.048567,0.806412,0.098415,0.304150
8.400000,2.010448,2.001705,1.883648,2.050358,2.000036,2.034750,2.001964,1.978684,0.137683,1.983502,0.046306,1.220484,0.092071,0.048639,0.801066,0.098222,0.304247
8.416667,2.010198,2.001714,1.883659,2.050355,2.000073,2.034753,2.001975,1.978761,0.137729,1.983496,0.046364,1.220475,0.092123,0.048768,0.792659,0.098011,0.304305
8.433333,2.009992,2.001723,1.883666,2.050351,2.000115,2.034757,2.001983,1.978844,0.137747,1.983491,0.046444,1.220465,0.092133,0.048933,0.784883,0.097788,0.304338
8.450000,2.009819,2.001750,1.884226,2.050525,2.000162,2.034769,2.001953,1.978942,0.137728,1.983745,0.046628,1.220530,0.091681,0.049003,0.777656,0.097551,0.304268
8.466667,2.009659,2.001813,1.886018,2.051084,2.000167,2.034704,2.001848,1.979079,0.137650,1.984545,0.046964,1.220663,0.090487,0.048833,0.770681,0.097288,0.303997
8.483333,2.009506,2.001879,1.887836,2.051651,2.000066,2.034216,2.001751,1.979229,0.137568,1.985340,0.047249,1.214598,0.089408,0.048679,0.764086,0.097023,0.303717
8.500000,2.009356,2.001944,1.889605,2.052197,1.999911,2.032964,2.001659,1.979392,0.137486,1.986081,0.047553,1.191659,0.088547,0.048567,0.757954,0.096745,0.303444
8.516667,2.009208,2.002008,1.891319,2.052714,1.999800,2.031570,2.001569,1.979562,0.137407,1.986753,0.047889,1.162584,0.087772,0.048486,0.752421,0.096476,0.303180
8.533333,2.009062,2.002070,1.892984,2.053251,1.999778,2.030390,2.001441,1.980270,0.137330,1.987428,0.048376,1.132905,0.086819,0.048372,0.747629,0.096242,0.302925
8.550000,2.008934,2.002121,1.894516,2.053095,1.999794,2.029329,2.001280,1.981762,0.137272,1.985956,0.048940,1.104129,0.085821,0.048346,0.743988,0.096130,0.302715
8.566667,2.008849,2.002153,1.895443,2.050591,1.999809,2.028458,2.001174,1.982878,0.137296,1.977271,0.049183,1.081255,0.085505,0.048754,0.741656,0.096226,0.302690
8.583333,2.008797,2.002173,1.896073,2.048190,1.999841,2.027520,2.001073,1.984064,0.138650,1.967069,0.049472,1.053175,0.085804,0.049244,0.740528,0.096862,0.303470
8.600000,2.008777,2.002217,1.897036,2.048328,1.999854,2.027169,2.000851,1.985904,0.137976,1.961055,0.049949,1.038833,0.084981,0.049144,0.740933,0.096448,0.309245
8.616667,2.008770,2.002284,1.898026,2.050138,1.999830,2.026823,2.000669,1.987905,0.136158,1.959712,0.050093,1.028797,0.084487,0.049255,0.741855,0.095481,0.317000
8.633333,2.008759,2.002369,1.898969,2.051618,1.999818,2.026188,2.000565,1.989417,0.134532,1.960156,0.050308,1.011076,0.084940,0.049633,0.742285,0.095139,0.325284
8.650000,2.008754,2.002436,1.899617,2.052873,1.999756,2.025268,2.000505,1.990423,0.133488,1.958494,0.050508,0.986351,0.085719,0.050132,0.742560,0.095160,0.331367
8.666667,2.008721,2.002486,1.900027,2.053409,1.999663,2.024602,2.000441,1.991293,0.132801,1.953320,0.050637,0.967982,0.086385,0.050498,0.742877,0.095298,0.335370
8.683333,2.008581,2.002547,1.900371,2.053541,1.999641,2.024263,2.000388,1.992298,0.132156,1.947052,0.050833,0.957227,0.086896,0.050722,0.743404,0.095403,0.338805
8.700000,2.008441,2.002611,1.899893,2.053175,1.999635,2.023949,2.000349,1.993017,0.131638,1.939004,0.051039,0.947420,0.087339,0.050944,0.743832,0.095550,0.341796
8.716667,2.008324,2.002712,1.898184,2.052216,1.999655,2.023654,2.000326,1.993563,0.131761,1.928336,0.051288,0.937874,0.087833,0.051263,0.744129,0.096035,0.340789
8.733333,2.008180,2.002897,1.899981,2.050846,1.999713,2.022925,2.000306,1.993942,0.133061,1.915377,0.051407,0.919089,0.088486,0.051510,0.744427,0.097114,0.328969
8.750000,2.008018,2.003125,1.902278,2.049860,1.999811,2.021793,2.000306,1.994213,0.134276,1.903337,0.051720,0.890211,0.089252,0.052239,0.744724,0.097607,0.315487
8.766667,2.007843,2.003449,1.906108,2.050212,1.999923,2.020871,2.000291,1.994438,0.133642,1.897442,0.052781,0.864809,0.089216,0.051815,0.745048,0.095227,0.306903
8.783333,2.007664,2.003785,1.910018,2.050806,2.000002,2.020364,2.000276,1.994642,0.133097,1.893653,0.054274,0.846008,0.088343,0.050514,0.745399,0.092474,0.298899
8.800000,2.007468,2.004111,1.913008,2.051015,2.000065,2.020068,2.000254,1.994827,0.133251,1.889237,0.055753,0.831909,0.087723,0.049796,0.745760,0.090202,0.290183
8.816667,2.007233,2.004500,1.914938,2.050497,2.000157,2.020005,2.000213,1.995027,0.133274,1.882176,0.058258,0.821130,0.087070,0.049922,0.746135,0.087658,0.283790
8.833333,2.006965,2.004860,1.919812,2.049680,2.000280,2.020154,2.000171,1.995228,0.132069,1.874553,0.062148,0.812738,0.086407,0.050499,0.746523,0.086294,0.279522
8.850000,2.006668,2.005164,1.923632,2.049551,2.000364,2.021206,2.000105,1.995438,0.130792,1.872999,0.063020,0.852317,0.085325,0.051318,0.746926,0.085355,0.276169
8.866667,2.006350,2.005362,1.926072,2.049473,2.000435,2.022001,1.999982,1.995700,0.129929,1.874181,0.063919,0.886467,0.083586,0.052101,0.747353,0.084827,0.271339
8.883333,2.006012,2.005462,1.927733,2.049792,2.000439,2.022465,1.999854,1.995979,0.129314,1.878464,0.065052,0.911212,0.082202,0.053165,0.747797,0.084571,0.265913
8.900000,2.005675,2.005543,1.929345,2.050397,2.000445,2.022603,1.999754,1.996216,0.128627,1.882849,0.066256,0.926569,0.081662,0.054513,0.748227,0.084229,0.261286
8.916667,2.005349,2.005636,1.930616,2.049901,2.000439,2.022484,1.999675,1.996420,0.127853,1.883401,0.067433,0.935214,0.081703,0.056121,0.748645,0.084316,0.256265
8.933333,2.005018,2.005605,1.931025,2.048106,2.000395,2.022133,1.999610,1.996611,0.126563,1.876437,0.068418,0.938622,0.082270,0.057927,0.749056,0.084792,0.250986
8.950000,2.004687,2.005529,1.931000,2.046110,2.000299,2.021568,1.999556,1.996779,0.124910,1.868045,0.069138,0.938088,0.083358,0.059708,0.749455,0.085380,0.245915
8.966667,2.004360,2.005451,1.930702,2.043841,2.000182,2.021488,1.999506,1.996920,0.123101,1.857530,0.069634,0.951691,0.084427,0.061466,0.749852,0.086033,0.240912
8.983333,2.004043,2.005483,1.930395,2.042273,2.000066,2.022268,1.999449,1.997041,0.121252,1.848955,0.069993,0.987707,0.085152,0.063259,0.750234,0.086702,0.235960
9.000000,2.003828,2.005529,1.926435,2.041432,1.999983,2.023593,1.999410,1.997098,0.120642,1.842333,0.070419,1.033542,0.085765,0.065143,0.750498,0.087954,0.233794
9.016667,2.003724,2.005610,1.921939,2.041039,1.999901,2.025256,1.999316,1.997117,0.121678,1.837519,0.070495,1.081106,0.086438,0.067170,0.750658,0.090325,0.227805
9.033333,2.003675,2.005755,1.917285,2.040907,1.999850,2.027205,1.999227,1.997131,0.122031,1.833781,0.070663,1.145283,0.086969,0.068906,0.750772,0.091689,0.222555
9.050000,2.003682,2.005928,1.907545,2.040909,1.999849,2.028346,1.999152,1.997120,0.122995,1.830787,0.070939,1.199531,0.087794,0.070502,0.749780,0.093016,0.218779
9.066667,2.003761,2.006050,1.892876,2.040988,1.999891,2.029191,1.999091,1.997079,0.124813,1.828246,0.071072,1.247264,0.088966,0.072403,0.746420,0.094551,0.214587
9.083333,2.003848,2.006089,1.872687,2.041098,2.000001,2.029839,1.999034,1.997059,0.127264,1.826060,0.071231,1.288960,0.089663,0.073771,0.743230,0.095673,0.209632
9.100000,2.003940,2.006060,1.846284,2.041222,2.000179,2.030363,1.998996,1.996989,0.130104,1.824157,0.071350,1.326926,0.090105,0.074491,0.740300,0.095813,0.205310
9.116667,2.004028,2.006017,1.814244,2.041357,2.000435,2.030820,1.998962,1.996904,0.133146,1.822494,0.071414,1.361805,0.090893,0.075458,0.737598,0.095632,0.202137
9.133333,2.004111,2.005865,1.780254,2.041494,2.000769,2.031119,1.998932,1.996817,0.134183,1.821012,0.071180,1.388287,0.091881,0.076386,0.735145,0.096371,0.203617
9.150000,2.004184,2.005723,1.752532,2.041628,2.001205,2.031415,1.998899,1.996771,0.134449,1.819587,0.070912,1.411748,0.092678,0.077164,0.732953,0.097173,0.206516
9.166667,2.004249,2.005618,1.735243,2.041750,2.001741,2.031706,1.998869,1.996748,0.134667,1.818293,0.070662,1.431095,0.093228,0.077592,0.731053,0.098157,0.207514
9.183333,2.004305,2.005625,1.725300,2.041857,2.002247,2.032275,1.998842,1.996745,0.135257,1.817203,0.070589,1.451183,0.093091,0.077297,0.729470,0.099296,0.206381
9.200000,2.004354,2.005624,1.720933,2.041947,2.002706,2.033053,1.998818,1.996760,0.136161,1.816348,0.070682,1.471849,0.092524,0.076504,0.728218,0.100795,0.202335
9.216667,2.004396,2.005681,1.720414,2.042017,2.003153,2.033930,1.998801,1.996780,0.135516,1.815600,0.071039,1.491914,0.091735,0.075353,0.727338,0.100337,0.200274
9.233333,2.004431,2.005711,1.724251,2.042070,2.003442,2.035027,1.998793,1.996750,0.135375,1.815095,0.071379,1.509766,0.091018,0.074105,0.726898,0.100026,0.197915
9.250000,2.004453,2.005713,1.732992,2.042101,2.003583,2.036444,1.998782,1.996735,0.133632,1.814797,0.071538,1.529790,0.091276,0.073947,0.726673,0.100258,0.196255
9.266667,2.004467,2.005597,1.730510,2.042119,2.003652,2.037996,1.998772,1.996735,0.132806,1.814643,0.071563,1.548729,0.092310,0.074843,0.726560,0.100503,0.196189
9.283333,2.004471,2.005495,1.724977,2.042132,2.004005,2.039516,1.998761,1.996734,0.132481,1.814567,0.071905,1.569941,0.093505,0.075752,0.726504,0.100659,0.196626
9.300000,2.004476,2.005447,1.721372,2.042136,2.004268,2.041112,1.998750,1.996734,0.132342,1.814524,0.072309,1.586572,0.094783,0.076629,0.726483,0.100837,0.196936
9.316667,2.004481,2.005293,1.716796,2.042137,2.004401,2.042772,1.998738,1.996734,0.132345,1.814499,0.072687,1.602214,0.096057,0.077461,0.726480,0.101028,0.197377
9.333333,2.004489,2.005076,1.713616,2.042136,2.004453,2.043899,1.998730,1.996746,0.132733,1.814522,0.073061,1.615263,0.096832,0.077779,0.726519,0.101285,0.197214
9.350000,2.004496,2.004828,1.710366,2.042135,2.004360,2.044605,1.998728,1.996772,0.133206,1.814562,0.073281,1.621710,0.097028,0.077694,0.726558,0.101533,0.197074
9.366667,2.004502,2.004568,1.707302,2.042136,2.004179,2.045106,1.998727,1.996803,0.133724,1.814610,0.073340,1.625340,0.096844,0.077419,0.726586,0.101776,0.196864
9.383333,2.004507,2.004316,1.704434,2.042138,2.003928,2.045515,1.998727,1.996835,0.134256,1.814660,0.073334,1.627538,0.096463,0.077055,0.726608,0.102006,0.196623
9.400000,2.004510,2.004080,1.701854,2.042141,2.003628,2.045883,1.998729,1.996888,0.134815,1.814719,0.073273,1.628993,0.095843,0.076518,0.726639,0.102236,0.196356
9.416667,2.004512,2.003873,1.699696,2.042148,2.003300,2.046235,1.998737,1.997011,0.135824,1.814812,0.073091,1.630064,0.094435,0.075326,0.726712,0.102785,0.196151
9.433333,2.004508,2.003703,1.698065,2.042156,2.002955,2.046584,1.998735,1.997280,0.137076,1.814930,0.072921,1.630936,0.093357,0.074367,0.726781,0.103570,0.196005
9.450000,2.004501,2.003577,1.697258,2.042166,2.002603,2.046931,1.998725,1.997688,0.138256,1.815076,0.072771,1.631701,0.092423,0.073438,0.726866,0.104162,0.196208
9.466667,2.004494,2.003497,1.698512,2.042305,2.002254,2.047274,1.998717,1.998076,0.139332,1.816673,0.072650,1.632404,0.091331,0.072362,0.726944,0.104129,0.196523
9.483333,2.004478,2.003414,1.702635,2.042866,2.001718,2.047508,1.998709,1.998372,0.141591,1.822900,0.072526,1.633033,0.090978,0.072125,0.726888,0.104005,0.194834
9.500000,2.004458,2.003363,1.707641,2.043619,2.001117,2.047332,1.998701,1.998668,0.143632,1.831287,0.072415,1.630904,0.090641,0.071988,0.726774,0.104004,0.194365
9.516667,2.004435,2.003433,1.715410,2.042470,2.000581,2.046549,1.998693,1.998983,0.143584,1.830159,0.072467,1.623990,0.090028,0.071535,0.726653,0.103912,0.195636
9.533333,2.004412,2.003584,1.725284,2.041515,1.999914,2.045960,1.998690,1.999280,0.142964,1.816257,0.072555,1.619174,0.089247,0.070966,0.726526,0.103572,0.196662
9.550000,2.004389,2.003791,1.736680,2.040381,1.999370,2.045306,1.998719,1.999489,0.142201,1.798460,0.072695,1.612913,0.088426,0.070515,0.726366,0.103303,0.197337
9.566667,2.004743,2.004109,1.756909,2.039258,1.998946,2.044433,1.998856,1.999496,0.140633,1.778783,0.073105,1.600102,0.087883,0.070261,0.732593,0.103032,0.197811
9.583333,2.004976,2.004534,1.776080,2.038444,1.998554,2.043397,1.998874,1.999416,0.139049,1.762278,0.073594,1.583460,0.087513,0.070204,0.736765,0.102775,0.197980
9.600000,2.005199,2.004840,1.787779,2.038199,1.998139,2.042388,1.998936,1.999313,0.137595,1.760945,0.074090,1.565460,0.087196,0.070240,0.740378,0.102374,0.198387
9.616667,2.005349,2.005049,1.794787,2.039002,1.997788,2.041423,1.999042,1.999224,0.135636,1.778076,0.074593,1.546901,0.086694,0.070234,0.744451,0.101794,0.200837
9.633333,2.005016,2.005177,1.797554,2.040798,1.997515,2.040463,1.999223,1.999192,0.133425,1.805208,0.075059,1.527927,0.085611,0.070138,0.746822,0.101141,0.205111
9.650000,2.004651,2.005137,1.806023,2.043149,1.997300,2.039511,1.999455,1.999281,0.132077,1.835532,0.075513,1.508768,0.084456,0.070218,0.748140,0.100570,0.205227
9.666667,2.004227,2.005113,1.814877,2.046196,1.997158,2.038440,1.999573,1.999356,0.130984,1.866754,0.076063,1.484198,0.083509,0.069920,0.749064,0.099841,0.205674
9.683333,2.003784,2.005085,1.824032,2.049999,1.997096,2.037264,1.999698,1.999496,0.129959,1.896999,0.076217,1.460751,0.082496,0.070078,0.749617,0.099338,0.206250
9.700000,2.003314,2.005049,1.833313,2.051648,1.997263,2.036068,1.999847,1.999768,0.129071,1.911734,0.076054,1.438389,0.081112,0.071103,0.749955,0.099139,0.207163
9.716667,2.002886,2.005022,1.842626,2.054159,1.997489,2.035139,2.000003,2.000154,0.128254,1.927925,0.076235,1.411799,0.079616,0.072784,0.742471,0.098855,0.208513
9.733333,2.002531,2.004950,1.846707,2.058056,1.997722,2.034981,2.000160,2.000523,0.127740,1.946183,0.076535,1.393038,0.078384,0.075067,0.719334,0.098562,0.209122
9.750000,2.002191,2.004746,1.840039,2.062373,1.997970,2.035316,2.000356,2.000702,0.127858,1.964245,0.076773,1.380216,0.077384,0.076815,0.698311,0.098022,0.209160
9.766667,2.001853,2.004533,1.826744,2.062461,1.998109,2.034513,2.000506,2.000727,0.128069,1.970865,0.077557,1.338230,0.076827,0.078479,0.678843,0.097431,0.210647
9.783333,2.001515,2.004302,1.813127,2.062776,1.998179,2.033555,2.000619,2.000874,0.128189,1.977992,0.078643,1.285724,0.076044,0.080983,0.660902,0.096827,0.212838
9.800000,2.001346,2.004067,1.802308,2.062820,1.998228,2.032611,2.000695,2.000925,0.128335,1.985227,0.079736,1.231185,0.075764,0.083296,0.650585,0.096175,0.214392
9.816667,2.001463,2.003895,1.794664,2.062859,1.998265,2.031561,2.000789,2.001030,0.129151,1.993244,0.080807,1.174367,0.075657,0.086350,0.657250,0.095335,0.218795
9.833333,2.001382,2.003798,1.787853,2.062860,1.998307,2.030361,2.000780,2.001071,0.130860,2.000486,0.081943,1.116529,0.075972,0.088875,0.664040,0.094641,0.223869
9.850000,2.001154,2.003754,1.782806,2.062839,1.998356,2.028983,2.000764,2.001064,0.132997,2.007782,0.083117,1.059435,0.076539,0.091184,0.668871,0.093877,0.230139
9.866667,2.001010,2.003778,1.778373,2.062767,1.998384,2.028246,2.000712,2.000830,0.136208,2.006164,0.086159,1.020963,0.077462,0.091591,0.671517,0.094339,0.230776
9.883333,2.000931,2.003835,1.773744,2.062679,1.998391,2.028072,2.000644,2.000473,0.138873,2.004511,0.089953,0.997292,0.078532,0.090432,0.672957,0.093724,0.228503
9.900000,2.000875,2.003889,1.770374,2.062610,1.998392,2.028147,2.000582,2.000189,0.141295,2.002918,0.094653,0.982320,0.079550,0.089801,0.673699,0.092951,0.229732
9.916667,2.000837,2.004057,1.770462,2.062523,1.998358,2.028292,2.000576,2.000078,0.144881,2.001215,0.097823,0.977026,0.080521,0.090223,0.674070,0.092555,0.228224
9.933333,2.000820,2.004190,1.773017,2.062280,1.998280,2.029442,2.000527,1.999997,0.147814,1.998941,0.098694,1.003592,0.080723,0.089502,0.674298,0.092401,0.230922
9.950000,2.000247,2.004212,1.777115,2.062261,1.998205,2.031386,2.000481,1.999867,0.148076,1.997629,0.099742,1.049751,0.080682,0.086838,0.666011,0.091824,0.239089
9.966667,1.998986,2.004187,1.780469,2.062868,1.998134,2.033140,2.000456,1.999666,0.148286,1.997482,0.102119,1.085880,0.080815,0.083552,0.635757,0.091364,0.246871
9.983333,1.997722,2.004208,1.784127,2.062619,1.998062,2.033308,2.000463,1.999541,0.148566,1.995797,0.103626,1.087695,0.080923,0.081373,0.605947,0.090983,0.257116
10.000000,1.996726,2.004267,1.787712,2.062371,1.997987,2.032224,2.000483,1.999480,0.147319,1.994870,0.104267,1.057857,0.081101,0.079884,0.582916,0.089422,0.266685
10.016667,1.995634,2.004302,1.790398,2.062123,1.997925,2.030220,2.000465,1.999440,0.145477,1.994862,0.104505,1.002440,0.081420,0.078662,0.565238,0.086731,0.271849
10.033333,1.994762,2.004353,1.792456,2.061849,1.997899,2.028260,2.000431,1.999360,0.143577,1.995912,0.107098,0.948696,0.081929,0.077047,0.554928,0.086158,0.274295
10.050000,1.994086,2.004428,1.793280,2.061540,1.997851,2.027022,2.000372,1.999303,0.144313,1.997901,0.109199,0.913106,0.081333,0.075679,0.548736,0.087103,0.270142
10.066667,1.993480,2.004443,1.793256,2.061278,1.997799,2.025492,2.000265,1.999166,0.146837,2.000889,0.109125,0.872481,0.080553,0.073849,0.544885,0.089177,0.264320
10.083333,1.992963,2.004439,1.793639,2.060723,1.997754,2.024048,2.000166,1.999023,0.147898,2.003676,0.109012,0.833084,0.079940,0.072321,0.542364,0.090983,0.262576
10.100000,1.992513,2.004458,1.794843,2.059382,1.997691,2.023905,2.000140,1.999008,0.148760,2.004941,0.108415,0.826485,0.079691,0.072302,0.540539,0.092222,0.265369
10.116667,1.992109,2.004491,1.796286,2.056379,1.997655,2.023440,2.000103,1.998972,0.148872,2.003165,0.106185,0.821322,0.079391,0.072237,0.539220,0.092732,0.269394
10.133333,1.991786,2.004529,1.797468,2.053415,1.997624,2.022970,2.000048,1.998911,0.150092,1.999294,0.102980,0.821186,0.078861,0.071774,0.538278,0.093970,0.272037
10.150000,1.991499,2.004588,1.799261,2.052722,1.997594,2.022613,2.000000,1.998869,0.149870,1.994321,0.099605,0.826178,0.078435,0.071575,0.537582,0.094420,0.278695
10.166667,1.991248,2.004653,1.800588,2.053672,1.997572,2.022405,1.999930,1.998777,0.150403,1.990549,0.096071,0.838195,0.077906,0.070931,0.537122,0.095263,0.282332
10.183333,1.991048,2.004670,1.801239,2.054496,1.997562,2.022352,1.999841,1.998595,0.150651,1.992001,0.092677,0.856623,0.077416,0.069646,0.536903,0.095452,0.283568
10.200000,1.990861,2.004682,1.801962,2.056263,1.997564,2.022464,1.999747,1.998324,0.149768,1.994316,0.089488,0.881259,0.076985,0.067830,0.536916,0.095011,0.285700
10.216667,1.990664,2.004695,1.802715,2.057474,1.997575,2.022693,1.999655,1.998010,0.148522,1.997562,0.086748,0.907598,0.076667,0.065949,0.537096,0.094220,0.288387
10.233333,1.990514,2.004709,1.803718,2.058152,1.997592,2.022788,1.999581,1.997686,0.146983,1.999462,0.085142,0.921199,0.076500,0.064258,0.537394,0.092935,0.292970
10.250000,1.990398,2.004721,1.804858,2.058058,1.997617,2.022873,1.999532,1.997389,0.145502,1.999889,0.084025,0.929781,0.076272,0.062841,0.537785,0.091541,0.298986
10.266667,1.990306,2.004732,1.806122,2.057961,1.997639,2.022866,1.999516,1.997102,0.144699,2.000106,0.083307,0.932180,0.076133,0.061544,0.538224,0.090664,0.306324
10.283333,1.990233,2.004658,1.817684,2.057904,1.997658,2.022681,1.999501,1.996834,0.143247,2.000161,0.083114,0.926198,0.076069,0.060495,0.538665,0.090515,0.311885
10.300000,1.990379,2.004592,1.831191,2.057861,1.997660,2.022428,1.999460,1.996699,0.142241,2.000066,0.083385,0.917088,0.075787,0.059913,0.543668,0.091879,0.316898
10.316667,1.990469,2.004554,1.843515,2.057826,1.997654,2.022187,1.999405,1.996622,0.142724,1.999898,0.083629,0.909626,0.075334,0.059532,0.547616,0.094777,0.319467
10.333333,1.990642,2.004534,1.854089,2.057798,1.997644,2.022012,1.999348,1.996587,0.144655,1.999692,0.083753,0.906174,0.074858,0.059315,0.554132,0.096858,0.318570
10.350000,1.991218,2.004522,1.860095,2.057785,1.997632,2.021878,1.999306,1.996630,0.147039,1.999620,0.083821,0.905500,0.074480,0.059297,0.569463,0.096756,0.319835
10.366667,1.991762,2.004527,1.863878,2.057781,1.997619,2.021797,1.999257,1.996695,0.148654,1.999618,0.083898,0.907267,0.074080,0.059458,0.583162,0.096578,0.325108
10.383333,1.992060,2.004638,1.871568,2.058146,1.997604,2.021760,1.999208,1.996793,0.149076,2.000479,0.083999,0.910923,0.073743,0.059890,0.590641,0.096291,0.332777
10.400000,1.992219,2.004796,1.881993,2.058157,1.997583,2.021611,1.999196,1.996929,0.149137,2.001255,0.084076,0.914230,0.073643,0.060433,0.594611,0.095840,0.341324
10.416667,1.992301,2.004974,1.891056,2.058184,1.997558,2.021466,1.999202,1.997058,0.149218,2.002018,0.084240,0.919691,0.073685,0.060929,0.596677,0.095364,0.349707
10.433333,1.992342,2.005172,1.899712,2.058209,1.997532,2.021282,1.999221,1.997187,0.149301,2.002768,0.084468,0.926441,0.073804,0.061424,0.597704,0.094871,0.358192
10.450000,1.992620,2.005402,1.907394,2.058215,1.997504,2.021195,1.999250,1.997313,0.149339,2.003441,0.084872,0.934726,0.074172,0.061842,0.608390,0.094324,0.365772
10.466667,1.993013,2.005657,1.914178,2.058202,1.997497,2.021519,1.999278,1.997479,0.149299,2.004029,0.085877,0.941682,0.074297,0.062448,0.624237,0.093676,0.372216
10.483333,1.993462,2.005933,1.920624,2.058166,1.997509,2.022098,1.999306,1.997677,0.149168,2.004539,0.087699,0.943096,0.074180,0.063301,0.642894,0.092915,0.378116
10.500000,1.993964,2.006200,1.926360,2.058056,1.997529,2.022758,1.999332,1.997881,0.149007,2.004602,0.089812,0.941503,0.073920,0.064376,0.664623,0.092348,0.380907
10.516667,1.994770,2.006463,1.931725,2.057822,1.997541,2.023192,1.999409,1.997906,0.148867,2.003853,0.091348,0.939660,0.073766,0.065395,0.680705,0.092080,0.380576
10.533333,1.995629,2.006711,1.936628,2.057568,1.997545,2.023427,1.999454,1.997803,0.148688,2.003068,0.092298,0.938366,0.073812,0.066310,0.694622,0.091920,0.378764
10.550000,1.996381,2.007016,1.942110,2.057507,1.997546,2.023565,1.999500,1.997666,0.147759,2.001221,0.092941,0.937520,0.073946,0.067151,0.709534,0.091589,0.377990
10.566667,1.997028,2.007464,1.947908,2.057695,1.997547,2.023679,1.999574,1.997528,0.146865,1.998350,0.093495,0.937071,0.074250,0.067856,0.724585,0.091167,0.381364
10.583333,1.997534,2.008132,1.951631,2.058303,1.997549,2.023770,1.999713,1.997366,0.147106,1.995402,0.093662,0.936802,0.074847,0.068438,0.738308,0.090750,0.386815
10.600000,1.997981,2.009051,1.954988,2.058349,1.997567,2.023781,1.999847,1.996980,0.147124,1.990652,0.093683,0.936577,0.075553,0.068625,0.751823,0.090355,0.392092
10.616667,1.999543,2.010041,1.959308,2.058403,1.997568,2.023502,1.999982,1.996755,0.146498,1.985624,0.093694,0.936161,0.076576,0.067470,0.770899,0.089913,0.399079
10.633333,2.000774,2.010976,1.963502,2.058470,1.997485,2.023215,2.000065,1.996618,0.145828,1.980557,0.094207,0.935981,0.076902,0.066687,0.786058,0.089282,0.406578
10.650000,2.001416,2.011681,1.966290,2.058513,1.997413,2.022968,2.000107,1.996665,0.145404,1.975948,0.095009,0.935859,0.077157,0.065754,0.794323,0.088051,0.413223
10.666667,2.001747,2.012203,1.968016,2.058279,1.997374,2.022845,2.000121,1.996851,0.145124,1.971637,0.095657,0.937619,0.077627,0.064930,0.798837,0.087080,0.417642
10.683333,2.001920,2.012643,1.969203,2.057546,1.997330,2.022832,2.000135,1.996964,0.144569,1.965888,0.095969,0.941494,0.078289,0.064134,0.801325,0.086547,0.421716
10.700000,2.003453,2.013006,1.970013,2.056451,1.997270,2.022807,2.000132,1.997019,0.143586,1.958811,0.096227,0.943529,0.078906,0.063468,0.824933,0.085164,0.424918
10.716667,2.004325,2.013324,1.970571,2.054716,1.997254,2.022667,2.000113,1.997183,0.142849,1.949471,0.096447,0.944789,0.079427,0.062904,0.843043,0.084062,0.427029
10.733333,2.004711,2.013635,1.971006,2.052877,1.997266,2.022465,2.000093,1.997320,0.142260,1.938715,0.096660,0.945671,0.079980,0.062454,0.853126,0.083277,0.428732
10.750000,2.004883,2.013918,1.970071,2.051831,1.997284,2.022267,2.000080,1.997438,0.141878,1.930802,0.096875,0.946311,0.080632,0.062155,0.859992,0.082703,0.430072
10.766667,2.004997,2.014131,1.967051,2.051385,1.997332,2.021950,2.000068,1.997541,0.141811,1.926112,0.097217,0.943219,0.081322,0.062007,0.866312,0.082403,0.431338
10.783333,2.005258,2.014449,1.967812,2.050799,1.997423,2.021388,2.000057,1.997635,0.141963,1.916962,0.097842,0.932840,0.082042,0.061954,0.875943,0.082486,0.423886
10.800000,2.005432,2.014767,1.970601,2.050140,1.997511,2.020868,2.000047,1.997721,0.142292,1.907069,0.098444,0.923852,0.082740,0.061991,0.883969,0.082904,0.409098
10.816667,2.005489,2.015041,1.973450,2.049468,1.997623,2.020461,2.000029,1.997799,0.142517,1.890267,0.099928,0.907559,0.083490,0.062314,0.889939,0.083543,0.393313
10.833333,2.005878,2.015274,1.975175,2.048381,1.997782,2.019886,2.000008,1.997867,0.141717,1.868788,0.102181,0.881082,0.084338,0.062796,0.903241,0.084412,0.381720
10.850000,2.005532,2.015664,1.976260,2.047101,1.998013,2.020184,1.999962,1.997978,0.140373,1.845568,0.103796,0.872873,0.085645,0.064253,0.919604,0.085536,0.371808
10.866667,2.004866,2.016065,1.976942,2.045694,1.998262,2.020955,1.999902,1.998115,0.138904,1.818539,0.105369,0.874780,0.087224,0.066301,0.941774,0.086912,0.362108
10.883333,2.004262,2.016481,1.977300,2.044234,1.998508,2.021967,1.999843,1.998237,0.137463,1.789125,0.106717,0.883766,0.089119,0.068682,0.967258,0.088503,0.352654
10.900000,2.003518,2.016923,1.977351,2.042785,1.998747,2.023106,1.999729,1.998328,0.136112,1.758038,0.107933,0.897526,0.091498,0.071384,0.992656,0.090311,0.343579
10.916667,2.002941,2.017389,1.977069,2.041491,1.998973,2.024269,1.999584,1.998375,0.134872,1.727835,0.109080,0.913899,0.094398,0.074354,1.014484,0.092326,0.335029
10.933333,2.002434,2.018044,1.976443,2.040539,1.999172,2.024988,1.999441,1.998549,0.133078,1.703048,0.110735,0.923405,0.095543,0.074500,1.036470,0.092596,0.325469
10.950000,2.002865,2.019222,1.975208,2.039729,1.999140,2.024965,1.999302,1.998655,0.131704,1.679925,0.112916,0.917481,0.096981,0.074482,1.049932,0.092499,0.312867
10.966667,2.003295,2.020552,1.973086,2.039080,1.999113,2.024540,1.999177,1.998683,0.130433,1.660513,0.115375,0.903957,0.098575,0.074467,1.056495,0.092098,0.299261
10.983333,2.003574,2.021984,1.970170,2.038581,1.999114,2.023745,1.999064,1.998661,0.129220,1.644362,0.117994,0.884559,0.100174,0.074591,1.058155,0.091494,0.285606
11.000000,2.003780,2.023299,1.965821,2.038023,1.999149,2.022666,1.998959,1.998605,0.128222,1.629393,0.120741,0.861729,0.101674,0.074718,1.057088,0.090914,0.272806
11.016667,2.003958,2.024357,1.961242,2.037616,1.999220,2.021334,1.998864,1.998527,0.127577,1.618889,0.123569,0.836658,0.103059,0.074833,1.054382,0.091306,0.261512
11.033333,2.004120,2.025206,1.955297,2.037416,1.999352,2.019912,1.998775,1.998435,0.127723,1.611411,0.126290,0.813014,0.104357,0.074869,1.050678,0.092564,0.251277
11.050000,2.004288,2.025983,1.948388,2.037345,1.999547,2.018595,1.998697,1.998329,0.126924,1.605599,0.128710,0.795624,0.105485,0.074583,1.046403,0.091975,0.245126
11.066667,2.004456,2.026668,1.941463,2.037347,1.999826,2.017327,1.998626,1.998214,0.126732,1.600902,0.130912,0.780882,0.106699,0.074345,1.041782,0.092344,0.238498
11.083333,2.004631,2.027259,1.937559,2.037386,2.000095,2.016448,1.998562,1.998096,0.126070,1.596810,0.132480,0.772898,0.107598,0.074043,1.037021,0.091769,0.233173
11.100000,2.004808,2.027912,1.934797,2.037441,2.000385,2.015540,1.998506,1.997977,0.126190,1.593346,0.133915,0.764898,0.108428,0.073801,1.032253,0.092028,0.224517
11.116667,2.004985,2.028758,1.931592,2.037503,2.000698,2.014694,1.998462,1.997853,0.125999,1.590251,0.135251,0.758734,0.109134,0.073392,1.027637,0.092437,0.217128
11.133333,2.005157,2.029668,1.928725,2.037569,2.000969,2.013930,1.998425,1.997735,0.126054,1.587560,0.136132,0.760446,0.109535,0.072996,1.023268,0.093387,0.209091
11.150000,2.005322,2.030573,1.925480,2.037630,2.001146,2.013314,1.998396,1.997628,0.126115,1.585159,0.136936,0.759129,0.109604,0.072547,1.019243,0.094559,0.204471
11.166667,2.005469,2.031306,1.921095,2.037686,2.001382,2.012333,1.998372,1.997528,0.125803,1.583094,0.138341,0.756262,0.109714,0.072221,1.015623,0.094402,0.202754
11.183333,2.005599,2.031753,1.918291,2.037743,2.001600,2.011331,1.998353,1.997442,0.125265,1.581363,0.139670,0.753733,0.109775,0.071965,1.012513,0.093700,0.201757
11.200000,2.005708,2.032091,1.915645,2.037794,2.001772,2.010454,1.998338,1.997370,0.125006,1.579999,0.140573,0.753349,0.109789,0.071782,1.009975,0.093254,0.201187
11.216667,2.005797,2.032369,1.913107,2.037840,2.001914,2.009681,1.998326,1.997315,0.124938,1.578851,0.141204,0.754326,0.109790,0.071658,1.007894,0.092998,0.200794
11.233333,2.005886,2.032648,1.911359,2.037909,2.002038,2.009004,1.998317,1.997277,0.125009,1.577778,0.142037,0.752268,0.109806,0.071577,1.005824,0.093011,0.200134
11.250000,2.005967,2.032916,1.909977,2.037945,2.002115,2.008574,1.998310,1.997255,0.125152,1.577029,0.142540,0.751050,0.109815,0.071530,1.003897,0.093264,0.199431
11.266667,2.006010,2.033071,1.909224,2.037960,2.002156,2.008340,1.998306,1.997243,0.125240,1.576489,0.142811,0.750392,0.109820,0.071505,1.002860,0.093421,0.199020
11.283333,2.006033,2.033156,1.908841,2.037969,2.002178,2.008214,1.998304,1.997236,0.125290,1.576206,0.142957,0.750044,0.109821,0.071491,1.002301,0.093507,0.198791
11.300000,2.006046,2.033203,1.908651,2.037974,2.002190,2.008146,1.998302,1.997233,0.125319,1.576060,0.143034,0.749867,0.109822,0.071484,1.002000,0.093555,0.198663
11.316667,2.006052,2.033228,1.908558,2.037976,2.002196,2.008110,1.998302,1.997231,0.125336,1.575987,0.143075,0.749777,0.109821,0.071479,1.001838,0.093582,0.198594
11.333333,2.006056,2.033240,1.908511,2.037978,2.002199,2.008092,1.998301,1.997230,0.125346,1.575954,0.143095,0.749732,0.109821,0.071477,1.001751,0.093597,0.198557
11.350000,2.006058,2.033246,1.908484,2.037979,2.002200,2.008082,1.998301,1.997229,0.125351,1.575941,0.143106,0.749710,0.109820,0.071476,1.001705,0.093604,0.198542
11.366667,2.006058,2.033249,1.908469,2.037980,2.002201,2.008078,1.998302,1.997205,0.125353,1.575939,0.143111,0.749702,0.109820,0.071482,1.001680,0.093608,0.198536
11.383333,2.006053,2.033249,1.908462,2.037981,2.002202,2.008078,1.998305,1.997097,0.125355,1.575943,0.143116,0.749701,0.109825,0.071511,1.001663,0.093611,0.198535
11.400000,2.006047,2.033248,1.908459,2.037982,2.002203,2.008079,1.998308,1.996978,0.125356,1.575949,0.143119,0.749705,0.109830,0.071545,1.001652,0.093613,0.198535
11.416667,2.006040,2.033246,1.908459,2.037984,2.002068,2.008023,1.998312,1.996846,0.125357,1.575957,0.143223,0.750041,0.109846,0.071583,1.001643,0.093613,0.198536
11.433333,2.006122,2.033245,1.908488,2.037986,2.001676,2.007877,1.998315,1.996702,0.125307,1.575967,0.143551,0.751831,0.109887,0.071624,1.003288,0.093600,0.198840
11.450000,2.006450,2.033248,1.908604,2.037986,2.001243,2.007747,1.998317,1.996546,0.125100,1.575981,0.143789,0.754910,0.109981,0.071680,1.009263,0.093552,0.200044
11.466667,2.006883,2.033260,1.912603,2.037986,2.000886,2.007626,1.998321,1.996379,0.125210,1.575990,0.144004,0.757584,0.110070,0.071747,1.014689,0.093589,0.199058
11.483333,2.007379,2.033458,1.920320,2.037981,2.000557,2.007496,1.998325,1.996245,0.125125,1.575989,0.144237,0.760089,0.110095,0.071739,1.012149,0.093623,0.198014
11.500000,2.007769,2.033660,1.926919,2.037975,2.000268,2.007370,1.998327,1.996268,0.125307,1.575992,0.144592,0.762154,0.110790,0.072365,1.007968,0.094002,0.197262
11.516667,2.008069,2.033848,1.932360,2.037971,2.000025,2.007227,1.998331,1.996359,0.126192,1.576015,0.145106,0.763785,0.112508,0.074125,1.003378,0.094857,0.196982
11.533333,2.008330,2.034045,1.937306,2.037980,1.999842,2.007102,1.998339,1.996410,0.126621,1.576601,0.145619,0.764842,0.114390,0.076097,0.998512,0.094870,0.197251
11.550000,2.008563,2.034249,1.941851,2.037997,1.999722,2.007025,1.998349,1.996454,0.127031,1.577533,0.146216,0.765456,0.115522,0.076949,0.993574,0.094848,0.197664
11.566667,2.008843,2.034322,1.945813,2.038385,1.999521,2.006965,1.998373,1.996494,0.128122,1.585983,0.147455,0.765962,0.115641,0.075695,0.987168,0.094650,0.197696
11.583333,2.009293,2.034129,1.949311,2.038436,1.999286,2.006792,1.998409,1.996491,0.129158,1.597674,0.149002,0.765728,0.115977,0.074448,0.975629,0.094268,0.197288
11.600000,2.009618,2.034208,1.952778,2.038474,1.999108,2.006710,1.998378,1.996416,0.129803,1.609394,0.150179,0.765668,0.116157,0.073309,0.967062,0.093890,0.196695
11.616667,2.009910,2.034226,1.954814,2.038494,1.998952,2.006679,1.998335,1.996298,0.130323,1.619823,0.151198,0.765744,0.116260,0.072172,0.958301,0.093498,0.196182
11.633333,2.010294,2.034165,1.954893,2.038886,1.998799,2.006675,1.998303,1.996150,0.131351,1.632074,0.152327,0.765946,0.116153,0.070499,0.946359,0.093643,0.195656
11.650000,2.010648,2.034249,1.955955,2.039920,1.998646,2.006691,1.998288,1.995977,0.132496,1.651329,0.153625,0.766243,0.116019,0.068375,0.939216,0.094293,0.195073
11.666667,2.010913,2.034323,1.956612,2.041555,1.998497,2.006719,1.998358,1.995769,0.132017,1.677278,0.155063,0.766581,0.116258,0.066430,0.935028,0.092625,0.195152
11.683333,2.011086,2.034471,1.956387,2.043512,1.998346,2.006756,1.998465,1.995548,0.131316,1.708216,0.156529,0.766939,0.116771,0.064672,0.932828,0.090862,0.195963
11.700000,2.010780,2.034651,1.955773,2.046519,1.998223,2.006436,1.998632,1.995336,0.130382,1.750079,0.158088,0.764353,0.117557,0.063220,0.931977,0.089810,0.197940
11.716667,2.009976,2.034835,1.955154,2.049512,1.998235,2.005004,1.998875,1.995132,0.129247,1.784665,0.158802,0.764613,0.118509,0.062174,0.932023,0.088351,0.199654
11.733333,2.009240,2.035086,1.954955,2.052411,1.998301,2.003643,1.999178,1.994879,0.128176,1.813051,0.158679,0.765187,0.118834,0.062321,0.932256,0.086699,0.201298
11.750000,2.008455,2.035130,1.954919,2.055610,1.998387,2.003411,1.999416,1.994632,0.127438,1.836716,0.159956,0.783344,0.116805,0.062923,0.927204,0.085577,0.203942
11.766667,2.007916,2.035053,1.954909,2.058655,1.998482,2.003947,1.999596,1.994383,0.127382,1.856917,0.162494,0.795169,0.115109,0.063207,0.926532,0.085275,0.206532
11.783333,2.007484,2.034938,1.955019,2.059837,1.998567,2.005387,1.999726,1.994145,0.127133,1.869410,0.165411,0.783489,0.114154,0.063425,0.927615,0.084951,0.209747
11.800000,2.007183,2.034886,1.955347,2.059883,1.998560,2.008298,1.999816,1.993934,0.126308,1.875069,0.164574,0.786453,0.112489,0.063396,0.929916,0.084574,0.213964
11.816667,2.006829,2.034582,1.950404,2.059849,1.998508,2.011055,1.999877,1.993730,0.125904,1.877502,0.163837,0.787729,0.110860,0.062882,0.931785,0.084561,0.219513
11.833333,2.006529,2.034025,1.939150,2.059686,1.998409,2.013533,1.999923,1.993520,0.126170,1.878972,0.163561,0.791363,0.109479,0.061837,0.935861,0.084680,0.227671
11.850000,2.006294,2.033451,1.924230,2.059170,1.998286,2.015342,1.999948,1.993303,0.127412,1.882542,0.163491,0.794392,0.108588,0.060695,0.942090,0.086055,0.236937
11.866667,2.006090,2.032938,1.907287,2.058549,1.998151,2.016823,1.999959,1.993085,0.130829,1.887958,0.163550,0.797765,0.108110,0.059670,0.949482,0.090247,0.245800
11.883333,2.005934,2.032653,1.894073,2.057917,1.998002,2.018081,1.999965,1.992881,0.135638,1.894389,0.163753,0.800535,0.107927,0.058544,0.957446,0.095497,0.251707
11.900000,2.005816,2.032433,1.881219,2.057273,1.997847,2.019130,1.999971,1.992663,0.141588,1.901054,0.164077,0.801818,0.108012,0.057254,0.965711,0.100568,0.252250
11.916667,2.005744,2.032156,1.864481,2.056252,1.997673,2.020068,1.999981,1.992459,0.146028,1.907371,0.164611,0.802848,0.108568,0.056127,0.974457,0.100813,0.255410
11.933333,2.005635,2.032188,1.858084,2.055385,1.997508,2.020866,1.999992,1.992226,0.147733,1.913334,0.163634,0.806825,0.110017,0.055431,0.954453,0.100596,0.261549
11.950000,2.005189,2.032462,1.856388,2.054664,1.997425,2.020339,2.000096,1.991967,0.147931,1.918983,0.162364,0.799067,0.112110,0.055217,0.933956,0.100001,0.268727
11.966667,2.004734,2.032814,1.850992,2.054184,1.997380,2.019800,2.000160,1.991702,0.147853,1.922729,0.168421,0.790706,0.115376,0.054895,0.914687,0.099477,0.277195
11.983333,2.004429,2.033334,1.843031,2.054070,1.997272,2.019356,2.000260,1.991444,0.147862,1.924859,0.175487,0.760446,0.115666,0.054949,0.902761,0.098909,0.290320
12.000000,2.004433,2.034083,1.830635,2.054208,1.997119,2.019684,2.000315,1.991224,0.147783,1.926195,0.175773,0.758120,0.116241,0.054961,0.891754,0.098401,0.309312
12.016667,2.005491,2.034856,1.818957,2.054471,1.997010,2.020403,2.000279,1.991020,0.147704,1.927104,0.176052,0.765682,0.116572,0.055031,0.874599,0.097676,0.331873
12.033333,2.006568,2.035564,1.812229,2.054811,1.996920,2.021115,2.000229,1.990823,0.148414,1.927800,0.176203,0.774447,0.116573,0.055241,0.861403,0.097651,0.356544
12.050000,2.007545,2.036095,1.818345,2.055173,1.996831,2.021833,2.000171,1.990634,0.150840,1.928355,0.176436,0.784329,0.116636,0.055526,0.851096,0.097474,0.370392
12.066667,2.008430,2.036382,1.825036,2.055095,1.996734,2.022634,2.000111,1.990466,0.153520,1.927779,0.176854,0.796446,0.116802,0.056024,0.842638,0.097477,0.375977
12.083333,2.008892,2.036612,1.834084,2.054110,1.996621,2.023476,2.000055,1.990295,0.153421,1.925029,0.177433,0.809803,0.117187,0.056888,0.837470,0.097460,0.382388
12.100000,2.009090,2.036861,1.842556,2.053314,1.996498,2.024337,2.000003,1.990139,0.153323,1.922405,0.178123,0.824094,0.117750,0.057893,0.834743,0.097448,0.388753
12.116667,2.009142,2.037142,1.851117,2.052971,1.996371,2.025239,1.999951,1.990001,0.153236,1.919814,0.178979,0.839999,0.118533,0.059084,0.833228,0.097428,0.395666
12.133333,2.009138,2.037444,1.859628,2.052898,1.996248,2.026136,1.999899,1.989864,0.153164,1.917968,0.179910,0.856911,0.119435,0.060498,0.832366,0.097422,0.403054
12.150000,2.009099,2.037762,1.868154,2.052961,1.996128,2.026969,1.999845,1.989725,0.153126,1.916603,0.180746,0.873078,0.120347,0.062102,0.831892,0.097441,0.411064
12.166667,2.009046,2.038095,1.876583,2.053091,1.996010,2.027688,1.999791,1.989605,0.153115,1.915570,0.181061,0.883770,0.121183,0.063865,0.831664,0.097467,0.419624
12.183333,2.008993,2.038415,1.883972,2.053238,1.995898,2.028240,1.999740,1.989496,0.153121,1.914781,0.181009,0.890438,0.121946,0.065676,0.831588,0.097518,0.427653
12.200000,2.008942,2.038682,1.889594,2.053381,1.995795,2.028567,1.999700,1.989403,0.153122,1.914195,0.180864,0.893034,0.122504,0.066557,0.831648,0.097622,0.434095
12.216667,2.008879,2.038935,1.894672,2.053507,1.995714,2.028879,1.999674,1.989324,0.153147,1.913784,0.180950,0.900031,0.123115,0.066616,0.831787,0.097735,0.440229
12.233333,2.008807,2.039165,1.899063,2.053605,1.995642,2.029135,1.999658,1.989254,0.153176,1.913533,0.181461,0.906168,0.123410,0.066308,0.831971,0.097891,0.445795
12.250000,2.008743,2.039386,1.903166,2.053674,1.995590,2.029467,1.999650,1.989192,0.153221,1.913399,0.182130,0.916919,0.123290,0.066199,0.832159,0.098094,0.451243
12.266667,2.008691,2.039643,1.906100,2.053648,1.995545,2.029944,1.999596,1.989114,0.152831,1.913231,0.182948,0.933096,0.122839,0.066258,0.832447,0.098300,0.455404
12.283333,2.008639,2.039961,1.907812,2.053629,1.995503,2.030505,1.999503,1.989026,0.152014,1.913095,0.184218,0.952212,0.122170,0.066582,0.832874,0.098470,0.458805
12.300000,2.008576,2.040212,1.909601,2.053615,1.995464,2.031204,1.999390,1.988941,0.150811,1.912992,0.185279,0.976623,0.121384,0.067123,0.833436,0.098464,0.462606
12.316667,2.008514,2.040738,1.912207,2.053604,1.995454,2.032045,1.999265,1.988858,0.149180,1.912906,0.186514,1.005960,0.120546,0.068427,0.834115,0.098124,0.467867
12.333333,2.008471,2.041139,1.912291,2.053593,1.995491,2.032561,1.999115,1.988787,0.148523,1.912832,0.186417,1.022640,0.119355,0.070025,0.834875,0.098945,0.470160
12.350000,2.008452,2.041363,1.909710,2.053582,1.995512,2.033019,1.998964,1.988721,0.148891,1.912767,0.186124,1.037664,0.118044,0.071393,0.835670,0.100940,0.469152
12.366667,2.008459,2.041512,1.905112,2.053570,1.995531,2.033374,1.998819,1.988664,0.150248,1.912707,0.185760,1.047070,0.117200,0.071831,0.836554,0.103945,0.466176
12.383333,2.008480,2.041726,1.900351,2.053561,1.995550,2.033653,1.998679,1.988610,0.151413,1.912656,0.185455,1.052375,0.116837,0.071792,0.837516,0.106576,0.464572
12.400000,2.008500,2.042079,1.900056,2.053556,1.995573,2.033813,1.998543,1.988560,0.151168,1.912616,0.184650,1.056145,0.116213,0.072695,0.838387,0.107618,0.467232
12.416667,2.008519,2.042380,1.900477,2.053551,1.995582,2.033696,1.998428,1.988520,0.150672,1.912582,0.183229,1.053889,0.115500,0.074173,0.839040,0.108665,0.470407
12.433333,2.008548,2.042556,1.898987,2.053542,1.995574,2.033347,1.998338,1.988496,0.151291,1.912548,0.181488,1.046074,0.114749,0.075460,0.839638,0.111391,0.470316
12.450000,2.008576,2.042520,1.893269,2.053536,1.995561,2.032850,1.998260,1.988476,0.152956,1.912525,0.179584,1.034752,0.113969,0.076602,0.840181,0.114525,0.464200
12.466667,2.008592,2.042522,1.886737,2.053535,1.995548,2.032268,1.998189,1.988454,0.154155,1.912510,0.177627,1.021338,0.113299,0.077926,0.840563,0.115695,0.458911
12.483333,2.008607,2.042503,1.879447,2.053534,1.995534,2.031645,1.998124,1.988434,0.155801,1.912497,0.175696,1.007022,0.112659,0.079262,0.840906,0.117097,0.453315
12.500000,2.008818,2.042480,1.875232,2.053535,1.995521,2.031004,1.998065,1.988429,0.155736,1.912489,0.173838,0.992454,0.112108,0.080954,0.843522,0.118273,0.449459
12.516667,2.008952,2.042450,1.870929,2.053535,1.995508,2.030359,1.998011,1.988420,0.155674,1.912482,0.172090,0.978220,0.111595,0.082754,0.845266,0.119527,0.445573
12.533333,2.009046,2.042417,1.866591,2.053535,1.995535,2.029747,1.998027,1.988300,0.155542,1.912475,0.170571,0.966004,0.111048,0.084585,0.846360,0.120776,0.441737
12.550000,2.009736,2.042365,1.862222,2.053532,1.995716,2.029885,1.998158,1.988111,0.155283,1.912466,0.169400,0.973151,0.110673,0.086451,0.850705,0.121893,0.437647
12.566667,2.012649,2.042210,1.857649,2.053529,1.995971,2.030650,1.998319,1.988104,0.154647,1.912465,0.168315,0.993680,0.110550,0.087816,0.888550,0.123059,0.431490
12.583333,2.016195,2.041952,1.850587,2.053529,1.996280,2.031680,1.998495,1.988194,0.154307,1.912469,0.165777,1.019927,0.110647,0.089331,0.934719,0.125523,0.422146
12.600000,2.019670,2.041787,1.847036,2.053529,1.996582,2.032531,1.998667,1.988227,0.153390,1.912475,0.164168,1.038011,0.110651,0.090349,0.983173,0.127811,0.415733
12.616667,2.022979,2.041690,1.846402,2.053972,1.996765,2.033026,1.998785,1.988177,0.151991,1.913073,0.163315,1.048390,0.110764,0.091200,1.032841,0.127933,0.412983
12.633333,2.026759,2.041675,1.847494,2.053702,1.996888,2.033171,1.998850,1.988074,0.149790,1.909699,0.162787,1.053651,0.110971,0.092122,1.091774,0.127049,0.412515
12.650000,2.030850,2.041632,1.850152,2.051306,1.997054,2.033227,1.998822,1.987970,0.147362,1.893942,0.162502,1.056454,0.111211,0.092961,1.148701,0.126124,0.412252
12.666667,2.034894,2.041907,1.853564,2.048602,1.997168,2.033177,1.998787,1.988121,0.145350,1.873271,0.162305,1.057764,0.111477,0.093640,1.211857,0.125618,0.412407
12.683333,2.037893,2.042618,1.857801,2.045829,1.997145,2.033038,1.998746,1.988821,0.143299,1.848419,0.162145,1.058176,0.111765,0.094313,1.266322,0.125244,0.414226
12.700000,2.040108,2.043384,1.862656,2.043123,1.997073,2.032817,1.998674,1.989769,0.141180,1.819716,0.161987,1.058032,0.112069,0.094986,1.313633,0.124923,0.416889
12.716667,2.041824,2.044216,1.867982,2.040551,1.997010,2.032580,1.998604,1.990764,0.138896,1.787182,0.161847,1.057667,0.112389,0.095661,1.356804,0.124461,0.420193
12.733333,2.043396,2.043299,1.867194,2.038134,1.996939,2.032351,1.998538,1.991493,0.136823,1.750712,0.161731,1.057232,0.112732,0.096483,1.399365,0.124329,0.418691
12.750000,2.044841,2.042326,1.865960,2.035881,1.996861,2.032119,1.998470,1.992100,0.134825,1.710120,0.161724,1.056750,0.113345,0.097585,1.441687,0.123957,0.416743
12.766667,2.045805,2.041566,1.864363,2.033978,1.996780,2.031916,1.998408,1.992611,0.133647,1.663222,0.161717,1.056315,0.113827,0.098364,1.476773,0.123652,0.413771
12.783333,2.046301,2.040967,1.862426,2.032594,1.996699,2.031732,1.998349,1.993015,0.133219,1.619090,0.161665,1.055907,0.114090,0.098776,1.504448,0.123543,0.409269
12.800000,2.046498,2.040550,1.858608,2.031748,1.996614,2.031560,1.998291,1.993366,0.133871,1.577973,0.161732,1.055552,0.114158,0.098947,1.526310,0.123810,0.395516
12.816667,2.046418,2.040552,1.859171,2.030976,1.996529,2.031407,1.998240,1.993689,0.135406,1.524330,0.161754,1.055223,0.114203,0.099025,1.542490,0.124308,0.372614
12.833333,2.046205,2.040788,1.861233,2.030207,1.996447,2.031279,1.998208,1.993915,0.137434,1.464615,0.161746,1.054939,0.114232,0.099063,1.556310,0.124849,0.348122
12.850000,2.045919,2.041203,1.864338,2.029425,1.996398,2.031140,1.998197,1.994100,0.139759,1.405626,0.161873,1.052836,0.114272,0.099100,1.569046,0.125396,0.324470
12.866667,2.045590,2.041766,1.867927,2.028763,1.996375,2.030981,1.998202,1.994248,0.142379,1.365438,0.162159,1.048759,0.114331,0.099118,1.581231,0.125916,0.302844
12.883333,2.045219,2.042306,1.870594,2.028390,1.996327,2.030900,1.998164,1.994385,0.144774,1.340882,0.162337,1.046551,0.114371,0.099121,1.594250,0.126310,0.287394
12.900000,2.044630,2.042859,1.872576,2.028155,1.996300,2.030905,1.998088,1.994574,0.147112,1.324031,0.162482,1.045454,0.114397,0.099137,1.604480,0.126661,0.275686
12.916667,2.043544,2.043801,1.878453,2.027993,1.996369,2.031078,1.998017,1.994797,0.148626,1.311461,0.162946,1.045300,0.114288,0.099342,1.607358,0.127890,0.265900
12.933333,2.042263,2.045407,1.886800,2.027870,1.996433,2.031595,1.997960,1.995021,0.150189,1.301531,0.165914,1.051823,0.114016,0.098668,1.606518,0.129151,0.259497
12.950000,2.040923,2.045496,1.887692,2.027769,1.996547,2.032019,1.997901,1.995239,0.152110,1.293015,0.170229,1.058070,0.114405,0.097864,1.603771,0.130474,0.254950
12.966667,2.039581,2.045021,1.884646,2.027684,1.996785,2.032011,1.997843,1.995448,0.153613,1.285554,0.175250,1.051827,0.115785,0.097934,1.600075,0.131427,0.251492
12.983333,2.038308,2.044970,1.884484,2.027604,1.997057,2.031807,1.997796,1.995640,0.152752,1.278870,0.178160,1.053404,0.119401,0.099195,1.596132,0.130741,0.250338
13.000000,2.037129,2.044818,1.882852,2.027532,1.997326,2.031713,1.997758,1.995809,0.152048,1.272701,0.181678,1.056341,0.123189,0.100506,1.592280,0.130029,0.249053
13.016667,2.036062,2.044536,1.879740,2.027468,1.997677,2.031965,1.997718,1.995951,0.152113,1.267061,0.181823,1.076712,0.123268,0.102213,1.588731,0.129814,0.246336
13.033333,2.035112,2.044067,1.873407,2.027409,1.998044,2.032426,1.997684,1.996071,0.152541,1.261906,0.181558,1.103098,0.122929,0.104332,1.585524,0.129907,0.244440
13.050000,2.034567,2.043571,1.864789,2.027358,1.998150,2.033044,1.997651,1.996180,0.151722,1.257116,0.181895,1.132399,0.122562,0.106739,1.578772,0.129838,0.246168
13.066667,2.034337,2.043039,1.854095,2.027312,1.998150,2.033665,1.997634,1.996245,0.150307,1.252761,0.183066,1.158947,0.122545,0.109579,1.573034,0.129718,0.250020
13.083333,2.034267,2.042474,1.841510,2.027269,1.998183,2.034293,1.997632,1.996274,0.148707,1.248820,0.184491,1.184481,0.123118,0.112722,1.568140,0.129596,0.255172
13.100000,2.034254,2.041896,1.827474,2.027230,1.998287,2.034894,1.997653,1.996243,0.147127,1.245200,0.185898,1.209777,0.124221,0.115916,1.564143,0.129437,0.261021
13.116667,2.034303,2.041307,1.812641,2.027194,1.998400,2.035491,1.997687,1.996177,0.145857,1.241953,0.188467,1.233851,0.125400,0.119203,1.559164,0.129156,0.265615
13.133333,2.034451,2.040712,1.796864,2.027161,1.998558,2.036121,1.997726,1.996089,0.144987,1.239070,0.190903,1.261950,0.125511,0.121186,1.549763,0.128943,0.269343
13.150000,2.034573,2.040267,1.784356,2.027133,1.998757,2.036706,1.997766,1.995998,0.144617,1.236534,0.193293,1.290574,0.124252,0.121602,1.541714,0.128986,0.270805
13.166667,2.034668,2.040669,1.785177,2.027115,1.998998,2.037272,1.997765,1.995898,0.143860,1.234312,0.196052,1.315775,0.122870,0.122078,1.534720,0.129344,0.271570
13.183333,2.034755,2.040468,1.778941,2.027093,1.999206,2.037918,1.997749,1.995805,0.142663,1.232468,0.198366,1.343907,0.121075,0.122155,1.528890,0.129336,0.272778
13.200000,2.034819,2.040217,1.774319,2.027077,1.999521,2.038423,1.997736,1.995732,0.142464,1.230985,0.203226,1.363001,0.119347,0.122664,1.524234,0.129590,0.270608
13.216667,2.034862,2.040005,1.773441,2.027067,1.999870,2.038753,1.997732,1.995678,0.142280,1.229853,0.208577,1.374861,0.117719,0.123299,1.520750,0.130044,0.267764
13.233333,2.034887,2.039876,1.773760,2.027060,2.000260,2.039115,1.997735,1.995644,0.141851,1.229057,0.212845,1.389234,0.116164,0.123911,1.518478,0.130518,0.266024
13.250000,2.034896,2.039839,1.776504,2.027059,2.000583,2.039447,1.997742,1.995626,0.141453,1.228599,0.216190,1.405202,0.114547,0.124243,1.517199,0.131079,0.263950
13.266667,2.034897,2.040070,1.780947,2.027059,2.000666,2.039823,1.997753,1.995617,0.140946,1.228401,0.219369,1.423021,0.112997,0.124557,1.516478,0.131660,0.261648
13.283333,2.034892,2.039852,1.784135,2.027063,2.000599,2.039971,1.997762,1.995611,0.140869,1.228352,0.220731,1.440299,0.111460,0.124284,1.516061,0.132369,0.258725
13.300000,2.034882,2.039651,1.786016,2.027070,2.000500,2.039925,1.997769,1.995607,0.141349,1.228406,0.219763,1.454613,0.110449,0.123262,1.515806,0.133084,0.255497
13.316667,2.034872,2.039251,1.781292,2.027076,2.000386,2.039911,1.997774,1.995603,0.141737,1.228511,0.218057,1.469247,0.109930,0.122087,1.515643,0.133641,0.254181
13.333333,2.034867,2.038829,1.769247,2.027079,2.000230,2.039853,1.997774,1.995602,0.141902,1.228616,0.218582,1.482681,0.109602,0.121260,1.515541,0.133992,0.254722
13.350000,2.034861,2.038181,1.751267,2.027083,2.000073,2.039922,1.997773,1.995600,0.141941,1.228726,0.222684,1.495152,0.109841,0.121000,1.515467,0.134153,0.256103
13.366667,2.034855,2.037444,1.728492,2.027089,1.999927,2.040230,1.997773,1.995597,0.142555,1.228856,0.225583,1.512524,0.110570,0.120123,1.515408,0.134370,0.258221
13.383333,2.034844,2.037042,1.708891,2.027098,1.999755,2.040520,1.997771,1.995595,0.143196,1.228990,0.223451,1.535056,0.111732,0.118878,1.515363,0.135243,0.262013
13.400000,2.034836,2.036386,1.683744,2.027104,1.999557,2.040323,1.997765,1.995555,0.143159,1.229144,0.218859,1.556743,0.113255,0.118135,1.515313,0.135391,0.267159
13.416667,2.034823,2.035944,1.670971,2.027109,1.999333,2.040143,1.997768,1.995333,0.142771,1.229215,0.216708,1.584217,0.114502,0.117935,1.515275,0.134897,0.266773
13.433333,2.034814,2.036110,1.670791,2.027112,1.999180,2.040050,1.997767,1.995090,0.143004,1.229206,0.212988,1.593444,0.115487,0.117882,1.515273,0.134675,0.265955
13.450000,2.034809,2.036710,1.676434,2.027114,1.999053,2.039989,1.997762,1.994858,0.143205,1.229158,0.208520,1.594343,0.116349,0.117833,1.515290,0.134443,0.267306
13.466667,2.034804,2.037561,1.686668,2.027116,1.998911,2.039899,1.997758,1.994625,0.143479,1.229095,0.203263,1.595505,0.117465,0.117808,1.515313,0.134197,0.267973
13.483333,2.034800,2.038536,1.706274,2.027119,1.998752,2.039786,1.997754,1.994383,0.144592,1.229010,0.197726,1.596797,0.118513,0.117632,1.515345,0.134213,0.262698
13.500000,2.034794,2.039642,1.729855,2.027122,1.998581,2.039682,1.997754,1.994130,0.145915,1.228939,0.193170,1.598114,0.118794,0.116627,1.515372,0.134502,0.255608
13.516667,2.034787,2.040978,1.754851,2.027125,1.998401,2.039590,1.997756,1.993883,0.146923,1.228889,0.189490,1.599522,0.118828,0.115138,1.515392,0.134765,0.249667
13.533333,2.034778,2.042234,1.776897,2.027130,1.998209,2.039542,1.997762,1.993611,0.147710,1.228859,0.187512,1.600629,0.118757,0.114022,1.515402,0.135041,0.244405
13.550000,2.034768,2.042998,1.789978,2.027132,1.997967,2.039102,1.997774,1.993325,0.148221,1.228844,0.186839,1.592858,0.118896,0.113452,1.515407,0.135223,0.241477
13.566667,2.034758,2.043426,1.797095,2.027136,1.997671,2.038738,1.997788,1.993013,0.148618,1.228838,0.186572,1.583419,0.118948,0.113105,1.515408,0.135329,0.240053
13.583333,2.034746,2.043657,1.800862,2.027143,1.997368,2.038945,1.997780,1.992699,0.148924,1.228840,0.186428,1.577702,0.118872,0.112860,1.515407,0.135372,0.239408
13.600000,2.034732,2.043788,1.802929,2.027152,1.997114,2.039246,1.997670,1.992379,0.149234,1.228842,0.186253,1.572203,0.118659,0.112660,1.515403,0.135399,0.239433
13.616667,2.034718,2.043888,1.804668,2.027161,1.996976,2.039929,1.997565,1.992054,0.149437,1.228844,0.186232,1.569143,0.118419,0.112522,1.515397,0.135419,0.239626
13.633333,2.034705,2.043977,1.806691,2.027366,1.996888,2.041043,1.997467,1.991746,0.149678,1.232854,0.186449,1.568328,0.118283,0.112449,1.515396,0.135453,0.238855
13.650000,2.034699,2.044178,1.812457,2.028222,1.996837,2.042481,1.997372,1.991403,0.150717,1.257027,0.186791,1.568787,0.118213,0.112438,1.515425,0.135675,0.233472
13.666667,2.034697,2.044611,1.816620,2.029282,1.996817,2.043632,1.997449,1.990966,0.151390,1.286795,0.187492,1.559661,0.118234,0.112440,1.515458,0.135816,0.229648
13.683333,2.035413,2.045324,1.820139,2.030437,1.996799,2.044569,1.997631,1.990037,0.151108,1.318206,0.188504,1.546930,0.118345,0.112590,1.525796,0.135877,0.228727
13.700000,2.037815,2.046025,1.823951,2.030738,1.996801,2.045954,1.997790,1.988702,0.150362,1.344261,0.190137,1.540360,0.118492,0.112470,1.556220,0.135318,0.229403
13.716667,2.040008,2.046934,1.829535,2.030674,1.996803,2.047388,1.997935,1.987309,0.149822,1.374771,0.191605,1.535548,0.118655,0.112612,1.573694,0.135384,0.228946
13.733333,2.039986,2.048005,1.836601,2.031069,1.996812,2.048953,1.998050,1.986272,0.148744,1.425804,0.193485,1.530819,0.119005,0.112904,1.550372,0.135268,0.228866
13.750000,2.038764,2.049147,1.844255,2.032293,1.996849,2.050804,1.998152,1.985512,0.146975,1.499830,0.195933,1.526455,0.119592,0.113122,1.511543,0.134559,0.229895
13.766667,2.037247,2.050182,1.850669,2.033340,1.996889,2.052707,1.998245,1.984971,0.145683,1.557052,0.197935,1.522065,0.120067,0.113340,1.468848,0.134590,0.230898
13.783333,2.035334,2.050947,1.854326,2.033899,1.996950,2.054802,1.998336,1.984569,0.144952,1.586341,0.199489,1.517742,0.120393,0.113479,1.416472,0.134637,0.231819
13.800000,2.033328,2.051558,1.856491,2.034280,1.996997,2.056726,1.998429,1.984235,0.144557,1.601787,0.200739,1.512946,0.120633,0.113582,1.359393,0.134693,0.232499
13.816667,2.031259,2.052078,1.857845,2.034600,1.996988,2.055019,1.998480,1.983904,0.144365,1.610158,0.202594,1.475720,0.120999,0.113693,1.296854,0.134736,0.232950
13.833333,2.029366,2.051491,1.849860,2.034897,1.996950,2.052293,1.998488,1.983579,0.144641,1.614823,0.204633,1.427643,0.121385,0.113802,1.235522,0.134834,0.233281
13.850000,2.027476,2.050042,1.831892,2.035182,1.996932,2.049781,1.998475,1.983293,0.145474,1.617512,0.206699,1.378980,0.121760,0.113924,1.170893,0.135066,0.232641
13.866667,2.025644,2.048349,1.808415,2.035598,1.996920,2.047692,1.998451,1.983057,0.146979,1.622792,0.207462,1.336987,0.122335,0.113991,1.105666,0.135589,0.231154
13.883333,2.024006,2.046553,1.781598,2.036389,1.996849,2.045302,1.998476,1.982827,0.150168,1.636862,0.207357,1.297793,0.123076,0.113464,1.042493,0.136259,0.228705
13.900000,2.022731,2.044822,1.751689,2.037162,1.996768,2.043041,1.998536,1.982481,0.153657,1.650051,0.210280,1.256069,0.123225,0.112687,0.987556,0.137423,0.228669
13.916667,2.021266,2.043729,1.729961,2.037883,1.996684,2.042123,1.998563,1.982239,0.155021,1.661076,0.208732,1.249414,0.122721,0.113235,0.933063,0.139741,0.230588
13.933333,2.019776,2.043248,1.705914,2.038530,1.996594,2.041169,1.998549,1.981979,0.155455,1.669894,0.207170,1.241154,0.122598,0.114538,0.882092,0.142645,0.234961
13.950000,2.018054,2.042994,1.674276,2.039023,1.996514,2.040009,1.998514,1.981675,0.155442,1.675224,0.205290,1.227066,0.123072,0.116337,0.828407,0.145747,0.241674
13.966667,2.016861,2.042916,1.638709,2.039407,1.996429,2.038820,1.998466,1.981353,0.154832,1.678231,0.203104,1.212293,0.123866,0.118963,0.794212,0.148345,0.250992
13.983333,2.016117,2.042847,1.604703,2.039719,1.996346,2.037580,1.998416,1.981011,0.155897,1.679991,0.200887,1.196171,0.125102,0.119274,0.774315,0.148153,0.261608
14.000000,2.015565,2.042741,1.589590,2.040002,1.996265,2.036399,1.998363,1.980662,0.158657,1.681079,0.198962,1.182189,0.126372,0.120171,0.761845,0.147946,0.264848
14.016667,2.015138,2.042245,1.580166,2.040262,1.996193,2.035422,1.998304,1.980307,0.162164,1.681800,0.196878,1.175408,0.126807,0.122039,0.753757,0.152122,0.263174
14.033333,2.014788,2.041576,1.568792,2.040494,1.996136,2.034241,1.998248,1.980014,0.165780,1.682306,0.194351,1.162503,0.127979,0.122913,0.748061,0.154058,0.261845
14.050000,2.014470,2.040855,1.579051,2.040701,1.996074,2.033444,1.998195,1.979703,0.165126,1.682714,0.193538,1.161939,0.130285,0.122402,0.743643,0.151464,0.264090
14.066667,2.014203,2.040140,1.589832,2.040910,1.996021,2.032546,1.998143,1.979396,0.164370,1.683077,0.192526,1.158458,0.133095,0.122583,0.740219,0.148958,0.266630
14.083333,2.013939,2.039722,1.601556,2.041102,1.995978,2.031587,1.998094,1.979118,0.163484,1.683389,0.191440,1.153676,0.135896,0.123432,0.737366,0.146794,0.269037
14.100000,2.013701,2.039127,1.605134,2.041281,1.995925,2.031081,1.998051,1.978866,0.162241,1.683666,0.191092,1.154924,0.138906,0.125060,0.735013,0.144746,0.270138
14.116667,2.013483,2.039138,1.605632,2.041480,1.995856,2.030866,1.998015,1.978634,0.160613,1.681945,0.191504,1.162914,0.142240,0.127084,0.733016,0.142411,0.270268
14.133333,2.013281,2.039159,1.606380,2.041674,1.995792,2.030703,1.997982,1.978417,0.158613,1.679267,0.192086,1.172190,0.145369,0.129476,0.731349,0.140141,0.270340
14.150000,2.013106,2.039197,1.607473,2.041862,1.995729,2.030598,1.997953,1.978224,0.156314,1.676828,0.192774,1.182084,0.148429,0.132184,0.730000,0.137882,0.270574
14.166667,2.012954,2.039304,1.610539,2.042011,1.995670,2.030536,1.997928,1.978056,0.153466,1.674314,0.193582,1.192995,0.151563,0.135339,0.728950,0.135409,0.271469
14.183333,2.012816,2.039471,1.615346,2.042126,1.995623,2.030513,1.997907,1.977907,0.150437,1.672004,0.194769,1.207921,0.152846,0.137602,0.728114,0.133528,0.272944
14.200000,2.012702,2.039654,1.618948,2.042216,1.995596,2.030411,1.997889,1.977766,0.148798,1.670054,0.196032,1.223187,0.152955,0.138482,0.727577,0.132811,0.274293
14.216667,2.012610,2.040065,1.629296,2.042293,1.995580,2.030305,1.997872,1.977643,0.148194,1.668663,0.196985,1.236995,0.152609,0.138559,0.727293,0.132513,0.273170
14.233333,2.012535,2.040194,1.635976,2.042354,1.995569,2.030233,1.997861,1.977538,0.147558,1.667813,0.197978,1.246810,0.152670,0.138903,0.727158,0.132369,0.270218
14.250000,2.012478,2.040050,1.633210,2.042397,1.995563,2.030193,1.997854,1.977449,0.146968,1.667356,0.198906,1.255073,0.152880,0.139425,0.727211,0.132213,0.268088
14.266667,2.012436,2.039967,1.631868,2.042423,1.995563,2.030203,1.997851,1.977378,0.146268,1.667111,0.199841,1.263659,0.152946,0.139794,0.727360,0.131894,0.267097
14.283333,2.012406,2.039953,1.632268,2.042437,1.995564,2.030245,1.997851,1.977325,0.145776,1.666973,0.200803,1.272196,0.152855,0.139782,0.727546,0.131549,0.266493
14.300000,2.012386,2.039794,1.628386,2.042443,1.995566,2.030326,1.997852,1.977293,0.145686,1.666895,0.201904,1.281525,0.152680,0.139438,0.727746,0.131321,0.265384
14.316667,2.012376,2.039627,1.624559,2.042445,1.995566,2.030452,1.997853,1.977273,0.145841,1.666848,0.203147,1.291821,0.152398,0.138815,0.727940,0.131163,0.263794
14.333333,2.012373,2.039501,1.622295,2.042446,1.995564,2.030617,1.997855,1.977262,0.146125,1.666820,0.204495,1.302068,0.152062,0.138014,0.728132,0.131080,0.261914
14.350000,2.012374,2.039317,1.617607,2.042445,1.995556,2.030821,1.997857,1.977257,0.146182,1.666799,0.205681,1.311341,0.151845,0.137597,0.728315,0.130951,0.260715
14.366667,2.012377,2.039215,1.614936,2.042443,1.995541,2.031064,1.997860,1.977256,0.146060,1.666783,0.206580,1.317895,0.151809,0.137555,0.728473,0.130875,0.259418
14.383333,2.012381,2.039088,1.612745,2.042440,1.995515,2.031394,1.997863,1.977257,0.146022,1.666770,0.207287,1.324731,0.151839,0.137671,0.728631,0.130983,0.257415
14.400000,2.012383,2.038958,1.611326,2.042441,1.995483,2.031927,1.997864,1.977256,0.146624,1.666764,0.208451,1.335979,0.151495,0.137005,0.728799,0.131749,0.253970
14.416667,2.012384,2.038916,1.611986,2.042442,1.995461,2.032357,1.997866,1.977254,0.147367,1.666764,0.210002,1.345557,0.150862,0.135623,0.728932,0.133067,0.251663
14.433333,2.012384,2.039166,1.621759,2.042443,1.995436,2.032842,1.997868,1.977253,0.146989,1.666762,0.211232,1.354990,0.150386,0.134799,0.728957,0.134299,0.251683
14.450000,2.012384,2.039382,1.631221,2.042444,1.995403,2.033360,1.997860,1.977246,0.146512,1.666758,0.211369,1.361401,0.150993,0.135643,0.729060,0.135457,0.252089
14.466667,2.012388,2.039546,1.639516,2.042446,1.995338,2.033988,1.997848,1.977236,0.145649,1.666753,0.210518,1.370476,0.151419,0.137068,0.729263,0.137125,0.251911
14.483333,2.012391,2.039661,1.645173,2.042447,1.995268,2.034847,1.997837,1.977231,0.145245,1.666749,0.207998,1.388968,0.151031,0.138275,0.729414,0.138719,0.252008
14.500000,2.012394,2.039728,1.648375,2.042449,1.995197,2.035721,1.997825,1.977228,0.145082,1.666748,0.203306,1.412211,0.151478,0.140018,0.729500,0.139914,0.252110
14.516667,2.012396,2.039786,1.650227,2.042451,1.995129,2.036529,1.997812,1.977224,0.145012,1.666749,0.198756,1.434160,0.152299,0.141630,0.729549,0.140532,0.253115
14.533333,2.012925,2.040101,1.660743,2.042453,1.995119,2.037685,1.997784,1.977233,0.145454,1.666755,0.195563,1.462675,0.152332,0.142119,0.744182,0.140414,0.251175
14.550000,2.013919,2.040530,1.676590,2.042454,1.995361,2.039010,1.997744,1.977067,0.147104,1.666763,0.193961,1.481714,0.151990,0.142205,0.771174,0.140576,0.242872
14.566667,2.014847,2.040953,1.691574,2.042451,1.995729,2.040489,1.997706,1.977718,0.148986,1.666768,0.193309,1.492929,0.151760,0.142223,0.797842,0.140761,0.234747
14.583333,2.015655,2.041316,1.703838,2.042446,1.996110,2.041954,1.997738,1.978685,0.150696,1.666770,0.193125,1.499634,0.151595,0.142206,0.820490,0.140934,0.228380
14.600000,2.016559,2.041685,1.714812,2.042442,1.996374,2.042960,1.997787,1.979676,0.151763,1.666772,0.193050,1.503467,0.151480,0.142285,0.844036,0.141395,0.223583
14.616667,2.018093,2.042057,1.722764,2.042439,1.996600,2.043837,1.997850,1.980393,0.151537,1.666776,0.194291,1.506206,0.151301,0.141792,0.881507,0.141944,0.222243
14.633333,2.020485,2.042947,1.732771,2.042440,1.996811,2.044660,1.997934,1.981027,0.151493,1.666790,0.195759,1.508990,0.151129,0.141208,0.936069,0.142470,0.220229
14.650000,2.023065,2.044000,1.743303,2.042444,1.996998,2.045381,1.998052,1.982596,0.151642,1.666809,0.197331,1.511559,0.150977,0.140596,0.987381,0.143157,0.218104
14.666667,2.025489,2.045093,1.753751,2.042448,1.997163,2.045973,1.998103,1.984598,0.151991,1.666829,0.198985,1.513718,0.150834,0.139954,1.035059,0.143860,0.215961
14.683333,2.027980,2.046289,1.764703,2.042708,1.997309,2.046439,1.998073,1.986774,0.152473,1.667446,0.200666,1.515568,0.150696,0.139308,1.090553,0.144615,0.213543
14.700000,2.030316,2.047639,1.776273,2.043014,1.997436,2.046793,1.997986,1.988754,0.152518,1.668170,0.202441,1.517222,0.150562,0.138848,1.149541,0.145109,0.211430
14.716667,2.032961,2.049111,1.787742,2.042718,1.997592,2.046544,1.997894,1.990035,0.151355,1.661077,0.205180,1.510489,0.150435,0.138817,1.219847,0.144915,0.209970
14.733333,2.036752,2.050576,1.798459,2.040926,1.997710,2.046095,1.997799,1.990855,0.150048,1.629115,0.208567,1.503065,0.150115,0.138946,1.315296,0.144886,0.207563
14.750000,2.039833,2.052095,1.808711,2.038834,1.997808,2.045509,1.997726,1.991393,0.149072,1.586306,0.211392,1.495146,0.149848,0.139206,1.399473,0.145529,0.205090
14.766667,2.042276,2.053646,1.818680,2.036657,1.997900,2.044946,1.997668,1.991765,0.148218,1.535149,0.213881,1.487461,0.149681,0.139468,1.469516,0.146349,0.203190
14.783333,2.045173,2.055194,1.828469,2.034513,1.998030,2.045317,1.997613,1.992038,0.147238,1.477212,0.214049,1.502077,0.149220,0.139581,1.532595,0.146563,0.203110
14.800000,2.048825,2.054148,1.821135,2.032450,1.998258,2.046363,1.997584,1.992230,0.147296,1.413541,0.211337,1.533055,0.148642,0.139749,1.593778,0.146924,0.203368
14.816667,2.049882,2.052657,1.807057,2.030673,1.998508,2.045957,1.997502,1.992680,0.147769,1.347745,0.208450,1.552072,0.148323,0.140076,1.634717,0.147382,0.203935
14.833333,2.050834,2.050939,1.788710,2.030127,1.998634,2.045175,1.997400,1.993261,0.148222,1.300627,0.207564,1.562869,0.147800,0.139915,1.677371,0.147596,0.204684
14.850000,2.051266,2.049005,1.766241,2.029738,1.998789,2.043752,1.997317,1.993731,0.148930,1.258506,0.207297,1.560698,0.147411,0.139582,1.709018,0.147657,0.205872
14.866667,2.050721,2.046808,1.737863,2.028614,1.998950,2.042018,1.997240,1.994130,0.149937,1.202136,0.206969,1.549666,0.147337,0.139475,1.723143,0.147801,0.207141
14.883333,2.049577,2.044655,1.705322,2.027355,1.999088,2.040270,1.997154,1.994500,0.151017,1.137630,0.206824,1.534848,0.147456,0.139533,1.727725,0.147988,0.208420
14.900000,2.048133,2.043189,1.672248,2.026311,1.999229,2.038836,1.997057,1.994847,0.152054,1.088633,0.205672,1.526054,0.147535,0.139680,1.727389,0.148214,0.210247
14.916667,2.046560,2.042376,1.644492,2.025677,1.999231,2.038227,1.996961,1.995174,0.153159,1.059628,0.202616,1.532250,0.147475,0.139888,1.724552,0.148502,0.212282
14.933333,2.044948,2.041757,1.620765,2.025285,1.999141,2.037601,1.996907,1.995475,0.154155,1.040915,0.199171,1.532161,0.147813,0.140571,1.720518,0.148868,0.214226
14.950000,2.043927,2.041332,1.605683,2.025017,1.999035,2.036875,1.996889,1.995704,0.155532,1.027814,0.195422,1.528792,0.148126,0.141403,1.721885,0.149349,0.215101
14.966667,2.043733,2.041095,1.595291,2.024815,1.998934,2.036303,1.996923,1.995785,0.157236,1.017736,0.192493,1.524380,0.147470,0.142235,1.728071,0.149932,0.215439
14.983333,2.043938,2.041064,1.587673,2.024650,1.998841,2.036509,1.996970,1.995820,0.158339,1.009710,0.190132,1.530407,0.145760,0.143009,1.735636,0.150564,0.216998
15.000000,2.044176,2.041350,1.588233,2.024507,1.998759,2.036940,1.997027,1.995832,0.159642,1.002898,0.189460,1.536630,0.143731,0.143312,1.740196,0.151204,0.217597
15.016667,2.044410,2.042284,1.605662,2.024380,1.998704,2.037098,1.997087,1.995828,0.161308,0.997092,0.189208,1.532354,0.142263,0.144175,1.742837,0.152280,0.214209
15.033333,2.044638,2.043525,1.629156,2.024264,1.998658,2.036461,1.997150,1.995815,0.163114,0.991818,0.189327,1.510835,0.141207,0.145502,1.744452,0.153852,0.209968
15.050000,2.044858,2.044309,1.643831,2.024150,1.998628,2.035473,1.997216,1.995797,0.163085,0.986953,0.189615,1.489894,0.140558,0.145984,1.745473,0.154755,0.209564
15.066667,2.044199,2.043862,1.642817,2.024043,1.998676,2.034921,1.997267,1.995862,0.163159,0.982668,0.188480,1.480921,0.141164,0.147552,1.744818,0.155282,0.209491
15.083333,2.043606,2.042827,1.635057,2.023945,1.998725,2.034822,1.997313,1.995915,0.163516,0.978841,0.184977,1.478689,0.140999,0.148775,1.743929,0.156559,0.210967
15.100000,2.043280,2.041296,1.612881,2.023855,1.998810,2.034709,1.997359,1.995961,0.164170,0.975405,0.180817,1.476725,0.140787,0.150783,1.740617,0.158638,0.212623
15.116667,2.043165,2.039487,1.577921,2.023773,1.998934,2.034538,1.997409,1.995981,0.165035,0.972359,0.177164,1.471305,0.140269,0.153358,1.737668,0.161439,0.214267
15.133333,2.043137,2.037602,1.533772,2.023699,1.999100,2.034273,1.997464,1.995972,0.165524,0.969702,0.174736,1.459772,0.139100,0.156500,1.735138,0.164918,0.216095
15.150000,2.043126,2.036597,1.509389,2.023629,1.999319,2.033947,1.997518,1.995930,0.165369,0.967374,0.172427,1.445886,0.140326,0.158055,1.733111,0.165472,0.219886
15.166667,2.043129,2.035647,1.489160,2.023565,1.999592,2.033586,1.997568,1.995874,0.164586,0.965336,0.170896,1.429443,0.140835,0.157955,1.731188,0.165293,0.225716
15.183333,2.043147,2.035209,1.480724,2.023509,1.999952,2.033601,1.997612,1.995811,0.164628,0.963645,0.169202,1.428207,0.141207,0.157934,1.727008,0.165261,0.227891
15.200000,2.043164,2.034875,1.468173,2.023460,2.000373,2.033700,1.997648,1.995755,0.165649,0.962268,0.168422,1.427467,0.141457,0.157916,1.723735,0.165393,0.227048
15.216667,2.043177,2.034396,1.449928,2.023422,2.000742,2.033787,1.997669,1.995710,0.167059,0.961215,0.167926,1.426018,0.141601,0.157879,1.721309,0.165579,0.225873
15.233333,2.043184,2.034196,1.442247,2.023394,2.000857,2.033919,1.997672,1.995672,0.167476,0.960489,0.168131,1.427461,0.141438,0.157837,1.719783,0.165640,0.225185
15.250000,2.043189,2.034169,1.441276,2.023378,2.000825,2.033955,1.997675,1.995652,0.167426,0.960058,0.169055,1.426666,0.140971,0.157669,1.718958,0.165574,0.224946
15.266667,2.043193,2.034175,1.441464,2.023369,2.000740,2.033906,1.997677,1.995641,0.167378,0.959830,0.169572,1.425758,0.140672,0.157528,1.718524,0.165508,0.224902
15.283333,2.043196,2.034181,1.441670,2.023364,2.000648,2.033871,1.997679,1.995636,0.167347,0.959710,0.169638,1.427476,0.140507,0.157438,1.718291,0.165465,0.224874
15.300000,2.043198,2.034172,1.441314,2.023361,2.000567,2.033900,1.997681,1.995633,0.167314,0.959648,0.169821,1.431493,0.140225,0.157330,1.718167,0.165420,0.224750
15.316667,2.043200,2.034150,1.440541,2.023359,2.000492,2.033981,1.997683,1.995631,0.167278,0.959616,0.170169,1.437098,0.139823,0.157197,1.718102,0.165368,0.224555
15.333333,2.043202,2.034200,1.442554,2.023357,2.000415,2.034081,1.997684,1.995630,0.167124,0.959591,0.170229,1.443952,0.139440,0.157036,1.718083,0.165276,0.224668
15.350000,2.043204,2.034560,1.454736,2.023356,2.000343,2.034238,1.997685,1.995629,0.166260,0.959572,0.169693,1.454202,0.139246,0.156925,1.718084,0.165086,0.225501
15.366667,2.043205,2.034927,1.466447,2.023356,2.000292,2.034521,1.997686,1.995629,0.165451,0.959564,0.168541,1.470226,0.139107,0.156854,1.718085,0.164928,0.226389
15.383333,2.043206,2.035347,1.478892,2.023355,2.000238,2.034869,1.997687,1.995628,0.164598,0.959561,0.167195,1.488860,0.138967,0.156785,1.718084,0.164764,0.227393
15.400000,2.043205,2.035874,1.495228,2.023355,2.000124,2.035253,1.997689,1.995590,0.163772,0.959561,0.166912,1.501689,0.138462,0.156641,1.718078,0.164585,0.228037
15.416667,2.043199,2.036486,1.515077,2.023354,1.999933,2.035626,1.997690,1.995396,0.163305,0.959556,0.167858,1.510047,0.137152,0.156367,1.718073,0.164443,0.227939
15.433333,2.043195,2.037244,1.541074,2.023354,1.999711,2.035997,1.997688,1.995187,0.163706,0.959537,0.168194,1.519102,0.135888,0.156140,1.718089,0.164449,0.225802
15.450000,2.043190,2.038058,1.571241,2.023354,1.999587,2.036313,1.997685,1.994970,0.164695,0.959512,0.167802,1.527548,0.135189,0.156044,1.718124,0.164567,0.221907
15.466667,2.043182,2.038934,1.602570,2.023355,1.999462,2.036672,1.997681,1.994727,0.165512,0.959491,0.168978,1.537561,0.134176,0.155649,1.718158,0.164608,0.218322
15.483333,2.043173,2.039852,1.630301,2.023357,1.999289,2.037062,1.997677,1.994479,0.165158,0.959479,0.172071,1.550001,0.132211,0.154329,1.718177,0.164345,0.217702
15.500000,2.043166,2.040467,1.646756,2.023359,1.999107,2.037316,1.997675,1.994222,0.165005,0.959464,0.175179,1.560621,0.129992,0.152636,1.718199,0.164068,0.218767
15.516667,2.043156,2.040925,1.657353,2.023362,1.998927,2.037487,1.997682,1.993953,0.164930,0.959456,0.179165,1.566856,0.127705,0.149952,1.718218,0.163639,0.220812
15.533333,2.043146,2.041185,1.663168,2.023365,1.998738,2.037689,1.997690,1.993674,0.164879,0.959455,0.180533,1.574786,0.126569,0.148371,1.718225,0.163365,0.222102
15.550000,2.043135,2.041325,1.666290,2.023368,1.998535,2.037936,1.997703,1.993385,0.164836,0.959456,0.181324,1.579227,0.125985,0.147519,1.718223,0.163203,0.222826
15.566667,2.043125,2.041401,1.667972,2.023370,1.998301,2.037849,1.997720,1.993089,0.164799,0.959459,0.181323,1.577098,0.126011,0.147121,1.718218,0.163113,0.223238
15.583333,2.043113,2.041443,1.668877,2.023374,1.998075,2.037733,1.997718,1.992784,0.164767,0.959465,0.180990,1.571521,0.126320,0.146950,1.718210,0.163055,0.223487
15.600000,2.043099,2.041467,1.669368,2.023381,1.997880,2.038050,1.997599,1.992467,0.164738,0.959474,0.180629,1.565720,0.126671,0.146881,1.718197,0.163014,0.223646
15.616667,2.043084,2.041480,1.669638,2.023390,1.997678,2.038510,1.997484,1.992140,0.164712,0.959486,0.180418,1.559750,0.127004,0.146858,1.718183,0.162980,0.223754
15.633333,2.043328,2.041577,1.669905,2.023400,1.997540,2.039293,1.997383,1.991809,0.164519,0.959501,0.180311,1.554835,0.127315,0.146940,1.720205,0.162807,0.223983
15.650000,2.044970,2.042194,1.671035,2.023404,1.997485,2.040080,1.997288,1.991492,0.163530,0.959536,0.180161,1.549826,0.127910,0.146675,1.733212,0.161527,0.225950
15.666667,2.046840,2.042852,1.673081,2.023735,1.997471,2.041394,1.997257,1.990971,0.162286,0.971074,0.180693,1.549894,0.128131,0.146271,1.748578,0.160144,0.228656
15.683333,2.047212,2.043442,1.674305,2.024364,1.997434,2.042683,1.997255,1.990208,0.161957,0.992586,0.180726,1.554058,0.127633,0.146216,1.742887,0.160050,0.230676
15.700000,2.046191,2.043966,1.674679,2.024687,1.997413,2.044288,1.997291,1.989170,0.161805,1.004707,0.180962,1.557618,0.127352,0.146234,1.720243,0.160041,0.231975
15.716667,2.044759,2.044417,1.673705,2.024427,1.997429,2.045918,1.997461,1.987905,0.161823,1.007495,0.181545,1.555121,0.127240,0.146253,1.692263,0.160078,0.233015
15.733333,2.043972,2.044828,1.671805,2.024090,1.997452,2.047741,1.997613,1.986476,0.161580,1.018096,0.182199,1.552944,0.127202,0.146250,1.666618,0.160078,0.234387
15.750000,2.043111,2.045227,1.669810,2.023736,1.997464,2.049495,1.997723,1.985409,0.161246,1.041678,0.182893,1.549796,0.127232,0.146298,1.637345,0.160504,0.235864
15.766667,2.041505,2.045609,1.668365,2.023258,1.997485,2.051248,1.997808,1.984623,0.161096,1.067955,0.183626,1.546064,0.127287,0.146332,1.598098,0.160782,0.236938
15.783333,2.041018,2.046013,1.667642,2.022928,1.997509,2.052430,1.997764,1.984025,0.161034,1.086081,0.184539,1.537054,0.127408,0.146318,1.568822,0.160913,0.237761
15.800000,2.040977,2.046420,1.667441,2.022709,1.997540,2.053643,1.997637,1.983500,0.161115,1.096050,0.185463,1.528502,0.127527,0.146293,1.537025,0.161080,0.238258
15.816667,2.039901,2.046837,1.667542,2.022577,1.997579,2.054875,1.997617,1.983018,0.161046,1.101579,0.186381,1.516223,0.127676,0.146391,1.494780,0.161062,0.238676
15.833333,2.038275,2.047252,1.667783,2.022497,1.997602,2.055984,1.997658,1.982612,0.161048,1.104731,0.187271,1.504187,0.127821,0.146460,1.444855,0.161089,0.238959
15.850000,2.036412,2.047649,1.668084,2.022446,1.997614,2.057033,1.997728,1.982258,0.161093,1.106596,0.188123,1.494333,0.127957,0.146511,1.389454,0.161146,0.239166
15.866667,2.034643,2.048057,1.668333,2.022509,1.997580,2.057352,1.997816,1.981929,0.161285,1.111790,0.188806,1.484342,0.128073,0.146556,1.335196,0.161236,0.238942
15.883333,2.032748,2.048421,1.668295,2.022883,1.997524,2.057009,1.997911,1.981618,0.161828,1.127906,0.189480,1.470021,0.128201,0.146610,1.275850,0.161399,0.237701
15.900000,2.031440,2.047743,1.655636,2.023249,1.997471,2.055307,1.997959,1.981492,0.162520,1.142755,0.190503,1.439639,0.128428,0.146676,1.226733,0.161593,0.237395
15.916667,2.029996,2.046118,1.626211,2.023570,1.997381,2.053367,1.998074,1.981361,0.163453,1.155535,0.186968,1.416525,0.129876,0.147533,1.166686,0.162223,0.238521
15.933333,2.028389,2.044268,1.589893,2.023757,1.997290,2.050634,1.998197,1.981142,0.165433,1.163048,0.185200,1.381502,0.130854,0.147017,1.104151,0.162676,0.241199
15.950000,2.026609,2.042922,1.559236,2.023854,1.997194,2.047586,1.998297,1.980972,0.166946,1.167236,0.183934,1.339100,0.132059,0.146413,1.045009,0.163270,0.244289
15.966667,2.024995,2.042554,1.549774,2.023900,1.997096,2.044553,1.998354,1.980744,0.167589,1.169640,0.183531,1.292962,0.133463,0.145850,0.999161,0.163583,0.246189
15.983333,2.023265,2.043645,1.571945,2.023916,1.996998,2.041737,1.998388,1.980495,0.167294,1.171071,0.184564,1.244745,0.135236,0.145290,0.956402,0.163382,0.244548
16.000000,2.022083,2.043415,1.578477,2.023918,1.996901,2.039373,1.998404,1.980213,0.167144,1.171949,0.186136,1.198159,0.137565,0.144809,0.930848,0.163363,0.242916
16.016667,2.021305,2.042575,1.579410,2.023907,1.996808,2.038079,1.998378,1.979895,0.167077,1.172536,0.187296,1.174594,0.139896,0.144105,0.914765,0.163367,0.241863
16.033333,2.020793,2.041427,1.577131,2.023893,1.996720,2.037330,1.998338,1.979596,0.166832,1.172953,0.187585,1.165611,0.141941,0.143815,0.904413,0.163268,0.242016
16.050000,2.020425,2.040056,1.568827,2.023869,1.996636,2.036643,1.998301,1.979276,0.165941,1.171230,0.186586,1.159318,0.143268,0.144854,0.897419,0.162744,0.244305
16.066667,2.020126,2.038566,1.555004,2.023842,1.996555,2.035944,1.998263,1.978976,0.164028,1.168433,0.185559,1.152188,0.145420,0.146715,0.892294,0.160527,0.248427
16.083333,2.019889,2.037145,1.541912,2.023819,1.996477,2.035181,1.998224,1.978702,0.162175,1.165112,0.184457,1.142924,0.148806,0.149117,0.888476,0.156896,0.252201
16.100000,2.019691,2.036390,1.549249,2.023803,1.996403,2.034398,1.998184,1.978439,0.159821,1.161603,0.183374,1.133132,0.152732,0.152374,0.885542,0.154630,0.253293
16.116667,2.019510,2.035692,1.555843,2.023794,1.996331,2.033782,1.998146,1.978198,0.157162,1.158116,0.182318,1.124503,0.156998,0.156519,0.883151,0.152624,0.254280
16.133333,2.019349,2.035954,1.565715,2.023796,1.996282,2.033273,1.998114,1.977983,0.155089,1.154830,0.181881,1.125431,0.157214,0.158888,0.881116,0.153049,0.254919
16.150000,2.019206,2.036105,1.572154,2.023806,1.996250,2.032706,1.998085,1.977786,0.154916,1.151840,0.181803,1.127094,0.157069,0.158720,0.879420,0.152923,0.254421
16.166667,2.019074,2.036228,1.577251,2.023821,1.996220,2.032117,1.998057,1.977601,0.154800,1.149197,0.181701,1.128499,0.156941,0.158572,0.878021,0.152825,0.254014
16.183333,2.018961,2.036352,1.582347,2.023838,1.996197,2.031487,1.998032,1.977438,0.154734,1.146955,0.181534,1.129162,0.156823,0.158451,0.876901,0.152786,0.253593
16.200000,2.018865,2.036501,1.588241,2.023856,1.996183,2.030828,1.998010,1.977294,0.154649,1.145149,0.181345,1.129665,0.156717,0.158336,0.876039,0.152734,0.253225
16.216667,2.018786,2.036668,1.594683,2.023901,1.996176,2.030176,1.997991,1.977166,0.154528,1.141733,0.181178,1.130576,0.156608,0.158211,0.875423,0.152644,0.252894
16.233333,2.018724,2.036739,1.597907,2.023930,1.996159,2.029900,1.997979,1.977056,0.154449,1.139457,0.181340,1.136164,0.156376,0.158005,0.875063,0.152577,0.252124
16.250000,2.018679,2.036635,1.594810,2.023946,1.996145,2.029832,1.997972,1.976961,0.154552,1.138179,0.181556,1.139096,0.156373,0.157999,0.874932,0.152690,0.251128
16.266667,2.018644,2.036526,1.590817,2.023954,1.996144,2.029756,1.997967,1.976882,0.154591,1.137486,0.181709,1.141028,0.156337,0.157957,0.874917,0.152693,0.250933
16.283333,2.018618,2.036460,1.587842,2.023958,1.996155,2.029697,1.997962,1.976820,0.154442,1.137111,0.181911,1.143883,0.156280,0.157851,0.874941,0.152477,0.251326
16.300000,2.018600,2.036398,1.584882,2.023959,1.996171,2.029694,1.997956,1.976777,0.154245,1.136906,0.182153,1.147174,0.156222,0.157733,0.874983,0.152204,0.251862
16.316667,2.018590,2.036301,1.580797,2.023960,1.996184,2.029754,1.997952,1.976754,0.154097,1.136794,0.182464,1.151101,0.156170,0.157628,0.875031,0.151985,0.252122
16.333333,2.018586,2.036122,1.573760,2.023959,1.996182,2.029962,1.997951,1.976742,0.154004,1.136729,0.182876,1.157832,0.156016,0.157533,0.875089,0.151895,0.252103
16.350000,2.018585,2.035875,1.564680,2.023959,1.996164,2.030489,1.997951,1.976736,0.154098,1.136688,0.183448,1.169420,0.155654,0.157441,0.875166,0.151913,0.251476
16.366667,2.018587,2.035565,1.553232,2.023958,1.996155,2.030747,1.997953,1.976734,0.154318,1.136659,0.184141,1.174369,0.155872,0.157191,0.875269,0.151845,0.250598
16.383333,2.018591,2.035004,1.533217,2.023959,1.996125,2.031288,1.997950,1.976728,0.155397,1.136623,0.184775,1.181170,0.156218,0.157399,0.875516,0.152525,0.248460
16.400000,2.018598,2.034240,1.512709,2.023958,1.996095,2.031963,1.997952,1.976726,0.156975,1.136603,0.185295,1.193085,0.156015,0.157451,0.875735,0.154274,0.244278
16.416667,2.018597,2.033831,1.500042,2.023960,1.996064,2.032759,1.997957,1.976723,0.157061,1.136607,0.185925,1.210143,0.155998,0.158058,0.875786,0.155752,0.240624
16.433333,2.018594,2.033862,1.504756,2.023963,1.996037,2.033731,1.997960,1.976720,0.156459,1.136614,0.186209,1.232488,0.155877,0.157880,0.875780,0.157450,0.238643
16.450000,2.018592,2.034125,1.519232,2.023963,1.996002,2.034931,1.997962,1.976718,0.155086,1.136614,0.185878,1.260551,0.155917,0.158153,0.875751,0.158920,0.238050
16.466667,2.018589,2.034488,1.538949,2.023963,1.995952,2.036410,1.997962,1.976716,0.153268,1.136610,0.184983,1.295276,0.155774,0.158894,0.875710,0.160276,0.238639
16.483333,2.018587,2.035015,1.565027,2.023964,1.995903,2.038106,1.997961,1.976714,0.152457,1.136611,0.183672,1.335075,0.155472,0.159005,0.875674,0.161521,0.237896
16.500000,2.018586,2.035571,1.594035,2.023963,1.995871,2.039383,1.997962,1.976712,0.152009,1.136608,0.183134,1.364375,0.155271,0.159096,0.875662,0.162529,0.234722
16.516667,2.018586,2.036082,1.618452,2.023961,1.995855,2.040136,1.997963,1.976712,0.151712,1.136604,0.183309,1.381086,0.155191,0.159170,0.875667,0.163252,0.231105
16.533333,2.018576,2.036431,1.632987,2.023959,1.995844,2.040244,1.997952,1.976904,0.151553,1.136600,0.183290,1.389627,0.155119,0.159193,0.875680,0.163662,0.229170
16.550000,2.018475,2.036631,1.640892,2.023958,1.995876,2.040633,1.997937,1.977740,0.151483,1.136598,0.183335,1.394584,0.155057,0.159182,0.875822,0.163887,0.228184
16.566667,2.018548,2.036733,1.645016,2.023953,1.996100,2.041645,1.997970,1.978363,0.151504,1.136594,0.183590,1.398319,0.155017,0.159153,0.879420,0.163969,0.227326
16.583333,2.019328,2.036897,1.654004,2.023950,1.996421,2.043088,1.998044,1.978844,0.152381,1.136601,0.183996,1.401584,0.154998,0.159150,0.898781,0.164106,0.222010
16.600000,2.020446,2.037127,1.666379,2.023947,1.996734,2.044583,1.998154,1.979644,0.153710,1.136611,0.184402,1.404389,0.154979,0.159165,0.921131,0.164329,0.215188
16.616667,2.021812,2.037420,1.676178,2.023947,1.996933,2.045668,1.998230,1.980458,0.154774,1.136625,0.184655,1.406302,0.154945,0.159166,0.951578,0.164466,0.210025
16.633333,2.023146,2.037743,1.681574,2.023950,1.997086,2.046509,1.998367,1.979805,0.155447,1.136640,0.184848,1.407725,0.154908,0.159152,0.984443,0.164511,0.206902
16.650000,2.024383,2.038350,1.684732,2.023958,1.997202,2.047109,1.998563,1.978272,0.155943,1.136661,0.184986,1.408720,0.154866,0.159132,1.015660,0.164523,0.204883
16.666667,2.025979,2.038925,1.691468,2.023964,1.997305,2.046840,1.998691,1.977111,0.156839,1.136688,0.185489,1.399733,0.154914,0.159145,1.053342,0.164612,0.201537
16.683333,2.027646,2.039529,1.697584,2.023968,1.997492,2.044929,1.998761,1.977213,0.157409,1.136716,0.187093,1.365355,0.155478,0.159271,1.084114,0.164928,0.199119
16.700000,2.029963,2.040376,1.701249,2.023968,1.997713,2.043443,1.998820,1.978016,0.156114,1.136747,0.188535,1.345826,0.155508,0.159160,1.124528,0.164566,0.201112
16.716667,2.032345,2.041192,1.702880,2.023970,1.997838,2.042391,1.998898,1.978652,0.154483,1.136787,0.190181,1.332029,0.155727,0.159042,1.171128,0.164009,0.203548
16.733333,2.034542,2.041809,1.703766,2.023935,1.997906,2.041554,1.998903,1.979073,0.153726,1.136956,0.191945,1.321101,0.155774,0.158571,1.222602,0.163504,0.204731
16.750000,2.037718,2.042387,1.703979,2.023796,1.997950,2.040892,1.998896,1.979351,0.152664,1.137629,0.194010,1.312037,0.155584,0.158532,1.302065,0.163469,0.205285
16.766667,2.040529,2.043022,1.705052,2.023674,1.998094,2.041549,1.998874,1.979528,0.151869,1.138243,0.192200,1.338769,0.155439,0.158654,1.378182,0.163264,0.207267
16.783333,2.043223,2.043765,1.708309,2.023564,1.998341,2.042397,1.998843,1.979610,0.151048,1.138799,0.189305,1.371140,0.155323,0.158853,1.449691,0.163080,0.210135
16.800000,2.045182,2.044431,1.709782,2.023453,1.998548,2.043131,1.998805,1.979675,0.150396,1.139318,0.187386,1.396223,0.154977,0.158732,1.505904,0.162874,0.213096
16.816667,2.046010,2.044917,1.707774,2.023667,1.998779,2.042736,1.998765,1.979835,0.150215,1.146775,0.185983,1.400331,0.154821,0.158647,1.541855,0.162753,0.215737
16.833333,2.046194,2.045256,1.703724,2.024156,1.999022,2.041629,1.998725,1.980062,0.150391,1.159855,0.184618,1.392596,0.154753,0.158636,1.567410,0.162755,0.218048
16.850000,2.046071,2.045503,1.698830,2.024324,1.999224,2.040471,1.998684,1.980352,0.150655,1.158393,0.183658,1.381543,0.154764,0.158623,1.587743,0.162776,0.219884
16.866667,2.045774,2.045738,1.693534,2.023583,1.999399,2.039374,1.998634,1.980703,0.150971,1.115901,0.182922,1.369796,0.154776,0.158638,1.605874,0.162834,0.221512
16.883333,2.045591,2.046007,1.689992,2.022152,1.999489,2.038251,1.998582,1.981041,0.151301,1.051691,0.182317,1.356276,0.154813,0.158665,1.617790,0.162916,0.222957
16.900000,2.045623,2.046354,1.688448,2.020518,1.999420,2.036915,1.998529,1.981378,0.151680,0.980720,0.181559,1.338958,0.154862,0.158700,1.624361,0.163022,0.224627
16.916667,2.045810,2.046745,1.688107,2.019322,1.999340,2.035902,1.998475,1.981754,0.152090,0.927929,0.179893,1.328649,0.154792,0.158716,1.628153,0.163126,0.226977
16.933333,2.046103,2.047164,1.688432,2.018189,1.999257,2.035123,1.998419,1.982183,0.152534,0.879065,0.177702,1.323555,0.154593,0.158714,1.630501,0.163236,0.229745
16.950000,2.045897,2.047577,1.689083,2.017229,1.999177,2.034357,1.998360,1.982793,0.153085,0.837813,0.175680,1.315310,0.154052,0.158665,1.629774,0.163354,0.232727
16.966667,2.044523,2.048008,1.689924,2.016740,1.999113,2.033605,1.998286,1.983733,0.153734,0.817194,0.173807,1.304112,0.153266,0.158582,1.623705,0.163472,0.235806
16.983333,2.043451,2.047654,1.678032,2.016364,1.999076,2.032912,1.998211,1.984586,0.154548,0.805363,0.172128,1.292942,0.152335,0.158471,1.620551,0.163600,0.239741
17.000000,2.043351,2.046578,1.649653,2.015957,1.999073,2.032259,1.998136,1.985245,0.155576,0.796432,0.170638,1.282350,0.151485,0.158201,1.626680,0.163732,0.244710
17.016667,2.043235,2.045439,1.626914,2.015592,1.999115,2.031673,1.998063,1.985845,0.156585,0.790162,0.168939,1.274815,0.151363,0.157836,1.630728,0.163868,0.248062
17.033333,2.042542,2.043682,1.606830,2.015238,1.999220,2.031524,1.997989,1.986531,0.158055,0.785373,0.165926,1.289111,0.153200,0.157883,1.632551,0.164184,0.246098
17.050000,2.041733,2.042185,1.589948,2.014902,1.999395,2.031652,1.997921,1.987163,0.159726,0.781581,0.162680,1.305946,0.153662,0.158854,1.632215,0.164533,0.243853
17.066667,2.040896,2.040933,1.577927,2.014585,1.999655,2.031951,1.997856,1.987742,0.161051,0.778461,0.160679,1.324582,0.153197,0.158821,1.630808,0.164764,0.242056
17.083333,2.040089,2.039854,1.565652,2.014275,1.999884,2.032794,1.997801,1.988270,0.162847,0.775818,0.159583,1.338793,0.152116,0.158708,1.628956,0.165128,0.239028
17.100000,2.039333,2.038950,1.553638,2.013998,2.000257,2.033462,1.997749,1.988740,0.164969,0.773599,0.157710,1.354539,0.151768,0.159189,1.626972,0.165735,0.235126
17.116667,2.038649,2.038152,1.543765,2.013740,2.000836,2.033846,1.997698,1.989156,0.167047,0.771708,0.155821,1.374226,0.152439,0.159371,1.625045,0.165919,0.231543
17.133333,2.038041,2.037589,1.530130,2.013507,2.001574,2.034236,1.997666,1.989521,0.166830,0.770148,0.154735,1.382902,0.153351,0.160282,1.623202,0.165947,0.232588
17.150000,2.037508,2.037140,1.515097,2.013292,2.002532,2.034634,1.997627,1.989834,0.166979,0.768828,0.153387,1.396882,0.153990,0.160318,1.621537,0.166372,0.234978
17.166667,2.037200,2.036921,1.502713,2.013101,2.003568,2.035538,1.997592,1.990096,0.167268,0.767728,0.152669,1.417521,0.154068,0.160225,1.618162,0.166569,0.234903
17.183333,2.037069,2.036747,1.495052,2.012937,2.004585,2.036923,1.997564,1.990296,0.167193,0.766868,0.152473,1.447599,0.153711,0.160074,1.615455,0.166507,0.233219
17.200000,2.037006,2.036440,1.484527,2.012799,2.005619,2.038658,1.997544,1.990420,0.167112,0.766221,0.152460,1.480869,0.153362,0.159953,1.613511,0.166462,0.231066
17.216667,2.036988,2.036187,1.475130,2.012688,2.006722,2.040143,1.997535,1.990506,0.167044,0.765759,0.152503,1.507939,0.153071,0.159851,1.612250,0.166423,0.229218
17.233333,2.036997,2.036110,1.472551,2.012592,2.007554,2.041223,1.997536,1.990574,0.166709,0.765433,0.152420,1.528822,0.152803,0.159733,1.611519,0.166283,0.228363
17.250000,2.037010,2.036076,1.471497,2.012521,2.008084,2.042044,1.997540,1.990618,0.166427,0.765246,0.152229,1.545641,0.152544,0.159602,1.611153,0.166038,0.228010
17.266667,2.037019,2.036003,1.467570,2.012470,2.008368,2.042542,1.997543,1.990642,0.166486,0.765155,0.152138,1.555872,0.152341,0.159517,1.610970,0.165998,0.227437
17.283333,2.037027,2.035962,1.462935,2.012432,2.008502,2.042859,1.997546,1.990655,0.166696,0.765111,0.152159,1.561308,0.152152,0.159467,1.610886,0.166137,0.226765
17.300000,2.037031,2.035997,1.460601,2.012407,2.008552,2.043136,1.997548,1.990662,0.166683,0.765091,0.152327,1.566202,0.151879,0.159383,1.610847,0.166108,0.226336
17.316667,2.037035,2.036076,1.458984,2.012393,2.008515,2.043386,1.997549,1.990665,0.166652,0.765074,0.152549,1.569985,0.151499,0.159284,1.610838,0.166073,0.226011
17.333333,2.037039,2.036207,1.459547,2.012384,2.008247,2.043459,1.997552,1.990667,0.166522,0.765060,0.152752,1.572923,0.151031,0.159172,1.610842,0.166016,0.225941
17.350000,2.037043,2.036393,1.460908,2.012379,2.007868,2.043463,1.997554,1.990668,0.166436,0.765040,0.152924,1.574161,0.150445,0.159045,1.610863,0.165966,0.226069
17.366667,2.037047,2.036626,1.464195,2.012375,2.007441,2.043513,1.997554,1.990668,0.166419,0.765019,0.153144,1.575211,0.149659,0.158856,1.610896,0.165651,0.226186
17.383333,2.037051,2.036952,1.473508,2.012372,2.006939,2.043617,1.997554,1.990667,0.166650,0.764999,0.153298,1.576238,0.148538,0.158721,1.610927,0.165932,0.225339
17.400000,2.037055,2.037339,1.484012,2.012370,2.006339,2.043801,1.997557,1.990666,0.166520,0.764987,0.153649,1.577658,0.147439,0.158586,1.610943,0.165704,0.225163
17.416667,2.037058,2.037839,1.497805,2.012367,2.005626,2.044197,1.997558,1.990666,0.166368,0.764972,0.153811,1.581635,0.146795,0.158115,1.610963,0.165438,0.224927
17.433333,2.037061,2.038458,1.514894,2.012366,2.004924,2.044853,1.997547,1.990665,0.166170,0.764957,0.153881,1.594733,0.146033,0.157634,1.610985,0.165044,0.224633
17.450000,2.037056,2.039198,1.534433,2.012367,2.003889,2.044438,1.997550,1.990453,0.165973,0.764944,0.155334,1.600740,0.144453,0.156601,1.611003,0.164678,0.224647
17.466667,2.037037,2.039927,1.554487,2.012369,2.002761,2.043585,1.997588,1.989769,0.165861,0.764936,0.157568,1.602662,0.141960,0.154956,1.611013,0.164854,0.224905
17.483333,2.037021,2.040473,1.568951,2.012371,2.001810,2.042564,1.997616,1.989128,0.165851,0.764915,0.159986,1.602728,0.139046,0.152937,1.611045,0.164721,0.226899
17.500000,2.037008,2.040788,1.579469,2.012372,2.001030,2.041620,1.997636,1.988548,0.165882,0.764889,0.162371,1.603538,0.136109,0.151144,1.611088,0.164431,0.229503
17.516667,2.036996,2.040964,1.586373,2.012375,2.000357,2.040924,1.997659,1.987962,0.165947,0.764869,0.164699,1.605141,0.133360,0.150096,1.611122,0.164266,0.231870
17.533333,2.036982,2.041059,1.590172,2.012379,1.999778,2.040457,1.997690,1.987348,0.165978,0.764863,0.166355,1.606151,0.131769,0.149498,1.611135,0.164163,0.233256
17.550000,2.036967,2.041112,1.592221,2.012384,1.999260,2.040105,1.997725,1.986737,0.165983,0.764863,0.167329,1.606660,0.130907,0.149172,1.611137,0.164104,0.234025
17.566667,2.036952,2.041141,1.593334,2.012390,1.998791,2.039797,1.997763,1.986084,0.165972,0.764867,0.167850,1.606855,0.130452,0.148988,1.611132,0.164062,0.234469
17.583333,2.036937,2.041158,1.593943,2.012396,1.998270,2.039538,1.997801,1.985420,0.165953,0.764873,0.168135,1.606934,0.130213,0.148881,1.611123,0.164024,0.234734
17.600000,2.036922,2.041169,1.594279,2.012402,1.997782,2.039319,1.997840,1.984745,0.165930,0.764881,0.168284,1.606925,0.130088,0.148817,1.611112,0.163991,0.234899
17.616667,2.037464,2.041188,1.594605,2.012410,1.997357,2.039099,1.997805,1.984037,0.165674,0.764901,0.168407,1.606833,0.130085,0.148712,1.616503,0.163489,0.235489
17.633333,2.038964,2.041297,1.595538,2.012559,1.996973,2.038882,1.997669,1.983333,0.164710,0.769185,0.169065,1.606784,0.130114,0.148135,1.622665,0.162213,0.238129
17.650000,2.041259,2.042070,1.602341,2.013431,1.996667,2.039009,1.997587,1.982344,0.163631,0.795333,0.169988,1.607081,0.130172,0.147699,1.636449,0.161172,0.239706
17.666667,2.044034,2.043071,1.611375,2.014334,1.996500,2.039951,1.997633,1.981839,0.162371,0.812684,0.171110,1.608194,0.130293,0.147452,1.643938,0.160393,0.240980
17.683333,2.044509,2.044042,1.621364,2.015344,1.996407,2.041406,1.997714,1.980539,0.161014,0.834227,0.172369,1.609843,0.130445,0.147337,1.629174,0.159784,0.242150
17.700000,2.045406,2.044900,1.629660,2.016377,1.996369,2.043089,1.997910,1.979553,0.160368,0.858840,0.173855,1.608687,0.130561,0.146647,1.623717,0.158687,0.243040
17.716667,2.046776,2.045597,1.634666,2.017417,1.996377,2.044933,1.998127,1.979162,0.160324,0.885869,0.175495,1.605577,0.130632,0.145348,1.627139,0.157130,0.244507
17.733333,2.047893,2.046341,1.640300,2.018320,1.996401,2.046894,1.998325,1.979063,0.159723,0.915063,0.177271,1.602498,0.130694,0.144529,1.627865,0.155825,0.246272
17.750000,2.048332,2.047211,1.648253,2.019130,1.996369,2.048012,1.998486,1.979018,0.158648,0.947670,0.178747,1.598188,0.130760,0.144380,1.619246,0.155308,0.247443
17.766667,2.047362,2.047916,1.653144,2.019662,1.996312,2.048939,1.998616,1.978856,0.158060,0.971417,0.179764,1.593312,0.130843,0.144448,1.594500,0.155338,0.247792
17.783333,2.045579,2.048481,1.655419,2.020014,1.996260,2.049978,1.998730,1.978590,0.157838,0.989268,0.180588,1.588264,0.130924,0.144485,1.558645,0.155385,0.248046
17.800000,2.043669,2.048994,1.656821,2.020192,1.996199,2.050866,1.998838,1.978269,0.157766,0.999538,0.181275,1.582633,0.131008,0.144515,1.519693,0.155440,0.248209
17.816667,2.041368,2.049484,1.657851,2.020269,1.996118,2.051468,1.998935,1.977903,0.157727,1.005212,0.181854,1.576357,0.131105,0.144590,1.472200,0.155506,0.248323
17.833333,2.039182,2.049961,1.658687,2.020289,1.996016,2.051777,1.999038,1.977566,0.157676,1.008408,0.182358,1.569360,0.131214,0.144717,1.421358,0.155577,0.248416
17.850000,2.036999,2.050435,1.659422,2.020281,1.995903,2.051904,1.999144,1.977248,0.157689,1.010242,0.182831,1.561700,0.131322,0.144808,1.366294,0.155661,0.248527
17.866667,2.035262,2.050904,1.660098,2.020255,1.995783,2.051895,1.999253,1.977015,0.157659,1.011371,0.183292,1.553523,0.131433,0.144877,1.313602,0.155745,0.248893
17.883333,2.033908,2.049568,1.640078,2.020308,1.995662,2.051823,1.999368,1.976938,0.158368,1.015636,0.183768,1.544767,0.131551,0.144951,1.262139,0.155959,0.249555
17.900000,2.032221,2.047714,1.608631,2.020594,1.995537,2.051699,1.999480,1.976715,0.159699,1.029258,0.184262,1.535503,0.131672,0.145039,1.199889,0.156290,0.249910
17.916667,2.030774,2.045587,1.573155,2.020746,1.995408,2.051723,1.999603,1.976488,0.161593,1.037253,0.183648,1.530340,0.132113,0.145212,1.152560,0.156722,0.249029
17.933333,2.029057,2.043604,1.547444,2.020806,1.995278,2.052192,1.999752,1.976210,0.164178,1.041594,0.181625,1.534353,0.132730,0.145993,1.103288,0.159368,0.243280
17.950000,2.027406,2.042002,1.524843,2.020812,1.995138,2.052581,1.999888,1.975849,0.166050,1.044041,0.179966,1.536898,0.133451,0.147476,1.063577,0.162421,0.237074
17.966667,2.025668,2.040977,1.508736,2.020789,1.995004,2.051214,2.000004,1.975509,0.167364,1.045456,0.178076,1.516673,0.134890,0.149397,1.029058,0.165190,0.231381
17.983333,2.024118,2.040741,1.514542,2.020753,1.994871,2.048788,2.000080,1.975128,0.167098,1.046321,0.178443,1.481054,0.137057,0.150263,1.004524,0.165630,0.227011
18.000000,2.022518,2.039942,1.512351,2.020713,1.994741,2.045897,2.000131,1.974735,0.166370,1.046866,0.180488,1.434340,0.139412,0.150336,0.983075,0.165506,0.224466
18.016667,2.021536,2.038931,1.502717,2.020667,1.994623,2.042896,2.000162,1.974368,0.165294,1.047247,0.183162,1.378577,0.142091,0.150416,0.969414,0.165330,0.222943
18.033333,2.020922,2.038263,1.506151,2.020620,1.994501,2.040149,2.000184,1.973981,0.165377,1.047537,0.186197,1.321432,0.144935,0.150428,0.960390,0.165228,0.217944
18.050000,2.020491,2.037915,1.517905,2.020573,1.994360,2.038915,2.000199,1.973604,0.165430,1.047763,0.188283,1.296440,0.148181,0.150708,0.953872,0.165262,0.211968
18.066667,2.020197,2.037665,1.531894,2.020527,1.994229,2.038990,2.000177,1.973242,0.165223,1.047941,0.188693,1.300911,0.150303,0.152240,0.949090,0.164926,0.206672
18.083333,2.019965,2.037290,1.542125,2.020480,1.994109,2.038358,2.000152,1.972935,0.165034,1.048086,0.189504,1.282894,0.154068,0.153629,0.945287,0.163016,0.202812
18.100000,2.019784,2.036881,1.551724,2.020435,1.994003,2.037325,2.000128,1.972633,0.164481,1.048218,0.190235,1.255816,0.157527,0.155722,0.942215,0.162015,0.199518
18.116667,2.019643,2.036501,1.565974,2.020395,1.993905,2.036117,2.000108,1.972358,0.164303,1.048343,0.191177,1.228855,0.157902,0.157184,0.939673,0.163377,0.196024
18.133333,2.019517,2.036120,1.581558,2.020379,1.993821,2.035118,2.000087,1.972120,0.164382,1.046150,0.191719,1.207222,0.158175,0.158340,0.937558,0.164496,0.193013
18.150000,2.019413,2.035721,1.599055,2.020375,1.993747,2.034604,2.000062,1.971904,0.164177,1.043651,0.191222,1.204078,0.158188,0.159086,0.935884,0.165238,0.191279
18.166667,2.019327,2.035236,1.613788,2.020379,1.993684,2.034203,2.000040,1.971701,0.164251,1.041214,0.190958,1.202434,0.158195,0.159642,0.934572,0.165833,0.189450
18.183333,2.019254,2.034718,1.626576,2.020386,1.993631,2.033873,2.000022,1.971526,0.164199,1.039049,0.190869,1.201990,0.158206,0.160140,0.933609,0.166355,0.187785
18.200000,2.019197,2.034161,1.636984,2.020392,1.993592,2.033581,2.000008,1.971374,0.164133,1.037251,0.191111,1.203746,0.158117,0.160065,0.932970,0.166360,0.186717
18.216667,2.019151,2.033561,1.646060,2.020396,1.993560,2.033354,1.999999,1.971236,0.164080,1.035877,0.191459,1.206212,0.158070,0.160060,0.932632,0.166414,0.185505
18.233333,2.019116,2.033157,1.655284,2.020396,1.993538,2.033181,1.999993,1.971111,0.164027,1.034964,0.191820,1.208422,0.158009,0.160004,0.932570,0.166426,0.184487
18.250000,2.019092,2.032941,1.664497,2.020393,1.993523,2.033051,1.999991,1.970994,0.163974,1.034443,0.192171,1.210398,0.157936,0.159932,0.932739,0.166438,0.183667
18.266667,2.019074,2.033261,1.673588,2.020390,1.993516,2.032970,1.999993,1.970887,0.163937,1.034147,0.192632,1.213118,0.157892,0.159890,0.933031,0.166466,0.182748
18.283333,2.019065,2.033103,1.682078,2.020383,1.993516,2.032942,1.999997,1.970792,0.163896,1.033968,0.193257,1.217501,0.157780,0.159772,0.933411,0.166476,0.181752
18.300000,2.019060,2.033362,1.695353,2.020377,1.993510,2.032998,2.000002,1.970712,0.163736,1.033861,0.193872,1.224551,0.157411,0.159352,0.933763,0.166368,0.181077
18.316667,2.019056,2.034507,1.711172,2.020371,1.993499,2.033264,2.000008,1.970654,0.162586,1.033797,0.194722,1.235493,0.156890,0.158710,0.933973,0.166032,0.181045
18.333333,2.019053,2.036066,1.724227,2.020365,1.993495,2.033424,2.000012,1.970624,0.160498,1.033754,0.195188,1.243773,0.156646,0.158403,0.934095,0.165658,0.181939
18.350000,2.019055,2.037484,1.734501,2.020359,1.993487,2.033679,2.000016,1.970609,0.158032,1.033724,0.195425,1.254834,0.156452,0.158320,0.934170,0.165393,0.183488
18.366667,2.019058,2.038752,1.744193,2.020353,1.993478,2.034019,2.000020,1.970603,0.155602,1.033702,0.195627,1.269245,0.156222,0.158085,0.934213,0.164954,0.185628
18.383333,2.019061,2.039833,1.752596,2.020347,1.993468,2.034451,2.000024,1.970601,0.153301,1.033684,0.195694,1.286511,0.155970,0.157894,0.934241,0.164528,0.188128
18.400000,2.019065,2.040453,1.756267,2.020342,1.993457,2.034900,2.000027,1.970602,0.151342,1.033672,0.195154,1.301863,0.156360,0.158063,0.934251,0.163463,0.190207
18.416667,2.019064,2.040738,1.761104,2.020339,1.993429,2.035570,2.000030,1.970601,0.150555,1.033673,0.193440,1.330046,0.156948,0.158065,0.934124,0.162468,0.191409
18.433333,2.019051,2.041109,1.772268,2.020342,1.993388,2.036489,2.000033,1.970597,0.149471,1.033686,0.192461,1.365793,0.156550,0.157545,0.933853,0.162170,0.193829
18.450000,2.019037,2.041366,1.783592,2.020344,1.993347,2.037391,2.000038,1.970594,0.147765,1.033698,0.191630,1.402143,0.156217,0.157278,0.933547,0.161579,0.197257
18.466667,2.019028,2.041514,1.794622,2.020342,1.993325,2.038016,2.000047,1.970594,0.145026,1.033702,0.192318,1.425313,0.156084,0.157167,0.933287,0.160023,0.201046
18.483333,2.019022,2.041581,1.805522,2.020337,1.993365,2.038492,2.000059,1.970598,0.141640,1.033700,0.194012,1.440057,0.156097,0.157251,0.933062,0.157922,0.204876
18.500000,2.019019,2.041561,1.814748,2.020327,1.993661,2.039031,2.000078,1.970606,0.138343,1.033692,0.196160,1.450194,0.156160,0.157331,0.932866,0.155578,0.208665
18.516667,2.019022,2.041538,1.819783,2.020318,1.994043,2.039764,2.000100,1.970447,0.136387,1.033683,0.197652,1.456294,0.156192,0.157327,0.932777,0.154074,0.211407
18.533333,2.019420,2.041511,1.822365,2.020313,1.994367,2.040315,2.000134,1.969711,0.135580,1.033682,0.198609,1.459785,0.156182,0.157150,0.941098,0.153220,0.211877
18.550000,2.020076,2.041481,1.823616,2.020311,1.994651,2.040709,2.000165,1.968978,0.135317,1.033688,0.199172,1.461778,0.156160,0.157043,0.954883,0.152787,0.210861
18.566667,2.020717,2.041458,1.824209,2.020310,1.994919,2.041059,2.000196,1.968263,0.135279,1.033695,0.199537,1.462997,0.156132,0.156970,0.968156,0.152565,0.209589
18.583333,2.021549,2.041660,1.831530,2.020309,1.995170,2.041372,2.000248,1.968066,0.136007,1.033706,0.199787,1.463788,0.156098,0.156931,0.986889,0.152615,0.203756
18.600000,2.022337,2.041859,1.838637,2.020308,1.995453,2.041980,2.000487,1.967935,0.136840,1.033718,0.200006,1.464783,0.156058,0.156900,1.006221,0.152727,0.198096
18.616667,2.023177,2.042117,1.845678,2.020307,1.995711,2.042596,2.000688,1.968394,0.137741,1.033733,0.200188,1.465715,0.156018,0.156877,1.026245,0.152875,0.192684
18.633333,2.024048,2.042725,1.852954,2.020374,1.995976,2.043274,2.000869,1.969225,0.138677,1.033723,0.200384,1.466671,0.155987,0.156865,1.046966,0.153049,0.187642
18.650000,2.024843,2.043568,1.862860,2.020822,1.996336,2.043989,2.001036,1.970313,0.139286,1.029969,0.200590,1.467650,0.155967,0.156857,1.066063,0.153180,0.183734
18.666667,2.025558,2.044359,1.871134,2.021230,1.996622,2.044560,2.001187,1.971617,0.139580,1.027195,0.200750,1.468440,0.155960,0.156910,1.082590,0.153637,0.181683
18.683333,2.026806,2.045028,1.876402,2.021462,1.996809,2.044935,2.001313,1.973201,0.139466,1.025601,0.201291,1.469053,0.155982,0.156980,1.106680,0.154722,0.182099
18.700000,2.027926,2.045560,1.879478,2.021592,1.996944,2.045223,2.001425,1.975505,0.139804,1.024766,0.202761,1.469721,0.155910,0.156315,1.114373,0.155373,0.183459
18.716667,2.029730,2.045944,1.881096,2.021673,1.997043,2.045386,2.001502,1.977775,0.140843,1.024354,0.203668,1.470107,0.155888,0.156052,1.136369,0.156826,0.183498
18.733333,2.031628,2.046287,1.882100,2.021720,1.997202,2.044929,2.001564,1.979799,0.141719,1.024157,0.204697,1.461118,0.156018,0.156075,1.163560,0.158701,0.183636
18.750000,2.034392,2.046933,1.885461,2.021748,1.997329,2.044457,2.001618,1.981605,0.140432,1.024058,0.206984,1.452139,0.155768,0.156991,1.207732,0.160012,0.184870
18.766667,2.037802,2.047618,1.888950,2.021767,1.997466,2.044285,2.001673,1.982688,0.138583,1.024029,0.209870,1.445119,0.156304,0.157870,1.264961,0.159923,0.186576
18.783333,2.040678,2.048357,1.892599,2.021782,1.997601,2.044276,2.001762,1.982816,0.136337,1.024041,0.213382,1.439409,0.157373,0.158403,1.319725,0.158824,0.188973
18.800000,2.043289,2.049477,1.895399,2.021658,1.997825,2.045182,2.001962,1.983293,0.134596,1.024524,0.213628,1.467918,0.157139,0.158195,1.375223,0.157990,0.193564
18.816667,2.045716,2.051025,1.895071,2.021530,1.998135,2.045063,2.002259,1.983618,0.133428,1.025033,0.213644,1.487154,0.156942,0.158009,1.433247,0.157287,0.196803
18.833333,2.047455,2.051913,1.895476,2.021873,1.998444,2.044073,2.002486,1.983830,0.133600,1.037900,0.213022,1.490643,0.156941,0.158134,1.479649,0.157980,0.197152
18.850000,2.048874,2.051597,1.889145,2.022137,1.998740,2.042756,2.002598,1.984348,0.134346,1.048236,0.212561,1.489223,0.156884,0.158208,1.520814,0.159045,0.196639
18.866667,2.050133,2.051045,1.879637,2.022239,1.998978,2.041717,2.002647,1.985028,0.134437,1.049232,0.212582,1.492981,0.156738,0.158068,1.560330,0.158933,0.196487
18.883333,2.051123,2.050283,1.867165,2.021556,1.999180,2.040785,2.002682,1.985439,0.134722,1.012587,0.212504,1.496530,0.156723,0.158065,1.595303,0.158888,0.195833
18.900000,2.051462,2.049176,1.849974,2.020230,1.999191,2.039651,2.002695,1.985787,0.135426,0.951497,0.212169,1.492244,0.156730,0.158066,1.613073,0.158939,0.194796
18.916667,2.051465,2.047942,1.829815,2.018903,1.999094,2.038579,2.002693,1.986086,0.136401,0.891563,0.210755,1.487074,0.156668,0.158072,1.620769,0.159057,0.194208
18.933333,2.051687,2.046650,1.807361,2.017865,1.998987,2.037685,2.002682,1.986289,0.137553,0.842264,0.208553,1.484400,0.156530,0.158057,1.627980,0.159230,0.193939
18.950000,2.050773,2.045401,1.785295,2.017404,1.998893,2.036868,2.002659,1.986361,0.138569,0.818525,0.206764,1.484399,0.156403,0.158062,1.637075,0.159406,0.193487
18.966667,2.049114,2.044162,1.761877,2.017112,1.998817,2.036116,2.002633,1.986272,0.139589,0.806201,0.205095,1.486496,0.156264,0.158057,1.647234,0.159567,0.192956
18.983333,2.047060,2.042904,1.736195,2.016767,1.998767,2.035407,2.002602,1.986084,0.140686,0.796864,0.203408,1.489217,0.156117,0.158052,1.657519,0.159742,0.192383
19.000000,2.044984,2.041631,1.708113,2.016436,1.998748,2.034736,2.002562,1.985918,0.141874,0.790118,0.201671,1.491820,0.155966,0.158050,1.668789,0.159934,0.191801
19.016667,2.043295,2.040602,1.683902,2.016117,1.998769,2.034217,2.002496,1.985611,0.142936,0.784922,0.199618,1.496389,0.155740,0.158031,1.681296,0.160099,0.191743
19.033333,2.042349,2.039960,1.667658,2.015808,1.998859,2.034139,2.002442,1.985363,0.143825,0.780724,0.196637,1.509535,0.155196,0.157970,1.688567,0.160241,0.192633
19.050000,2.041901,2.039751,1.654640,2.015508,1.999036,2.034421,2.002402,1.985175,0.144592,0.777179,0.193217,1.528586,0.154434,0.157884,1.692505,0.160367,0.194275
19.066667,2.041719,2.039643,1.636080,2.015239,1.999293,2.034840,2.002374,1.985040,0.145544,0.774240,0.189720,1.549494,0.153470,0.157782,1.694728,0.160538,0.196347
19.083333,2.041526,2.039849,1.620381,2.014965,1.999650,2.035187,2.002357,1.984951,0.146378,0.771596,0.186429,1.567279,0.152401,0.157661,1.694141,0.160673,0.199127
19.100000,2.041389,2.040016,1.610873,2.014713,2.000154,2.035651,2.002351,1.984905,0.147128,0.769324,0.183406,1.584361,0.151232,0.157291,1.692902,0.160759,0.202150
19.116667,2.041317,2.040392,1.601658,2.014484,2.000839,2.036185,2.002358,1.984893,0.147842,0.767378,0.180899,1.598152,0.150128,0.156574,1.691670,0.160789,0.205395
19.133333,2.041272,2.039768,1.599139,2.014260,2.001738,2.036877,2.002373,1.984901,0.148773,0.765679,0.179916,1.611358,0.149744,0.155951,1.690374,0.160543,0.203307
19.150000,2.041239,2.039196,1.597476,2.014060,2.002838,2.037531,2.002387,1.984895,0.149824,0.764253,0.178879,1.620869,0.149918,0.155712,1.689076,0.159965,0.200414
19.166667,2.041224,2.038870,1.590633,2.013881,2.004135,2.038297,2.002409,1.984896,0.150891,0.763067,0.178603,1.630615,0.149645,0.155791,1.687935,0.160409,0.196126
19.183333,2.041224,2.038387,1.579064,2.013725,2.005520,2.039381,2.002437,1.984908,0.151640,0.762116,0.178296,1.641587,0.149300,0.156287,1.687019,0.160513,0.192035
19.200000,2.041229,2.038067,1.573572,2.013588,2.006794,2.040559,2.002468,1.984923,0.152412,0.761366,0.177983,1.655971,0.149061,0.156838,1.686313,0.159753,0.188522
19.216667,2.041248,2.037955,1.572748,2.013476,2.007551,2.042051,2.002493,1.984936,0.153520,0.760815,0.177435,1.675607,0.148397,0.157188,1.685888,0.160228,0.185702
19.233333,2.041279,2.037845,1.569937,2.013384,2.007920,2.043219,2.002525,1.984941,0.155093,0.760440,0.177684,1.691741,0.147188,0.156579,1.685696,0.161808,0.183211
19.250000,2.041311,2.037763,1.568321,2.013310,2.007826,2.043811,2.002560,1.984936,0.155758,0.760218,0.179886,1.698336,0.146415,0.154227,1.685603,0.162119,0.182785
19.266667,2.041324,2.037665,1.565018,2.013264,2.007607,2.045195,2.002549,1.984910,0.155658,0.760118,0.181579,1.708545,0.145194,0.153523,1.685542,0.162007,0.182600
19.283333,2.041332,2.037693,1.566166,2.013234,2.007305,2.046943,2.002536,1.984870,0.155596,0.760072,0.182779,1.718441,0.143743,0.153194,1.685510,0.161930,0.182410
19.300000,2.041338,2.037782,1.569418,2.013216,2.006955,2.048432,2.002514,1.984821,0.155519,0.760046,0.184148,1.727294,0.142426,0.152544,1.685494,0.161806,0.182273
19.316667,2.041343,2.037925,1.574345,2.013206,2.006564,2.049466,2.002470,1.984763,0.155422,0.760027,0.186558,1.740637,0.140869,0.151194,1.685490,0.161557,0.182292
19.333333,2.041346,2.038157,1.580870,2.013202,2.006109,2.049446,2.002438,1.984704,0.155330,0.760017,0.189330,1.746881,0.139666,0.149705,1.685483,0.161333,0.182343
19.350000,2.041350,2.038452,1.589216,2.013198,2.005583,2.048462,2.002418,1.984650,0.155116,0.760007,0.192133,1.745781,0.139197,0.148157,1.685482,0.160715,0.182420
19.366667,2.041353,2.038848,1.598969,2.013197,2.005009,2.047710,2.002389,1.984606,0.154596,0.759998,0.193967,1.746039,0.138744,0.147730,1.685482,0.160367,0.182174
19.383333,2.041356,2.039133,1.607061,2.013197,2.004425,2.046908,2.002360,1.984576,0.153912,0.759980,0.195781,1.743644,0.138096,0.147482,1.685499,0.159816,0.182576
19.400000,2.041363,2.039282,1.612919,2.013195,2.003873,2.046210,2.002313,1.984527,0.153452,0.759950,0.196378,1.744794,0.137784,0.147092,1.685536,0.158835,0.183684
19.416667,2.041368,2.039357,1.617515,2.013194,2.003370,2.045520,2.002266,1.984485,0.153610,0.759918,0.197964,1.745420,0.136905,0.145861,1.685585,0.157648,0.185328
19.433333,2.041373,2.039381,1.619963,2.013193,2.002883,2.044841,2.002222,1.984463,0.154243,0.759885,0.199782,1.748672,0.135742,0.144168,1.685637,0.156705,0.187250
19.450000,2.041377,2.039375,1.619262,2.013192,2.002429,2.044256,2.002187,1.984450,0.154662,0.759850,0.203083,1.752760,0.133686,0.142889,1.685690,0.156610,0.188783
19.466667,2.041383,2.039366,1.618555,2.013191,2.002030,2.043901,2.002164,1.984445,0.154796,0.759818,0.208640,1.745011,0.131297,0.142428,1.685737,0.156800,0.190161
19.483333,2.041327,2.039354,1.617907,2.013190,2.001490,2.042895,2.002213,1.984427,0.154920,0.759797,0.214647,1.725127,0.129428,0.142425,1.685587,0.157119,0.191194
19.500000,2.041205,2.039336,1.617247,2.013190,2.000871,2.041820,2.002328,1.984400,0.155015,0.759784,0.220052,1.706206,0.128121,0.142524,1.685229,0.157432,0.191926
19.516667,2.041123,2.039316,1.616631,2.013189,2.000266,2.040788,2.002427,1.984401,0.155067,0.759778,0.223135,1.690735,0.127599,0.142719,1.684965,0.157647,0.192372
19.533333,2.041064,2.039307,1.616238,2.013189,1.999735,2.039883,2.002523,1.984430,0.155143,0.759771,0.224567,1.678576,0.127343,0.143052,1.684744,0.157928,0.192832
19.550000,2.041029,2.039293,1.615650,2.013191,1.999294,2.039732,2.002613,1.984064,0.155248,0.759763,0.224079,1.678020,0.127016,0.143534,1.684626,0.158316,0.193459
19.566667,2.040776,2.039290,1.615305,2.013196,1.998855,2.040268,2.002727,1.982841,0.155341,0.759762,0.223677,1.679094,0.126752,0.143861,1.681433,0.158583,0.193998
19.583333,2.040540,2.039304,1.615338,2.013204,1.998463,2.041080,2.002873,1.981479,0.155415,0.759765,0.223425,1.680058,0.126531,0.144069,1.678232,0.158753,0.194519
19.600000,2.040499,2.039545,1.615727,2.013211,1.998153,2.042097,2.002987,1.980088,0.155466,0.759769,0.223330,1.680952,0.126364,0.144207,1.676539,0.158861,0.195026
19.616667,2.041424,2.040279,1.619176,2.013217,1.997929,2.043087,2.003021,1.978559,0.155160,0.759781,0.223997,1.679183,0.126108,0.144192,1.687109,0.158633,0.196221
19.633333,2.043247,2.041112,1.627046,2.013829,1.997816,2.043675,2.003143,1.977187,0.154194,0.779144,0.225799,1.664973,0.126096,0.144239,1.707623,0.158252,0.197268
19.650000,2.045857,2.042042,1.637953,2.014823,1.997776,2.044522,2.003246,1.975894,0.152790,0.807394,0.228003,1.650889,0.126195,0.144464,1.734724,0.158023,0.197825
19.666667,2.048548,2.043087,1.650857,2.015832,1.997759,2.045720,2.003330,1.974720,0.151404,0.827751,0.230079,1.639099,0.126324,0.144925,1.759897,0.158262,0.197775
19.683333,2.050503,2.044202,1.664610,2.016862,1.997745,2.046957,2.003410,1.974568,0.150504,0.850573,0.230193,1.626886,0.126861,0.145542,1.776732,0.159052,0.196604
19.700000,2.052578,2.045366,1.678319,2.017766,1.997750,2.048488,2.003469,1.974935,0.149158,0.876688,0.229772,1.618327,0.127832,0.146353,1.793539,0.159273,0.195731
19.716667,2.054423,2.046603,1.692004,2.018605,1.997770,2.050093,2.003525,1.975561,0.147353,0.907126,0.229121,1.608785,0.129031,0.147478,1.804591,0.159390,0.195393
19.733333,2.054783,2.047781,1.703437,2.019453,1.997773,2.051544,2.003589,1.976293,0.145867,0.940668,0.227600,1.598031,0.130481,0.148434,1.802163,0.159237,0.195430
19.750000,2.053273,2.048695,1.710307,2.019900,1.997801,2.053399,2.003668,1.977070,0.145115,0.960302,0.225313,1.592087,0.131662,0.149073,1.782691,0.159205,0.195497
19.766667,2.051026,2.049437,1.714414,2.020109,1.997847,2.055498,2.003740,1.977633,0.144724,0.970305,0.224287,1.586388,0.132419,0.149452,1.754104,0.159214,0.195670
19.783333,2.048459,2.050080,1.716897,2.020180,1.997874,2.057426,2.003785,1.978123,0.144518,0.975839,0.223895,1.581299,0.132903,0.149673,1.718703,0.159241,0.195999
19.800000,2.045810,2.050664,1.718477,2.020201,1.997885,2.059122,2.003845,1.978018,0.144459,0.978980,0.224021,1.575928,0.133225,0.149807,1.677784,0.159294,0.196256
19.816667,2.043199,2.049211,1.701820,2.020196,1.997896,2.059190,2.003898,1.977532,0.145265,0.980817,0.224962,1.552101,0.133607,0.149934,1.632096,0.159503,0.195879
19.833333,2.040684,2.047308,1.676485,2.020176,1.997868,2.057122,2.003922,1.976959,0.146448,0.981938,0.226446,1.508454,0.134068,0.150066,1.582097,0.159784,0.195526
19.850000,2.038289,2.045200,1.645278,2.020137,1.997814,2.054740,2.003932,1.976361,0.147851,0.982684,0.227308,1.464438,0.134597,0.150221,1.528125,0.160113,0.195332
19.866667,2.036159,2.043035,1.609871,2.020094,1.997740,2.051777,2.003931,1.975740,0.149381,0.983198,0.227432,1.412278,0.135394,0.150444,1.474196,0.160476,0.195345
19.883333,2.034220,2.041293,1.569262,2.020383,1.997677,2.049014,2.003942,1.975098,0.151210,0.997458,0.222246,1.366409,0.137319,0.150891,1.419929,0.160911,0.195837
19.900000,2.032309,2.040070,1.528473,2.020653,1.997613,2.046765,2.003972,1.974429,0.153313,1.010487,0.217372,1.330731,0.138693,0.150949,1.361109,0.161591,0.197870
19.916667,2.030905,2.039090,1.495662,2.020772,1.997535,2.045129,2.003992,1.973780,0.154938,1.017479,0.213470,1.308237,0.139204,0.150512,1.315029,0.161811,0.201129
19.933333,2.030101,2.039273,1.493915,2.020817,1.997455,2.043713,2.003989,1.973138,0.155011,1.021348,0.210716,1.290730,0.139729,0.149858,1.286376,0.161564,0.204375
19.950000,2.029633,2.040223,1.518265,2.020825,1.997380,2.042781,2.003979,1.972502,0.154533,1.023553,0.208645,1.278194,0.140741,0.149150,1.267630,0.161114,0.204636
19.966667,2.029351,2.040134,1.529408,2.020808,1.997298,2.041671,2.003964,1.971890,0.154008,1.024852,0.207333,1.260789,0.142356,0.148404,1.254651,0.161426,0.205596
19.983333,2.029173,2.039716,1.531174,2.020776,1.997218,2.040711,2.003939,1.971346,0.152225,1.025637,0.206150,1.245206,0.144697,0.148326,1.245020,0.161437,0.208654
20.000000,2.029050,2.039816,1.548198,2.020734,1.997137,2.039792,2.003914,1.970798,0.150912,1.026136,0.205571,1.229640,0.147735,0.148131,1.237681,0.161147,0.209265
20.016667,2.028968,2.040295,1.568942,2.020679,1.997063,2.038934,2.003894,1.970272,0.150300,1.026471,0.204006,1.220046,0.149420,0.148803,1.231028,0.160273,0.212430
20.033333,2.028897,2.040119,1.590374,2.020634,1.996991,2.038125,2.003869,1.969783,0.149447,1.026743,0.202419,1.211694,0.151155,0.150344,1.225553,0.160063,0.211685
20.050000,2.028838,2.040182,1.615670,2.020585,1.996924,2.037283,2.003841,1.969333,0.148320,1.026967,0.200723,1.202239,0.152755,0.152576,1.220787,0.160642,0.210804
20.066667,2.028788,2.040440,1.644216,2.020538,1.996862,2.036401,2.003811,1.968912,0.147388,1.027151,0.198930,1.191507,0.153986,0.155227,1.216578,0.162331,0.209653
20.083333,2.028746,2.040712,1.673105,2.020493,1.996805,2.035491,2.003779,1.968569,0.146550,1.027306,0.197087,1.179373,0.156364,0.157588,1.212850,0.162300,0.207603
20.100000,2.028708,2.040881,1.697453,2.020450,1.996754,2.034590,2.003747,1.968234,0.145677,1.027451,0.195260,1.166181,0.158865,0.160052,1.209574,0.162122,0.206032
20.116667,2.028676,2.041007,1.720970,2.020409,1.996726,2.033705,2.003720,1.967943,0.146194,1.027588,0.194185,1.158392,0.158716,0.160008,1.206646,0.162727,0.205095
20.133333,2.028649,2.041173,1.744226,2.020371,1.996702,2.032789,2.003693,1.967704,0.146561,1.027705,0.193168,1.148609,0.158599,0.159923,1.204095,0.162815,0.203872
20.150000,2.028627,2.041245,1.764640,2.020337,1.996687,2.031861,2.003668,1.967480,0.146894,1.027805,0.192077,1.137816,0.158492,0.159851,1.201941,0.162900,0.203269
20.166667,2.028608,2.041349,1.784806,2.020303,1.996684,2.030903,2.003643,1.967281,0.147282,1.027899,0.190874,1.125774,0.158389,0.159784,1.200233,0.162997,0.202869
20.183333,2.028597,2.041517,1.805015,2.020285,1.996694,2.029904,2.003619,1.967119,0.147763,1.027086,0.189539,1.112120,0.158291,0.159730,1.198869,0.163119,0.202590
20.200000,2.028593,2.041360,1.819891,2.020283,1.996720,2.028857,2.003596,1.966966,0.147845,1.025761,0.188122,1.097137,0.158201,0.159670,1.197855,0.163155,0.204252
20.216667,2.028594,2.040890,1.831181,2.020283,1.996757,2.027879,2.003577,1.966824,0.147729,1.024651,0.186830,1.083223,0.158097,0.159577,1.197215,0.163123,0.206798
20.233333,2.028600,2.040138,1.837917,2.020280,1.996771,2.027530,2.003567,1.966686,0.147490,1.023901,0.186627,1.081658,0.157645,0.159109,1.196934,0.163018,0.209095
20.250000,2.028612,2.039492,1.842521,2.020276,1.996776,2.027443,2.003564,1.966546,0.147027,1.023480,0.186821,1.084899,0.157060,0.158488,1.196934,0.162816,0.212080
20.266667,2.028613,2.039475,1.845669,2.020273,1.996779,2.027403,2.003562,1.966401,0.145946,1.023248,0.186882,1.087014,0.156507,0.157875,1.196660,0.162370,0.217947
20.283333,2.028605,2.039641,1.848069,2.020269,1.996781,2.027415,2.003563,1.966258,0.144874,1.023116,0.186963,1.089725,0.155881,0.157195,1.196112,0.161951,0.224665
20.300000,2.028605,2.040163,1.851956,2.020266,1.996782,2.027467,2.003565,1.966123,0.143837,1.023039,0.187057,1.092771,0.155238,0.156496,1.195933,0.161497,0.231762
20.316667,2.028607,2.040858,1.855618,2.020262,1.996782,2.027572,2.003567,1.966006,0.142716,1.022991,0.187215,1.096693,0.154558,0.155756,1.195949,0.160986,0.239974
20.333333,2.028617,2.041634,1.858340,2.020252,1.996761,2.027764,2.003572,1.965924,0.142426,1.022951,0.187429,1.102086,0.154207,0.154765,1.196043,0.160635,0.247906
20.350000,2.028628,2.042710,1.858881,2.020245,1.996719,2.028123,2.003570,1.965870,0.140727,1.022928,0.187268,1.109036,0.154717,0.154959,1.196025,0.159142,0.256574
20.366667,2.028638,2.043976,1.854111,2.020246,1.996681,2.028367,2.003549,1.965824,0.140105,1.022924,0.185304,1.115740,0.156390,0.156160,1.196212,0.158847,0.267000
20.383333,2.028643,2.044838,1.856609,2.020240,1.996631,2.028660,2.003549,1.965809,0.138272,1.022915,0.184521,1.118344,0.158224,0.157112,1.195956,0.156535,0.274698
20.400000,2.028638,2.045733,1.867568,2.020243,1.996590,2.029141,2.003546,1.965794,0.136388,1.022920,0.184632,1.122320,0.158097,0.157974,1.195671,0.156495,0.280816
20.416667,2.028629,2.046538,1.880217,2.020248,1.996562,2.029458,2.003541,1.965783,0.134381,1.022929,0.185833,1.116476,0.158004,0.158932,1.195226,0.156597,0.285748
20.433333,2.028620,2.047273,1.893115,2.020252,1.996513,2.030541,2.003540,1.965775,0.133399,1.022937,0.185108,1.147940,0.157705,0.158703,1.194788,0.156392,0.292042
20.450000,2.028612,2.047939,1.905840,2.020256,1.996459,2.031817,2.003539,1.965769,0.132469,1.022945,0.184089,1.187899,0.157306,0.158260,1.194377,0.156011,0.298712
20.466667,2.028869,2.048440,1.917459,2.020262,1.996402,2.033175,2.003536,1.965755,0.131698,1.022959,0.182977,1.231667,0.156845,0.157628,1.205612,0.155074,0.299688
20.483333,2.028963,2.048726,1.926286,2.020272,1.996348,2.034548,2.003531,1.965734,0.130326,1.022980,0.181514,1.275506,0.156441,0.157572,1.216933,0.153363,0.296192
20.500000,2.029022,2.048912,1.932679,2.020281,1.996305,2.035730,2.003527,1.965717,0.128670,1.022998,0.180546,1.312882,0.156103,0.157525,1.225902,0.151086,0.295325
20.516667,2.029058,2.049039,1.936568,2.020287,1.996319,2.036447,2.003526,1.965704,0.127794,1.023011,0.180309,1.334993,0.155862,0.157150,1.232351,0.149366,0.294769
20.533333,2.029122,2.049146,1.939421,2.020288,1.996494,2.037037,2.003491,1.964751,0.127590,1.023019,0.180285,1.347318,0.155708,0.156924,1.240079,0.148487,0.290776
20.550000,2.029210,2.049081,1.940673,2.020287,1.996733,2.037758,2.003417,1.963212,0.127809,1.023024,0.180447,1.354477,0.155610,0.156784,1.249033,0.148097,0.284629
20.566667,2.029350,2.048506,1.939325,2.020286,1.996936,2.038325,2.003364,1.962011,0.128586,1.023030,0.180615,1.358621,0.155539,0.156701,1.261801,0.148047,0.274058
20.583333,2.029501,2.047856,1.937716,2.020285,1.997097,2.038669,2.003382,1.961918,0.129566,1.023037,0.180737,1.360957,0.155476,0.156644,1.275297,0.148149,0.262893
20.600000,2.029662,2.047149,1.935853,2.020284,1.997216,2.038984,2.003575,1.962380,0.130660,1.023045,0.180807,1.362400,0.155417,0.156606,1.289442,0.148334,0.251860
20.616667,2.029800,2.046459,1.932932,2.020283,1.997384,2.039862,2.004104,1.962311,0.131982,1.023054,0.181016,1.364124,0.155376,0.156589,1.303244,0.148601,0.240569
20.633333,2.029938,2.046270,1.929942,2.020284,1.997520,2.040575,2.004730,1.961853,0.133597,1.023069,0.181188,1.365391,0.155343,0.156595,1.318158,0.148956,0.228684
20.650000,2.029929,2.047128,1.931642,2.020292,1.997631,2.041150,2.005314,1.961711,0.135020,1.023092,0.181321,1.366342,0.155313,0.156602,1.331230,0.149277,0.218859
20.666667,2.029703,2.048567,1.936839,2.020401,1.997731,2.041682,2.005999,1.961259,0.136018,1.022919,0.181444,1.367170,0.155297,0.156681,1.340756,0.149933,0.212905
20.683333,2.029838,2.050677,1.940827,2.020584,1.997813,2.042129,2.006760,1.960395,0.136681,1.022296,0.182296,1.368012,0.155286,0.156417,1.373448,0.150740,0.212006
20.700000,2.030241,2.052631,1.942608,2.020688,1.997884,2.042891,2.007423,1.958497,0.138069,1.021998,0.182698,1.380020,0.153887,0.156546,1.420620,0.152759,0.210969
20.716667,2.031380,2.054228,1.945958,2.020745,1.997945,2.043571,2.007879,1.956555,0.139474,1.021845,0.183120,1.394333,0.151621,0.156884,1.467949,0.155200,0.208619
20.733333,2.033052,2.055495,1.949138,2.020776,1.998105,2.043291,2.008098,1.954925,0.140982,1.021771,0.185515,1.389911,0.148999,0.156686,1.513648,0.157679,0.206907
20.750000,2.035067,2.056618,1.952222,2.020671,1.998265,2.043083,2.008131,1.953560,0.142542,1.022042,0.188456,1.389560,0.146143,0.156571,1.557688,0.160518,0.205589
20.766667,2.037938,2.057680,1.955140,2.020459,1.998424,2.043042,2.008002,1.952266,0.141582,1.022616,0.192935,1.392639,0.143564,0.157301,1.611584,0.162036,0.207554
20.783333,2.041699,2.058099,1.953001,2.020268,1.998577,2.043176,2.007729,1.950974,0.139612,1.023114,0.200088,1.398342,0.141322,0.156719,1.670633,0.161298,0.212573
20.800000,2.045610,2.057694,1.944095,2.020086,1.998729,2.043346,2.007349,1.948819,0.138004,1.023574,0.208435,1.405029,0.139009,0.156127,1.719405,0.160645,0.218200
20.816667,2.049695,2.056920,1.931567,2.019901,1.998880,2.043573,2.006925,1.946026,0.136565,1.024020,0.218206,1.413070,0.136702,0.155529,1.762049,0.160035,0.224529
20.833333,2.054105,2.056081,1.922107,2.019707,1.999051,2.044002,2.006487,1.942469,0.135902,1.024454,0.229273,1.424342,0.134517,0.154956,1.800947,0.159655,0.224467
20.850000,2.054689,2.055137,1.914672,2.019333,1.999240,2.044902,2.006041,1.937895,0.135758,0.993265,0.239402,1.440982,0.132757,0.154521,1.819126,0.159481,0.221303
20.866667,2.054697,2.054144,1.906997,2.018220,1.999468,2.045746,2.005588,1.932111,0.135743,0.937481,0.247920,1.460787,0.131230,0.154141,1.835963,0.159348,0.218787
20.883333,2.054589,2.053134,1.899049,2.016692,1.999705,2.046367,2.005138,1.924812,0.135750,0.867548,0.256496,1.478040,0.129847,0.153795,1.854536,0.159229,0.216516
20.900000,2.054464,2.051921,1.888593,2.015209,1.999863,2.046721,2.004683,1.915665,0.135923,0.799262,0.264276,1.490113,0.128605,0.153461,1.869354,0.159074,0.214276
20.916667,2.053931,2.050413,1.874329,2.014102,1.999852,2.046649,2.004283,1.906345,0.136412,0.750854,0.269069,1.493866,0.127726,0.153232,1.876249,0.158959,0.211894
20.933333,2.052788,2.048708,1.856456,2.013171,1.999842,2.046006,2.003918,1.898644,0.137603,0.719060,0.267671,1.497558,0.126895,0.152737,1.877677,0.159368,0.209915
20.950000,2.051413,2.046955,1.836030,2.012461,1.999766,2.045612,2.003598,1.892178,0.139041,0.699893,0.266089,1.510434,0.125202,0.151304,1.876276,0.159432,0.209232
20.966667,2.050483,2.045132,1.813574,2.011906,1.999701,2.044838,2.003234,1.885294,0.140630,0.687848,0.264333,1.514354,0.123828,0.149750,1.877655,0.159439,0.206901
20.983333,2.050493,2.043391,1.789986,2.011417,1.999628,2.044054,2.002863,1.878313,0.141879,0.679684,0.262266,1.516707,0.122793,0.148134,1.883965,0.159288,0.205025
21.000000,2.050828,2.042560,1.766827,2.010988,1.999562,2.043270,2.002485,1.870871,0.143076,0.673866,0.261272,1.514043,0.121747,0.146581,1.889986,0.159281,0.203890
21.016667,2.050671,2.042836,1.745956,2.010568,1.999539,2.042820,2.002232,1.864346,0.144095,0.669334,0.257182,1.514361,0.121325,0.145407,1.895288,0.159258,0.203728
21.033333,2.049578,2.042868,1.716762,2.010165,1.999579,2.042733,2.002060,1.858309,0.145499,0.665641,0.245921,1.533662,0.121332,0.144315,1.898060,0.159040,0.203789
21.050000,2.048950,2.042738,1.685271,2.009796,1.999672,2.042263,2.001975,1.854062,0.146608,0.662602,0.235077,1.541383,0.122033,0.143281,1.898898,0.158324,0.205088
21.066667,2.048585,2.042496,1.664849,2.009466,1.999830,2.041734,2.001894,1.852241,0.147537,0.660059,0.225836,1.541638,0.123112,0.142641,1.898746,0.157455,0.206310
21.083333,2.048356,2.042325,1.659025,2.009128,2.000065,2.041415,2.001854,1.850443,0.149620,0.657817,0.214714,1.547224,0.124726,0.142745,1.897885,0.157226,0.201511
21.100000,2.048132,2.041804,1.650002,2.008820,2.000380,2.041199,2.001838,1.848606,0.151862,0.655909,0.203648,1.554855,0.126485,0.143909,1.894748,0.158060,0.195642
21.116667,2.047925,2.041405,1.644755,2.008532,2.000785,2.041079,2.001837,1.846775,0.152982,0.654275,0.194250,1.564945,0.128415,0.145398,1.890827,0.158678,0.192044
21.133333,2.047748,2.040424,1.636189,2.008267,2.001273,2.041090,2.001842,1.845549,0.153053,0.652880,0.188024,1.583393,0.130835,0.145659,1.887115,0.158063,0.192218
21.150000,2.047599,2.039676,1.628710,2.008033,2.001898,2.041021,2.001843,1.844906,0.153990,0.651725,0.182904,1.595186,0.133236,0.145245,1.883745,0.157816,0.192282
21.166667,2.047479,2.039137,1.622366,2.007826,2.002684,2.040962,2.001845,1.844575,0.153968,0.650776,0.179297,1.603014,0.135136,0.145593,1.880824,0.157697,0.192327
21.183333,2.047382,2.038743,1.610717,2.007642,2.003586,2.041182,2.001860,1.844441,0.154049,0.650023,0.177132,1.609462,0.136294,0.146559,1.878334,0.158015,0.192221
21.200000,2.047308,2.038199,1.593643,2.007481,2.004520,2.041842,2.001873,1.844393,0.154238,0.649441,0.175024,1.616112,0.137112,0.147821,1.876350,0.158654,0.192476
21.216667,2.047255,2.037575,1.572954,2.007347,2.005498,2.042450,2.001883,1.844377,0.154458,0.649027,0.173053,1.620471,0.137972,0.149160,1.874880,0.159287,0.192843
21.233333,2.047221,2.037046,1.554366,2.007240,2.006437,2.042954,2.001892,1.844377,0.154677,0.648756,0.171520,1.621803,0.138515,0.150466,1.873932,0.159911,0.193447
21.250000,2.047201,2.036899,1.547836,2.007159,2.007221,2.043265,2.001900,1.844384,0.154798,0.648611,0.170153,1.620359,0.139107,0.151654,1.873407,0.160394,0.193824
21.266667,2.047211,2.036762,1.542274,2.007099,2.007692,2.043328,2.001902,1.844345,0.154938,0.648552,0.169163,1.614390,0.139383,0.152635,1.873155,0.160883,0.194573
21.283333,2.047217,2.036635,1.536647,2.007056,2.007824,2.043078,2.001900,1.844283,0.155129,0.648530,0.167792,1.604778,0.139781,0.153621,1.873032,0.161519,0.195729
21.300000,2.047221,2.036695,1.537970,2.007028,2.007661,2.042548,2.001896,1.844221,0.155203,0.648521,0.166556,1.592693,0.140238,0.154546,1.872973,0.162056,0.196676
21.316667,2.047223,2.036860,1.543256,2.007014,2.007322,2.041887,2.001890,1.844159,0.155329,0.648515,0.165945,1.579386,0.140185,0.155195,1.872946,0.162692,0.197533
21.333333,2.047226,2.037030,1.548776,2.007006,2.006997,2.041352,2.001881,1.844090,0.155395,0.648502,0.165871,1.568054,0.139935,0.155495,1.872952,0.162965,0.198483
21.350000,2.047229,2.037147,1.552654,2.007002,2.006707,2.041028,2.001867,1.844005,0.155394,0.648494,0.166034,1.561283,0.139789,0.155383,1.872964,0.162913,0.199147
21.366667,2.047232,2.037429,1.561293,2.006999,2.006499,2.040790,2.001850,1.843903,0.155324,0.648483,0.165639,1.557830,0.140168,0.154468,1.872982,0.162672,0.199804
21.383333,2.047235,2.037900,1.574382,2.006997,2.006235,2.040522,2.001838,1.843835,0.155128,0.648467,0.166398,1.554081,0.140836,0.152538,1.873002,0.161835,0.200481
21.400000,2.047238,2.038468,1.589515,2.006997,2.005989,2.039931,2.001821,1.843796,0.154802,0.648450,0.167226,1.535425,0.141136,0.151598,1.873032,0.161083,0.201390
21.416667,2.047242,2.039117,1.605958,2.006997,2.005786,2.039380,2.001805,1.843772,0.154055,0.648432,0.168439,1.515007,0.140843,0.151249,1.873067,0.160467,0.202409
21.433333,2.047245,2.039972,1.624640,2.006997,2.005264,2.038789,2.001790,1.843756,0.153727,0.648415,0.170362,1.497566,0.140551,0.150292,1.873094,0.159425,0.203113
21.450000,2.047247,2.040853,1.643240,2.006998,2.004547,2.037976,2.001777,1.843746,0.153788,0.648399,0.173135,1.474207,0.140065,0.148777,1.873117,0.158490,0.203644
21.466667,2.047249,2.041441,1.654803,2.006998,2.003762,2.037250,2.001763,1.842602,0.154010,0.648385,0.176338,1.454285,0.138488,0.146917,1.873150,0.158098,0.205120
21.483333,2.047241,2.041865,1.662451,2.006999,2.002875,2.036574,2.001759,1.834299,0.154203,0.648373,0.179869,1.437141,0.136419,0.145562,1.873182,0.157905,0.207103
21.500000,2.047210,2.042177,1.667719,2.007003,2.001989,2.035881,2.001844,1.827715,0.154228,0.648369,0.181805,1.424233,0.135473,0.144515,1.873189,0.157606,0.209091
21.516667,2.047181,2.042351,1.670603,2.007008,2.001237,2.035159,2.001918,1.825319,0.154231,0.648373,0.181641,1.413644,0.135731,0.144021,1.873180,0.157437,0.210255
21.533333,2.047155,2.042448,1.672164,2.007014,2.000539,2.034614,2.001977,1.821297,0.154219,0.648378,0.180480,1.408847,0.136459,0.143849,1.873167,0.157353,0.210914
21.550000,2.047126,2.042503,1.673014,2.007023,1.999926,2.034666,2.002044,1.820222,0.154202,0.648389,0.177958,1.412771,0.137773,0.143907,1.873145,0.157322,0.211295
21.566667,2.047097,2.042534,1.673478,2.007033,1.999409,2.034705,2.002116,1.819900,0.154188,0.648400,0.175037,1.413132,0.139648,0.144122,1.873120,0.157326,0.211514
21.583333,2.047068,2.042551,1.673726,2.007045,1.999049,2.035029,2.002174,1.819783,0.154187,0.648414,0.172404,1.415559,0.141635,0.144384,1.873095,0.157350,0.211635
21.600000,2.048022,2.042598,1.674119,2.007058,1.998814,2.035591,2.002132,1.820495,0.154254,0.648438,0.170454,1.421223,0.143764,0.144038,1.878746,0.156980,0.212661
21.616667,2.049885,2.042712,1.674863,2.007069,1.998648,2.036331,2.002133,1.826211,0.154036,0.648468,0.168665,1.429174,0.144399,0.144312,1.889108,0.156269,0.215247
21.633333,2.052664,2.043301,1.681176,2.007080,1.998517,2.037280,2.002189,1.835270,0.153541,0.648531,0.166844,1.440211,0.145340,0.144950,1.901992,0.155452,0.217632
21.650000,2.054704,2.044316,1.686688,2.007442,1.998422,2.038206,2.002265,1.845741,0.153467,0.657745,0.164378,1.450217,0.146522,0.146038,1.903115,0.155110,0.219472
21.666667,2.057073,2.045278,1.691505,2.008014,1.998373,2.039413,2.002319,1.854756,0.152759,0.672270,0.162517,1.460225,0.147649,0.147137,1.909250,0.154790,0.222283
21.683333,2.058243,2.046206,1.695671,2.008531,1.998331,2.041042,2.002378,1.864009,0.151332,0.685133,0.161673,1.471359,0.148981,0.147774,1.910747,0.153320,0.227209
21.700000,2.059083,2.047392,1.706512,2.009024,1.998316,2.042731,2.002541,1.875861,0.150881,0.680916,0.161005,1.477282,0.150062,0.148601,1.909255,0.152866,0.230046
21.716667,2.058788,2.048554,1.716213,2.009824,1.998326,2.044390,2.002768,1.886903,0.151066,0.682563,0.160909,1.476219,0.150109,0.149244,1.901965,0.153076,0.231992
21.733333,2.058134,2.049591,1.723823,2.010466,1.998352,2.046137,2.003020,1.897163,0.151584,0.685998,0.161430,1.472811,0.148796,0.149433,1.891952,0.153921,0.233351
21.750000,2.056736,2.050489,1.729413,2.010853,1.998380,2.047823,2.003273,1.906209,0.151799,0.688519,0.162049,1.467914,0.147502,0.149833,1.876849,0.154534,0.234420
21.766667,2.054931,2.051230,1.732855,2.011056,1.998421,2.049704,2.003495,1.914209,0.152109,0.689736,0.162757,1.463858,0.146257,0.150210,1.857952,0.155103,0.235192
21.783333,2.052952,2.051881,1.735099,2.011164,1.998441,2.051467,2.003728,1.921486,0.152458,0.690124,0.163223,1.460985,0.145596,0.150543,1.836073,0.155514,0.235790
21.800000,2.050844,2.052478,1.736651,2.011220,1.998438,2.052639,2.003959,1.927686,0.152815,0.689905,0.163629,1.455803,0.145036,0.150822,1.811157,0.155909,0.236266
21.816667,2.048757,2.051871,1.729574,2.011246,1.998392,2.050902,2.004162,1.932974,0.153628,0.689176,0.163951,1.423108,0.145341,0.151161,1.784451,0.156704,0.236146
21.833333,2.046667,2.050457,1.714704,2.010969,1.998324,2.048131,2.004324,1.937204,0.153984,0.688921,0.164368,1.376959,0.146550,0.151916,1.755589,0.157548,0.236088
21.850000,2.044715,2.048811,1.697690,2.010679,1.998256,2.044924,2.004430,1.940135,0.154466,0.688932,0.165253,1.321166,0.147881,0.152859,1.724048,0.158535,0.234723
21.866667,2.042904,2.046795,1.678794,2.010400,1.998225,2.042608,2.004499,1.941765,0.155535,0.689063,0.166406,1.272963,0.148886,0.153766,1.686883,0.159499,0.230775
21.883333,2.041431,2.045111,1.658795,2.010120,1.998200,2.040586,2.004536,1.942657,0.155852,0.689250,0.167702,1.228465,0.149730,0.154929,1.646117,0.161127,0.228474
21.900000,2.040086,2.044293,1.639076,2.009848,1.998155,2.038597,2.004539,1.943178,0.154028,0.689452,0.169713,1.185209,0.151338,0.155819,1.604130,0.161152,0.232634
21.916667,2.038936,2.043512,1.622606,2.009572,1.998105,2.036818,2.004524,1.943495,0.153142,0.689675,0.171475,1.146192,0.152731,0.156683,1.568256,0.161565,0.234507
21.933333,2.037905,2.042664,1.625447,2.009311,1.998049,2.036076,2.004495,1.943705,0.152558,0.689889,0.174426,1.128207,0.151731,0.156810,1.536199,0.161882,0.233010
21.950000,2.037112,2.042196,1.627777,2.009050,1.997978,2.035380,2.004467,1.943393,0.150524,0.690109,0.178562,1.105489,0.151388,0.156931,1.509822,0.161073,0.234752
21.966667,2.036421,2.041283,1.623950,2.008804,1.997900,2.035420,2.004457,1.942298,0.149683,0.690306,0.181483,1.100949,0.151909,0.157022,1.484155,0.159347,0.235273
21.983333,2.035710,2.040878,1.622632,2.008554,1.997786,2.036530,2.004442,1.941325,0.147249,0.690510,0.182145,1.120739,0.153641,0.156862,1.459750,0.157662,0.240337
22.000000,2.035169,2.039800,1.620103,2.008318,1.997667,2.037756,2.004414,1.940529,0.146473,0.690714,0.182496,1.141124,0.155862,0.157080,1.444117,0.157459,0.237657
22.016667,2.034860,2.038912,1.621983,2.008099,1.997584,2.037834,2.004388,1.939789,0.146490,0.690903,0.182295,1.144126,0.157077,0.157925,1.433532,0.158262,0.237094
22.033333,2.034710,2.038658,1.638356,2.007889,1.997508,2.037403,2.004356,1.939130,0.147985,0.691090,0.181631,1.138644,0.157151,0.158506,1.425792,0.162086,0.237638
22.050000,2.034655,2.038641,1.661014,2.007704,1.997444,2.036726,2.004323,1.938602,0.147915,0.691233,0.180618,1.129939,0.157305,0.159871,1.419732,0.164188,0.237548
22.066667,2.034650,2.038866,1.689637,2.007522,1.997410,2.036257,2.004289,1.938169,0.147613,0.691358,0.179270,1.129376,0.157145,0.159806,1.414810,0.164063,0.237507
22.083333,2.034671,2.039104,1.716480,2.007342,1.997385,2.035637,2.004255,1.937865,0.147191,0.691477,0.177744,1.126909,0.156976,0.159734,1.410675,0.163920,0.238938
22.100000,2.034708,2.039297,1.742057,2.007185,1.997367,2.034883,2.004219,1.937644,0.146971,0.691579,0.176306,1.121773,0.156835,0.159680,1.407042,0.163831,0.239791
22.116667,2.034749,2.039429,1.766293,2.007048,1.997354,2.033772,2.004183,1.937531,0.147004,0.691668,0.175278,1.105267,0.156789,0.159649,1.403873,0.163803,0.240006
22.133333,2.034786,2.039487,1.788790,2.006916,1.997349,2.032405,2.004152,1.937223,0.147297,0.691758,0.174612,1.078750,0.156832,0.159656,1.401181,0.163848,0.239465
22.150000,2.034835,2.039449,1.809087,2.006802,1.997350,2.030801,2.004122,1.937031,0.147732,0.691833,0.174329,1.040995,0.156968,0.159688,1.398767,0.163928,0.238973
22.166667,2.034882,2.039317,1.827249,2.006778,1.997360,2.029034,2.004094,1.936919,0.148233,0.690304,0.174372,0.993289,0.157186,0.159742,1.396780,0.164026,0.238920
22.183333,2.034929,2.039032,1.842876,2.006784,1.997381,2.027208,2.004069,1.936803,0.148791,0.688811,0.174699,0.937390,0.157483,0.159935,1.395155,0.163954,0.240147
22.200000,2.034976,2.039328,1.859460,2.006841,1.997359,2.026907,2.004049,1.936692,0.149148,0.686439,0.173864,0.929982,0.157296,0.159823,1.393967,0.163875,0.240038
22.216667,2.035025,2.038991,1.868902,2.006907,1.997335,2.026715,2.004033,1.936576,0.149538,0.684031,0.173560,0.925357,0.157326,0.159361,1.393158,0.162607,0.242690
22.233333,2.035074,2.038711,1.874820,2.006951,1.997297,2.026559,2.004013,1.936429,0.150825,0.682488,0.172862,0.921561,0.157362,0.158991,1.392842,0.163011,0.244390
22.250000,2.035115,2.039433,1.877330,2.006971,1.997261,2.026670,2.003998,1.936255,0.149588,0.681621,0.171623,0.926914,0.157577,0.160516,1.392631,0.164514,0.249558
22.266667,2.035141,2.040911,1.882336,2.006981,1.997232,2.026787,2.003996,1.936044,0.148493,0.681154,0.171714,0.926838,0.157263,0.160296,1.392467,0.165090,0.258081
22.283333,2.035157,2.042714,1.887913,2.006984,1.997224,2.026603,2.003996,1.935800,0.147146,0.680898,0.171520,0.918775,0.157235,0.159937,1.392397,0.164679,0.266650
22.300000,2.035168,2.044581,1.892139,2.006984,1.997213,2.026511,2.003999,1.935554,0.145754,0.680757,0.171288,0.912618,0.157244,0.159796,1.392355,0.164273,0.275553
22.316667,2.035176,2.046433,1.895969,2.006982,1.997201,2.026456,2.004003,1.935291,0.144354,0.680678,0.171052,0.907390,0.157260,0.159727,1.392332,0.163824,0.284873
22.333333,2.035181,2.048173,1.900122,2.006980,1.997184,2.026474,2.004007,1.935029,0.142955,0.680636,0.170928,0.904337,0.157212,0.159585,1.392304,0.163237,0.294662
22.350000,2.035186,2.049314,1.903568,2.006979,1.997168,2.026538,2.004012,1.934776,0.141740,0.680609,0.170906,0.902574,0.157149,0.159424,1.392345,0.162615,0.304353
22.366667,2.035191,2.050516,1.906781,2.006977,1.997150,2.026627,2.004017,1.934604,0.140687,0.680593,0.171030,0.901485,0.157178,0.159148,1.392406,0.161994,0.314510
22.383333,2.035195,2.051493,1.909796,2.006973,1.997120,2.026868,2.004021,1.934511,0.139325,0.680586,0.171185,0.905829,0.157382,0.159257,1.392284,0.160827,0.324010
22.400000,2.035190,2.052518,1.918351,2.006974,1.997090,2.027298,2.004024,1.934284,0.138121,0.680590,0.171218,0.916903,0.157269,0.159089,1.392144,0.160277,0.331209
22.416667,2.035183,2.052750,1.924343,2.006975,1.997061,2.027896,2.004027,1.934098,0.136990,0.680595,0.171137,0.933369,0.157094,0.158934,1.391927,0.159941,0.339136
22.433333,2.035176,2.051844,1.926533,2.006975,1.997030,2.028675,2.004030,1.933996,0.135932,0.680602,0.170974,0.954400,0.156911,0.158656,1.391705,0.159493,0.347730
22.450000,2.035172,2.051342,1.920801,2.006976,1.996987,2.030031,2.004033,1.933940,0.135452,0.680608,0.170201,0.988293,0.156594,0.158172,1.391535,0.159177,0.356887
22.466667,2.035167,2.050430,1.910149,2.006979,1.996940,2.031767,2.004034,1.933909,0.135505,0.680618,0.169000,1.030098,0.156202,0.157676,1.391431,0.159208,0.364680
22.483333,2.035163,2.049446,1.898025,2.006981,1.996903,2.033411,2.004035,1.933891,0.135646,0.680626,0.168214,1.068453,0.155825,0.156946,1.391328,0.159034,0.371731
22.500000,2.035161,2.048696,1.888578,2.006980,1.996886,2.034441,2.004040,1.933885,0.134543,0.680628,0.168499,1.091358,0.155646,0.156439,1.391236,0.157714,0.377678
22.516667,2.035159,2.048383,1.884233,2.006980,1.996878,2.035104,2.004044,1.933883,0.133115,0.680626,0.169109,1.105535,0.155585,0.156269,1.391191,0.155894,0.372921
22.533333,2.035157,2.048410,1.884740,2.006978,1.996873,2.035589,2.004049,1.933884,0.131511,0.680623,0.170029,1.115315,0.155597,0.156264,1.391145,0.153780,0.362771
22.550000,2.035772,2.048636,1.887481,2.006977,1.996895,2.036000,2.004052,1.934788,0.129689,0.680624,0.171347,1.122989,0.155643,0.156197,1.408027,0.151135,0.349702
22.566667,2.034844,2.048963,1.890976,2.006973,1.997012,2.036375,2.004011,1.935320,0.128302,0.680626,0.172976,1.129518,0.155708,0.156091,1.399861,0.148474,0.335179
22.583333,2.033907,2.049405,1.895716,2.007243,1.997119,2.036607,2.003968,1.935874,0.128164,0.683831,0.174065,1.133491,0.155743,0.156017,1.395181,0.146987,0.316557
22.600000,2.032970,2.049848,1.900979,2.007933,1.997215,2.036739,2.003929,1.936500,0.128975,0.692604,0.174684,1.135732,0.155759,0.155992,1.387891,0.146413,0.298007
22.616667,2.032005,2.050167,1.903992,2.009045,1.997299,2.036822,2.003916,1.937822,0.129559,0.707691,0.175049,1.137058,0.155749,0.155993,1.378294,0.146161,0.285811
22.633333,2.031159,2.050637,1.907901,2.010210,1.997320,2.036836,2.003955,1.939830,0.130361,0.725308,0.175288,1.137808,0.155734,0.155932,1.365060,0.146107,0.275100
22.650000,2.030867,2.052074,1.914241,2.010739,1.997280,2.036658,2.004027,1.941487,0.130706,0.729726,0.175350,1.137738,0.155706,0.155900,1.355584,0.146102,0.268522
22.666667,2.031254,2.052971,1.911809,2.010827,1.997300,2.036694,2.004394,1.944003,0.131200,0.725518,0.175467,1.138135,0.155708,0.155998,1.363866,0.146634,0.264894
22.683333,2.031652,2.053994,1.908481,2.010663,1.997331,2.036730,2.004922,1.946653,0.131661,0.716818,0.175536,1.138359,0.155778,0.156451,1.372918,0.148833,0.268714
22.700000,2.032092,2.055160,1.905450,2.010355,1.997319,2.036608,2.005390,1.948904,0.132189,0.705661,0.175497,1.138008,0.155834,0.156843,1.391068,0.150735,0.268702
22.716667,2.032981,2.056325,1.903112,2.009940,1.997284,2.036441,2.005837,1.951207,0.132953,0.692925,0.175394,1.137416,0.155888,0.157204,1.419034,0.152392,0.268969
22.733333,2.034153,2.057561,1.902345,2.009445,1.997229,2.036241,2.006187,1.953087,0.133534,0.678946,0.175257,1.136694,0.155934,0.157508,1.452411,0.153709,0.268453
22.750000,2.035413,2.058723,1.903580,2.008916,1.997212,2.035507,2.006576,1.953562,0.133028,0.664849,0.176627,1.118103,0.156208,0.157881,1.485843,0.153731,0.267983
22.766667,2.036989,2.059840,1.906569,2.008417,1.997230,2.034972,2.007068,1.952034,0.132334,0.651931,0.178840,1.102200,0.156456,0.157750,1.533166,0.152822,0.266632
22.783333,2.039460,2.060957,1.911036,2.007886,1.997245,2.034635,2.007537,1.947687,0.131721,0.638352,0.181164,1.090562,0.156690,0.157614,1.597978,0.151879,0.263129
22.800000,2.042729,2.061864,1.914903,2.006952,1.997353,2.035215,2.007801,1.944103,0.131663,0.629066,0.181113,1.106911,0.156576,0.157436,1.667535,0.151160,0.259069
22.816667,2.045923,2.062620,1.918508,2.006134,1.997668,2.036292,2.007923,1.941207,0.132271,0.622876,0.178646,1.139361,0.156162,0.157295,1.720516,0.150926,0.255374
22.833333,2.048421,2.063239,1.920851,2.005486,1.997925,2.037108,2.007966,1.938771,0.132924,0.619547,0.176826,1.162041,0.155856,0.157207,1.752990,0.150865,0.252116
22.850000,2.050477,2.063860,1.922405,2.004981,1.998128,2.037192,2.007957,1.936508,0.133664,0.617904,0.175790,1.166308,0.155740,0.157247,1.775587,0.151053,0.248959
22.866667,2.052226,2.064452,1.923503,2.004503,1.998382,2.036467,2.007911,1.932773,0.134679,0.617208,0.175122,1.152319,0.155755,0.157317,1.793042,0.151469,0.245868
22.883333,2.053738,2.064429,1.922085,2.004053,1.998619,2.035563,2.007839,1.928463,0.135753,0.617013,0.174756,1.133310,0.155826,0.157407,1.808384,0.151937,0.242744
22.900000,2.055053,2.062440,1.911743,2.003614,1.998814,2.034745,2.007735,1.923994,0.136836,0.617101,0.174626,1.115080,0.155919,0.157499,1.821221,0.152370,0.239864
22.916667,2.056090,2.060082,1.898561,2.003203,1.998992,2.033949,2.007602,1.919590,0.137938,0.617323,0.174640,1.096399,0.156029,0.157593,1.832257,0.152799,0.237074
22.933333,2.056162,2.057937,1.888438,2.002808,1.999083,2.033188,2.007468,1.916012,0.139008,0.617595,0.175254,1.078075,0.156220,0.157831,1.844442,0.153911,0.232201
22.950000,2.054667,2.055883,1.878210,2.002441,1.998999,2.032180,2.007316,1.912493,0.140239,0.617887,0.176103,1.051958,0.156480,0.158130,1.854540,0.155305,0.227383
22.966667,2.053355,2.054168,1.868992,2.001989,1.998908,2.031323,2.007169,1.909363,0.141599,0.616498,0.176160,1.028679,0.156546,0.158376,1.863335,0.156755,0.223898
22.983333,2.052115,2.052598,1.859706,2.001387,1.998823,2.031207,2.007026,1.906572,0.143103,0.611668,0.174085,1.030703,0.156434,0.158851,1.871134,0.158315,0.220918
23.000000,2.050774,2.051189,1.850296,2.000789,1.998756,2.031465,2.006885,1.904097,0.144227,0.607342,0.172225,1.042246,0.156200,0.158846,1.878164,0.158969,0.219340
23.016667,2.049896,2.050193,1.847010,2.000186,1.998723,2.032112,2.006756,1.901980,0.145662,0.603458,0.169769,1.066061,0.156195,0.158774,1.882859,0.159221,0.214270
23.033333,2.049332,2.049927,1.846524,1.999687,1.998682,2.032671,2.006628,1.900025,0.147536,0.600197,0.168281,1.083260,0.155062,0.158669,1.883851,0.159475,0.209221
23.050000,2.048979,2.050314,1.855671,1.999180,1.998668,2.033267,2.006527,1.898557,0.146395,0.597290,0.168658,1.100870,0.155006,0.158470,1.883612,0.158534,0.208733
23.066667,2.048725,2.050147,1.863998,1.998721,1.998676,2.033175,2.006420,1.897133,0.145242,0.594751,0.169084,1.106764,0.156229,0.157857,1.882121,0.157535,0.208249
23.083333,2.048442,2.049702,1.872940,1.998305,1.998691,2.032800,2.006337,1.896045,0.143962,0.592543,0.168382,1.106811,0.157082,0.158768,1.877893,0.156601,0.208588
23.100000,2.048272,2.049090,1.881604,1.997921,1.998750,2.032560,2.006262,1.895121,0.143439,0.590625,0.167969,1.110697,0.156877,0.158615,1.873311,0.156184,0.208924
23.116667,2.048240,2.048396,1.889994,1.997596,1.998856,2.032457,2.006200,1.894387,0.142865,0.588991,0.167332,1.119506,0.156645,0.158483,1.869560,0.155741,0.209146
23.133333,2.048218,2.047683,1.898326,1.997284,1.999011,2.032452,2.006148,1.893775,0.142278,0.587611,0.166432,1.132493,0.156377,0.158341,1.866095,0.155276,0.209410
23.150000,2.048211,2.048440,1.908382,1.997024,1.999220,2.032487,2.006101,1.893236,0.141786,0.586466,0.165332,1.147156,0.156083,0.158144,1.863037,0.154836,0.209960
23.166667,2.048230,2.049119,1.918062,1.996819,1.999485,2.032619,2.006068,1.892841,0.141398,0.585543,0.164179,1.164913,0.155747,0.157774,1.860480,0.154359,0.210478
23.183333,2.048259,2.049612,1.926738,1.996622,1.999811,2.032846,2.006026,1.892373,0.141567,0.584838,0.163198,1.184270,0.155349,0.156901,1.858390,0.154044,0.210813
23.200000,2.048295,2.049774,1.934151,1.996452,2.000160,2.033022,2.005988,1.891961,0.141947,0.584319,0.162528,1.197005,0.155016,0.155917,1.856780,0.153918,0.211448
23.216667,2.048340,2.050566,1.942175,1.996288,2.000537,2.033232,2.005958,1.891619,0.142301,0.583968,0.162038,1.209079,0.154677,0.154853,1.855663,0.153771,0.212427
23.233333,2.048382,2.050907,1.946755,1.996148,2.000848,2.033429,2.005933,1.891319,0.143418,0.583765,0.161332,1.218618,0.154334,0.153784,1.854987,0.153988,0.213114
23.250000,2.048417,2.050841,1.947597,1.996035,2.000922,2.033918,2.005911,1.891066,0.144496,0.583683,0.159818,1.236550,0.153872,0.153232,1.854627,0.154052,0.213228
23.266667,2.048439,2.051005,1.949390,1.995941,2.000848,2.034477,2.005892,1.890844,0.144880,0.583663,0.158339,1.252926,0.153580,0.153216,1.854433,0.154107,0.213849
23.283333,2.048451,2.051538,1.953011,1.995865,2.000634,2.034696,2.005877,1.890662,0.145116,0.583668,0.156790,1.260456,0.153374,0.153425,1.854331,0.154358,0.215419
23.300000,2.048458,2.052533,1.958244,1.995775,2.000389,2.034983,2.005866,1.890511,0.145109,0.583705,0.155239,1.268966,0.153161,0.153712,1.854275,0.154661,0.217437
23.316667,2.048462,2.053945,1.964398,1.995685,2.000153,2.035389,2.005859,1.890392,0.145048,0.583752,0.153699,1.278427,0.152898,0.154047,1.854243,0.155060,0.219567
23.333333,2.048464,2.056119,1.971722,1.995606,1.999902,2.035763,2.005855,1.890313,0.145011,0.583797,0.152420,1.284833,0.152449,0.154279,1.854227,0.155272,0.221306
23.350000,2.048465,2.059040,1.980396,1.995531,1.999620,2.036163,2.005840,1.890133,0.144723,0.583840,0.151372,1.291104,0.152072,0.154395,1.854222,0.155282,0.223099
23.366667,2.048467,2.062035,1.988654,1.995488,1.999288,2.036416,2.005830,1.890012,0.144351,0.583860,0.150773,1.289490,0.150919,0.154323,1.854227,0.155186,0.225291
23.383333,2.048471,2.063917,1.994472,1.995462,1.998926,2.036614,2.005826,1.889945,0.144022,0.583859,0.150715,1.283734,0.149531,0.153770,1.854246,0.154470,0.228788
23.400000,2.048477,2.065044,1.998569,1.995445,1.998577,2.036426,2.005817,1.889904,0.143927,0.583843,0.151662,1.277349,0.148161,0.152064,1.854282,0.153356,0.232310
23.416667,2.048483,2.066049,2.002153,1.995434,1.998251,2.036204,2.005804,1.889878,0.143255,0.583823,0.152724,1.275461,0.146344,0.150920,1.854320,0.152327,0.235552
23.433333,2.048490,2.067091,2.005579,1.995426,1.997936,2.036083,2.005792,1.889859,0.142244,0.583799,0.153884,1.278578,0.144390,0.150041,1.854361,0.151248,0.238636
23.450000,2.048495,2.068066,2.008675,1.995420,1.997635,2.036013,2.005781,1.889848,0.141666,0.583777,0.155529,1.283608,0.141975,0.148307,1.854399,0.150437,0.241530
23.466667,2.048498,2.068531,2.010006,1.995417,1.997366,2.035942,2.005775,1.889842,0.141548,0.583765,0.156760,1.286295,0.140445,0.147180,1.854417,0.150222,0.242811
23.483333,2.048498,2.068655,2.010226,1.995417,1.997114,2.035876,2.005771,1.889839,0.141666,0.583762,0.157485,1.287197,0.139650,0.146627,1.854423,0.150324,0.243046
23.500000,2.048498,2.068633,2.010003,1.995418,1.996878,2.035820,2.005768,1.889837,0.141875,0.583761,0.157923,1.287297,0.139242,0.146326,1.854424,0.150507,0.242885
23.516667,2.048340,2.068472,2.009311,1.995420,1.996625,2.035778,2.005838,1.889220,0.142233,0.583763,0.158278,1.287076,0.139028,0.146119,1.854158,0.150810,0.242346
23.533333,2.048015,2.068202,2.008234,1.995422,1.996368,2.035765,2.005994,1.888011,0.142720,0.583766,0.158592,1.286800,0.138929,0.145979,1.853614,0.151238,0.241498
23.550000,2.047746,2.067986,2.007376,1.995427,1.996122,2.035840,2.006229,1.886919,0.143101,0.583773,0.158827,1.286789,0.138878,0.145889,1.853166,0.151573,0.240842
23.566667,2.046496,2.067854,2.006858,1.995432,1.995896,2.036203,2.006401,1.887720,0.143348,0.583779,0.158530,1.294846,0.138759,0.145830,1.846130,0.151795,0.240466
23.583333,2.045207,2.067765,2.006509,1.995439,1.995662,2.036539,2.006542,1.888660,0.143508,0.583810,0.158224,1.302181,0.138659,0.145794,1.837900,0.151941,0.240265
23.600000,2.044466,2.068065,2.006733,1.995480,1.995408,2.036731,2.006658,1.889116,0.143582,0.584611,0.158064,1.306170,0.138603,0.145774,1.832659,0.152050,0.240378
23.616667,2.044513,2.066925,2.003623,1.995515,1.995117,2.036780,2.006771,1.886576,0.145114,0.585252,0.158322,1.308360,0.138517,0.145081,1.832766,0.152712,0.238103
23.633333,2.045687,2.064795,1.999974,1.995540,1.994836,2.036815,2.006935,1.881655,0.145024,0.585613,0.158475,1.309500,0.139084,0.145506,1.840524,0.153053,0.235566
23.650000,2.047679,2.062515,1.996261,1.995560,1.994507,2.037011,2.007111,1.878848,0.144669,0.585824,0.158251,1.314504,0.140201,0.146108,1.853928,0.153242,0.232993
23.666667,2.050414,2.061035,1.993185,1.995577,1.994216,2.037366,2.007321,1.877054,0.144291,0.585957,0.157194,1.327842,0.142031,0.147013,1.871451,0.153594,0.229956
23.683333,2.053890,2.060000,1.990205,1.996716,1.994099,2.038042,2.007667,1.875562,0.144013,0.609463,0.156372,1.340751,0.143803,0.148043,1.890245,0.154147,0.226945
23.700000,2.054665,2.058625,1.984557,1.997746,1.994348,2.039165,2.008108,1.876918,0.144497,0.628131,0.155589,1.352961,0.144741,0.149923,1.888167,0.155781,0.222808
23.716667,2.053611,2.057237,1.977151,1.998513,1.994582,2.040674,2.008618,1.882676,0.145289,0.642452,0.154597,1.367584,0.145688,0.152510,1.875599,0.157767,0.218804
23.733333,2.051574,2.056148,1.969679,1.999435,1.994692,2.042214,2.009104,1.890002,0.145468,0.650576,0.153811,1.382917,0.147231,0.155273,1.856095,0.159050,0.216470
23.750000,2.049105,2.055139,1.960628,2.001555,1.994689,2.043300,2.009459,1.895946,0.145646,0.650014,0.153048,1.394997,0.149098,0.157847,1.831467,0.159837,0.214414
23.766667,2.046650,2.054347,1.951853,2.003580,1.994613,2.044343,2.009792,1.902852,0.146028,0.648852,0.152816,1.407930,0.149007,0.158420,1.803450,0.159995,0.214818
23.783333,2.044644,2.053865,1.945513,2.005255,1.994498,2.045468,2.010236,1.913125,0.146308,0.647057,0.152616,1.422579,0.147777,0.158169,1.774962,0.160042,0.217157
23.800000,2.042574,2.053607,1.940863,2.006677,1.994365,2.046378,2.010611,1.921385,0.146563,0.645163,0.152399,1.434462,0.146727,0.157957,1.742689,0.160108,0.219387
23.816667,2.040514,2.053574,1.935652,2.007786,1.994190,2.045899,2.010949,1.928383,0.146877,0.643014,0.152259,1.428410,0.146300,0.157852,1.706914,0.160209,0.221593
23.833333,2.038462,2.053300,1.924118,2.008636,1.994009,2.045381,2.011245,1.934046,0.147408,0.640674,0.152118,1.421712,0.146014,0.157780,1.667224,0.160340,0.224209
23.850000,2.036452,2.052928,1.908025,2.008825,1.993825,2.043937,2.011496,1.938701,0.148050,0.639059,0.152372,1.394426,0.146448,0.157822,1.623560,0.160491,0.227090
23.866667,2.034877,2.052213,1.886569,2.008631,1.993638,2.041952,2.011693,1.942267,0.148800,0.638473,0.153044,1.351891,0.147308,0.157935,1.575889,0.160685,0.230197
23.883333,2.033756,2.051210,1.862045,2.008398,1.993457,2.039740,2.011724,1.943261,0.149557,0.638266,0.154122,1.299782,0.148296,0.158069,1.535281,0.160890,0.233143
23.900000,2.033214,2.050441,1.841364,2.008145,1.993281,2.037461,2.011707,1.943380,0.148541,0.638255,0.156229,1.240568,0.149803,0.158234,1.510319,0.160663,0.238034
23.916667,2.032993,2.049977,1.823579,2.007849,1.993111,2.035214,2.011700,1.943484,0.146441,0.638372,0.159234,1.176663,0.151751,0.158301,1.494342,0.159267,0.246467
23.933333,2.032831,2.049452,1.805567,2.007546,1.992955,2.033727,2.011472,1.943433,0.144836,0.638538,0.163073,1.124215,0.152026,0.157628,1.482798,0.156817,0.256305
23.950000,2.032666,2.048696,1.784804,2.007284,1.992777,2.033060,2.011308,1.943403,0.144006,0.638699,0.166304,1.095265,0.151370,0.156759,1.473651,0.154604,0.265593
23.966667,2.032561,2.047979,1.763274,2.006995,1.992597,2.032712,2.011205,1.943393,0.143544,0.638905,0.168654,1.077921,0.151048,0.156186,1.465995,0.152911,0.273889
23.983333,2.032492,2.046500,1.741306,2.006748,1.992427,2.032534,2.011137,1.943397,0.145543,0.639082,0.170538,1.066349,0.150871,0.155676,1.459517,0.152081,0.271488
24.000000,2.032444,2.045179,1.728611,2.006498,1.992263,2.032479,2.011047,1.943379,0.146166,0.639268,0.172851,1.058268,0.151201,0.155630,1.453701,0.151895,0.267594
24.016667,2.032406,2.043785,1.717826,2.006256,1.992109,2.032478,2.010799,1.943229,0.145694,0.639454,0.175253,1.052290,0.151959,0.156126,1.448588,0.152014,0.263748
24.033333,2.032373,2.042438,1.707107,2.006030,1.991938,2.032854,2.010595,1.943109,0.145013,0.639624,0.176098,1.063373,0.153592,0.156475,1.444008,0.151787,0.260583
24.050000,2.032345,2.041802,1.696753,2.005820,1.991772,2.033189,2.010402,1.942737,0.142180,0.639749,0.177141,1.073889,0.155710,0.157646,1.439620,0.150229,0.264546
24.066667,2.032332,2.041365,1.682542,2.005609,1.991624,2.034293,2.010254,1.942034,0.140264,0.639878,0.177046,1.106226,0.156231,0.157859,1.423236,0.147629,0.272817
24.083333,2.032332,2.040123,1.664920,2.005433,1.991487,2.035405,2.010123,1.941526,0.139705,0.639996,0.176337,1.140025,0.155868,0.157706,1.410810,0.147064,0.273690
24.100000,2.032475,2.039157,1.659242,2.005267,1.991366,2.034749,2.010050,1.941283,0.139267,0.640112,0.177790,1.122347,0.155970,0.157632,1.399204,0.147106,0.274721
24.116667,2.032632,2.039212,1.661884,2.005124,1.991261,2.033176,2.010005,1.941179,0.139117,0.640219,0.180787,1.073904,0.156344,0.157671,1.390388,0.147416,0.274440
24.133333,2.032800,2.039187,1.664201,2.005002,1.991168,2.032089,2.009984,1.941005,0.139221,0.640304,0.184122,1.035851,0.156563,0.157580,1.383512,0.147557,0.271860
24.150000,2.032968,2.039243,1.668092,2.004899,1.991076,2.031681,2.009967,1.940836,0.139520,0.640372,0.183882,1.024204,0.157335,0.157932,1.378170,0.147677,0.268785
24.166667,2.033126,2.039431,1.674770,2.004796,1.990995,2.031457,2.009939,1.940694,0.139213,0.640428,0.183484,1.021434,0.157166,0.157694,1.374052,0.146961,0.269501
24.183333,2.033265,2.039572,1.679554,2.004738,1.990922,2.031262,2.009901,1.940619,0.138754,0.639786,0.183215,1.020747,0.157008,0.157487,1.370815,0.146434,0.270683
24.200000,2.033376,2.039661,1.682924,2.004723,1.990859,2.031116,2.009879,1.940550,0.138286,0.638824,0.183113,1.021827,0.156887,0.157350,1.368204,0.146168,0.271629
24.216667,2.033453,2.039732,1.686170,2.004720,1.990805,2.031001,2.009865,1.940478,0.137905,0.638050,0.183121,1.024304,0.156775,0.157227,1.366003,0.145979,0.271877
24.233333,2.033491,2.039818,1.690259,2.004720,1.990763,2.030899,2.009857,1.940387,0.137643,0.637541,0.183151,1.026622,0.156683,0.157127,1.364024,0.145838,0.271519
24.250000,2.033497,2.039945,1.695748,2.004718,1.990732,2.030830,2.009853,1.940243,0.137459,0.637254,0.183222,1.029263,0.156593,0.157036,1.362358,0.145759,0.270688
24.266667,2.033494,2.040080,1.701845,2.004716,1.990706,2.030884,2.009852,1.940049,0.137426,0.637093,0.183159,1.036817,0.156457,0.156975,1.361282,0.145857,0.269052
24.283333,2.033493,2.040220,1.707905,2.004716,1.990678,2.031478,2.009854,1.939809,0.137634,0.637002,0.182615,1.060421,0.156118,0.156940,1.360747,0.146237,0.266259
24.300000,2.033493,2.040309,1.712435,2.004714,1.990669,2.031389,2.009857,1.939543,0.137674,0.636948,0.183575,1.055124,0.156186,0.156985,1.360519,0.146663,0.264654
24.316667,2.033496,2.040381,1.716610,2.004712,1.990663,2.031397,2.009862,1.939272,0.137790,0.636913,0.184431,1.052343,0.156214,0.157030,1.360458,0.147078,0.262850
24.333333,2.033499,2.040496,1.721753,2.004710,1.990658,2.031497,2.009866,1.939036,0.137875,0.636886,0.184664,1.054707,0.156208,0.157053,1.360506,0.147375,0.261459
24.350000,2.033503,2.040597,1.727273,2.004707,1.990655,2.031615,2.009870,1.938847,0.138152,0.636865,0.184946,1.057817,0.156184,0.157013,1.360611,0.147410,0.258822
24.366667,2.033507,2.040608,1.731854,2.004703,1.990652,2.031802,2.009877,1.938680,0.138529,0.636847,0.185384,1.062659,0.156172,0.156986,1.360737,0.147474,0.255421
24.383333,2.033512,2.040700,1.735504,2.004700,1.990649,2.032042,2.009884,1.938572,0.138960,0.636831,0.185953,1.068928,0.156166,0.156967,1.360881,0.147565,0.251661
24.400000,2.033517,2.040487,1.732471,2.004697,1.990645,2.032342,2.009892,1.938417,0.138957,0.636815,0.186639,1.076892,0.156134,0.156944,1.361040,0.147631,0.250051
24.416667,2.033522,2.040063,1.723419,2.004693,1.990644,2.032664,2.009901,1.938227,0.138439,0.636799,0.187013,1.086475,0.156197,0.156908,1.361209,0.147517,0.250902
24.433333,2.033527,2.039969,1.721460,2.004689,1.990640,2.033176,2.009910,1.938128,0.137861,0.636787,0.186501,1.106678,0.156032,0.156728,1.361323,0.146809,0.250596
24.450000,2.033529,2.040049,1.725895,2.004687,1.990627,2.033952,2.009917,1.938074,0.137285,0.636782,0.185096,1.141298,0.155743,0.156571,1.361356,0.146442,0.249605
24.466667,2.033531,2.040253,1.731894,2.004684,1.990618,2.034655,2.009925,1.938048,0.136757,0.636779,0.184450,1.172283,0.155461,0.156012,1.361377,0.145855,0.247874
24.483333,2.033533,2.040398,1.742042,2.004683,1.990614,2.035188,2.009840,1.937124,0.135789,0.636779,0.185165,1.192343,0.155264,0.154970,1.361340,0.144697,0.247051
24.500000,2.033535,2.040549,1.751771,2.004684,1.990611,2.035619,2.009731,1.933523,0.135243,0.636784,0.186649,1.206228,0.155043,0.153261,1.361307,0.143292,0.248001
24.516667,2.033539,2.040652,1.757043,2.004682,1.990927,2.036045,2.009629,1.929596,0.135278,0.636784,0.188203,1.215124,0.154817,0.151489,1.361311,0.142253,0.250360
24.533333,2.033545,2.040708,1.759856,2.004678,1.991327,2.036391,2.009554,1.925864,0.135314,0.636780,0.189094,1.220088,0.154676,0.150514,1.361338,0.141715,0.251766
24.550000,2.033951,2.040709,1.761162,2.004677,1.991807,2.036922,2.009494,1.922216,0.135578,0.636784,0.189725,1.223320,0.154593,0.149992,1.372292,0.141453,0.250283
24.566667,2.033563,2.040696,1.761749,2.004678,1.992228,2.037375,2.009440,1.920469,0.135997,0.636791,0.190296,1.225449,0.154282,0.149614,1.366135,0.141476,0.248229
24.583333,2.032845,2.040858,1.767939,2.004677,1.992598,2.038103,2.009285,1.922126,0.137057,0.636797,0.191357,1.233212,0.152519,0.148885,1.352164,0.142004,0.242407
24.600000,2.032210,2.041114,1.777044,2.004676,1.992949,2.039136,2.009077,1.924825,0.138616,0.636804,0.192802,1.247177,0.149971,0.147681,1.340974,0.142642,0.234668
24.616667,2.031605,2.041377,1.786077,2.004676,1.993253,2.040243,2.008853,1.928574,0.140262,0.636812,0.194637,1.263115,0.147015,0.146355,1.330558,0.143395,0.227226
24.633333,2.031011,2.041859,1.794901,2.004676,1.993528,2.041395,2.008618,1.933693,0.141632,0.636821,0.197019,1.280185,0.144164,0.144880,1.320968,0.144058,0.222230
24.650000,2.030596,2.042612,1.801742,2.004679,1.993774,2.042361,2.008469,1.937999,0.142065,0.636832,0.199597,1.294240,0.142601,0.143457,1.316253,0.144428,0.222475
24.666667,2.030580,2.043321,1.810014,2.004685,1.993967,2.042920,2.008487,1.941760,0.142635,0.636854,0.201395,1.302333,0.142020,0.142536,1.320040,0.144867,0.221279
24.683333,2.030955,2.044033,1.817784,2.004700,1.994156,2.043405,2.008712,1.945012,0.143780,0.636902,0.202337,1.307779,0.141797,0.142137,1.344144,0.145600,0.217282
24.700000,2.031308,2.045054,1.824549,2.004698,1.994308,2.043697,2.008908,1.946313,0.144173,0.634921,0.202802,1.311004,0.141717,0.142056,1.379625,0.146437,0.215031
24.716667,2.031590,2.046359,1.832048,2.004722,1.994428,2.043845,2.009066,1.946768,0.143833,0.632430,0.202974,1.312702,0.141700,0.142220,1.422418,0.147265,0.213661
24.733333,2.032482,2.047548,1.836355,2.004740,1.994520,2.043902,2.009178,1.947590,0.141291,0.631031,0.203589,1.313629,0.142449,0.143637,1.483765,0.147740,0.216806
24.750000,2.033651,2.048560,1.837931,2.004758,1.994619,2.043990,2.009326,1.948037,0.138727,0.630307,0.204580,1.314290,0.143255,0.145024,1.557254,0.148307,0.220396
24.766667,2.035135,2.049416,1.842521,2.004768,1.994923,2.043714,2.009647,1.943137,0.137120,0.629945,0.204150,1.311158,0.145225,0.146534,1.639915,0.148821,0.218635
24.783333,2.036180,2.050191,1.844987,2.004772,1.995459,2.042878,2.009985,1.934939,0.136097,0.629768,0.202906,1.299661,0.148009,0.147882,1.704693,0.149496,0.217280
24.800000,2.037352,2.051184,1.849275,2.004771,1.996042,2.042434,2.010311,1.924093,0.136255,0.629678,0.200267,1.305425,0.147420,0.149330,1.754671,0.151879,0.216869
24.816667,2.038258,2.051929,1.851862,2.004195,1.996507,2.041470,2.010586,1.911152,0.136546,0.630098,0.198628,1.300158,0.147312,0.149974,1.780881,0.152868,0.217268
24.833333,2.038831,2.052557,1.853612,2.003577,1.996899,2.040274,2.010745,1.899381,0.136616,0.630571,0.197778,1.289405,0.147347,0.150189,1.794268,0.152842,0.218570
24.850000,2.039266,2.053093,1.854796,2.003028,1.997240,2.038965,2.010788,1.891017,0.136770,0.630993,0.197199,1.274126,0.147478,0.150390,1.801419,0.152851,0.219615
24.866667,2.039745,2.052022,1.841482,2.002566,1.997544,2.037650,2.010812,1.885507,0.137451,0.631345,0.196822,1.256577,0.147682,0.150620,1.806698,0.152955,0.219701
24.883333,2.040310,2.050551,1.821355,2.002088,1.997821,2.036380,2.010840,1.880995,0.138500,0.631705,0.196600,1.237968,0.147942,0.150891,1.811715,0.153135,0.218682
24.900000,2.040751,2.048855,1.795618,2.001612,1.998082,2.035312,2.010875,1.876962,0.139750,0.632059,0.196152,1.221893,0.148154,0.151125,1.814559,0.153350,0.217631
24.916667,2.041160,2.047067,1.765381,2.001034,1.998345,2.035143,2.010918,1.872959,0.141339,0.624003,0.193502,1.226721,0.147954,0.151301,1.816314,0.153625,0.216920
24.933333,2.041779,2.045223,1.732392,1.999613,1.998592,2.035527,2.010962,1.869093,0.143679,0.584028,0.189767,1.244381,0.147528,0.151469,1.822279,0.154031,0.213937
24.950000,2.042637,2.043431,1.697558,1.998341,1.998605,2.036290,2.011007,1.865269,0.146180,0.551670,0.186267,1.266647,0.147125,0.151680,1.832485,0.154446,0.210339
24.966667,2.043472,2.041860,1.662563,1.997188,1.998515,2.036575,2.011052,1.861489,0.147997,0.530536,0.183796,1.280938,0.147222,0.152061,1.841963,0.154755,0.208713
24.983333,2.044208,2.040699,1.634715,1.996253,1.998426,2.036989,2.011106,1.856223,0.149536,0.517972,0.180954,1.295824,0.147434,0.152491,1.849322,0.155037,0.207919
25.000000,2.044822,2.039712,1.609671,1.995450,1.998350,2.037467,2.011157,1.850492,0.150892,0.510119,0.178079,1.311320,0.147745,0.152940,1.854608,0.155301,0.207843
25.016667,2.045277,2.039157,1.593014,1.994725,1.998285,2.038165,2.011208,1.844614,0.152038,0.504885,0.176009,1.327806,0.147802,0.152916,1.857584,0.155416,0.208519
25.033333,2.045665,2.038954,1.582671,1.994070,1.998242,2.037895,2.011257,1.838768,0.152442,0.501188,0.175025,1.315947,0.147061,0.153932,1.859375,0.155527,0.210963
25.050000,2.045995,2.038955,1.576145,1.993460,1.998220,2.036643,2.011307,1.833056,0.152711,0.498405,0.175557,1.276078,0.145798,0.155928,1.860516,0.155781,0.214859
25.066667,2.046288,2.039264,1.560307,1.992923,1.998234,2.035331,2.011529,1.824021,0.153383,0.496250,0.177739,1.229105,0.144032,0.156913,1.861295,0.156525,0.219332
25.083333,2.046560,2.039531,1.550932,1.992427,1.998296,2.034592,2.011827,1.812627,0.153943,0.494514,0.181608,1.190139,0.142055,0.156511,1.861841,0.156315,0.222293
25.100000,2.046812,2.039019,1.550132,1.991983,1.998395,2.034355,2.012091,1.802718,0.154190,0.493097,0.184139,1.178908,0.140857,0.156321,1.862268,0.156553,0.222263
25.116667,2.047045,2.038383,1.549959,1.991571,1.998529,2.034033,2.012324,1.793906,0.154139,0.491940,0.183916,1.180924,0.140612,0.156273,1.861923,0.156523,0.222425
25.133333,2.047243,2.037710,1.549572,1.991209,1.998707,2.033768,2.012549,1.785453,0.154082,0.491004,0.182780,1.189920,0.140612,0.156173,1.859445,0.156408,0.222517
25.150000,2.047414,2.037544,1.543241,1.990918,1.998930,2.033596,2.012769,1.777602,0.154040,0.490240,0.183279,1.197997,0.140605,0.156189,1.857233,0.156411,0.221431
25.166667,2.047563,2.037364,1.536330,1.990627,1.999202,2.033455,2.012969,1.770452,0.153994,0.489644,0.184762,1.201961,0.140368,0.156152,1.855286,0.156407,0.220252
25.183333,2.047637,2.037185,1.529398,1.990382,1.999525,2.033361,2.013137,1.764182,0.153944,0.489191,0.186261,1.206314,0.140147,0.156038,1.853307,0.156375,0.219077
25.200000,2.047691,2.037013,1.522634,1.990177,1.999872,2.033387,2.013272,1.759126,0.153895,0.488868,0.187728,1.211542,0.139954,0.156007,1.851666,0.156369,0.217900
25.216667,2.047749,2.036836,1.515608,1.989964,2.000168,2.033577,2.013376,1.755319,0.153839,0.488663,0.188774,1.222448,0.139740,0.155959,1.850540,0.156351,0.216674
25.233333,2.047804,2.036648,1.508034,1.989790,2.000207,2.034620,2.013445,1.752763,0.153752,0.488551,0.189651,1.254495,0.138956,0.155667,1.849832,0.156194,0.215299
25.250000,2.047846,2.036432,1.499185,1.989652,2.000114,2.036186,2.013484,1.751329,0.153652,0.488518,0.189297,1.296440,0.138239,0.155380,1.849433,0.155992,0.213715
25.266667,2.047870,2.036285,1.492959,1.989537,1.999856,2.037363,2.013505,1.750571,0.153567,0.488528,0.188716,1.327885,0.138020,0.155236,1.849214,0.155849,0.212418
25.283333,2.047882,2.036136,1.486584,1.989440,1.999520,2.038522,2.013515,1.750180,0.153535,0.488555,0.187713,1.357960,0.137719,0.155199,1.849094,0.155841,0.211752
25.300000,2.047890,2.036176,1.488960,1.989361,1.999297,2.040419,2.013521,1.749979,0.153465,0.488576,0.185120,1.401181,0.137303,0.155197,1.849031,0.155866,0.211114
25.316667,2.047894,2.036268,1.493258,1.989239,1.999130,2.041704,2.013525,1.749886,0.153420,0.488622,0.183495,1.426013,0.137107,0.155371,1.848998,0.156035,0.210707
25.333333,2.047897,2.036396,1.499276,1.989140,1.998958,2.041966,2.013529,1.749854,0.153375,0.488651,0.183100,1.430781,0.137032,0.155489,1.848998,0.156165,0.210658
25.350000,2.047899,2.036637,1.509541,1.989073,1.998796,2.042478,2.013531,1.749848,0.153259,0.488669,0.182732,1.438929,0.136986,0.155483,1.849003,0.156145,0.210126
25.366667,2.047900,2.036930,1.520698,1.989005,1.998637,2.043167,2.013533,1.749852,0.153153,0.488692,0.182955,1.448877,0.136777,0.155397,1.849004,0.156023,0.209493
25.383333,2.047902,2.037297,1.534010,1.988967,1.998383,2.044131,2.013527,1.749846,0.152993,0.488701,0.185815,1.465375,0.135469,0.155093,1.849007,0.155794,0.209071
25.400000,2.047904,2.037713,1.547802,1.988945,1.997919,2.044443,2.013520,1.749821,0.152806,0.488701,0.191014,1.469922,0.133796,0.154076,1.849013,0.155332,0.208801
25.416667,2.047905,2.038228,1.564163,1.988934,1.997464,2.044797,2.013517,1.749754,0.152454,0.488697,0.197828,1.473084,0.132615,0.151536,1.849020,0.153956,0.209022
25.433333,2.047906,2.038830,1.581677,1.988928,1.996992,2.045225,2.013515,1.749671,0.151863,0.488690,0.204349,1.477134,0.132013,0.149128,1.849023,0.152382,0.209295
25.450000,2.047909,2.039239,1.594102,1.988924,1.996476,2.046084,2.013513,1.749597,0.151554,0.488676,0.207338,1.492684,0.131795,0.146348,1.849046,0.150583,0.210489
25.466667,2.047910,2.039465,1.600984,1.988922,1.995939,2.046864,2.013510,1.749562,0.151383,0.488668,0.209062,1.502352,0.131625,0.144644,1.849059,0.149551,0.211270
25.483333,2.047911,2.039588,1.604658,1.988922,1.995376,2.047550,2.013507,1.749546,0.151298,0.488666,0.210021,1.508069,0.131542,0.143718,1.849066,0.148998,0.211701
25.500000,2.047911,2.039654,1.606629,1.988924,1.994783,2.048155,2.013503,1.749537,0.151265,0.488667,0.210572,1.511543,0.131508,0.143214,1.849069,0.148712,0.211934
25.516667,2.047910,2.039692,1.607703,1.988926,1.994159,2.048680,2.013500,1.749533,0.151232,0.488669,0.210917,1.513686,0.131493,0.142942,1.849070,0.148579,0.212059
25.533333,2.047899,2.039713,1.608284,1.988933,1.993523,2.048859,2.013582,1.756997,0.151213,0.488677,0.211290,1.509280,0.131505,0.142769,1.849058,0.148477,0.212144
25.550000,2.047687,2.039721,1.608593,1.988941,1.992860,2.048831,2.013763,1.764123,0.151193,0.488689,0.211650,1.502726,0.131535,0.142674,1.848726,0.148410,0.212192
25.566667,2.047203,2.039721,1.608751,1.988950,1.992163,2.048831,2.014027,1.768583,0.151176,0.488701,0.211993,1.496574,0.131581,0.142630,1.847962,0.148380,0.212211
25.583333,2.046792,2.039717,1.608830,1.988961,1.991432,2.049557,2.014257,1.773622,0.151163,0.488715,0.210775,1.497057,0.131871,0.142661,1.847319,0.148374,0.212219
25.600000,2.045460,2.039711,1.608934,1.988974,1.990668,2.050806,2.014609,1.781772,0.151963,0.488743,0.205242,1.511029,0.133111,0.141996,1.839933,0.148071,0.212690
25.616667,2.044883,2.039904,1.609888,1.988863,1.989998,2.051798,2.014955,1.789346,0.151028,0.488854,0.200497,1.523693,0.134577,0.141663,1.837584,0.146593,0.215336
25.633333,2.044815,2.040709,1.615507,1.988853,1.989858,2.052594,2.015275,1.795623,0.149735,0.504786,0.196699,1.534652,0.136057,0.141499,1.839291,0.145211,0.217742
25.650000,2.045128,2.041667,1.625225,1.989439,1.989874,2.053166,2.015573,1.801214,0.148219,0.534197,0.193424,1.544282,0.137539,0.141611,1.844397,0.144176,0.219234
25.666667,2.045881,2.042650,1.635630,1.990516,1.989733,2.053959,2.015868,1.807491,0.147208,0.570553,0.192418,1.557302,0.137825,0.141133,1.853019,0.143671,0.220618
25.683333,2.047138,2.043464,1.642472,1.991013,1.989616,2.054529,2.016131,1.812983,0.146590,0.593227,0.191951,1.568450,0.138006,0.140253,1.865155,0.142663,0.222736
25.700000,2.048970,2.044150,1.646736,1.991067,1.989520,2.054919,2.016364,1.817789,0.146323,0.605890,0.191926,1.577932,0.138075,0.139123,1.880340,0.141323,0.225432
25.716667,2.050298,2.044737,1.649378,1.990862,1.989456,2.052463,2.016539,1.823079,0.146577,0.612975,0.191025,1.566512,0.138431,0.138054,1.888689,0.140524,0.227634
25.733333,2.049877,2.045260,1.650960,1.990647,1.989455,2.049991,2.016712,1.830587,0.146944,0.619538,0.189802,1.549914,0.138886,0.137637,1.884248,0.140201,0.229150
25.750000,2.048268,2.045775,1.652020,1.990514,1.989492,2.047918,2.016863,1.838095,0.147021,0.627752,0.188420,1.533606,0.139463,0.137622,1.870873,0.140214,0.230634
25.766667,2.046082,2.046257,1.652796,1.990160,1.989578,2.046062,2.016970,1.844551,0.147084,0.632336,0.187155,1.516935,0.139952,0.137643,1.851624,0.140368,0.231491
25.783333,2.043683,2.046695,1.653393,1.989681,1.989677,2.044342,2.017037,1.849853,0.147195,0.634944,0.186069,1.499498,0.140415,0.137619,1.828051,0.140592,0.232012
25.800000,2.042501,2.047152,1.653936,1.989110,1.989802,2.042506,2.017364,1.845438,0.147338,0.636571,0.185288,1.478112,0.140939,0.137547,1.814090,0.140802,0.232360
25.816667,2.041571,2.047605,1.654436,1.988467,1.989952,2.040750,2.017601,1.834988,0.147491,0.637681,0.184772,1.455413,0.141469,0.137461,1.802507,0.140998,0.232613
25.833333,2.040589,2.048044,1.654794,1.987941,1.990123,2.039461,2.017786,1.821397,0.147714,0.641934,0.183884,1.437851,0.142154,0.137482,1.790450,0.141164,0.232542
25.850000,2.039174,2.048444,1.654891,1.987876,1.990318,2.038341,2.018005,1.804582,0.148173,0.655763,0.182132,1.422390,0.143248,0.137643,1.773148,0.141461,0.231873
25.866667,2.037505,2.047101,1.633546,1.986852,1.990673,2.037469,2.018246,1.786384,0.149220,0.668580,0.181372,1.406358,0.143591,0.138271,1.751752,0.142084,0.232384
25.883333,2.035898,2.045813,1.613513,1.985496,1.991027,2.036886,2.018477,1.767937,0.149514,0.672199,0.180751,1.392785,0.144222,0.139466,1.729318,0.143238,0.232986
25.900000,2.034757,2.044398,1.589952,1.984050,1.991353,2.037093,2.018443,1.741792,0.149882,0.669977,0.177184,1.399426,0.145934,0.141454,1.709051,0.144683,0.234077
25.916667,2.033902,2.043173,1.571866,1.982563,1.991667,2.037062,2.018389,1.712610,0.151573,0.664411,0.173966,1.406464,0.147216,0.143350,1.692563,0.146253,0.230015
25.933333,2.033466,2.043192,1.568938,1.981079,1.991955,2.037402,2.018282,1.683955,0.151567,0.657245,0.171774,1.419071,0.147820,0.144658,1.682033,0.147549,0.228455
25.950000,2.033245,2.042694,1.572493,1.980063,1.992138,2.038223,2.018096,1.648330,0.150244,0.652296,0.170578,1.437366,0.149040,0.146715,1.674113,0.146407,0.227892
25.966667,2.033134,2.042042,1.574809,1.979497,1.992234,2.039122,2.017998,1.606580,0.149550,0.649586,0.168905,1.452731,0.151084,0.149991,1.667532,0.145044,0.225913
25.983333,2.033083,2.042259,1.595498,1.979190,1.992299,2.038678,2.017949,1.562420,0.147498,0.647968,0.168691,1.440647,0.152435,0.152581,1.661796,0.145652,0.224252
26.000000,2.033533,2.042779,1.619956,1.979031,1.992349,2.037207,2.017929,1.516604,0.144863,0.646884,0.168901,1.406567,0.154669,0.155921,1.657865,0.146649,0.222962
26.016667,2.033966,2.043538,1.650109,1.978957,1.992389,2.035898,2.017932,1.469542,0.142832,0.646081,0.168325,1.380416,0.155161,0.159338,1.654116,0.148551,0.222537
26.033333,2.034299,2.044536,1.684418,1.978920,1.992413,2.035913,2.017932,1.418321,0.142443,0.645567,0.168513,1.379294,0.154663,0.159350,1.650548,0.149332,0.221706
26.050000,2.034519,2.045280,1.706432,1.978888,1.992416,2.037061,2.017889,1.364775,0.141088,0.645263,0.168666,1.394923,0.154132,0.159389,1.647116,0.148707,0.226568
26.066667,2.034701,2.045944,1.723537,1.978855,1.992421,2.037002,2.017832,1.311994,0.139296,0.645072,0.169105,1.395158,0.154416,0.159608,1.643870,0.147970,0.233590
26.083333,2.034898,2.046687,1.740092,1.978845,1.992286,2.036462,2.017770,1.260897,0.138294,0.644965,0.168751,1.394726,0.154570,0.159023,1.641166,0.147038,0.238399
26.100000,2.035145,2.046499,1.749506,1.978840,1.992170,2.035628,2.017709,1.211236,0.137554,0.644896,0.167801,1.393468,0.154828,0.159015,1.638574,0.146766,0.241333
26.116667,2.035319,2.046330,1.760940,1.978835,1.992071,2.034508,2.017651,1.162722,0.137543,0.644843,0.167316,1.388879,0.156001,0.158508,1.636087,0.146481,0.241183
26.133333,2.035456,2.046125,1.772902,1.978830,1.991991,2.033107,2.017584,1.114947,0.138035,0.644799,0.166387,1.374673,0.157001,0.159168,1.634009,0.146445,0.239218
26.150000,2.035586,2.045951,1.786029,1.978825,1.991924,2.031611,2.017498,1.068025,0.138794,0.644760,0.166050,1.354469,0.157451,0.159463,1.632472,0.146503,0.237088
26.166667,2.035771,2.045856,1.799997,1.978820,1.991868,2.030374,2.017428,1.026148,0.139459,0.644726,0.166126,1.333602,0.157689,0.159507,1.629456,0.146228,0.235631
26.183333,2.035983,2.045859,1.813815,1.978814,1.991820,2.029762,2.017468,0.993072,0.140060,0.644693,0.166506,1.320189,0.157416,0.159460,1.628206,0.145891,0.234099
26.200000,2.036187,2.045969,1.828164,1.978807,1.991779,2.029273,2.017433,0.950756,0.140549,0.644663,0.167205,1.304508,0.157286,0.159539,1.627531,0.145924,0.232924
26.216667,2.036347,2.046139,1.842313,1.978876,1.991746,2.028872,2.017410,0.916913,0.140982,0.643758,0.168030,1.288508,0.157061,0.159603,1.627166,0.146068,0.232018
26.233333,2.036482,2.046327,1.855763,1.978921,1.991722,2.028549,2.017362,0.884889,0.141325,0.643120,0.169021,1.272348,0.156785,0.159680,1.627157,0.146322,0.231482
26.250000,2.036564,2.046099,1.864714,1.978943,1.991711,2.028314,2.017320,0.855254,0.140785,0.642746,0.170174,1.258363,0.156508,0.159754,1.627180,0.146529,0.232979
26.266667,2.036609,2.045512,1.870414,1.978951,1.991709,2.028140,2.017280,0.826224,0.139797,0.642530,0.171523,1.245516,0.156212,0.159825,1.627276,0.146625,0.235811
26.283333,2.036634,2.044718,1.874541,1.978952,1.991714,2.028036,2.017225,0.799358,0.138929,0.642403,0.173080,1.233863,0.155867,0.159875,1.627422,0.146617,0.238589
26.300000,2.036650,2.043810,1.877818,1.978948,1.991719,2.027997,2.017210,0.779038,0.138021,0.642321,0.174862,1.223168,0.155456,0.159895,1.627607,0.146610,0.241733
26.316667,2.036659,2.043315,1.880511,1.978943,1.991721,2.027992,2.017225,0.767479,0.136924,0.642266,0.176645,1.213771,0.155575,0.159366,1.627793,0.146200,0.246734
26.333333,2.036669,2.043395,1.879405,1.978936,1.991717,2.028122,2.017202,0.760649,0.136335,0.642229,0.177140,1.211335,0.157311,0.158905,1.627858,0.146325,0.253849
26.350000,2.036679,2.043900,1.876983,1.978934,1.991711,2.028436,2.017176,0.757074,0.135089,0.642217,0.177578,1.215356,0.159099,0.158937,1.627867,0.146396,0.258890
26.366667,2.036682,2.044812,1.875157,1.978932,1.991667,2.029182,2.017169,0.755366,0.133674,0.642212,0.177245,1.225824,0.161117,0.159542,1.627737,0.145503,0.264944
26.383333,2.036681,2.045843,1.882557,1.978935,1.991628,2.030275,2.017164,0.754632,0.132828,0.642217,0.176492,1.251644,0.160907,0.159572,1.627626,0.145278,0.266818
26.400000,2.036679,2.046572,1.891592,1.978937,1.991588,2.031409,2.017161,0.754398,0.132052,0.642225,0.175878,1.279733,0.160694,0.159442,1.627472,0.144959,0.268368
26.416667,2.036676,2.046988,1.900918,1.978939,1.991550,2.032506,2.017160,0.754456,0.130966,0.642236,0.175378,1.308635,0.160586,0.159313,1.627281,0.144735,0.271695
26.433333,2.036673,2.047248,1.910414,1.978942,1.991520,2.033553,2.017159,0.754678,0.129572,0.642249,0.174312,1.342019,0.161005,0.159230,1.627110,0.144413,0.275355
26.450000,2.036595,2.047367,1.919725,1.978944,1.991495,2.034640,2.017393,0.772288,0.128192,0.642260,0.172766,1.381530,0.161401,0.158739,1.624027,0.143669,0.279237
26.466667,2.036012,2.047379,1.928884,1.978944,1.991486,2.035796,2.017986,0.817496,0.126921,0.642265,0.172124,1.420615,0.160161,0.157099,1.612848,0.142072,0.283712
26.483333,2.035233,2.047301,1.935398,1.978945,1.991490,2.036903,2.018826,0.881323,0.126393,0.642271,0.171535,1.456389,0.158337,0.155015,1.597762,0.140491,0.288096
26.500000,2.034347,2.047259,1.938851,1.978947,1.991500,2.037979,2.019224,0.920981,0.126742,0.642275,0.170516,1.490020,0.156211,0.153130,1.580233,0.139598,0.291590
26.516667,2.033391,2.047238,1.940687,1.978948,1.991515,2.039009,2.019231,0.929496,0.127254,0.642277,0.168947,1.521940,0.154072,0.152198,1.560740,0.139483,0.293567
26.533333,2.032183,2.047230,1.941681,1.978948,1.991608,2.040000,2.019244,0.940935,0.127921,0.642277,0.167222,1.552315,0.151866,0.151405,1.535059,0.139569,0.294750
26.550000,2.031351,2.047426,1.942951,1.978937,1.992028,2.040951,2.019275,0.957402,0.127608,0.642262,0.165699,1.580907,0.149815,0.150277,1.516340,0.139053,0.301057
26.566667,2.030410,2.047559,1.943766,1.978925,1.992386,2.041701,2.019315,0.978444,0.127636,0.642247,0.164284,1.608225,0.147826,0.149028,1.491209,0.138499,0.305959
26.583333,2.029357,2.047709,1.944624,1.979359,1.992683,2.042286,2.019363,1.003745,0.127457,0.646702,0.162985,1.634591,0.145868,0.147741,1.461572,0.137848,0.315037
26.600000,2.028245,2.047841,1.945348,1.979766,1.992977,2.042781,2.019421,1.033876,0.127500,0.650765,0.162319,1.658191,0.143917,0.146228,1.428545,0.137055,0.323437
26.616667,2.027096,2.048403,1.948386,1.979980,1.993364,2.042916,2.019496,1.070471,0.127989,0.652966,0.162884,1.666447,0.143191,0.144486,1.392252,0.135795,0.325327
26.633333,2.026223,2.049406,1.954354,1.980095,1.993802,2.043627,2.019555,1.112330,0.128537,0.649407,0.164045,1.670325,0.142722,0.142313,1.360321,0.134619,0.326092
26.650000,2.025995,2.050300,1.959470,1.980196,1.994224,2.044494,2.019571,1.158730,0.129237,0.646220,0.165534,1.671682,0.142109,0.139849,1.353406,0.134146,0.326225
26.666667,2.026246,2.051078,1.963706,1.980323,1.994587,2.044946,2.019564,1.225376,0.129595,0.644412,0.166828,1.670649,0.141123,0.137655,1.367921,0.135194,0.334138
26.683333,2.026693,2.051689,1.966552,1.980402,1.994899,2.045134,2.019507,1.300804,0.129934,0.643442,0.168249,1.668096,0.140016,0.135597,1.390292,0.137019,0.347188
26.700000,2.027309,2.052170,1.968500,1.980444,1.995169,2.045205,2.019420,1.373342,0.129240,0.642925,0.169958,1.664439,0.139708,0.134472,1.416293,0.137349,0.360150
26.716667,2.028025,2.052525,1.969704,1.980467,1.995440,2.045515,2.019476,1.440960,0.127846,0.642647,0.171774,1.661326,0.139954,0.134257,1.442236,0.136635,0.367617
26.733333,2.028797,2.052835,1.970523,1.980481,1.995700,2.045932,2.019668,1.487635,0.126086,0.642502,0.173110,1.658763,0.140586,0.135110,1.467355,0.136039,0.373866
26.750000,2.029606,2.053137,1.971226,1.979922,1.995933,2.046181,2.019837,1.513136,0.124216,0.642663,0.173942,1.656716,0.141289,0.136756,1.491543,0.136299,0.384078
26.766667,2.030512,2.053028,1.969237,1.978185,1.996144,2.046358,2.019849,1.516610,0.122231,0.651012,0.174219,1.655546,0.142083,0.139238,1.517362,0.136944,0.395119
26.783333,2.031445,2.051753,1.958314,1.977122,1.996338,2.046510,2.019887,1.518350,0.120417,0.666569,0.174124,1.655017,0.142940,0.142294,1.542384,0.137954,0.407795
26.800000,2.032401,2.050187,1.942836,1.977577,1.996518,2.046672,2.019949,1.519063,0.118627,0.655516,0.173727,1.654912,0.143648,0.145988,1.566826,0.139188,0.419144
26.816667,2.033376,2.048471,1.923245,1.978472,1.996693,2.046866,2.020028,1.519702,0.117140,0.643591,0.174192,1.655146,0.143582,0.148873,1.590665,0.140769,0.428284
26.833333,2.034292,2.047266,1.911273,1.978802,1.996859,2.047042,2.020194,1.529777,0.117122,0.635363,0.174991,1.655429,0.144273,0.150154,1.614878,0.141509,0.413523
26.850000,2.035082,2.046196,1.900092,1.978411,1.997017,2.047206,2.020455,1.549184,0.117350,0.631220,0.175600,1.655687,0.145580,0.151322,1.639495,0.141789,0.397355
26.866667,2.035970,2.045121,1.887671,1.977591,1.997161,2.047359,2.020729,1.569321,0.117452,0.629339,0.176313,1.655953,0.147061,0.152455,1.664715,0.141886,0.381696
26.883333,2.036829,2.044100,1.875142,1.976798,1.997275,2.047022,2.020980,1.587572,0.117539,0.628532,0.177225,1.649139,0.148766,0.153767,1.688009,0.142042,0.365752
26.900000,2.037803,2.043530,1.857927,1.975879,1.997352,2.046807,2.021234,1.604830,0.117709,0.628375,0.178124,1.645097,0.151161,0.155170,1.715610,0.142027,0.351092
26.916667,2.038889,2.043368,1.835043,1.974892,1.997388,2.046030,2.021487,1.621097,0.118113,0.628560,0.181859,1.623958,0.153065,0.154156,1.746031,0.141482,0.339640
26.933333,2.040035,2.043425,1.807553,1.973238,1.997400,2.044732,2.021728,1.635752,0.118504,0.612319,0.187393,1.584444,0.154683,0.152799,1.776280,0.140734,0.330920
26.950000,2.041286,2.043591,1.775933,1.971164,1.997397,2.043370,2.021954,1.648111,0.118912,0.589857,0.194748,1.536503,0.155267,0.151087,1.805365,0.139799,0.324719
26.966667,2.042567,2.043793,1.740172,1.969207,1.997394,2.042406,2.022124,1.655164,0.119172,0.570439,0.202213,1.498522,0.155728,0.149223,1.831510,0.138711,0.320569
26.983333,2.043874,2.042990,1.708592,1.967493,1.997478,2.041778,2.022261,1.658983,0.119960,0.554726,0.210108,1.465542,0.156169,0.147411,1.855061,0.137543,0.296887
27.000000,2.045174,2.042177,1.675844,1.965943,1.997532,2.041523,2.022372,1.661079,0.120415,0.541791,0.218030,1.444029,0.155984,0.145524,1.876340,0.136064,0.276198
27.016667,2.046240,2.041094,1.642216,1.964709,1.997555,2.041728,2.022473,1.662269,0.123020,0.532224,0.226099,1.434389,0.154069,0.143504,1.895097,0.137447,0.262570
27.033333,2.047165,2.040093,1.610978,1.963410,1.997567,2.041432,2.022565,1.662979,0.125026,0.524755,0.227674,1.436270,0.153909,0.141977,1.904557,0.139210,0.250607
27.050000,2.048033,2.039189,1.583919,1.962361,1.997572,2.041052,2.022634,1.661878,0.125504,0.519912,0.228146,1.443438,0.153070,0.142937,1.909882,0.140931,0.241072
27.066667,2.048949,2.038279,1.554611,1.961546,1.997572,2.040583,2.022707,1.656386,0.125967,0.516873,0.227318,1.449366,0.152594,0.145228,1.915513,0.142519,0.231822
27.083333,2.049826,2.037407,1.525936,1.960741,1.997569,2.040145,2.022775,1.651077,0.126217,0.514947,0.225566,1.450885,0.153859,0.148723,1.921175,0.143232,0.223674
27.100000,2.050698,2.036493,1.495039,1.959955,1.997563,2.039735,2.022834,1.646198,0.126790,0.513718,0.224968,1.449334,0.154038,0.150376,1.926978,0.144913,0.215487
27.116667,2.051554,2.035959,1.467629,1.959476,1.997516,2.039306,2.022893,1.641746,0.127451,0.512500,0.224118,1.444764,0.154426,0.151955,1.932879,0.146510,0.208537
27.133333,2.052364,2.035481,1.437892,1.959264,1.997477,2.038909,2.022951,1.637730,0.128056,0.510983,0.223146,1.437042,0.155169,0.153565,1.938792,0.148075,0.202102
27.150000,2.053272,2.035212,1.412983,1.959155,1.997442,2.038483,2.023006,1.634153,0.128683,0.509826,0.222058,1.425989,0.156220,0.154922,1.945102,0.149361,0.197041
27.166667,2.054075,2.035046,1.390272,1.959091,1.997411,2.038028,2.023058,1.631013,0.129352,0.508974,0.220879,1.413180,0.157342,0.156193,1.951276,0.150565,0.192767
27.183333,2.054953,2.034934,1.370258,1.959047,1.997382,2.037553,2.023104,1.628370,0.129968,0.508382,0.219969,1.398750,0.158824,0.157177,1.958266,0.151435,0.189260
27.200000,2.055476,2.034853,1.352562,1.959012,1.997357,2.036950,2.023144,1.626224,0.130737,0.507990,0.218480,1.389409,0.159004,0.158466,1.963546,0.152795,0.186439
27.216667,2.055954,2.034827,1.343449,1.958984,1.997334,2.036360,2.023176,1.624599,0.131203,0.507745,0.218211,1.388653,0.159077,0.158863,1.968559,0.153251,0.185014
27.233333,2.055918,2.034768,1.338097,1.958967,1.997316,2.035795,2.023201,1.623515,0.131456,0.507616,0.218956,1.395317,0.159048,0.158807,1.972138,0.153261,0.184033
27.250000,2.055875,2.034805,1.330337,1.958961,1.997307,2.035518,2.023217,1.622900,0.131839,0.507572,0.220228,1.406339,0.158828,0.158738,1.975399,0.153311,0.182759
27.266667,2.055831,2.034909,1.320998,1.958961,1.997306,2.035462,2.023224,1.622556,0.132292,0.507572,0.221836,1.419771,0.158458,0.158663,1.978776,0.153384,0.181400
27.283333,2.055788,2.035038,1.311840,1.958963,1.997306,2.035476,2.023227,1.622366,0.132721,0.507584,0.223456,1.433163,0.158003,0.158571,1.982648,0.153445,0.180214
27.300000,2.055705,2.035198,1.302787,1.958966,1.997307,2.035554,2.023227,1.622260,0.133152,0.507601,0.225127,1.446839,0.157442,0.158461,1.986861,0.153501,0.179166
27.316667,2.055537,2.035400,1.293316,1.958970,1.997310,2.035699,2.023225,1.622198,0.133604,0.507621,0.226932,1.461197,0.156781,0.158341,1.991280,0.153562,0.178191
27.333333,2.055222,2.035635,1.283024,1.958973,1.997313,2.035903,2.023222,1.622159,0.134068,0.507645,0.228984,1.476589,0.156051,0.158209,1.995836,0.153623,0.177231
27.350000,2.054810,2.035908,1.272712,1.958976,1.997317,2.036156,2.023219,1.622131,0.134539,0.507668,0.230926,1.492514,0.155365,0.158078,2.000909,0.153682,0.176358
27.366667,2.054560,2.036243,1.267967,1.958979,1.997324,2.036454,2.023214,1.622100,0.134861,0.507684,0.232415,1.505592,0.154829,0.157982,2.006628,0.153726,0.175557
27.383333,2.053926,2.036659,1.268046,1.958979,1.997334,2.036855,2.023209,1.622081,0.135223,0.507696,0.234875,1.517970,0.153927,0.157646,2.011078,0.153749,0.175067
27.400000,2.053512,2.037163,1.272293,1.958973,1.997330,2.037172,2.023209,1.622065,0.135335,0.507698,0.236096,1.529836,0.154343,0.155714,2.013532,0.151470,0.175699
27.416667,2.053272,2.037495,1.275732,1.958970,1.997336,2.037660,2.023207,1.622074,0.135268,0.507693,0.232502,1.554153,0.154699,0.153670,2.014830,0.149210,0.177336
27.433333,2.053135,2.037765,1.280209,1.958967,1.997339,2.038021,2.023206,1.622087,0.134661,0.507692,0.229337,1.573015,0.154649,0.153047,2.015506,0.148161,0.178447
27.450000,2.053054,2.037934,1.283485,1.958965,1.997340,2.038227,2.023205,1.622093,0.134295,0.507693,0.227735,1.583537,0.154577,0.152700,2.015840,0.147549,0.178944
27.466667,2.052795,2.038024,1.285266,1.958965,1.997347,2.038388,2.023204,1.622094,0.134108,0.507696,0.226972,1.590329,0.154470,0.152408,2.015502,0.147153,0.179227
27.483333,2.051443,2.038072,1.286252,1.958968,1.997393,2.038380,2.023203,1.622095,0.134025,0.507701,0.226502,1.595018,0.154398,0.152244,2.012543,0.146926,0.179413
27.500000,2.049560,2.038096,1.286848,1.958970,1.997481,2.037673,2.023205,1.622099,0.133841,0.507706,0.227735,1.578405,0.154632,0.152162,2.007906,0.146439,0.179732
27.516667,2.048784,2.038107,1.287386,1.958971,1.997475,2.036742,2.023206,1.622108,0.133038,0.507713,0.229258,1.564164,0.154980,0.151983,2.004527,0.144499,0.180858
27.533333,2.048037,2.038112,1.287821,1.958972,1.997429,2.035871,2.023204,1.622116,0.132347,0.507722,0.230330,1.556048,0.155278,0.151833,1.998166,0.142529,0.182107
27.550000,2.047077,2.038118,1.288215,1.958973,1.997376,2.035209,2.023202,1.622124,0.131792,0.507729,0.231223,1.551533,0.155566,0.151698,1.989290,0.140510,0.183524
27.566667,2.046255,2.038123,1.288573,1.958972,1.997274,2.034800,2.023203,1.622135,0.131429,0.507737,0.232015,1.549103,0.155838,0.151585,1.979931,0.138593,0.185023
27.583333,2.045383,2.038682,1.301288,1.958976,1.997057,2.034252,2.023314,1.624860,0.129653,0.507749,0.232943,1.546730,0.156235,0.151755,1.969114,0.137444,0.186663
27.600000,2.044631,2.039084,1.318411,1.959956,1.996796,2.033847,2.023701,1.639826,0.128299,0.522387,0.231574,1.550508,0.156888,0.151936,1.957672,0.136657,0.186053
27.616667,2.043877,2.039221,1.335383,1.961788,1.996585,2.033903,2.024325,1.661275,0.127586,0.549542,0.227920,1.568673,0.157381,0.152700,1.945371,0.135904,0.183700
27.633333,2.043298,2.039300,1.352450,1.964751,1.996388,2.034110,2.025053,1.685792,0.127180,0.578994,0.223595,1.591214,0.157299,0.153463,1.933099,0.135716,0.180607
27.650000,2.042681,2.039264,1.368102,1.968992,1.996195,2.034362,2.025743,1.708836,0.127655,0.601091,0.220022,1.613641,0.156917,0.153942,1.919790,0.135222,0.177800
27.666667,2.042765,2.039396,1.384800,1.973281,1.996004,2.034444,2.026245,1.725621,0.127397,0.627308,0.217210,1.629629,0.156720,0.154914,1.909098,0.135481,0.174313
27.683333,2.043021,2.040431,1.403966,1.977556,1.995825,2.034563,2.026709,1.740656,0.126203,0.656824,0.215164,1.646166,0.156404,0.155353,1.900166,0.135148,0.173029
27.700000,2.043176,2.041584,1.423317,1.981838,1.995655,2.034697,2.027164,1.754567,0.125139,0.689646,0.213649,1.662518,0.156117,0.155099,1.891672,0.134192,0.172193
27.716667,2.043425,2.042698,1.441896,1.986114,1.995493,2.034777,2.027618,1.767201,0.124060,0.725719,0.212270,1.676831,0.155861,0.154861,1.885454,0.133249,0.171270
27.733333,2.043614,2.043826,1.460115,1.990531,1.995338,2.034799,2.028123,1.779960,0.123064,0.764920,0.211161,1.688852,0.155592,0.154586,1.874654,0.132359,0.170331
27.750000,2.043826,2.044978,1.478078,1.995579,1.995184,2.034775,2.028644,1.785992,0.122234,0.807495,0.210106,1.699378,0.155324,0.154324,1.863228,0.131622,0.169491
27.766667,2.044362,2.046949,1.509826,2.000210,1.995038,2.034760,2.029479,1.783465,0.120704,0.856640,0.209016,1.710140,0.155048,0.154149,1.857436,0.131321,0.169151
27.783333,2.045347,2.049664,1.552076,2.004554,1.994896,2.034760,2.030520,1.778723,0.118434,0.912844,0.207959,1.720866,0.155187,0.154429,1.858950,0.131483,0.168382
27.800000,2.046583,2.052396,1.590969,2.007059,1.994799,2.034822,2.031613,1.771005,0.116682,0.950727,0.208635,1.730900,0.155099,0.154049,1.867468,0.131319,0.167954
27.816667,2.047410,2.054345,1.614887,2.008137,1.994796,2.034859,2.032481,1.762561,0.116407,0.971683,0.210509,1.738486,0.155003,0.153194,1.878369,0.130121,0.169022
27.833333,2.048118,2.054334,1.617398,2.008599,1.994796,2.034836,2.033130,1.755169,0.117619,0.983242,0.213690,1.743530,0.154940,0.152024,1.889038,0.128714,0.170746
27.850000,2.048501,2.052766,1.598976,2.008732,1.994798,2.034769,2.033648,1.750820,0.119507,0.989707,0.216604,1.746658,0.154924,0.151056,1.893425,0.127874,0.172480
27.866667,2.048450,2.050595,1.568242,2.008686,1.994764,2.035565,2.034198,1.748031,0.121274,0.993410,0.218360,1.749059,0.154929,0.150511,1.891478,0.127562,0.174201
27.883333,2.047854,2.048224,1.529501,2.007483,1.994772,2.036548,2.034834,1.744328,0.122964,0.984920,0.219871,1.751391,0.154870,0.149583,1.884957,0.127123,0.177009
27.900000,2.047312,2.045811,1.485840,2.007273,1.994750,2.037581,2.035461,1.742421,0.124760,0.995012,0.221909,1.754098,0.154778,0.148384,1.878577,0.126809,0.179819
27.916667,2.046545,2.043436,1.439091,2.007445,1.994656,2.038757,2.035654,1.736752,0.126637,1.009284,0.224154,1.756820,0.154693,0.147166,1.870094,0.126606,0.182761
27.933333,2.045933,2.041512,1.396914,2.007612,1.994516,2.040019,2.034893,1.711746,0.128252,1.020251,0.226491,1.759468,0.154654,0.146010,1.863013,0.126461,0.185808
27.950000,2.045205,2.040311,1.362289,2.007668,1.994341,2.041169,2.034691,1.687494,0.129685,1.026214,0.227101,1.763502,0.154453,0.145158,1.855789,0.126944,0.190053
27.966667,2.044756,2.039696,1.339802,2.007325,1.994160,2.042207,2.035149,1.671873,0.131239,1.029875,0.225573,1.773507,0.154141,0.144172,1.850138,0.128056,0.195362
27.983333,2.044163,2.039809,1.338563,2.006976,1.994120,2.043046,2.035464,1.658545,0.133911,1.032112,0.224249,1.781094,0.153761,0.142747,1.845178,0.129420,0.197490
28.000000,2.043867,2.040185,1.344209,2.006630,1.994165,2.042825,2.035619,1.645545,0.137091,1.033572,0.222696,1.776401,0.153434,0.141604,1.840210,0.130937,0.198591
28.016667,2.043632,2.041558,1.373111,2.006427,1.994200,2.042331,2.035525,1.630782,0.138365,1.034380,0.221469,1.765756,0.153464,0.141083,1.837364,0.132715,0.198844
28.033333,2.043492,2.043199,1.409903,2.006316,1.994221,2.041614,2.035220,1.614274,0.138481,1.034802,0.220979,1.750753,0.153690,0.141375,1.834246,0.133821,0.197491
28.050000,2.043482,2.043279,1.421374,2.006251,1.994234,2.040922,2.034810,1.596974,0.136804,1.035000,0.221225,1.731631,0.154303,0.143522,1.831527,0.134183,0.196290
28.066667,2.043551,2.042823,1.422459,2.006211,1.994243,2.040031,2.034363,1.579725,0.134115,1.035077,0.221990,1.708776,0.155155,0.146704,1.829092,0.135422,0.195732
28.083333,2.043669,2.042842,1.433295,2.006181,1.994251,2.039502,2.033906,1.563072,0.132361,1.034350,0.223766,1.683299,0.156158,0.150160,1.826857,0.136927,0.192609
28.100000,2.043800,2.042477,1.436410,2.006157,1.994255,2.038344,2.033488,1.547393,0.130546,1.033934,0.225282,1.648937,0.157077,0.153411,1.824818,0.139135,0.191243
28.116667,2.043934,2.041774,1.433874,2.006142,1.994259,2.037198,2.033099,1.532640,0.128431,1.033692,0.227388,1.607835,0.158895,0.157356,1.822977,0.140811,0.189558
28.133333,2.044067,2.041048,1.436382,2.006135,1.994263,2.036101,2.032773,1.519972,0.128376,1.033555,0.230904,1.570743,0.159386,0.157533,1.821308,0.142003,0.188854
28.150000,2.044195,2.040255,1.439115,2.006129,1.994266,2.035161,2.032470,1.508207,0.128576,1.033470,0.234986,1.528293,0.159961,0.157772,1.819841,0.143355,0.187792
28.166667,2.044319,2.039409,1.441843,2.006198,1.994269,2.034294,2.032207,1.497807,0.128888,1.032039,0.239354,1.484968,0.160553,0.158030,1.818575,0.144694,0.186505
28.183333,2.044473,2.038672,1.451317,2.006295,1.994268,2.034235,2.031982,1.488832,0.128845,1.030074,0.238608,1.482731,0.160506,0.158073,1.818057,0.145519,0.186820
28.200000,2.044641,2.037867,1.460246,2.006564,1.994266,2.034165,2.031796,1.481357,0.128862,1.025142,0.237803,1.480065,0.160456,0.158128,1.817698,0.146408,0.187327
28.216667,2.044773,2.037074,1.467899,2.006759,1.994264,2.034082,2.031648,1.475381,0.128902,1.021451,0.236920,1.476889,0.160396,0.158177,1.817556,0.147273,0.188230
28.233333,2.044937,2.037357,1.487303,2.006883,1.994265,2.033898,2.031535,1.470893,0.128795,1.019057,0.235406,1.469984,0.160464,0.158241,1.817984,0.147979,0.188949
28.250000,2.045037,2.037457,1.503658,2.006948,1.994267,2.033741,2.031459,1.467909,0.128800,1.017736,0.234023,1.463821,0.160391,0.158280,1.818236,0.148663,0.189973
28.266667,2.045092,2.037651,1.520143,2.006982,1.994269,2.033577,2.031415,1.466235,0.128834,1.017015,0.232629,1.457390,0.160308,0.158312,1.818374,0.149348,0.191139
28.283333,2.045125,2.037994,1.537463,2.006999,1.994272,2.033399,2.031391,1.465320,0.128888,1.016620,0.231177,1.450368,0.160229,0.158348,1.818473,0.150007,0.192350
28.300000,2.045144,2.038473,1.556894,2.007006,1.994275,2.033207,2.031377,1.464819,0.128928,1.016400,0.229665,1.442723,0.160147,0.158357,1.818552,0.150466,0.193217
28.316667,2.045157,2.039095,1.577861,2.007009,1.994279,2.033004,2.031368,1.464535,0.128959,1.016275,0.228115,1.434657,0.160059,0.158352,1.818619,0.150839,0.193954
28.333333,2.045166,2.039820,1.597269,2.007009,1.994283,2.032776,2.031363,1.464367,0.128915,1.016202,0.226440,1.425527,0.159977,0.158355,1.818682,0.151186,0.195378
28.350000,2.045173,2.040764,1.618066,2.007008,1.994289,2.032541,2.031359,1.464260,0.128779,1.016159,0.224754,1.416083,0.159887,0.158338,1.818739,0.151421,0.196894
28.366667,2.045178,2.042563,1.643394,2.007006,1.994295,2.032298,2.031357,1.464190,0.128107,1.016132,0.223065,1.406241,0.159775,0.158190,1.818771,0.150771,0.198058
28.383333,2.045180,2.043598,1.658751,2.007005,1.994301,2.032050,2.031354,1.464145,0.127594,1.016118,0.221379,1.396323,0.159648,0.158004,1.818801,0.149905,0.199557
28.400000,2.045181,2.044426,1.669777,2.007006,1.994297,2.032151,2.031354,1.464156,0.127125,1.016110,0.220517,1.400687,0.159307,0.157457,1.818813,0.148728,0.200359
28.416667,2.045181,2.045461,1.679582,2.007007,1.994287,2.032512,2.031353,1.464201,0.126717,1.016109,0.219553,1.417331,0.158711,0.157018,1.818811,0.147302,0.200617
28.433333,2.045181,2.046549,1.689966,2.007008,1.994274,2.032969,2.031353,1.464239,0.126309,1.016110,0.218563,1.439618,0.157525,0.156970,1.818791,0.146545,0.200881
28.450000,2.045178,2.046504,1.693548,2.007011,1.994259,2.033403,2.031421,1.466593,0.125563,1.016118,0.217809,1.464717,0.156467,0.156722,1.818724,0.145763,0.203971
28.466667,2.045172,2.045821,1.693851,2.007013,1.994248,2.033961,2.031847,1.480725,0.124631,1.016127,0.217412,1.495542,0.155086,0.156135,1.818646,0.144788,0.208849
28.483333,2.045167,2.045127,1.692834,2.007017,1.994241,2.034715,2.032417,1.498970,0.123981,1.016139,0.215642,1.533080,0.154250,0.155094,1.818558,0.143145,0.215250
28.500000,2.045161,2.044577,1.691516,2.007161,1.994251,2.035379,2.032768,1.509858,0.123628,1.016132,0.212264,1.569782,0.154333,0.154107,1.818459,0.141370,0.222353
28.516667,2.045159,2.044267,1.694646,2.007500,1.994280,2.035839,2.032957,1.515689,0.123992,1.016062,0.207565,1.600581,0.154726,0.153693,1.818403,0.140724,0.224474
28.533333,2.045158,2.044081,1.696059,2.007687,1.994295,2.036126,2.033059,1.518818,0.124218,1.014665,0.204592,1.619304,0.154964,0.153523,1.818376,0.140427,0.225629
28.550000,2.045158,2.043976,1.696706,2.007807,1.994304,2.036292,2.033114,1.520501,0.124347,1.011664,0.203029,1.629518,0.155089,0.153429,1.818362,0.140273,0.226219
28.566667,2.045157,2.043915,1.697123,2.007886,1.994308,2.036396,2.033180,1.522521,0.124427,1.009747,0.202417,1.635027,0.154997,0.153355,1.818354,0.140191,0.226432
28.583333,2.045607,2.043573,1.691817,2.007946,1.994189,2.036878,2.033405,1.529583,0.124553,1.008331,0.201119,1.650911,0.154219,0.153596,1.823825,0.140536,0.226668
28.600000,2.044571,2.042638,1.673652,2.007991,1.993872,2.037318,2.033755,1.536954,0.124410,1.007280,0.200667,1.663668,0.153080,0.153590,1.823648,0.140725,0.229254
28.616667,2.043980,2.041412,1.648579,2.008026,1.993570,2.037552,2.034301,1.542026,0.124215,1.006558,0.200383,1.670489,0.152492,0.153588,1.822031,0.140781,0.232375
28.633333,2.043523,2.040018,1.616803,2.008047,1.993287,2.037676,2.034758,1.544995,0.124119,1.006180,0.200216,1.674131,0.152174,0.153589,1.818668,0.140795,0.235427
28.650000,2.043806,2.039507,1.590558,2.008066,1.993019,2.038099,2.035147,1.546803,0.124072,1.006000,0.200235,1.676430,0.151985,0.153625,1.820615,0.140856,0.236091
28.666667,2.045151,2.039855,1.584700,2.008082,1.992755,2.038579,2.035022,1.540412,0.124303,1.005921,0.200327,1.677909,0.151879,0.153670,1.830111,0.140998,0.232048
28.683333,2.046398,2.040291,1.589154,2.008092,1.992492,2.038978,2.034136,1.528231,0.125077,1.005891,0.201118,1.678989,0.151412,0.152921,1.836440,0.141063,0.224513
28.700000,2.047551,2.040792,1.597679,2.008098,1.992401,2.039231,2.033397,1.525717,0.126228,1.005889,0.202925,1.676365,0.150924,0.151243,1.841051,0.140698,0.215595
28.716667,2.048815,2.041367,1.608215,2.008103,1.992429,2.039399,2.032656,1.522784,0.127529,1.005905,0.204562,1.671534,0.150590,0.149942,1.847016,0.140566,0.206320
28.733333,2.050145,2.042057,1.620378,2.008107,1.992436,2.039564,2.031830,1.512983,0.128325,1.005925,0.205678,1.666789,0.150714,0.149588,1.854598,0.140470,0.199334
28.750000,2.051337,2.042913,1.634402,2.008107,1.992446,2.039721,2.031008,1.501121,0.128223,1.005943,0.206587,1.662005,0.151525,0.150149,1.862864,0.139992,0.195610
28.766667,2.052556,2.043744,1.647384,2.008758,1.992466,2.039871,2.030262,1.487548,0.128180,1.020606,0.206906,1.657045,0.152410,0.151312,1.872589,0.139638,0.191771
28.783333,2.053847,2.044482,1.657637,2.008625,1.992497,2.040041,2.029373,1.463036,0.128182,1.036060,0.207472,1.652084,0.152900,0.152598,1.882429,0.139407,0.188695
28.800000,2.054822,2.045200,1.666708,2.008414,1.992538,2.040185,2.028765,1.441971,0.128218,1.030144,0.208744,1.646929,0.153344,0.152667,1.891854,0.138884,0.186474
28.816667,2.054778,2.046011,1.671529,2.006895,1.992595,2.040302,2.028407,1.425621,0.128246,0.982375,0.209858,1.641386,0.153962,0.152841,1.900071,0.138346,0.184508
28.833333,2.054311,2.046741,1.674963,2.004680,1.992677,2.040392,2.028175,1.411985,0.128301,0.923318,0.210856,1.635361,0.154590,0.153035,1.907271,0.137895,0.182718
28.850000,2.053869,2.047411,1.678743,2.002602,1.992764,2.040466,2.028014,1.399976,0.128333,0.860312,0.211894,1.629070,0.155286,0.153200,1.914252,0.137368,0.181268
28.866667,2.053224,2.047989,1.682270,2.001014,1.992865,2.040534,2.027894,1.388843,0.128440,0.809781,0.213105,1.622426,0.155853,0.153219,1.921002,0.136850,0.180012
28.883333,2.052450,2.048508,1.685342,2.000418,1.993105,2.040790,2.027799,1.378690,0.128663,0.789581,0.211955,1.623729,0.156645,0.153652,1.927491,0.136615,0.178994
28.900000,2.051523,2.049043,1.688905,2.000043,1.993543,2.041736,2.027721,1.369177,0.129023,0.782205,0.210088,1.640863,0.156352,0.153635,1.933695,0.136199,0.179281
28.916667,2.050732,2.049551,1.691337,1.999646,1.993934,2.042593,2.027658,1.360210,0.129362,0.778762,0.208503,1.654931,0.156122,0.153704,1.939207,0.135920,0.179565
28.933333,2.050233,2.049979,1.692618,1.999165,1.994292,2.043352,2.027606,1.351652,0.129623,0.777135,0.207011,1.666596,0.155930,0.153838,1.944432,0.135778,0.179968
28.950000,2.049938,2.050400,1.693472,1.998646,1.994619,2.044055,2.027563,1.343510,0.129823,0.776481,0.205602,1.676255,0.155767,0.154009,1.948177,0.135744,0.180476
28.966667,2.049944,2.050818,1.694275,1.997492,1.994918,2.044678,2.027528,1.335728,0.129977,0.760001,0.204276,1.684069,0.155634,0.154204,1.950347,0.135803,0.181042
28.983333,2.050112,2.049774,1.683054,1.995942,1.995192,2.045384,2.027494,1.328557,0.130293,0.735528,0.203557,1.692328,0.155534,0.154347,1.951691,0.136011,0.181428
29.000000,2.050375,2.047788,1.660078,1.994619,1.995444,2.044597,2.027467,1.321571,0.130836,0.715574,0.203386,1.685368,0.155606,0.154403,1.952613,0.136339,0.182369
29.016667,2.050667,2.045408,1.628480,1.993340,1.995591,2.043105,2.027445,1.314873,0.131540,0.697782,0.203918,1.667169,0.155809,0.154325,1.953281,0.136599,0.183711
29.033333,2.051007,2.042997,1.591264,1.992242,1.995669,2.041284,2.027426,1.308623,0.132303,0.683282,0.205039,1.640235,0.156119,0.154194,1.953851,0.136807,0.185334
29.050000,2.051349,2.040946,1.553772,1.991332,1.995708,2.039805,2.027410,1.302868,0.133038,0.672019,0.207071,1.613029,0.156598,0.154093,1.954316,0.137277,0.188351
29.066667,2.051697,2.039672,1.526923,1.990524,1.995728,2.038941,2.027393,1.297542,0.133517,0.662838,0.209641,1.594388,0.156443,0.153226,1.954737,0.137355,0.191439
29.083333,2.052054,2.038846,1.504310,1.989880,1.995733,2.038317,2.027381,1.292521,0.134220,0.655937,0.212512,1.576865,0.156159,0.152358,1.953638,0.137647,0.193508
29.100000,2.052394,2.038219,1.479748,1.989373,1.995732,2.037841,2.027370,1.287935,0.135184,0.651388,0.215511,1.560702,0.155937,0.151878,1.952576,0.138599,0.194231
29.116667,2.052715,2.037715,1.455014,1.988813,1.995730,2.037502,2.027363,1.283732,0.136159,0.648167,0.218280,1.548258,0.155807,0.152364,1.951614,0.139454,0.194656
29.133333,2.053005,2.037312,1.430627,1.988371,1.995730,2.037078,2.027354,1.279912,0.137683,0.646211,0.218657,1.540791,0.155712,0.152746,1.950783,0.140109,0.195556
29.150000,2.053278,2.036996,1.406998,1.987907,1.995730,2.036711,2.027347,1.276551,0.139556,0.645019,0.219512,1.530398,0.155159,0.152358,1.950022,0.140899,0.196809
29.166667,2.053484,2.036738,1.383918,1.987552,1.995731,2.036447,2.027340,1.273641,0.141674,0.644288,0.221291,1.514176,0.154367,0.151704,1.949134,0.141635,0.198273
29.183333,2.053644,2.036533,1.362920,1.987272,1.995731,2.036256,2.027337,1.271179,0.143899,0.643849,0.222218,1.501924,0.153693,0.150972,1.948329,0.142537,0.199795
29.200000,2.053772,2.036469,1.355467,1.987037,1.995731,2.036072,2.027335,1.269169,0.145740,0.643612,0.221789,1.495725,0.153648,0.150306,1.947664,0.143479,0.200190
29.216667,2.053889,2.036397,1.357576,1.986823,1.995733,2.035897,2.027334,1.267587,0.147282,0.643520,0.222135,1.486811,0.153649,0.149338,1.947206,0.143983,0.200300
29.233333,2.053975,2.036377,1.359031,1.986646,1.995735,2.035772,2.027336,1.266454,0.149135,0.643527,0.221919,1.480878,0.153628,0.148387,1.946927,0.144791,0.200375
29.250000,2.054032,2.036415,1.360318,1.986492,1.995738,2.035690,2.027339,1.265760,0.151286,0.643601,0.221346,1.477312,0.153488,0.147456,1.946771,0.145917,0.200464
29.266667,2.054061,2.036512,1.361613,1.986346,1.995740,2.035651,2.027342,1.265384,0.153735,0.643717,0.220420,1.476080,0.153209,0.146548,1.946672,0.147376,0.200594
29.283333,2.054075,2.036635,1.363808,1.986201,1.995742,2.035649,2.027343,1.265170,0.155587,0.643845,0.219003,1.477137,0.152795,0.146214,1.946610,0.148863,0.200834
29.300000,2.054083,2.036740,1.368557,1.986057,1.995743,2.035678,2.027343,1.265031,0.155735,0.643954,0.216777,1.480587,0.152388,0.147083,1.946582,0.149817,0.201327
29.316667,2.054087,2.036897,1.374472,1.985913,1.995742,2.035738,2.027343,1.264945,0.155887,0.644064,0.213890,1.486470,0.152035,0.147958,1.946566,0.150771,0.201986
29.333333,2.054093,2.037134,1.380742,1.985765,1.995730,2.035700,2.027347,1.264890,0.155962,0.644167,0.213720,1.488059,0.151719,0.148135,1.946559,0.151322,0.202670
29.350000,2.054094,2.037411,1.387718,1.985653,1.995731,2.036161,2.027348,1.264841,0.156042,0.644251,0.211981,1.507423,0.150568,0.148061,1.946554,0.152183,0.202814
29.366667,2.054094,2.037765,1.396134,1.985588,1.995733,2.036454,2.027347,1.264805,0.156051,0.644302,0.210662,1.520525,0.149896,0.147725,1.946551,0.152846,0.202607
29.383333,2.054095,2.038200,1.406187,1.985501,1.995735,2.036636,2.027346,1.264761,0.155805,0.644365,0.208709,1.529601,0.150287,0.147700,1.946551,0.153167,0.202078
29.400000,2.054095,2.038735,1.417856,1.985372,1.995735,2.036736,2.027346,1.264723,0.154958,0.644457,0.207061,1.538793,0.151239,0.148613,1.946548,0.153081,0.201159
29.416667,2.054095,2.039181,1.427337,1.985302,1.995734,2.036811,2.027347,1.264712,0.153836,0.644514,0.206332,1.545463,0.151560,0.149861,1.946545,0.153183,0.200607
29.433333,2.054096,2.039432,1.432668,1.985264,1.995733,2.036855,2.027347,1.264708,0.153189,0.644546,0.205955,1.549199,0.151694,0.150560,1.946543,0.153267,0.200301
29.450000,2.054096,2.039568,1.435540,1.985244,1.995732,2.036891,2.027348,1.264705,0.152868,0.644565,0.205798,1.551528,0.151702,0.150890,1.946542,0.153329,0.200140
29.466667,2.054097,2.039641,1.437079,1.985233,1.995731,2.036911,2.027348,1.264706,0.152706,0.644576,0.205729,1.552823,0.151692,0.151062,1.946542,0.153379,0.200056
29.483333,2.054097,2.039680,1.437909,1.985227,1.995731,2.036923,2.027348,1.264708,0.152631,0.644584,0.205702,1.553559,0.151674,0.151143,1.946542,0.153417,0.200013
29.500000,2.054097,2.039700,1.438357,1.985224,1.995730,2.036932,2.027348,1.264710,0.152594,0.644589,0.205692,1.554002,0.151656,0.151179,1.946542,0.153441,0.199991
29.516667,2.054098,2.039711,1.438597,1.985223,1.995730,2.036938,2.027349,1.264712,0.152575,0.644593,0.205691,1.554266,0.151641,0.151196,1.946542,0.153457,0.199979
29.533333,2.054098,2.039717,1.438726,1.985222,1.995730,2.036942,2.027349,1.264715,0.152567,0.644596,0.205694,1.554431,0.151627,0.151201,1.946542,0.153468,0.199973
29.550000,2.054098,2.039720,1.438794,1.985222,1.995730,2.036945,2.027349,1.264717,0.152563,0.644599,0.205697,1.554532,0.151615,0.151203,1.946542,0.153477,0.199970
29.566667,2.054098,2.039721,1.438831,1.985222,1.995730,2.036947,2.027349,1.264718,0.152563,0.644601,0.205703,1.554609,0.151604,0.151198,1.946542,0.153484,0.199969
29.583333,2.054098,2.039722,1.438850,1.985222,1.995730,2.036949,2.027349,1.264720,0.152566,0.644603,0.205709,1.554668,0.151593,0.151192,1.946542,0.153489,0.199969
29.600000,2.054159,2.039710,1.438776,1.985436,1.995739,2.036958,2.027853,1.285473,0.152680,0.648332,0.205749,1.553478,0.151525,0.151142,1.946629,0.153521,0.199861
29.616667,2.054531,2.039989,1.445520,1.986776,1.995642,2.037407,2.028420,1.307930,0.151839,0.671560,0.206177,1.552124,0.151663,0.151351,1.947194,0.153971,0.199523
29.633333,2.053116,2.040311,1.456713,1.989319,1.995296,2.037826,2.029716,1.346100,0.150624,0.688227,0.205859,1.550687,0.152433,0.151868,1.938746,0.154482,0.198826
29.650000,2.051318,2.040374,1.465958,1.992210,1.994970,2.038219,2.031190,1.383461,0.149437,0.709626,0.206459,1.549634,0.152812,0.152841,1.926546,0.154899,0.198345
29.666667,2.049286,2.041210,1.478863,1.995026,1.994698,2.038621,2.032527,1.417840,0.148080,0.732670,0.207668,1.548389,0.152965,0.154315,1.911365,0.154928,0.198958
29.683333,2.048722,2.041972,1.487133,1.996301,1.994582,2.038892,2.033437,1.443604,0.147188,0.746868,0.210703,1.543413,0.151759,0.154944,1.900848,0.153935,0.200841
29.700000,2.047874,2.042605,1.492113,1.996703,1.994556,2.039236,2.034927,1.476764,0.146672,0.754899,0.214495,1.539600,0.149454,0.155400,1.888430,0.153933,0.202727
29.716667,2.046103,2.043160,1.495263,1.996739,1.994532,2.039617,2.036909,1.516254,0.146466,0.759456,0.218713,1.536465,0.147067,0.155860,1.869763,0.154196,0.204792
29.733333,2.044151,2.043645,1.496697,1.997036,1.994507,2.040305,2.038928,1.558162,0.146417,0.770353,0.220813,1.542461,0.145228,0.156271,1.848097,0.154465,0.207332
29.750000,2.041983,2.044112,1.497489,1.997619,1.994485,2.041293,2.040577,1.601704,0.146772,0.786936,0.220534,1.557582,0.143726,0.156221,1.822098,0.154619,0.210580
29.766667,2.039739,2.044603,1.498561,1.997835,1.994474,2.042454,2.041899,1.646553,0.147387,0.797644,0.218747,1.577089,0.142356,0.155965,1.791799,0.154801,0.214269
29.783333,2.037982,2.045111,1.499880,1.997736,1.994477,2.043736,2.043140,1.693445,0.148048,0.803609,0.215978,1.598436,0.141095,0.155759,1.755026,0.155052,0.218237
29.800000,2.036663,2.046203,1.514487,1.997453,1.994492,2.045104,2.043792,1.737050,0.148134,0.807110,0.213775,1.619815,0.139993,0.155567,1.712486,0.155148,0.221599
29.816667,2.035559,2.047182,1.526139,1.997050,1.994518,2.046237,2.044701,1.775143,0.148103,0.809285,0.213724,1.634406,0.138789,0.155327,1.666313,0.155133,0.224773
29.833333,2.034622,2.047958,1.533589,1.996313,1.994588,2.047262,2.045142,1.802233,0.148138,0.805979,0.212004,1.646890,0.138287,0.155256,1.624833,0.155205,0.227058
29.850000,2.033901,2.048681,1.540231,1.995470,1.994774,2.048242,2.045149,1.822671,0.148249,0.813403,0.209163,1.658655,0.138264,0.155294,1.589532,0.155442,0.228233
29.866667,2.033125,2.049310,1.544925,1.994087,1.994984,2.049156,2.044877,1.839283,0.148371,0.820232,0.205773,1.669217,0.138535,0.155396,1.548468,0.155693,0.229081
29.883333,2.032390,2.048824,1.543140,1.992353,1.995201,2.050085,2.044317,1.853169,0.148594,0.818065,0.202618,1.679678,0.139090,0.155570,1.508639,0.156038,0.228627
29.900000,2.031685,2.047330,1.533933,1.990426,1.995418,2.051059,2.043653,1.865844,0.148996,0.810952,0.200022,1.690318,0.139902,0.155806,1.477639,0.156518,0.226703
29.916667,2.031247,2.045726,1.523595,1.988410,1.995628,2.052041,2.042879,1.877332,0.149533,0.801480,0.197937,1.700492,0.140867,0.156084,1.458336,0.157125,0.223627
29.933333,2.030999,2.044429,1.517323,1.986366,1.995828,2.053048,2.042013,1.887792,0.150165,0.791093,0.196408,1.710426,0.141974,0.156408,1.445098,0.157924,0.219112
29.950000,2.030852,2.043300,1.513818,1.984329,1.996018,2.054038,2.041145,1.895591,0.150883,0.780623,0.195169,1.719733,0.143206,0.156771,1.434914,0.158861,0.213889
29.966667,2.030765,2.042232,1.507596,1.982320,1.996196,2.054955,2.040629,1.899903,0.151537,0.770541,0.194596,1.727549,0.144424,0.157203,1.426498,0.159186,0.209510
29.983333,2.030712,2.041075,1.494602,1.980360,1.996361,2.055862,2.040333,1.902068,0.151660,0.761080,0.194827,1.734931,0.145488,0.157386,1.419206,0.159712,0.206779
30.000000,2.030674,2.039737,1.479040,1.978464,1.996513,2.056175,2.040120,1.902605,0.151898,0.752369,0.195098,1.739926,0.146630,0.157676,1.412945,0.160521,0.203653
30.016667,2.030656,2.038482,1.460492,1.976639,1.996655,2.054395,2.039957,1.902241,0.151386,0.744442,0.193828,1.736404,0.148588,0.157937,1.406917,0.160289,0.203316
30.033333,2.030647,2.037522,1.447524,1.974897,1.996786,2.051891,2.039823,1.901359,0.151419,0.737316,0.192133,1.727908,0.150837,0.158165,1.401484,0.159114,0.202381
30.050000,2.030647,2.036823,1.438644,1.973717,1.996872,2.048696,2.039714,1.900188,0.151519,0.732734,0.190985,1.709077,0.153136,0.158673,1.396469,0.158372,0.201806
30.066667,2.030645,2.035690,1.429432,1.973084,1.996923,2.045709,2.039617,1.898849,0.151822,0.730159,0.190324,1.689482,0.154978,0.158994,1.391795,0.159016,0.200080
30.083333,2.030644,2.034802,1.430938,1.972855,1.996952,2.043211,2.039538,1.897429,0.152146,0.727559,0.190614,1.671068,0.155726,0.159126,1.387562,0.159486,0.198253
30.100000,2.030645,2.034050,1.439858,1.973002,1.996969,2.040936,2.039476,1.895991,0.152571,0.723273,0.191441,1.651465,0.155890,0.159160,1.383738,0.159844,0.196105
30.116667,2.030644,2.033278,1.448399,1.973213,1.996981,2.038701,2.039412,1.893575,0.152994,0.719589,0.192381,1.626889,0.156119,0.159229,1.380350,0.160325,0.194224
30.133333,2.030648,2.032446,1.454798,1.973444,1.996990,2.036937,2.039324,1.889586,0.153443,0.716390,0.193802,1.602424,0.156221,0.159253,1.377254,0.160620,0.192300
30.150000,2.030654,2.031557,1.459983,1.973669,1.996995,2.035824,2.039250,1.886131,0.154104,0.713628,0.195766,1.582237,0.156114,0.159242,1.374554,0.160817,0.189806
30.166667,2.030663,2.030675,1.461543,1.973874,1.996997,2.034935,2.039238,1.883338,0.154696,0.711265,0.197823,1.559019,0.156608,0.159442,1.372270,0.160923,0.187892
30.183333,2.030674,2.030300,1.466769,1.974054,1.996993,2.035046,2.039285,1.881403,0.153681,0.709321,0.199979,1.549167,0.156461,0.159786,1.370220,0.161629,0.188379
30.200000,2.030684,2.029303,1.459730,1.974206,1.996992,2.034645,2.039326,1.879869,0.154830,0.707775,0.202079,1.528427,0.156513,0.160098,1.368594,0.163611,0.186208
30.216667,2.030694,2.029018,1.464244,1.974320,1.996991,2.034114,2.039369,1.878806,0.154629,0.706646,0.204391,1.502547,0.156837,0.160473,1.367345,0.164174,0.185542
30.233333,2.030704,2.028838,1.469509,1.974392,1.996991,2.033717,2.039411,1.878194,0.154863,0.705933,0.206916,1.480113,0.156517,0.160299,1.366474,0.164022,0.184750
30.250000,2.030715,2.028772,1.475039,1.974431,1.996990,2.033423,2.039442,1.877880,0.155187,0.705543,0.209817,1.459037,0.155944,0.160124,1.365981,0.164007,0.183864
30.266667,2.030724,2.028792,1.481570,1.974451,1.996989,2.033220,2.039461,1.877723,0.155475,0.705329,0.213084,1.439354,0.155245,0.159942,1.365744,0.164021,0.182956
30.283333,2.030729,2.028903,1.489557,1.974462,1.996987,2.033132,2.039472,1.877650,0.155614,0.705212,0.215373,1.425054,0.154931,0.159796,1.365641,0.163971,0.182060
30.300000,2.030733,2.029098,1.499088,1.974467,1.996986,2.033132,2.039480,1.877621,0.155558,0.705145,0.215168,1.419184,0.155466,0.159793,1.365605,0.163812,0.181189
30.316667,2.030736,2.029388,1.510344,1.974469,1.996984,2.033207,2.039485,1.877617,0.155377,0.705104,0.215136,1.415115,0.155907,0.159771,1.365607,0.163600,0.180380
30.333333,2.030738,2.029782,1.523401,1.974470,1.996982,2.033352,2.039489,1.877627,0.155077,0.705077,0.215246,1.412781,0.156245,0.159729,1.365626,0.163339,0.179643
30.350000,2.030739,2.030246,1.535551,1.974470,1.996979,2.033571,2.039492,1.877645,0.154513,0.705057,0.215503,1.412338,0.156469,0.159659,1.365650,0.162997,0.179380
30.366667,2.030740,2.030693,1.540351,1.974470,1.996976,2.033867,2.039495,1.877667,0.153316,0.705040,0.215916,1.413895,0.156568,0.159540,1.365664,0.162486,0.180674
30.383333,2.030741,2.031119,1.540347,1.974469,1.996973,2.034183,2.039498,1.877701,0.151880,0.705025,0.216330,1.415041,0.157013,0.159080,1.365670,0.161703,0.182933
30.400000,2.030741,2.031885,1.542358,1.974467,1.996969,2.034606,2.039502,1.877742,0.150616,0.705011,0.216540,1.421741,0.157718,0.158118,1.365659,0.160845,0.185263
30.416667,2.030745,2.032630,1.548579,1.974458,1.996963,2.035286,2.039507,1.877773,0.149368,0.704997,0.214497,1.442793,0.158365,0.158296,1.365627,0.161106,0.186916
30.433333,2.030753,2.032965,1.546455,1.974445,1.996956,2.036200,2.039512,1.877805,0.148710,0.705004,0.212637,1.472516,0.158201,0.158253,1.365525,0.160799,0.188864
30.450000,2.030753,2.034153,1.562561,1.974446,1.996950,2.037237,2.039511,1.877835,0.147906,0.705011,0.211220,1.506742,0.157837,0.158099,1.365470,0.160670,0.188948
30.466667,2.030753,2.035287,1.579990,1.974620,1.996959,2.038231,2.039510,1.877863,0.146141,0.705020,0.209714,1.540764,0.157567,0.158697,1.365430,0.159996,0.188740
30.483333,2.030752,2.036084,1.597554,1.975402,1.997007,2.038906,2.039510,1.877886,0.144475,0.705029,0.209148,1.563603,0.157536,0.159339,1.365391,0.158658,0.187869
30.500000,2.030751,2.036538,1.608508,1.975814,1.997034,2.039305,2.039509,1.877896,0.143858,0.705036,0.209402,1.576317,0.157381,0.159058,1.365380,0.157633,0.187547
30.516667,2.030750,2.036781,1.614567,1.976028,1.997049,2.039520,2.039508,1.877901,0.143562,0.705042,0.209566,1.583151,0.157286,0.158872,1.365376,0.157071,0.187351
30.533333,2.030751,2.036915,1.618043,1.976134,1.997180,2.039826,2.039512,1.877909,0.143430,0.705038,0.209736,1.587106,0.157230,0.158730,1.365377,0.156753,0.187214
30.550000,2.030752,2.036985,1.620028,1.976183,1.997342,2.040132,2.039518,1.877918,0.143391,0.705028,0.209900,1.589373,0.157187,0.158619,1.365381,0.156575,0.187109
30.566667,2.030753,2.037027,1.621324,1.976204,1.997476,2.040385,2.039523,1.877926,0.143374,0.705019,0.210067,1.590695,0.157150,0.158529,1.365386,0.156457,0.187041
30.583333,2.030754,2.037045,1.622035,1.976210,1.997600,2.040617,2.039529,1.877933,0.143392,0.705009,0.210200,1.591505,0.157113,0.158464,1.365391,0.156410,0.186980
30.600000,2.031116,2.037171,1.621952,1.976210,1.997719,2.040840,2.039563,1.877998,0.143340,0.705003,0.210360,1.592054,0.157076,0.158394,1.377236,0.156334,0.186900
30.616667,2.031493,2.037345,1.620829,1.976210,1.997833,2.041055,2.039796,1.878430,0.143542,0.705010,0.210487,1.592449,0.157035,0.158333,1.393937,0.156324,0.186085
30.633333,2.031101,2.037608,1.618393,1.976214,1.997944,2.041270,2.039992,1.878829,0.144000,0.705029,0.210602,1.592765,0.156998,0.158285,1.395668,0.156379,0.184852
30.650000,2.030854,2.038053,1.615549,1.976222,1.998053,2.041489,2.040113,1.879148,0.144454,0.705056,0.210710,1.593043,0.156967,0.158242,1.399925,0.156432,0.183770
30.666667,2.030819,2.038695,1.612700,1.976233,1.998161,2.041714,2.040213,1.879438,0.144901,0.705090,0.210817,1.593304,0.156941,0.158207,1.408897,0.156486,0.182842
30.683333,2.030910,2.039219,1.609198,1.976245,1.998266,2.041946,2.039889,1.875678,0.145331,0.705125,0.210934,1.593561,0.156929,0.158181,1.423096,0.156535,0.181987
30.700000,2.031108,2.039662,1.605061,1.976256,1.998369,2.042265,2.039609,1.866474,0.145971,0.705159,0.212525,1.594405,0.156095,0.157337,1.442623,0.156486,0.181375
30.716667,2.031393,2.040073,1.600538,1.976266,1.998469,2.042899,2.040089,1.859420,0.146474,0.705195,0.214838,1.601813,0.154554,0.156422,1.467666,0.156313,0.181571
30.733333,2.031873,2.040428,1.595736,1.976745,1.998569,2.043554,2.039994,1.846941,0.146680,0.713752,0.216796,1.610094,0.153664,0.155467,1.505309,0.156632,0.182508
30.750000,2.032643,2.040586,1.589591,1.977858,1.998669,2.044115,2.039285,1.828743,0.147128,0.733502,0.218480,1.616230,0.153257,0.154404,1.553790,0.156834,0.183135
30.766667,2.033674,2.040699,1.582976,1.978599,1.998766,2.044606,2.038356,1.807931,0.147531,0.746344,0.219997,1.620793,0.153333,0.153473,1.607051,0.157044,0.183801
30.783333,2.034801,2.040815,1.577226,1.977731,1.998861,2.045027,2.037465,1.786273,0.148011,0.753899,0.221269,1.623797,0.153831,0.152652,1.662683,0.157332,0.184134
30.800000,2.036134,2.041065,1.574141,1.975895,1.998954,2.045412,2.036783,1.765636,0.148024,0.758529,0.222452,1.625953,0.154637,0.152157,1.717646,0.157576,0.184485
30.816667,2.037463,2.041360,1.571410,1.974188,1.999044,2.045853,2.036051,1.730320,0.147215,0.761306,0.224328,1.627939,0.154902,0.152054,1.762300,0.157408,0.185592
30.833333,2.038899,2.041602,1.567601,1.973060,1.999144,2.045957,2.035280,1.686186,0.146713,0.769917,0.225916,1.625833,0.154955,0.151928,1.792708,0.157198,0.186844
30.850000,2.039988,2.041783,1.562461,1.973822,1.999264,2.045424,2.034377,1.636334,0.146509,0.766145,0.226651,1.616623,0.155151,0.151945,1.811502,0.157006,0.188053
30.866667,2.040909,2.041908,1.556528,1.976300,1.999339,2.045091,2.033420,1.581506,0.146478,0.750841,0.227047,1.610951,0.155102,0.151776,1.824420,0.156871,0.189135
30.883333,2.040829,2.041956,1.547998,1.977378,1.999361,2.044883,2.032429,1.522628,0.146513,0.741916,0.227265,1.607588,0.155079,0.151685,1.835265,0.156783,0.190065
30.900000,2.041099,2.042017,1.540058,1.977428,1.999340,2.044746,2.031495,1.465419,0.146571,0.736971,0.227373,1.605572,0.155080,0.151650,1.843762,0.156728,0.190783
30.916667,2.041259,2.042482,1.546203,1.977076,1.999277,2.044139,2.030780,1.427883,0.146943,0.734476,0.227498,1.592025,0.155547,0.152364,1.854131,0.157172,0.188545
30.933333,2.040325,2.042888,1.550883,1.976402,1.999159,2.043056,2.030313,1.404152,0.147409,0.733387,0.227767,1.566563,0.156359,0.153504,1.864655,0.157681,0.186069
30.950000,2.039660,2.043254,1.554294,1.975727,1.999033,2.042099,2.030018,1.388500,0.147884,0.732951,0.230136,1.528127,0.156902,0.154504,1.870482,0.158235,0.183990
30.966667,2.039313,2.043578,1.556256,1.974283,1.998909,2.041262,2.029825,1.377361,0.148332,0.715227,0.231382,1.491141,0.157684,0.155163,1.873724,0.158948,0.182679
30.983333,2.039072,2.043871,1.557820,1.972553,1.998821,2.040045,2.029687,1.369068,0.148738,0.691347,0.226198,1.464554,0.159691,0.157266,1.874711,0.160060,0.181961
31.000000,2.038897,2.044192,1.559515,1.971067,1.998746,2.038807,2.029585,1.362420,0.149571,0.672614,0.221279,1.443795,0.159748,0.159117,1.874467,0.162196,0.181831
31.016667,2.038761,2.044793,1.566268,1.969776,1.998651,2.038125,2.029502,1.356767,0.150407,0.657658,0.215586,1.442458,0.159528,0.159885,1.873527,0.163137,0.182904
31.033333,2.038655,2.044692,1.570767,1.968736,1.998531,2.037876,2.029434,1.352120,0.150920,0.646703,0.211095,1.452398,0.159189,0.159758,1.872175,0.163179,0.184402
31.050000,2.038572,2.043342,1.559130,1.967881,1.998438,2.037742,2.029376,1.347772,0.151641,0.638437,0.207213,1.466446,0.158877,0.159700,1.870590,0.163285,0.185326
31.066667,2.038497,2.041572,1.537295,1.967404,1.998357,2.037875,2.029325,1.343959,0.152554,0.633878,0.203634,1.482754,0.158551,0.159639,1.867986,0.163426,0.186183
31.083333,2.038407,2.040225,1.521169,1.967133,1.998292,2.037644,2.029233,1.323011,0.153418,0.631388,0.199991,1.495877,0.158191,0.159423,1.863228,0.163425,0.187610
31.100000,2.038313,2.039288,1.511883,1.966478,1.998226,2.037394,2.029139,1.308037,0.154311,0.626677,0.196230,1.509858,0.157829,0.158944,1.857453,0.163130,0.189512
31.116667,2.038229,2.038494,1.504252,1.966019,1.998172,2.037008,2.029066,1.299692,0.155223,0.623411,0.192727,1.519867,0.157497,0.158458,1.852188,0.162828,0.191513
31.133333,2.038157,2.037813,1.497679,1.965769,1.998124,2.036326,2.029020,1.285098,0.155577,0.621635,0.189583,1.519726,0.157342,0.158517,1.847428,0.162037,0.193833
31.150000,2.038096,2.037293,1.493804,1.965633,1.998073,2.035473,2.029003,1.272601,0.156069,0.620663,0.186872,1.513004,0.157340,0.159068,1.843224,0.161389,0.194877
31.166667,2.038084,2.036841,1.491598,1.965555,1.998025,2.034515,2.028993,1.262253,0.157795,0.620124,0.184519,1.503917,0.157295,0.159088,1.839780,0.161377,0.194450
31.183333,2.038113,2.036510,1.491729,1.965509,1.997982,2.033485,2.028986,1.253763,0.159495,0.619820,0.182394,1.491702,0.157308,0.159161,1.837181,0.162371,0.193590
31.200000,2.038141,2.036269,1.492470,1.965481,1.997944,2.033150,2.028971,1.246400,0.161220,0.619646,0.179972,1.492978,0.157170,0.159140,1.835090,0.163895,0.192230
31.216667,2.038171,2.036099,1.493199,1.965452,1.997909,2.034017,2.028955,1.240521,0.161937,0.619568,0.176835,1.515286,0.156894,0.159761,1.833588,0.165099,0.191179
31.233333,2.038201,2.035961,1.493279,1.965410,1.997878,2.035760,2.028934,1.236124,0.161959,0.619575,0.174018,1.555486,0.156388,0.159713,1.832673,0.165078,0.191869
31.250000,2.038224,2.035880,1.495144,1.965312,1.997857,2.037125,2.028906,1.232951,0.161879,0.619608,0.172363,1.584486,0.155976,0.159546,1.832183,0.164933,0.192481
31.266667,2.038239,2.035838,1.497706,1.965031,1.997840,2.037275,2.028885,1.231090,0.161848,0.619704,0.171317,1.592486,0.155897,0.159559,1.831937,0.164931,0.193135
31.283333,2.038249,2.035796,1.496146,1.964711,1.997827,2.037291,2.028875,1.230149,0.161866,0.619804,0.170868,1.598432,0.155836,0.159534,1.831835,0.164904,0.193382
31.300000,2.038255,2.035870,1.499960,1.964105,1.997817,2.037801,2.028871,1.229719,0.161840,0.617792,0.170342,1.608415,0.155763,0.159546,1.831788,0.164901,0.193280
31.316667,2.038259,2.036014,1.506940,1.963153,1.997809,2.038436,2.028871,1.229585,0.161781,0.613723,0.169892,1.618634,0.155670,0.159559,1.831776,0.164889,0.193011
31.333333,2.038262,2.036156,1.513822,1.962183,1.997803,2.038984,2.028871,1.229554,0.161725,0.609540,0.170024,1.624018,0.155046,0.159475,1.831782,0.164859,0.192790
31.350000,2.038265,2.036374,1.523906,1.961248,1.997799,2.039461,2.028872,1.229550,0.161641,0.605433,0.170716,1.625938,0.153946,0.159307,1.831796,0.164804,0.192469
31.366667,2.038266,2.036649,1.536217,1.960516,1.997797,2.039942,2.028872,1.229554,0.161530,0.602187,0.171849,1.626584,0.152599,0.159092,1.831811,0.164736,0.192024
31.383333,2.038267,2.037006,1.551541,1.959715,1.997796,2.040578,2.028872,1.229561,0.161373,0.598503,0.173057,1.629605,0.151332,0.158811,1.831821,0.164630,0.191476
31.400000,2.038270,2.037266,1.562135,1.959193,1.997789,2.040994,2.028873,1.229395,0.161288,0.596129,0.174604,1.635582,0.149753,0.157524,1.831858,0.164396,0.191954
31.416667,2.038276,2.037381,1.566620,1.958907,1.997785,2.040512,2.028871,1.229150,0.160837,0.594838,0.176200,1.634309,0.148142,0.156706,1.831911,0.164112,0.193155
31.433333,2.038279,2.037419,1.568003,1.958685,1.997783,2.040189,2.028867,1.228798,0.161044,0.594154,0.177773,1.638609,0.146575,0.155357,1.831975,0.163347,0.194831
31.450000,2.038283,2.037418,1.567775,1.958452,1.997782,2.040082,2.028862,1.228446,0.161487,0.593155,0.179753,1.647787,0.144470,0.153519,1.832042,0.162797,0.196784
31.466667,2.038286,2.037392,1.566647,1.958318,1.997782,2.040129,2.028858,1.228143,0.161598,0.592612,0.182327,1.658657,0.141704,0.152022,1.832109,0.162735,0.198662
31.483333,2.038288,2.037365,1.565593,1.958247,1.997783,2.040194,2.028855,1.227985,0.161675,0.592321,0.184366,1.665703,0.139806,0.151188,1.832150,0.162744,0.199880
31.500000,2.038289,2.037339,1.564709,1.958210,1.997784,2.040230,2.028854,1.227910,0.161718,0.592167,0.185600,1.669498,0.138770,0.150738,1.832172,0.162747,0.200567
31.516667,2.038289,2.037317,1.563964,1.958190,1.997785,2.040248,2.028853,1.227872,0.161742,0.592086,0.186281,1.671535,0.138217,0.150500,1.832184,0.162747,0.200960
31.533333,2.038289,2.037296,1.563320,1.958180,1.997786,2.040257,2.028852,1.227855,0.161749,0.592044,0.186650,1.672627,0.137923,0.150377,1.832190,0.162743,0.201197
31.550000,2.038287,2.037285,1.562911,1.958178,1.997749,2.039833,2.028847,1.227842,0.161728,0.592026,0.186741,1.672791,0.137758,0.150319,1.832192,0.162725,0.201347
31.566667,2.038285,2.037279,1.562689,1.958181,1.997701,2.039265,2.028841,1.227832,0.161716,0.592021,0.186704,1.672548,0.137662,0.150285,1.832191,0.162711,0.201430
31.583333,2.038283,2.037276,1.562568,1.958184,1.997680,2.038976,2.028836,1.227826,0.161708,0.592021,0.186684,1.672427,0.137610,0.150268,1.832190,0.162699,0.201478
31.600000,2.038281,2.037488,1.562711,1.958188,1.997628,2.039059,2.029322,1.243809,0.161699,0.592024,0.186252,1.672603,0.137579,0.150250,1.832189,0.162693,0.201563
31.616667,2.038562,2.038023,1.563197,1.958198,1.997437,2.039245,2.028802,1.244355,0.161666,0.592033,0.184767,1.672031,0.138017,0.150339,1.835609,0.162706,0.201709
31.633333,2.039272,2.038476,1.563617,1.958211,1.997187,2.039339,2.028161,1.239375,0.161606,0.592045,0.183376,1.671666,0.138529,0.150454,1.841967,0.162729,0.201808
31.650000,2.040228,2.038892,1.564051,1.958225,1.996992,2.039320,2.027845,1.241346,0.161480,0.592063,0.182100,1.670822,0.139055,0.150501,1.850257,0.162411,0.202135
31.666667,2.042409,2.039420,1.565332,1.958240,1.996812,2.039176,2.028126,1.253000,0.160106,0.592100,0.181157,1.669993,0.139763,0.150439,1.866901,0.161544,0.203916
31.683333,2.044991,2.040198,1.573449,1.958255,1.996632,2.039003,2.028691,1.271162,0.158951,0.592139,0.181029,1.669246,0.140172,0.150403,1.884435,0.160947,0.205068
31.700000,2.046894,2.040812,1.578276,1.958265,1.996456,2.038984,2.029598,1.299692,0.158696,0.592166,0.182172,1.669087,0.139752,0.150662,1.896368,0.160302,0.206209
31.716667,2.048332,2.041392,1.582849,1.959858,1.996288,2.038968,2.029994,1.331817,0.158933,0.594203,0.183530,1.666419,0.139360,0.151118,1.905001,0.159815,0.207188
31.733333,2.049818,2.041915,1.586886,1.962296,1.996126,2.038933,2.030908,1.386856,0.159261,0.592877,0.182861,1.664616,0.139538,0.152098,1.909721,0.159672,0.207771
31.750000,2.051838,2.042407,1.589498,1.963256,1.996000,2.039032,2.032109,1.458464,0.159830,0.591503,0.182221,1.666169,0.138218,0.152436,1.906576,0.160368,0.208754
31.766667,2.052084,2.042930,1.592018,1.962875,1.995987,2.039272,2.033644,1.535904,0.160027,0.590774,0.180926,1.671139,0.136735,0.153333,1.893488,0.161327,0.210369
31.783333,2.052334,2.043495,1.594733,1.962226,1.995976,2.039940,2.034449,1.593041,0.159529,0.590614,0.179801,1.679528,0.135928,0.155100,1.878414,0.162039,0.212413
31.800000,2.052501,2.044036,1.596850,1.961412,1.995971,2.041054,2.034944,1.639822,0.159917,0.590774,0.179817,1.691593,0.134937,0.155608,1.862238,0.162404,0.214615
31.816667,2.052567,2.044618,1.599360,1.960710,1.995966,2.042165,2.035662,1.686536,0.160017,0.594868,0.180731,1.703508,0.133528,0.155212,1.845637,0.162337,0.217620
31.833333,2.052129,2.045145,1.600982,1.960484,1.995972,2.043128,2.036370,1.723301,0.159976,0.609406,0.181770,1.712369,0.132427,0.154949,1.826665,0.162324,0.219970
31.850000,2.051028,2.045610,1.601948,1.960113,1.995987,2.043675,2.036626,1.750912,0.160042,0.622811,0.182694,1.713602,0.131841,0.154806,1.806170,0.162410,0.221107
31.866667,2.050084,2.045558,1.596394,1.959490,1.996011,2.043993,2.036603,1.771884,0.160221,0.633230,0.183589,1.711565,0.131495,0.154704,1.788311,0.162521,0.222031
31.883333,2.048792,2.044119,1.571289,1.958510,1.996050,2.044169,2.036419,1.788127,0.161116,0.639174,0.184337,1.707627,0.131315,0.154643,1.768127,0.162713,0.223064
31.900000,2.047309,2.042753,1.542211,1.957307,1.996094,2.044304,2.036470,1.800136,0.162104,0.642691,0.184877,1.703309,0.131263,0.154709,1.745860,0.163603,0.224179
31.916667,2.045787,2.041337,1.515710,1.955943,1.996145,2.044482,2.036728,1.804608,0.164216,0.644908,0.185255,1.699997,0.131276,0.154913,1.722607,0.165214,0.221565
31.933333,2.044283,2.040264,1.507224,1.953817,1.996258,2.044767,2.036810,1.806189,0.163751,0.638722,0.186782,1.698629,0.131891,0.155250,1.698723,0.165440,0.218516
31.950000,2.042873,2.039461,1.503664,1.951105,1.996417,2.045154,2.036796,1.806191,0.162741,0.627845,0.189549,1.698481,0.132499,0.155168,1.675090,0.165127,0.216639
31.966667,2.041564,2.038475,1.498067,1.948442,1.996571,2.045539,2.036782,1.805460,0.162116,0.617795,0.192264,1.698804,0.133083,0.155085,1.651959,0.164895,0.213975
31.983333,2.040459,2.037631,1.502123,1.945795,1.996720,2.045957,2.036906,1.805170,0.163221,0.608409,0.194616,1.699354,0.133606,0.155213,1.631301,0.165100,0.207552
32.000000,2.039355,2.036995,1.511138,1.943164,1.996863,2.045144,2.037074,1.805146,0.163058,0.599720,0.198818,1.681293,0.134398,0.155286,1.609857,0.165056,0.202544
32.016667,2.038361,2.036901,1.536288,1.940566,1.996998,2.044307,2.037271,1.805267,0.162274,0.591789,0.202726,1.662083,0.135423,0.155395,1.589639,0.164975,0.197421
32.033333,2.037455,2.037178,1.554319,1.938024,1.997120,2.043653,2.037467,1.805464,0.158776,0.584652,0.205682,1.647265,0.136783,0.155507,1.570274,0.164316,0.197398
32.050000,2.036628,2.037704,1.569433,1.935582,1.997239,2.042913,2.037826,1.810505,0.157135,0.578290,0.207248,1.630279,0.138078,0.155445,1.552280,0.164015,0.196414
32.066667,2.035909,2.037510,1.567516,1.933252,1.997350,2.042467,2.038052,1.813750,0.155961,0.572644,0.209057,1.617252,0.138961,0.155692,1.535217,0.164045,0.195437
32.083333,2.035498,2.036698,1.558410,1.931036,1.997395,2.042564,2.038147,1.814445,0.155471,0.566299,0.209059,1.621174,0.139788,0.155845,1.523474,0.164026,0.193719
32.100000,2.035295,2.036036,1.559978,1.928417,1.997313,2.041740,2.038178,1.813978,0.155849,0.556142,0.205454,1.619914,0.141348,0.156155,1.515616,0.164124,0.190419
32.116667,2.035203,2.035384,1.565604,1.923944,1.997240,2.040511,2.038179,1.812951,0.156761,0.552876,0.200757,1.612769,0.143453,0.156578,1.510199,0.164340,0.186313
32.133333,2.035177,2.034656,1.569084,1.919924,1.997189,2.039785,2.038169,1.811676,0.157493,0.552284,0.196386,1.614037,0.145596,0.156992,1.506200,0.164521,0.182727
32.150000,2.035171,2.034105,1.577766,1.917158,1.997149,2.039294,2.038157,1.810338,0.158271,0.550129,0.192496,1.617315,0.147854,0.156983,1.503248,0.164646,0.179288
32.166667,2.035303,2.034032,1.592272,1.914137,1.997124,2.038942,2.038147,1.809053,0.158628,0.551281,0.189399,1.620620,0.150255,0.156865,1.499957,0.164860,0.176394
32.183333,2.035458,2.034356,1.605023,1.910712,1.997098,2.038719,2.038139,1.806765,0.158149,0.553076,0.187432,1.619404,0.152313,0.157764,1.497819,0.164870,0.175085
32.200000,2.035605,2.035863,1.620493,1.907690,1.997080,2.038323,2.038124,1.804158,0.156937,0.555538,0.187216,1.610313,0.153527,0.158595,1.496396,0.164671,0.174466
32.216667,2.035735,2.038083,1.644147,1.905992,1.997070,2.037915,2.038111,1.802254,0.156542,0.556725,0.187795,1.600792,0.153560,0.158688,1.495416,0.165603,0.172963
32.233333,2.035815,2.040469,1.665264,1.905077,1.997064,2.037537,2.038104,1.801041,0.155442,0.557323,0.189055,1.591823,0.153059,0.158520,1.494464,0.165305,0.172850
32.250000,2.035847,2.042417,1.679027,1.904583,1.997060,2.037208,2.038101,1.800391,0.153898,0.557652,0.190552,1.580987,0.152701,0.158350,1.493511,0.164606,0.174296
32.266667,2.035870,2.042630,1.670995,1.904309,1.997056,2.036962,2.038103,1.800062,0.152410,0.557847,0.192567,1.567879,0.152844,0.158108,1.492923,0.162485,0.178104
32.283333,2.035879,2.043484,1.678640,1.904168,1.997053,2.036798,2.038100,1.799895,0.152101,0.557970,0.194725,1.555829,0.153069,0.156995,1.492639,0.159953,0.179828
32.300000,2.035884,2.044627,1.695835,1.904335,1.997050,2.036827,2.038098,1.799810,0.151923,0.558140,0.195814,1.546668,0.154070,0.156206,1.492399,0.158413,0.180067
32.316667,2.035883,2.044770,1.701612,1.904990,1.997047,2.036976,2.038095,1.799766,0.150804,0.558429,0.196441,1.545745,0.154033,0.156040,1.492180,0.157260,0.182103
32.333333,2.035879,2.044618,1.700855,1.905821,1.997045,2.037233,2.038091,1.799738,0.150648,0.558741,0.196509,1.549105,0.153880,0.155391,1.492033,0.156665,0.183909
32.350000,2.035875,2.044376,1.698774,1.906848,1.997044,2.037620,2.038088,1.799715,0.150296,0.559070,0.196156,1.555219,0.153582,0.155127,1.491903,0.156613,0.185693
32.366667,2.035870,2.044170,1.699344,1.908051,1.997043,2.038100,2.038084,1.799703,0.149372,0.559403,0.195919,1.564023,0.153065,0.154962,1.491756,0.156525,0.188085
32.383333,2.035867,2.043796,1.699794,1.909424,1.997043,2.038695,2.038083,1.799696,0.148665,0.559728,0.195785,1.575100,0.152554,0.154504,1.491618,0.156230,0.190615
32.400000,2.035863,2.043452,1.702426,1.912011,1.997041,2.039388,2.038080,1.799691,0.147548,0.552036,0.195452,1.589609,0.152900,0.153942,1.491470,0.155036,0.194036
32.416667,2.035861,2.043114,1.705958,1.913524,1.997039,2.040307,2.038078,1.799697,0.145526,0.547345,0.194971,1.610785,0.152976,0.153822,1.491338,0.153432,0.198357
32.433333,2.035860,2.042798,1.709160,1.914433,1.997037,2.040964,2.038079,1.799715,0.142956,0.544396,0.195546,1.625706,0.152854,0.153825,1.491235,0.152158,0.202983
32.450000,2.035860,2.042557,1.710550,1.915009,1.997035,2.041336,2.038079,1.799727,0.141199,0.542443,0.196115,1.633901,0.152779,0.153828,1.491183,0.151425,0.206505
32.466667,2.035860,2.042397,1.710884,1.915394,1.997034,2.041538,2.038079,1.799732,0.140235,0.541080,0.196460,1.638264,0.152712,0.153821,1.491161,0.151023,0.208632
32.483333,2.035860,2.042291,1.710760,1.915647,1.997033,2.041647,2.038079,1.799733,0.139714,0.540160,0.196674,1.640610,0.152650,0.153810,1.491153,0.150803,0.209838
32.500000,2.035860,2.042219,1.710454,1.915786,1.997033,2.041708,2.038079,1.799732,0.139428,0.539647,0.196814,1.641883,0.152591,0.153797,1.491152,0.150684,0.210520
32.516667,2.035860,2.042171,1.710090,1.915864,1.997032,2.041741,2.038078,1.799730,0.139269,0.539356,0.196912,1.642577,0.152534,0.153783,1.491155,0.150621,0.210912
32.533333,2.035861,2.042136,1.709719,1.915907,1.997007,2.041762,2.038078,1.799728,0.139180,0.539190,0.196987,1.642960,0.152477,0.153767,1.491159,0.150591,0.211142
32.550000,2.036119,2.042084,1.709197,1.915925,1.996828,2.041777,2.038077,1.799726,0.139347,0.539097,0.197047,1.643178,0.152423,0.153759,1.497075,0.150625,0.210320
32.566667,2.036150,2.042016,1.708557,1.915935,1.996634,2.041788,2.038152,1.801048,0.139752,0.539055,0.197086,1.643302,0.152367,0.153755,1.499988,0.150717,0.208679
32.583333,2.036389,2.041958,1.707961,1.915937,1.996456,2.041790,2.038407,1.810141,0.140152,0.539039,0.197093,1.643367,0.152280,0.153734,1.507298,0.150797,0.207171
32.600000,2.036699,2.042022,1.714272,1.915939,1.996294,2.041790,2.038572,1.818095,0.141767,0.539058,0.197096,1.643405,0.152207,0.153758,1.518938,0.151138,0.200818
32.616667,2.036116,2.042595,1.719101,1.915944,1.996138,2.041688,2.038682,1.821591,0.143065,0.539097,0.197078,1.643330,0.152146,0.153782,1.521796,0.151419,0.196137
32.633333,2.035468,2.043200,1.723357,1.915946,1.995977,2.040981,2.038825,1.820073,0.144172,0.539142,0.196909,1.642664,0.152084,0.153798,1.527754,0.151654,0.192217
32.650000,2.035061,2.043869,1.727944,1.915948,1.995814,2.040341,2.038958,1.817755,0.145248,0.539193,0.196755,1.642062,0.152026,0.153814,1.532610,0.151881,0.188627
32.666667,2.034687,2.044632,1.732565,1.915950,1.995653,2.039802,2.039102,1.815184,0.146048,0.539249,0.196642,1.641558,0.152113,0.153922,1.535429,0.152181,0.185940
32.683333,2.034352,2.045453,1.737157,1.916419,1.995492,2.039438,2.040083,1.821254,0.146432,0.541789,0.197568,1.641482,0.152139,0.153516,1.543677,0.152337,0.184870
32.700000,2.034084,2.046398,1.743454,1.919149,1.995452,2.038970,2.040825,1.824598,0.145960,0.568888,0.198783,1.637866,0.151823,0.153650,1.559189,0.152566,0.184050
32.716667,2.034769,2.047396,1.751001,1.922797,1.995538,2.038690,2.041295,1.826364,0.144666,0.608181,0.199993,1.631804,0.151688,0.154391,1.587528,0.152683,0.183621
32.733333,2.035701,2.048372,1.758798,1.932374,1.995668,2.038593,2.041589,1.827476,0.143283,0.631348,0.201306,1.625233,0.151854,0.155100,1.624362,0.152575,0.183448
32.750000,2.037670,2.049287,1.766854,1.944121,1.995779,2.038637,2.041799,1.828251,0.143279,0.640010,0.203209,1.619102,0.152000,0.154908,1.678902,0.152987,0.181913
32.766667,2.039826,2.050294,1.775647,1.950160,1.995867,2.038775,2.041145,1.817643,0.143539,0.643985,0.205599,1.613520,0.152109,0.154406,1.727439,0.153543,0.180349
32.783333,2.042044,2.050002,1.773449,1.952467,1.995965,2.038940,2.039674,1.793238,0.144415,0.644897,0.208294,1.607746,0.152235,0.153771,1.771436,0.154185,0.178530
32.800000,2.044455,2.048658,1.759033,1.951618,1.996075,2.039092,2.037961,1.760960,0.145948,0.649108,0.211161,1.601679,0.152377,0.152994,1.811708,0.154862,0.176613
32.816667,2.046345,2.046963,1.737569,1.953430,1.996191,2.039249,2.036169,1.721909,0.147937,0.640272,0.213813,1.595185,0.152515,0.151869,1.843067,0.155298,0.175303
32.833333,2.047483,2.044986,1.708912,1.957099,1.996317,2.039365,2.034388,1.676577,0.149912,0.625396,0.215689,1.588076,0.152574,0.150854,1.859313,0.155553,0.174933
32.850000,2.048301,2.043162,1.677215,1.959823,1.996494,2.039674,2.032656,1.625158,0.151644,0.611427,0.214810,1.588594,0.153128,0.150504,1.867914,0.155840,0.175122
32.866667,2.048959,2.041790,1.645403,1.960861,1.996696,2.040312,2.031282,1.562203,0.153134,0.602334,0.213099,1.597451,0.153254,0.150313,1.872698,0.156200,0.176155
32.883333,2.048810,2.040880,1.614382,1.960799,1.996884,2.040894,2.030275,1.495206,0.154189,0.597749,0.211497,1.604960,0.153446,0.150335,1.873083,0.156494,0.177482
32.900000,2.048132,2.040052,1.576632,1.960220,1.997053,2.041417,2.029375,1.425603,0.155746,0.595562,0.210116,1.611125,0.153656,0.150504,1.876505,0.156873,0.178087
32.916667,2.048139,2.039360,1.543919,1.959360,1.997154,2.041895,2.028701,1.381360,0.156992,0.594638,0.209319,1.615247,0.153800,0.150656,1.881066,0.157099,0.178516
32.933333,2.048539,2.038926,1.523078,1.958386,1.997211,2.042439,2.028230,1.354152,0.157160,0.594363,0.209315,1.619804,0.153795,0.150864,1.886927,0.157333,0.179229
32.950000,2.049061,2.038689,1.509072,1.956876,1.997240,2.043230,2.027903,1.336942,0.157482,0.579767,0.209697,1.628591,0.153116,0.150836,1.892322,0.157577,0.179878
32.966667,2.049662,2.038588,1.498686,1.954525,1.997256,2.044184,2.027654,1.325286,0.157942,0.560249,0.210584,1.639503,0.151851,0.150644,1.897095,0.157825,0.180571
32.983333,2.050262,2.038542,1.491024,1.952812,1.997193,2.043226,2.027422,1.297847,0.158445,0.546300,0.213787,1.620428,0.150663,0.150518,1.900898,0.158070,0.181229
33.000000,2.050760,2.038546,1.484707,1.951228,1.997132,2.041737,2.027128,1.267001,0.158951,0.534914,0.215666,1.594327,0.150196,0.150709,1.903147,0.158367,0.181961
33.016667,2.051199,2.038586,1.479326,1.950001,1.997072,2.040135,2.026890,1.231568,0.159765,0.526492,0.214308,1.568350,0.150261,0.151145,1.904573,0.158879,0.183149
33.033333,2.051595,2.038630,1.474734,1.949348,1.997010,2.038679,2.026690,1.202558,0.160770,0.521898,0.213808,1.538563,0.149852,0.152791,1.905543,0.159505,0.184497
33.050000,2.052013,2.038686,1.470538,1.948999,1.996947,2.037658,2.026504,1.176004,0.162004,0.519419,0.211175,1.520170,0.148455,0.154116,1.905001,0.161389,0.185915
33.066667,2.052446,2.038839,1.467238,1.948802,1.996872,2.037204,2.026330,1.151904,0.162378,0.518086,0.207061,1.518673,0.147605,0.154838,1.903640,0.162603,0.188467
33.083333,2.052834,2.039154,1.465301,1.947944,1.996803,2.037420,2.026156,1.132982,0.159423,0.516923,0.201356,1.532273,0.147486,0.156529,1.902254,0.161961,0.193499
33.100000,2.053210,2.039149,1.464179,1.947125,1.996731,2.037294,2.026015,1.114031,0.159119,0.516175,0.198335,1.526182,0.149692,0.157101,1.900816,0.161103,0.195658
33.116667,2.053504,2.038194,1.438667,1.946575,1.996674,2.036916,2.025889,1.098504,0.159892,0.515573,0.194190,1.526322,0.151506,0.156891,1.898951,0.161540,0.197540
33.133333,2.053709,2.037430,1.419576,1.946216,1.996626,2.036257,2.025774,1.086321,0.160459,0.514867,0.189409,1.527258,0.153509,0.157535,1.896768,0.162000,0.199314
33.150000,2.053752,2.036839,1.404769,1.945967,1.996582,2.035766,2.025660,1.075184,0.160722,0.514383,0.185821,1.529208,0.155222,0.158218,1.894248,0.162214,0.200902
33.166667,2.053746,2.036366,1.387935,1.945775,1.996541,2.035369,2.025561,1.066578,0.160511,0.514114,0.183263,1.532270,0.156390,0.158508,1.891906,0.162463,0.203891
33.183333,2.053798,2.035997,1.367246,1.945619,1.996504,2.035071,2.025472,1.059272,0.160035,0.514013,0.181609,1.535798,0.156604,0.158502,1.890117,0.162878,0.208688
33.200000,2.053869,2.035748,1.359048,1.945492,1.996472,2.034871,2.025391,1.053355,0.161485,0.514022,0.180277,1.539061,0.156419,0.158540,1.888787,0.163874,0.208230
33.216667,2.053950,2.035863,1.354489,1.945382,1.996429,2.034762,2.025326,1.048616,0.161593,0.514082,0.179611,1.536483,0.156675,0.159343,1.887861,0.163372,0.208602
33.233333,2.054026,2.035740,1.343885,1.945307,1.996395,2.035071,2.025259,1.044333,0.162586,0.514143,0.179899,1.542382,0.155837,0.159267,1.887305,0.163820,0.207888
33.250000,2.054078,2.035634,1.332944,1.945269,1.996379,2.036238,2.025188,1.040759,0.163614,0.514192,0.178062,1.569225,0.155285,0.159977,1.887012,0.164448,0.207024
33.266667,2.054107,2.035638,1.327389,1.945251,1.996371,2.036866,2.025130,1.038200,0.163857,0.514237,0.176984,1.588093,0.155453,0.160565,1.886847,0.165036,0.206055
33.283333,2.054122,2.035707,1.324948,1.945243,1.996368,2.036782,2.025095,1.036761,0.164399,0.514275,0.175889,1.591580,0.156274,0.160797,1.886753,0.165655,0.205538
33.300000,2.054128,2.035788,1.324904,1.945241,1.996366,2.036920,2.025076,1.035999,0.164821,0.514315,0.174570,1.599379,0.157036,0.160902,1.886693,0.166132,0.205290
33.316667,2.054131,2.035873,1.323866,1.945241,1.996366,2.037133,2.025065,1.035594,0.165051,0.514346,0.173915,1.607816,0.157464,0.160951,1.886655,0.166445,0.204906
33.333333,2.054132,2.036040,1.327170,1.945240,1.996366,2.037371,2.025060,1.035373,0.164967,0.514358,0.174272,1.611419,0.156857,0.160819,1.886635,0.166526,0.204882
33.350000,2.054133,2.036268,1.333071,1.945239,1.996366,2.037617,2.025057,1.035253,0.165463,0.514357,0.175243,1.611416,0.155599,0.160227,1.886618,0.166501,0.204915
33.366667,2.054134,2.036567,1.343098,1.945238,1.996366,2.037966,2.025055,1.035181,0.165332,0.514344,0.176563,1.610242,0.154266,0.159976,1.886618,0.166393,0.204607
33.383333,2.054135,2.036935,1.355192,1.945236,1.996367,2.038243,2.025052,1.035062,0.164938,0.514327,0.178140,1.610018,0.153383,0.159409,1.886623,0.166019,0.204194
33.400000,2.054136,2.037392,1.368552,1.945234,1.996368,2.038536,2.025049,1.034785,0.164774,0.514316,0.180597,1.615193,0.151911,0.158029,1.886629,0.165650,0.203979
33.416667,2.054138,2.037950,1.383646,1.945232,1.996368,2.038839,2.025045,1.034439,0.164748,0.514305,0.183478,1.623043,0.150359,0.156518,1.886636,0.164958,0.203861
33.433333,2.054139,2.038568,1.400214,1.945229,1.996367,2.039131,2.025042,1.034088,0.164521,0.514293,0.186924,1.632264,0.148324,0.154945,1.886646,0.164397,0.203845
33.450000,2.054141,2.038993,1.411676,1.945227,1.996366,2.039407,2.025039,1.033792,0.164455,0.514278,0.190499,1.641742,0.145577,0.153442,1.886658,0.164241,0.204641
33.466667,2.054142,2.039231,1.418126,1.945225,1.996367,2.039582,2.025037,1.033639,0.164418,0.514270,0.193061,1.647829,0.143720,0.152590,1.886665,0.164173,0.205262
33.483333,2.054142,2.039360,1.421594,1.945225,1.996367,2.039677,2.025036,1.033569,0.164381,0.514266,0.194566,1.651119,0.142711,0.152136,1.886668,0.164137,0.205612
33.500000,2.054142,2.039431,1.423468,1.945225,1.996367,2.039727,2.025036,1.033538,0.164344,0.514264,0.195398,1.652894,0.142169,0.151896,1.886670,0.164120,0.205814
33.516667,2.054142,2.039470,1.424491,1.945224,1.996367,2.039753,2.025035,1.033527,0.164306,0.514262,0.195851,1.653846,0.141877,0.151773,1.886670,0.164112,0.205935
33.533333,2.054142,2.039492,1.425050,1.945224,1.996367,2.039767,2.025036,1.033526,0.164271,0.514262,0.196096,1.654355,0.141721,0.151713,1.886669,0.164110,0.206008
33.550000,2.054142,2.039505,1.425360,1.945224,1.996367,2.039774,2.025036,1.033531,0.164234,0.514261,0.196228,1.654624,0.141638,0.151688,1.886668,0.164108,0.206058
33.566667,2.054142,2.039513,1.425536,1.945224,1.996367,2.039777,2.025036,1.033537,0.164196,0.514261,0.196297,1.654766,0.141595,0.151682,1.886667,0.164104,0.206095
33.583333,2.054141,2.039519,1.425641,1.945225,1.996367,2.039779,2.025036,1.033544,0.164158,0.514260,0.196334,1.654839,0.141573,0.151685,1.886666,0.164098,0.206125
33.600000,2.054138,2.039522,1.425706,1.945227,1.996371,2.039889,2.025577,1.050004,0.164117,0.514262,0.195900,1.655653,0.141556,0.151679,1.886662,0.164095,0.206149
33.616667,2.054131,2.039523,1.425748,1.945235,1.996350,2.040123,2.025622,1.058908,0.164078,0.514272,0.194275,1.657094,0.141961,0.151759,1.886652,0.164105,0.206170
33.633333,2.054183,2.039557,1.425927,1.945928,1.996128,2.040277,2.025576,1.066994,0.163665,0.523553,0.192930,1.655182,0.142423,0.151948,1.886748,0.164361,0.206276
33.650000,2.053678,2.039845,1.432463,1.947994,1.995913,2.040789,2.025471,1.074662,0.162140,0.551181,0.191863,1.653510,0.143180,0.152695,1.882618,0.164550,0.206104
33.666667,2.053025,2.040221,1.441878,1.952692,1.995718,2.041255,2.024893,1.068162,0.160759,0.568570,0.191416,1.652801,0.144072,0.153892,1.871764,0.164579,0.205321
33.683333,2.053242,2.041068,1.449280,1.955394,1.995524,2.041787,2.024305,1.063082,0.159751,0.579229,0.192876,1.652952,0.144198,0.154811,1.861893,0.163843,0.206218
33.700000,2.053064,2.041750,1.453749,1.956822,1.995326,2.042488,2.024264,1.076762,0.159141,0.584997,0.192132,1.659932,0.144728,0.155409,1.848778,0.163034,0.207569
33.716667,2.053103,2.042278,1.456740,1.957594,1.995137,2.043361,2.025051,1.122862,0.158615,0.588109,0.189603,1.671180,0.144982,0.156226,1.835915,0.162799,0.209111
33.733333,2.053577,2.042824,1.459649,1.958015,1.994943,2.044305,2.026495,1.192646,0.157727,0.589797,0.188759,1.681935,0.143311,0.156887,1.825325,0.163408,0.211772
33.750000,2.054296,2.043300,1.461285,1.959945,1.994755,2.045444,2.028675,1.282056,0.158388,0.590636,0.188934,1.694647,0.140948,0.155598,1.817078,0.164004,0.215487
33.766667,2.055202,2.043736,1.462386,1.960436,1.994772,2.046531,2.030138,1.370666,0.159069,0.599169,0.189153,1.704778,0.138802,0.154588,1.812604,0.164605,0.219331
33.783333,2.055892,2.044298,1.466886,1.960039,1.994782,2.047661,2.031137,1.445507,0.159453,0.604005,0.189426,1.714412,0.137293,0.154650,1.809100,0.165013,0.221744
33.800000,2.055754,2.045036,1.475615,1.959352,1.994774,2.048858,2.031995,1.508442,0.159501,0.606266,0.189991,1.724291,0.136342,0.155477,1.801482,0.165161,0.222999
33.816667,2.054841,2.045636,1.481102,1.958493,1.994764,2.049867,2.032485,1.555642,0.159505,0.607723,0.190685,1.731062,0.135859,0.156413,1.790477,0.165291,0.223891
33.833333,2.053061,2.046160,1.485349,1.957703,1.994761,2.050556,2.032492,1.586622,0.159438,0.612141,0.191675,1.733283,0.135447,0.156495,1.774290,0.165268,0.224672
33.850000,2.050932,2.046645,1.488432,1.957434,1.994771,2.051075,2.032175,1.608963,0.159285,0.626780,0.192745,1.733084,0.135154,0.156372,1.756134,0.165204,0.225101
33.866667,2.049008,2.047081,1.490415,1.957005,1.994779,2.051508,2.031572,1.623262,0.159170,0.639713,0.193678,1.731955,0.134996,0.156283,1.740723,0.165151,0.225285
33.883333,2.048139,2.047496,1.491760,1.955674,1.994815,2.051940,2.030729,1.622658,0.159096,0.649739,0.194266,1.731559,0.134927,0.156215,1.735999,0.165114,0.225416
33.900000,2.048038,2.047435,1.489787,1.953309,1.994916,2.052380,2.029934,1.615529,0.159084,0.654770,0.194736,1.731581,0.134995,0.156186,1.737383,0.165104,0.225148
33.916667,2.048395,2.046046,1.477973,1.950439,1.995121,2.051140,2.029197,1.604706,0.159246,0.646733,0.196511,1.712173,0.135700,0.156275,1.741982,0.165153,0.223239
33.933333,2.049020,2.044491,1.465039,1.947469,1.995339,2.049398,2.028515,1.591744,0.159565,0.637345,0.198200,1.683293,0.136979,0.156477,1.748154,0.165241,0.219949
33.950000,2.049781,2.043214,1.456992,1.944404,1.995559,2.047659,2.027939,1.578445,0.160001,0.627366,0.199916,1.652727,0.138586,0.156751,1.754881,0.165352,0.215044
33.966667,2.050592,2.042025,1.450812,1.941279,1.995773,2.046122,2.027413,1.564687,0.160468,0.617457,0.201956,1.623408,0.140243,0.157037,1.761732,0.165459,0.209721
33.983333,2.051382,2.040780,1.442347,1.938119,1.995977,2.044813,2.026993,1.552562,0.160790,0.607997,0.204105,1.596617,0.141903,0.157325,1.767488,0.165545,0.204926
34.000000,2.052025,2.039514,1.432596,1.934947,1.996171,2.043637,2.026811,1.545898,0.161031,0.599188,0.206400,1.570469,0.143581,0.157612,1.770858,0.165615,0.200508
34.016667,2.052528,2.038504,1.433017,1.931788,1.996354,2.042916,2.026749,1.542265,0.162071,0.591136,0.208659,1.550700,0.145144,0.157864,1.772881,0.165749,0.194640
34.033333,2.051783,2.037950,1.433055,1.928650,1.996522,2.042593,2.026745,1.539906,0.160950,0.583866,0.211430,1.538333,0.146709,0.158144,1.767437,0.165741,0.192675
34.050000,2.050972,2.037703,1.433105,1.925580,1.996678,2.042767,2.026750,1.537874,0.159660,0.577367,0.212831,1.537782,0.147930,0.158404,1.761493,0.165874,0.191502
34.066667,2.050145,2.037005,1.424269,1.922856,1.996821,2.042923,2.026753,1.535801,0.159067,0.570279,0.210786,1.549623,0.149073,0.158660,1.755432,0.166429,0.190566
34.083333,2.049367,2.036412,1.424916,1.921011,1.996943,2.042003,2.026757,1.533688,0.159057,0.561640,0.207655,1.548083,0.150964,0.158958,1.749655,0.166368,0.188402
34.100000,2.048659,2.035844,1.431752,1.919476,1.997042,2.040594,2.026750,1.531240,0.159861,0.554678,0.203908,1.538488,0.153538,0.159396,1.744323,0.166486,0.184896
34.116667,2.048030,2.035241,1.440952,1.918139,1.997126,2.038971,2.026733,1.528538,0.161264,0.548931,0.200493,1.523061,0.156567,0.159915,1.739501,0.166728,0.180928
34.133333,2.047477,2.034671,1.454817,1.916951,1.997196,2.037752,2.026718,1.525842,0.162725,0.544124,0.200996,1.506082,0.157568,0.160107,1.735198,0.166911,0.177433
34.150000,2.047164,2.034039,1.468337,1.915897,1.997255,2.036876,2.026703,1.523173,0.164369,0.540067,0.202898,1.490260,0.157776,0.160173,1.730572,0.167096,0.174317
34.166667,2.047063,2.033343,1.473158,1.914782,1.997280,2.036126,2.026692,1.520668,0.164078,0.536446,0.205662,1.476124,0.157701,0.160096,1.727477,0.166954,0.172784
34.183333,2.047068,2.032566,1.476230,1.912501,1.997258,2.035472,2.026685,1.518454,0.163812,0.534935,0.209433,1.459561,0.157324,0.160063,1.725367,0.166816,0.171270
34.200000,2.047122,2.031740,1.479004,1.909234,1.997242,2.034934,2.026682,1.516625,0.163552,0.535563,0.214156,1.442600,0.156751,0.159956,1.723967,0.166668,0.169702
34.216667,2.047193,2.030983,1.482400,1.906545,1.997233,2.034543,2.026683,1.515273,0.163281,0.536872,0.217970,1.430399,0.156560,0.159801,1.723075,0.166512,0.168167
34.233333,2.047260,2.031211,1.497731,1.904841,1.997227,2.034267,2.026692,1.514532,0.162867,0.537078,0.218129,1.424572,0.157323,0.159718,1.722555,0.166378,0.166709
34.250000,2.047316,2.032664,1.525997,1.903742,1.997223,2.034099,2.026702,1.514160,0.162283,0.537476,0.218009,1.418746,0.158000,0.159768,1.722296,0.166264,0.164943
34.266667,2.047356,2.034702,1.558307,1.903140,1.997219,2.034002,2.026710,1.513988,0.161403,0.537718,0.217627,1.411486,0.159090,0.160270,1.722157,0.165862,0.163283
34.283333,2.047350,2.037094,1.590876,1.902815,1.997216,2.034040,2.026715,1.513882,0.160856,0.537851,0.217235,1.408050,0.159279,0.160512,1.721916,0.166285,0.161625
34.300000,2.047348,2.039483,1.617975,1.902640,1.997214,2.034108,2.026717,1.513826,0.159768,0.537918,0.216911,1.407193,0.159247,0.160434,1.721781,0.166072,0.161023
34.316667,2.047347,2.041362,1.636642,1.902548,1.997212,2.034251,2.026719,1.513809,0.158452,0.537963,0.216704,1.406866,0.159228,0.160309,1.721702,0.165705,0.161160
34.333333,2.047346,2.041565,1.637673,1.902500,1.997210,2.034430,2.026720,1.513820,0.158123,0.537979,0.216696,1.407972,0.159148,0.160244,1.721673,0.165610,0.161456
34.350000,2.047346,2.041766,1.636931,1.902476,1.997209,2.034677,2.026721,1.513846,0.157682,0.537987,0.216793,1.410015,0.159047,0.160187,1.721657,0.165498,0.161872
34.366667,2.047346,2.042255,1.637334,1.902465,1.997207,2.035118,2.026722,1.513899,0.157044,0.537995,0.216784,1.421958,0.158637,0.159801,1.721644,0.165315,0.162598
34.383333,2.047344,2.042596,1.638200,1.902463,1.997206,2.035857,2.026721,1.513972,0.155672,0.538008,0.214979,1.447184,0.158764,0.159910,1.721611,0.165084,0.163611
34.400000,2.047340,2.042289,1.637302,1.902463,1.997204,2.036704,2.026721,1.514033,0.153399,0.538039,0.213587,1.475468,0.158739,0.159965,1.721549,0.164655,0.165795
34.416667,2.047336,2.041894,1.638200,1.902465,1.997203,2.037141,2.026721,1.514059,0.151440,0.538083,0.214158,1.486147,0.158658,0.159329,1.721482,0.163702,0.168721
34.433333,2.047333,2.041588,1.641484,1.902468,1.997201,2.037710,2.026720,1.514095,0.149536,0.538134,0.213957,1.504684,0.158427,0.158760,1.721417,0.162673,0.172084
34.450000,2.047331,2.041290,1.645377,1.902469,1.997199,2.038332,2.026720,1.514135,0.146640,0.538172,0.213475,1.527528,0.158238,0.158872,1.721364,0.161083,0.175959
34.466667,2.047329,2.041001,1.649012,1.902469,1.997198,2.038780,2.026721,1.514184,0.143645,0.538200,0.214530,1.542237,0.158181,0.158855,1.721321,0.158869,0.179559
34.483333,2.047328,2.040810,1.650609,1.902471,1.997197,2.039086,2.026721,1.514220,0.141728,0.538220,0.215767,1.551350,0.158121,0.158504,1.721294,0.156861,0.182576
34.500000,2.047327,2.040681,1.651051,1.902473,1.997196,2.039251,2.026721,1.514237,0.140704,0.538229,0.216462,1.556246,0.158072,0.158300,1.721282,0.155769,0.184307
34.516667,2.047327,2.040594,1.650980,1.902474,1.997196,2.039341,2.026720,1.514244,0.140175,0.538235,0.216861,1.558884,0.158030,0.158175,1.721277,0.155185,0.185262
34.533333,2.047327,2.040535,1.650699,1.902475,1.997171,2.039391,2.026720,1.514246,0.139905,0.538237,0.217098,1.560307,0.157993,0.158092,1.721275,0.154871,0.185788
34.550000,2.047327,2.040493,1.650348,1.902471,1.997008,2.039422,2.026721,1.514247,0.139771,0.538232,0.217248,1.561084,0.157957,0.158036,1.721275,0.154702,0.186079
34.566667,2.047328,2.040462,1.649988,1.902466,1.996846,2.039443,2.026723,1.514247,0.139709,0.538226,0.217350,1.561511,0.157923,0.157993,1.721276,0.154610,0.186241
34.583333,2.047328,2.040439,1.649643,1.902461,1.996696,2.039458,2.026724,1.514246,0.139686,0.538219,0.217427,1.561751,0.157889,0.157958,1.721277,0.154559,0.186332
34.600000,2.047234,2.040153,1.644041,1.902458,1.996547,2.039474,2.026826,1.516456,0.139745,0.538219,0.217627,1.561934,0.157705,0.157812,1.722363,0.154623,0.186566
34.616667,2.045854,2.039981,1.629560,1.902460,1.996396,2.039548,2.027480,1.530296,0.140342,0.538229,0.219177,1.562541,0.156774,0.156604,1.715041,0.154720,0.187156
34.633333,2.043696,2.040291,1.614443,1.902468,1.996246,2.039753,2.028440,1.551308,0.140816,0.538248,0.221956,1.563614,0.155524,0.154887,1.699906,0.154171,0.188054
34.650000,2.041489,2.040712,1.602195,1.902477,1.996093,2.040567,2.029651,1.577315,0.141233,0.538275,0.224801,1.569888,0.153911,0.153000,1.681692,0.153723,0.189264
34.666667,2.040587,2.040951,1.592702,1.902484,1.995938,2.041357,2.031148,1.607389,0.141512,0.538301,0.228003,1.576229,0.152190,0.151029,1.667614,0.153259,0.190745
34.683333,2.040794,2.041222,1.585129,1.907573,1.995780,2.042129,2.032283,1.627685,0.141576,0.535289,0.229864,1.583364,0.150772,0.150384,1.664031,0.153068,0.191904
34.700000,2.041437,2.041689,1.577954,1.918520,1.995620,2.042955,2.033723,1.651518,0.141410,0.520136,0.230939,1.591622,0.149344,0.150933,1.667871,0.153140,0.193002
34.716667,2.042498,2.042028,1.573169,1.931596,1.995456,2.043770,2.035055,1.671826,0.140664,0.504705,0.231559,1.599570,0.148231,0.152224,1.679315,0.152481,0.193696
34.733333,2.043688,2.042295,1.569476,1.942728,1.995287,2.044559,2.036339,1.689973,0.139692,0.491515,0.231996,1.606856,0.147826,0.153594,1.693413,0.150626,0.194815
34.750000,2.044902,2.042371,1.562411,1.948883,1.995133,2.045233,2.037365,1.703474,0.139666,0.485756,0.232954,1.611808,0.147065,0.153579,1.699201,0.149590,0.195113
34.766667,2.046201,2.042459,1.556828,1.950754,1.995105,2.045619,2.037984,1.710776,0.140161,0.486685,0.233852,1.610795,0.146646,0.153677,1.708757,0.149420,0.194003
34.783333,2.047176,2.042913,1.562693,1.951275,1.995197,2.045819,2.038383,1.714850,0.141678,0.486034,0.234761,1.605906,0.146392,0.153896,1.721430,0.150289,0.189951
34.800000,2.047587,2.043478,1.570567,1.952706,1.995321,2.045941,2.037424,1.692452,0.143188,0.475543,0.235552,1.599686,0.146264,0.154185,1.732256,0.151588,0.186251
34.816667,2.047560,2.044157,1.579841,1.953464,1.995538,2.046277,2.035997,1.656738,0.143822,0.468568,0.232774,1.600793,0.147529,0.154569,1.740953,0.151731,0.183869
34.833333,2.047350,2.044838,1.588314,1.953096,1.995754,2.046578,2.034359,1.610978,0.144240,0.464886,0.230522,1.601172,0.149055,0.154746,1.749572,0.151342,0.182204
34.850000,2.047024,2.045421,1.594096,1.952690,1.995969,2.046846,2.032654,1.556953,0.144588,0.470966,0.228407,1.601341,0.150429,0.155055,1.758595,0.151038,0.181130
34.866667,2.046619,2.045945,1.598656,1.951743,1.996173,2.047125,2.031212,1.497839,0.144947,0.474542,0.226376,1.601392,0.151890,0.155574,1.768036,0.150731,0.180015
34.883333,2.046117,2.046413,1.602330,1.950981,1.996368,2.047398,2.030646,1.456895,0.145271,0.481237,0.224493,1.601148,0.153459,0.156028,1.777815,0.150138,0.179141
34.900000,2.045840,2.046888,1.605074,1.950293,1.996526,2.047701,2.030238,1.409872,0.145528,0.491349,0.223453,1.601197,0.154323,0.156120,1.785088,0.149760,0.178766
34.916667,2.046000,2.047283,1.606660,1.949473,1.996610,2.048050,2.029577,1.359532,0.145696,0.490203,0.223098,1.601716,0.154766,0.156132,1.791852,0.149572,0.178545
34.933333,2.046254,2.047681,1.607828,1.948465,1.996657,2.048410,2.029003,1.326115,0.145809,0.489738,0.222928,1.602281,0.155032,0.156148,1.796578,0.149462,0.178472
34.950000,2.046546,2.048105,1.609221,1.947493,1.996683,2.048311,2.028614,1.305375,0.145811,0.489639,0.222696,1.597614,0.155465,0.156212,1.799302,0.149463,0.178401
34.966667,2.046869,2.048494,1.610159,1.946593,1.996697,2.046631,2.028340,1.291787,0.145844,0.489715,0.221946,1.571325,0.156752,0.156434,1.800969,0.149628,0.178405
34.983333,2.047218,2.048859,1.610844,1.945661,1.996645,2.044403,2.028138,1.282394,0.145905,0.489904,0.220929,1.534521,0.158284,0.157087,1.802080,0.149963,0.178450
35.000000,2.047566,2.049249,1.611861,1.944957,1.996550,2.042154,2.027959,1.268388,0.146178,0.490067,0.219911,1.498631,0.158789,0.158196,1.802878,0.150629,0.179001
35.016667,2.047912,2.049834,1.615300,1.944338,1.996473,2.040525,2.027657,1.236499,0.146646,0.490227,0.216193,1.479280,0.159516,0.158361,1.803516,0.150997,0.180855
35.033333,2.048256,2.048384,1.599315,1.943943,1.996397,2.039809,2.027435,1.217903,0.148312,0.490357,0.211226,1.480609,0.159232,0.158552,1.804041,0.152445,0.182483
35.050000,2.048569,2.046110,1.569793,1.943665,1.996322,2.039386,2.027274,1.192129,0.150556,0.490473,0.205600,1.491100,0.158838,0.158810,1.804473,0.154397,0.184139
35.066667,2.048885,2.043538,1.530735,1.943416,1.996250,2.038994,2.027115,1.170626,0.153105,0.490593,0.200091,1.502733,0.158465,0.159097,1.804879,0.156589,0.185949
35.083333,2.049200,2.041654,1.498181,1.943133,1.996178,2.038657,2.026986,1.151966,0.155628,0.490720,0.194457,1.514994,0.158080,0.159378,1.805276,0.158792,0.187938
35.100000,2.049136,2.040564,1.475056,1.942980,1.996107,2.038332,2.026875,1.136841,0.158102,0.490808,0.190334,1.522881,0.157289,0.159563,1.803822,0.160956,0.189629
35.116667,2.048398,2.039602,1.449264,1.942903,1.996045,2.037428,2.026775,1.122385,0.161179,0.490891,0.186617,1.520653,0.156517,0.159707,1.798669,0.163610,0.191179
35.133333,2.047795,2.038860,1.425611,1.942784,1.995990,2.036992,2.026679,1.111159,0.164272,0.490738,0.182521,1.527327,0.155945,0.159922,1.794437,0.166365,0.192451
35.150000,2.047275,2.038175,1.411640,1.942633,1.995937,2.036562,2.026600,1.102410,0.164540,0.490545,0.179184,1.534702,0.156848,0.161266,1.790760,0.167129,0.193487
35.166667,2.046945,2.037538,1.402229,1.942485,1.995888,2.035974,2.026539,1.094519,0.164654,0.490453,0.177109,1.539611,0.157891,0.161306,1.786867,0.167080,0.194793
35.183333,2.046818,2.037022,1.396536,1.942344,1.995844,2.035650,2.026485,1.088310,0.164731,0.490461,0.176120,1.543191,0.157762,0.161209,1.784341,0.167007,0.195901
35.200000,2.046793,2.036614,1.392742,1.942218,1.995806,2.035520,2.026433,1.083270,0.164787,0.490534,0.175148,1.548615,0.157630,0.161126,1.782687,0.166942,0.196852
35.216667,2.046815,2.036298,1.390443,1.942116,1.995774,2.035453,2.026380,1.079076,0.164826,0.490627,0.174302,1.553564,0.157495,0.161049,1.781652,0.166880,0.197689
35.233333,2.046851,2.036067,1.390100,1.942045,1.995748,2.035513,2.026317,1.075258,0.164847,0.490698,0.173423,1.559819,0.157373,0.160981,1.781062,0.166821,0.198421
35.250000,2.046854,2.035913,1.391762,1.942004,1.995728,2.035700,2.026262,1.072422,0.164849,0.490731,0.172534,1.567549,0.157242,0.160918,1.780706,0.166764,0.199029
35.266667,2.046840,2.035834,1.395439,1.941980,1.995714,2.036026,2.026220,1.070509,0.164827,0.490739,0.171648,1.576736,0.157103,0.160859,1.780453,0.166707,0.199495
35.283333,2.046834,2.035828,1.401098,1.941967,1.995705,2.036501,2.026198,1.069504,0.164759,0.490736,0.170784,1.587389,0.156954,0.160803,1.780320,0.166646,0.199839
35.300000,2.046831,2.035894,1.408639,1.941958,1.995698,2.037149,2.026187,1.069067,0.164636,0.490726,0.169958,1.599655,0.156796,0.160750,1.780251,0.166579,0.200058
35.316667,2.046830,2.036035,1.418042,1.941952,1.995692,2.037967,2.026184,1.068926,0.164483,0.490713,0.169175,1.612697,0.156605,0.160698,1.780216,0.166511,0.200198
35.333333,2.046830,2.036252,1.429350,1.941949,1.995689,2.038668,2.026182,1.068899,0.164412,0.490699,0.168921,1.618770,0.156090,0.160598,1.780201,0.166445,0.200134
35.350000,2.046830,2.036564,1.442845,1.941946,1.995687,2.039260,2.026182,1.068916,0.164479,0.490683,0.169127,1.619723,0.155191,0.160445,1.780200,0.166393,0.199775
35.366667,2.046831,2.036961,1.457629,1.941943,1.995685,2.039886,2.026182,1.068955,0.164351,0.490667,0.169786,1.619688,0.153977,0.160232,1.780202,0.166296,0.199570
35.383333,2.046832,2.037457,1.474067,1.941942,1.995685,2.040617,2.026183,1.068992,0.164205,0.490653,0.170841,1.619419,0.152579,0.159992,1.780204,0.166200,0.199166
35.400000,2.046833,2.038085,1.492719,1.941940,1.995685,2.041481,2.026183,1.069027,0.164028,0.490641,0.172301,1.619370,0.151055,0.159723,1.780205,0.166090,0.198601
35.416667,2.046833,2.038865,1.513350,1.941939,1.995685,2.042429,2.026182,1.069033,0.163819,0.490630,0.174196,1.620042,0.149524,0.159355,1.780205,0.165912,0.197894
35.433333,2.046835,2.039778,1.535182,1.941937,1.995685,2.042558,2.026181,1.068867,0.163540,0.490617,0.176764,1.618738,0.148093,0.158511,1.780210,0.165287,0.197523
35.450000,2.046836,2.040672,1.555023,1.941934,1.995684,2.042091,2.026179,1.068623,0.163362,0.490605,0.180200,1.615658,0.145704,0.157004,1.780218,0.165051,0.197744
35.466667,2.046839,2.041207,1.567583,1.941931,1.995681,2.041305,2.026177,1.068352,0.163359,0.490587,0.183877,1.611464,0.142635,0.155109,1.780238,0.165156,0.199026
35.483333,2.046843,2.041525,1.577460,1.941925,1.995677,2.040741,2.026176,1.068086,0.163333,0.490556,0.187458,1.611599,0.139890,0.153025,1.780269,0.164819,0.200813
35.500000,2.046845,2.041701,1.583251,1.941923,1.995677,2.040442,2.026175,1.067952,0.163301,0.490537,0.189972,1.612629,0.138162,0.151582,1.780289,0.164564,0.202037
35.516667,2.046846,2.041797,1.586354,1.941922,1.995676,2.040284,2.026174,1.067894,0.163272,0.490527,0.191452,1.613215,0.137222,0.150792,1.780299,0.164413,0.202718
35.533333,2.046847,2.041850,1.588029,1.941921,1.995676,2.040200,2.026174,1.067866,0.163241,0.490521,0.192257,1.613537,0.136730,0.150369,1.780304,0.164319,0.203104
35.550000,2.046847,2.041879,1.588936,1.941920,1.995676,2.040154,2.026174,1.067856,0.163209,0.490518,0.192692,1.613710,0.136475,0.150140,1.780306,0.164253,0.203328
35.566667,2.046847,2.041897,1.589429,1.941920,1.995676,2.040129,2.026174,1.067854,0.163176,0.490516,0.192927,1.613802,0.136348,0.150015,1.780306,0.164204,0.203465
35.583333,2.046845,2.041907,1.589701,1.941922,1.995679,2.040095,2.026435,1.076526,0.163144,0.490518,0.192286,1.613713,0.136433,0.149968,1.780304,0.164167,0.203554
35.600000,2.046842,2.041913,1.589852,1.941927,1.995687,2.040045,2.026841,1.090570,0.163112,0.490525,0.190787,1.613447,0.136742,0.149986,1.780298,0.164141,0.203617
35.616667,2.046838,2.041917,1.589939,1.941932,1.995696,2.040005,2.027030,1.098813,0.163082,0.490532,0.189435,1.613199,0.137073,0.150027,1.780292,0.164119,0.203665
35.633333,2.047475,2.041915,1.589985,1.941942,1.995589,2.040074,2.026948,1.104216,0.163029,0.490542,0.183933,1.622323,0.138507,0.150330,1.785358,0.164144,0.203690
35.650000,2.048451,2.042356,1.590466,1.941958,1.995338,2.040605,2.026521,1.106028,0.162974,0.490557,0.179741,1.628384,0.139686,0.150599,1.790894,0.164177,0.203825
35.666667,2.049381,2.042896,1.591041,1.941972,1.995104,2.041262,2.026074,1.108156,0.162936,0.490568,0.176298,1.636787,0.140624,0.151222,1.796386,0.164279,0.203981
35.683333,2.050393,2.043349,1.591525,1.944379,1.994996,2.041929,2.025822,1.117148,0.162963,0.490305,0.174448,1.644347,0.140941,0.152759,1.802700,0.164702,0.204115
35.700000,2.051687,2.043826,1.592265,1.946310,1.994809,2.042604,2.026594,1.155067,0.162840,0.490055,0.172627,1.653343,0.141665,0.153402,1.811292,0.164190,0.205477
35.716667,2.053218,2.044271,1.592861,1.947563,1.994655,2.043271,2.027213,1.209781,0.162779,0.489871,0.169646,1.662616,0.143411,0.154612,1.821338,0.164026,0.206273
35.733333,2.054498,2.044754,1.593658,1.948824,1.994488,2.044175,2.027979,1.281395,0.162184,0.496863,0.167762,1.671952,0.143278,0.155842,1.825963,0.164242,0.207948
35.750000,2.056012,2.045288,1.594732,1.950574,1.994308,2.045302,2.029132,1.369098,0.161984,0.515488,0.167053,1.682987,0.141731,0.155863,1.822836,0.164420,0.210891
35.766667,2.056735,2.045895,1.596814,1.950306,1.994307,2.046533,2.030396,1.458726,0.162543,0.526779,0.166743,1.695058,0.139767,0.155085,1.813726,0.164822,0.214312
35.783333,2.056961,2.046514,1.598971,1.949623,1.994299,2.047554,2.031509,1.538339,0.163080,0.533314,0.167012,1.703071,0.137938,0.153822,1.803661,0.165214,0.217833
35.800000,2.057028,2.047079,1.600496,1.949669,1.994286,2.048411,2.031969,1.592452,0.163358,0.550365,0.167659,1.708554,0.136583,0.152716,1.793781,0.165493,0.220479
35.816667,2.056643,2.047579,1.601517,1.949591,1.994273,2.049136,2.032235,1.624485,0.163428,0.566050,0.168449,1.712235,0.135728,0.151910,1.782254,0.165324,0.222205
35.833333,2.056440,2.048017,1.602051,1.950316,1.994312,2.049748,2.032256,1.638430,0.163513,0.577434,0.169084,1.714484,0.135315,0.151454,1.775248,0.165202,0.222803
35.850000,2.056352,2.048415,1.602301,1.951862,1.994335,2.050299,2.032152,1.642848,0.163707,0.588622,0.169701,1.716055,0.135035,0.151095,1.770789,0.165084,0.222752
35.866667,2.056036,2.048318,1.596432,1.952124,1.994359,2.049099,2.031986,1.642269,0.163892,0.595153,0.170159,1.697691,0.135440,0.150962,1.765488,0.165016,0.223098
35.883333,2.055822,2.046849,1.567205,1.951600,1.994377,2.047395,2.031807,1.638967,0.164206,0.598844,0.170805,1.668158,0.136173,0.150969,1.762138,0.165042,0.225273
35.900000,2.055686,2.045650,1.545677,1.950076,1.994493,2.045451,2.031453,1.631527,0.163685,0.594534,0.172167,1.630882,0.137625,0.151076,1.760340,0.164729,0.226507
35.916667,2.055918,2.044179,1.522579,1.947734,1.994712,2.043423,2.030879,1.619775,0.164047,0.584086,0.173787,1.587743,0.139211,0.151205,1.762297,0.164390,0.225680
35.933333,2.056031,2.043318,1.500249,1.945191,1.994946,2.041402,2.030184,1.604836,0.163048,0.573026,0.175526,1.539854,0.140970,0.152070,1.765580,0.165121,0.227054
35.950000,2.055897,2.042013,1.487086,1.942500,1.995188,2.039762,2.029436,1.587739,0.162869,0.561823,0.177542,1.497666,0.143241,0.153092,1.769020,0.165247,0.222785
35.966667,2.055767,2.041201,1.485694,1.939697,1.995429,2.038689,2.028706,1.569733,0.163788,0.550930,0.179305,1.467089,0.145289,0.154260,1.773278,0.165567,0.215611
35.983333,2.055671,2.040593,1.486923,1.936817,1.995659,2.038114,2.028005,1.550974,0.164531,0.540628,0.180834,1.447816,0.147256,0.155399,1.778361,0.165852,0.209293
36.000000,2.055519,2.040318,1.493822,1.933891,1.995878,2.037843,2.027340,1.531695,0.163636,0.531039,0.182735,1.435327,0.149355,0.156419,1.783659,0.165568,0.204554
36.016667,2.055318,2.039734,1.497126,1.930950,1.996084,2.037721,2.026717,1.512183,0.162857,0.522276,0.184277,1.426678,0.151552,0.157843,1.788981,0.165145,0.200131
36.033333,2.055322,2.038979,1.493838,1.928020,1.996277,2.037678,2.026234,1.495912,0.162225,0.514352,0.185399,1.420080,0.153610,0.159443,1.793926,0.165326,0.196574
36.050000,2.055108,2.038111,1.482872,1.925130,1.996457,2.037677,2.025929,1.485420,0.161102,0.507244,0.187351,1.414989,0.155241,0.159671,1.795750,0.165591,0.195264
36.066667,2.054875,2.036941,1.471120,1.922536,1.996624,2.037815,2.025678,1.477375,0.160623,0.499720,0.190621,1.411382,0.156021,0.159820,1.797177,0.165891,0.192125
36.083333,2.054484,2.036018,1.467462,1.920714,1.996762,2.038023,2.025515,1.471548,0.160749,0.491182,0.194595,1.408890,0.156330,0.159867,1.796713,0.165887,0.187814
36.100000,2.053941,2.035178,1.466777,1.919155,1.996871,2.038245,2.025432,1.467539,0.161216,0.484445,0.198849,1.407008,0.156653,0.159931,1.794759,0.165939,0.183060
36.116667,2.053398,2.034432,1.473736,1.917766,1.996958,2.038315,2.025400,1.464930,0.162595,0.478981,0.201084,1.412686,0.156766,0.160001,1.792496,0.166152,0.178766
36.133333,2.052917,2.033718,1.480372,1.916513,1.997032,2.037408,2.025386,1.462764,0.163005,0.474441,0.203863,1.395504,0.157043,0.160042,1.789742,0.166172,0.176190
36.150000,2.052755,2.033190,1.485573,1.915392,1.997094,2.036867,2.025377,1.460770,0.162768,0.470630,0.206391,1.387390,0.157132,0.159951,1.786890,0.166090,0.174355
36.166667,2.052744,2.033159,1.496288,1.914406,1.997147,2.036343,2.025368,1.458889,0.162519,0.467452,0.209551,1.371521,0.157043,0.159726,1.784621,0.165987,0.172875
36.183333,2.052719,2.033307,1.507220,1.912266,1.997215,2.035934,2.025362,1.457232,0.162295,0.467515,0.210408,1.360439,0.157520,0.159924,1.782163,0.165942,0.171558
36.200000,2.052703,2.033675,1.526488,1.910843,1.997264,2.035672,2.025357,1.455835,0.162042,0.466796,0.210190,1.359412,0.157504,0.159929,1.780292,0.165898,0.170624
36.216667,2.052750,2.034186,1.547010,1.909707,1.997301,2.035420,2.025359,1.454859,0.161769,0.466471,0.209911,1.358001,0.157479,0.159923,1.779169,0.165839,0.169773
36.233333,2.052811,2.034885,1.566454,1.907886,1.997297,2.035240,2.025366,1.454327,0.161463,0.467011,0.209649,1.356456,0.157463,0.159924,1.778576,0.165786,0.169056
36.250000,2.052828,2.035749,1.585226,1.906647,1.997294,2.035120,2.025374,1.454054,0.161236,0.467379,0.209372,1.355511,0.157355,0.159911,1.778210,0.165748,0.168496
36.266667,2.052774,2.036875,1.604995,1.905973,1.997292,2.035040,2.025380,1.453915,0.160986,0.467565,0.209076,1.354701,0.157208,0.159886,1.777804,0.165704,0.168029
36.283333,2.052751,2.038111,1.621879,1.905607,1.997290,2.034994,2.025386,1.453871,0.160482,0.467662,0.208896,1.353445,0.157187,0.159867,1.777601,0.165455,0.168140
36.300000,2.052749,2.039128,1.622962,1.905404,1.997287,2.035022,2.025393,1.453876,0.159079,0.467732,0.209025,1.351812,0.157734,0.159827,1.777480,0.162886,0.170936
36.316667,2.052743,2.041673,1.640369,1.905298,1.997285,2.035111,2.025394,1.453852,0.157936,0.467762,0.208738,1.352231,0.157550,0.159903,1.777414,0.162638,0.171230
36.333333,2.052740,2.044426,1.655297,1.905240,1.997283,2.035240,2.025396,1.453874,0.156478,0.467786,0.208738,1.352034,0.157543,0.159862,1.777357,0.162717,0.171419
36.350000,2.052737,2.047048,1.677609,1.905209,1.997281,2.035409,2.025397,1.453895,0.154885,0.467812,0.208907,1.353161,0.157553,0.159734,1.777289,0.162108,0.172165
36.366667,2.052732,2.048572,1.695399,1.905196,1.997280,2.035610,2.025396,1.453909,0.153435,0.467849,0.209099,1.355666,0.157461,0.159398,1.777213,0.160494,0.174189
36.383333,2.052727,2.048001,1.695689,1.905190,1.997278,2.035954,2.025396,1.453930,0.152360,0.467886,0.208901,1.365913,0.157319,0.159104,1.777137,0.159001,0.176543
36.400000,2.052719,2.047009,1.691778,1.905191,1.997277,2.036347,2.025394,1.453941,0.151211,0.467931,0.208689,1.375290,0.157157,0.158879,1.777060,0.158149,0.178781
36.416667,2.052711,2.046163,1.690714,1.905194,1.997276,2.036830,2.025393,1.453962,0.149845,0.467978,0.208602,1.387879,0.157007,0.158457,1.776979,0.157322,0.181173
36.433333,2.052703,2.045321,1.690496,1.905197,1.997275,2.037314,2.025391,1.453991,0.148536,0.468027,0.208708,1.400744,0.156813,0.157637,1.776901,0.156331,0.184055
36.450000,2.052698,2.044534,1.690957,1.905199,1.997274,2.037754,2.025392,1.454038,0.146649,0.468066,0.209307,1.414449,0.156675,0.157029,1.776833,0.154911,0.187289
36.466667,2.052694,2.043812,1.690933,1.905198,1.997272,2.038074,2.025394,1.454094,0.143934,0.468086,0.210985,1.423231,0.156702,0.156784,1.776783,0.153475,0.190878
36.483333,2.052692,2.043229,1.689962,1.905197,1.997271,2.038292,2.025396,1.454138,0.141605,0.468095,0.212528,1.428740,0.156755,0.156693,1.776753,0.152590,0.194261
36.500000,2.052691,2.042873,1.688776,1.905197,1.997271,2.038408,2.025396,1.454162,0.140334,0.468100,0.213380,1.431695,0.156767,0.156645,1.776739,0.152107,0.196425
36.516667,2.052691,2.042654,1.687688,1.905198,1.997270,2.038472,2.025396,1.454173,0.139660,0.468103,0.213854,1.433287,0.156759,0.156617,1.776732,0.151847,0.197672
36.533333,2.052691,2.042517,1.686770,1.905198,1.997270,2.038507,2.025396,1.454179,0.139307,0.468105,0.214118,1.434153,0.156740,0.156596,1.776729,0.151709,0.198365
36.550000,2.052692,2.042430,1.686015,1.905195,1.997138,2.038530,2.025397,1.454184,0.139123,0.468101,0.214271,1.434630,0.156706,0.156581,1.776728,0.151642,0.198749
36.566667,2.052692,2.042373,1.685397,1.905188,1.996941,2.038546,2.025399,1.454187,0.139026,0.468094,0.214360,1.434895,0.156671,0.156569,1.776728,0.151613,0.198962
36.583333,2.052887,2.042235,1.682981,1.905181,1.996768,2.038585,2.025603,1.458510,0.139067,0.468088,0.215006,1.435274,0.156316,0.156128,1.778866,0.151556,0.199202
36.600000,2.051639,2.041570,1.670292,1.905178,1.996606,2.038704,2.026193,1.470985,0.139492,0.468085,0.217286,1.436262,0.155406,0.154665,1.773232,0.150986,0.199972
36.616667,2.049395,2.040673,1.651930,1.905178,1.996450,2.039037,2.026945,1.487888,0.139677,0.468091,0.219617,1.442918,0.154572,0.153094,1.760021,0.149940,0.202085
36.633333,2.046711,2.040381,1.631531,1.905183,1.996297,2.039448,2.027806,1.507681,0.139918,0.468106,0.222563,1.451096,0.153222,0.151209,1.742047,0.149100,0.204307
36.650000,2.044113,2.040706,1.613033,1.905193,1.996147,2.039924,2.028815,1.529894,0.140143,0.468130,0.224430,1.464457,0.151947,0.149538,1.723599,0.148341,0.206435
36.666667,2.042536,2.041036,1.600694,1.905205,1.995997,2.040531,2.030086,1.556889,0.140561,0.468162,0.226273,1.478274,0.150549,0.147966,1.709280,0.147718,0.207678
36.683333,2.042555,2.041234,1.591379,1.905406,1.995843,2.041842,2.032383,1.598913,0.141241,0.471006,0.228393,1.498064,0.148698,0.146585,1.702846,0.147095,0.207932
36.700000,2.043360,2.041414,1.580894,1.911911,1.995688,2.042970,2.034890,1.638672,0.141948,0.468277,0.230140,1.513875,0.147228,0.145454,1.702076,0.146584,0.207834
36.716667,2.044710,2.041706,1.569578,1.921274,1.995526,2.043939,2.037503,1.674863,0.142616,0.449739,0.231640,1.526071,0.146071,0.144424,1.707105,0.146187,0.207704
36.733333,2.046033,2.041922,1.561490,1.927346,1.995354,2.044768,2.039239,1.695470,0.143037,0.425932,0.232154,1.535104,0.145336,0.144243,1.715056,0.146003,0.207604
36.750000,2.047587,2.042097,1.555046,1.931420,1.995189,2.045514,2.040317,1.706531,0.143364,0.402017,0.232019,1.542220,0.144839,0.144658,1.727414,0.146150,0.207349
36.766667,2.048984,2.042544,1.559666,1.933560,1.995017,2.046213,2.039571,1.686792,0.144594,0.380153,0.231523,1.548186,0.144478,0.145523,1.739756,0.146942,0.203615
36.783333,2.049460,2.043017,1.566030,1.933971,1.994904,2.046765,2.038658,1.662166,0.146228,0.362350,0.231266,1.550822,0.144161,0.146561,1.748192,0.147820,0.198782
36.800000,2.049399,2.043613,1.574786,1.933209,1.995015,2.047198,2.037607,1.632575,0.147836,0.350778,0.229634,1.551895,0.144269,0.147670,1.757083,0.149373,0.194194
36.816667,2.049166,2.044220,1.583075,1.931250,1.995208,2.047633,2.036119,1.592226,0.149327,0.344353,0.227116,1.553853,0.144559,0.148218,1.765466,0.150985,0.190402
36.833333,2.049032,2.044776,1.589766,1.929926,1.995420,2.048010,2.034598,1.547197,0.150687,0.340150,0.224589,1.554879,0.145065,0.148693,1.774687,0.152191,0.187176
36.850000,2.048782,2.045377,1.596731,1.928390,1.995632,2.048371,2.032811,1.491765,0.150949,0.338168,0.222683,1.555168,0.146073,0.149293,1.784144,0.152173,0.185428
36.866667,2.048196,2.045972,1.602707,1.926530,1.995837,2.048666,2.031472,1.445350,0.151130,0.337353,0.221149,1.554783,0.147273,0.149728,1.793520,0.151743,0.184135
36.883333,2.047535,2.046515,1.607272,1.924674,1.996020,2.048942,2.030686,1.414750,0.151313,0.337115,0.219846,1.554081,0.148400,0.150122,1.803103,0.151297,0.183051
36.900000,2.047142,2.046997,1.610394,1.922897,1.996146,2.049230,2.030171,1.396517,0.151446,0.337165,0.219087,1.553665,0.149163,0.150381,1.810119,0.150971,0.182376
36.916667,2.047270,2.047429,1.612333,1.921195,1.996222,2.049587,2.029803,1.382742,0.151548,0.338436,0.218679,1.553698,0.149592,0.150498,1.815971,0.150762,0.182034
36.933333,2.047475,2.047834,1.613746,1.919813,1.996268,2.048823,2.029703,1.376468,0.151636,0.341302,0.218042,1.541384,0.150580,0.150600,1.819306,0.150512,0.181948
36.950000,2.047783,2.048221,1.614763,1.918473,1.996292,2.046786,2.029632,1.371385,0.151704,0.342937,0.216638,1.510972,0.152326,0.151026,1.821334,0.150418,0.181944
36.966667,2.048122,2.048592,1.615531,1.917242,1.996303,2.044333,2.029536,1.366235,0.151796,0.343895,0.215589,1.470540,0.154084,0.151375,1.822634,0.150610,0.181994
36.983333,2.048478,2.048941,1.616132,1.916197,1.996241,2.042159,2.029365,1.334017,0.151930,0.344502,0.212955,1.430864,0.155978,0.152840,1.823546,0.151140,0.182073
37.000000,2.048842,2.049283,1.616643,1.915395,1.996132,2.040468,2.029154,1.306176,0.152258,0.344883,0.209918,1.399115,0.156304,0.155131,1.824248,0.153032,0.182183
37.016667,2.049215,2.049443,1.616445,1.914888,1.996026,2.039804,2.028994,1.289356,0.152681,0.345096,0.209928,1.382114,0.155506,0.155331,1.824852,0.153484,0.183949
37.033333,2.049573,2.048061,1.600346,1.914802,1.995947,2.039013,2.028885,1.269089,0.153755,0.344560,0.209769,1.368370,0.153341,0.156781,1.825367,0.155184,0.185445
37.050000,2.049916,2.046006,1.575107,1.914931,1.995866,2.038436,2.028760,1.248483,0.155161,0.343667,0.207599,1.365628,0.151230,0.158379,1.825827,0.157915,0.187015
37.066667,2.050253,2.043705,1.542918,1.915106,1.995785,2.038123,2.028665,1.233810,0.157138,0.342833,0.202341,1.378035,0.149992,0.159552,1.826260,0.160616,0.188955
37.083333,2.050569,2.041466,1.505701,1.915277,1.995709,2.037824,2.028613,1.215498,0.159999,0.342127,0.196265,1.394528,0.149210,0.159719,1.826657,0.163074,0.191247
37.100000,2.050129,2.040171,1.480484,1.915605,1.995635,2.037355,2.028593,1.201149,0.162853,0.340888,0.191276,1.403943,0.148147,0.159851,1.823591,0.165582,0.193504
37.116667,2.049413,2.039218,1.467523,1.915917,1.995565,2.036793,2.028595,1.189615,0.163987,0.339599,0.187985,1.411850,0.147536,0.159826,1.819363,0.166466,0.195495
37.133333,2.048800,2.038332,1.458723,1.916137,1.995499,2.036093,2.028600,1.179885,0.164117,0.338592,0.185369,1.417922,0.147348,0.159739,1.815755,0.166381,0.197539
37.150000,2.048451,2.037595,1.451040,1.916281,1.995437,2.035198,2.028615,1.172340,0.164255,0.337853,0.182567,1.420985,0.147424,0.159704,1.811929,0.166316,0.199675
37.166667,2.048333,2.036988,1.444428,1.916365,1.995381,2.034460,2.028631,1.166367,0.164382,0.337339,0.180066,1.423401,0.147463,0.159666,1.809338,0.166252,0.201761
37.183333,2.048330,2.036525,1.438334,1.916404,1.995330,2.035216,2.028646,1.161564,0.164473,0.337004,0.177484,1.446985,0.146939,0.159554,1.807544,0.166190,0.203286
37.200000,2.048376,2.036181,1.433554,1.916416,1.995288,2.036110,2.028650,1.157645,0.164510,0.336801,0.175610,1.470400,0.146558,0.159425,1.806324,0.166082,0.204438
37.216667,2.048441,2.035895,1.431526,1.916412,1.995253,2.036025,2.028641,1.154581,0.164569,0.336671,0.173589,1.478492,0.146659,0.159415,1.805533,0.166035,0.205845
37.233333,2.048504,2.035685,1.431055,1.916404,1.995224,2.036127,2.028612,1.151689,0.164609,0.336592,0.171744,1.488068,0.146738,0.159411,1.805069,0.165996,0.207037
37.250000,2.048530,2.035550,1.432396,1.916398,1.995203,2.036447,2.028574,1.149286,0.164627,0.336541,0.170060,1.499590,0.146782,0.159410,1.804874,0.165960,0.207985
37.266667,2.048535,2.035481,1.435633,1.916393,1.995188,2.036934,2.028544,1.147662,0.164623,0.336503,0.168502,1.512467,0.146788,0.159404,1.804775,0.165922,0.208755
37.283333,2.048539,2.035477,1.440801,1.916390,1.995179,2.037617,2.028529,1.146853,0.164594,0.336474,0.167089,1.526742,0.146753,0.159394,1.804729,0.165882,0.209304
37.300000,2.048542,2.035539,1.447972,1.916386,1.995172,2.038499,2.028522,1.146505,0.164541,0.336450,0.165820,1.542049,0.146684,0.159384,1.804712,0.165841,0.209638
37.316667,2.048544,2.035667,1.457368,1.916384,1.995167,2.039462,2.028520,1.146402,0.164460,0.336428,0.165141,1.554547,0.146361,0.159328,1.804708,0.165790,0.209725
37.333333,2.048546,2.035869,1.468635,1.916381,1.995163,2.040599,2.028521,1.146429,0.164353,0.336407,0.164752,1.566847,0.145930,0.159213,1.804710,0.165725,0.209597
37.350000,2.048547,2.036147,1.481313,1.916379,1.995161,2.041586,2.028522,1.146488,0.164227,0.336389,0.165388,1.571375,0.145090,0.159060,1.804714,0.165650,0.209310
37.366667,2.048549,2.036503,1.495846,1.916377,1.995160,2.042522,2.028524,1.146571,0.164074,0.336373,0.166937,1.571064,0.143931,0.158843,1.804718,0.165560,0.208780
37.383333,2.048550,2.036960,1.512286,1.916375,1.995160,2.043522,2.028526,1.146661,0.163898,0.336357,0.169237,1.568692,0.142597,0.158572,1.804720,0.165462,0.208031
37.400000,2.048550,2.037530,1.530641,1.916374,1.995160,2.044665,2.028527,1.146747,0.163698,0.336344,0.172310,1.566311,0.141068,0.158181,1.804721,0.165348,0.207202
37.416667,2.048552,2.038227,1.550188,1.916371,1.995159,2.045642,2.028530,1.146793,0.163382,0.336335,0.175456,1.563684,0.139924,0.157883,1.804719,0.165058,0.206357
37.433333,2.048554,2.039046,1.570772,1.916368,1.995156,2.045677,2.028531,1.146670,0.163092,0.336323,0.178850,1.560262,0.138984,0.157007,1.804725,0.164345,0.205972
37.450000,2.048556,2.039940,1.592024,1.916365,1.995154,2.045198,2.028530,1.146480,0.162767,0.336305,0.182990,1.556538,0.137896,0.156027,1.804738,0.163356,0.205995
37.466667,2.048559,2.040530,1.606289,1.916361,1.995151,2.044514,2.028529,1.146297,0.162632,0.336283,0.187184,1.552706,0.135861,0.154348,1.804761,0.162846,0.207087
37.483333,2.048561,2.040864,1.615443,1.916359,1.995150,2.044083,2.028527,1.146104,0.162588,0.336266,0.192354,1.549896,0.133444,0.151654,1.804787,0.162427,0.208966
37.500000,2.048562,2.041050,1.621413,1.916357,1.995151,2.043854,2.028525,1.145928,0.162583,0.336254,0.197348,1.548058,0.131322,0.148975,1.804810,0.162085,0.210947
37.516667,2.048564,2.041150,1.624662,1.916356,1.995149,2.043751,2.028525,1.145847,0.162570,0.336246,0.198145,1.551615,0.130502,0.147552,1.804824,0.161893,0.212082
37.533333,2.048565,2.041204,1.626410,1.916354,1.995147,2.043689,2.028525,1.145809,0.162547,0.336241,0.198569,1.553391,0.130088,0.146795,1.804831,0.161781,0.212703
37.550000,2.048565,2.041234,1.627353,1.916354,1.995146,2.043655,2.028526,1.145790,0.162517,0.336238,0.198774,1.554339,0.129880,0.146401,1.804835,0.161715,0.213044
37.566667,2.048563,2.041250,1.627863,1.916356,1.995149,2.043560,2.029044,1.161843,0.162482,0.336240,0.194225,1.560196,0.130568,0.146371,1.804834,0.161692,0.213233
37.583333,2.048559,2.041259,1.628141,1.916360,1.995156,2.043421,2.029283,1.173708,0.162447,0.336246,0.186540,1.570547,0.132124,0.146630,1.804829,0.161705,0.213340
37.600000,2.048555,2.041265,1.628294,1.916365,1.995162,2.043317,2.029509,1.185210,0.162410,0.336253,0.179967,1.580895,0.133697,0.146930,1.804824,0.161728,0.213403
37.616667,2.048270,2.041264,1.628374,1.916370,1.995169,2.043247,2.029102,1.180279,0.162352,0.336260,0.174562,1.590771,0.135375,0.147289,1.805908,0.161765,0.213428
37.633333,2.047725,2.041507,1.628655,1.916375,1.995133,2.043196,2.028105,1.159964,0.162288,0.336267,0.169811,1.600727,0.137242,0.147720,1.804536,0.161828,0.213495
37.650000,2.048240,2.042064,1.629226,1.916386,1.994864,2.043151,2.027395,1.147933,0.162216,0.336276,0.165377,1.611192,0.139146,0.148155,1.807236,0.161899,0.213631
37.666667,2.049174,2.042542,1.629725,1.917965,1.994718,2.043518,2.026957,1.145530,0.162201,0.336114,0.163376,1.620134,0.139572,0.149759,1.813137,0.162438,0.213792
37.683333,2.050553,2.043032,1.630786,1.920403,1.994580,2.044302,2.027044,1.166076,0.162263,0.337319,0.160900,1.631874,0.141052,0.151247,1.823476,0.162275,0.214547
37.700000,2.052283,2.043536,1.632298,1.922067,1.994434,2.044952,2.027595,1.204922,0.162164,0.340811,0.158434,1.643294,0.143323,0.153130,1.835974,0.162160,0.215213
37.716667,2.053705,2.044035,1.633459,1.923808,1.994279,2.045933,2.028246,1.255092,0.161739,0.347025,0.156120,1.656777,0.144309,0.154914,1.845039,0.162286,0.216328
37.733333,2.055844,2.044591,1.634711,1.925670,1.994101,2.047139,2.028949,1.321793,0.160386,0.362086,0.154587,1.669892,0.143350,0.156697,1.846797,0.162720,0.219211
37.750000,2.057519,2.045262,1.638087,1.925755,1.994037,2.048506,2.029992,1.398558,0.160873,0.372187,0.153975,1.684371,0.141581,0.156024,1.846692,0.163068,0.222594
37.766667,2.057790,2.045878,1.640567,1.924812,1.994025,2.049897,2.031058,1.475850,0.161782,0.378030,0.153369,1.698664,0.139698,0.155364,1.843471,0.163585,0.225797
37.783333,2.057942,2.046506,1.642868,1.923591,1.994012,2.051300,2.032364,1.555051,0.162644,0.381439,0.152908,1.712071,0.137674,0.154584,1.837825,0.164287,0.229680
37.800000,2.057664,2.047116,1.644807,1.922972,1.993996,2.052465,2.033338,1.617718,0.163282,0.393002,0.153160,1.721435,0.135853,0.153372,1.833898,0.164731,0.233368
37.816667,2.057291,2.047678,1.646237,1.922258,1.993979,2.051510,2.033666,1.657418,0.163311,0.404176,0.153620,1.707467,0.135344,0.152520,1.833025,0.164551,0.236529
37.833333,2.057582,2.048187,1.647154,1.921309,1.993970,2.049811,2.033853,1.678610,0.163315,0.413436,0.154289,1.680671,0.135510,0.152088,1.835236,0.164464,0.238356
37.850000,2.058317,2.048661,1.647845,1.919297,1.994035,2.047745,2.033789,1.686546,0.163302,0.419156,0.155309,1.644787,0.135968,0.151817,1.839586,0.164388,0.239386
37.866667,2.058441,2.048159,1.638260,1.917253,1.994086,2.045536,2.033643,1.688047,0.163299,0.422566,0.156354,1.602879,0.136814,0.151845,1.840197,0.164358,0.240485
37.883333,2.058111,2.047018,1.621233,1.915161,1.994130,2.043312,2.033473,1.686310,0.162993,0.424690,0.157544,1.555967,0.138187,0.152364,1.837986,0.164333,0.241447
37.900000,2.057945,2.045365,1.602682,1.913582,1.994274,2.041139,2.033278,1.682553,0.164110,0.417235,0.159015,1.504882,0.139599,0.152733,1.837201,0.164453,0.238736
37.916667,2.057923,2.044526,1.592605,1.911722,1.994534,2.039047,2.033004,1.676606,0.163308,0.403371,0.160768,1.450150,0.141660,0.153728,1.837750,0.165081,0.237789
37.933333,2.058082,2.044108,1.581054,1.909808,1.994793,2.037619,2.032441,1.665640,0.161528,0.390859,0.162495,1.405077,0.143686,0.154848,1.840488,0.164908,0.240120
37.950000,2.057928,2.043729,1.578851,1.907783,1.995050,2.036812,2.031711,1.651254,0.161419,0.379130,0.163908,1.377709,0.144887,0.155827,1.843660,0.165133,0.236151
37.966667,2.057809,2.042678,1.568745,1.905640,1.995299,2.036342,2.030958,1.635472,0.161371,0.368152,0.165228,1.359845,0.146372,0.156913,1.847699,0.165283,0.231586
37.983333,2.057695,2.042013,1.569251,1.903407,1.995537,2.036093,2.030219,1.618783,0.162349,0.358006,0.166351,1.347693,0.147971,0.158155,1.852221,0.165626,0.223696
38.000000,2.057562,2.041297,1.571871,1.901109,1.995761,2.035997,2.029510,1.601492,0.163075,0.348714,0.168164,1.339157,0.149388,0.158778,1.856979,0.165038,0.216932
38.016667,2.057349,2.040701,1.573590,1.898770,1.995970,2.036026,2.028874,1.584703,0.161823,0.340272,0.170735,1.333041,0.150373,0.159362,1.861210,0.165383,0.213851
38.033333,2.056990,2.039615,1.568471,1.896424,1.996165,2.036080,2.028480,1.573501,0.161755,0.332647,0.173255,1.328037,0.151229,0.159492,1.862709,0.165779,0.210161
38.050000,2.056260,2.038660,1.566381,1.894093,1.996345,2.036146,2.028238,1.565927,0.161685,0.325779,0.175772,1.323934,0.152198,0.159611,1.861502,0.165758,0.205710
38.066667,2.055480,2.038362,1.579801,1.891801,1.996509,2.036244,2.028077,1.560325,0.161732,0.319666,0.178696,1.320624,0.153170,0.159625,1.859334,0.165779,0.200381
38.083333,2.054716,2.038312,1.586141,1.889579,1.996658,2.036372,2.027963,1.555796,0.160005,0.314270,0.182024,1.317903,0.154071,0.159628,1.856769,0.164691,0.199615
38.100000,2.054002,2.037627,1.579808,1.887636,1.996794,2.036511,2.027872,1.551870,0.160342,0.309017,0.185533,1.315687,0.154572,0.158707,1.854181,0.164362,0.197303
38.116667,2.053356,2.037340,1.580177,1.886122,1.996905,2.036694,2.027802,1.548344,0.161497,0.304043,0.189282,1.311268,0.154196,0.157910,1.851689,0.164417,0.194095
38.133333,2.053027,2.037661,1.586842,1.884682,1.996992,2.036448,2.027767,1.545430,0.161111,0.300461,0.191670,1.293798,0.154316,0.158712,1.848555,0.164750,0.192200
38.150000,2.052954,2.039404,1.610595,1.883347,1.997063,2.035950,2.027747,1.542971,0.160497,0.297782,0.193100,1.270403,0.156296,0.160070,1.846363,0.164276,0.188976
38.166667,2.053008,2.041554,1.639227,1.882140,1.997120,2.035501,2.027726,1.540610,0.160548,0.295773,0.194372,1.252611,0.156471,0.160476,1.844788,0.164931,0.186246
38.183333,2.053118,2.042493,1.659309,1.880284,1.997180,2.035291,2.027707,1.538501,0.161960,0.295252,0.193647,1.247965,0.156455,0.160675,1.843689,0.166460,0.183745
38.200000,2.053252,2.042295,1.670841,1.878664,1.997231,2.035075,2.027699,1.536856,0.163240,0.294813,0.193346,1.247143,0.156408,0.160715,1.842932,0.167053,0.181765
38.216667,2.053377,2.041734,1.676364,1.876038,1.997228,2.034893,2.027699,1.535695,0.163018,0.294895,0.193459,1.249578,0.156371,0.160633,1.842451,0.166920,0.181128
38.233333,2.053481,2.041947,1.684813,1.873602,1.997227,2.034739,2.027706,1.535048,0.162793,0.295231,0.193437,1.250496,0.156343,0.160569,1.842199,0.166809,0.180638
38.250000,2.053557,2.042252,1.690113,1.872114,1.997227,2.034649,2.027715,1.534724,0.162374,0.295360,0.193516,1.251789,0.156339,0.160521,1.842096,0.166683,0.180434
38.266667,2.053604,2.042466,1.693333,1.871272,1.997227,2.034581,2.027721,1.534562,0.161786,0.295385,0.193633,1.253467,0.156330,0.160461,1.842059,0.166528,0.180490
38.283333,2.053632,2.042683,1.695137,1.870816,1.997227,2.034555,2.027726,1.534492,0.161040,0.295384,0.193830,1.255868,0.156321,0.160394,1.842050,0.166349,0.180729
38.300000,2.053648,2.042967,1.695616,1.870570,1.997227,2.034589,2.027729,1.534477,0.160175,0.295371,0.194081,1.259565,0.156318,0.160330,1.842055,0.166156,0.181107
38.316667,2.053647,2.043363,1.695870,1.870438,1.997227,2.034669,2.027732,1.534489,0.159313,0.295352,0.194308,1.264019,0.156311,0.160267,1.841939,0.165967,0.181578
38.333333,2.053647,2.043925,1.696347,1.870369,1.997225,2.034961,2.027734,1.534521,0.158584,0.295334,0.193959,1.278195,0.156219,0.160193,1.841881,0.165775,0.182067
38.350000,2.053648,2.044653,1.697602,1.870332,1.997225,2.035144,2.027735,1.534549,0.157864,0.295319,0.193911,1.285119,0.156174,0.160130,1.841853,0.165617,0.182667
38.366667,2.053649,2.045577,1.699501,1.870314,1.997224,2.035411,2.027736,1.534575,0.157194,0.295307,0.193633,1.294309,0.156103,0.160073,1.841839,0.165477,0.183358
38.383333,2.053649,2.046699,1.702486,1.870305,1.997223,2.035726,2.027737,1.534598,0.156664,0.295299,0.193188,1.304454,0.156009,0.159980,1.841832,0.165066,0.184075
38.400000,2.053647,2.047579,1.707112,1.870303,1.997223,2.036086,2.027737,1.534622,0.156078,0.295307,0.192900,1.314730,0.155884,0.159779,1.841810,0.164371,0.184980
38.416667,2.053643,2.047378,1.707502,1.870304,1.997222,2.036542,2.027737,1.534656,0.155178,0.295337,0.192948,1.328429,0.155714,0.159084,1.841764,0.163477,0.186897
38.433333,2.053636,2.046517,1.705469,1.870307,1.997222,2.036848,2.027737,1.534726,0.154067,0.295372,0.194122,1.339180,0.155592,0.157950,1.841708,0.162299,0.189072
38.450000,2.053631,2.045400,1.702221,1.870307,1.997221,2.037039,2.027740,1.534810,0.151834,0.295393,0.196005,1.347217,0.155599,0.157259,1.841658,0.160392,0.191856
38.466667,2.053627,2.044188,1.698401,1.870306,1.997221,2.037162,2.027743,1.534899,0.148798,0.295404,0.198273,1.353514,0.155706,0.157008,1.841614,0.158017,0.195113
38.483333,2.053625,2.043217,1.695534,1.870305,1.997220,2.037240,2.027746,1.534977,0.145605,0.295407,0.200510,1.358232,0.155848,0.156985,1.841583,0.156237,0.198896
38.500000,2.053624,2.042649,1.693558,1.870304,1.997220,2.037277,2.027748,1.535025,0.143557,0.295407,0.201925,1.360911,0.155940,0.156996,1.841567,0.155252,0.201827
38.516667,2.053624,2.042307,1.691906,1.870304,1.997194,2.037289,2.027749,1.535050,0.142444,0.295405,0.202713,1.362285,0.155987,0.157003,1.841560,0.154718,0.203621
38.533333,2.053624,2.042096,1.690599,1.870298,1.997028,2.037294,2.027750,1.535065,0.141842,0.295399,0.203159,1.362981,0.155994,0.157018,1.841557,0.154433,0.204630
38.550000,2.053625,2.041966,1.689583,1.870292,1.996861,2.037295,2.027752,1.535073,0.141514,0.295391,0.203423,1.363324,0.155976,0.157031,1.841556,0.154286,0.205189
38.566667,2.053625,2.041883,1.688794,1.870286,1.996703,2.037294,2.027754,1.535078,0.141341,0.295383,0.203582,1.363481,0.155948,0.157035,1.841556,0.154213,0.205500
38.583333,2.053626,2.041831,1.688177,1.870280,1.996540,2.037299,2.027852,1.537002,0.141283,0.295375,0.203816,1.363608,0.155873,0.156876,1.841558,0.154115,0.205701
38.600000,2.052723,2.041276,1.677682,1.870278,1.996378,2.037373,2.028340,1.548653,0.141603,0.295373,0.205310,1.364284,0.155206,0.155711,1.835836,0.153673,0.206382
38.616667,2.050413,2.040364,1.659272,1.870279,1.996216,2.037470,2.029130,1.566442,0.141913,0.295383,0.206878,1.369809,0.154041,0.154357,1.823019,0.153234,0.208242
38.633333,2.047791,2.039869,1.636708,1.870284,1.996054,2.037682,2.030173,1.588169,0.142127,0.295403,0.207873,1.380747,0.152888,0.153048,1.808504,0.152697,0.210669
38.650000,2.046207,2.039923,1.612783,1.870294,1.995894,2.037918,2.031447,1.612833,0.142318,0.295434,0.208993,1.392648,0.151647,0.151664,1.794671,0.152134,0.213091
38.666667,2.046083,2.040379,1.595935,1.872836,1.995734,2.039013,2.033706,1.652507,0.142790,0.300825,0.210649,1.413932,0.149694,0.149620,1.786443,0.151025,0.215705
38.683333,2.046728,2.040820,1.586862,1.880925,1.995569,2.040354,2.036134,1.691099,0.144025,0.303448,0.213016,1.436262,0.147400,0.146456,1.785888,0.149766,0.217207
38.700000,2.047359,2.041091,1.580738,1.890719,1.995405,2.041481,2.037718,1.715023,0.145463,0.306996,0.215172,1.453359,0.145506,0.143320,1.787169,0.148667,0.218368
38.716667,2.047972,2.041278,1.574499,1.901481,1.995241,2.042463,2.038477,1.727283,0.147087,0.311254,0.216978,1.466525,0.143980,0.140466,1.786059,0.147773,0.218986
38.733333,2.048826,2.041370,1.565338,1.908834,1.995076,2.043237,2.038935,1.733881,0.148466,0.313750,0.218172,1.474900,0.142955,0.138532,1.785061,0.147296,0.219007
38.750000,2.050151,2.041464,1.556838,1.913699,1.994923,2.043862,2.039295,1.737613,0.149541,0.311498,0.218628,1.480270,0.142353,0.137741,1.791877,0.147539,0.218533
38.766667,2.051503,2.041959,1.563573,1.912937,1.994768,2.044432,2.039724,1.741593,0.151284,0.300845,0.218421,1.484645,0.141961,0.137898,1.802887,0.148722,0.213945
38.783333,2.052274,2.042570,1.572714,1.908619,1.994735,2.044752,2.039478,1.733459,0.152636,0.288604,0.218282,1.483496,0.141882,0.138874,1.814671,0.150571,0.209518
38.800000,2.052553,2.043159,1.581107,1.906710,1.994892,2.045143,2.038531,1.710486,0.153390,0.278713,0.215923,1.485251,0.142568,0.140561,1.827323,0.151846,0.204913
38.816667,2.052414,2.043764,1.589098,1.906103,1.995094,2.045482,2.037114,1.676367,0.153771,0.272546,0.213583,1.486106,0.143558,0.142129,1.836521,0.152313,0.201375
38.833333,2.052184,2.044327,1.595859,1.904778,1.995311,2.045805,2.035461,1.633503,0.153859,0.268003,0.211424,1.486682,0.144726,0.143484,1.844390,0.152316,0.198818
38.850000,2.051780,2.044864,1.601219,1.902715,1.995529,2.046116,2.033730,1.583429,0.153964,0.265821,0.209479,1.487063,0.145951,0.144586,1.851641,0.152212,0.196673
38.866667,2.051282,2.045370,1.605302,1.900511,1.995737,2.046403,2.032436,1.531022,0.154056,0.264850,0.207745,1.487112,0.147223,0.145508,1.858229,0.151989,0.194962
38.883333,2.051074,2.045823,1.608201,1.898332,1.995933,2.046668,2.031826,1.485397,0.154028,0.264491,0.206222,1.486788,0.148548,0.146219,1.862155,0.151571,0.194090
38.900000,2.051111,2.046239,1.610157,1.896208,1.996065,2.047001,2.031139,1.434484,0.154051,0.264453,0.205511,1.487217,0.149070,0.146476,1.864439,0.151486,0.193665
38.916667,2.051354,2.046606,1.611478,1.894251,1.996138,2.047351,2.030661,1.402541,0.154090,0.265450,0.205152,1.487843,0.149243,0.146580,1.865926,0.151520,0.193464
38.933333,2.051702,2.047004,1.612662,1.892783,1.996186,2.047705,2.030498,1.386260,0.154173,0.269840,0.205046,1.488450,0.149271,0.146426,1.866980,0.151407,0.193651
38.950000,2.052618,2.047306,1.613209,1.891279,1.996214,2.046305,2.030369,1.375456,0.154746,0.272573,0.204392,1.467511,0.150058,0.146526,1.872317,0.151615,0.192714
38.966667,2.053523,2.047596,1.613567,1.890143,1.996224,2.044300,2.030259,1.367357,0.155274,0.272324,0.203782,1.433661,0.151364,0.146754,1.877122,0.151892,0.191873
38.983333,2.054233,2.047899,1.613932,1.889887,1.996118,2.042179,2.030167,1.360811,0.155602,0.270667,0.204075,1.393562,0.152751,0.148012,1.879895,0.152210,0.191471
39.000000,2.054831,2.047394,1.599519,1.889992,1.996015,2.040984,2.030067,1.349420,0.155958,0.269224,0.202692,1.367405,0.154286,0.149086,1.881623,0.152609,0.191795
39.016667,2.055339,2.046154,1.573470,1.890274,1.995925,2.040685,2.029872,1.320971,0.157494,0.267956,0.199644,1.365231,0.154208,0.149695,1.882779,0.153733,0.192452
39.033333,2.055828,2.044132,1.543215,1.890626,1.995835,2.040146,2.029705,1.302832,0.159142,0.266846,0.197828,1.362101,0.153495,0.150973,1.883648,0.155055,0.194020
39.050000,2.054786,2.042040,1.508599,1.890989,1.995754,2.040005,2.029586,1.291534,0.160258,0.265878,0.194065,1.373410,0.152046,0.152324,1.878721,0.157152,0.196209
39.066667,2.053769,2.040570,1.481742,1.891330,1.995669,2.039915,2.029540,1.271898,0.161011,0.265045,0.189359,1.387451,0.150556,0.154196,1.873928,0.159378,0.198757
39.083333,2.052872,2.039398,1.457054,1.891836,1.995585,2.039911,2.029543,1.255526,0.161579,0.263924,0.184093,1.406355,0.149147,0.156672,1.869681,0.161984,0.201156
39.100000,2.052072,2.038428,1.432599,1.892391,1.995508,2.039981,2.029573,1.242404,0.162240,0.262735,0.178113,1.432692,0.148404,0.159474,1.865837,0.164917,0.203015
39.116667,2.051366,2.037772,1.418650,1.892941,1.995438,2.039630,2.029621,1.231942,0.163622,0.261522,0.173569,1.450967,0.148428,0.160208,1.862410,0.166620,0.204643
39.133333,2.050777,2.037281,1.422082,1.893354,1.995374,2.039315,2.029660,1.223476,0.163611,0.260562,0.170673,1.473014,0.148851,0.160220,1.859525,0.166539,0.205455
39.150000,2.050228,2.036678,1.424052,1.893657,1.995311,2.038926,2.029703,1.216671,0.163600,0.259841,0.168234,1.494212,0.149209,0.160231,1.856786,0.166466,0.206062
39.166667,2.049758,2.036207,1.427398,1.893869,1.995254,2.038554,2.029759,1.211367,0.163585,0.259312,0.166233,1.511210,0.149366,0.160197,1.854437,0.166375,0.206880
39.183333,2.049493,2.035867,1.428914,1.894011,1.995205,2.039190,2.029804,1.207131,0.163581,0.258944,0.164646,1.532070,0.149183,0.160139,1.851984,0.166306,0.207389
39.200000,2.049403,2.035609,1.429359,1.894099,1.995159,2.041285,2.029838,1.203624,0.163568,0.258695,0.163187,1.561107,0.148484,0.160017,1.850422,0.166235,0.207684
39.216667,2.049549,2.035427,1.429945,1.894151,1.995122,2.042948,2.029844,1.200297,0.163521,0.258538,0.163337,1.583117,0.147965,0.159830,1.850527,0.166254,0.207607
39.233333,2.049709,2.035285,1.431796,1.894181,1.995094,2.044196,2.029830,1.197566,0.163496,0.258432,0.162005,1.600035,0.148282,0.159871,1.850891,0.166196,0.208025
39.250000,2.049803,2.035190,1.434377,1.894195,1.995072,2.045464,2.029800,1.195269,0.163473,0.258364,0.161418,1.612475,0.148027,0.159818,1.851095,0.166130,0.208456
39.266667,2.049853,2.035147,1.436909,1.894198,1.995053,2.047319,2.029775,1.193524,0.163515,0.258323,0.162177,1.626290,0.146674,0.159584,1.851205,0.166119,0.208820
39.283333,2.049879,2.035177,1.440587,1.894201,1.995044,2.048845,2.029758,1.192493,0.163399,0.258314,0.165078,1.637101,0.144688,0.158444,1.851258,0.165544,0.210006
39.300000,2.049896,2.035255,1.446396,1.894199,1.995035,2.050125,2.029752,1.191842,0.163359,0.258310,0.168199,1.647910,0.142645,0.157449,1.851286,0.165506,0.210411
39.316667,2.049903,2.035388,1.453465,1.894201,1.995033,2.050560,2.029747,1.191579,0.163208,0.258308,0.169641,1.650693,0.141880,0.156944,1.851298,0.165171,0.210666
39.333333,2.049908,2.035600,1.462771,1.894201,1.995032,2.050537,2.029745,1.191454,0.163108,0.258301,0.170471,1.648761,0.141533,0.156841,1.851308,0.165143,0.210119
39.350000,2.049910,2.035883,1.473866,1.894201,1.995032,2.050002,2.029743,1.191369,0.162985,0.258296,0.171843,1.642171,0.141043,0.156541,1.851313,0.165066,0.209550
39.366667,2.049912,2.036224,1.485984,1.894200,1.995030,2.049138,2.029743,1.191227,0.162831,0.258292,0.174075,1.634681,0.140238,0.155816,1.851317,0.164794,0.209177
39.383333,2.049915,2.036632,1.499304,1.894198,1.995028,2.048317,2.029740,1.190980,0.162622,0.258286,0.176794,1.631352,0.139431,0.155242,1.851327,0.164049,0.209140
39.400000,2.049917,2.037174,1.516706,1.894195,1.995026,2.047477,2.029738,1.190695,0.162303,0.258271,0.179845,1.629859,0.139017,0.154659,1.851345,0.162758,0.209193
39.416667,2.049920,2.037757,1.533538,1.894192,1.995023,2.046660,2.029736,1.190410,0.161833,0.258261,0.183250,1.629650,0.138322,0.154241,1.851361,0.161701,0.209369
39.433333,2.049922,2.038480,1.552012,1.894190,1.995021,2.045864,2.029734,1.190156,0.161696,0.258255,0.187057,1.630114,0.137036,0.153229,1.851370,0.161059,0.209533
39.450000,2.049924,2.039324,1.572595,1.894187,1.995019,2.045138,2.029733,1.189963,0.161479,0.258249,0.191421,1.630078,0.135137,0.151599,1.851375,0.160722,0.209484
39.466667,2.049925,2.039965,1.587235,1.894185,1.995019,2.044707,2.029731,1.189774,0.161419,0.258244,0.196665,1.629549,0.132896,0.148943,1.851386,0.160350,0.210390
39.483333,2.049926,2.040358,1.595625,1.894183,1.995018,2.044438,2.029731,1.189654,0.161347,0.258238,0.199207,1.631372,0.131586,0.146948,1.851396,0.160028,0.211490
39.500000,2.049927,2.040570,1.600101,1.894182,1.995017,2.044282,2.029731,1.189601,0.161309,0.258235,0.200099,1.633128,0.130998,0.145889,1.851402,0.159852,0.212092
39.516667,2.049928,2.040683,1.602490,1.894181,1.995016,2.044191,2.029732,1.189575,0.161289,0.258233,0.200539,1.634008,0.130705,0.145331,1.851406,0.159758,0.212419
39.533333,2.049929,2.040744,1.603768,1.894180,1.995015,2.044138,2.029732,1.189563,0.161278,0.258231,0.200719,1.634473,0.130561,0.145037,1.851408,0.159708,0.212596
39.550000,2.049929,2.040777,1.604450,1.894179,1.995014,2.044108,2.029733,1.189558,0.161272,0.258230,0.200763,1.634744,0.130495,0.144882,1.851410,0.159682,0.212691
39.566667,2.049927,2.040793,1.604811,1.894182,1.995017,2.043963,2.030263,1.205415,0.161269,0.258234,0.196096,1.639102,0.131354,0.144983,1.851407,0.159688,0.212742
39.583333,2.049923,2.040801,1.604999,1.894186,1.995024,2.043728,2.030443,1.215959,0.161270,0.258242,0.188265,1.647264,0.133139,0.145322,1.851402,0.159725,0.212770
39.600000,2.050112,2.040804,1.605093,1.894191,1.995031,2.043530,2.030499,1.223336,0.161260,0.258250,0.181615,1.655562,0.134960,0.145678,1.853197,0.159768,0.212779
39.616667,2.049939,2.040799,1.605131,1.894196,1.995038,2.043377,2.029742,1.209266,0.161233,0.258259,0.176365,1.663322,0.136831,0.146076,1.854496,0.159828,0.212768
39.633333,2.050370,2.040873,1.605219,1.894201,1.995047,2.043348,2.028769,1.189552,0.161199,0.258268,0.171769,1.671620,0.138788,0.146504,1.854353,0.159907,0.212765
39.650000,2.051501,2.041411,1.605754,1.895261,1.995001,2.043980,2.028068,1.177808,0.161176,0.258192,0.168392,1.681915,0.140238,0.147254,1.857960,0.160049,0.212886
39.666667,2.052576,2.041911,1.606278,1.897467,1.994951,2.044665,2.027584,1.174892,0.161541,0.258016,0.166918,1.690780,0.140425,0.148169,1.863075,0.160291,0.213218
39.683333,2.053952,2.042515,1.609367,1.900683,1.994786,2.045372,2.027510,1.188285,0.161374,0.262459,0.165250,1.700885,0.141374,0.149006,1.870745,0.159761,0.214788
39.700000,2.055671,2.043070,1.612082,1.904432,1.994581,2.046087,2.027910,1.220957,0.161306,0.265865,0.162549,1.712663,0.143113,0.150342,1.880326,0.159574,0.215630
39.716667,2.057324,2.043652,1.615296,1.907138,1.994421,2.047011,2.028458,1.263090,0.161006,0.270018,0.160294,1.725002,0.143715,0.151762,1.886278,0.159683,0.216599
39.733333,2.058810,2.044326,1.619334,1.909828,1.994299,2.048062,2.029266,1.321845,0.159992,0.277087,0.159004,1.736989,0.142505,0.153086,1.885421,0.160129,0.219241
39.750000,2.058906,2.044981,1.622668,1.911276,1.994154,2.049108,2.030401,1.395018,0.158996,0.281025,0.157615,1.748572,0.141081,0.154533,1.877204,0.160897,0.222454
39.766667,2.058969,2.045644,1.625754,1.912060,1.993988,2.050325,2.031476,1.472204,0.159110,0.283223,0.156867,1.760697,0.139098,0.154423,1.868756,0.161601,0.226474
39.783333,2.058916,2.046285,1.628364,1.912486,1.993808,2.051625,2.032566,1.547924,0.159774,0.284468,0.156388,1.772201,0.137016,0.153747,1.861205,0.162228,0.230628
39.800000,2.058793,2.046831,1.629920,1.911761,1.993744,2.051818,2.033302,1.607168,0.160282,0.289576,0.155406,1.771640,0.136053,0.154041,1.854778,0.162868,0.233200
39.816667,2.058728,2.047314,1.630820,1.910423,1.993785,2.050698,2.033543,1.639276,0.160632,0.297736,0.154786,1.754898,0.136099,0.154393,1.850292,0.163363,0.234479
39.833333,2.058659,2.047774,1.631475,1.908876,1.993800,2.048969,2.033528,1.652815,0.160836,0.303137,0.154709,1.728484,0.136613,0.154637,1.846604,0.163653,0.235183
39.850000,2.058282,2.048221,1.632028,1.907057,1.993821,2.046963,2.033411,1.657157,0.160953,0.306220,0.155177,1.694765,0.137272,0.154815,1.841750,0.163819,0.235617
39.866667,2.057906,2.048152,1.626526,1.905037,1.993851,2.044858,2.033246,1.656585,0.161104,0.308082,0.155924,1.655482,0.138066,0.154957,1.837708,0.163920,0.236284
39.883333,2.057568,2.046685,1.602297,1.902874,1.993886,2.042754,2.033059,1.653338,0.161955,0.309290,0.156824,1.611700,0.138976,0.155114,1.834728,0.164106,0.237032
39.900000,2.057303,2.044843,1.578215,1.900533,1.993938,2.040707,2.032844,1.648540,0.163661,0.310155,0.157876,1.563970,0.139973,0.155428,1.832999,0.165207,0.234465
39.916667,2.057193,2.043913,1.570622,1.898037,1.994005,2.039269,2.032628,1.642861,0.162629,0.310838,0.159707,1.512358,0.142262,0.156926,1.832799,0.165567,0.233351
39.933333,2.057290,2.043147,1.560802,1.897356,1.994237,2.038418,2.032244,1.633775,0.161402,0.299308,0.161827,1.471383,0.144260,0.157863,1.834626,0.165583,0.233408
39.950000,2.057587,2.041907,1.551852,1.896386,1.994506,2.037902,2.031670,1.621207,0.161321,0.287451,0.164085,1.443319,0.145741,0.158167,1.838272,0.165695,0.228929
39.966667,2.057634,2.040994,1.549679,1.895369,1.994759,2.037554,2.030986,1.605887,0.161704,0.276988,0.166059,1.425747,0.147212,0.158445,1.842179,0.165810,0.222921
39.983333,2.057524,2.040436,1.555422,1.894244,1.995002,2.037372,2.030249,1.588435,0.162152,0.267405,0.167983,1.414026,0.148745,0.158710,1.846640,0.165705,0.216537
40.000000,2.057439,2.039848,1.560911,1.893020,1.995232,2.037296,2.029537,1.570317,0.161622,0.258660,0.170316,1.405685,0.150707,0.158755,1.851510,0.163965,0.213178
40.016667,2.057315,2.039264,1.560685,1.891729,1.995448,2.037328,2.028861,1.551808,0.160505,0.250723,0.172839,1.399778,0.151711,0.158707,1.856389,0.163901,0.211530
40.033333,2.057152,2.038210,1.550253,1.890398,1.995651,2.037404,2.028228,1.533221,0.159219,0.243554,0.175142,1.395030,0.152443,0.159511,1.861158,0.165909,0.209469
40.050000,2.056967,2.037273,1.544630,1.889040,1.995837,2.037483,2.027674,1.515688,0.158153,0.237104,0.177580,1.391081,0.153889,0.160019,1.865409,0.165775,0.206358
40.066667,2.056961,2.036571,1.547560,1.887683,1.996009,2.037694,2.027331,1.504129,0.158010,0.231368,0.180751,1.374881,0.155244,0.160206,1.868001,0.165754,0.201278
40.083333,2.056670,2.035953,1.551377,1.886348,1.996166,2.037881,2.027072,1.495681,0.157993,0.226287,0.184069,1.363704,0.156295,0.160351,1.869152,0.165747,0.196115
40.100000,2.056312,2.035383,1.557471,1.885058,1.996307,2.038317,2.026890,1.489417,0.158392,0.221818,0.187913,1.353854,0.156687,0.160411,1.869361,0.165766,0.190732
40.116667,2.055857,2.034934,1.570787,1.883833,1.996430,2.038480,2.026771,1.484686,0.159254,0.217925,0.189303,1.359147,0.156789,0.160450,1.868560,0.165902,0.186461
40.133333,2.055383,2.034454,1.585739,1.882695,1.996541,2.037446,2.026687,1.480861,0.160140,0.214558,0.190920,1.339193,0.157032,0.160505,1.867305,0.166026,0.183390
40.150000,2.055167,2.033923,1.598999,1.881662,1.996637,2.036820,2.026627,1.477647,0.161043,0.211671,0.192183,1.329453,0.157205,0.160562,1.865166,0.166159,0.180548
40.166667,2.055093,2.033768,1.611722,1.881341,1.996698,2.036244,2.026584,1.474902,0.160786,0.209249,0.193628,1.317601,0.157220,0.160512,1.863051,0.166074,0.179152
40.183333,2.055016,2.034414,1.625475,1.881286,1.996735,2.035706,2.026553,1.472603,0.159875,0.207588,0.195340,1.299780,0.157591,0.160746,1.860958,0.165420,0.179173
40.200000,2.054998,2.035717,1.642723,1.881015,1.996771,2.035257,2.026528,1.470721,0.158626,0.206533,0.198006,1.279814,0.157656,0.160549,1.859450,0.164926,0.179447
40.216667,2.055052,2.037474,1.659603,1.880780,1.996796,2.034977,2.026511,1.469270,0.157960,0.205910,0.199018,1.267971,0.157982,0.160411,1.858551,0.163948,0.180127
40.233333,2.055114,2.039733,1.682272,1.880671,1.996810,2.034789,2.026497,1.468256,0.157690,0.205552,0.198298,1.262671,0.157939,0.160404,1.858058,0.164392,0.179708
40.250000,2.055108,2.041602,1.702144,1.880611,1.996817,2.034674,2.026490,1.467679,0.156880,0.205388,0.197525,1.256980,0.157892,0.160641,1.857880,0.164528,0.180410
40.266667,2.055107,2.043286,1.719664,1.880580,1.996820,2.034615,2.026489,1.467361,0.155798,0.205326,0.196876,1.252009,0.157840,0.160533,1.857757,0.164100,0.182308
40.283333,2.055106,2.044643,1.732328,1.880565,1.996821,2.034600,2.026487,1.467164,0.155247,0.205302,0.196058,1.247609,0.157594,0.160419,1.857694,0.164163,0.183986
40.300000,2.055106,2.044409,1.735086,1.880616,1.996828,2.034634,2.026485,1.467065,0.155568,0.205297,0.195517,1.244797,0.157427,0.160434,1.857665,0.164761,0.184463
40.316667,2.055105,2.044426,1.738533,1.880864,1.996853,2.034675,2.026483,1.467027,0.155640,0.205308,0.195138,1.241071,0.157439,0.160393,1.857641,0.165047,0.185118
40.333333,2.055104,2.044777,1.741310,1.880997,1.996866,2.034759,2.026482,1.467038,0.155217,0.205325,0.194679,1.238728,0.157854,0.160406,1.857621,0.165212,0.186119
40.350000,2.055102,2.044765,1.740854,1.881069,1.996873,2.034937,2.026482,1.467042,0.154259,0.205347,0.194806,1.240009,0.157811,0.160196,1.857595,0.164541,0.188453
40.366667,2.055098,2.044365,1.738074,1.881110,1.996876,2.035180,2.026482,1.467053,0.153046,0.205378,0.194613,1.244528,0.157723,0.160082,1.857556,0.163532,0.191249
40.383333,2.055094,2.044027,1.737656,1.881133,1.996878,2.035523,2.026481,1.467072,0.151648,0.205408,0.194404,1.253096,0.157618,0.159807,1.857512,0.161942,0.194331
40.400000,2.055088,2.043602,1.738163,1.881147,1.996878,2.035958,2.026481,1.467096,0.150141,0.205445,0.194213,1.264718,0.157481,0.159461,1.857465,0.160308,0.197627
40.416667,2.055083,2.043180,1.740379,1.881156,1.996878,2.036496,2.026481,1.467126,0.148778,0.205494,0.194085,1.279816,0.157281,0.158725,1.857416,0.158900,0.201295
40.433333,2.055079,2.042764,1.743846,1.881161,1.996877,2.037105,2.026480,1.467175,0.147496,0.205548,0.194010,1.299767,0.157028,0.157722,1.857368,0.157580,0.205144
40.450000,2.055076,2.042459,1.744075,1.881163,1.996876,2.037470,2.026482,1.467243,0.145839,0.205585,0.195165,1.310720,0.156924,0.156767,1.857329,0.156028,0.209205
40.466667,2.055076,2.042282,1.734701,1.881161,1.996876,2.037698,2.026486,1.467317,0.143465,0.205595,0.196770,1.318410,0.156959,0.156392,1.857303,0.154375,0.214644
40.483333,2.055076,2.042022,1.725085,1.881161,1.996876,2.037827,2.026487,1.467364,0.141899,0.205596,0.197887,1.322951,0.156987,0.156218,1.857291,0.153405,0.218918
40.500000,2.055076,2.041818,1.718254,1.881161,1.996875,2.037896,2.026488,1.467389,0.141112,0.205596,0.198499,1.325399,0.156987,0.156122,1.857286,0.152894,0.221399
40.516667,2.055076,2.041690,1.714002,1.881160,1.996848,2.037935,2.026488,1.467403,0.140694,0.205596,0.198836,1.326727,0.156969,0.156073,1.857283,0.152631,0.222796
40.533333,2.055076,2.041606,1.711289,1.881158,1.996748,2.037741,2.026489,1.467410,0.140469,0.205590,0.199017,1.325900,0.156951,0.156052,1.857282,0.152499,0.223577
40.550000,2.055077,2.041632,1.710940,1.881472,1.996654,2.037508,2.026488,1.467412,0.140216,0.208233,0.199155,1.323942,0.156943,0.156099,1.857285,0.152823,0.224615
40.566667,2.055079,2.041682,1.711336,1.881680,1.996536,2.037362,2.026489,1.467415,0.140083,0.210030,0.199256,1.322440,0.156936,0.156179,1.857287,0.153340,0.225442
40.583333,2.055287,2.041623,1.709315,1.881789,1.996400,2.037299,2.026682,1.471776,0.140181,0.211003,0.199838,1.321611,0.156534,0.155773,1.858039,0.153721,0.226024
40.600000,2.053415,2.041868,1.702755,1.881853,1.996254,2.037331,2.027175,1.484203,0.140400,0.211540,0.200966,1.325718,0.155564,0.154656,1.847506,0.153627,0.227672
40.616667,2.050897,2.042319,1.695870,1.881940,1.996102,2.037412,2.027902,1.501363,0.140355,0.212078,0.202559,1.331850,0.154405,0.153183,1.834084,0.153069,0.230583
40.633333,2.048157,2.042692,1.685265,1.882130,1.995947,2.037519,2.028801,1.521632,0.140205,0.213073,0.204476,1.338804,0.152975,0.151395,1.819126,0.152435,0.234967
40.650000,2.045730,2.042791,1.668009,1.882259,1.995790,2.037730,2.029858,1.544294,0.140451,0.213729,0.205891,1.349842,0.151508,0.149633,1.803211,0.151923,0.238197
40.666667,2.044630,2.043038,1.651457,1.882756,1.995635,2.038175,2.031076,1.569164,0.141228,0.218091,0.206956,1.366229,0.149744,0.147559,1.789036,0.151599,0.240219
40.683333,2.044664,2.043312,1.638678,1.884063,1.995482,2.039218,2.033198,1.609333,0.142590,0.230374,0.208066,1.394369,0.146874,0.145077,1.778202,0.151072,0.241982
40.700000,2.045500,2.043523,1.629195,1.892533,1.995323,2.040758,2.035540,1.649627,0.144386,0.236242,0.209897,1.424798,0.143865,0.141914,1.773603,0.150431,0.243362
40.716667,2.046396,2.043783,1.624118,1.902083,1.995161,2.042368,2.037334,1.678959,0.146325,0.243590,0.212270,1.447941,0.141434,0.138541,1.773464,0.149684,0.243854
40.733333,2.047544,2.044106,1.622224,1.911896,1.995011,2.043730,2.038455,1.694717,0.148350,0.253644,0.214289,1.464875,0.139615,0.135546,1.777990,0.149046,0.243208
40.750000,2.048830,2.044610,1.626914,1.922287,1.994850,2.044877,2.039179,1.703218,0.150925,0.262690,0.215956,1.477747,0.138217,0.133003,1.780257,0.148726,0.238573
40.766667,2.050951,2.045096,1.631163,1.924345,1.994698,2.045641,2.039321,1.701702,0.151884,0.268949,0.217012,1.485284,0.137657,0.132395,1.796698,0.148162,0.233056
40.783333,2.052385,2.045875,1.640761,1.924080,1.994670,2.046017,2.038211,1.676577,0.151574,0.275899,0.217978,1.485037,0.137826,0.133629,1.820025,0.148985,0.228625
40.800000,2.053198,2.046622,1.649285,1.923140,1.994813,2.046381,2.036657,1.639882,0.151067,0.283135,0.217162,1.485365,0.138635,0.135538,1.842528,0.150002,0.223981
40.816667,2.053210,2.047275,1.655926,1.921718,1.995018,2.046792,2.034914,1.594503,0.151335,0.288826,0.215275,1.487222,0.139560,0.136890,1.856432,0.150879,0.219263
40.833333,2.053116,2.047863,1.660932,1.919855,1.995234,2.047173,2.033123,1.542091,0.151884,0.292130,0.213415,1.488435,0.140467,0.137805,1.866534,0.151594,0.215257
40.850000,2.052954,2.048383,1.664599,1.917743,1.995446,2.047510,2.031762,1.496857,0.152561,0.294122,0.211661,1.489088,0.141336,0.138447,1.874770,0.152200,0.211819
40.866667,2.052762,2.048907,1.667715,1.915419,1.995650,2.047818,2.031090,1.468748,0.152640,0.295411,0.210080,1.489243,0.142282,0.139097,1.879973,0.152260,0.209910
40.883333,2.052830,2.049365,1.669840,1.913236,1.995787,2.048133,2.030857,1.456371,0.152682,0.296272,0.209055,1.489651,0.143050,0.139462,1.882948,0.152122,0.208875
40.900000,2.053082,2.049835,1.671359,1.911148,1.995862,2.048497,2.030891,1.452231,0.152702,0.296899,0.208522,1.490364,0.143611,0.139646,1.884788,0.151887,0.208344
40.916667,2.053455,2.050286,1.672601,1.909406,1.995904,2.048364,2.031078,1.452508,0.152633,0.298386,0.208094,1.485766,0.144395,0.139742,1.886045,0.151508,0.208326
40.933333,2.054459,2.050640,1.673266,1.908100,1.995936,2.046661,2.030799,1.428121,0.153272,0.303702,0.206927,1.462459,0.145613,0.140148,1.891518,0.151460,0.207363
40.950000,2.055548,2.050978,1.673692,1.906704,1.995915,2.044556,2.030258,1.384938,0.153934,0.306980,0.204602,1.434083,0.146807,0.141506,1.896958,0.151815,0.206259
40.966667,2.056405,2.051298,1.674027,1.905336,1.995817,2.042637,2.029806,1.354876,0.154508,0.308154,0.201044,1.405044,0.148390,0.143472,1.901967,0.152448,0.205362
40.983333,2.057040,2.050717,1.661006,1.904058,1.995718,2.040895,2.029506,1.336453,0.155032,0.307890,0.196789,1.375708,0.150331,0.145894,1.905156,0.153229,0.205416
41.000000,2.057604,2.049109,1.632016,1.903212,1.995616,2.039187,2.029305,1.324342,0.155988,0.307790,0.192459,1.343841,0.152609,0.148642,1.907114,0.154137,0.205268
41.016667,2.056483,2.046792,1.599378,1.902856,1.995501,2.038459,2.029169,1.315803,0.157655,0.307069,0.187417,1.333632,0.154291,0.152171,1.903146,0.156601,0.203043
41.033333,2.055337,2.044989,1.572111,1.902891,1.995394,2.038740,2.029058,1.303978,0.158996,0.305998,0.183758,1.340672,0.153695,0.154626,1.898879,0.159703,0.201598
41.050000,2.054274,2.043065,1.543672,1.903061,1.995299,2.039998,2.028888,1.279387,0.160076,0.304980,0.181561,1.366637,0.152731,0.154758,1.894882,0.160619,0.202877
41.066667,2.053306,2.041462,1.518721,1.903274,1.995211,2.040085,2.028751,1.264839,0.160484,0.304075,0.179708,1.371811,0.152370,0.156057,1.891205,0.161333,0.204439
41.083333,2.052437,2.040057,1.496027,1.903485,1.995127,2.039706,2.028665,1.248445,0.160932,0.303301,0.177077,1.376029,0.152231,0.156919,1.887873,0.162294,0.206571
41.100000,2.051628,2.038866,1.477567,1.903667,1.995046,2.039017,2.028627,1.231065,0.161290,0.302657,0.174679,1.376431,0.152344,0.157387,1.884757,0.162804,0.208901
41.116667,2.050928,2.037967,1.468169,1.903824,1.994971,2.038302,2.028611,1.217173,0.161502,0.302107,0.172236,1.380160,0.152927,0.157459,1.882063,0.162836,0.210909
41.133333,2.050527,2.037305,1.472260,1.904051,1.994900,2.037649,2.028608,1.205797,0.161451,0.301313,0.170208,1.391232,0.153912,0.157009,1.878927,0.162247,0.212001
41.150000,2.050397,2.036637,1.476551,1.904205,1.994834,2.036899,2.028600,1.197412,0.161386,0.300727,0.168155,1.402768,0.155240,0.156582,1.876750,0.161637,0.213151
41.166667,2.050405,2.036273,1.484390,1.904296,1.994773,2.036495,2.028589,1.189149,0.161394,0.300318,0.166333,1.412907,0.155555,0.156469,1.875207,0.161479,0.214361
41.183333,2.050478,2.035853,1.485778,1.904342,1.994721,2.036297,2.028583,1.182999,0.161451,0.300053,0.164973,1.421635,0.155466,0.156386,1.874116,0.161409,0.215650
41.200000,2.050576,2.035687,1.484743,1.904357,1.994676,2.036468,2.028579,1.177835,0.161502,0.299890,0.164023,1.436767,0.155337,0.156452,1.873346,0.161498,0.215781
41.216667,2.050671,2.035562,1.479832,1.904354,1.994638,2.036722,2.028568,1.173709,0.161508,0.299797,0.163415,1.458144,0.155209,0.156559,1.872828,0.161609,0.215130
41.233333,2.050751,2.035394,1.473356,1.904346,1.994605,2.037151,2.028555,1.170810,0.161503,0.299748,0.162876,1.483083,0.155068,0.156695,1.872518,0.161749,0.214164
41.250000,2.050786,2.035193,1.465599,1.904340,1.994580,2.037838,2.028522,1.168199,0.161492,0.299723,0.162448,1.510179,0.154922,0.156828,1.872528,0.161883,0.212977
41.266667,2.050809,2.035018,1.458963,1.904336,1.994563,2.038714,2.028497,1.166573,0.161475,0.299708,0.161973,1.536987,0.154767,0.157008,1.872537,0.162059,0.211929
41.283333,2.050822,2.035028,1.460390,1.904333,1.994553,2.039681,2.028485,1.165780,0.161433,0.299689,0.161554,1.557571,0.154553,0.157147,1.872552,0.162200,0.211084
41.300000,2.050831,2.035147,1.466494,1.904330,1.994546,2.040691,2.028480,1.165427,0.161369,0.299668,0.161424,1.572033,0.154043,0.157191,1.872570,0.162279,0.210322
41.316667,2.050836,2.035296,1.473680,1.904327,1.994542,2.041503,2.028479,1.165304,0.161323,0.299645,0.161634,1.579871,0.152945,0.157209,1.872591,0.162409,0.209806
41.333333,2.050840,2.035511,1.483539,1.904324,1.994538,2.042262,2.028479,1.165306,0.161263,0.299620,0.162189,1.584224,0.151554,0.157166,1.872615,0.162517,0.209307
41.350000,2.050843,2.035809,1.496858,1.904321,1.994536,2.043045,2.028480,1.165361,0.161154,0.299594,0.163126,1.586758,0.150123,0.156994,1.872639,0.162499,0.208696
41.366667,2.050846,2.036204,1.513950,1.904318,1.994534,2.043922,2.028482,1.165442,0.160979,0.299566,0.164370,1.588965,0.148830,0.156631,1.872666,0.162303,0.207948
41.383333,2.050848,2.036721,1.535236,1.904316,1.994533,2.044963,2.028483,1.165520,0.160762,0.299541,0.165757,1.590385,0.147637,0.156255,1.872687,0.162040,0.207110
41.400000,2.050849,2.037370,1.559911,1.904314,1.994534,2.046146,2.028484,1.165588,0.160511,0.299520,0.167433,1.590917,0.146339,0.155959,1.872703,0.161869,0.206066
41.416667,2.050850,2.038270,1.588905,1.904313,1.994534,2.046588,2.028484,1.165546,0.160173,0.299499,0.169549,1.587830,0.145350,0.155273,1.872723,0.161276,0.204980
41.433333,2.050853,2.039184,1.612232,1.904310,1.994533,2.046201,2.028482,1.165359,0.159590,0.299481,0.172067,1.583763,0.144111,0.154376,1.872740,0.160341,0.204838
41.450000,2.050855,2.040078,1.631922,1.904308,1.994531,2.045391,2.028481,1.165126,0.159350,0.299469,0.175042,1.579021,0.142793,0.153233,1.872751,0.159411,0.204939
41.466667,2.050858,2.040801,1.648535,1.904303,1.994528,2.044443,2.028480,1.164911,0.159344,0.299451,0.178455,1.574155,0.140684,0.151385,1.872772,0.158799,0.205714
41.483333,2.050862,2.041318,1.659340,1.904299,1.994524,2.043533,2.028480,1.164719,0.159303,0.299428,0.181823,1.569476,0.138076,0.149035,1.872804,0.158410,0.207535
41.500000,2.050864,2.041646,1.665765,1.904296,1.994523,2.042980,2.028480,1.164601,0.159270,0.299414,0.184734,1.565949,0.136292,0.147103,1.872827,0.158052,0.209074
41.516667,2.050866,2.041823,1.669186,1.904295,1.994522,2.042649,2.028480,1.164548,0.159236,0.299406,0.186415,1.563368,0.135348,0.146059,1.872839,0.157847,0.209915
41.533333,2.050866,2.041919,1.671022,1.904294,1.994522,2.042449,2.028480,1.164523,0.159197,0.299402,0.187343,1.561507,0.134853,0.145506,1.872846,0.157727,0.210371
41.550000,2.050867,2.041971,1.672011,1.904293,1.994522,2.042327,2.028480,1.164512,0.159155,0.299399,0.187855,1.560154,0.134593,0.145214,1.872850,0.157651,0.210616
41.566667,2.050867,2.041999,1.672545,1.904293,1.994521,2.042252,2.028480,1.164508,0.159111,0.299397,0.188139,1.559156,0.134457,0.145060,1.872852,0.157600,0.210747
41.583333,2.050864,2.042015,1.672833,1.904296,1.994527,2.042175,2.028886,1.177872,0.159067,0.299401,0.187107,1.558191,0.134610,0.145000,1.872849,0.157563,0.210817
41.600000,2.050861,2.042023,1.672990,1.904301,1.994533,2.042056,2.029042,1.187286,0.159024,0.299407,0.182582,1.564000,0.135742,0.145190,1.872844,0.157557,0.210854
41.616667,2.051547,2.042021,1.673067,1.904306,1.994541,2.041934,2.028627,1.182244,0.158941,0.299415,0.176721,1.574052,0.137604,0.145576,1.876618,0.157582,0.210852
41.633333,2.052604,2.042265,1.673343,1.904310,1.994548,2.041847,2.027765,1.164518,0.158855,0.299421,0.171901,1.583802,0.139522,0.146008,1.877517,0.157635,0.210892
41.650000,2.054755,2.042823,1.674038,1.904317,1.994418,2.041770,2.027261,1.157201,0.158314,0.299436,0.167521,1.593885,0.141482,0.146643,1.884818,0.157324,0.211463
41.666667,2.057723,2.043388,1.675017,1.906579,1.994347,2.042253,2.027055,1.161207,0.157867,0.299276,0.165942,1.602693,0.142196,0.147518,1.897470,0.156747,0.213212
41.683333,2.059127,2.043893,1.675764,1.909595,1.994193,2.042953,2.027006,1.172520,0.158041,0.298984,0.164363,1.613794,0.142758,0.148245,1.900120,0.156658,0.214361
41.700000,2.059095,2.044357,1.676352,1.912019,1.994007,2.043694,2.027217,1.204313,0.158203,0.298704,0.161474,1.626943,0.144229,0.149421,1.894261,0.156760,0.215033
41.716667,2.058178,2.044802,1.676866,1.914313,1.993860,2.044583,2.027641,1.258737,0.158934,0.298401,0.159660,1.638195,0.143593,0.149822,1.883612,0.158140,0.215559
41.733333,2.057718,2.045393,1.678654,1.915544,1.993694,2.045619,2.028501,1.332707,0.158299,0.298273,0.158394,1.649700,0.142389,0.150583,1.874411,0.158732,0.218812
41.750000,2.057737,2.046073,1.681710,1.917149,1.993504,2.046710,2.029574,1.418298,0.157368,0.309655,0.157097,1.661533,0.141010,0.151691,1.866806,0.159438,0.222248
41.766667,2.058315,2.046792,1.684773,1.918346,1.993300,2.047849,2.030807,1.506712,0.156155,0.319860,0.155795,1.674013,0.139454,0.153070,1.862303,0.160340,0.226467
41.783333,2.059331,2.047505,1.687471,1.917521,1.993296,2.048998,2.031894,1.580601,0.156562,0.329510,0.155972,1.684733,0.137487,0.151705,1.861385,0.160778,0.231258
41.800000,2.058812,2.048111,1.689169,1.916516,1.993291,2.049932,2.032390,1.629069,0.156916,0.338121,0.156147,1.692038,0.136141,0.150867,1.855118,0.161165,0.234497
41.816667,2.057294,2.048633,1.690189,1.915436,1.993289,2.050652,2.032533,1.652402,0.157183,0.346595,0.156396,1.696341,0.135344,0.150406,1.844455,0.161483,0.236208
41.833333,2.055908,2.049111,1.690856,1.914242,1.993290,2.049490,2.032484,1.661723,0.157373,0.354581,0.156859,1.677691,0.135421,0.150189,1.835843,0.161723,0.237055
41.850000,2.054984,2.049571,1.691394,1.912728,1.993309,2.047769,2.032351,1.663622,0.157488,0.360055,0.157514,1.647251,0.135948,0.150125,1.831529,0.161866,0.237545
41.866667,2.054250,2.048926,1.678709,1.909954,1.993379,2.045779,2.032180,1.661654,0.157732,0.365259,0.158338,1.608706,0.136723,0.150157,1.829032,0.161977,0.238735
41.883333,2.053550,2.047393,1.654685,1.907014,1.993455,2.043697,2.031987,1.657575,0.158955,0.369079,0.159337,1.564108,0.137620,0.150269,1.827191,0.162226,0.238532
41.900000,2.053039,2.045927,1.629484,1.904276,1.993526,2.041616,2.031781,1.652235,0.160305,0.371417,0.160512,1.514501,0.138647,0.150515,1.826815,0.163177,0.238234
41.916667,2.052517,2.044643,1.609300,1.902604,1.993696,2.039582,2.031509,1.644961,0.160318,0.364361,0.161948,1.460580,0.140309,0.151304,1.827055,0.163857,0.238417
41.933333,2.052373,2.043728,1.584785,1.900901,1.993983,2.038011,2.030974,1.632525,0.159518,0.351238,0.163407,1.406182,0.141660,0.152501,1.830239,0.163868,0.241631
41.950000,2.052342,2.042760,1.571909,1.899178,1.994263,2.036948,2.030364,1.618286,0.159296,0.339626,0.165048,1.363273,0.142777,0.153603,1.834622,0.164015,0.240049
41.966667,2.052401,2.041715,1.561845,1.897352,1.994533,2.036338,2.029742,1.603036,0.159292,0.328904,0.166477,1.337171,0.144295,0.154822,1.839675,0.164038,0.235362
41.983333,2.052802,2.041104,1.558997,1.895410,1.994791,2.036021,2.029141,1.587230,0.159529,0.318991,0.167605,1.320934,0.146222,0.156430,1.845076,0.163499,0.230597
42.000000,2.053380,2.040590,1.552339,1.893387,1.995034,2.035860,2.028569,1.571146,0.159002,0.309909,0.169024,1.310043,0.147683,0.157423,1.850499,0.162842,0.228750
42.016667,2.054035,2.039575,1.544955,1.891321,1.995266,2.035872,2.028027,1.555002,0.158749,0.301638,0.171651,1.302986,0.148267,0.157560,1.855796,0.164359,0.225688
42.033333,2.054728,2.039070,1.547905,1.889225,1.995481,2.035937,2.027525,1.539010,0.157788,0.294158,0.174269,1.297498,0.149276,0.158466,1.860851,0.165438,0.221975
42.050000,2.055420,2.038785,1.561171,1.887127,1.995679,2.036008,2.027066,1.523357,0.157484,0.287423,0.177105,1.293140,0.150523,0.158608,1.865612,0.165305,0.215223
42.066667,2.055759,2.038500,1.576802,1.885058,1.995862,2.036089,2.026622,1.507405,0.157615,0.281416,0.179844,1.289388,0.151785,0.158776,1.869927,0.165239,0.207898
42.083333,2.055598,2.038266,1.592670,1.883047,1.996028,2.036187,2.026281,1.494414,0.157854,0.276096,0.182816,1.286407,0.152986,0.158867,1.872691,0.165099,0.201212
42.100000,2.055705,2.037802,1.600529,1.881121,1.996178,2.036273,2.026004,1.484730,0.158016,0.271404,0.185627,1.283824,0.154329,0.159074,1.876020,0.165099,0.195260
42.116667,2.055887,2.037199,1.604900,1.879306,1.996312,2.036808,2.025789,1.477260,0.157995,0.267297,0.187240,1.298801,0.155447,0.159227,1.878846,0.165091,0.190609
42.133333,2.056102,2.036667,1.612502,1.877911,1.996429,2.036458,2.025657,1.471966,0.158295,0.263066,0.188897,1.294751,0.155619,0.159249,1.880528,0.165097,0.187579
42.150000,2.056305,2.036677,1.625311,1.876692,1.996522,2.035629,2.025570,1.467920,0.158492,0.259781,0.190540,1.273641,0.155860,0.159279,1.880994,0.165086,0.185605
42.166667,2.056146,2.036971,1.638688,1.875541,1.996593,2.035375,2.025513,1.464705,0.158546,0.257460,0.191134,1.271769,0.155929,0.159264,1.879238,0.165047,0.183977
42.183333,2.055759,2.037468,1.653462,1.874502,1.996650,2.034966,2.025475,1.462114,0.158546,0.255807,0.192733,1.258195,0.155878,0.159042,1.874056,0.164991,0.182708
42.200000,2.055597,2.038050,1.667028,1.873181,1.996699,2.034626,2.025448,1.460071,0.158211,0.255181,0.195168,1.243995,0.155571,0.158508,1.872543,0.164824,0.182004
42.216667,2.055476,2.038766,1.680848,1.872374,1.996726,2.034354,2.025432,1.458554,0.158091,0.254966,0.195811,1.233731,0.156083,0.158626,1.871029,0.164826,0.181338
42.233333,2.055431,2.040010,1.692535,1.871821,1.996745,2.034219,2.025423,1.457516,0.156850,0.254835,0.195328,1.229305,0.156573,0.159167,1.870698,0.164453,0.182484
42.250000,2.055400,2.042349,1.706908,1.871425,1.996760,2.034116,2.025415,1.456910,0.155366,0.254764,0.194845,1.225937,0.156555,0.159209,1.870412,0.165036,0.183854
42.266667,2.055380,2.044804,1.717641,1.871195,1.996768,2.034054,2.025414,1.456616,0.153335,0.254716,0.194548,1.223627,0.156533,0.159118,1.870221,0.164603,0.186221
42.283333,2.055358,2.045503,1.720407,1.871072,1.996773,2.034035,2.025414,1.456484,0.152243,0.254674,0.194381,1.222403,0.156527,0.159062,1.870057,0.164318,0.188183
42.300000,2.055350,2.045372,1.720475,1.871004,1.996774,2.034056,2.025416,1.456456,0.151512,0.254630,0.194512,1.223809,0.156530,0.159016,1.869994,0.164104,0.189135
42.316667,2.055347,2.045558,1.720095,1.870968,1.996775,2.034097,2.025418,1.456461,0.150370,0.254599,0.194550,1.224169,0.156452,0.159062,1.869968,0.163893,0.191096
42.333333,2.055347,2.045872,1.718609,1.870949,1.996774,2.034185,2.025420,1.456490,0.149235,0.254576,0.194574,1.225312,0.156424,0.158964,1.869961,0.163571,0.193671
42.350000,2.055346,2.046174,1.716727,1.870940,1.996774,2.034351,2.025422,1.456522,0.148057,0.254562,0.194178,1.230160,0.156470,0.158930,1.869957,0.163196,0.196627
42.366667,2.055345,2.046441,1.715386,1.870937,1.996773,2.034599,2.025422,1.456540,0.146790,0.254560,0.193935,1.237541,0.156408,0.158805,1.869945,0.162732,0.200316
42.383333,2.055344,2.046749,1.719762,1.870934,1.996772,2.034899,2.025424,1.456557,0.145496,0.254562,0.193506,1.246860,0.156330,0.158726,1.869920,0.162475,0.203692
42.400000,2.055340,2.046245,1.719465,1.870934,1.996770,2.035339,2.025424,1.456591,0.143927,0.254574,0.192733,1.265348,0.156159,0.158535,1.869879,0.161635,0.208017
42.416667,2.055603,2.045663,1.720518,1.870935,1.996769,2.035789,2.025356,1.459896,0.142683,0.254594,0.192566,1.280140,0.155963,0.157803,1.871877,0.160634,0.212896
42.433333,2.055604,2.045076,1.722710,1.870936,1.996767,2.036151,2.025320,1.461795,0.141669,0.254615,0.193217,1.293256,0.155789,0.156690,1.872558,0.159532,0.217379
42.450000,2.055602,2.044485,1.725660,1.870936,1.996767,2.036381,2.025302,1.462879,0.140700,0.254636,0.194692,1.303244,0.155678,0.155411,1.872903,0.158288,0.221176
42.466667,2.055600,2.044020,1.727404,1.870938,1.996766,2.036534,2.025293,1.463505,0.138844,0.254652,0.196658,1.310830,0.155637,0.154394,1.873063,0.155725,0.226211
42.483333,2.055596,2.043774,1.728205,1.870940,1.996766,2.036639,2.025287,1.463873,0.136504,0.254667,0.198829,1.316546,0.155647,0.153614,1.873122,0.152379,0.232565
42.500000,2.055594,2.043613,1.730539,1.870941,1.996765,2.036692,2.025284,1.464077,0.135282,0.254676,0.200215,1.319835,0.155647,0.153147,1.873154,0.150326,0.234793
42.516667,2.055594,2.043513,1.732422,1.870944,1.996785,2.036655,2.025282,1.464185,0.134724,0.254681,0.200980,1.321020,0.155634,0.152891,1.873173,0.149249,0.235314
42.533333,2.055594,2.043451,1.733430,1.870946,1.996722,2.036461,2.025281,1.464244,0.134442,0.254679,0.201413,1.319860,0.155626,0.152754,1.873183,0.148682,0.235533
42.550000,2.055594,2.043417,1.733985,1.870943,1.996588,2.036333,2.025282,1.464276,0.134296,0.254674,0.201674,1.318714,0.155627,0.152683,1.873188,0.148382,0.235610
42.566667,2.055645,2.043399,1.734335,1.870938,1.996444,2.036264,2.025340,1.465797,0.134300,0.254667,0.201957,1.318278,0.155476,0.152488,1.872466,0.148247,0.235540
42.583333,2.055359,2.043394,1.734552,1.870932,1.996289,2.036288,2.025707,1.475339,0.134692,0.254658,0.203040,1.321349,0.154472,0.151344,1.867434,0.148143,0.235620
42.600000,2.053911,2.042994,1.727644,1.870929,1.996128,2.036363,2.026309,1.490057,0.135187,0.254654,0.204721,1.326818,0.153169,0.149681,1.858635,0.147679,0.236180
42.616667,2.051625,2.043049,1.719376,1.870933,1.995972,2.036536,2.027068,1.507906,0.135790,0.254660,0.206036,1.336963,0.151746,0.147896,1.846791,0.147225,0.236857
42.633333,2.048961,2.043359,1.711625,1.870941,1.995806,2.036772,2.027941,1.527837,0.136423,0.254672,0.207129,1.349931,0.150160,0.146114,1.832714,0.146933,0.237441
42.650000,2.047032,2.043708,1.704229,1.870952,1.995638,2.037114,2.028929,1.549396,0.137163,0.254696,0.208384,1.363595,0.148648,0.144236,1.819497,0.146518,0.236948
42.666667,2.046121,2.044039,1.691921,1.870963,1.995464,2.037994,2.030046,1.572408,0.137973,0.254726,0.210018,1.378987,0.147112,0.142283,1.808763,0.146082,0.235881
42.683333,2.045855,2.044574,1.677823,1.870975,1.995291,2.039208,2.032007,1.609238,0.138748,0.254757,0.211693,1.400344,0.145135,0.140462,1.800368,0.145537,0.235068
42.700000,2.046117,2.045107,1.664679,1.871896,1.995123,2.040597,2.034329,1.648429,0.139923,0.263583,0.214035,1.424728,0.142802,0.137672,1.795185,0.144649,0.234551
42.716667,2.046600,2.045498,1.656763,1.881672,1.994952,2.041994,2.036493,1.682567,0.141574,0.266041,0.217105,1.447749,0.140472,0.133874,1.792066,0.143600,0.234521
42.733333,2.047772,2.045835,1.651348,1.894262,1.994779,2.043297,2.038687,1.709201,0.143554,0.266488,0.220238,1.467449,0.138432,0.130209,1.798380,0.143252,0.234666
42.750000,2.049498,2.046139,1.647072,1.905158,1.994605,2.044339,2.040089,1.716167,0.145378,0.260205,0.222737,1.480944,0.137059,0.127692,1.809978,0.143878,0.234619
42.766667,2.051679,2.046445,1.643000,1.907317,1.994440,2.045135,2.040931,1.715730,0.144885,0.248995,0.224710,1.489167,0.136897,0.126978,1.826328,0.143471,0.236930
42.783333,2.053833,2.046731,1.640001,1.905811,1.994353,2.045830,2.040392,1.698532,0.144056,0.238734,0.225120,1.495798,0.137183,0.128079,1.847873,0.143525,0.236627
42.800000,2.055987,2.047378,1.645840,1.901875,1.994503,2.046348,2.039026,1.669039,0.142950,0.231815,0.223443,1.499849,0.138360,0.130419,1.873745,0.144302,0.233576
42.816667,2.057379,2.047983,1.650146,1.897851,1.994717,2.046864,2.037275,1.631016,0.142080,0.228301,0.221457,1.503887,0.139362,0.132622,1.893666,0.145119,0.230687
42.833333,2.057743,2.048471,1.651888,1.895123,1.994950,2.047374,2.035385,1.586525,0.141653,0.226525,0.219330,1.507835,0.140066,0.134135,1.905240,0.145679,0.228543
42.850000,2.057943,2.048945,1.653148,1.892726,1.995183,2.047869,2.033485,1.536789,0.141450,0.225714,0.217262,1.511418,0.140639,0.135247,1.911252,0.146056,0.227333
42.866667,2.058454,2.049399,1.654104,1.890077,1.995406,2.048341,2.031969,1.482303,0.141440,0.225467,0.215337,1.514494,0.141153,0.136127,1.915752,0.146333,0.226177
42.883333,2.059541,2.049782,1.654654,1.887424,1.995606,2.048786,2.030783,1.431194,0.141664,0.225504,0.213671,1.516998,0.141596,0.136829,1.921542,0.146567,0.224160
42.900000,2.060160,2.050106,1.654976,1.884971,1.995724,2.049204,2.030080,1.398439,0.142064,0.225671,0.212693,1.518960,0.141865,0.137253,1.926387,0.146757,0.221537
42.916667,2.059888,2.050447,1.655261,1.882588,1.995789,2.049626,2.029629,1.377654,0.142496,0.225913,0.212183,1.520463,0.142020,0.137498,1.928094,0.146902,0.219154
42.933333,2.059939,2.050796,1.655526,1.880972,1.995832,2.048221,2.029333,1.363056,0.143003,0.229269,0.210320,1.503538,0.142433,0.138476,1.930631,0.147670,0.217041
42.950000,2.059807,2.051117,1.655731,1.879428,1.995856,2.046133,2.029142,1.352159,0.143611,0.232402,0.207852,1.475540,0.143424,0.139801,1.933067,0.148381,0.214913
42.966667,2.059716,2.049841,1.631988,1.878919,1.995867,2.043815,2.029011,1.343728,0.144485,0.233119,0.205054,1.441156,0.145026,0.141354,1.936209,0.148875,0.213442
42.983333,2.059654,2.048350,1.601066,1.879102,1.995792,2.041847,2.028914,1.336205,0.145416,0.232700,0.201232,1.408254,0.146631,0.143447,1.939560,0.149858,0.212261
43.000000,2.059205,2.047005,1.574067,1.879470,1.995666,2.040406,2.028848,1.329681,0.146439,0.231972,0.199683,1.373550,0.148091,0.145497,1.940400,0.150708,0.209851
43.016667,2.058294,2.045700,1.548759,1.879916,1.995558,2.038635,2.028793,1.323918,0.147453,0.231136,0.196253,1.336309,0.150972,0.147822,1.939177,0.151442,0.207647
43.033333,2.057300,2.044118,1.523758,1.880381,1.995457,2.037761,2.028749,1.318637,0.149017,0.230282,0.192219,1.312273,0.153479,0.150346,1.937222,0.152971,0.203645
43.050000,2.056315,2.043018,1.501893,1.880828,1.995357,2.037899,2.028712,1.313828,0.151031,0.229463,0.188387,1.309190,0.153489,0.152573,1.934985,0.155549,0.199152
43.066667,2.055382,2.042069,1.485070,1.881238,1.995266,2.038916,2.028678,1.309408,0.153588,0.228723,0.185730,1.328675,0.152405,0.153029,1.932718,0.158635,0.195312
43.083333,2.054511,2.040770,1.467067,1.881599,1.995183,2.040731,2.028643,1.305304,0.153997,0.228078,0.183790,1.369625,0.153203,0.153523,1.930527,0.157768,0.194765
43.100000,2.053715,2.039754,1.462044,1.881971,1.995108,2.041235,2.028609,1.301646,0.153826,0.227421,0.182725,1.392223,0.153920,0.152968,1.928493,0.157097,0.194205
43.116667,2.053279,2.038744,1.459490,1.882489,1.995036,2.041154,2.028577,1.298407,0.153703,0.226501,0.181946,1.405863,0.154181,0.152494,1.925980,0.156570,0.194073
43.133333,2.053138,2.038075,1.463284,1.882944,1.994968,2.040589,2.028551,1.295537,0.153666,0.225694,0.181172,1.409725,0.153792,0.152424,1.924211,0.156551,0.194435
43.150000,2.053175,2.037403,1.464705,1.883284,1.994905,2.039702,2.028529,1.293007,0.153673,0.225081,0.180319,1.407817,0.153494,0.152396,1.922902,0.156565,0.195219
43.166667,2.053286,2.036797,1.468815,1.883527,1.994848,2.038633,2.028510,1.290850,0.153638,0.224630,0.179252,1.404535,0.153602,0.152225,1.921950,0.156401,0.196103
43.183333,2.053424,2.036297,1.474440,1.883695,1.994797,2.037395,2.028495,1.289050,0.153621,0.224310,0.177831,1.398529,0.154033,0.152156,1.921251,0.156267,0.197254
43.200000,2.053562,2.035884,1.479426,1.883804,1.994752,2.036714,2.028485,1.287601,0.153613,0.224092,0.176307,1.398965,0.154381,0.152133,1.920747,0.156188,0.198268
43.216667,2.053686,2.035564,1.484569,1.883872,1.994715,2.036325,2.028478,1.286498,0.153591,0.223948,0.174904,1.402960,0.154636,0.152076,1.920412,0.156089,0.199252
43.233333,2.053785,2.035354,1.489747,1.883912,1.994685,2.036396,2.028459,1.283109,0.153559,0.223858,0.173480,1.412432,0.154903,0.152049,1.920228,0.156013,0.199939
43.250000,2.053856,2.035224,1.496071,1.883933,1.994663,2.036559,2.028443,1.279407,0.153535,0.223802,0.172063,1.422317,0.155039,0.152057,1.920152,0.155987,0.200699
43.266667,2.053898,2.035190,1.494474,1.883943,1.994648,2.036832,2.028436,1.277468,0.153591,0.223769,0.171096,1.434781,0.154831,0.152350,1.920120,0.156310,0.200872
43.283333,2.053900,2.035132,1.491985,1.883947,1.994638,2.037123,2.028432,1.276470,0.153618,0.223744,0.170403,1.446284,0.154630,0.152530,1.920087,0.156508,0.201007
43.300000,2.053903,2.035240,1.496477,1.883948,1.994632,2.037582,2.028432,1.275986,0.153588,0.223719,0.169662,1.458852,0.154532,0.152608,1.920079,0.156582,0.200978
43.316667,2.053905,2.035425,1.504353,1.883948,1.994627,2.038233,2.028432,1.275781,0.153518,0.223697,0.168950,1.473326,0.154442,0.152611,1.920082,0.156571,0.200785
43.333333,2.053907,2.035705,1.516047,1.883946,1.994623,2.039099,2.028433,1.275731,0.153410,0.223674,0.168285,1.489254,0.154288,0.152557,1.920091,0.156501,0.200444
43.350000,2.053908,2.036105,1.532071,1.883945,1.994620,2.039899,2.028434,1.275744,0.153272,0.223653,0.168146,1.498874,0.153668,0.152396,1.920103,0.156383,0.200072
43.366667,2.053909,2.036590,1.549896,1.883944,1.994619,2.040660,2.028434,1.275787,0.153132,0.223635,0.168814,1.501745,0.152289,0.152112,1.920112,0.156306,0.199617
43.383333,2.053909,2.037234,1.568271,1.883943,1.994619,2.041507,2.028434,1.275832,0.153042,0.223628,0.169939,1.501820,0.150315,0.152068,1.920108,0.156578,0.199125
43.400000,2.053910,2.038042,1.587983,1.883943,1.994620,2.042437,2.028434,1.275882,0.152920,0.223622,0.171693,1.500290,0.148305,0.151996,1.920103,0.156761,0.198458
43.416667,2.053911,2.039016,1.609544,1.883941,1.994618,2.042909,2.028435,1.275844,0.152628,0.223612,0.174628,1.498947,0.145820,0.151590,1.920104,0.156591,0.198162
43.433333,2.053914,2.040129,1.632057,1.883938,1.994617,2.042621,2.028436,1.275715,0.151738,0.223601,0.178022,1.495176,0.143743,0.151255,1.920115,0.155974,0.198184
43.450000,2.053916,2.041338,1.657067,1.883935,1.994615,2.041962,2.028437,1.275573,0.151110,0.223589,0.182048,1.490140,0.141640,0.150397,1.920127,0.155486,0.197964
43.466667,2.053917,2.042374,1.677947,1.883933,1.994613,2.041392,2.028437,1.275434,0.151029,0.223577,0.186820,1.485693,0.139468,0.148097,1.920137,0.155123,0.198178
43.483333,2.053918,2.042986,1.689686,1.883931,1.994613,2.041059,2.028437,1.275347,0.150990,0.223569,0.190361,1.482553,0.138033,0.146278,1.920147,0.154789,0.198711
43.500000,2.053918,2.043320,1.695962,1.883930,1.994613,2.040853,2.028437,1.275307,0.150968,0.223565,0.192357,1.480303,0.137282,0.145296,1.920152,0.154606,0.199001
43.516667,2.053919,2.043498,1.699286,1.883930,1.994613,2.040723,2.028437,1.275287,0.150955,0.223563,0.193457,1.478686,0.136890,0.144774,1.920155,0.154505,0.199163
43.533333,2.053919,2.043595,1.701072,1.883930,1.994612,2.040641,2.028438,1.275279,0.150928,0.223562,0.194062,1.477508,0.136687,0.144496,1.920156,0.154438,0.199258
43.550000,2.053919,2.043647,1.702024,1.883929,1.994612,2.040588,2.028438,1.275277,0.150913,0.223561,0.194394,1.476631,0.136581,0.144346,1.920156,0.154401,0.199310
43.566667,2.053920,2.043674,1.702529,1.883929,1.994612,2.040552,2.028438,1.275277,0.150906,0.223561,0.194576,1.475960,0.136526,0.144266,1.920157,0.154382,0.199337
43.583333,2.053919,2.043688,1.702793,1.883930,1.994613,2.040521,2.028528,1.278683,0.150902,0.223562,0.194410,1.475380,0.136547,0.144226,1.920156,0.154370,0.199351
43.600000,2.054102,2.043693,1.702925,1.883934,1.994619,2.040379,2.028978,1.295496,0.150887,0.223568,0.190419,1.480000,0.137502,0.144371,1.921363,0.154381,0.199356
43.616667,2.054624,2.043697,1.703003,1.883989,1.994627,2.040192,2.028333,1.284982,0.150825,0.224023,0.185036,1.488293,0.139157,0.144725,1.921455,0.154422,0.199560
43.633333,2.056704,2.043780,1.703133,1.884034,1.994638,2.040028,2.028107,1.281341,0.151700,0.224385,0.180554,1.496630,0.141024,0.144208,1.927651,0.154565,0.199885
43.650000,2.059096,2.044375,1.704019,1.884066,1.994513,2.039970,2.028464,1.289440,0.151455,0.224599,0.176732,1.505354,0.142899,0.144033,1.933787,0.153244,0.201508
43.666667,2.060056,2.045110,1.706562,1.886591,1.994455,2.040522,2.029063,1.306589,0.150765,0.224519,0.175142,1.514445,0.143820,0.144198,1.931176,0.152280,0.203795
43.683333,2.059929,2.045785,1.710097,1.889783,1.994292,2.041166,2.029968,1.340909,0.150613,0.224289,0.173579,1.525096,0.144554,0.144856,1.924080,0.151999,0.205035
43.700000,2.060176,2.046376,1.712414,1.892857,1.994068,2.041797,2.030329,1.374063,0.150426,0.224009,0.171224,1.537389,0.145773,0.145978,1.919832,0.152093,0.206101
43.716667,2.060041,2.046998,1.715738,1.895624,1.993915,2.042669,2.030993,1.420442,0.150995,0.228502,0.169474,1.551973,0.144998,0.146774,1.915021,0.153562,0.207056
43.733333,2.059819,2.047530,1.717644,1.897476,1.993757,2.043638,2.031846,1.483861,0.151656,0.234921,0.168157,1.566447,0.143151,0.147305,1.909084,0.154844,0.208311
43.750000,2.059738,2.048139,1.720071,1.898731,1.993576,2.044436,2.032694,1.546589,0.151612,0.241200,0.167638,1.576486,0.141577,0.147510,1.903734,0.155534,0.210393
43.766667,2.059101,2.048870,1.723367,1.898334,1.993512,2.045048,2.033163,1.587284,0.150822,0.247804,0.167698,1.582164,0.140769,0.147742,1.896362,0.155861,0.213142
43.783333,2.057555,2.049483,1.725310,1.897063,1.993510,2.045550,2.033295,1.605092,0.150358,0.254553,0.167805,1.585475,0.140335,0.147923,1.885122,0.156126,0.214773
43.800000,2.055777,2.050034,1.726538,1.895634,1.993517,2.046008,2.033466,1.615221,0.150095,0.261038,0.167912,1.587778,0.140039,0.148068,1.873129,0.156392,0.215778
43.816667,2.053961,2.050543,1.727364,1.894124,1.993515,2.046438,2.033556,1.618830,0.149964,0.267241,0.168028,1.589356,0.139859,0.148187,1.861133,0.156641,0.216357
43.833333,2.052297,2.049894,1.716597,1.892487,1.993519,2.046855,2.034136,1.632261,0.150353,0.272908,0.168073,1.590448,0.139370,0.148372,1.850371,0.157320,0.216777
43.850000,2.050500,2.048349,1.694625,1.890530,1.993534,2.047221,2.034428,1.643419,0.151559,0.276411,0.168113,1.591239,0.138953,0.148544,1.839422,0.158061,0.216238
43.866667,2.048996,2.046747,1.670428,1.888302,1.993560,2.047144,2.034079,1.649365,0.152946,0.278504,0.168238,1.585719,0.138925,0.148836,1.831757,0.159382,0.215639
43.883333,2.048126,2.045605,1.648446,1.885873,1.993591,2.045735,2.033747,1.649441,0.154387,0.279835,0.168745,1.556500,0.139537,0.149276,1.829423,0.160944,0.214916
43.900000,2.047383,2.044224,1.618876,1.883242,1.993639,2.043944,2.033457,1.646128,0.155595,0.280766,0.169639,1.515000,0.140383,0.149644,1.828128,0.162033,0.215539
43.916667,2.047155,2.043301,1.591144,1.880424,1.993700,2.041982,2.032616,1.643463,0.154840,0.281479,0.171019,1.464574,0.141799,0.150738,1.831481,0.162493,0.217884
43.933333,2.047035,2.042733,1.567078,1.877420,1.993776,2.039981,2.031724,1.633302,0.153632,0.282092,0.172698,1.408309,0.143961,0.151827,1.835594,0.161656,0.222935
43.950000,2.046906,2.042438,1.555350,1.875985,1.993946,2.038324,2.030914,1.620044,0.152347,0.275568,0.173976,1.357432,0.145891,0.153522,1.839766,0.160327,0.227595
43.966667,2.047047,2.042491,1.552679,1.874866,1.994221,2.037308,2.030173,1.604914,0.151997,0.264297,0.174909,1.324385,0.147253,0.154969,1.844843,0.159305,0.228786
43.983333,2.047012,2.042750,1.555327,1.873704,1.994477,2.036870,2.029495,1.588720,0.152217,0.254620,0.177604,1.304685,0.147232,0.154378,1.850005,0.157751,0.229886
44.000000,2.047186,2.043341,1.562772,1.872430,1.994723,2.036679,2.028869,1.571906,0.150874,0.245930,0.180158,1.292175,0.147479,0.153972,1.855247,0.156208,0.232967
44.016667,2.047301,2.044168,1.574524,1.871049,1.994956,2.036636,2.028286,1.554660,0.149701,0.238063,0.182935,1.283810,0.147924,0.153404,1.861163,0.154260,0.235359
44.033333,2.047445,2.044124,1.575062,1.869594,1.995177,2.036621,2.027814,1.539511,0.149648,0.230970,0.184730,1.277518,0.148306,0.153556,1.864303,0.154239,0.233001
44.050000,2.047723,2.043389,1.566881,1.868095,1.995383,2.036664,2.027364,1.524084,0.149609,0.224620,0.187008,1.272823,0.149058,0.153669,1.867642,0.155107,0.230607
44.066667,2.048072,2.042564,1.560260,1.866579,1.995572,2.036880,2.026936,1.508584,0.151054,0.218981,0.188565,1.277557,0.150304,0.152986,1.871150,0.157371,0.227425
44.083333,2.048449,2.041953,1.566755,1.865073,1.995745,2.037147,2.026542,1.493470,0.153280,0.213998,0.189998,1.286061,0.151952,0.152429,1.874591,0.159175,0.219686
44.100000,2.048824,2.041458,1.579489,1.863601,1.995900,2.036601,2.026187,1.478965,0.153434,0.209597,0.193301,1.258819,0.154152,0.152685,1.877853,0.159169,0.212006
44.116667,2.049181,2.040795,1.584811,1.862196,1.996039,2.035947,2.025868,1.465323,0.152458,0.205755,0.195946,1.229456,0.156366,0.154443,1.880866,0.159663,0.207736
44.133333,2.049519,2.040061,1.593763,1.860884,1.996162,2.035763,2.025583,1.452688,0.150815,0.202444,0.195642,1.227500,0.156684,0.156525,1.883600,0.160861,0.206467
44.150000,2.049820,2.039261,1.603819,1.859690,1.996271,2.035370,2.025340,1.441628,0.149053,0.199622,0.194814,1.220904,0.156979,0.158798,1.885896,0.162335,0.206542
44.166667,2.050075,2.038301,1.612477,1.858634,1.996364,2.034944,2.025190,1.434452,0.149235,0.197222,0.194380,1.217834,0.156951,0.158871,1.886973,0.162996,0.206163
44.183333,2.050244,2.037613,1.620933,1.857735,1.996442,2.034642,2.025098,1.429801,0.149055,0.195231,0.194118,1.215767,0.156921,0.158846,1.886921,0.162920,0.205775
44.200000,2.050308,2.038404,1.643162,1.857108,1.996497,2.034398,2.025039,1.426657,0.148579,0.193788,0.193728,1.212224,0.156886,0.158819,1.886262,0.162813,0.205088
44.216667,2.050370,2.038665,1.657242,1.856981,1.996527,2.034201,2.025001,1.424530,0.148570,0.192737,0.193329,1.208249,0.156867,0.158805,1.885740,0.162788,0.204438
44.233333,2.050441,2.038411,1.667001,1.856920,1.996545,2.034057,2.024978,1.423172,0.148614,0.192054,0.193162,1.206591,0.156847,0.158790,1.885452,0.162769,0.203453
44.250000,2.050497,2.038448,1.678648,1.856746,1.996560,2.033940,2.024966,1.422409,0.148671,0.191670,0.192934,1.204183,0.156826,0.158775,1.885327,0.162756,0.202529
44.266667,2.050532,2.038773,1.691186,1.856639,1.996569,2.033870,2.024960,1.422018,0.148775,0.191452,0.192702,1.201458,0.156817,0.158771,1.885274,0.162766,0.201516
44.283333,2.050554,2.039274,1.704543,1.856580,1.996573,2.033837,2.024958,1.421828,0.148984,0.191322,0.192519,1.199155,0.156810,0.158768,1.885257,0.162797,0.200185
44.300000,2.050783,2.039983,1.718250,1.856548,1.996575,2.033851,2.024923,1.422508,0.149325,0.191244,0.192413,1.197547,0.156809,0.158765,1.886371,0.162852,0.198486
44.316667,2.051188,2.040896,1.731687,1.856530,1.996574,2.033914,2.024860,1.423953,0.149604,0.191192,0.192403,1.196849,0.156807,0.158703,1.888399,0.162840,0.197041
44.333333,2.051431,2.041703,1.738794,1.856520,1.996574,2.034025,2.024824,1.424837,0.149234,0.191153,0.192512,1.197408,0.156776,0.158532,1.889606,0.162630,0.197650
44.350000,2.051564,2.042387,1.741112,1.856515,1.996573,2.034182,2.024805,1.425340,0.148377,0.191118,0.192728,1.199282,0.156712,0.158276,1.890264,0.162264,0.199848
44.366667,2.051640,2.042839,1.738695,1.856506,1.996570,2.034445,2.024798,1.425620,0.146683,0.191105,0.192418,1.207448,0.156740,0.158836,1.890622,0.162571,0.203475
44.383333,2.051680,2.043736,1.742750,1.856503,1.996569,2.034949,2.024794,1.425799,0.144640,0.191080,0.191884,1.224933,0.156598,0.158586,1.890814,0.161998,0.208894
44.400000,2.051699,2.044557,1.753581,1.856503,1.996567,2.035350,2.024792,1.425908,0.142704,0.191077,0.191663,1.237902,0.156461,0.158176,1.890896,0.161257,0.214849
44.416667,2.051707,2.045236,1.765878,1.856504,1.996566,2.035857,2.024791,1.425985,0.141142,0.191087,0.191406,1.254181,0.156262,0.157504,1.890919,0.160317,0.220581
44.433333,2.051709,2.045829,1.778938,1.856506,1.996565,2.036342,2.024790,1.426047,0.139750,0.191104,0.191405,1.269444,0.156053,0.156681,1.890913,0.159250,0.226144
44.450000,2.051708,2.046279,1.790419,1.856508,1.996565,2.036637,2.024790,1.426124,0.138385,0.191120,0.192509,1.279773,0.155920,0.155597,1.890887,0.157555,0.231556
44.466667,2.051704,2.046562,1.797082,1.856511,1.996565,2.036834,2.024789,1.426192,0.136243,0.191136,0.194249,1.287393,0.155864,0.154685,1.890845,0.154498,0.238707
44.483333,2.051700,2.046781,1.801878,1.856515,1.996565,2.036967,2.024788,1.426252,0.133998,0.191151,0.196174,1.293141,0.155858,0.153973,1.890800,0.151137,0.245596
44.500000,2.051698,2.046767,1.802615,1.856517,1.996564,2.037041,2.024787,1.426287,0.132747,0.191158,0.197332,1.296395,0.155846,0.153556,1.890778,0.149164,0.249648
44.516667,2.051698,2.046765,1.804753,1.856517,1.996564,2.037082,2.024787,1.426308,0.132282,0.191162,0.197966,1.298157,0.155823,0.153331,1.890768,0.148168,0.249928
44.533333,2.051698,2.046763,1.805899,1.856520,1.996561,2.036870,2.024787,1.426319,0.132045,0.191162,0.198336,1.296878,0.155806,0.153213,1.890762,0.147649,0.250068
44.550000,2.052002,2.046762,1.806512,1.856516,1.996400,2.036704,2.024724,1.425994,0.131945,0.191156,0.198564,1.295394,0.155775,0.153141,1.888358,0.147381,0.250147
44.566667,2.052314,2.046763,1.806838,1.856511,1.996242,2.036597,2.024647,1.425636,0.131908,0.191150,0.198704,1.294239,0.155737,0.153095,1.885589,0.147245,0.250192
44.583333,2.052581,2.046764,1.807012,1.856504,1.996081,2.036601,2.024860,1.431256,0.132162,0.191138,0.199999,1.294010,0.154892,0.152097,1.883045,0.147146,0.250253
44.600000,2.052805,2.046767,1.807138,1.856497,1.995912,2.036678,2.025296,1.441824,0.132626,0.191126,0.201516,1.299556,0.153593,0.150461,1.880539,0.146810,0.250520
44.616667,2.052606,2.046772,1.807248,1.856491,1.995735,2.036790,2.026175,1.467652,0.133037,0.191128,0.203518,1.305845,0.152045,0.148593,1.876626,0.146348,0.250926
44.633333,2.053180,2.047294,1.811121,1.856530,1.995558,2.037054,2.027070,1.492465,0.133763,0.191277,0.204596,1.319135,0.150538,0.146813,1.877437,0.145965,0.248444
44.650000,2.054433,2.048503,1.825074,1.856691,1.995383,2.037335,2.027808,1.513443,0.134945,0.191856,0.205821,1.333211,0.149002,0.144938,1.881443,0.145670,0.241116
44.666667,2.055747,2.049431,1.835369,1.856779,1.995214,2.037894,2.028536,1.534100,0.136179,0.192182,0.207293,1.348378,0.147451,0.142985,1.885535,0.145337,0.234740
44.683333,2.057150,2.050215,1.843453,1.857626,1.995035,2.038988,2.029334,1.556327,0.137834,0.199179,0.209479,1.367954,0.145533,0.140061,1.889779,0.144607,0.229205
44.700000,2.057581,2.050999,1.851683,1.866031,1.994854,2.040260,2.030335,1.581618,0.140218,0.203441,0.212212,1.390780,0.143283,0.136339,1.883376,0.143742,0.222782
44.716667,2.057355,2.051740,1.859204,1.876468,1.994676,2.041675,2.031163,1.595752,0.142945,0.209041,0.215337,1.415201,0.140912,0.132309,1.870650,0.142927,0.217026
44.733333,2.057174,2.052415,1.865418,1.889352,1.994500,2.043175,2.032331,1.618096,0.146597,0.215345,0.218632,1.439976,0.138212,0.128278,1.858072,0.143726,0.211945
44.750000,2.057375,2.053084,1.872502,1.900951,1.994329,2.044522,2.033605,1.644355,0.150044,0.216930,0.221487,1.460324,0.136124,0.125520,1.848080,0.145540,0.208181
44.766667,2.058471,2.053802,1.879136,1.904841,1.994162,2.045617,2.034814,1.669217,0.149393,0.216295,0.223743,1.474739,0.135842,0.125461,1.846694,0.145367,0.207858
44.783333,2.059196,2.053219,1.876835,1.902149,1.994182,2.046367,2.035052,1.674305,0.148743,0.215745,0.223699,1.482891,0.136622,0.127136,1.849596,0.145754,0.204773
44.800000,2.059368,2.051828,1.866258,1.896666,1.994377,2.046952,2.034304,1.656823,0.147962,0.216011,0.222214,1.488321,0.137800,0.129903,1.853463,0.146902,0.200939
44.816667,2.059534,2.050397,1.852616,1.892820,1.994616,2.047427,2.033208,1.628336,0.146777,0.216371,0.220326,1.491674,0.139008,0.133235,1.859804,0.148763,0.197650
44.833333,2.059811,2.048933,1.836213,1.889669,1.994866,2.047878,2.032004,1.585781,0.145214,0.216749,0.218359,1.494713,0.140302,0.137061,1.869739,0.150916,0.194833
44.850000,2.059851,2.047436,1.816936,1.886679,1.995109,2.048308,2.031010,1.536879,0.143960,0.217168,0.216442,1.497695,0.141481,0.140717,1.878598,0.153193,0.192366
44.866667,2.059393,2.045987,1.793701,1.883927,1.995339,2.048749,2.030083,1.490498,0.143439,0.217561,0.214649,1.500387,0.142419,0.143616,1.883021,0.155200,0.190249
44.883333,2.058058,2.045151,1.761148,1.881088,1.995545,2.049186,2.029454,1.460554,0.143635,0.217957,0.213094,1.502637,0.143081,0.145418,1.880914,0.156427,0.189525
44.900000,2.057254,2.044317,1.722822,1.878456,1.995667,2.049607,2.029100,1.441424,0.144301,0.218319,0.212217,1.504445,0.143622,0.146148,1.880869,0.156810,0.189573
44.916667,2.057221,2.043317,1.680219,1.876113,1.995736,2.050015,2.028874,1.428005,0.145096,0.218642,0.211774,1.505832,0.143986,0.146457,1.883244,0.156963,0.189912
44.933333,2.057710,2.042277,1.634300,1.875135,1.995778,2.048573,2.028718,1.417518,0.145930,0.218801,0.210134,1.487910,0.144867,0.147459,1.886929,0.157415,0.190359
44.950000,2.058614,2.041290,1.586635,1.876860,1.995803,2.046423,2.028608,1.408869,0.146930,0.219140,0.207865,1.458180,0.145856,0.148940,1.892036,0.158500,0.189563
44.966667,2.058390,2.040604,1.549515,1.878158,1.995815,2.044031,2.028525,1.401320,0.148142,0.218721,0.205302,1.421500,0.147464,0.150563,1.896312,0.159338,0.188637
44.983333,2.058214,2.040082,1.526846,1.879211,1.995743,2.041979,2.028458,1.394582,0.149125,0.217898,0.201391,1.385033,0.149708,0.152887,1.901033,0.160113,0.187337
45.000000,2.058182,2.039773,1.512327,1.880103,1.995619,2.040236,2.028405,1.388692,0.149812,0.216926,0.197911,1.348066,0.152382,0.155471,1.904272,0.160779,0.186554
45.016667,2.058362,2.039649,1.502548,1.881081,1.995507,2.039390,2.028366,1.383004,0.150243,0.215599,0.194606,1.324103,0.154375,0.157871,1.906243,0.161473,0.186524
