t0,t1,t2,t3,t4,t5
3.162381216208822732e-01,8.598811749490707645e-02,9.136237483833879736e-02,3.360030042221875957e-01,8.498790771945572420e-01,1.065725631968757448e+01
3.161627116082149080e-01,8.739120881727986678e-02,9.285315936835977779e-02,3.359228810837286971e-01,8.490556004159626191e-01,1.093524246269626765e+01
3.107320736935285099e-01,9.120736592349515393e-02,9.690782629371368084e-02,3.301528282993739793e-01,8.465632953863094778e-01,1.118095019398128365e+01
3.016595100911670380e-01,9.667671433600538711e-02,1.027190089820056856e-01,3.205132294718650021e-01,8.441911337050987951e-01,1.142035239012395031e+01
2.932827750765503727e-01,1.030777945019066277e-01,1.095201566582758856e-01,3.116129485188347537e-01,8.417187602365097110e-01,1.164341946689830998e+01
2.830506493953211522e-01,1.095924617554071279e-01,1.164419906151200890e-01,3.007413149825288179e-01,8.388914389207302591e-01,1.184308980827345614e+01
2.715292490204849196e-01,1.176541456054245177e-01,1.250075297057635926e-01,2.884998270842650814e-01,8.355390221787869498e-01,1.202808907191572274e+01
2.669691827408814944e-01,1.216508829417605880e-01,1.292540631256206829e-01,2.836547566621862027e-01,8.343505993230654338e-01,1.222175982516066206e+01
2.649964022540787223e-01,1.218473200715955718e-01,1.294627775760702204e-01,2.815586773949584898e-01,8.364280390558551659e-01,1.232143068566415245e+01
2.693093768748022199e-01,1.146139966302772012e-01,1.217773714196695861e-01,2.861412129294771400e-01,8.412596718024837328e-01,1.234871044683640839e+01
2.760254440498641770e-01,1.061537806586276972e-01,1.127883919497918996e-01,2.932770343029806881e-01,8.468221922594922901e-01,1.241942469287817197e+01
2.846268635398138680e-01,9.913054925034739395e-02,1.053262085784940211e-01,3.024160425110523076e-01,8.514500512517551023e-01,1.255806087460690534e+01
2.927811192543341434e-01,9.440388901842114433e-02,1.003041320820724641e-01,3.110799392077299719e-01,8.525207119131129607e-01,1.283221724783396844e+01
3.053356805634139248e-01,8.990575244087206652e-02,9.552486196842663313e-02,3.244191605986274651e-01,8.536444365883576468e-01,1.295557419139335664e+01
3.114574549889733146e-01,8.850154749476481231e-02,9.403289421318776486e-02,3.309235459257840462e-01,8.540595668407278129e-01,1.309857888654207336e+01
3.181960558278217333e-01,9.061512157932817557e-02,9.627856667803613711e-02,3.380833093170606540e-01,8.521457909695775434e-01,1.328894538127202196e+01
3.163509155548622775e-01,9.402692211091558117e-02,9.990360474284784575e-02,3.361228477770410450e-01,8.491875283931578089e-01,1.344691347810391946e+01
3.112664553321699556e-01,9.869426314852922100e-02,1.048626545953121464e-01,3.307206087904306924e-01,8.470764378555389884e-01,1.357738845275545003e+01
3.006622736235870508e-01,1.027204781594806132e-01,1.091405080444482617e-01,3.194536657250610090e-01,8.455039554081248410e-01,1.379859759955905041e+01
2.833106340188606409e-01,1.098019955050842794e-01,1.166646202241521935e-01,3.010175486450390459e-01,8.436010930220537718e-01,1.397289785604508161e+01
2.693883344078763509e-01,1.168530031201563957e-01,1.241563158151662294e-01,2.862251053083685326e-01,8.403647483804567164e-01,1.413678862210586828e+01
2.696989368751738780e-01,1.203051482259940991e-01,1.278242199901186704e-01,2.865551204298723009e-01,8.374081751565859433e-01,1.427159439575877009e+01
2.757654244594453519e-01,1.233008753193897133e-01,1.310071800268516329e-01,2.930007634881605649e-01,8.340002039753788843e-01,1.438975762347799936e+01
2.786272696373608415e-01,1.300642055608410841e-01,1.381932184083936033e-01,2.960414739896957692e-01,8.286215362140838536e-01,1.448914246024231112e+01
2.807555579114030531e-01,1.378403080942335601e-01,1.464553273501231767e-01,2.983027802808658202e-01,8.251724851430999319e-01,1.455595648046276125e+01
2.791608444802839428e-01,1.387859658124439566e-01,1.474600886757216622e-01,2.966083972603016372e-01,8.244046285222552672e-01,1.460830036500091644e+01
2.762836553600409584e-01,1.395548194541066378e-01,1.482769956699881708e-01,2.935513838200436987e-01,8.245871944620122296e-01,1.468697691620243262e+01
2.715467040432099077e-01,1.381457587365583217e-01,1.467798686575931266e-01,2.885183730459107698e-01,8.275022711398040132e-01,1.470878721061981231e+01
2.693955826867915349e-01,1.318884436084849510e-01,1.401314713340153784e-01,2.862328066047156727e-01,8.336267046966345795e-01,1.472424882210038000e+01
2.715897565663047408e-01,1.228639036157640196e-01,1.305428975917492240e-01,2.885641163516987073e-01,8.398389606563536613e-01,1.475124093122417079e+01
2.715295314466655840e-01,1.156530550413073927e-01,1.228813709813891542e-01,2.885001271620820651e-01,8.459274046882450104e-01,1.476651136053549607e+01
2.683937793888235279e-01,1.120807402847091294e-01,1.190857865525034864e-01,2.851683906006248215e-01,8.492299894998591725e-01,1.480502526427438781e+01
2.726901903701647867e-01,1.064506679600915606e-01,1.131038347075973421e-01,2.897333272682998118e-01,8.517100019507056752e-01,1.487245591915962706e+01
2.813701609148439031e-01,1.002808352073418646e-01,1.065483874078006904e-01,2.989557959720217095e-01,8.536682135196429488e-01,1.495573519195874646e+01
2.865132484670408486e-01,9.704106741249204915e-02,1.031061341257727415e-01,3.044203264962310196e-01,8.544881771576150475e-01,1.499494867533605280e+01
2.964796091388713917e-01,9.647377403793409856e-02,1.025033849153050708e-01,3.150095847100509161e-01,8.532127219867602363e-01,1.510619812153984043e+01
3.025131186563698171e-01,9.831907535691417066e-02,1.044640175667212040e-01,3.214201885723930729e-01,8.506313628933624971e-01,1.521794293067912740e+01
2.979622336324338483e-01,1.045233469028114537e-01,1.110560560842373257e-01,3.165848732344606620e-01,8.470028599694666704e-01,1.518944205632065803e+01
2.913064038840145753e-01,1.135180611607190387e-01,1.206129399832638754e-01,3.095130541267656632e-01,8.424170429531778748e-01,1.521773390988422747e+01
2.837511975962803135e-01,1.199936791791828272e-01,1.274932841278817452e-01,3.014856474460474445e-01,8.382865716643798093e-01,1.529167657010813741e+01
2.764283004324917803e-01,1.265367141664520134e-01,1.344452588018553163e-01,2.937050692095224957e-01,8.331937311262617163e-01,1.534158432533988048e+01
2.700834239423683947e-01,1.338345396013572719e-01,1.421991983264419834e-01,2.869636379387666691e-01,8.306451147664234425e-01,1.535123781380305985e+01
2.704218147701024089e-01,1.397103822549865815e-01,1.484422811459233660e-01,2.873231781932339413e-01,8.268847808919114195e-01,1.537941285072151310e+01
2.733711275686035447e-01,1.474801426656198178e-01,1.566976515822208760e-01,2.904568230416414987e-01,8.209288254414683905e-01,1.543548897614014592e+01
2.751843326339992180e-01,1.529020736550008031e-01,1.624584532584383845e-01,2.923833534236242593e-01,8.175095632337198159e-01,1.552609464742336520e+01
2.778067277417716197e-01,1.537779373911057901e-01,1.633890584780499922e-01,2.951696482256322973e-01,8.166385205379866896e-01,1.560966297327809116e+01
2.822909274062368468e-01,1.492090952712950003e-01,1.585346637257508684e-01,2.999341103691266497e-01,8.171103675918164333e-01,1.557746616080155988e+01
2.875290275735913892e-01,1.455779924995271313e-01,1.546766170307476984e-01,3.054995917969408614e-01,8.194893731199822673e-01,1.542820273708080059e+01
2.901608974577455369e-01,1.379832668250301764e-01,1.466072210015946231e-01,3.082959535488545288e-01,8.244006876643393822e-01,1.532124695111469137e+01
2.899875959064891484e-01,1.285609933808614658e-01,1.365960554671651894e-01,3.081118206506446855e-01,8.312201741466076488e-01,1.533428332960630236e+01
2.861943508020124982e-01,1.198339343484760983e-01,1.273235552452559594e-01,3.040814977271382724e-01,8.389247601509408625e-01,1.538609467360776861e+01
2.865770334681610465e-01,1.128662218455905170e-01,1.199203607109398800e-01,3.044880980599211084e-01,8.453686156098346727e-01,1.546627092076619192e+01
2.837761797166319377e-01,1.093187122758922242e-01,1.161511317931356313e-01,3.015121909489212326e-01,8.484510320075113743e-01,1.559632477088323732e+01
2.839222208177773488e-01,1.041248233125997708e-01,1.106326247696372417e-01,3.016673596188885753e-01,8.519090335263723723e-01,1.575896492886263189e+01
2.841016744096569457e-01,1.008212980886714766e-01,1.071226292192133944e-01,3.018580290602603799e-01,8.539888288026832308e-01,1.587766932424492872e+01
2.817740439782692174e-01,1.007878337458460172e-01,1.070870733549613013e-01,2.993849217269113350e-01,8.542914547177766771e-01,1.598455044951552040e+01
2.830082854902257750e-01,1.021008660194982764e-01,1.084821701457168164e-01,3.006963033333650559e-01,8.523937170188453649e-01,1.613385608974115470e+01
2.780290735384464695e-01,1.074753178456607644e-01,1.141925252110146810e-01,2.954058906345991553e-01,8.486137697842996985e-01,1.622433310237475368e+01
2.680490319027227231e-01,1.146633067981935872e-01,1.218297634730806933e-01,2.848020963966427788e-01,8.459012481291473540e-01,1.627800066731997219e+01
2.623951780411966639e-01,1.202831897032693997e-01,1.278008890597235880e-01,2.787948766687717295e-01,8.418265954451984445e-01,1.627445407507130071e+01
2.584576292866515579e-01,1.252360216395923820e-01,1.330632729920669666e-01,2.746112311170671449e-01,8.373096072753338781e-01,1.627784392404926095e+01
2.526022187952888243e-01,1.311926064255586888e-01,1.393921443271559923e-01,2.683898574699944417e-01,8.340073245162111792e-01,1.619087689237116123e+01
2.563944216894920025e-01,1.347400865521604651e-01,1.431613419616704630e-01,2.724190730450853914e-01,8.302768726057475623e-01,1.608502527360519352e+01
2.607246279565647584e-01,1.394639374844392210e-01,1.481804335772166636e-01,2.770199172038504964e-01,8.238818440858890479e-01,1.605762239591523155e+01
2.608054642722400507e-01,1.428271443251996897e-01,1.517538408455247068e-01,2.771058057892548665e-01,8.200611577772738414e-01,1.608343888501780583e+01
2.587517293179748545e-01,1.445205920854964465e-01,1.535531290908399016e-01,2.749237124003482413e-01,8.188478914998243985e-01,1.615921835726359745e+01
2.656981314217483625e-01,1.439849617499245893e-01,1.529840218592949663e-01,2.823042646356074270e-01,8.196400321921860632e-01,1.621257997713312093e+01
2.776025212882818338e-01,1.405446746947492942e-01,1.493287168631710349e-01,2.949526788687995005e-01,8.217784672733162710e-01,1.611099910580707473e+01
2.826421316921541860e-01,1.331705452043527305e-01,1.414937042796247935e-01,3.003072649229137636e-01,8.270206820264435210e-01,1.602933515477334936e+01
2.810767828009982927e-01,1.232639703966517675e-01,1.309679685464424925e-01,2.986440817260605507e-01,8.344889877239459741e-01,1.604827867600452862e+01
2.771495759653237467e-01,1.138476473075895057e-01,1.209631252643136590e-01,2.944714244631567723e-01,8.423256446284614896e-01,1.611422900295946192e+01
2.787003845355193188e-01,1.081225785921582638e-01,1.148802397541681397e-01,2.961191585689895156e-01,8.467919880986876091e-01,1.621806036619596014e+01
2.801529577544760730e-01,1.059582331289562890e-01,1.125806226995160753e-01,2.976625176141309836e-01,8.473856526332422812e-01,1.634916707663240132e+01
2.809072647491626107e-01,1.035733453317170538e-01,1.100466794149493888e-01,2.984639687959851906e-01,8.505823161189614012e-01,1.654731227944517968e+01
2.798496574807348702e-01,1.014905727242168404e-01,1.078337335194805430e-01,2.973402610732807649e-01,8.526868438270350792e-01,1.667074515050357775e+01
2.765152843167295038e-01,1.032780795565631099e-01,1.097329595288485116e-01,2.937974895865247404e-01,8.525744306814053708e-01,1.677235811235530960e+01
2.770644818973265755e-01,1.079900498725184788e-01,1.147394279895509739e-01,2.943810120159093269e-01,8.500154209708558062e-01,1.691554863759901295e+01
2.724432052121130710e-01,1.109623403314024814e-01,1.178974866021150480e-01,2.894709055378701379e-01,8.473243931455057831e-01,1.707185708837598170e+01
2.622751613090594791e-01,1.180360698843185979e-01,1.254133242520885094e-01,2.786673588908755161e-01,8.453352390674502281e-01,1.716491514648752315e+01
2.519842869964173948e-01,1.250232087066254771e-01,1.328371592507897048e-01,2.677333049336931836e-01,8.419356954358003797e-01,1.719102758850021573e+01
2.474904230547238237e-01,1.303071958358359983e-01,1.384513955755756476e-01,2.629585744956443039e-01,8.376215256964554268e-01,1.714773582476192360e+01
2.496532648881154559e-01,1.344471369922869142e-01,1.428500830543048827e-01,2.652565939436226650e-01,8.337484693876232589e-01,1.706545351717819514e+01
2.535185612658547027e-01,1.373721826863414097e-01,1.459579441042377634e-01,2.693634713449705731e-01,8.291555734686075763e-01,1.701193839678743558e+01
2.580842078139959916e-01,1.417257702496078353e-01,1.505836308902082088e-01,2.742144708023709909e-01,8.220951194907144544e-01,1.705059288088372327e+01
2.593967848968487533e-01,1.458018287203613761e-01,1.549144430153839014e-01,2.756090839529016789e-01,8.176682929294044611e-01,1.708909146916968780e+01
2.606735737347983806e-01,1.465687269648668078e-01,1.557292724001709816e-01,2.769656720932233696e-01,8.155144588699902997e-01,1.714426543325338059e+01
2.686444427473228536e-01,1.464134167861844971e-01,1.555642553353208946e-01,2.854347204190308407e-01,8.161531845510611172e-01,1.717643190708019318e+01
2.813396433719060896e-01,1.416773238829643899e-01,1.505321566256497268e-01,2.989233710826500467e-01,8.184151123148132312e-01,1.706946810674383741e+01
2.909196054102336504e-01,1.339561067819759754e-01,1.423283634558495936e-01,3.091020807483729760e-01,8.229549407206369072e-01,1.700096082833724154e+01
2.888178711993252268e-01,1.247575011714586735e-01,1.325548449946747642e-01,3.068689881492832616e-01,8.304718753199208381e-01,1.702073164593924304e+01
2.887967321696979783e-01,1.169195990700202803e-01,1.242270740118965461e-01,3.068465279303039250e-01,8.373649715533340032e-01,1.707529830316056874e+01
2.849290333129326780e-01,1.098024702338610409e-01,1.166651246234773065e-01,3.027370978949911473e-01,8.430102795028711071e-01,1.716618583059677050e+01
2.800507115765706878e-01,1.066625339712637954e-01,1.133289423444678728e-01,2.975538810501061060e-01,8.446905363140378986e-01,1.730325837239117348e+01
2.787601193178343428e-01,1.023663705782970196e-01,1.087642687394404228e-01,2.961826267751994646e-01,8.488677144826443088e-01,1.756465436578668360e+01
2.757123256961310775e-01,9.738059627485790015e-02,1.034668835420363558e-01,2.929443460521395370e-01,8.516788017632390684e-01,1.770506997480237388e+01
2.715044156850607293e-01,9.619089854494927705e-02,1.022028297040087075e-01,2.884734416653769173e-01,8.524363433403654433e-01,1.781825781230600469e+01
2.681178760043989584e-01,1.012024085672032087e-01,1.075275591026534083e-01,2.848752432546738378e-01,8.500299535839953569e-01,1.798038305838313633e+01
2.620229502355786999e-01,1.067433074745037652e-01,1.134147641916601335e-01,2.783993846253027260e-01,8.461361143815246955e-01,1.801120623553928368e+01
2.563088728813808226e-01,1.113332864880130640e-01,1.182916168935138346e-01,2.723281774364670893e-01,8.426372720402478533e-01,1.803567170159751498e+01
2.500530762181505939e-01,1.156318732385175768e-01,1.228588653159248950e-01,2.656813934817850997e-01,8.386618584012865973e-01,1.806080435761989023e+01
2.423951833796552102e-01,1.204664502187191427e-01,1.279956033573890761e-01,2.575448823408837962e-01,8.351708912684120412e-01,1.801516139241900305e+01
2.368654788248204524e-01,1.262561593533032267e-01,1.341471693128846177e-01,2.516695712513717931e-01,8.327422665131043455e-01,1.791845028364728520e+01
2.317999578995197374e-01,1.320753848532252306e-01,1.403300964065518630e-01,2.462874552682396412e-01,8.305635975047120922e-01,1.790966484198662911e+01
2.296579626923384576e-01,1.396912018829355451e-01,1.484219020006191381e-01,2.440115853606094343e-01,8.262997212569748173e-01,1.796655939802772295e+01
2.397237159145150232e-01,1.408030200855159286e-01,1.496032088408607019e-01,2.547064481591721496e-01,8.225203450010184492e-01,1.798088207536036265e+01
2.547009642609780466e-01,1.406878147731140116e-01,1.494808031964336981e-01,2.706197745272893584e-01,8.212016573139645503e-01,1.801478882683496252e+01
2.709982883854109015e-01,1.387488455114048169e-01,1.474206483558675451e-01,2.879356814094993222e-01,8.213875496978202406e-01,1.810700284073123001e+01
2.858857500360861281e-01,1.366379459203544144e-01,1.451778175403765081e-01,3.037536094133414522e-01,8.232040077228967023e-01,1.817328072282341012e+01
3.004825802330567952e-01,1.285700808282709551e-01,1.366057108800378950e-01,3.192627414976229594e-01,8.260772106542781934e-01,1.817720327434740923e+01
3.067320301232973612e-01,1.182695089229628405e-01,1.256613532306480596e-01,3.259027820060034220e-01,8.316383313979229808e-01,1.819074426701157776e+01
3.070132746643791655e-01,1.109904116268014412e-01,1.179273123534763518e-01,3.262016043309030611e-01,8.369996746622392347e-01,1.824323087516185282e+01
3.091784732036131356e-01,1.050040977179119844e-01,1.115668538252813924e-01,3.285021277788391925e-01,8.404221622107533873e-01,1.829742261387898594e+01
3.144396245277837898e-01,1.041587254833306470e-01,1.106686458260387335e-01,3.340921010607706965e-01,8.406815035464967334e-01,1.847560850869795246e+01
3.225101612806839935e-01,9.850057983035059861e-02,1.046568660697475978e-01,3.426670463607265904e-01,8.416072400735217229e-01,1.877266821804103358e+01
3.222761371183699985e-01,9.175812962906139403e-02,9.749301273087758457e-02,3.424183956882685398e-01,8.424610326532420146e-01,1.893997384589629718e+01
3.128414629862692475e-01,8.847849525704137852e-02,9.400840121060631549e-02,3.323940544229112559e-01,8.432836147115446712e-01,1.906180217014830802e+01
2.997246757486266566e-01,9.136703314069463677e-02,9.707747271198803596e-02,3.184574679829155208e-01,8.425688714686819791e-01,1.916218006339680002e+01
2.882335505268281417e-01,9.497554363847390824e-02,1.009115151158785917e-01,3.062481474347546473e-01,8.405157504929977597e-01,1.922256394715993366e+01
2.789452134112969661e-01,9.967253430308063711e-02,1.059020676970230945e-01,2.963792892495030196e-01,8.385052572194684473e-01,1.929255584594144679e+01
2.702304529898059138e-01,1.053114991925239163e-01,1.118934678920565778e-01,2.871198563016687522e-01,8.341168906494245139e-01,1.923240177138065476e+01
2.576387475638060587e-01,1.139465166843302013e-01,1.210681739771008181e-01,2.737411692865442947e-01,8.305256884305642906e-01,1.912713365592540882e+01
2.545877120782977232e-01,1.200196964103319164e-01,1.275209274359777045e-01,2.704994440831912095e-01,8.280346544774734863e-01,1.895434495258967900e+01
2.550515750197149822e-01,1.237998361440207917e-01,1.315373259030220565e-01,2.709922984584471894e-01,8.249738534994525141e-01,1.880929283925554785e+01
2.556411340195144932e-01,1.297709302916747187e-01,1.378816134349044042e-01,2.716187048957341421e-01,8.207462494082612414e-01,1.872405598363516432e+01
2.541221621926343932e-01,1.349870310186866706e-01,1.434237204573545477e-01,2.700047973296740844e-01,8.181390039379337065e-01,1.866480715456852124e+01
2.525185686674144558e-01,1.392546249264317304e-01,1.479580389843336841e-01,2.683009792091279322e-01,8.172099698564885273e-01,1.866540908180586555e+01
2.617086919990584959e-01,1.366552811873110451e-01,1.451962362615178970e-01,2.780654852489999884e-01,8.187937046767701510e-01,1.866944185883670215e+01
2.788703626540359748e-01,1.299779816610517891e-01,1.381016055148674704e-01,2.962997603199133412e-01,8.209751306742277821e-01,1.861272807198212575e+01
2.906635127180696720e-01,1.225433004645484075e-01,1.302022567435828226e-01,3.088299822629486102e-01,8.250990623355536346e-01,1.860328999240227077e+01
2.976294953812534949e-01,1.162683108377693120e-01,1.235350802651299651e-01,3.162313388425816996e-01,8.296396699844467149e-01,1.860844685765732720e+01
3.019135655596917878e-01,1.109099811196165991e-01,1.178418549395926218e-01,3.207831634071726667e-01,8.331460289453537227e-01,1.862880335243541197e+01
3.012007182568542385e-01,1.068584331103127061e-01,1.135370851797070924e-01,3.200257631479078158e-01,8.347785482018499348e-01,1.866914839021748307e+01
3.005443808260336858e-01,1.045952734531335887e-01,1.111324780439544441e-01,3.193284046276608779e-01,8.343875387837873525e-01,1.871255934364068807e+01
3.104395708236281082e-01,9.980134030705324621e-02,1.060389240762440871e-01,3.298420440001048615e-01,8.348214398254460988e-01,1.886476550371965644e+01
3.071043010740104329e-01,9.771428129742705526e-02,1.038214238785162280e-01,3.262983198911360572e-01,8.358201203451217642e-01,1.903143081761563238e+01
2.996987263953910241e-01,9.765143270261085473e-02,1.037546472465240566e-01,3.184298967951030290e-01,8.353190655168930556e-01,1.917254224850396938e+01
2.944833648458187736e-01,1.001587380889972373e-01,1.064186592195595360e-01,3.128885751486824018e-01,8.327130493484927731e-01,1.932710715577088934e+01
2.895320041981214176e-01,1.041680854575764842e-01,1.106785907986749390e-01,3.076277544605042213e-01,8.296495108147895481e-01,1.942248374956667334e+01
2.790914710027124768e-01,1.125499026486885407e-01,1.195842715642315285e-01,2.965346879403821245e-01,8.263450032276719037e-01,1.945549703698027599e+01
2.682233573105852198e-01,1.201585647210040575e-01,1.276684750160668458e-01,2.849873171424968654e-01,8.226449001982731879e-01,1.948348972379510968e+01
2.615004113891014059e-01,1.264912144306616637e-01,1.343969153325780541e-01,2.778441871009201813e-01,8.182809056949219562e-01,1.947831848974189484e+01
2.612817973668901117e-01,1.296910409385761964e-01,1.377967309972372156e-01,2.776119097023208582e-01,8.153235946759670449e-01,1.943258926124384089e+01
2.621066136626578613e-01,1.332402013897679705e-01,1.415677139766284287e-01,2.784882770165739152e-01,8.118288673146888401e-01,1.942405014580826261e+01
2.621050336642107847e-01,1.374228119250185121e-01,1.460117376703320979e-01,2.784865982682238617e-01,8.066156333915470711e-01,1.949566922771669653e+01
2.640160164171954649e-01,1.406475007297906810e-01,1.494379695254025031e-01,2.805170174432704555e-01,8.040847197699854121e-01,1.959348557150807224e+01
2.673046751259219866e-01,1.425134616725715897e-01,1.514205530271074684e-01,2.840112173212919200e-01,8.039324272286147988e-01,1.967627064437904494e+01
2.780328836134746129e-01,1.417387029345124061e-01,1.505973718679194662e-01,2.954099388393169878e-01,8.054889018650382981e-01,1.976644312192040687e+01
2.938571233705162822e-01,1.372140279830937060e-01,1.457899047320369290e-01,3.122231935811737857e-01,8.071002664697116691e-01,1.977887038289266997e+01
3.050412676819299618e-01,1.293897869973265891e-01,1.374766486846594749e-01,3.241063469120505913e-01,8.112842358237170037e-01,1.982592376371742304e+01
3.112179545948962067e-01,1.224861796407811509e-01,1.301415658683300058e-01,3.306690767570772405e-01,8.169363455670208829e-01,1.986082835937006408e+01
3.194381400715558539e-01,1.170331230280794166e-01,1.243476932173346039e-01,3.394030238260276056e-01,8.206099146950690537e-01,1.987242026676465301e+01
3.232285410641029810e-01,1.108648594693849437e-01,1.177939131862214828e-01,3.434303248806096498e-01,8.240770234097577474e-01,1.994560853516502874e+01
3.308898212416169771e-01,1.075143006341372359e-01,1.142339444237708279e-01,3.515704350692179236e-01,8.238327090328513291e-01,2.009355660085462247e+01
3.420585505433946238e-01,1.019916562675763361e-01,1.083661347842999334e-01,3.634372099523566213e-01,8.233562481175813463e-01,2.028868352857862689e+01
3.423246770312446952e-01,9.891527699947560981e-02,1.050974818119428111e-01,3.637199693456976690e-01,8.220453987826759068e-01,2.041423213848652551e+01
3.330942371071249353e-01,9.743725460925777015e-02,1.035270830223363331e-01,3.539126269263201952e-01,8.218394330865638198e-01,2.052911968677692656e+01
3.202389002533317930e-01,9.966937840341974497e-02,1.058987145536332830e-01,3.402538315191651619e-01,8.211625850876356214e-01,2.059752984767295203e+01
3.011130337824743930e-01,1.051955528207240836e-01,1.117702748720194039e-01,3.199325983938788864e-01,8.206824335237105084e-01,2.054795850034424021e+01
2.914163903540428757e-01,1.111204871692047236e-01,1.180655176172801385e-01,3.096299147511702987e-01,8.169471823103640062e-01,2.049435974399455773e+01
2.824940864840511101e-01,1.179263712355890226e-01,1.252967694378134267e-01,3.001499668893041206e-01,8.138036550961167404e-01,2.037278348464511879e+01
2.756328727592700090e-01,1.249188070910147441e-01,1.327262325342029869e-01,2.928599273067245545e-01,8.113078570319042226e-01,2.019963651810402538e+01
2.713882480336289316e-01,1.305044356057689092e-01,1.386609628311294973e-01,2.883500135357306426e-01,8.083245405898852320e-01,2.000270582550824372e+01
2.702269181608084048e-01,1.350352797091811941e-01,1.434749846910049753e-01,2.871161005458592319e-01,8.044856286603621065e-01,1.982548354805224733e+01
2.665388260037514501e-01,1.390130848068402147e-01,1.477014026072677177e-01,2.831975026289858532e-01,8.003303885945847185e-01,1.972154809851678081e+01
2.661650630266722550e-01,1.426317441841395695e-01,1.515462281956484192e-01,2.828003794658392467e-01,7.979027059555485746e-01,1.966842860506036672e+01
2.702803076868305343e-01,1.465605900591547828e-01,1.557206269378519914e-01,2.871728269172572068e-01,7.971599964429514351e-01,1.968884324153442122e+01
2.796696236441164052e-01,1.442499577877388861e-01,1.532655801494725578e-01,2.971489751218734932e-01,7.981834339572286829e-01,1.968777228214750963e+01
2.975486157249189190e-01,1.360421477515421917e-01,1.445447819860135596e-01,3.161454042077264104e-01,7.998900401076194377e-01,1.964696646008495406e+01
3.107824111965905578e-01,1.306562675066849089e-01,1.388222842258529099e-01,3.302063118963773358e-01,8.024047071286792843e-01,1.964535465072426845e+01
3.126278917479171082e-01,1.251359082600794204e-01,1.329569025263342974e-01,3.321671349821620489e-01,8.078854648801266913e-01,1.966889193272143999e+01
3.127743093324194534e-01,1.159216750895418757e-01,1.231667797826383748e-01,3.323227036656954403e-01,8.148701722960516314e-01,1.971554964985804403e+01
3.171030152912754918e-01,1.090432206046232505e-01,1.158584218924119946e-01,3.369219537469804182e-01,8.190520314807426816e-01,1.973721597070953138e+01
3.230503861888584516e-01,1.051543227098029887e-01,1.117264678791657362e-01,3.432410353256619695e-01,8.194349448511079048e-01,1.984164854466798289e+01
3.319315321040470779e-01,9.996237428680776471e-02,1.062100226797331320e-01,3.526772528605500168e-01,8.202176991014242802e-01,1.999119002317938154e+01
3.309232387886680837e-01,9.820016003517488545e-02,1.043376700373733479e-01,3.516059412129598494e-01,8.208738710605029132e-01,2.014060277077207672e+01
3.260953867441750975e-01,1.000614638054122957e-01,1.063153052932507003e-01,3.464763484156855866e-01,8.205743764380758476e-01,2.023585929311825993e+01
3.187426033387502633e-01,1.022887157350884924e-01,1.086817604685314242e-01,3.386640160474224115e-01,8.193492126897098382e-01,2.037215483010147565e+01
3.087951838071873456e-01,1.067035762874195270e-01,1.133725498053831521e-01,3.280948827951364888e-01,8.168726461476146783e-01,2.041340726060844801e+01
3.002241261321368371e-01,1.122593209766361011e-01,1.192755285376757707e-01,3.189881340153953304e-01,8.132260190446946035e-01,2.037281374906558185e+01
2.950435228694124890e-01,1.180015459866114724e-01,1.253766426107744969e-01,3.134837430487510401e-01,8.098863647819667388e-01,2.029199521033288889e+01
2.891485999242343619e-01,1.243745186270300701e-01,1.321479260412194712e-01,3.072203874194989193e-01,8.084245061318344749e-01,2.018278351425588113e+01
2.819706001053080557e-01,1.317310506011576399e-01,1.399642412637301658e-01,2.995937626118894137e-01,8.051186409360573393e-01,2.006031306065304420e+01
2.799537643543614229e-01,1.372732716283772969e-01,1.458528511051508658e-01,2.974508746265091541e-01,8.017472267946283981e-01,1.992912544604803671e+01
2.768417883798051649e-01,1.431941083262039949e-01,1.521437400965917064e-01,2.941444001535429287e-01,7.973463306513606241e-01,1.988101288781017217e+01
2.738796035406587115e-01,1.483815461909159528e-01,1.576553928278481287e-01,2.909970787619501342e-01,7.948634763598143582e-01,1.987256303677399316e+01
2.743167686489817458e-01,1.501431908479638200e-01,1.595271402759615986e-01,2.914615666895429280e-01,7.933983665773297611e-01,1.990724934145615421e+01
2.835369906695668352e-01,1.460748268683412787e-01,1.552045035476126433e-01,3.012580525864148595e-01,7.950664691284277108e-01,1.993804855468338744e+01
2.986098004497541591e-01,1.377007217831775210e-01,1.463070168946261351e-01,3.172729129778636969e-01,7.969744175827646604e-01,1.990984644194172404e+01
3.104330393599915028e-01,1.306598248495881298e-01,1.388260639026875076e-01,3.298351043199908572e-01,8.001007559650015200e-01,1.989281467248963509e+01
3.158689618448136671e-01,1.240455053497867971e-01,1.317983494341484763e-01,3.356107719601144623e-01,8.051477811796904360e-01,1.994814183515171280e+01
3.186964442335059045e-01,1.143824773878256984e-01,1.215313822245648462e-01,3.386149719980999784e-01,8.114805821120923968e-01,2.003534301582690702e+01
3.248833771132983439e-01,1.067591210336504559e-01,1.134315660982536250e-01,3.451885881828796743e-01,8.153383126659582425e-01,2.009986941680464767e+01
3.325370151117668094e-01,1.023101535088063313e-01,1.087045381031068736e-01,3.533205785562519297e-01,8.156602939060061397e-01,2.018557713541794385e+01
3.391772392645719947e-01,9.767253035626365099e-02,1.037770635035300953e-01,3.603758167186077443e-01,8.166474529401847038e-01,2.036038702991361760e+01
3.417508380951069236e-01,9.492060814565583815e-02,1.008531461547592378e-01,3.631102654760514636e-01,8.172270314962883919e-01,2.047247098325965453e+01
3.390127418869641196e-01,9.681801589425564902e-02,1.028691418876465646e-01,3.602010382548994083e-01,8.166044866121020540e-01,2.054406312096203280e+01
3.329112114848710724e-01,1.012769200859156282e-01,1.076067275912853949e-01,3.537181622026752681e-01,8.151442995631094091e-01,2.067171486175579176e+01
3.243262528410350565e-01,1.057708352907654054e-01,1.123815124964381851e-01,3.445966436435997093e-01,8.128477207242236213e-01,2.072154268775277686e+01
3.184730935816021402e-01,1.118163281148362026e-01,1.188048486220133482e-01,3.383776619304523225e-01,8.086026357701965317e-01,2.068047400537287928e+01
3.161264190242760175e-01,1.174649351036139433e-01,1.248064935475899223e-01,3.358843202132931749e-01,8.060033822988551533e-01,2.058692467564719664e+01
3.111585404431427837e-01,1.248008431714486693e-01,1.326008958696642259e-01,3.306059492208389128e-01,8.040186152679636988e-01,2.047331390554230879e+01
3.049665965804678192e-01,1.328785217217944570e-01,1.411834293294067233e-01,3.240270088667469572e-01,8.006305518966434498e-01,2.038872262736615681e+01
2.992556265535956661e-01,1.401711292340240833e-01,1.489318248111505816e-01,3.179591032131955930e-01,7.969956235964864577e-01,2.031368644093787523e+01
2.962800664967765174e-01,1.468417234112688874e-01,1.560193311244732484e-01,3.147975706528249318e-01,7.925343767649524196e-01,2.023893375764864544e+01
2.925057214716562104e-01,1.519701774697506114e-01,1.614683135616098164e-01,3.107873290636349317e-01,7.902224622456188730e-01,2.021172453525150203e+01
2.912427126815447243e-01,1.537611252387349192e-01,1.633711955661558135e-01,3.094453822241413077e-01,7.889992667924875525e-01,2.022314058156534244e+01
2.995084172394237298e-01,1.497626273242504413e-01,1.591227915320160835e-01,3.182276933168877719e-01,7.896281594853734598e-01,2.024521857097587585e+01
3.189220963945244569e-01,1.434511793205206498e-01,1.524168780280531765e-01,3.388547274191823222e-01,7.911289838770946270e-01,2.026976762210455973e+01
3.302683371841426685e-01,1.371158300904004590e-01,1.456855694710505189e-01,3.509101082581516096e-01,7.942837123911996589e-01,2.029427541048479000e+01
3.310835597015072129e-01,1.288355043162565661e-01,1.368877233360225598e-01,3.517762821828512299e-01,8.000651185866902715e-01,2.035829450337256930e+01
3.315951937918569792e-01,1.189853046773803602e-01,1.264218862197165338e-01,3.523198934038480612e-01,8.068496122458009845e-01,2.047662460619483582e+01
3.395915310406076304e-01,1.107131216368774790e-01,1.176326917391823795e-01,3.608160017306454304e-01,8.112934494355228399e-01,2.058533010402423713e+01
3.438219738884801258e-01,1.054081641021949317e-01,1.119961743585822511e-01,3.653108472565100295e-01,8.123840143061755725e-01,2.067962403716888531e+01
3.481115962693250299e-01,1.000728258300504075e-01,1.063273774444286612e-01,3.698685710361575563e-01,8.142137767847600349e-01,2.088184333339710719e+01
3.485893504119320641e-01,9.574448030758542227e-02,1.017285103268096014e-01,3.703761848126775336e-01,8.157433140461747278e-01,2.101322369902641896e+01
3.449486129064309736e-01,9.600753219538504801e-02,1.020080029575968217e-01,3.665079012130826874e-01,8.157014268007883873e-01,2.109913557185215183e+01
3.349199409486301460e-01,9.875373937160214499e-02,1.049258480823272721e-01,3.558524372579196515e-01,8.149608908618568570e-01,2.122466795801457806e+01
3.252428700914637982e-01,1.019278929899571084e-01,1.082983863018294329e-01,3.455705494721805215e-01,8.128342839801037112e-01,2.131043191470127240e+01
3.199381371213299019e-01,1.072179424828604011e-01,1.139190638880391987e-01,3.399342706914129653e-01,8.085465134621758754e-01,2.128800512755615770e+01
3.196156748988895901e-01,1.128477118683688801e-01,1.199006938601417938e-01,3.395916545800702901e-01,8.049109550062663043e-01,2.111949720912329553e+01
3.160719962638701697e-01,1.199136794553459090e-01,1.274082844213050569e-01,3.358264960303619096e-01,8.021022914801448911e-01,2.098860787453283905e+01
3.088081409626899920e-01,1.279601827270751835e-01,1.359576941475173495e-01,3.281086497728582518e-01,7.987757326526113699e-01,2.091796501564940769e+01
3.055466209970102986e-01,1.352237299971758011e-01,1.436752131219993511e-01,3.246432848093235290e-01,7.954314684795198431e-01,2.085757249722889384e+01
3.042209244082620390e-01,1.419260070618826863e-01,1.507963825032502536e-01,3.232347321837787391e-01,7.909136018259242951e-01,2.086431421879048997e+01
2.984485806084239412e-01,1.478550312595375005e-01,1.570959707132585370e-01,3.171016168964505555e-01,7.887397837812535339e-01,2.089762748178330654e+01
2.954810657474759572e-01,1.498197196012338028e-01,1.591834520763108773e-01,3.139486323566930692e-01,7.879759721520429583e-01,2.093236190406728170e+01
3.045987460552607717e-01,1.454324611904890818e-01,1.545219900148946390e-01,3.236361676837143930e-01,7.895868754609061124e-01,2.096854129528439259e+01
3.131170071738428873e-01,1.403488611055131452e-01,1.491206649246076266e-01,3.326868201222081267e-01,7.919245754353849698e-01,2.096662555491889179e+01
3.204378501352797559e-01,1.329646071189086731e-01,1.412748950638404721e-01,3.404652157687348968e-01,7.958154564094520600e-01,2.095161552144833550e+01
3.245519242042732011e-01,1.250942578275212602e-01,1.329126489417413737e-01,3.448364194670404115e-01,8.010851671386206574e-01,2.096916077560784331e+01
3.296269962707640833e-01,1.166168370416953010e-01,1.239053893568013293e-01,3.502286835376863805e-01,8.063384485023838977e-01,2.105391477097682440e+01
3.358165366141049324e-01,1.087579602532680739e-01,1.155553327690973936e-01,3.568050701524862478e-01,8.101667086030200915e-01,2.114369413964364242e+01
3.409484332159150033e-01,1.037576841872336619e-01,1.102425394489357086e-01,3.622577102919096736e-01,8.105380772442136728e-01,2.122863336300214243e+01
3.505874736777942480e-01,9.767100960932519060e-02,1.037754477099080558e-01,3.724991907826563642e-01,8.112648258902123155e-01,2.135515931482536800e+01
3.503344991753416515e-01,9.603828995936798674e-02,1.020406830818286203e-01,3.722304053738001994e-01,8.119974827136186013e-01,2.146181828580235873e+01
3.484095147005977777e-01,9.710801236803238978e-02,1.031772631410343977e-01,3.701851093693852013e-01,8.114201123573648866e-01,2.153182592612825985e+01
3.469593153842018274e-01,1.008170503153468511e-01,1.071181159600560900e-01,3.686442725957143618e-01,8.097636139179130721e-01,2.162861118870420540e+01
3.475092626221028547e-01,1.070626249662032792e-01,1.137540390265910223e-01,3.692285915359843074e-01,8.078134157727648867e-01,2.174832035647434481e+01
3.460281717503335686e-01,1.146859644427705022e-01,1.218538372204435727e-01,3.676549324847293576e-01,8.044294002024610091e-01,2.175171136691760410e+01
3.498023834292105505e-01,1.205243488473422969e-01,1.280571206503011150e-01,3.716650323935362654e-01,8.012489281520476236e-01,2.171340679010058494e+01
3.503609594128515026e-01,1.257830527026757017e-01,1.336444934965928810e-01,3.722585193761548950e-01,7.980428538437553954e-01,2.175231171538686681e+01
3.459711651759863060e-01,1.320864162684316778e-01,1.403418172852085866e-01,3.675943629994855577e-01,7.940772271534933813e-01,2.182647902940818696e+01
3.404155349188678903e-01,1.387732391307850977e-01,1.474465665764590760e-01,3.616915058512974457e-01,7.900016678881131016e-01,2.194021723218208209e+01
3.330054362435845849e-01,1.472671249418061323e-01,1.564713202506689549e-01,3.538182760088086631e-01,7.863181945891715152e-01,2.197059388912346023e+01
3.213924692733713395e-01,1.551959311833623067e-01,1.648956768823225394e-01,3.414794986029568435e-01,7.852526816510027041e-01,2.198349260624437562e+01
3.164922501186236414e-01,1.600381733693873876e-01,1.700405592049742676e-01,3.362730157510374629e-01,7.854966752378488293e-01,2.201874210184996272e+01
3.279848290817332090e-01,1.565251484675835303e-01,1.663079702468074073e-01,3.484838808993412917e-01,7.867904512433254727e-01,2.203856197011073093e+01
3.497734102641988918e-01,1.503732470737675908e-01,1.597715750158779646e-01,3.716342484057114648e-01,7.868318956244958473e-01,2.202661422553981296e+01
3.593892189204514476e-01,1.439294556785928880e-01,1.529250466585048707e-01,3.818510451029797359e-01,7.904328371321189817e-01,2.201187508935338144e+01
3.631290417300118145e-01,1.348421903284679202e-01,1.432698272239972259e-01,3.858246068381375182e-01,7.965250783538690982e-01,2.201256502481188093e+01
3.671426112843711453e-01,1.236345402484030492e-01,1.313616990139282459e-01,3.900890244896442760e-01,8.032467292818370463e-01,2.204296682008575914e+01
3.737532887573596363e-01,1.148739199465097088e-01,1.220535399431666168e-01,3.971128693046948044e-01,8.073451523298211807e-01,2.206574518729569334e+01
3.775129419676627185e-01,1.087033626302657402e-01,1.154973227946573672e-01,4.011075008406413400e-01,8.087306609880704489e-01,2.211350961264006543e+01
3.857161221375194904e-01,1.033960000328801310e-01,1.098582500349351843e-01,4.098233797711141602e-01,8.089532008375138750e-01,2.224474298882399736e+01
3.861988812299647078e-01,1.016247592985689147e-01,1.079763067547294675e-01,4.103363113068375645e-01,8.084232266952190438e-01,2.237480664159120280e+01
3.853379617479629760e-01,1.037791864261488894e-01,1.102653855777831621e-01,4.094215843572103775e-01,8.071951421503789081e-01,2.245767233060731272e+01
3.848714789609666287e-01,1.049359176570183322e-01,1.114944125105820777e-01,4.089259463960269181e-01,8.054357524174803329e-01,2.254315216255666243e+01
3.795810005293021594e-01,1.100861529227987329e-01,1.169665374804736979e-01,4.033048130623835270e-01,8.032476561726528130e-01,2.267038292118288823e+01
3.712366521442097556e-01,1.145509993448628194e-01,1.217104368039167162e-01,3.944389429032226224e-01,8.013911206569198642e-01,2.270973671846185837e+01
3.659218312817449359e-01,1.204666550126803487e-01,1.279958209509729217e-01,3.887919457368540499e-01,7.990279316370720863e-01,2.267643872278801354e+01
3.604799829391484578e-01,1.279780687454809551e-01,1.359766980420734905e-01,3.830099818728452954e-01,7.966552151361536716e-01,2.265143819425384919e+01
3.527327377467494585e-01,1.352966778965635775e-01,1.437527202650988323e-01,3.747785338559214141e-01,7.932466194205179955e-01,2.265636712080078752e+01
3.399505846540433196e-01,1.418951163009287697e-01,1.507635610697367623e-01,3.611974961949211416e-01,7.902274085229341605e-01,2.265314642329466466e+01
3.272325531193441273e-01,1.471454605995423937e-01,1.563420518870139997e-01,3.476845876893027709e-01,7.880775182111345867e-01,2.263429158827046805e+01
3.172929340693773637e-01,1.507331024700802879e-01,1.601539213744602175e-01,3.371237424487136258e-01,7.873680711531664267e-01,2.261697375343045735e+01
3.162126561840730710e-01,1.532731210431710622e-01,1.628526911083692241e-01,3.359759471955777732e-01,7.869697556882905287e-01,2.262226896185976344e+01
3.313022983148158906e-01,1.533664894526191036e-01,1.629518950434077074e-01,3.520086919594917485e-01,7.860331974653743670e-01,2.263796118973303706e+01
3.561155396224451319e-01,1.511798812038736561e-01,1.606286237791158256e-01,3.783727608488480776e-01,7.849764198525760461e-01,2.263547266414301973e+01
3.753428614231063554e-01,1.471354528702704112e-01,1.563314186746623258e-01,3.988017902620507038e-01,7.857679187529998943e-01,2.268585832006019132e+01
3.821466147409288139e-01,1.406781058962987552e-01,1.494704875148173961e-01,4.060307781622369827e-01,7.902171907670648698e-01,2.269093415270405245e+01
3.843127462222493684e-01,1.325123111283347255e-01,1.407943305738557083e-01,4.083322928611396452e-01,7.955480229916791490e-01,2.271998600803566859e+01
3.862993060354799058e-01,1.216884672018677532e-01,1.292939964019844679e-01,4.104430126626975595e-01,8.020005999690550391e-01,2.282186969729701076e+01
3.892258617223757766e-01,1.144856580831553478e-01,1.216410117133525648e-01,4.135524780800243216e-01,8.052679427146827162e-01,2.299519464239854472e+01
3.957307130645230098e-01,1.079092595566312485e-01,1.146535882789206651e-01,4.204638826310557187e-01,8.059575931198097454e-01,2.323769649818037308e+01
3.960905250107435438e-01,1.045513046122754086e-01,1.110857611505426668e-01,4.208461828239147828e-01,8.057755573870060140e-01,2.340470421704153381e+01
3.947719781121571958e-01,1.046361015934551691e-01,1.111758579430460470e-01,4.194452267441672322e-01,8.045888066571639241e-01,2.350058681776061675e+01
3.930293748258272268e-01,1.058349469011215516e-01,1.124496310824416728e-01,4.175937107524415604e-01,8.029642091825118788e-01,2.357890136177992702e+01
3.870242376681382046e-01,1.130003388288254307e-01,1.200628600056269923e-01,4.112132525223969326e-01,8.014124093540402338e-01,2.365151265864681918e+01
3.802987864304515075e-01,1.179109342037884672e-01,1.252803675915251658e-01,4.040674605823551535e-01,7.995279576737627236e-01,2.363600527921726169e+01
3.728109496066300821e-01,1.226408203168669192e-01,1.303058715866708961e-01,3.961116339570446843e-01,7.986965227698350489e-01,2.357802177020280254e+01
3.639452394025509130e-01,1.282088152558584770e-01,1.362218662093495902e-01,3.866918168652107579e-01,7.988100777561700783e-01,2.352699647421563611e+01
3.518335772507173997e-01,1.335274285176429876e-01,1.418728927999957923e-01,3.738231758288872442e-01,7.982749750033844016e-01,2.351521134787673262e+01
3.377256986836610908e-01,1.379494379503408141e-01,1.465712778222370560e-01,3.588335548513900131e-01,7.976111727766213022e-01,2.353169819219633752e+01
3.241264384062680359e-01,1.424914704092327677e-01,1.513971873098098331e-01,3.443843408066596945e-01,7.972819960087174085e-01,2.353751034167983036e+01
3.131435126638259514e-01,1.455693635862569113e-01,1.546674488103979284e-01,3.327149822053151462e-01,7.975482011680643524e-01,2.354935409893978715e+01
3.085979790748576423e-01,1.460572745565016373e-01,1.551858542162828924e-01,3.278853527670363421e-01,7.973641553867037990e-01,2.358009872255563621e+01
3.164030360235720041e-01,1.416736114655213208e-01,1.505282121821163444e-01,3.361782257750453584e-01,7.983296517369868894e-01,2.359156925050274012e+01
3.355758673832194283e-01,1.351649839420379640e-01,1.436127954384153749e-01,3.565493590946705593e-01,7.999922110775493644e-01,2.362160686360669715e+01
3.551765501112319479e-01,1.289139494905833239e-01,1.369710713337448649e-01,3.773750844931837434e-01,8.019125903251874687e-01,2.367655072584001275e+01
3.717310321927140837e-01,1.248720474094477673e-01,1.326765503725382545e-01,3.949642217047586445e-01,8.032440984186111077e-01,2.371328071959081640e+01
3.849276124102084529e-01,1.204697799984510570e-01,1.279991412483542645e-01,4.089855881858464604e-01,8.047162376339108691e-01,2.378150664876193687e+01
3.930129801065370132e-01,1.158800010376862949e-01,1.231225011025417343e-01,4.175762913631955175e-01,8.065215601138931989e-01,2.386890925177680955e+01
3.973486334290441402e-01,1.123058745221662130e-01,1.193249916798015259e-01,4.221829230183595238e-01,8.079773217141562602e-01,2.411627422857674574e+01
4.090638346189023888e-01,1.065465930698556163e-01,1.132057551367216530e-01,4.346303242825837465e-01,8.077165690791185959e-01,2.437301635044567760e+01
4.135055339450056655e-01,1.012950023335520838e-01,1.076259399793989130e-01,4.393496298165687208e-01,8.074765181615136678e-01,2.454721415583783539e+01
4.151154242397398497e-01,9.949542345143683186e-02,1.057138874171516668e-01,4.410601382547238436e-01,8.068137489864446454e-01,2.463483823241888615e+01
4.174698710002973656e-01,9.902008683441404502e-02,1.052088422615648777e-01,4.435617379378160585e-01,8.056627915539416041e-01,2.473036146740205155e+01
4.113581751393080022e-01,1.060931341754133006e-01,1.127239550613765157e-01,4.370680610855148251e-01,8.048539701424851645e-01,2.477047827099482902e+01
4.045060882635657107e-01,1.130891420062822561e-01,1.201572133816748850e-01,4.297877187800387411e-01,8.038015947542290762e-01,2.474397907717167655e+01
3.966852082072119812e-01,1.213713394116244237e-01,1.289570481248510092e-01,4.214780337201624594e-01,8.018922030877654317e-01,2.470589693190960645e+01
3.827389935907986040e-01,1.291573044277061766e-01,1.372296359544377398e-01,4.066601806902236382e-01,8.002688137583069405e-01,2.468154022938792735e+01
3.650340490030607454e-01,1.340170979785201832e-01,1.423931666021776010e-01,3.878486770657520455e-01,7.994283772541145305e-01,2.467738117367890638e+01
3.526145031506324745e-01,1.375939385979385310e-01,1.461935597603097325e-01,3.746529095975467682e-01,8.007367769616529074e-01,2.472278989957071005e+01
3.364819004512010769e-01,1.421227039787657520e-01,1.510053729774385456e-01,3.575120192294012345e-01,8.012517696225248676e-01,2.474106341260737807e+01
3.238256308167670738e-01,1.449419605217846241e-01,1.540008330543961579e-01,3.440647327428149604e-01,8.021563243288746259e-01,2.475911426937597781e+01
3.147193432268067248e-01,1.451579063677666814e-01,1.542302755157521632e-01,3.343893021784820063e-01,8.033929429641876174e-01,2.478005934400201937e+01
3.165036144446675137e-01,1.370689138246428129e-01,1.456357209386830720e-01,3.362850903474591258e-01,8.055249888314863771e-01,2.479707370639831865e+01
3.323730182178912251e-01,1.313736661977824016e-01,1.395845203351438746e-01,3.531463318565092324e-01,8.069992042261147080e-01,2.480059130115320443e+01
3.502108846603478876e-01,1.265178412756337023e-01,1.344252063553608711e-01,3.720990649516196513e-01,8.090244532672302702e-01,2.480194558764765489e+01
3.659326496152157104e-01,1.219605243076311296e-01,1.295830570768581047e-01,3.888034402161666958e-01,8.105112682767730004e-01,2.481162550852432958e+01
3.845868986131864564e-01,1.173277129092166887e-01,1.246606949660429009e-01,4.086235797765104261e-01,8.105607627354302069e-01,2.486267739554543255e+01
3.965959967580213186e-01,1.130731272204768267e-01,1.201401976717566267e-01,4.213832465553977169e-01,8.112089690137997966e-01,2.502700834790003626e+01
4.063226938210524608e-01,1.115978714362707291e-01,1.185727384010375751e-01,4.317178621848681286e-01,8.090290564520281613e-01,2.524067118689421818e+01
4.185050402100486955e-01,1.072755007383700970e-01,1.139802195345183400e-01,4.446616052231763261e-01,8.074288938578361163e-01,2.545174706288107203e+01
4.280387542756824426e-01,1.041298427029382773e-01,1.106379578718718337e-01,4.547911764179123906e-01,8.052672861223606482e-01,2.561135492424642379e+01
4.308757645909015999e-01,1.049942815268965074e-01,1.115564241223275105e-01,4.578054998778327001e-01,8.034721552743737671e-01,2.570831218202105006e+01
4.279912746312835581e-01,1.054195907784705732e-01,1.120083152021248696e-01,4.547407292957387215e-01,8.023543756857108855e-01,2.584656703820032320e+01
4.255336860189309345e-01,1.099953285501572148e-01,1.168700365845421196e-01,4.521295413951139652e-01,8.012641626986004573e-01,2.593433515267097178e+01
4.182188390161692415e-01,1.153032702149610900e-01,1.225097246033962223e-01,4.443575164546796907e-01,8.008212703066969196e-01,2.593408881291263413e+01
4.119180948367262562e-01,1.204572950248203322e-01,1.279858759638715648e-01,4.376629757640217999e-01,7.987348821002052679e-01,2.590112703838583741e+01
3.957782756977946681e-01,1.258122647724480292e-01,1.336755313207257656e-01,4.205144179289073136e-01,7.976749370198458200e-01,2.587239215537659831e+01
3.789191576328463928e-01,1.313447360537944864e-01,1.395537820571565724e-01,4.026016049848992751e-01,7.964027047577718621e-01,2.589447653655825121e+01
3.646753374824527882e-01,1.350847995213481645e-01,1.435275994914324560e-01,3.874675460751060285e-01,7.961451499336765769e-01,2.589866452885297576e+01
3.480702987156648609e-01,1.398703325857049706e-01,1.486122283723115001e-01,3.698246923853940049e-01,7.956870093478251027e-01,2.570498258903489130e+01
3.348926738005281178e-01,1.446073529364701737e-01,1.536453124949996030e-01,3.558234659130610211e-01,7.957629932001949458e-01,2.560909948798904878e+01
3.287001410721667738e-01,1.489258497628326017e-01,1.582337153730095369e-01,3.492438998891773116e-01,7.948612395815514153e-01,2.557823770003829367e+01
3.295840986144208951e-01,1.439091544881835882e-01,1.529034766436950521e-01,3.501831047778222183e-01,7.953535424031955570e-01,2.564924994411483183e+01
3.415256462325653164e-01,1.385830718134343498e-01,1.472445138017738908e-01,3.628709991221005793e-01,7.957965069604461261e-01,2.578089897079924597e+01
3.608875392924240644e-01,1.324654993598850805e-01,1.407445930698776881e-01,3.834430104982008980e-01,7.967996197191901109e-01,2.591856072610113060e+01
3.765447172988837798e-01,1.256243859067606161e-01,1.334759100259331477e-01,4.000787621300639918e-01,8.008737554660073643e-01,2.603882188137150777e+01
3.921517518716881590e-01,1.177856002679117664e-01,1.251472002846562570e-01,4.166612363636684746e-01,8.057656979025660249e-01,2.609905926274432630e+01
4.040462638406275286e-01,1.136188500118673200e-01,1.207200281376090839e-01,4.292991553306666486e-01,8.067019101073157339e-01,2.616053981567239006e+01
4.105890767148278608e-01,1.115148812125125316e-01,1.184845612882945987e-01,4.362508940095040644e-01,8.045749974728202414e-01,2.619234099897949974e+01
4.242786382765963427e-01,1.081524701905989261e-01,1.149119995775113312e-01,4.507960531688834371e-01,8.031150658166011924e-01,2.625591165070196453e+01
4.309176591236277276e-01,1.055042182659314265e-01,1.120982319075519568e-01,4.578500128188547902e-01,8.024694872077170471e-01,2.634999802350448306e+01
4.331727396704824207e-01,1.051445374846457642e-01,1.117160710774361410e-01,4.602460358998874956e-01,8.018784698138582412e-01,2.640225869969339811e+01
4.310553329863668348e-01,1.082186296339195386e-01,1.149822939860395410e-01,4.579962912980147793e-01,8.003116572833349762e-01,2.647088041102102807e+01
4.293392137898666139e-01,1.129557303424049558e-01,1.200154634888052074e-01,4.561729146517331523e-01,7.985210314445067015e-01,2.653348381629064079e+01
4.229955496962487516e-01,1.179365923973861308e-01,1.253076294222227605e-01,4.494327715522642985e-01,7.971329982417826310e-01,2.651282616855448282e+01
4.122351622159019513e-01,1.214808563992278018e-01,1.290734099241795940e-01,4.379998598543958233e-01,7.953284380229367345e-01,2.645658946271406720e+01
3.963111828907575629e-01,1.242094490982122990e-01,1.319725396668504358e-01,4.210806318214301291e-01,7.938038223911201285e-01,2.643157156784585382e+01
3.822151417930569894e-01,1.283935314659704063e-01,1.364181271825936348e-01,4.061035881551228743e-01,7.923288422434200395e-01,2.644487206223757525e+01
3.687570282176538816e-01,1.324768484431552984e-01,1.407566514708525340e-01,3.918043424812572839e-01,7.924031462619477439e-01,2.642901067844375973e+01
3.487968283092749977e-01,1.380120678331877571e-01,1.466378220727620196e-01,3.705966300786043832e-01,7.925082711322098961e-01,2.624499243170514973e+01
3.351529683809167937e-01,1.427798267265094900e-01,1.517035658969164147e-01,3.561000289047239753e-01,7.927028420756270233e-01,2.613043039997241834e+01
3.302308760055377435e-01,1.457197413239458283e-01,1.548272251566924496e-01,3.508703057558838490e-01,7.918835337046331579e-01,2.610648803612033220e+01
3.380686344228550633e-01,1.415279716948637800e-01,1.503734699257925911e-01,3.591979240742838586e-01,7.920029397074584976e-01,2.619139506346022372e+01
3.520410183528899228e-01,1.369358218536304572e-01,1.454943107194824337e-01,3.740435819999454736e-01,7.935504326189151136e-01,2.631875856360228383e+01
3.656070556073043321e-01,1.320514158048328446e-01,1.403046292926349581e-01,3.884574965827607973e-01,7.972488728922049184e-01,2.643150662539270002e+01
3.782545893185017549e-01,1.260430007212493819e-01,1.339206882663274700e-01,4.018955011509079966e-01,8.009553345462926410e-01,2.647861995540167257e+01
3.901561587407931242e-01,1.219032178437812614e-01,1.295221689590175806e-01,4.145409186620926389e-01,8.038588280887060122e-01,2.648527116128921577e+01
4.048728795808788639e-01,1.189610404792405818e-01,1.263961055091931684e-01,4.301774345546835465e-01,8.040893419142886023e-01,2.652139589032822187e+01
4.115833397122487525e-01,1.175280549869213292e-01,1.248735584236040225e-01,4.373072984442643030e-01,8.021812536143753114e-01,2.667566427473398250e+01
4.224811575394484819e-01,1.131546497029879694e-01,1.202268153094245978e-01,4.488862298856639566e-01,8.008662019087348094e-01,2.687706233292466962e+01
4.309008867059718750e-01,1.095957233487129534e-01,1.164454560580074627e-01,4.578321921250951276e-01,7.992291159318020144e-01,2.700677664473137440e+01
4.315077066939485562e-01,1.114354966069429492e-01,1.184002151448768220e-01,4.584769383623200079e-01,7.974993438564735859e-01,2.709493632689788711e+01
4.310643225534123157e-01,1.154917396674284280e-01,1.227099733966425382e-01,4.580058427130008214e-01,7.957147193280963426e-01,2.717726133694132074e+01
4.345103557287314788e-01,1.192660605434913701e-01,1.267201893274596536e-01,4.616672529617771303e-01,7.938073623503368870e-01,2.726006496277947022e+01
4.297253840716951379e-01,1.229317963919115408e-01,1.306150336664058942e-01,4.565832205761758966e-01,7.926883301134017845e-01,2.726792838634384353e+01
4.170727900945344624e-01,1.230367145868336842e-01,1.307265092485108415e-01,4.431398394754429981e-01,7.911274284550756652e-01,2.722198552634183244e+01
4.020627490267835169e-01,1.251820931825858574e-01,1.330059740064974960e-01,4.271916708409576047e-01,7.895113321195303957e-01,2.720423071159296313e+01
3.862120286994338292e-01,1.283417147686760906e-01,1.363630719417183446e-01,4.103502804931483672e-01,7.880262838733601560e-01,2.718763390318057560e+01
3.749668992746829632e-01,1.313956782947886814e-01,1.396079081882129758e-01,3.984023304793505305e-01,7.884123712858450705e-01,2.717027228669930849e+01
3.604108233500775138e-01,1.363521863355435793e-01,1.448741979815149350e-01,3.829364998094575978e-01,7.884724556234037340e-01,2.701466711365750939e+01
3.500312093148529313e-01,1.402361943002751743e-01,1.490009564440424872e-01,3.719081598970310210e-01,7.889938433755047109e-01,2.694824565819600082e+01
3.451213496889013466e-01,1.410500164262893652e-01,1.498656424529325182e-01,3.666914340444575870e-01,7.896565439546130438e-01,2.695144057834664508e+01
3.542230867975625364e-01,1.360661155038259129e-01,1.445702477228148763e-01,3.763620297224104516e-01,7.903129244233350059e-01,2.696416997097115953e+01
3.663497262922108533e-01,1.306713333996701865e-01,1.388382917371497050e-01,3.892465841854739761e-01,7.907202411699305600e-01,2.697872507500639472e+01
3.766841542534160037e-01,1.270133715480289416e-01,1.349517072697808406e-01,4.002269138942545768e-01,7.943106607259121654e-01,2.707168625653812910e+01
3.896610082608035208e-01,1.216290853544272077e-01,1.292309031890787052e-01,4.140148212771040392e-01,7.978826462047359236e-01,2.711573791901497188e+01
4.012714780557206651e-01,1.175561282509173383e-01,1.249033862665997197e-01,4.263509454342032656e-01,8.005654583405541480e-01,2.713690897987551054e+01
4.162302841607034010e-01,1.150777558607938150e-01,1.222701156020933461e-01,4.422446769207475370e-01,8.007424557865985282e-01,2.718376635049731149e+01
4.243975474252589253e-01,1.154232196429631208e-01,1.226371708706481406e-01,4.509223941393374901e-01,7.970464056113658602e-01,2.729597306487769970e+01
4.364373455879448915e-01,1.150874388936472537e-01,1.222804038245000752e-01,4.637146796871914334e-01,7.936459991380498957e-01,2.739940102427168256e+01
4.419117270174011680e-01,1.150659529719523788e-01,1.222575750326994060e-01,4.695312099559886265e-01,7.913088649501889282e-01,2.752356347793978841e+01
4.431194081758946801e-01,1.170475587752479590e-01,1.243630311987008741e-01,4.708143711868877923e-01,7.886489482097901460e-01,2.760592280884420902e+01
4.445572265803461875e-01,1.230836540261423945e-01,1.307763824027761423e-01,4.723420532416178208e-01,7.845517291350270206e-01,2.768351034131528365e+01
4.515999372456229177e-01,1.276061169911433812e-01,1.355814993030899640e-01,4.798249333234743119e-01,7.811267174336720132e-01,2.775216880722924984e+01
4.473242820582032930e-01,1.310006544151289809e-01,1.391881953160745700e-01,4.752820496868408462e-01,7.787866113637326171e-01,2.772449797217740297e+01
4.370056986386365305e-01,1.326649244179163023e-01,1.409564821940359758e-01,4.643185548035513865e-01,7.756804015468251601e-01,2.763460141435544770e+01
4.240941472899710796e-01,1.364425018911999687e-01,1.449701582593999616e-01,4.506000314955945774e-01,7.727446953695276122e-01,2.755562457610013993e+01
4.110456934595069223e-01,1.412464213449545480e-01,1.500743226790142715e-01,4.367360493007259592e-01,7.697609785264529769e-01,2.750619326833255229e+01
3.997568985392676022e-01,1.440980827788665153e-01,1.531042129525456708e-01,4.247417046979721222e-01,7.692524957518757089e-01,2.752939784249789668e+01
3.853694629756607704e-01,1.492863430581742867e-01,1.586167394993102664e-01,4.094550544116394297e-01,7.683553685079752560e-01,2.756095436144760669e+01
3.738707884790061220e-01,1.524341811001108937e-01,1.619613174188677951e-01,3.972377127589439283e-01,7.686386349448918187e-01,2.761162079842755190e+01
3.670762813693858595e-01,1.512286784000671791e-01,1.606804708000714732e-01,3.900185489549723439e-01,7.700746885233354933e-01,2.765954546163788663e+01
3.756909478237228650e-01,1.449233016724274237e-01,1.539810080269541082e-01,3.991716320627056169e-01,7.714101498451311212e-01,2.769564200549393007e+01
3.891982262278996241e-01,1.398243688232886639e-01,1.485633918747440718e-01,4.135231153671434234e-01,7.714224335070536398e-01,2.773162455008147020e+01
4.025690558507571959e-01,1.348900296550900324e-01,1.433206565085330675e-01,4.277296218414296525e-01,7.734761343545552004e-01,2.783475841699541675e+01
4.160410830320144804e-01,1.293000542730444735e-01,1.373813076651096976e-01,4.420436507215156352e-01,7.772122871623532436e-01,2.790086580954980278e+01
4.243020048278422496e-01,1.244987947887608443e-01,1.322799694630583389e-01,4.508208801295826018e-01,7.815925165948036657e-01,2.792865631134214155e+01
4.361997805205466983e-01,1.210595669160872551e-01,1.286257898483426920e-01,4.634622668030811132e-01,7.833432067608989691e-01,2.795069194607794216e+01
4.474894049920667416e-01,1.206932947322646721e-01,1.282366256530311777e-01,4.754574928040707360e-01,7.807036393179723754e-01,2.797934038871700579e+01
4.531833677368881652e-01,1.187588730660504577e-01,1.261813026326785714e-01,4.815073282204437310e-01,7.798713113696988941e-01,2.799811983494082313e+01
4.557284293163861855e-01,1.188611173646317576e-01,1.262899371999212372e-01,4.842114561486603463e-01,7.790656145296579460e-01,2.803073752758347226e+01
4.543549843694279500e-01,1.224331002902103727e-01,1.300851690583484932e-01,4.827521708925172073e-01,7.774166474284949224e-01,2.805530723523394343e+01
4.527518980445616181e-01,1.304855197500387476e-01,1.386408647344161971e-01,4.810488916723464348e-01,7.745212735467792431e-01,2.808918663992886522e+01
4.608141091736359107e-01,1.350252783797773748e-01,1.434643582785135596e-01,4.896149909969880198e-01,7.711079674338483514e-01,2.817959214954471747e+01
4.627152531389793766e-01,1.367758681232314477e-01,1.453243598809333403e-01,4.916349564601655286e-01,7.682496884741357723e-01,2.820079496429267607e+01
4.576739524524638947e-01,1.364477446830830998e-01,1.449757287257758820e-01,4.862785744807423538e-01,7.653673095586710495e-01,2.815287857646234571e+01
4.438342996003479812e-01,1.400036028020029133e-01,1.487538279771281058e-01,4.715739433253698376e-01,7.629651527792643551e-01,2.808022148051203359e+01
4.317606855492294171e-01,1.420329613730756391e-01,1.509100214588928179e-01,4.587457283960562071e-01,7.611571175098315045e-01,2.791980801609323848e+01
4.239129924322570520e-01,1.415322438741404565e-01,1.503780091162741639e-01,4.504075544592731628e-01,7.604589926257816490e-01,2.783174562680386543e+01
4.085098335808877157e-01,1.458251963714417843e-01,1.549392711446568593e-01,4.340416981796930140e-01,7.596476175678354981e-01,2.782745921590417737e+01
3.957508517269985870e-01,1.491387565951262373e-01,1.584599288823216323e-01,4.204852799599362312e-01,7.601190257392314020e-01,2.781050506105759013e+01
3.955635932534203869e-01,1.473588057068966617e-01,1.565687310635777152e-01,4.202863178317593484e-01,7.615307771580834828e-01,2.777897868197709030e+01
4.025630699284981628e-01,1.451489005155609524e-01,1.542207067977835466e-01,4.277232617990294194e-01,7.626468357432532041e-01,2.778267110565683495e+01
4.064108552243118067e-01,1.411670818972925179e-01,1.499900245158732881e-01,4.318115336758313605e-01,7.640817526734382525e-01,2.788729993999990953e+01
4.143089752125885816e-01,1.356451306699168746e-01,1.441229513367867088e-01,4.402032861633752292e-01,7.674355009065630950e-01,2.799451756855796702e+01
4.260481903920572688e-01,1.292159196643663799e-01,1.372919146433891624e-01,4.526762022915610806e-01,7.713827341765193690e-01,2.803726967435624218e+01
4.344909838099824673e-01,1.256030016679819394e-01,1.334531892722309321e-01,4.616466702981061321e-01,7.752373594159805981e-01,2.799900280380607853e+01
4.427805077083535323e-01,1.215587685497527826e-01,1.291561915841123176e-01,4.704542894401256836e-01,7.780287218998425125e-01,2.798596003911861629e+01
4.510071157367508965e-01,1.217633997760734083e-01,1.293736122620779416e-01,4.791950604702976957e-01,7.765141679467302271e-01,2.801115809528074152e+01
4.571898098211664152e-01,1.208031414555676142e-01,1.283533377965405953e-01,4.857641729349891357e-01,7.753410854300207822e-01,2.798630492020544125e+01
4.611571165166745701e-01,1.209745644268118425e-01,1.285354747034875011e-01,4.899794362989667307e-01,7.742781644550400522e-01,2.797619455447145143e+01
4.612520436662643775e-01,1.246432367165981880e-01,1.324334390113854065e-01,4.900802963954059566e-01,7.725415040176648596e-01,2.798852041568964211e+01
4.569660476270969163e-01,1.334509960184387389e-01,1.417916832695911844e-01,4.855264256037902237e-01,7.697610552491097602e-01,2.799752738144474051e+01
4.641981834958954778e-01,1.379870408728167963e-01,1.466112309273678027e-01,4.932105699643888896e-01,7.663371088968258249e-01,2.808411541435757286e+01
4.678317197398122462e-01,1.374488592599569792e-01,1.460394129637042626e-01,4.970712022235503902e-01,7.625744240403627972e-01,2.816586541600450389e+01
4.615865590375621830e-01,1.395897485792197135e-01,1.483141078654210410e-01,4.904357189774094516e-01,7.597817232566670409e-01,2.818130012869152523e+01
4.458753297052329700e-01,1.425318436664683719e-01,1.514400838956226070e-01,4.737425378118099717e-01,7.575321363200683278e-01,2.815344445053242239e+01
4.342480576403572878e-01,1.453540719188365637e-01,1.544387014137638681e-01,4.613885612428799132e-01,7.559026972308763304e-01,2.813759959641031827e+01
4.269002576659005621e-01,1.473439205701684296e-01,1.565529156058040605e-01,4.535815237700194791e-01,7.553586837685823951e-01,2.800900704818475617e+01
4.169878675997155670e-01,1.520724401539846060e-01,1.615769676636087671e-01,4.430496093246978351e-01,7.539713291955929542e-01,2.788579957224304096e+01
4.059487505504298932e-01,1.574764169281022697e-01,1.673186929861086025e-01,4.313205474598317823e-01,7.537004208541218109e-01,2.785254383749851215e+01
4.030343001379355083e-01,1.560328999855462306e-01,1.657849562346429273e-01,4.282239438965564915e-01,7.543746540462972217e-01,2.783258597444457294e+01
4.085864330508165998e-01,1.527369276962602385e-01,1.622829856772764756e-01,4.341230851164924465e-01,7.551866785802745508e-01,2.783528841319036218e+01
4.122818237887339587e-01,1.486957629005573045e-01,1.579892480818421430e-01,4.380494377755300706e-01,7.567303458954545148e-01,2.794054510537620928e+01
4.226681801041147768e-01,1.417884756448940797e-01,1.506502553727000204e-01,4.490849413606217699e-01,7.608400653520480672e-01,2.801208682738606015e+01
4.272303378833025023e-01,1.353461324412884303e-01,1.438052657188688688e-01,4.539322340010088497e-01,7.667503723951292205e-01,2.804530450866223390e+01
4.309395894999727972e-01,1.293264612700684990e-01,1.374093650994477056e-01,4.578733138437210970e-01,7.730992751789618200e-01,2.808062393242488852e+01
4.357013451241528168e-01,1.223259471607119619e-01,1.299713188582563572e-01,4.629326791944126107e-01,7.782450371915847764e-01,2.813814754709139265e+01
4.372422462169840429e-01,1.184734224709896727e-01,1.258780113754265351e-01,4.645698866055454901e-01,7.813751971454053757e-01,2.817346267080787925e+01
4.409439242426378414e-01,1.152226191307980929e-01,1.224240328264730171e-01,4.685029195078024844e-01,7.828428279085403174e-01,2.815227243802256751e+01
4.451621216968478234e-01,1.150311931690834732e-01,1.222206427421512198e-01,4.729847543029008228e-01,7.824822761296138518e-01,2.818808960379504924e+01
4.438707669554243229e-01,1.192099054815158599e-01,1.266605245741105890e-01,4.716126898901381592e-01,7.811064167930117375e-01,2.822175986010138615e+01
4.393966072391911615e-01,1.279374534668691887e-01,1.359335443085484263e-01,4.668588951916404217e-01,7.787928775647452451e-01,2.824672500448621904e+01
4.431267403007845274e-01,1.364958757367782105e-01,1.450268679703268782e-01,4.708221615695835638e-01,7.751283024292945356e-01,2.828213689850815982e+01
4.429013132726955515e-01,1.375726801412411326e-01,1.461709726500686757e-01,4.705826453522391484e-01,7.725148690431971055e-01,2.833680634299546597e+01
4.387134624789673643e-01,1.371126356694230553e-01,1.456821753987618817e-01,4.661330538839029147e-01,7.692385347805091866e-01,2.832680789963607637e+01
4.257888353552696792e-01,1.382283052458402328e-01,1.468675743237052855e-01,4.524006375649742284e-01,7.663298103199351896e-01,2.834945784836214244e+01
4.145353649352084280e-01,1.400244431306656989e-01,1.487759708263322322e-01,4.404438252436587709e-01,7.656671097845775265e-01,2.841785317185493298e+01
4.035245227648613375e-01,1.410438055339513219e-01,1.498590433798232813e-01,4.287448054376652440e-01,7.651099996326317099e-01,2.848837034552279590e+01
3.896889757137934618e-01,1.433599616757443018e-01,1.523199592804782010e-01,4.140445366959056850e-01,7.637808669525688599e-01,2.835512462152984980e+01
3.816332244550176278e-01,1.465234513457458476e-01,1.556811670548550186e-01,4.054853009834560318e-01,7.632303507305628898e-01,2.829819225847412412e+01
3.866743717888653231e-01,1.471113561633263511e-01,1.563058159235343192e-01,4.108415200256693156e-01,7.624258980544946773e-01,2.826807975881478185e+01
3.982293091700304655e-01,1.434873531371168576e-01,1.524553127081864357e-01,4.231186409931578796e-01,7.619340254894745312e-01,2.831368763739199323e+01
4.053770411180367961e-01,1.404277827762655806e-01,1.492045191997822817e-01,4.307131061879140854e-01,7.620877373445404945e-01,2.841302548780370074e+01
4.190346713815473190e-01,1.378853237958786171e-01,1.465031565331210150e-01,4.452243383428935442e-01,7.646855074888797565e-01,2.854162184774612143e+01
4.342431535867747328e-01,1.329157809761469244e-01,1.412230172871561384e-01,4.613833506859480460e-01,7.672728709201603881e-01,2.861197213180343724e+01
4.449013862151768861e-01,1.271462743389171479e-01,1.350929164850994402e-01,4.727077228536254450e-01,7.709538653195013858e-01,2.865820338035674908e+01
4.509931456231263680e-01,1.221892469857654567e-01,1.298260749223757726e-01,4.791802172245717695e-01,7.742649206958965857e-01,2.869421990367849062e+01
4.516830940626397894e-01,1.214015712979491513e-01,1.289891695040709385e-01,4.799132874415547034e-01,7.748182153839087150e-01,2.876762271968168605e+01
4.580046808409473647e-01,1.213875506258333126e-01,1.289742725399478096e-01,4.866299733935069982e-01,7.729734006312681815e-01,2.875722154332094505e+01
4.633302951637040534e-01,1.235572012163426298e-01,1.312795262923640294e-01,4.922884386114356192e-01,7.715032272760032894e-01,2.877855277796616562e+01
4.637401575877608262e-01,1.280722005452605283e-01,1.360767130793391622e-01,4.927239174369961727e-01,7.695754856355888629e-01,2.879984212040592695e+01
4.591248120912496122e-01,1.369544148364806868e-01,1.455140657637607193e-01,4.878201128469525916e-01,7.666319065568729663e-01,2.880078374725844625e+01
4.616165143443700103e-01,1.445051632588974788e-01,1.535367359625786354e-01,4.904675464908930804e-01,7.624242876908344790e-01,2.884465577975751316e+01
4.625619045202710722e-01,1.449391287675777240e-01,1.539978243155513127e-01,4.914720235527880732e-01,7.585169324390956813e-01,2.892530688370717229e+01
4.584747074328903160e-01,1.454274597447534068e-01,1.545166759788006439e-01,4.871293766474457110e-01,7.554688154346502760e-01,2.892650514579942467e+01
4.479395750474652882e-01,1.450631655189210112e-01,1.541296133638534460e-01,4.759357984879321046e-01,7.519102359564151516e-01,2.893522244370569041e+01
4.417493991437532741e-01,1.446134403829605619e-01,1.536517804068955606e-01,4.693587365902378572e-01,7.515436371676142979e-01,2.898936411715241590e+01
4.309233684293024003e-01,1.456536654791122098e-01,1.547570195715566865e-01,4.578560789561338384e-01,7.518537555981333886e-01,2.902599049186489566e+01
4.119046130410969897e-01,1.490018230061181670e-01,1.583144369440006027e-01,4.376486513561653746e-01,7.514654479201733350e-01,2.903248412736107653e+01
3.971338006964117984e-01,1.515674156364927860e-01,1.610403791137735574e-01,4.219546632399375774e-01,7.523531791461375295e-01,2.903303856666818916e+01
3.908931503079611791e-01,1.511730970889758607e-01,1.606214156570368035e-01,4.153239722022086244e-01,7.536972850752633457e-01,2.906194312198960716e+01
4.022826657641351833e-01,1.498399982685048037e-01,1.592049981602864095e-01,4.274253323743933963e-01,7.544817142443267510e-01,2.913833225884109979e+01
4.147696616551993509e-01,1.456159614076312225e-01,1.547169589956081948e-01,4.406927655086494977e-01,7.545227973548127576e-01,2.923375711034239188e+01
4.259986654743024848e-01,1.427674650914199095e-01,1.516904316596334179e-01,4.526235820664468723e-01,7.561229268094551426e-01,2.929484835504412032e+01
4.355838368535542848e-01,1.393153926155079048e-01,1.480226046539770690e-01,4.628078266569014554e-01,7.587471197011306234e-01,2.931936304665537207e+01
4.459301530034537886e-01,1.317456231223054497e-01,1.399797245674495316e-01,4.738007875661693347e-01,7.638041677896688642e-01,2.934875152969651779e+01
4.539591649189700373e-01,1.256062109378097147e-01,1.334565991214228531e-01,4.823316127264057340e-01,7.684109675118212524e-01,2.939794739180779715e+01
4.584093109792573562e-01,1.239176547857284011e-01,1.316625082098363264e-01,4.870598929154608125e-01,7.676029921524496480e-01,2.945119940424621063e+01
4.665140109325068840e-01,1.227743488095658919e-01,1.304477456101637012e-01,4.956711366157887100e-01,7.657218971145115516e-01,2.947101920517569695e+01
4.715881951952937134e-01,1.228868479424750498e-01,1.305672759388798732e-01,5.010624573949993277e-01,7.642531628192703597e-01,2.946970378413265124e+01
4.715642312824245286e-01,1.263947464973966262e-01,1.342944181534838077e-01,5.010369957375764294e-01,7.625140198336229913e-01,2.947858048580539503e+01
4.690617823933478370e-01,1.346191698401675574e-01,1.430328679551779725e-01,4.983781437929322711e-01,7.596846611997991605e-01,2.949603380024968757e+01
4.720119508431196986e-01,1.416343090429696694e-01,1.504864533581552200e-01,5.015126977708148637e-01,7.555720394756929581e-01,2.952462166971246660e+01
4.685008290373237627e-01,1.442548768316197771e-01,1.532708066335961017e-01,4.977821308521565569e-01,7.527286322546744568e-01,2.953177525073092724e+01
4.629352243314697746e-01,1.462712956092564742e-01,1.554132515848348772e-01,4.918686758521867430e-01,7.501825673949200635e-01,2.952887300268979232e+01
4.511654041220373723e-01,1.476444355625917415e-01,1.568722127852536230e-01,4.793632418796648365e-01,7.472605005691218549e-01,2.949935455960844166e+01
4.403425118510435055e-01,1.496637451843672306e-01,1.590177292583903612e-01,4.678639188417335060e-01,7.476788585906625206e-01,2.947735572144011584e+01
4.309262836303144883e-01,1.513648263228516144e-01,1.608251279680297519e-01,4.578591763572096296e-01,7.472936782382010312e-01,2.936986353457538357e+01
4.152623123620434731e-01,1.545889267964163927e-01,1.642507347211924484e-01,4.412162068846710583e-01,7.469320895180765474e-01,2.917718932887191485e+01
4.047688081961527407e-01,1.567729805901218743e-01,1.665712918770044515e-01,4.300668587084121586e-01,7.471799656229636266e-01,2.907067272629759103e+01
3.985214194194331427e-01,1.571972719244977279e-01,1.670221014197787734e-01,4.234290081331477662e-01,7.478048551935532196e-01,2.903865159381031091e+01
4.010114259742471599e-01,1.564046755692085622e-01,1.661799677922841112e-01,4.260746400976378467e-01,7.476007591711920641e-01,2.909767240811307687e+01
4.066333182117669032e-01,1.551059274377386832e-01,1.648000479025973353e-01,4.320479006000021993e-01,7.464546937621912015e-01,2.919743864108530929e+01
4.178199508865710343e-01,1.492747502442168250e-01,1.586044221344801997e-01,4.439336978169817205e-01,7.497353194380808050e-01,2.929341588694568088e+01
4.343327634178856256e-01,1.418602156230121814e-01,1.507264790994502779e-01,4.614785611315035951e-01,7.553470113999545266e-01,2.938144461950343000e+01
4.472421145045055724e-01,1.342190844222155288e-01,1.426077771986040410e-01,4.751947466610371706e-01,7.610870360642869592e-01,2.948913701507443363e+01
4.513407337327892122e-01,1.288915965078958892e-01,1.369473212896392678e-01,4.795495295910885414e-01,7.673301374434668976e-01,2.958782965331734616e+01
4.501851106666889257e-01,1.266251209367936781e-01,1.345391909953431997e-01,4.783216800833567928e-01,7.704085666993627513e-01,2.966048782948028872e+01
4.507768174585913834e-01,1.223226528361761600e-01,1.299678186384370659e-01,4.789503685497535912e-01,7.721642160143703526e-01,2.967236122971162260e+01
4.517904137027820011e-01,1.207322104955322190e-01,1.282779736515031188e-01,4.800273145592054980e-01,7.727184876232050526e-01,2.969716693629203874e+01
4.512363135048210738e-01,1.218850979678479246e-01,1.295029165908383462e-01,4.794385830988724395e-01,7.719040878959682050e-01,2.974264757032103290e+01
4.466711534095000879e-01,1.303777377885418365e-01,1.385263464003256006e-01,4.745881004975935347e-01,7.687497553735561651e-01,2.978783506583064877e+01
4.493603404767794740e-01,1.390915667386272148e-01,1.477847896597913879e-01,4.774453617565781460e-01,7.646713175165887888e-01,2.981339134943339531e+01
4.480026958971460860e-01,1.407860782421010148e-01,1.495852081322323890e-01,4.760028643907175949e-01,7.613271406469832581e-01,2.984840630590609933e+01
4.449619885364455851e-01,1.419549307182559339e-01,1.508271138881467910e-01,4.727721128199736111e-01,7.589053173634474625e-01,2.981625558792818609e+01
4.355195126829951580e-01,1.431699942610828169e-01,1.521181189024004565e-01,4.627394822256821749e-01,7.565321795002628580e-01,2.976295298018944280e+01
4.260005401253302848e-01,1.439844732370072766e-01,1.529835028143204378e-01,4.526255738831634901e-01,7.573522635374980716e-01,2.978952769164001424e+01
4.158980910257397690e-01,1.445323197991761621e-01,1.535655897866245734e-01,4.418917217148486953e-01,7.573224405174981966e-01,2.983921467476105960e+01
4.029307813543305805e-01,1.477331707952975470e-01,1.569664939700037010e-01,4.281139551889758255e-01,7.561871709709530043e-01,2.986872664071040262e+01
3.948459363038072656e-01,1.501046297954022612e-01,1.594861691576149043e-01,4.195238073227952058e-01,7.556155657819147997e-01,2.988468571458901835e+01
3.921032974349833999e-01,1.505922893964057596e-01,1.600043074836811630e-01,4.166097535246697237e-01,7.557842455515276781e-01,2.991791459823685884e+01
4.030934434759534946e-01,1.476165886573227726e-01,1.568426254484055204e-01,4.282867836932001682e-01,7.547472882915324810e-01,2.995293064139337957e+01
4.063080331656824806e-01,1.437432291471623103e-01,1.527271809688600657e-01,4.317022852385374310e-01,7.547961571851149465e-01,3.006660388744658263e+01
4.141682298281191832e-01,1.389884455480006886e-01,1.476752233947505044e-01,4.400537441923768056e-01,7.570007454518733470e-01,3.018108483242619755e+01
4.315805851866816867e-01,1.339316442409575203e-01,1.423023720060173081e-01,4.585543717608492886e-01,7.589895898761103155e-01,3.024824402045353722e+01
4.471655888705811654e-01,1.274652466423896735e-01,1.354318245575390767e-01,4.751134381749925195e-01,7.620675046173600586e-01,3.028729765081850545e+01
4.566895930415718619e-01,1.237748756578161968e-01,1.315108053864297855e-01,4.852326926066702351e-01,7.651758922175118105e-01,3.030986542322623123e+01
4.601320012865963149e-01,1.234806403489494137e-01,1.311981803707585603e-01,4.888902513670086436e-01,7.652276993123464655e-01,3.037028502158071319e+01
4.695651677264174317e-01,1.225292206087693209e-01,1.301872968968174060e-01,4.989129907093182714e-01,7.631965809210636831e-01,3.039441566912218917e+01
4.762323593641938912e-01,1.225413234790100059e-01,1.302001561964479248e-01,5.059968818244562350e-01,7.616697374017530331e-01,3.040541494958455004e+01
4.789912838858311761e-01,1.247287389706149552e-01,1.325242851562782875e-01,5.089282391286954477e-01,7.603198745662870239e-01,3.040929628297848808e+01
4.765698390757097669e-01,1.341581612956142533e-01,1.425430463765900435e-01,5.063554540179415753e-01,7.571960580029758470e-01,3.042782881620712487e+01
4.824098349215917292e-01,1.414290760685031068e-01,1.502683933227844937e-01,5.125604496041912261e-01,7.527748955207049786e-01,3.046540966435380682e+01
4.831482275194557974e-01,1.446816331529372224e-01,1.537242352249957311e-01,5.133449917394216078e-01,7.483660039561191857e-01,3.047881276211167645e+01
4.807286105390601860e-01,1.449609044374106648e-01,1.540209609647487932e-01,5.107741486977512846e-01,7.456412647310338704e-01,3.049231840022832429e+01
4.666089181960562104e-01,1.467394459156286524e-01,1.559106612853553842e-01,4.957719755833095432e-01,7.431066032864759308e-01,3.047396523740555452e+01
4.543158445709321036e-01,1.494354307258346226e-01,1.587751451461992258e-01,4.827105848566157209e-01,7.434721136056865465e-01,3.044204980239356217e+01
4.396698051611274694e-01,1.500262692759459782e-01,1.594029111056924630e-01,4.671491679836982103e-01,7.446082791766779341e-01,3.039241873505592650e+01
4.220851894375473590e-01,1.526857115271309517e-01,1.622285684975766917e-01,4.484655137773941869e-01,7.448242757041036999e-01,3.027744401595505153e+01
4.113420707989379199e-01,1.535892613545958296e-01,1.631885901892579649e-01,4.370509502238714150e-01,7.454910319316533363e-01,3.019079942185379650e+01
4.051161667839908720e-01,1.514784024416058195e-01,1.609458025942062109e-01,4.304359272079902876e-01,7.468045393051617742e-01,3.017683233359024797e+01
4.100044861912007788e-01,1.470607602760790333e-01,1.562520577933341204e-01,4.356297665781509454e-01,7.475001393462671340e-01,3.021844810429386996e+01
4.165672030165638029e-01,1.430428764083508109e-01,1.519830561838727556e-01,4.426026532050987283e-01,7.476857693946786787e-01,3.032565180627167578e+01
4.217938400556478507e-01,1.396025191091413153e-01,1.483276765534625175e-01,4.481559550591259211e-01,7.497553017417969423e-01,3.047315238586562813e+01
4.382070741395906466e-01,1.343761305903389547e-01,1.427746387522349503e-01,4.655950162733151765e-01,7.521014565707809796e-01,3.057474959871224129e+01
4.544198797188129246e-01,1.289148286384140529e-01,1.369720054283148636e-01,4.828211222012386283e-01,7.556593974279723902e-01,3.063795524888899990e+01
4.655817574429370054e-01,1.238926208846310439e-01,1.316359096899205050e-01,4.946806172831203496e-01,7.594719762806902974e-01,3.063697639894983382e+01
4.707600599359663129e-01,1.223978128531751086e-01,1.300476761564985095e-01,5.001825636819640097e-01,7.603566649763885410e-01,3.067834208958377218e+01
4.794318029158799455e-01,1.216789137520098152e-01,1.292838458615104269e-01,5.093962905981221923e-01,7.590490596008787616e-01,3.070324234428429833e+01
4.834230614628958755e-01,1.228835071549313207e-01,1.305637263521144120e-01,5.136370028043270031e-01,7.576237060644104293e-01,3.075281190918552454e+01
4.831344554800954816e-01,1.270625600719476056e-01,1.350039700764441852e-01,5.133303589476013729e-01,7.554923896555730822e-01,3.076782243862064448e+01
4.829109747922812890e-01,1.361264422630231730e-01,1.446343449044620311e-01,5.130929107167987446e-01,7.526511428268551906e-01,3.077482815474720113e+01
4.859530225745802290e-01,1.442323166286167135e-01,1.532468364179052633e-01,5.163250864854913580e-01,7.484839326879583199e-01,3.080473123219097076e+01
4.850648533780447802e-01,1.474474218804993353e-01,1.566628857480303338e-01,5.153814067141728739e-01,7.452235379142559957e-01,3.080982837206556368e+01
4.826884273607646714e-01,1.486882269228649300e-01,1.579812411055439847e-01,5.128564540708124841e-01,7.413310809377369193e-01,3.082379859095516750e+01
4.745795063489614551e-01,1.485124313547837027e-01,1.577944583144576529e-01,5.042407254957715912e-01,7.386142010287508608e-01,3.082108559140910842e+01
4.627053303746974100e-01,1.497204975820679851e-01,1.590780286809471145e-01,4.916244135231162549e-01,7.392857494346879443e-01,3.078072071391166631e+01
4.495070874648234849e-01,1.498217599983718840e-01,1.591856199982701614e-01,4.776012804313748972e-01,7.409569230439559950e-01,3.073749782745313297e+01
4.314227209951325137e-01,1.521354904011938125e-01,1.616439585512683685e-01,4.583866410573282923e-01,7.408769690397657426e-01,3.066726553495149687e+01
4.210744818209739004e-01,1.526318452701773132e-01,1.621713355995634265e-01,4.473916369347848421e-01,7.403546254917940939e-01,3.058435827216433012e+01
4.129384388283897089e-01,1.503715205701265656e-01,1.597697406057594360e-01,4.387470912551644231e-01,7.412994935924041018e-01,3.058159189484180018e+01
4.110268289591795798e-01,1.450846420217580535e-01,1.541524321481179405e-01,4.367160057691285013e-01,7.429814445966932412e-01,3.064808044412450627e+01
4.144811859594608738e-01,1.397471360950765518e-01,1.484813321010186593e-01,4.403862600819272721e-01,7.437669274208623671e-01,3.077061733847212466e+01
4.202504203472243183e-01,1.361353211628384408e-01,1.446437787355160098e-01,4.465160716189254808e-01,7.466460388127933445e-01,3.094123468779420705e+01
4.368994004366647532e-01,1.311101015269862113e-01,1.393044828724228634e-01,4.642056129639561823e-01,7.491479850651006078e-01,3.106261720263220383e+01
4.531385789134828590e-01,1.259078973194820150e-01,1.337771409019496427e-01,4.814597400955752393e-01,7.514738720058224963e-01,3.114846315841001356e+01
4.629451507304097047e-01,1.219741701490901220e-01,1.295975557834081193e-01,4.918792226510604326e-01,7.562946101617195049e-01,3.118399411335583338e+01
4.674557281038161927e-01,1.198866977615644785e-01,1.273796163716621743e-01,4.966717111103049476e-01,7.571643926456244067e-01,3.120519518704859507e+01
4.760314511414346916e-01,1.198600803013397526e-01,1.273513353201732312e-01,5.057834168377747242e-01,7.553086187807919183e-01,3.120990021104300638e+01
4.792851240205653340e-01,1.226941629289555469e-01,1.303625481120152252e-01,5.092404442718506674e-01,7.531298533640669035e-01,3.121398122050348434e+01
4.790643306926249401e-01,1.268898119514439982e-01,1.348204251984093383e-01,5.090058513609138080e-01,7.509212566326356475e-01,3.121437234606194266e+01
4.763939915184913221e-01,1.351676974538873754e-01,1.436156785447553208e-01,5.061686159883969083e-01,7.481501805431696184e-01,3.121772688265195939e+01
4.829109320972040376e-01,1.434578902538181100e-01,1.524240083946816204e-01,5.130928653532793593e-01,7.441410732705713293e-01,3.124630731355249225e+01
4.831138874822707430e-01,1.473305673865278331e-01,1.565387278481858435e-01,5.133085054499122446e-01,7.411387725515766745e-01,3.125535993709413063e+01
4.790597384074206655e-01,1.479768249260544899e-01,1.572253764839328938e-01,5.090009720578845265e-01,7.396263624425872818e-01,3.126838741887683781e+01
4.667826207490161639e-01,1.486964852977148699e-01,1.579900156288221447e-01,4.959565345458294416e-01,7.378980987833861915e-01,3.126143973591847569e+01
4.580458472633108236e-01,1.498613603217728019e-01,1.592276953418836627e-01,4.866737127172675592e-01,7.381923190940048451e-01,3.124233296549406447e+01
4.497873225541293984e-01,1.498430846766566071e-01,1.592082774689475566e-01,4.778990302137627877e-01,7.387924499633955477e-01,3.118808973181326394e+01
4.348678905608462375e-01,1.527772304486383625e-01,1.623258073516782307e-01,4.620471337208991169e-01,7.373607061795948159e-01,3.095514609092552050e+01
4.292918705926840883e-01,1.529462955016706871e-01,1.625054389705249958e-01,4.561226125047270763e-01,7.367869435151886970e-01,3.084342987401912950e+01
4.261020788914535729e-01,1.505098967899941298e-01,1.599167653393688548e-01,4.527334588221693656e-01,7.368918860790210079e-01,3.080691086808093715e+01
4.276095860206502453e-01,1.423760985317553407e-01,1.512746046899900720e-01,4.543351851469407676e-01,7.374877906188707088e-01,3.082378394177546355e+01
4.244558031092465211e-01,1.352806643817701659e-01,1.437357059056307562e-01,4.509842908035745501e-01,7.391572322431592124e-01,3.086344923125917461e+01
4.252592817585296170e-01,1.340834506977735818e-01,1.424636663663841896e-01,4.518379868684379574e-01,7.416498845292298636e-01,3.103839056599218438e+01
4.386178384839187205e-01,1.318073223402842775e-01,1.400452799865521403e-01,4.660314533891635191e-01,7.433083606085058026e-01,3.114719211053865422e+01
4.581138296015885847e-01,1.265105848171545755e-01,1.344174963682266966e-01,4.867459439516876318e-01,7.464397647726218610e-01,3.121499569341690616e+01
4.677893088140894773e-01,1.238729325515783991e-01,1.316149908360520204e-01,4.970261406149702466e-01,7.487677029891198766e-01,3.125632997795061740e+01
4.724957444606861512e-01,1.223389224746783410e-01,1.299851051293457738e-01,5.020267284894791571e-01,7.507979583895442177e-01,3.129638013662438567e+01
4.777072996152188500e-01,1.214470549823052914e-01,1.290374959186993686e-01,5.075640058411702293e-01,7.511026615978853016e-01,3.133361586463917448e+01
4.804317848598939622e-01,1.222628087577504741e-01,1.299042343051098058e-01,5.104587714136373799e-01,7.502561007428494300e-01,3.133839454842957650e+01
4.805146186501357275e-01,1.250499354675793928e-01,1.328655564343030338e-01,5.105467823157693319e-01,7.490404284994564010e-01,3.133961003294715653e+01
4.795422104829082932e-01,1.333873985469052337e-01,1.417241109560867796e-01,5.095135986380896487e-01,7.461129098697227846e-01,3.134837120831691237e+01
4.854978725123555994e-01,1.426722229646185391e-01,1.515892368999072481e-01,5.158414895443776960e-01,7.419020798529958327e-01,3.137570364076407259e+01
4.879870044482251257e-01,1.487505459726972679e-01,1.580474550959909685e-01,5.184861922262387068e-01,7.382796470508136144e-01,3.137694203390635650e+01
4.837589538721633331e-01,1.503629807747590974e-01,1.597606670731814282e-01,5.139938884891736004e-01,7.372326268027262763e-01,3.136979119167256513e+01
4.748536853087699794e-01,1.500378380417727031e-01,1.594152029193834086e-01,5.045320406405681135e-01,7.353840361755275001e-01,3.137715391103753149e+01
4.655376647636138565e-01,1.505128753246975370e-01,1.599199300324911366e-01,4.946337688113394693e-01,7.363606049401292264e-01,3.134596746104784870e+01
4.510990330279632254e-01,1.505885836776048869e-01,1.600003701574551629e-01,4.792927225922106738e-01,7.370939263664945118e-01,3.124946794333631317e+01
4.375228618819562154e-01,1.523783148498910334e-01,1.619019595280090928e-01,4.648680407495786593e-01,7.365861432822022881e-01,3.106079978391839802e+01
4.312517901049345848e-01,1.530444361655591001e-01,1.626097134259066046e-01,4.582050269864930692e-01,7.364227500174957974e-01,3.093500594792213931e+01
4.277500079842009861e-01,1.510389216038725835e-01,1.604788542041146182e-01,4.544843834832137941e-01,7.368692767844942093e-01,3.088527927495227487e+01
4.282396364040197967e-01,1.436887113598895038e-01,1.526692558198824712e-01,4.550046136792711970e-01,7.377780742845880813e-01,3.089588816631045987e+01
4.236205651751608903e-01,1.362821260741884644e-01,1.447997589538252139e-01,4.500968504986083141e-01,7.401977311582093044e-01,3.103764310643859758e+01
4.239361017682540256e-01,1.315564710482698962e-01,1.397787504887866017e-01,4.504321081287701034e-01,7.437652707101107818e-01,3.120773054707636618e+01
4.378596720581858226e-01,1.261034835594757042e-01,1.339849512819428767e-01,4.652259015618223081e-01,7.469456748025019577e-01,3.132721089281583460e+01
4.540159471800439550e-01,1.194696112011368189e-01,1.269364619012079143e-01,4.823919438787964142e-01,7.499445243970309649e-01,3.141092437579528962e+01
4.603439658088704367e-01,1.161067987444748262e-01,1.233634736660044889e-01,4.891154636719248772e-01,7.515201286155039906e-01,3.149369735529159797e+01
4.701768258646833454e-01,1.170207158251583279e-01,1.243345105642306575e-01,4.995628774812256867e-01,7.509875990732070017e-01,3.152793555514114843e+01
4.821125233997004544e-01,1.166817648363194793e-01,1.239743751385892906e-01,5.122445561121816704e-01,7.498601921506286017e-01,3.156194513961835213e+01
4.879340678040011148e-01,1.184444096132820923e-01,1.258471852141122838e-01,5.184299470417509381e-01,7.490305315200250780e-01,3.157260666192639675e+01
4.876354587925208484e-01,1.232921598886350251e-01,1.309979198816748347e-01,5.181126749670530440e-01,7.475465050108014431e-01,3.158677282850549162e+01
4.885941779746797442e-01,1.293067953343695342e-01,1.373884700427674688e-01,5.191313140980973184e-01,7.456324096325633866e-01,3.158587936756447334e+01
4.931927342200485564e-01,1.398140498657722552e-01,1.485524279823829119e-01,5.240172801088017751e-01,7.420072509811836969e-01,3.160044106507407591e+01
4.959654146017362653e-01,1.439098351966677791e-01,1.529041998964595361e-01,5.269632530143445459e-01,7.384817538840031670e-01,3.158049499616016931e+01
4.893752294245117818e-01,1.482675354350602159e-01,1.575342563997514378e-01,5.199611812635437369e-01,7.366581747426014237e-01,3.153633385994214677e+01
4.811809111668764460e-01,1.491152367818830426e-01,1.584349390807507918e-01,5.112547181148061615e-01,7.333435188572995367e-01,3.155807718728382483e+01
4.758039753149037598e-01,1.489294353401381110e-01,1.582375250488966822e-01,5.055417237720850610e-01,7.323166061583460396e-01,3.162910585849941825e+01
4.630843740168278377e-01,1.487029477042588754e-01,1.579968819357750742e-01,4.920271473928794492e-01,7.326453149856601010e-01,3.164559774652159163e+01
4.464597763005588305e-01,1.520244356093372884e-01,1.615259628349209331e-01,4.743635123193438163e-01,7.330352018975672124e-01,3.158173417862673915e+01
4.382573933861476645e-01,1.536394710639165939e-01,1.632419380054112024e-01,4.656484804727821780e-01,7.339562479069993151e-01,3.153057634452742519e+01
4.341156508928356583e-01,1.524929875747847996e-01,1.620237992982088426e-01,4.612478790736380119e-01,7.348745823352507145e-01,3.151444288329771481e+01
4.315802976600938701e-01,1.478670607156282735e-01,1.571087520103550406e-01,4.585540662638498688e-01,7.369054485160165813e-01,3.159078072095775980e+01
4.262271517789787412e-01,1.419457931572148390e-01,1.508174052295408463e-01,4.528663487651647390e-01,7.395115717487321660e-01,3.172331221908498478e+01
4.277899831238562434e-01,1.365646448609992292e-01,1.450999351648115665e-01,4.545268570690972898e-01,7.422992700060090376e-01,3.183235682466913374e+01
4.430487436957046277e-01,1.310487562672547623e-01,1.392393035339582197e-01,4.707392901766858651e-01,7.446262507541860920e-01,3.192050943479170044e+01
4.566264442937575385e-01,1.258143737043091182e-01,1.336777720608282316e-01,4.851655970621172043e-01,7.478621043323872009e-01,3.201955489188726034e+01
4.627332749989293559e-01,1.231404271270163386e-01,1.308367038224549639e-01,4.916541046863622810e-01,7.507398402473004495e-01,3.207032048081929787e+01
4.742778227394891521e-01,1.225784997040934299e-01,1.302396559355993022e-01,5.039201866607073699e-01,7.495740021531304142e-01,3.205626723654338406e+01
4.844719837351990077e-01,1.222314340494190382e-01,1.298708986775077567e-01,5.147514827186489006e-01,7.478953236640678570e-01,3.206730108361617226e+01
4.884086234379449998e-01,1.242711384738534319e-01,1.320380846284691101e-01,5.189341624028169786e-01,7.461539573528586100e-01,3.207949227460026265e+01
4.888871203339550386e-01,1.276802642877201965e-01,1.356602808057026932e-01,5.194425653548269128e-01,7.442391566920649737e-01,3.209179936579706549e+01
4.910946995268089532e-01,1.336372039099581466e-01,1.419895291543304128e-01,5.217881182472349222e-01,7.416806342454457246e-01,3.210529514095753711e+01
4.988277424527440274e-01,1.426132534740171820e-01,1.515265818161432576e-01,5.300044763560405325e-01,7.371314873833099135e-01,3.215432029776258815e+01
5.018490577233235550e-01,1.469585841940228010e-01,1.561434957061492712e-01,5.332146238310309094e-01,7.333606921951306701e-01,3.218216142939109403e+01
4.956625000917175838e-01,1.504326616339873579e-01,1.598347029861116042e-01,5.266414063474499363e-01,7.322161290433931713e-01,3.217731512318041354e+01
4.832115149489840111e-01,1.531484616189550951e-01,1.627202404701396654e-01,5.134122346332954390e-01,7.306055298404745546e-01,3.218744747812572626e+01
4.722670663741657671e-01,1.535554955121567755e-01,1.631527139816665861e-01,5.017837580225512628e-01,7.290161278732610883e-01,3.207933773088216611e+01
4.609275183153011546e-01,1.532203581117178581e-01,1.627966304937002451e-01,4.897354882100076745e-01,7.291289986931072109e-01,3.187025070282176031e+01
4.499567618140501990e-01,1.543595701583757585e-01,1.640070432932742017e-01,4.780790594274283989e-01,7.296888039445975638e-01,3.169576055001136439e+01
4.419799317337468891e-01,1.573971262375083169e-01,1.672344466273527341e-01,4.696036774671059622e-01,7.309890684720983245e-01,3.161628135519453409e+01
4.376333456475526851e-01,1.578814036066544524e-01,1.677489913320703852e-01,4.649854297505245926e-01,7.318271301716999799e-01,3.157744472151327031e+01
4.376435150230740256e-01,1.509511396279789863e-01,1.603855858547277302e-01,4.649962347120158435e-01,7.333012568117438512e-01,3.162292524574605679e+01
4.316415796375623337e-01,1.441513436934384329e-01,1.531608026742784234e-01,4.586191783649100073e-01,7.353687720145517526e-01,3.176942175432499837e+01
4.300356255826340846e-01,1.397326728331157730e-01,1.484659648851854030e-01,4.569128521815487010e-01,7.379629524108478611e-01,3.193049091007733864e+01
4.461762118782368058e-01,1.329026551419636160e-01,1.412090710883361910e-01,4.740622251206268456e-01,7.412764196715866394e-01,3.205556821988140825e+01
4.625155546735730816e-01,1.263498382397432451e-01,1.342467031297271685e-01,4.914227768406713714e-01,7.439143238964843752e-01,3.215119557943015138e+01
4.691065210463487012e-01,1.221313075906069190e-01,1.297645143150198965e-01,4.984256786117456373e-01,7.443660870627114567e-01,3.222251068429628162e+01
4.759708836167592660e-01,1.218076053028319949e-01,1.294205806342588749e-01,5.057190638428069596e-01,7.440361227712376513e-01,3.228623371829110056e+01
4.837629448139326716e-01,1.207611917796223289e-01,1.283087662658486672e-01,5.139981288648037827e-01,7.439484249496770563e-01,3.233902655709729856e+01
4.900165201208623866e-01,1.217409661240361762e-01,1.293497765067882499e-01,5.206425526284165217e-01,7.436862259361313177e-01,3.235631509177611775e+01
4.922298079985504837e-01,1.245008541825374654e-01,1.322821575689460127e-01,5.229941709984601284e-01,7.428376077134624111e-01,3.236043242383734508e+01
4.936736355162677503e-01,1.318398190197421216e-01,1.400798077084759174e-01,5.245282377360346304e-01,7.407085995811605317e-01,3.236723645352125800e+01
5.031886979079231992e-01,1.388979350836218873e-01,1.475790560263481876e-01,5.346379915271683991e-01,7.374795661322154361e-01,3.241141649380271872e+01
5.024789560086939666e-01,1.439507730697019428e-01,1.529476963865583072e-01,5.338838907592371452e-01,7.352701719818289794e-01,3.239162357518623025e+01
4.942831678456093836e-01,1.476737957979763205e-01,1.569034080353498839e-01,5.251758658359595433e-01,7.338748041523768251e-01,3.235401028934511913e+01
4.833005281872995718e-01,1.523815675000408654e-01,1.619054154687933622e-01,5.135068111990057638e-01,7.336337301585358350e-01,3.238126219640536618e+01
4.731255006680216701e-01,1.554033668784309541e-01,1.651160773083328870e-01,5.026958444597728892e-01,7.318683309405267234e-01,3.239514600718162995e+01
4.593886731396162881e-01,1.570902989696750796e-01,1.669084426552797928e-01,4.881004652108422714e-01,7.306301823765621872e-01,3.233128756725211872e+01
4.447290260346493107e-01,1.583913983720308116e-01,1.682908607702826853e-01,4.725245901618146949e-01,7.313047508576492328e-01,3.211487092639138297e+01
4.362691151049871152e-01,1.595666698713683052e-01,1.695395867383287514e-01,4.635359347990488654e-01,7.327565157991735578e-01,3.197633689229596499e+01
4.318049609700834179e-01,1.590622520830195230e-01,1.690036428382081790e-01,4.587927710307138085e-01,7.336982270115074423e-01,3.192600172684987925e+01
4.334089081461964810e-01,1.524050888479459576e-01,1.619304069009425140e-01,4.604969649053337055e-01,7.355830105893360615e-01,3.200141809431625717e+01
4.279854044844308425e-01,1.459865589676865583e-01,1.551107189031671607e-01,4.547344922647074683e-01,7.386688117592009606e-01,3.211688242897269419e+01
4.256451547924324785e-01,1.402198968340528373e-01,1.489836403861811709e-01,4.522479769669594529e-01,7.420206854438792243e-01,3.223896981638271342e+01
4.376240996681937667e-01,1.334238220471474778e-01,1.417628109250940183e-01,4.649756058974562345e-01,7.444993752194890568e-01,3.233149610728076340e+01
4.547868939899102902e-01,1.267455953951621139e-01,1.346671951073598883e-01,4.832110748642794440e-01,7.478369168572948089e-01,3.241205849617885093e+01
4.634482683771408706e-01,1.225438293662168138e-01,1.302028187016052718e-01,4.924137851507119357e-01,7.495133957054114227e-01,3.249662086001132622e+01
4.732643848598083736e-01,1.236602241227758858e-01,1.313889881304492468e-01,5.028434089135463969e-01,7.483001831973822293e-01,3.255507817351468702e+01
4.833433262371845673e-01,1.230339532327286850e-01,1.307235753097742981e-01,5.135522841270084848e-01,7.466089754749509755e-01,3.258414261556775671e+01
4.872923658337684483e-01,1.237302286234292503e-01,1.314633679123933807e-01,5.177481386983791012e-01,7.458606329129190415e-01,3.260157479348617926e+01
4.879401649428778964e-01,1.273558873840906214e-01,1.353156303455964049e-01,5.184364252518078864e-01,7.444566473031865028e-01,3.261144252006647548e+01
4.899840442655336581e-01,1.331022864088293178e-01,1.414211793093810565e-01,5.206080470321298170e-01,7.427183343283202399e-01,3.260701278918713086e+01
4.974550966265650076e-01,1.404503448191995463e-01,1.492284913703995353e-01,5.285460401657253726e-01,7.397659404753270662e-01,3.260598789718228829e+01
4.988583977342371245e-01,1.457738824173774872e-01,1.548847500684636114e-01,5.300370475926267089e-01,7.371351817929302497e-01,3.256252328722278122e+01
4.910258332172780515e-01,1.499143300305841586e-01,1.592839756574957466e-01,5.217149477933578083e-01,7.357646193274314239e-01,3.251099261077013836e+01
4.784861703039658409e-01,1.536124243957349145e-01,1.632132009204684819e-01,5.083915559479637025e-01,7.353143435761783087e-01,3.251482812897523900e+01
4.661286725271626685e-01,1.564004216409033143e-01,1.661754479934597351e-01,4.952617145601102555e-01,7.324180768813887132e-01,3.250763694531813996e+01
4.558774619537979134e-01,1.569590084853201006e-01,1.667689465156524387e-01,4.843698033259104530e-01,7.311621374098045134e-01,3.237408403278168834e+01
4.444398351976397432e-01,1.573097998224846084e-01,1.671416623113899103e-01,4.722173248974922966e-01,7.319883759517475941e-01,3.218160962252019175e+01
4.408892937203243712e-01,1.574982874859828519e-01,1.673419304538567298e-01,4.684448745778447831e-01,7.333058796514243527e-01,3.207969975993204770e+01
4.393886606960102359e-01,1.568294785891174437e-01,1.666313210009372214e-01,4.668504519895106952e-01,7.336261792192569908e-01,3.202876414239376857e+01
4.421928512567501746e-01,1.495749831550676756e-01,1.589234196022593359e-01,4.698299044602968211e-01,7.344119016830388258e-01,3.205941795132714134e+01
4.363360772148572875e-01,1.429040863421039143e-01,1.518355917384853759e-01,4.636070820407859339e-01,7.367939984689763078e-01,3.219369377966609846e+01
4.323508072701063853e-01,1.376632528135043332e-01,1.462672061143482360e-01,4.593727327244879199e-01,7.392508085905705739e-01,3.233977889160318853e+01
4.467129032164265934e-01,1.307164887813947463e-01,1.388862693302318763e-01,4.746324596674533214e-01,7.424689097596797183e-01,3.245026746468416690e+01
4.625077293714767168e-01,1.241953901563071921e-01,1.319576020410763162e-01,4.914144624571939457e-01,7.453251877882870469e-01,3.253306813336244119e+01
4.703617622555741340e-01,1.200903860874743684e-01,1.275960352179415780e-01,4.997593723965472190e-01,7.455731053301667410e-01,3.256373593332318706e+01
4.784279689600749452e-01,1.194344898711909714e-01,1.268991454881404357e-01,5.083297170200794524e-01,7.441754752111865434e-01,3.262140860569065381e+01
4.869794132301469847e-01,1.196484622109870583e-01,1.271264910991736774e-01,5.174156265570311053e-01,7.431629320135865191e-01,3.268850949021404517e+01
4.932803888140027126e-01,1.206809808334328021e-01,1.282235421355223115e-01,5.241104131148778267e-01,7.429002334362005966e-01,3.271662261184402354e+01
4.956372575067522490e-01,1.197492915046122486e-01,1.272336222236506165e-01,5.266145861009241536e-01,7.424938410437984526e-01,3.273566497891166449e+01
4.956028110222362448e-01,1.195201580974148414e-01,1.269901679785032100e-01,5.265779867111257673e-01,7.414117579476128261e-01,3.275452944630653462e+01
4.994471049307332433e-01,1.211676134885517342e-01,1.287405893315862471e-01,5.306625489889043035e-01,7.388438995490722583e-01,3.277159566012708325e+01
4.935330759964522973e-01,1.236874450507374490e-01,1.314179103664085968e-01,5.243788932462304375e-01,7.363239433380426302e-01,3.275492314681416417e+01
4.815137276068814365e-01,1.270970770868123656e-01,1.350406444047381471e-01,5.116083355823113354e-01,7.345218883630775242e-01,3.272870323808545123e+01
4.642811845742447763e-01,1.349639340909893626e-01,1.433991799716762272e-01,4.932987586101351685e-01,7.338500412195626543e-01,3.271473823334883946e+01
4.510898452314294760e-01,1.445793905571791105e-01,1.536156024670027598e-01,4.792829605583937003e-01,7.326646836931136608e-01,3.272851485988027065e+01
4.357351934229544699e-01,1.546629005250878541e-01,1.643293318079059040e-01,4.629686430118890583e-01,7.311903613365101640e-01,3.267925731494414521e+01
4.206452489970331499e-01,1.607126765959627224e-01,1.707572188832102156e-01,4.469355770593479993e-01,7.316029540017711108e-01,3.246292747612899632e+01
4.148771918858134011e-01,1.633540849469912459e-01,1.735637152561781416e-01,4.408070163786769191e-01,7.322753604506877512e-01,3.230176601168175665e+01
4.135212080751325403e-01,1.642883708052536307e-01,1.745563939805819254e-01,4.393662835798283206e-01,7.325820308250802215e-01,3.225319071580661046e+01
4.162084207382601986e-01,1.594820984041486478e-01,1.694497295544079574e-01,4.422214470344013604e-01,7.344333999251462242e-01,3.234443734171690465e+01
4.140578760879257691e-01,1.522022737501644296e-01,1.617149158595495850e-01,4.399364933434209979e-01,7.365378059070406547e-01,3.248766303294477353e+01
4.160956796311310324e-01,1.454983544561202213e-01,1.545920016096276328e-01,4.421016596080769023e-01,7.388311680985294450e-01,3.266170933922884956e+01
4.288296031662254815e-01,1.382803610950438244e-01,1.469228836634840496e-01,4.556314533641147024e-01,7.414026524565947573e-01,3.281513743498310021e+01
4.454839092995723226e-01,1.319901049391381254e-01,1.402394864978342426e-01,4.733266536307952910e-01,7.450927977702611615e-01,3.293286830309361335e+01
4.572379748040911740e-01,1.258591208913177883e-01,1.337253159470249975e-01,4.858153482293472436e-01,7.482505215242782892e-01,3.301709803729716697e+01
4.682938068185595881e-01,1.254035407474532737e-01,1.332412620441689732e-01,4.975621697447198399e-01,7.459100804833908027e-01,3.307573759356101561e+01
4.819737859292450577e-01,1.247083106598570190e-01,1.325025800760979977e-01,5.120971475498231618e-01,7.444151582039334469e-01,3.311215925010560568e+01
4.893330195183181464e-01,1.261692531663548555e-01,1.340548314892520687e-01,5.199163332382128466e-01,7.439355542740785365e-01,3.316728933134826462e+01
4.896501344403167422e-01,1.297266883103224966e-01,1.378346063297176405e-01,5.202532678428366530e-01,7.433782557615322695e-01,3.317376148051793194e+01
4.910763919823616375e-01,1.335565357305113221e-01,1.419038192136681809e-01,5.217686664812593023e-01,7.424328387722064493e-01,3.313524907318643642e+01
4.992468507529599364e-01,1.367114622315553085e-01,1.452559286210274581e-01,5.304497789250199880e-01,7.403615197402320103e-01,3.310089497019783522e+01
4.964764090427012944e-01,1.394440040946529347e-01,1.481592543505687309e-01,5.275061846078700212e-01,7.377138058168450918e-01,3.305038122420872071e+01
4.853949336830374883e-01,1.443116513019469249e-01,1.533311295083185088e-01,5.157321170382275222e-01,7.353748303552550825e-01,3.295469200228524898e+01
4.716383668113248717e-01,1.497545598224576668e-01,1.591142198113611461e-01,5.011157647370326762e-01,7.343103235488935843e-01,3.288968253259170638e+01
4.614210238709672285e-01,1.557395621972219868e-01,1.654732848345482898e-01,4.902598378629025588e-01,7.324141904042361650e-01,3.290062331022660658e+01
4.484933199201359133e-01,1.588804497618001854e-01,1.688104778719126675e-01,4.765241524151442865e-01,7.310176647329073019e-01,3.284901568148537621e+01
4.316575281445493850e-01,1.618173851311625056e-01,1.719309717018602801e-01,4.586361236535835273e-01,7.321123170528166524e-01,3.281791298691715042e+01
4.208739869422264412e-01,1.641227180678521691e-01,1.743803879470928742e-01,4.471786111261156216e-01,7.336937776433326563e-01,3.278337200101666582e+01
4.207660336486680475e-01,1.638377752056880410e-01,1.740776361560436303e-01,4.470639107517098143e-01,7.352961566157754092e-01,3.275368539270518653e+01
4.263489989384600110e-01,1.573100363149102787e-01,1.671419135845922388e-01,4.529958113721136437e-01,7.376643995097988959e-01,3.285097365564564598e+01
4.231390805136451272e-01,1.509201265860156682e-01,1.603526344976415885e-01,4.495852730457480240e-01,7.407292435177980083e-01,3.296685139565745004e+01
4.240286567022764075e-01,1.459843533952318861e-01,1.551083754824338357e-01,4.505304477461686830e-01,7.440678392599027191e-01,3.305175914033357998e+01
4.268408313499694184e-01,1.388757042915065576e-01,1.475554358097256880e-01,4.535183833093423544e-01,7.479971629980520786e-01,3.307238925314755562e+01
4.358742017316377670e-01,1.339784258571326547e-01,1.423520774732033867e-01,4.631163393398649575e-01,7.517332826864614459e-01,3.308699953216200385e+01
4.467928250787159827e-01,1.311793517182649194e-01,1.393780612006566000e-01,4.747173766461356692e-01,7.524376917097149731e-01,3.309405383382993193e+01
4.603106763512606614e-01,1.323564632169893507e-01,1.406287421680511573e-01,4.890800936232142515e-01,7.508825167671572265e-01,3.306928362708057989e+01
4.717589150983115265e-01,1.305705638109533884e-01,1.387312240491380133e-01,5.012438472919557020e-01,7.496455718613119767e-01,3.308230810472299765e+01
4.796595765215759255e-01,1.302312631907364959e-01,1.383707171401575564e-01,5.096383000541744313e-01,7.483205412428474146e-01,3.313743146053086264e+01
4.827893335090118754e-01,1.328860239352026573e-01,1.411914004311527471e-01,5.129636668533251731e-01,7.463199286029470469e-01,3.316321306846320027e+01
4.856000490545929749e-01,1.381130291205166782e-01,1.467450934405490348e-01,5.159500521205050427e-01,7.437866318952043310e-01,3.316925115945777947e+01
4.958982336989485873e-01,1.413451419690218702e-01,1.501792133420855602e-01,5.268918733051329850e-01,7.407406786144217214e-01,3.320947668239624306e+01
4.956999060508617827e-01,1.448157171075851735e-01,1.538666994268091115e-01,5.266811501790407135e-01,7.385604836467790646e-01,3.323590289877017767e+01
4.868295756443668520e-01,1.484099775825146184e-01,1.576856011814218028e-01,5.172564241221399017e-01,7.364314092342856277e-01,3.321581398937338747e+01
4.740464118167416196e-01,1.520700508827754760e-01,1.615744290629488322e-01,5.036743125552881617e-01,7.355104754202850259e-01,3.316611376669429490e+01
4.659640253977997970e-01,1.549826093702165730e-01,1.646690224558552684e-01,4.950867769851622358e-01,7.332490532164870345e-01,3.301555905904604771e+01
4.563907885955926225e-01,1.581779922362810120e-01,1.680641167510485146e-01,4.849152128828174146e-01,7.314099385002252873e-01,3.282928752659262983e+01
4.420791809314235099e-01,1.595432744302563988e-01,1.695147290821475139e-01,4.697091297396372434e-01,7.319291130878333718e-01,3.263890295878901782e+01
4.321449176772232947e-01,1.597098789215495862e-01,1.696917463541463833e-01,4.591539750320498547e-01,7.332385813046080614e-01,3.255962623663332778e+01
4.269675971534682701e-01,1.588995345548158411e-01,1.688307554644918884e-01,4.536530719755600960e-01,7.338249237739292719e-01,3.252035056730328222e+01
4.288499924944928487e-01,1.541540725066351813e-01,1.637887020382998993e-01,4.556531170253984020e-01,7.335283527000736603e-01,3.254418978152042996e+01
4.215112053323486485e-01,1.482924430991180154e-01,1.575607207928128861e-01,4.478556556656201892e-01,7.358145681659865600e-01,3.267118936200908763e+01
4.210683198608810018e-01,1.406792118616523868e-01,1.494716626030055950e-01,4.473850898521859465e-01,7.391832068360012498e-01,3.278492678319590681e+01
4.362307257572322627e-01,1.332605677040736014e-01,1.415893531855782206e-01,4.634951461170592202e-01,7.430795011838110531e-01,3.287968769154996806e+01
4.516972516017698225e-01,1.279673661939799423e-01,1.359653265811038292e-01,4.799283298268800513e-01,7.457732564182094626e-01,3.295364027789013761e+01
4.629959779588206370e-01,1.236843867307410444e-01,1.314146609014122391e-01,4.919332265812470517e-01,7.470313151265028928e-01,3.300132030271226569e+01
4.741211244806344260e-01,1.235879554748536974e-01,1.313122026920320040e-01,5.037536947606738869e-01,7.446378012819696579e-01,3.309075536874740209e+01
4.800471797392438789e-01,1.250181471839877934e-01,1.328317813829871796e-01,5.100501284729465068e-01,7.429195999322916188e-01,3.319547191214319781e+01
4.859361496393966307e-01,1.256004615519920042e-01,1.334504903989914559e-01,5.163071589918588611e-01,7.426627490059020120e-01,3.330895122890932925e+01
4.890520316403798584e-01,1.222966311749024287e-01,1.299401706233337950e-01,5.196177836179035614e-01,7.429076525886531002e-01,3.337426879227106014e+01
4.946065543007321930e-01,1.176595917781713824e-01,1.250133162643071449e-01,5.255194639445278648e-01,7.425981151472860198e-01,3.340512928439158458e+01
4.948852724567688877e-01,1.209817641987454701e-01,1.285431244611670021e-01,5.258156019853170715e-01,7.401295582191779188e-01,3.341183962375504279e+01
4.884488443078087161e-01,1.246548560652413207e-01,1.324457845693188807e-01,5.189768970770468615e-01,7.379002453685368224e-01,3.336069344288966931e+01
4.777199544065717229e-01,1.275097391910841593e-01,1.354790978905269505e-01,5.075774515569825285e-01,7.358086296257045911e-01,3.333310221751466429e+01
4.658453760269491428e-01,1.314928626433554681e-01,1.397111665585651641e-01,4.949607120286337869e-01,7.341266752039156129e-01,3.333147318559928607e+01
4.522013350557024802e-01,1.397536456767712876e-01,1.484882485315695000e-01,4.804639184966841836e-01,7.313645631564260619e-01,3.335748895511689227e+01
4.375029846423088009e-01,1.491484965665987039e-01,1.584702776020111836e-01,4.648469211824528546e-01,7.292889967635379778e-01,3.331668858687417867e+01
4.257684524440572549e-01,1.582702086242428474e-01,1.681620966632579872e-01,4.523789807218110415e-01,7.292813998387228658e-01,3.316649024690548941e+01
4.186312080439236749e-01,1.623758887992836353e-01,1.725243818492390169e-01,4.447956585466684709e-01,7.304059950297948633e-01,3.306033544618330922e+01
4.169513704110061614e-01,1.637039750985482822e-01,1.739354735422074527e-01,4.430108310616945322e-01,7.310894041408834143e-01,3.302974018099782683e+01
4.191793052686657584e-01,1.591456999663398708e-01,1.690923062142360433e-01,4.453780118479575001e-01,7.331803459960473113e-01,3.313245441523474710e+01
4.184950076439254985e-01,1.502110549503205550e-01,1.595992458847156625e-01,4.446509456216708456e-01,7.359795170239016304e-01,3.322535618901678589e+01
4.203373001174212087e-01,1.425828137243590199e-01,1.514942395821313736e-01,4.466083813747602771e-01,7.391538945217155376e-01,3.333546381656112345e+01
4.353787741780563159e-01,1.369665226145177217e-01,1.455269302779249874e-01,4.625899475641847558e-01,7.422365819954555022e-01,3.342036997889573513e+01
4.515150663311915391e-01,1.329604601375266593e-01,1.412704888961220928e-01,4.797347579768911352e-01,7.448473458398178204e-01,3.348400009495160390e+01
4.656302477692697561e-01,1.278523166653106613e-01,1.358430864568925811e-01,4.947321382548490742e-01,7.482289656609740769e-01,3.358474474956009459e+01
4.785136994035902314e-01,1.272289483094627416e-01,1.351807575788040172e-01,5.084208056163147527e-01,7.466881016353508205e-01,3.364321731372628221e+01
4.898974939332593759e-01,1.251038700270460657e-01,1.329228619037363390e-01,5.205160873040881597e-01,7.446807141279041531e-01,3.377586082574173076e+01
4.957877786992456182e-01,1.239340694005001686e-01,1.316799487380313494e-01,5.267745148679483513e-01,7.431061476688625156e-01,3.387896218773295942e+01
5.004440187644568772e-01,1.234476962538529621e-01,1.311631772697187115e-01,5.317217699372353001e-01,7.422556126876403981e-01,3.392677382879050896e+01
5.032305142132111886e-01,1.222638706261412883e-01,1.299053625402751266e-01,5.346824213515368740e-01,7.406541354670900246e-01,3.396720812844989013e+01
5.060857644725011983e-01,1.255892983477168157e-01,1.334386294944492346e-01,5.377161247520324538e-01,7.369117605949168093e-01,3.399463838551962880e+01
5.022459647522902193e-01,1.273318024501458590e-01,1.352900401032798294e-01,5.336363375493086147e-01,7.343884818516694946e-01,3.396392250313235195e+01
4.947376321716298597e-01,1.288079132513217095e-01,1.368584078295291273e-01,5.256587341823566462e-01,7.317007851165454602e-01,3.391138217298387758e+01
4.775139779105426197e-01,1.344466657160664491e-01,1.428495823233205120e-01,5.073586015299516028e-01,7.306632512075509345e-01,3.390788595224782398e+01
4.599453722860207816e-01,1.437505343971040850e-01,1.527349427969231510e-01,4.886919580538971464e-01,7.304952512912934459e-01,3.388354070278565189e+01
4.409075759260151495e-01,1.518053414824054315e-01,1.612931753250556599e-01,4.684642994213912282e-01,7.290820807951623461e-01,3.373535958527871514e+01
4.222761740018881049e-01,1.572005547455623542e-01,1.670255894171600308e-01,4.486684348770060837e-01,7.291695211506963314e-01,3.343901308959818408e+01
4.130668340229414204e-01,1.595761034861938876e-01,1.695496099540808876e-01,4.388835111493755714e-01,7.302905784648571208e-01,3.328137122349776433e+01
4.103990259733911738e-01,1.607518566160187901e-01,1.707988476545199974e-01,4.360489650967283026e-01,7.313311903624661880e-01,3.320358082547351586e+01
4.133404711790998332e-01,1.565087429215407944e-01,1.662905393541372623e-01,4.391742506277930835e-01,7.322002559438151037e-01,3.320575586841096083e+01
4.132044528563607599e-01,1.503333249179046316e-01,1.597291577252735184e-01,4.390297311598833629e-01,7.341012959409310978e-01,3.326901595126349775e+01
4.186532216547531604e-01,1.469142874687097422e-01,1.560964304355040577e-01,4.448190480081751219e-01,7.364734312194355370e-01,3.339382189675677637e+01
4.344650637815544170e-01,1.413910322542593356e-01,1.502279717701505146e-01,4.616191302679015229e-01,7.400728815612500622e-01,3.352725784151655830e+01
4.547041431359558628e-01,1.359795364707035437e-01,1.444782575001224145e-01,4.831231520819532221e-01,7.434350160179173939e-01,3.365273215493579784e+01
4.670974710797841101e-01,1.318368271370127520e-01,1.400766288330758391e-01,4.962910630222705510e-01,7.451395273474101799e-01,3.373719844764427478e+01
4.737457058668958498e-01,1.294824618083011414e-01,1.375751156713200252e-01,5.033548124835767190e-01,7.444276710447521594e-01,3.380073264330649607e+01
4.786636811366553057e-01,1.276100485553308961e-01,1.355856765900389782e-01,5.085801612076965572e-01,7.448463559637767961e-01,3.381178897103553282e+01
4.815336484395156824e-01,1.269441319657800549e-01,1.348781402136413898e-01,5.116295014669850483e-01,7.444792284027923479e-01,3.382689461086521021e+01
4.848686347573268884e-01,1.264029946367595802e-01,1.343031818015570367e-01,5.151729244296595622e-01,7.438659931236951683e-01,3.383810900710083303e+01
4.918126790053671260e-01,1.215918696491918999e-01,1.291913615022664830e-01,5.225509714432023944e-01,7.433062785344003442e-01,3.383825845300469837e+01
4.953434463748205840e-01,1.233257475292640210e-01,1.310336067498429902e-01,5.263024117732469920e-01,7.413337218696524067e-01,3.386180848902203167e+01
4.925075003062268642e-01,1.246310131456910553e-01,1.324204514672966959e-01,5.232892190753662964e-01,7.390891290053411833e-01,3.383929141351131875e+01
4.863762965179193598e-01,1.254701393010084487e-01,1.333120230073215062e-01,5.167748150502894378e-01,7.359905266045727590e-01,3.380378251043676130e+01
4.717641656006003048e-01,1.303848582193042061e-01,1.385339118580106721e-01,5.012494259506375949e-01,7.339227094467227763e-01,3.380772446250859531e+01
4.581175290736990147e-01,1.391080835331253707e-01,1.478023387539458000e-01,4.867498746408052135e-01,7.325907095133173952e-01,3.385410829956455103e+01
4.421420725900119253e-01,1.474127293601669719e-01,1.566260249451774389e-01,4.697759521268878857e-01,7.326958051566652141e-01,3.383326643878343987e+01
4.243323646301191965e-01,1.529121173438782455e-01,1.624691246778707243e-01,4.508531374195015595e-01,7.320295029214038962e-01,3.366385864399074990e+01
4.182012097224437341e-01,1.548992074571572952e-01,1.645804079232295325e-01,4.443387853300966861e-01,7.319684883728196922e-01,3.353876798204961318e+01
4.172267680318318406e-01,1.555776499452492523e-01,1.653012530668273306e-01,4.433034410338217435e-01,7.325896756527280340e-01,3.347415111162108303e+01
4.236200330316348128e-01,1.492750544247359590e-01,1.586047453262817430e-01,4.500962850961121031e-01,7.340017980691432298e-01,3.346962076934231334e+01
4.262266723533468249e-01,1.443332177790670745e-01,1.533540438902588898e-01,4.528658393754310119e-01,7.356245540057583243e-01,3.357528013938996025e+01
4.285244148376501361e-01,1.430678497793931303e-01,1.520095903906051871e-01,4.553071907650030337e-01,7.377612584361398218e-01,3.372558211352464497e+01
4.376593261857449346e-01,1.384387439416064347e-01,1.470911654379568334e-01,4.650130340723540590e-01,7.402643575619074490e-01,3.384313088029552574e+01
4.532331298928240493e-01,1.343894985316819723e-01,1.427888421899118909e-01,4.815602005111258022e-01,7.426315600599954214e-01,3.395169985848139760e+01
4.677435553239644994e-01,1.305824998692712291e-01,1.387439061111006289e-01,4.969775275317121488e-01,7.442774121828573675e-01,3.405190634222994106e+01
4.764368821947972399e-01,1.273303967114585156e-01,1.352885465059245895e-01,5.062141873319723206e-01,7.445391777992892424e-01,3.407573597638594975e+01
4.845106852072562642e-01,1.240201873401300114e-01,1.317714490488882118e-01,5.147926030327097946e-01,7.453108789403186663e-01,3.412817480809395221e+01
4.888407485754245885e-01,1.242516860975591414e-01,1.320174164786565851e-01,5.193932953613884518e-01,7.442239866078980137e-01,3.418604405977924898e+01
4.923918000861395305e-01,1.241122421609453796e-01,1.318692572960045994e-01,5.231662875915230604e-01,7.433039409828439137e-01,3.421545478668729601e+01
4.954617708917687380e-01,1.218167555936358337e-01,1.294303028182381965e-01,5.264281315725042321e-01,7.416749542068746814e-01,3.421940328701496270e+01
4.987735827258151788e-01,1.231725229816080097e-01,1.308708056679584453e-01,5.299469316461786761e-01,7.390554996754119532e-01,3.422194805683054852e+01
4.929446789016875274e-01,1.255926845493650357e-01,1.334422273337002030e-01,5.237537213330428765e-01,7.367978542443871515e-01,3.417615184680389717e+01
4.828139685106480616e-01,1.276653619519826643e-01,1.356444470739815444e-01,5.129898415425634406e-01,7.347810421705860406e-01,3.414555980141311409e+01
4.697808613799735467e-01,1.318694339186569087e-01,1.401112735385728891e-01,4.991421652162219558e-01,7.330241450787490232e-01,3.416139506707456519e+01
4.532309228033534199e-01,1.387013011854159317e-01,1.473701325095043702e-01,4.815578554785629461e-01,7.320204856387939607e-01,3.418072149312200736e+01
4.404196200838642605e-01,1.461368617502424860e-01,1.552704156096327004e-01,4.679458463391057976e-01,7.315674288989184593e-01,3.411068152070968296e+01
4.279064121245165220e-01,1.532037585230637267e-01,1.627789934307551922e-01,4.546505628822986589e-01,7.299546246047493581e-01,3.384822644343717712e+01
4.206732537518787507e-01,1.571245585092534425e-01,1.669448434160818728e-01,4.469653321113711830e-01,7.296428970569162065e-01,3.373153042676832314e+01
4.178214007564894361e-01,1.578881958086262305e-01,1.677562080466653005e-01,4.439352383037700189e-01,7.300062599050791690e-01,3.368535683711761664e+01
4.253793391484129160e-01,1.511863974230809593e-01,1.606355472620234204e-01,4.519655478451886643e-01,7.310119585939062192e-01,3.370594416448808772e+01
4.240309947573485116e-01,1.446606238710979875e-01,1.537019128630415787e-01,4.505329319296828561e-01,7.332169877210026332e-01,3.383314604566765382e+01
4.261672960381757691e-01,1.426636261296836405e-01,1.515801027627888820e-01,4.528027520405616402e-01,7.356638222874319899e-01,3.403778361570269340e+01
4.377196356041070380e-01,1.399456280991429047e-01,1.486922298553393085e-01,4.650771128293635370e-01,7.377837955795648606e-01,3.422315839760260303e+01
4.561730108819418428e-01,1.348275801236254179e-01,1.432543038813520742e-01,4.846838240620632843e-01,7.402919170439021812e-01,3.436892809221878764e+01
4.688092118025746768e-01,1.297581669191096299e-01,1.378680523515538880e-01,4.981097875402357156e-01,7.428916715606630472e-01,3.445053853766858509e+01
4.768992752404216384e-01,1.271788012732618101e-01,1.351274763528406420e-01,5.067054799429482337e-01,7.443980118080573138e-01,3.447758851013193748e+01
4.845944478422070101e-01,1.233328394599782357e-01,1.310411419262268451e-01,5.148816008323450211e-01,7.458436539215602679e-01,3.452669098864809172e+01
4.894971033802339444e-01,1.222046334520960897e-01,1.298424230428520953e-01,5.200906723414981947e-01,7.460092093669672408e-01,3.458117490428529095e+01
4.924087794542356677e-01,1.236478725394974804e-01,1.313758645732162333e-01,5.231843281701250570e-01,7.450180340143174318e-01,3.460132161290660946e+01
4.944784453911938993e-01,1.230251935027072419e-01,1.307142680966263126e-01,5.253833482281435874e-01,7.435481571641221477e-01,3.462029361750781220e+01
5.004194653508031720e-01,1.235338853768522677e-01,1.312547532129054728e-01,5.316956819352283148e-01,7.412394142505630557e-01,3.462829284885372516e+01
4.965399312657245989e-01,1.270674315323480907e-01,1.350091460031197232e-01,5.275736769698323725e-01,7.387643532710245209e-01,3.458851906895787209e+01
4.863607029200011644e-01,1.300708281491476936e-01,1.382002549084693221e-01,5.167582468525010464e-01,7.361106052913849451e-01,3.455374104238663335e+01
4.713957405452816052e-01,1.347703260468343101e-01,1.431934714247613538e-01,5.008579743293619657e-01,7.336164308379384824e-01,3.456192592349919579e+01
4.572998843728924845e-01,1.423755602676468890e-01,1.512740327843749011e-01,4.858811271461979109e-01,7.318756499295989704e-01,3.459957770046349168e+01
4.449181052276391934e-01,1.483047682209383267e-01,1.575738162347469773e-01,4.727254868043668234e-01,7.326120521150774056e-01,3.458162493201050580e+01
4.288867327622669090e-01,1.525258248121574012e-01,1.620586888629173550e-01,4.556921535599086082e-01,7.304466478234646898e-01,3.452002601841589069e+01
4.213010289260621377e-01,1.557314459946756990e-01,1.654646613693430135e-01,4.476323432339409658e-01,7.296658964526890889e-01,3.448079820588063171e+01
4.195170523934522722e-01,1.560242454931390077e-01,1.657757608364601176e-01,4.457368681680429767e-01,7.293967716545812774e-01,3.445203769667485716e+01
4.212632403428420713e-01,1.519799917871695882e-01,1.614787412738675765e-01,4.475921928642698777e-01,7.312633121622780230e-01,3.449748214825194736e+01
4.161079169531133881e-01,1.482267692138950488e-01,1.574909422897632638e-01,4.421146617626832143e-01,7.339051813756185538e-01,3.455168168546397567e+01
4.146494769630455490e-01,1.494374910842407866e-01,1.587773342770057161e-01,4.405650692732361318e-01,7.367539442233528302e-01,3.463268669259013421e+01
4.251914672836658582e-01,1.450346602151685038e-01,1.540993264786165162e-01,4.517659339888950298e-01,7.377615529012307993e-01,3.471081632014175966e+01
4.445304244109910541e-01,1.395859222027533986e-01,1.483100423404254131e-01,4.723135759366779984e-01,7.399447009187836155e-01,3.488385399857597946e+01
4.607001166899656330e-01,1.336828277227371797e-01,1.420380044554082899e-01,4.894938739830884122e-01,7.426130106493180616e-01,3.510394174657846378e+01
4.706695988617579651e-01,1.291837417249419306e-01,1.372577255827507892e-01,5.000864487906175881e-01,7.438678298409838741e-01,3.528820916800868446e+01
4.813300819915886097e-01,1.248762140973916773e-01,1.326809774784785401e-01,5.114132121160629429e-01,7.437651728393031014e-01,3.548054358590909629e+01
4.913979978177575592e-01,1.238133142574332768e-01,1.315516463985228479e-01,5.221103726813672852e-01,7.423817055622445871e-01,3.557829803836398241e+01
4.984876606159061030e-01,1.229139861766515990e-01,1.305961103126922207e-01,5.296431394044001095e-01,7.408610334331613423e-01,3.562177282113839993e+01
5.016389073327559567e-01,1.237264574591747102e-01,1.314593610503731191e-01,5.329913390410534468e-01,7.376670324002141399e-01,3.565465852623805176e+01
5.092402620524562051e-01,1.232323919750785007e-01,1.309344164735208871e-01,5.410677784307346139e-01,7.339888933360823042e-01,3.568992049415055590e+01
5.094642365489282509e-01,1.248974770054353672e-01,1.327035693182749831e-01,5.413057513332365511e-01,7.291071133075209820e-01,3.570116360715280024e+01
4.979657740792753362e-01,1.282261876929262634e-01,1.362403244237339328e-01,5.290886349592303084e-01,7.268371138361325867e-01,3.568219343404853561e+01
4.797941092248243500e-01,1.328370651727448504e-01,1.411393817460413758e-01,5.097812410513756776e-01,7.250808567572092356e-01,3.550206086259424865e+01
4.645290227362166569e-01,1.369299520097807532e-01,1.454880740103920989e-01,4.935620866572298926e-01,7.259013987304383519e-01,3.532978528137844165e+01
4.490622702501558261e-01,1.425182579472729083e-01,1.514256490689774859e-01,4.771286621407907491e-01,7.258421419496459137e-01,3.507524794601001616e+01
4.354693697820432585e-01,1.489807385918957838e-01,1.582920347538892547e-01,4.626862053934210905e-01,7.248208106605379397e-01,3.477091789159734248e+01
4.272616745778244907e-01,1.537640764580458230e-01,1.633743312366736922e-01,4.539655292389384589e-01,7.248587175613124822e-01,3.463365337215660134e+01
4.216563825294886159e-01,1.558954001277547963e-01,1.656388626357394867e-01,4.480099064375815954e-01,7.252102646270843778e-01,3.456703013485564213e+01
4.182512639249675312e-01,1.556754232748516487e-01,1.654051372295298750e-01,4.443919679202780748e-01,7.268446981724032696e-01,3.457664385215180403e+01
4.088426993092166839e-01,1.550529808224725414e-01,1.647437921238771030e-01,4.343953680160427266e-01,7.296230221211749134e-01,3.461999384656471790e+01
4.130579227450402735e-01,1.523260961354021281e-01,1.618464771438648253e-01,4.388740429166051449e-01,7.326569094700516871e-01,3.477587464971377784e+01
4.284020381789628296e-01,1.468000902781274597e-01,1.559750959205103982e-01,4.551771655651483117e-01,7.355177880419820902e-01,3.494758723271292666e+01
4.483826459211208704e-01,1.404650779173882424e-01,1.492441452872248775e-01,4.764065612911910774e-01,7.379458998311233531e-01,3.510040493567002784e+01
4.616280920284371869e-01,1.348571356000351495e-01,1.432857065750374193e-01,4.904798477802141399e-01,7.400954078371442257e-01,3.521358389596316840e+01
4.693489939120022436e-01,1.322183036681709167e-01,1.404819476474314932e-01,4.986833060315023491e-01,7.406888439038548100e-01,3.526381819489058245e+01
4.805886207407683575e-01,1.292898359391181085e-01,1.373704506853129503e-01,5.106254095370663659e-01,7.411677256082427334e-01,3.536615726723637465e+01
4.893561509271366350e-01,1.275382077830534422e-01,1.355093457694943326e-01,5.199409103600824977e-01,7.408415154151163362e-01,3.545243289190285907e+01
4.952980218015177738e-01,1.258440267576899640e-01,1.337092784300456527e-01,5.262541481641125340e-01,7.404495553805675589e-01,3.550328496076775764e+01
4.977557770521706115e-01,1.242237977827523460e-01,1.319877851441746131e-01,5.288655131179308411e-01,7.383416635600776878e-01,3.558971758959265230e+01
5.021085601448315172e-01,1.256295124645942229e-01,1.334813569936314226e-01,5.334903451538836050e-01,7.349868824335759054e-01,3.565918916845853204e+01
5.017376548392685764e-01,1.279681721765054681e-01,1.359661829375370945e-01,5.330962582667225780e-01,7.313669680629333314e-01,3.572509558046335343e+01
5.005962079617692906e-01,1.266167376618183293e-01,1.345302837656817962e-01,5.318834709593800447e-01,7.263604611448080117e-01,3.572637147896839593e+01
4.894057940165264520e-01,1.286454816967487202e-01,1.366858243027955777e-01,5.199936561425591020e-01,7.219537916754339424e-01,3.570524465577320683e+01
4.723717439286237441e-01,1.319399465820951245e-01,1.401861932434761704e-01,5.018949779241624887e-01,7.229079227647885464e-01,3.558135972861217766e+01
4.530633023159711947e-01,1.362526513217641733e-01,1.447684420293743612e-01,4.813797587107196962e-01,7.238362007669013609e-01,3.538388087470580246e+01
4.398146688864890685e-01,1.428943015251940285e-01,1.518251953705187507e-01,4.673030856918947151e-01,7.230624653726392959e-01,3.514115509351817934e+01
4.278219584935949449e-01,1.487613667022470998e-01,1.580589521211375748e-01,4.545608308994448787e-01,7.239718235931351664e-01,3.503533747311338686e+01
4.209269076753994199e-01,1.516955159681405430e-01,1.611764857161492592e-01,4.472348394051119391e-01,7.249090185450371981e-01,3.497805789086397965e+01
4.148900232715045933e-01,1.533824846166395306e-01,1.629688899051794371e-01,4.408206497259735679e-01,7.251363032901736450e-01,3.503729594693939475e+01
4.081252927675237396e-01,1.538939815720593851e-01,1.635123554203130325e-01,4.336331235654941052e-01,7.268295679449753299e-01,3.513701268057443627e+01
4.116995094992219606e-01,1.519848886958630463e-01,1.614839442393545821e-01,4.374307288429233331e-01,7.304381772636863168e-01,3.529819300091716627e+01
4.266394068561503716e-01,1.448177353904131492e-01,1.538688438523140023e-01,4.533043697846597664e-01,7.336173716822581570e-01,3.545320439685660574e+01
4.461718127209728380e-01,1.390197767253691374e-01,1.477085127707048196e-01,4.740575510160333628e-01,7.368705869982541401e-01,3.559795988844273751e+01
4.613398294428051605e-01,1.335197201675422940e-01,1.418647026780137099e-01,4.901735687829801846e-01,7.386016122458435307e-01,3.569955883389828699e+01
4.690812019958628953e-01,1.312923276685610541e-01,1.394980981478461113e-01,4.983987771206042638e-01,7.389143394127450915e-01,3.575809143464496032e+01
4.813970272997922240e-01,1.282614646979900186e-01,1.362778062416143132e-01,5.114843415060290610e-01,7.396820671261816749e-01,3.580678043749760064e+01
4.894133451218694031e-01,1.258393402537203165e-01,1.337042990195779213e-01,5.200016791919860326e-01,7.399597563133137879e-01,3.582729802007427367e+01
4.936448838861235977e-01,1.256136635942102786e-01,1.334645175688483898e-01,5.244976891290062948e-01,7.394093395731147211e-01,3.586200737741306455e+01
4.902327235625869584e-01,1.294738154997628898e-01,1.375659289684979525e-01,5.208722687852488376e-01,7.363014631853807002e-01,3.595048701151499415e+01
4.894495868355018264e-01,1.345392957608756435e-01,1.429480017459303087e-01,5.200401860127207287e-01,7.333001472288503964e-01,3.603319154223603249e+01
4.893436233245171962e-01,1.362729654807960933e-01,1.447900258233459081e-01,5.199275997822995210e-01,7.294832849427761445e-01,3.607053699748083631e+01
4.863367882896702521e-01,1.358753304101206760e-01,1.443675385607532391e-01,5.167328375577747712e-01,7.242675077029421260e-01,3.606357877392286326e+01
4.759182040435369077e-01,1.381751362169079400e-01,1.468110822304646845e-01,5.056630917962577909e-01,7.200899062155684538e-01,3.599274434820273427e+01
4.648046787939652535e-01,1.412758464173965722e-01,1.501055868184838771e-01,4.938549712185879015e-01,7.209148073917364119e-01,3.584091029618416258e+01
4.490337283274964397e-01,1.438342736385411214e-01,1.528239157409498616e-01,4.770983363479653350e-01,7.223278681785436639e-01,3.553960937255592256e+01
4.382932442063675604e-01,1.465576038608660536e-01,1.557174541021701941e-01,4.656865719692655503e-01,7.221928445438414723e-01,3.525389859621331112e+01
4.286705797962837572e-01,1.502809931990471692e-01,1.596735552739876329e-01,4.554624910335513532e-01,7.232535042052671281e-01,3.512155003699146505e+01
4.259323920417070197e-01,1.531482582488943589e-01,1.627200243894503517e-01,4.525531665443137674e-01,7.243154870682450008e-01,3.505108175532608783e+01
4.215117829903287650e-01,1.537008032145556757e-01,1.633071034154653101e-01,4.478562694272246181e-01,7.245915696185566413e-01,3.511343845225658811e+01
4.145939036724750060e-01,1.529747174109326313e-01,1.625356372491160717e-01,4.405060226520045030e-01,7.265541841250952038e-01,3.522263925101276527e+01
4.206798915922921878e-01,1.490536396847054190e-01,1.583694921649994314e-01,4.469723848168105640e-01,7.298783079385291472e-01,3.541489291000604567e+01
4.362830998791228376e-01,1.405532896767044959e-01,1.493378702814985304e-01,4.635507936215681468e-01,7.333101587221270146e-01,3.557537261705682852e+01
4.548971995288207948e-01,1.340219846709414797e-01,1.423983587128752337e-01,4.833282744993721569e-01,7.365845270086693874e-01,3.571291698794004787e+01
4.680783226222879345e-01,1.291102008744731688e-01,1.371795884291276690e-01,4.973332177861803927e-01,7.375584683713860557e-01,3.580953985275700546e+01
4.759548451969676797e-01,1.273453968128809011e-01,1.353044841136860910e-01,5.057020230217779133e-01,7.374976288007473180e-01,3.586460993524633523e+01
4.871245680348240681e-01,1.271079865985485502e-01,1.350522357609577617e-01,5.175698535370004683e-01,7.371068491688684832e-01,3.592597467386096355e+01
4.946572035961189773e-01,1.277801862544148126e-01,1.357664478953156395e-01,5.255732788208762329e-01,7.364646233765498318e-01,3.599817446282144573e+01
4.991113823678852146e-01,1.291067713045953858e-01,1.371759445111326303e-01,5.303058437658777491e-01,7.354940501501568972e-01,3.604520446958293434e+01
5.029182672035821255e-01,1.302310889461745502e-01,1.383705320053103260e-01,5.343506589038059529e-01,7.324345123677756808e-01,3.611028467342694626e+01
5.109079073568344453e-01,1.304895091665131401e-01,1.386451034894202183e-01,5.428396515666367161e-01,7.288146627924841914e-01,3.615651713119376609e+01
5.171738072828847566e-01,1.286103151967284142e-01,1.366484598965239106e-01,5.494971702380651024e-01,7.240951065789315022e-01,3.616226390729453044e+01
5.103617106500306644e-01,1.304008627957590760e-01,1.385509167204940217e-01,5.422593175656577058e-01,7.191831202318578198e-01,3.614144229070625869e+01
4.944810111467748404e-01,1.335185127129685789e-01,1.418634197575290579e-01,5.253860743434481950e-01,7.173593703632643592e-01,3.606526610855491555e+01
4.750900832784226147e-01,1.364255569629794218e-01,1.449521542731655177e-01,5.047832134833238893e-01,7.194769841930341858e-01,3.590631027189254354e+01
4.549481040212524086e-01,1.389810135623620602e-01,1.476673269100097219e-01,4.833823605225805453e-01,7.210501237298226895e-01,3.565653568218650804e+01
4.431471321664322005e-01,1.433621441292647347e-01,1.523222781373436419e-01,4.708438279268343241e-01,7.198813432318749150e-01,3.542939824841872820e+01
4.328117324648262931e-01,1.493725487096313476e-01,1.587083330039834039e-01,4.598624657438776797e-01,7.199958926967373607e-01,3.532654978997539530e+01
4.273627237634129439e-01,1.533364188614010082e-01,1.629199450402384619e-01,4.540728939986263812e-01,7.202987400390988837e-01,3.527537144516359291e+01
4.236027784439662103e-01,1.543341255891430563e-01,1.639800084384644419e-01,4.500779520967140845e-01,7.210570363898737289e-01,3.533748084115597266e+01
4.196444037013998263e-01,1.539230674284989830e-01,1.635432591427800064e-01,4.458721789327376728e-01,7.225461367913920130e-01,3.544812118686041913e+01
4.242418387996524931e-01,1.515221891796322828e-01,1.609923260033593595e-01,4.507569537246307600e-01,7.263571692672809998e-01,3.562361338006057565e+01
4.361187317445648914e-01,1.440939982638773098e-01,1.530998731553695202e-01,4.633761524786001451e-01,7.299407557150441317e-01,3.580257125390416917e+01
4.550009408908851638e-01,1.372052149746549876e-01,1.457805409105709105e-01,4.834384996965656045e-01,7.333888611552401571e-01,3.594226086522155583e+01
4.648876402356598714e-01,1.336629080641268119e-01,1.420168398181347047e-01,4.939431177503883497e-01,7.346139717223318932e-01,3.602603632001115841e+01
4.727511107457393891e-01,1.323690127419312190e-01,1.406420760383018942e-01,5.022980551673479344e-01,7.341477604480964869e-01,3.606772709152946987e+01
4.819318146683123638e-01,1.293243981724090386e-01,1.374071730581846174e-01,5.120525530850819074e-01,7.349839558731871003e-01,3.623694238949842372e+01
4.896859244516451048e-01,1.270770440141572311e-01,1.350193592650419105e-01,5.202912947298730106e-01,7.355582234472048953e-01,3.633943633943099627e+01
4.952687197745187508e-01,1.270031524312305593e-01,1.349408494581823825e-01,5.262230147604265440e-01,7.350955124070656099e-01,3.637078361375859004e+01
4.958687136364469117e-01,1.278580677721539993e-01,1.358491970079135358e-01,5.268605082387246563e-01,7.324683750192315657e-01,3.639325113823652913e+01
4.990911480225395658e-01,1.314883309426486679e-01,1.397063516265641125e-01,5.302843447739479243e-01,7.282160837339949344e-01,3.639942140831657014e+01
5.009649211428433002e-01,1.324089645969115103e-01,1.406845248842182594e-01,5.322752287142712424e-01,7.230429441486302400e-01,3.637239770182236498e+01
4.922478140790794154e-01,1.350077506991538279e-01,1.434457351178508866e-01,5.230133024590220003e-01,7.198716726769756047e-01,3.632354437228085686e+01
4.747686598866605046e-01,1.409710847502391451e-01,1.497817775471290136e-01,5.044417011295772024e-01,7.179010085638179994e-01,3.629746316543641171e+01
4.589353041700553471e-01,1.436673667768721963e-01,1.526465772004267363e-01,4.876187606806839936e-01,7.198058735080836712e-01,3.623743252499239986e+01
4.406818418144757832e-01,1.427661216277229250e-01,1.516890042294556373e-01,4.682244569278804502e-01,7.207739674086944826e-01,3.597511200343472382e+01
4.310999545698671609e-01,1.477316140661587007e-01,1.569648399452935883e-01,4.580437017304838654e-01,7.206276912840066107e-01,3.563163735369288787e+01
4.260137099541227990e-01,1.505526073024575362e-01,1.599621452588610715e-01,4.526395668262551131e-01,7.208259320765775247e-01,3.543675087627900666e+01
4.228751984060435398e-01,1.522956805773180711e-01,1.618141606134003985e-01,4.493048983064214519e-01,7.213231915848886677e-01,3.533668180052955421e+01
4.177313635757640142e-01,1.548127787021933432e-01,1.644885773710805799e-01,4.438395737992492096e-01,7.219917755013556260e-01,3.538590280283023759e+01
4.129767626485201237e-01,1.571095669712444520e-01,1.669289149069471678e-01,4.387878103140526176e-01,7.241848541977632392e-01,3.548032171249742817e+01
4.194142748099268792e-01,1.541335390914347070e-01,1.637668852846491385e-01,4.456276669855476769e-01,7.277025647451434986e-01,3.561297002139159673e+01
4.364588558880048152e-01,1.459864471752338466e-01,1.551106001236860488e-01,4.637375343810048456e-01,7.313453322756904296e-01,3.575390060029229033e+01
4.561070060555990069e-01,1.400428301893490990e-01,1.487955070761835530e-01,4.846136939340736638e-01,7.326778363557137075e-01,3.585997600521044859e+01
4.641642733569080193e-01,1.373867688808976806e-01,1.459734419359538238e-01,4.931745404417148260e-01,7.316396997270154801e-01,3.592554633136150244e+01
4.711015685292105903e-01,1.355949358395012738e-01,1.440696193294701555e-01,5.005454165622862384e-01,7.310014698890956453e-01,3.603178623342878950e+01
4.792011224047027507e-01,1.310225624130653965e-01,1.392114725638819162e-01,5.091511925549969675e-01,7.330825834645587902e-01,3.622118324424260294e+01
4.843156839957362680e-01,1.279867304960033703e-01,1.359859011520035410e-01,5.145854142454695523e-01,7.347540249793632627e-01,3.632097228896550689e+01
4.880241302332196662e-01,1.267359393552915381e-01,1.346569355649974153e-01,5.185256383727956386e-01,7.353504899947410633e-01,3.636380558450606060e+01
4.891779740754970685e-01,1.266633146276638089e-01,1.345797717918926495e-01,5.197515974552157081e-01,7.336388272557867740e-01,3.639469472182570087e+01
4.906736041386562941e-01,1.300988245239348973e-01,1.382300010566807624e-01,5.213407043973220523e-01,7.297949101122006565e-01,3.642177530692267595e+01
4.887235631060746766e-01,1.325927656658752452e-01,1.408798135199922363e-01,5.192687858002046353e-01,7.254487555471992311e-01,3.640312621926447179e+01
4.785143377714449753e-01,1.352849492512524510e-01,1.437402585794557430e-01,5.084214838821601301e-01,7.228376427450705632e-01,3.636774037911059310e+01
4.609411370159691712e-01,1.410487691719172765e-01,1.498643172451620820e-01,4.897499580794673069e-01,7.209987393883181550e-01,3.636133015825106440e+01
4.460248662558986554e-01,1.435333261883936506e-01,1.525041590751682330e-01,4.739014203968922589e-01,7.215878611607895454e-01,3.624755116554017320e+01
4.279915158110506601e-01,1.439188030255359463e-01,1.529137282146320331e-01,4.547409855492412500e-01,7.233439386235543944e-01,3.602252318957726374e+01
4.169980039243630365e-01,1.494617124396709629e-01,1.588030694671505039e-01,4.430603791696353100e-01,7.228661061578967040e-01,3.571049699824610713e+01
4.112250586561663201e-01,1.524574310987063530e-01,1.619860205423755140e-01,4.369266248221767013e-01,7.225984972647901960e-01,3.553628081598651534e+01
4.080669983354502928e-01,1.550817435900207208e-01,1.647743525643971807e-01,4.335711857314155093e-01,7.224262593353406592e-01,3.544370982024613426e+01
4.087912465573779186e-01,1.574055369735599952e-01,1.672433830344074168e-01,4.343406994672140975e-01,7.226919223749751486e-01,3.547329594623447946e+01
4.096225610062018130e-01,1.579901451872988416e-01,1.678645292615050799e-01,4.352239710690891661e-01,7.233049766167376493e-01,3.555471915863937227e+01
4.170822246515121234e-01,1.556056841258962042e-01,1.653310393837645886e-01,4.431498636922318046e-01,7.260363839579822010e-01,3.566611704662089011e+01
4.373696906165668308e-01,1.490377385193092374e-01,1.583525971767660301e-01,4.647052962801022646e-01,7.296245502425401375e-01,3.578847123487235393e+01
4.583555722195761795e-01,1.429215872097114037e-01,1.518541864103181427e-01,4.870027954833000550e-01,7.327899291770050283e-01,3.589745930554709474e+01
4.679277323804947319e-01,1.395366163109203750e-01,1.482576548303528308e-01,4.971732156542754133e-01,7.319044605651040536e-01,3.598716924155681340e+01
4.739925427002208425e-01,1.364348265513251612e-01,1.449620032107829248e-01,5.036170766189845827e-01,7.308182777101560612e-01,3.606322053641108027e+01
4.797658795854974900e-01,1.318849401039512426e-01,1.401277488604480148e-01,5.097512470595910727e-01,7.327923946580362502e-01,3.625544067239805202e+01
4.833801519281163972e-01,1.291588744040701453e-01,1.372313040543245433e-01,5.135914114236236339e-01,7.329919917300257159e-01,3.636642747592978964e+01
4.860585725207056118e-01,1.277300044070518448e-01,1.357131296824925226e-01,5.164372333032495321e-01,7.328830086957845991e-01,3.642477350916807666e+01
4.886085029338689822e-01,1.253180673430113190e-01,1.331504465519494085e-01,5.191465343672357902e-01,7.319726760456628512e-01,3.646279307340614650e+01
4.894052263076497655e-01,1.281147404706771409e-01,1.361219117500943321e-01,5.199930529518779210e-01,7.284681461528065283e-01,3.649055544750341795e+01
4.881099687250126107e-01,1.302633091218130257e-01,1.384047659419261056e-01,5.186168417703260758e-01,7.238989658219401324e-01,3.645692864087092033e+01
4.783092432535547278e-01,1.330686976093595764e-01,1.413854912099445638e-01,5.082035709569016069e-01,7.209411888970854720e-01,3.640643441340015585e+01
4.623247446431289487e-01,1.391690163771379940e-01,1.478670799007090197e-01,4.912200411833245184e-01,7.193517565382204770e-01,3.638235034948566238e+01
4.492442382785763466e-01,1.431669152878268791e-01,1.521148474933160522e-01,4.773220031709872746e-01,7.204169557009619806e-01,3.636488766968621889e+01
4.316806524436290760e-01,1.457355359106534409e-01,1.548440069050691925e-01,4.586606932213560528e-01,7.208688756485449600e-01,3.621957689322731255e+01
4.215920919548825085e-01,1.520290086389166351e-01,1.615308216788488849e-01,4.479415977020627104e-01,7.196645652100658319e-01,3.592860548726628878e+01
4.165532065383884541e-01,1.559927866589987944e-01,1.657423358251861878e-01,4.425877819470378505e-01,7.189576287430869961e-01,3.577134178760518779e+01
4.118475133885473594e-01,1.574225031529070118e-01,1.672614095999636896e-01,4.375879829753316907e-01,7.189541336943977567e-01,3.569968592976857735e+01
4.129332129004996688e-01,1.580825832217132298e-01,1.679627446730702633e-01,4.387415387067808981e-01,7.200448655785869345e-01,3.570781074491241469e+01
4.139257537850116186e-01,1.579290835810959470e-01,1.677996513049143656e-01,4.397961133965747060e-01,7.217300874919054809e-01,3.583249433771219827e+01
4.184214447684724281e-01,1.562056546470986240e-01,1.659685080625421250e-01,4.445727850665020520e-01,7.253782336376259909e-01,3.600545610444772393e+01
4.331689705580328842e-01,1.495715784815111749e-01,1.589198021366056146e-01,4.602420312179096307e-01,7.289436605551645743e-01,3.618262176389011131e+01
4.527327057819088840e-01,1.440116537332820912e-01,1.530123820916119703e-01,4.810284998932785605e-01,7.291437089565415697e-01,3.631267083418279640e+01
4.629593320874647033e-01,1.413762841104986845e-01,1.502123018674046961e-01,4.918942903429313063e-01,7.280764329154040260e-01,3.640639913301748010e+01
4.707402096685363024e-01,1.401946314017946948e-01,1.489567958644068268e-01,5.001614727728196375e-01,7.280913430111860540e-01,3.654239914152520896e+01
4.801220339850447161e-01,1.353497838642319651e-01,1.438091453557464039e-01,5.101296611091100663e-01,7.289347783559515515e-01,3.672408148001652251e+01
4.877399255677413170e-01,1.326514103504785602e-01,1.409421234973834425e-01,5.182236709157249654e-01,7.289597022725036179e-01,3.683056519337459633e+01
4.925845001994598182e-01,1.314781598583945887e-01,1.396955448495441621e-01,5.233710314619257620e-01,7.286284996692762306e-01,3.687720242896532596e+01
4.966753958891327314e-01,1.292989206522147660e-01,1.373801031929781646e-01,5.277176081322034751e-01,7.274748683282877826e-01,3.690461071406470950e+01
4.984511451127600079e-01,1.315499141638114267e-01,1.397717837990496703e-01,5.296043416823074113e-01,7.239216655965591274e-01,3.692161945693657543e+01
4.967976867609008584e-01,1.336107986495115307e-01,1.419614735651059112e-01,5.278475421834571968e-01,7.193206734538706293e-01,3.689324640080153728e+01
4.858026968230479414e-01,1.366331965505284685e-01,1.451727713349365567e-01,5.161653653744882053e-01,7.166166137037273121e-01,3.684621521832069391e+01
4.690786953838168571e-01,1.413589196646976298e-01,1.501938521437412022e-01,4.983961138453054662e-01,7.158845296212054121e-01,3.683122322259725934e+01
4.553198786150476352e-01,1.424494796185492296e-01,1.513525720947086761e-01,4.837773710284879458e-01,7.180968668093863361e-01,3.677688061456149882e+01
4.415265591240266074e-01,1.452873954441346038e-01,1.543678576593928986e-01,4.691219690692784439e-01,7.202594391833925247e-01,3.657057973251986027e+01
4.238622055441464420e-01,1.493644244627897466e-01,1.586997009917141266e-01,4.503535933906558930e-01,7.204114110004125049e-01,3.629053886776978999e+01
4.153298767460311680e-01,1.534052659277678199e-01,1.629930950482533780e-01,4.412879940426581715e-01,7.207230950603995545e-01,3.613027844607217531e+01
4.119844185589102703e-01,1.553453588775156879e-01,1.650544438073605069e-01,4.377334447188422906e-01,7.213590840684164229e-01,3.605425812456748247e+01
4.117777835200757131e-01,1.567342131775479319e-01,1.665301015011445562e-01,4.375138949900808094e-01,7.229394835870637248e-01,3.608533722753703188e+01
4.159218669651771894e-01,1.589052948293759870e-01,1.688368757562120626e-01,4.419169836505005278e-01,7.236083741386106771e-01,3.618957402925529010e+01
4.206698504526616977e-01,1.587969570690443977e-01,1.687217668858594921e-01,4.469617161059529220e-01,7.257895732557205770e-01,3.632356880436213231e+01
4.346248660544441145e-01,1.518117037761197996e-01,1.612999352621272142e-01,4.617889201828471180e-01,7.290897572649092107e-01,3.642930328052975852e+01
4.544301630727521912e-01,1.452711329993733314e-01,1.543505788118341715e-01,4.828320482647991407e-01,7.311126024353998831e-01,3.654793367443595997e+01
4.644138908039641134e-01,1.416956451118401294e-01,1.505516229313300924e-01,4.934397589792120509e-01,7.304049012217315173e-01,3.666149835262094570e+01
4.713283863858279688e-01,1.395051252626952343e-01,1.482241955916135945e-01,5.007864105349422168e-01,7.297706255369023065e-01,3.673566303196023597e+01
4.780594203374325390e-01,1.357156371835698261e-01,1.441978645075430443e-01,5.079381341085219548e-01,7.310395538535543469e-01,3.684088973479914131e+01
4.845194895552837333e-01,1.338677062337323143e-01,1.422344378733405579e-01,5.148019576524890395e-01,7.315057404966942567e-01,3.691883198380551789e+01
4.884937949806001378e-01,1.327755760486879211e-01,1.410740495517309179e-01,5.190246571668873932e-01,7.316010225538424061e-01,3.695836093809463563e+01
4.909510022578590926e-01,1.298593460838777525e-01,1.379755552141200825e-01,5.216354398989750951e-01,7.306468365598173254e-01,3.702004603488611423e+01
4.943520585327389472e-01,1.304844852849785242e-01,1.386397656152896229e-01,5.252490621910350654e-01,7.274352478093168983e-01,3.703281822228626652e+01
4.941592179137681007e-01,1.318927112086043796e-01,1.401360056591420544e-01,5.250441690333784717e-01,7.215182555486282512e-01,3.702433179870777735e+01
4.846282389751889186e-01,1.345937925127763113e-01,1.430059045448247856e-01,5.149175039111381080e-01,7.179351458020268861e-01,3.698825646475726359e+01
4.691866059266325273e-01,1.393559190818569882e-01,1.480656640244730204e-01,4.985107687970469215e-01,7.157162500458410515e-01,3.697208359516956477e+01
4.565652634743543881e-01,1.413537315761729529e-01,1.501883397996838232e-01,4.851005924415017212e-01,7.175577450657306677e-01,3.692155365217018215e+01
4.408654406764691003e-01,1.445278267748101308e-01,1.535608159482357016e-01,4.684195307187484780e-01,7.196252254025921058e-01,3.672189910712753402e+01
4.244881894067938366e-01,1.504714557237913919e-01,1.598759217065282290e-01,4.510187012447186561e-01,7.194471806703505168e-01,3.644340401746338642e+01
4.160259774704231917e-01,1.551100909724642540e-01,1.648044716582431901e-01,4.420276010623247487e-01,7.195804547113565652e-01,3.628322384554680724e+01
4.127322245311472737e-01,1.572991081338601382e-01,1.671303023922264264e-01,4.385279885643440512e-01,7.203146825008424070e-01,3.621032026289250183e+01
4.140942784909741325e-01,1.586323849542680686e-01,1.685469090139098958e-01,4.399751708966598285e-01,7.216362096835687856e-01,3.623235998439086103e+01
4.198975254618333430e-01,1.600867328720876059e-01,1.700921536765930553e-01,4.461411208031976772e-01,7.221930067177354529e-01,3.634580035230767692e+01
4.247398778771968586e-01,1.601124991845857271e-01,1.701195303836223749e-01,4.512861202445213049e-01,7.247388908159818621e-01,3.650288866497381690e+01
4.378122015206017403e-01,1.531856266620615081e-01,1.627597283284402951e-01,4.651754641156397030e-01,7.283005562507526287e-01,3.665514407062944713e+01
4.558816687492354691e-01,1.478334498418846787e-01,1.570730404570024885e-01,4.843742730460624535e-01,7.297746389816086587e-01,3.677802296108287550e+01
4.642400880782667771e-01,1.448438699756090242e-01,1.538966118490845969e-01,4.932550935831583327e-01,7.285691472762727550e-01,3.687858865676285092e+01
4.716500971191637248e-01,1.430139569906395403e-01,1.519523293025543953e-01,5.011282281891115131e-01,7.282764707455762210e-01,3.694375572380064199e+01
4.789662105240491963e-01,1.384528954035140202e-01,1.471062013662335910e-01,5.089015986818024029e-01,7.304895396017262454e-01,3.709028841039800994e+01
4.856160079806792762e-01,1.357809350161471307e-01,1.442672434546563576e-01,5.159670084794716338e-01,7.310219789287453196e-01,3.716354409159535521e+01
4.898527702651337412e-01,1.333924751903070582e-01,1.417295048897011522e-01,5.204685684067045237e-01,7.313388279969534889e-01,3.719487702810751983e+01
4.906919224165877669e-01,1.270453166523496658e-01,1.349856489431215389e-01,5.213601675676243774e-01,7.320330740252288804e-01,3.722346614938764731e+01
4.915543045806025080e-01,1.276201739045170758e-01,1.355964347735493514e-01,5.222764486168901543e-01,7.292238154859801424e-01,3.722722016090616393e+01
4.897699514685018296e-01,1.304343384392921135e-01,1.385864845917478272e-01,5.203805734352828782e-01,7.244251431746924208e-01,3.719009007265943012e+01
4.793392195213765916e-01,1.333566327558976805e-01,1.416914223031412179e-01,5.092979207414624065e-01,7.215112590931876957e-01,3.714820283619713592e+01
4.643849433929843618e-01,1.385109621249344669e-01,1.471678972577429023e-01,4.934090023550456450e-01,7.180133099576379019e-01,3.715733895746580373e+01
4.505427025085941839e-01,1.422462938244668240e-01,1.511366871884958218e-01,4.787016214153813065e-01,7.186258386232700079e-01,3.716254909305311571e+01
4.333557590118632952e-01,1.439908870153057963e-01,1.529903174537625143e-01,4.604404939501045568e-01,7.203282121766274582e-01,3.707583667845484854e+01
4.222429835653289665e-01,1.499504104511633629e-01,1.593223111043610418e-01,4.486331700381617771e-01,7.184158367089632513e-01,3.680102972561105190e+01
4.149233176772395004e-01,1.536347772955048152e-01,1.632369508764739130e-01,4.408560250320667229e-01,7.173376254934002993e-01,3.665784058368339515e+01
4.121076157761586756e-01,1.552300936010936327e-01,1.649319744511620056e-01,4.378643417621687073e-01,7.173305915265761890e-01,3.659430023723036385e+01
4.125412291079983418e-01,1.557764135215002343e-01,1.655124393665939886e-01,4.383250559272482416e-01,7.187332068440474009e-01,3.660352747251722150e+01
4.157186364157408609e-01,1.582937825404681642e-01,1.681871439492475251e-01,4.417010511917243143e-01,7.198411543070082352e-01,3.671964570181845744e+01
4.211587056774895865e-01,1.581893760588352627e-01,1.680762120625124978e-01,4.474811247823323179e-01,7.223374093050348721e-01,3.688795865874968172e+01
4.332586022278208659e-01,1.520890348998538144e-01,1.615945995810945668e-01,4.603372648670596701e-01,7.258999880759152701e-01,3.702141130943752501e+01
4.528500968987237973e-01,1.453727856162637944e-01,1.544585847172802728e-01,4.811532279548940139e-01,7.281123087156408102e-01,3.713932272835069170e+01
4.622346557294542690e-01,1.429651855749040912e-01,1.519005096733356264e-01,4.911243217125452198e-01,7.276392383673880859e-01,3.723546357162247489e+01
4.709175826484729432e-01,1.407439465929834210e-01,1.495404432550449525e-01,5.003499315640022038e-01,7.273707399368024573e-01,3.739702452893577345e+01
4.809174418770263415e-01,1.358869841595580774e-01,1.443799206695303983e-01,5.109747819943404323e-01,7.288823817007324957e-01,3.755323049073230379e+01
4.887488390450972497e-01,1.330501337842384946e-01,1.413657671457533294e-01,5.192956414854159597e-01,7.297094759731442837e-01,3.763827785066091280e+01
4.934757735357525044e-01,1.313351613097382131e-01,1.395436088915968098e-01,5.243180093817367826e-01,7.301690884254634639e-01,3.768260988962850888e+01
4.935860155023155671e-01,1.267750276476195259e-01,1.346984668755959180e-01,5.244351414712100645e-01,7.300424764536886935e-01,3.771704991090063430e+01
4.930315233477894910e-01,1.288361095997015149e-01,1.368883664496828023e-01,5.238459935570262127e-01,7.264891936505769587e-01,3.773365964637233816e+01
4.910901350952798228e-01,1.304874687910203002e-01,1.386429355904590099e-01,5.217832685387348013e-01,7.216043186804943499e-01,3.769554015024835536e+01
4.798366828260494654e-01,1.335927589820998795e-01,1.419423064184809347e-01,5.098264755026777895e-01,7.188359484819797363e-01,3.764922809584571439e+01
4.654756013257488889e-01,1.372254973459048899e-01,1.458020909300240253e-01,4.945678264086080800e-01,7.162986402679476505e-01,3.750931991663470200e+01
4.533137803406916411e-01,1.407385684796157166e-01,1.495347290095916104e-01,4.816458916119846223e-01,7.173426741185374711e-01,3.735515576654098879e+01
4.383657792542174358e-01,1.445155283883169384e-01,1.535477489125866568e-01,4.657636404576060984e-01,7.185725148015804642e-01,3.716513755317237866e+01
4.213719371205799646e-01,1.497722549097396383e-01,1.591330208415982772e-01,4.477076831906162679e-01,7.180488522946325558e-01,3.690029889513859729e+01
4.137229780754942410e-01,1.545241544771754905e-01,1.641819141319990905e-01,4.395806642052125790e-01,7.178473299198472324e-01,3.675007711540202138e+01
4.106479226459875953e-01,1.567413676762123287e-01,1.665377031559756582e-01,4.363134178113619033e-01,7.182483896506132171e-01,3.668286902060327748e+01
4.134559585667138548e-01,1.583418793476591702e-01,1.682382468068880088e-01,4.392969559771334742e-01,7.189332138589513699e-01,3.673791864054325629e+01
4.203240519517317253e-01,1.607878830509808787e-01,1.708371257416671229e-01,4.465943051987149581e-01,7.186746774954539951e-01,3.683245559466522678e+01
4.265499214244938830e-01,1.606489675354858260e-01,1.706895280064535392e-01,4.532092915135245703e-01,7.212563478729243638e-01,3.697575251109100947e+01
4.389627283246309020e-01,1.552381606654687496e-01,1.649405457070604875e-01,4.663978988449202778e-01,7.247297623878847794e-01,3.709045790339114745e+01
4.574287030843302015e-01,1.504597550845739873e-01,1.598634897773598962e-01,4.860179970271006900e-01,7.263561078363629520e-01,3.718472562892954159e+01
4.681100233175579106e-01,1.470947404557617910e-01,1.562881617342469220e-01,4.973668997749052800e-01,7.258982684001975549e-01,3.725478789442580307e+01
4.769808567698906043e-01,1.431231105793404068e-01,1.520683049905491302e-01,5.067921603180088885e-01,7.262592587097697061e-01,3.730721954076338420e+01
4.832714237125115275e-01,1.377667115721063484e-01,1.463771310453629848e-01,5.134758876945434425e-01,7.287686201149218279e-01,3.746713363769855931e+01
4.870720033213045697e-01,1.335049416806455280e-01,1.418490005356856931e-01,5.175140035288863238e-01,7.298720621533051345e-01,3.756613071467709375e+01
4.902307502169407361e-01,1.311578885126763461e-01,1.393552565447185587e-01,5.208701721054993516e-01,7.298477020573423957e-01,3.760211090801202971e+01
4.902290753784776522e-01,1.282843351240811614e-01,1.363021060693362374e-01,5.208683925896328004e-01,7.286391238622538236e-01,3.765650624412533176e+01
4.903440186636137121e-01,1.297336359326030919e-01,1.378419881783907730e-01,5.209905198300897045e-01,7.252861505753060989e-01,3.770662463404418219e+01
4.908493153292741717e-01,1.311059587624493483e-01,1.393000811851023146e-01,5.215273975373541093e-01,7.198891137754720448e-01,3.771674193447892520e+01
4.803644544749485767e-01,1.339261846255235255e-01,1.422965711646186071e-01,5.103872328796332791e-01,7.169041086816201336e-01,3.768763905050359853e+01
4.637281139732074009e-01,1.377604975758364991e-01,1.463705286743263723e-01,4.927111210965328114e-01,7.149467682582513195e-01,3.768637132955747404e+01
4.492299793617852699e-01,1.399057305331365131e-01,1.486498386914574255e-01,4.773068530718969082e-01,7.165812151438676336e-01,3.767680459918911851e+01
4.344008085496950944e-01,1.430634668025378975e-01,1.520049334776965022e-01,4.615508590840509684e-01,7.184361989945308169e-01,3.763121257128600661e+01
4.212654996706824417e-01,1.487767265994179022e-01,1.580752720118814014e-01,4.475945934001003268e-01,7.162905665630000529e-01,3.736664358833581190e+01
4.120645515821668714e-01,1.524170703192682663e-01,1.619431372142224046e-01,4.378185860560526166e-01,7.154797720084249413e-01,3.722317174107871551e+01
4.081854353579137396e-01,1.538856263244705036e-01,1.635034779697500384e-01,4.336970250677831817e-01,7.154815221509112089e-01,3.716159975962397510e+01
4.126561813571824056e-01,1.556580254054455437e-01,1.653866519932859491e-01,4.384471926920062712e-01,7.162687937897994628e-01,3.717251519895675926e+01
4.189192632043877706e-01,1.562568823523900197e-01,1.660229374994142693e-01,4.451017171546615692e-01,7.168805405973791567e-01,3.721971733652954839e+01
4.248178995913846623e-01,1.566964412879198743e-01,1.664899688684147172e-01,4.513690183158460822e-01,7.194329911773555963e-01,3.733552440343148504e+01
4.376881034534740866e-01,1.520675937975310421e-01,1.615718184098766941e-01,4.650436099193161477e-01,7.230453288500700015e-01,3.744264890438471127e+01
4.570687847389203751e-01,1.471819605568140676e-01,1.563808330916148515e-01,4.856355837851031310e-01,7.254287810503351475e-01,3.752593861673506836e+01
4.677776221177859517e-01,1.436484466887915923e-01,1.526264746068411449e-01,4.970137235001475529e-01,7.256186925538509191e-01,3.757412505696215277e+01
4.770707302699814800e-01,1.403886207274375741e-01,1.491629095229022040e-01,5.068876509118557250e-01,7.256493551497151806e-01,3.760287418328930187e+01
4.841514547990684592e-01,1.353899142501598096e-01,1.438517838907946989e-01,5.144109207240104009e-01,7.287529750857839606e-01,3.773974504801974206e+01
4.880739891704047873e-01,1.324904443701506451e-01,1.407710971432850622e-01,5.185786134935551628e-01,7.299452195979748703e-01,3.781799948628733432e+01
4.900790488209302298e-01,1.306569964689044405e-01,1.388230587482108813e-01,5.207089893722383067e-01,7.305731737588847530e-01,3.785859664353115051e+01
4.891440670318827344e-01,1.261805525225546953e-01,1.340668370552144661e-01,5.197155712213752388e-01,7.305694485080465039e-01,3.789266851894061716e+01
4.881063152987739073e-01,1.272920187711559237e-01,1.352477699443531967e-01,5.186129600049471655e-01,7.273823876813075850e-01,3.790997008282521108e+01
4.833641288401634428e-01,1.300169234111789029e-01,1.381429811243776173e-01,5.135743868926735400e-01,7.237923739435788706e-01,3.786458671936679110e+01
4.733960180644617988e-01,1.326727750851414145e-01,1.409648235279626904e-01,5.029832691934909006e-01,7.209019623025352264e-01,3.779398254454134332e+01
4.632963073585292801e-01,1.359529951896375488e-01,1.444500573889899719e-01,4.922523265684369820e-01,7.171295582333123697e-01,3.770120935134480789e+01
4.506877219018173286e-01,1.401748381507919028e-01,1.489357655352164245e-01,4.788557045206810470e-01,7.176825787442240312e-01,3.761505072120478843e+01
4.337846225052710003e-01,1.435156746119126414e-01,1.524854042751571659e-01,4.608961614118503025e-01,7.185646203615728700e-01,3.750084722548954375e+01
4.206281964340766732e-01,1.507813844283864280e-01,1.602052209551606266e-01,4.469174587112063612e-01,7.170313572217892339e-01,3.731534562541659739e+01
4.134970585816592492e-01,1.541442754352386202e-01,1.637782926499410097e-01,4.393406247430128309e-01,7.156958068024288355e-01,3.719577205781322959e+01
4.102013236931769669e-01,1.567220894665539987e-01,1.665172200582135664e-01,4.358389064240005828e-01,7.153554439239340201e-01,3.714614581800370274e+01
4.135856243744718830e-01,1.580442054266215923e-01,1.679219682657854262e-01,4.394347258978764659e-01,7.163435412988262696e-01,3.714681592301052149e+01
4.156545940266085926e-01,1.606736582412203740e-01,1.707157618812966127e-01,4.416330061532714457e-01,7.176720525660925665e-01,3.719782760641424346e+01
4.218276339725185453e-01,1.613146973942247708e-01,1.713968659813638606e-01,4.481918610958007254e-01,7.199214098298046816e-01,3.731129366449901141e+01
4.354031606058436088e-01,1.569367497911657305e-01,1.667452966531136893e-01,4.626158581437085360e-01,7.233597887618274935e-01,3.739724148594483211e+01
4.561530742343394840e-01,1.515095219723204822e-01,1.609788670955903667e-01,4.846626413739855699e-01,7.257827421348285180e-01,3.747613586215608450e+01
4.677013586039708848e-01,1.472839853200423321e-01,1.564892344025448634e-01,4.969326935167192039e-01,7.253736207376606515e-01,3.762735017527627690e+01
4.770007781356173093e-01,1.436460496302495449e-01,1.526239277321402299e-01,5.068133267690929644e-01,7.251743734213987880e-01,3.780634708221939633e+01
4.844560284670807460e-01,1.387927251042226640e-01,1.474672704232365961e-01,5.147345302462733585e-01,7.276167174668094484e-01,3.796046716498915430e+01
4.876726713642523525e-01,1.363384588775513329e-01,1.448596125573981541e-01,5.181522133245181072e-01,7.285581791722205436e-01,3.803438366878883414e+01
4.893564761894005910e-01,1.341354838797135518e-01,1.425189516221955777e-01,5.199412559512381904e-01,7.290328073366844075e-01,3.807355527010902563e+01
4.882883472977622152e-01,1.289651664351190441e-01,1.370254893373139826e-01,5.188063690038723363e-01,7.288603738311517644e-01,3.810395352577941708e+01
4.873272927482389383e-01,1.298611438539203078e-01,1.379774653447903843e-01,5.177852485450036291e-01,7.255153610587046220e-01,3.811600406671934849e+01
4.833105175394145636e-01,1.317043440078935757e-01,1.399358655083869363e-01,5.135174248856280155e-01,7.220404262464581446e-01,3.806160124232637543e+01
4.720344898353800445e-01,1.340729691204481377e-01,1.424525296904758931e-01,5.015366454500913562e-01,7.193145188755342145e-01,3.798345295962545265e+01
4.598633361883642245e-01,1.379162235874969167e-01,1.465359875617155416e-01,4.886047947001366243e-01,7.156934136621495579e-01,3.788210394846463203e+01
4.476374809504207741e-01,1.414773713812990108e-01,1.503197070926302892e-01,4.756148235098218158e-01,7.161257005604710901e-01,3.777895273749631144e+01
4.329967627011073183e-01,1.447179302295614201e-01,1.537628008689090608e-01,4.600590603699263870e-01,7.173225257281458100e-01,3.768203819365987073e+01
4.206033079567944033e-01,1.502689457368659998e-01,1.596607548454200276e-01,4.468910147040939806e-01,7.147588881717222842e-01,3.748930410356787490e+01
4.137186135979110113e-01,1.530878012440411717e-01,1.626557888217937675e-01,4.395760269477803073e-01,7.133123667642837784e-01,3.735901302850207628e+01
4.120238891185959429e-01,1.542186988271140591e-01,1.638573675038085264e-01,4.377753821885083663e-01,7.129598994851902294e-01,3.730149079184475625e+01
4.164085540466125890e-01,1.556552898652047157e-01,1.653837454817800312e-01,4.424340886745258272e-01,7.139558145944315815e-01,3.727803490644026851e+01
4.219201391023624237e-01,1.575379306871642071e-01,1.673840513551118903e-01,4.482901477962602521e-01,7.143606000305654513e-01,3.727565974204617305e+01
4.262087137203550147e-01,1.598102204575279073e-01,1.697983592361235194e-01,4.528467583278769637e-01,7.156376255034144762e-01,3.736987896421115352e+01
4.366566026235113585e-01,1.560325221111633076e-01,1.657845547431110733e-01,4.639476402874807004e-01,7.185908932499424084e-01,3.746799311073620231e+01
4.579862528828093082e-01,1.496153665621512141e-01,1.589663269722857430e-01,4.866103936879845882e-01,7.217601648860615393e-01,3.753709585217592348e+01
4.694761277011733624e-01,1.462810004761693483e-01,1.554235630059300488e-01,4.988183856824964790e-01,7.223144952906943583e-01,3.755490205740727561e+01
4.781103053333040087e-01,1.434549193421313651e-01,1.524208518010143898e-01,5.079921994166356480e-01,7.234131769947952373e-01,3.759208846474106736e+01
4.852375175214703185e-01,1.384423583842687155e-01,1.470950057832854374e-01,5.155648623665618491e-01,7.269942277776146877e-01,3.764734044892670539e+01
4.889470935178835687e-01,1.361866449038983962e-01,1.446983102103919783e-01,5.195062868627511321e-01,7.284129556161850205e-01,3.770974004273638513e+01
4.909618778988227294e-01,1.344025897921972412e-01,1.428027516542095532e-01,5.216469952674989141e-01,7.289941211251382835e-01,3.775518820801406150e+01
4.901832741912816038e-01,1.310093411026101995e-01,1.391974249215233439e-01,5.208197288282367943e-01,7.284770043762255343e-01,3.785042560047207161e+01
4.867718292645763500e-01,1.325668746835870770e-01,1.408523043513112694e-01,5.171950685936123060e-01,7.258112338724547197e-01,3.791737326845275646e+01
4.854929321923551755e-01,1.324759999993089521e-01,1.407557499992657668e-01,5.158362404543772595e-01,7.223862330708037405e-01,3.794044322959235416e+01
4.759836129447836961e-01,1.341090214252024237e-01,1.424908352642774156e-01,5.057325887538324238e-01,7.194897426026908294e-01,3.790494938145879900e+01
4.642049101877750439e-01,1.377576763317971964e-01,1.463675311025345871e-01,4.932177170745107309e-01,7.158483303526331776e-01,3.780756998311089490e+01
4.512746140043510379e-01,1.408849610912602801e-01,1.496902711594639279e-01,4.794792773796230367e-01,7.168113302488215988e-01,3.771332160820939805e+01
4.364127517179960947e-01,1.453551398083920421e-01,1.544398360464164788e-01,4.636885487003709061e-01,7.178676038084113031e-01,3.761085880210688259e+01
4.192059024590124583e-01,1.506039717328068461e-01,1.600167199661073902e-01,4.454062713627008341e-01,7.156281773411280467e-01,3.737124066570705594e+01
4.099598160680142378e-01,1.550141385842835340e-01,1.647025222458012583e-01,4.355823045722653775e-01,7.142592527259853386e-01,3.725199711907806943e+01
4.059750742777848975e-01,1.570874346074418448e-01,1.669053992704071510e-01,4.313485164201460997e-01,7.140300715073193416e-01,3.720564557298975217e+01
4.083191826822901160e-01,1.584677287332454387e-01,1.683719617790734313e-01,4.338391315999333142e-01,7.143277899018987132e-01,3.720218800678205184e+01
4.150448370875749471e-01,1.595085337098574030e-01,1.694778170667234907e-01,4.409851394055481211e-01,7.139167349106976257e-01,3.723993577038084624e+01
4.214685554557071612e-01,1.604487861680870542e-01,1.704768353035923667e-01,4.478103401716889143e-01,7.152592133592529100e-01,3.736376790877169185e+01
4.358161358899620974e-01,1.559780404961675915e-01,1.657266680271780590e-01,4.630546443830843018e-01,7.176913207432470410e-01,3.748453150968263259e+01
4.577220065175845454e-01,1.501210067350233768e-01,1.595035696559622684e-01,4.863296319249332811e-01,7.205859722057981198e-01,3.759324712794956014e+01
4.708963717696600937e-01,1.458412607382466586e-01,1.549563395343870609e-01,5.003273950052637975e-01,7.211277880948713248e-01,3.764853226064727210e+01
4.800675133427224073e-01,1.425622163314621271e-01,1.514723548521784424e-01,5.100717329266425404e-01,7.216534286588437430e-01,3.772036514774948301e+01
4.878325846825868894e-01,1.370078397260948155e-01,1.455708297089758907e-01,5.183221212252484555e-01,7.246111284591945090e-01,3.787566386280386865e+01
4.921759865204056728e-01,1.333958184123639756e-01,1.417330570631366027e-01,5.229369856779308989e-01,7.259901849032414090e-01,3.796392781541729278e+01
4.949802494551531762e-01,1.308220809002891838e-01,1.389984609565572127e-01,5.259165150461002636e-01,7.265680614955013494e-01,3.800087021589967406e+01
4.942904856526865731e-01,1.259380245959330069e-01,1.338091511331787331e-01,5.251836410059792515e-01,7.265567877156757781e-01,3.803841043249433795e+01
4.921962668776254102e-01,1.267960519054478763e-01,1.347208051495383252e-01,5.229585335574771232e-01,7.233061189221745568e-01,3.806122500986745649e+01
4.886348365621990819e-01,1.287671933622755449e-01,1.368151429474176450e-01,5.191745138473367049e-01,7.197739127759005262e-01,3.801500496770575666e+01
4.775063798622070088e-01,1.315308562239640433e-01,1.397515347379618411e-01,5.073505286035947526e-01,7.171324110195952395e-01,3.797439877872631797e+01
4.638356608778372858e-01,1.355323441557171327e-01,1.440031156654495159e-01,4.928253896827021197e-01,7.140789140102308252e-01,3.798779502676239872e+01
4.504723626096673872e-01,1.375960784716777630e-01,1.461958333761574635e-01,4.786268852727714740e-01,7.152056940099768001e-01,3.798464261305953471e+01
4.332958832054162324e-01,1.417201153565802452e-01,1.505776225663664203e-01,4.603768759057549342e-01,7.151495715081637172e-01,3.789849498708439768e+01
4.189774102026067037e-01,1.477782211220938224e-01,1.570143599422246516e-01,4.451634983402696921e-01,7.130815003385448936e-01,3.765039395640635433e+01
4.085372076223714455e-01,1.517772336545221978e-01,1.612633107579297953e-01,4.340707830987698412e-01,7.122884510181175521e-01,3.751356884318354190e+01
4.040212447140270058e-01,1.539769955601000551e-01,1.636005577826062651e-01,4.292725725086539157e-01,7.125108597846353531e-01,3.746791117250607073e+01
4.023184207784878397e-01,1.568962520160735175e-01,1.667022677670780273e-01,4.274633220771432707e-01,7.111431546099086232e-01,3.744324138126957990e+01
4.004246735288691794e-01,1.602516424000491324e-01,1.702673700500519915e-01,4.254512156244236176e-01,7.086627455069076653e-01,3.743085142314760816e+01
3.998465803545337427e-01,1.629425196944961629e-01,1.731264271754020811e-01,4.248369916266919732e-01,7.063878897105195787e-01,3.749634398178601913e+01
4.095229336415750487e-01,1.636517158134543903e-01,1.738799480517952689e-01,4.351181169941735205e-01,7.058329961259131036e-01,3.749830583601833212e+01
4.248396172527360015e-01,1.640252706045971509e-01,1.742768500173844382e-01,4.513920933310319183e-01,7.040272643168845601e-01,3.745810460454428892e+01
4.329652610071268448e-01,1.647534997864755768e-01,1.750505935231302379e-01,4.600255898200718563e-01,7.017446153446356139e-01,3.741298974649804165e+01
4.429701579607168704e-01,1.654510092783443576e-01,1.757916973582408227e-01,4.706557928332619767e-01,6.995489214943229062e-01,3.738651445530171458e+01
4.506912134653785484e-01,1.663215929236360469e-01,1.767166924813631801e-01,4.788594143069648812e-01,6.993330967784600061e-01,3.741359670053050479e+01
4.556116760784121311e-01,1.667268794422435418e-01,1.771473094073838517e-01,4.840874058333128893e-01,6.990813852254941230e-01,3.745066397571164174e+01
4.574008091950810817e-01,1.647853478322452714e-01,1.750844320717606373e-01,4.859883597697738922e-01,7.002202577092558888e-01,3.747928204482947478e+01
4.490576413309482207e-01,1.643014077934545625e-01,1.745702457805454744e-01,4.771237439141324810e-01,7.011250379305941083e-01,3.753449048076861772e+01
4.366067407101211773e-01,1.663442725637369057e-01,1.767407895989704658e-01,4.638946620045039659e-01,7.004416401226365441e-01,3.754122667610901942e+01
4.260060134312169677e-01,1.652218630599514293e-01,1.755482295011983052e-01,4.526313892706681496e-01,6.997167821562464418e-01,3.754497216014107863e+01
4.132319921277861074e-01,1.625146935162866679e-01,1.726718618610545153e-01,4.390589916357726663e-01,6.989791458004015468e-01,3.751145099865301802e+01
3.986230296974104248e-01,1.607289063941936269e-01,1.707744630438307876e-01,4.235369690534986908e-01,7.023561531557802606e-01,3.737280960904334393e+01
3.875242292978401948e-01,1.610306403713648860e-01,1.710950553945751462e-01,4.117444936289552104e-01,7.032810448979721629e-01,3.715823591965970962e+01
3.804298282394910635e-01,1.608092054290034545e-01,1.708597807683161218e-01,4.042066925044593972e-01,7.037925609708616248e-01,3.696264847290759548e+01
3.698427210706680124e-01,1.602571529836057940e-01,1.702732250450812168e-01,3.929578911375848915e-01,7.037992381820473708e-01,3.668892355813652273e+01
3.653603398902542931e-01,1.605163174882843768e-01,1.705485873313022926e-01,3.881953611333949783e-01,7.040812924886838964e-01,3.651383481340182158e+01
3.672680016460599384e-01,1.607715266170437474e-01,1.708197470306089261e-01,3.902222517489384868e-01,7.041007757127979438e-01,3.643193539129765668e+01
3.747346079624594428e-01,1.594388185515210887e-01,1.694037447109911498e-01,3.981555209601129741e-01,7.029332873611059407e-01,3.647478603739476455e+01
3.850329714702341311e-01,1.580939338696249752e-01,1.679748047364764685e-01,4.090975321871235804e-01,7.018039603740091614e-01,3.653364255159998208e+01
3.944261954828323091e-01,1.609344520056119054e-01,1.709928552559624726e-01,4.190778327005097448e-01,7.040359751334078764e-01,3.670264916924448784e+01
4.096543938514731753e-01,1.610927174225817715e-01,1.711610122614930507e-01,4.352577934671901794e-01,7.066165134535672410e-01,3.683172513538373494e+01
4.258442668356516303e-01,1.608335186041988385e-01,1.708856135169613544e-01,4.524595335128794860e-01,7.056414269409961859e-01,3.685728270450144350e+01
4.335309668466051924e-01,1.624560203294525551e-01,1.726095216000433086e-01,4.606266522745179337e-01,7.024406005173224887e-01,3.691070571098556741e+01
4.400889045688296530e-01,1.622642071043546019e-01,1.724057200483766761e-01,4.675944611043814092e-01,7.010009824298714110e-01,3.701627351693103662e+01
4.491548967708563489e-01,1.620859534697966509e-01,1.722163255616589728e-01,4.772270778190345064e-01,7.008263031572231627e-01,3.711643715915151631e+01
4.540653064448923470e-01,1.612780269089756913e-01,1.713579035907866754e-01,4.824443880976980736e-01,7.010979701097888039e-01,3.717570435907518345e+01
4.562361993464904564e-01,1.597068098314088913e-01,1.696884854458719505e-01,4.847509618056459191e-01,7.019530521337292717e-01,3.721220768363803444e+01
4.503406434374324641e-01,1.583217569327998453e-01,1.682168667410998131e-01,4.784869336522721839e-01,7.033518191235375028e-01,3.722655097298986249e+01
4.372277280416305700e-01,1.589918328150962124e-01,1.689288223660397881e-01,4.645544610442325362e-01,7.035322426082292191e-01,3.718264722617404061e+01
4.225882048297776583e-01,1.589385698010460646e-01,1.688722304136113239e-01,4.489999676316385746e-01,7.028674222825064266e-01,3.709786179173028131e+01
4.064010028466191748e-01,1.593712917584638733e-01,1.693319974933679140e-01,4.318010655245326790e-01,7.007775473798587562e-01,3.700962725533375419e+01
3.929743813417565512e-01,1.613437476472922572e-01,1.714277318752479295e-01,4.175352801756160859e-01,7.002996438308164429e-01,3.695835054822045862e+01
3.842720058173045294e-01,1.620539095468366275e-01,1.721822788935138682e-01,4.082890061808863713e-01,6.998389172003850467e-01,3.671873349586029889e+01
3.757805491413392929e-01,1.613415124091639175e-01,1.714253569347366779e-01,3.992668334626729987e-01,6.992100661072979673e-01,3.649832310162127413e+01
3.654313952347926775e-01,1.598434756564401926e-01,1.698336928849675520e-01,3.882708574369673760e-01,7.005514347500092498e-01,3.625790415778736531e+01
3.603655461684897032e-01,1.590517745208602229e-01,1.689925104284138724e-01,3.828883928040204832e-01,7.014523820646294539e-01,3.613373578755043525e+01
3.629509697617398500e-01,1.583062186604366206e-01,1.682003573267138452e-01,3.856354053718486496e-01,7.019023347142497871e-01,3.608557368136835208e+01
3.696832603487892333e-01,1.562469827185689331e-01,1.660124191384794723e-01,3.927884641205885985e-01,7.022056871348486551e-01,3.608156373512241544e+01
3.811319007525737490e-01,1.567561933299507493e-01,1.665534554130727318e-01,4.049526445496096638e-01,7.022584773037656714e-01,3.607214538611734866e+01
3.915338527216103981e-01,1.589909096118670151e-01,1.689278414626087521e-01,4.160047185167110584e-01,7.048926690953036811e-01,3.618725638246515075e+01
4.074391222204249985e-01,1.603754205208033357e-01,1.703988843033535372e-01,4.329040673592015609e-01,7.083528988877443311e-01,3.632232011428794749e+01
4.262887802759248723e-01,1.579143585579577680e-01,1.677840059678300244e-01,4.529318290431703087e-01,7.111962966624276739e-01,3.637539995735851051e+01
4.362811046577290131e-01,1.577289899142631235e-01,1.675870517839045670e-01,4.635486736988370104e-01,7.107793929605196181e-01,3.633005780653665795e+01
4.400394669351638255e-01,1.565782766356353384e-01,1.663644189253625505e-01,4.675419336186115160e-01,7.105761445275594612e-01,3.634389933399735639e+01
4.445549858964782386e-01,1.555415093035571739e-01,1.652628536350293775e-01,4.723396725150082465e-01,7.098854394488095521e-01,3.644727781283001633e+01
4.511253537908031519e-01,1.554555842308837366e-01,1.651715582453140430e-01,4.793206884027281234e-01,7.099065797389365606e-01,3.648486328850468396e+01
4.582741199099573115e-01,1.543547958774992845e-01,1.640019706198429239e-01,4.869162524043293416e-01,7.114792223874265575e-01,3.651610988932839774e+01
4.572343825934373496e-01,1.560187963876942252e-01,1.657699711619251559e-01,4.858115315055267502e-01,7.118063156322175233e-01,3.654174675316763654e+01
4.481088258598832641e-01,1.581401945343472448e-01,1.680239566927439754e-01,4.761156274761256801e-01,7.112114999704414187e-01,3.651644907587836997e+01
4.350616457591950370e-01,1.580875389909897344e-01,1.679680101779264800e-01,4.622529986191445950e-01,7.104554818046607823e-01,3.645448358619581342e+01
4.198928687388254199e-01,1.567220179602563934e-01,1.665171440827723504e-01,4.461361730350018040e-01,7.101066951695570451e-01,3.634483849369867414e+01
4.059331887819036533e-01,1.584624239440960702e-01,1.683663254406019549e-01,4.313040130807726524e-01,7.106850962016798556e-01,3.622636441656401729e+01
3.960038580837161315e-01,1.576686865391084547e-01,1.675229794478027556e-01,4.207540992139482405e-01,7.096883237199680394e-01,3.607588481123752899e+01
3.845208287845920947e-01,1.581684262593389956e-01,1.680539529005477262e-01,4.085533805836292220e-01,7.081448940050532048e-01,3.593428663284586122e+01
3.692860599764152818e-01,1.590832503138903398e-01,1.690259534585085155e-01,3.923664387249410357e-01,7.071007531476749541e-01,3.579984017713469768e+01
3.622528706024357725e-01,1.583754800449108657e-01,1.682739475477178226e-01,3.848936750150880881e-01,7.062378707107015430e-01,3.568723097091184115e+01
3.636462346364772724e-01,1.568988500053716817e-01,1.667050281307074500e-01,3.863741243012572824e-01,7.059648061547280085e-01,3.566244930834172067e+01
3.690332422771417376e-01,1.552884751886269843e-01,1.649940048879160182e-01,3.920978199194633529e-01,7.058343200994589006e-01,3.568710409778893222e+01
3.784138260589193226e-01,1.573343024664273226e-01,1.671676963705789332e-01,4.020646901876016588e-01,7.058150849210881317e-01,3.569592692601037243e+01
3.882988531975068436e-01,1.596966815839874210e-01,1.696777241829866001e-01,4.125675315223512607e-01,7.080398848059720196e-01,3.580455043627424061e+01
4.019754169261206544e-01,1.612450321758268634e-01,1.713228466868159938e-01,4.270988804840033515e-01,7.108833707627649767e-01,3.595128938498164217e+01
4.214868759825556310e-01,1.584997502459299656e-01,1.684059846363004931e-01,4.478298057314653580e-01,7.119116474222274560e-01,3.614799508345728185e+01
4.305563688312689652e-01,1.576960253577724957e-01,1.675520269426331588e-01,4.574661418832232651e-01,7.110347755616343024e-01,3.624630835471282353e+01
4.335524304548534769e-01,1.570237617118767914e-01,1.668377468188689816e-01,4.606494573582819996e-01,7.107703611378795028e-01,3.624145797601565278e+01
4.403626004515889814e-01,1.561161501667969187e-01,1.658734095522215457e-01,4.678852629798133655e-01,7.103274250895610376e-01,3.634986484894788816e+01
4.496335693209253526e-01,1.557601361444440335e-01,1.654951446534717319e-01,4.777356674034828887e-01,7.106857280375273866e-01,3.639335868643662053e+01
4.572691778132506601e-01,1.544201438002265614e-01,1.640714027877406833e-01,4.858485014265787605e-01,7.114194598969809658e-01,3.640936835073602396e+01
4.560686807580429658e-01,1.553528105034138462e-01,1.650623611598772134e-01,4.845729733054206512e-01,7.105220315818775445e-01,3.642617001341810834e+01
4.466706213419930904e-01,1.573569413329279909e-01,1.671917501662359140e-01,4.745875351758678251e-01,7.090028967693990936e-01,3.640336834939750332e+01
4.339793224557700335e-01,1.557817683632650718e-01,1.655181288859692290e-01,4.611030301092553518e-01,7.089406609811675919e-01,3.631543516861776055e+01
4.190421786737902887e-01,1.553827965052741733e-01,1.650942212868537484e-01,4.452323148409023101e-01,7.089018523618287881e-01,3.619528773453684067e+01
4.069660970371284936e-01,1.569681451029213970e-01,1.667786541718538351e-01,4.324014781019492881e-01,7.091548644980366634e-01,3.607960334259075097e+01
3.972982017147342337e-01,1.572697412878015233e-01,1.670991001182891567e-01,4.221293393219051060e-01,7.075024927906891081e-01,3.589759226943976955e+01
3.845007059721011755e-01,1.580554922948674279e-01,1.679339605632966803e-01,4.085320000953573949e-01,7.062139895259161859e-01,3.574200646772725776e+01
3.679986367717889562e-01,1.581337341144489761e-01,1.680170924966020995e-01,3.909985515700259429e-01,7.056339323479211556e-01,3.556168280806013371e+01
3.577590612131451020e-01,1.592971547627785311e-01,1.692532269354522501e-01,3.801190025389666327e-01,7.044431327160596279e-01,3.542606446432086642e+01
3.583029471023626011e-01,1.581123433700995506e-01,1.679943648307307136e-01,3.806968812962603366e-01,7.040044125677714648e-01,3.538440489973768877e+01
3.631404026247635475e-01,1.566463646779830965e-01,1.664367624703570470e-01,3.858366777888111998e-01,7.034889563554658221e-01,3.538528282238905831e+01
3.736937392412922332e-01,1.579759657471976331e-01,1.678494636063975198e-01,3.970495979438730116e-01,7.029997534480219024e-01,3.540946722676602576e+01
3.901787823257564791e-01,1.607607660875756961e-01,1.708083139680492135e-01,4.145649562211159433e-01,7.044429062738688518e-01,3.555849879337368691e+01
4.058521961640079723e-01,1.616969984568115692e-01,1.718030608603622333e-01,4.312179584242585295e-01,7.080903228722140730e-01,3.572516053637171751e+01
4.284468816279808911e-01,1.580521983478202774e-01,1.679304607445592235e-01,4.552248117297292840e-01,7.098034691332184565e-01,3.585429044335548809e+01
4.408516562320076715e-01,1.560981883671768433e-01,1.658543251401254359e-01,4.684048847465079879e-01,7.114645273423498839e-01,3.589748479354923205e+01
4.427643563201591470e-01,1.548603365777767304e-01,1.645391076138876529e-01,4.704371285901694510e-01,7.114543382415690065e-01,3.595431961337884985e+01
4.465592813779172832e-01,1.533228768231952033e-01,1.629055566246449538e-01,4.744692364640369919e-01,7.112050623216534806e-01,3.606000740385276515e+01
4.504917238026172610e-01,1.528038780047957235e-01,1.623541203800954458e-01,4.786474565402807357e-01,7.114882147086316611e-01,3.611549751076736214e+01
4.553666798121175363e-01,1.520390635935379431e-01,1.615415050681340836e-01,4.838270973003748199e-01,7.130785624440136861e-01,3.615074526346915462e+01
4.531717752915012110e-01,1.541095108910103817e-01,1.637413553216985340e-01,4.814950112472196064e-01,7.130895912199097797e-01,3.618273026382253477e+01
4.452047853127016896e-01,1.560561210924138742e-01,1.658096286606895453e-01,4.730300843947454204e-01,7.116896907671778072e-01,3.618709877008221554e+01
4.331609681318353000e-01,1.557670004884659232e-01,1.655024380189949740e-01,4.602335286400748848e-01,7.115304628118830355e-01,3.609554141097811453e+01
4.169536910319241452e-01,1.564779880424753689e-01,1.662578622951300655e-01,4.430132967214193696e-01,7.107196255741733415e-01,3.596887161059831328e+01
4.018336171796031975e-01,1.583510181601684996e-01,1.682479567951790378e-01,4.269482182533285708e-01,7.103318018553487212e-01,3.585080148532287581e+01
3.910416250883347877e-01,1.578855341298483483e-01,1.677533800129636654e-01,4.154817266563561873e-01,7.095703176123354661e-01,3.568878762128959181e+01
3.811214242115470441e-01,1.583968031237194818e-01,1.682966033189521315e-01,4.049415132247687343e-01,7.079805186647933901e-01,3.555084742486948102e+01
3.655274573280886119e-01,1.591938192562550314e-01,1.691434329597709119e-01,3.883729234110946393e-01,7.066170319984790282e-01,3.541607570254082304e+01
3.577687474824514657e-01,1.573412970550247536e-01,1.671751281209638285e-01,3.801292942001044395e-01,7.063659798226000763e-01,3.531534128268456385e+01
3.584802401525833404e-01,1.551365275535472599e-01,1.648325605256439341e-01,3.808852551621197957e-01,7.062174066288651186e-01,3.529406858151412507e+01
3.638207645640214594e-01,1.534644951115500255e-01,1.630560260560217356e-01,3.865595623492728561e-01,7.055984138416183660e-01,3.530658343681388089e+01
3.744199425483123456e-01,1.550756205166186896e-01,1.647678467989071027e-01,3.978211889575822835e-01,7.051308063412141669e-01,3.534095010162132411e+01
3.876504302724470552e-01,1.589138807839594048e-01,1.688459983329568537e-01,4.118785821644749268e-01,7.066824561544257088e-01,3.550530330208857066e+01
4.024962822763139547e-01,1.604928716439843750e-01,1.705236761217335251e-01,4.276522999185831675e-01,7.105744911803770769e-01,3.568375955877549899e+01
4.230105690849196298e-01,1.577125228387664391e-01,1.675695555161892392e-01,4.494487296527270859e-01,7.116828913813427748e-01,3.585089812071762339e+01
4.345979157100609558e-01,1.575856428273944843e-01,1.674347455041065857e-01,4.617602854419398106e-01,7.096579938332466808e-01,3.599933478615506743e+01
4.395506847890786606e-01,1.569049919214147715e-01,1.667115539165031357e-01,4.670226025883959520e-01,7.095038617662210445e-01,3.603109344585418938e+01
4.474530255974256687e-01,1.562212910610942251e-01,1.659851217524126732e-01,4.754188396972643393e-01,7.091402013731595844e-01,3.612717343959539562e+01
4.535537892206705779e-01,1.557415657996405189e-01,1.654754136621179317e-01,4.819009010469624266e-01,7.092049301483426271e-01,3.617657403165556929e+01
4.596794473002341896e-01,1.551880683997322041e-01,1.648873226747154530e-01,4.884094127564985177e-01,7.099434340212236183e-01,3.619092953017043612e+01
4.556005482417429531e-01,1.564687673197549811e-01,1.662480652772395373e-01,4.840755825068521201e-01,7.092542332880058531e-01,3.620782114931331108e+01
4.464591013035194567e-01,1.568605173291441890e-01,1.666642996622155759e-01,4.743627951349893013e-01,7.072837217241453311e-01,3.618758992878076697e+01
4.330967251967919873e-01,1.554743984920559652e-01,1.651915483978094179e-01,4.601652705215913963e-01,7.066627862784093939e-01,3.609516305075555920e+01
4.173462504195428191e-01,1.569168831416190846e-01,1.667241883379702583e-01,4.434303910707640406e-01,7.065831709990829657e-01,3.601063986203258338e+01
4.025073260255596641e-01,1.586919530498989428e-01,1.686102001155175278e-01,4.276640339021570147e-01,7.068637530535544222e-01,3.587724582305671106e+01
3.919526594956059262e-01,1.579225335424115084e-01,1.677926918888122121e-01,4.164497007140813833e-01,7.059982442689235471e-01,3.574190121929321151e+01
3.811641330266694605e-01,1.577789480566180735e-01,1.676401323101568419e-01,4.049868913408360416e-01,7.042157098857676489e-01,3.561188336247909803e+01
3.662610975080605735e-01,1.572332051349114024e-01,1.670602804558433685e-01,3.891524161023145467e-01,7.018418245615405393e-01,3.544114621629149298e+01
3.593656535572090083e-01,1.556796635325878586e-01,1.654096425033744489e-01,3.818260069045346095e-01,7.004809949303366645e-01,3.535811843118624864e+01
3.615163074246853792e-01,1.536125301145204458e-01,1.632133132466779823e-01,3.841110766387285103e-01,6.997765749952233882e-01,3.534835503359981601e+01
3.664654609394242812e-01,1.514907078570498500e-01,1.609588770981154049e-01,3.893695522481382953e-01,6.990785393499061584e-01,3.536805886011196520e+01
3.752927284932309204e-01,1.535556809824707436e-01,1.631529110438752206e-01,3.987485240240578044e-01,6.985776931357915442e-01,3.537091921973151187e+01
3.906934787665766184e-01,1.567431279629558916e-01,1.665395734606405775e-01,4.151118211894875287e-01,6.999649968487514640e-01,3.549068285763730302e+01
4.041981776759104861e-01,1.595291359170529222e-01,1.694997069118686639e-01,4.294605637806548915e-01,7.036704296731117747e-01,3.566346160912054586e+01
4.242717760608275546e-01,1.583171385723604052e-01,1.682119597331330485e-01,4.507887620646290339e-01,7.070930261133693273e-01,3.580359324021611656e+01
4.373216316397389170e-01,1.559084033535839131e-01,1.656526785631827481e-01,4.646542336172228005e-01,7.091115634751079533e-01,3.585480440869095986e+01
4.411940281315193113e-01,1.542449781403412712e-01,1.638852892741125555e-01,4.687686548897394001e-01,7.098879383809113541e-01,3.584611261338861965e+01
4.463739786282572286e-01,1.519614162279088743e-01,1.614590047421531338e-01,4.742723522925230695e-01,7.103408242171481701e-01,3.589073854665387842e+01
4.498688317113189172e-01,1.501510468943502152e-01,1.595354873252471384e-01,4.779856336932763461e-01,7.106757102419521965e-01,3.594001309899330465e+01
4.532069014344053404e-01,1.498139095973470003e-01,1.591772789471810612e-01,4.815323327740554937e-01,7.119965728195201127e-01,3.596304991371130200e+01
4.485235521158188465e-01,1.530600760030983998e-01,1.626263307532919700e-01,4.765562741230573995e-01,7.118221495801384524e-01,3.597712252425837676e+01
4.408970078945980142e-01,1.561031620850797663e-01,1.658596097153972604e-01,4.684530708880107475e-01,7.108519537135044031e-01,3.596952421727277027e+01
4.296633464431848792e-01,1.554924829771342776e-01,1.652107631632052098e-01,4.565173055958838266e-01,7.111165490364601549e-01,3.587345267236941027e+01
4.155076727046326801e-01,1.545754573917616781e-01,1.642364234787466737e-01,4.414769022486726424e-01,7.108977974399653954e-01,3.575491715027569484e+01
4.005137809127938264e-01,1.570909963779044682e-01,1.669091836515234351e-01,4.255458922198435134e-01,7.100436051522727166e-01,3.565945676202015591e+01
3.892662237660378666e-01,1.581777576573372146e-01,1.680638675109207281e-01,4.135953627514152298e-01,7.092101942642586865e-01,3.549391726009002923e+01
3.784869870977046191e-01,1.586116489820095232e-01,1.685248770433851184e-01,4.021424237913111543e-01,7.076864278778597361e-01,3.534690082563378155e+01
3.626649228995076912e-01,1.587137107501599698e-01,1.686333176720450355e-01,3.853314805807267485e-01,7.059995074998967057e-01,3.521389973593073819e+01
3.561425210850440726e-01,1.558570019919101324e-01,1.655980646164045833e-01,3.784014286528593063e-01,7.053585652741037881e-01,3.513148479927198053e+01
3.568144725245780968e-01,1.532973320758301283e-01,1.628784153305695981e-01,3.791153770573639781e-01,7.049178877127471043e-01,3.512696082790998986e+01
3.612250449548335407e-01,1.514054905687138852e-01,1.608683337292586280e-01,3.838016102645107619e-01,7.038445905477919151e-01,3.514904863070483998e+01
3.700066320732713909e-01,1.539290124149584604e-01,1.635495756908933729e-01,3.931320465778507245e-01,7.032864360745751942e-01,3.513364019227525148e+01
3.861644175286891301e-01,1.574095830481274938e-01,1.672476819886354327e-01,4.102996936242321313e-01,7.051166158955228802e-01,3.524446865303841747e+01
3.993101292321751816e-01,1.596772799245750329e-01,1.696571099198608545e-01,4.242670123091863976e-01,7.083955272128976688e-01,3.541047914217446646e+01
4.168680350846940552e-01,1.596651060605217554e-01,1.696441751893044414e-01,4.429222872774875031e-01,7.112894537528635652e-01,3.557808565014036617e+01
4.301161996883024474e-01,1.591450578934705540e-01,1.690916240118123248e-01,4.569984621688218396e-01,7.116133981354766380e-01,3.575472838244393614e+01
4.344268077974791642e-01,1.579693234071112562e-01,1.678424061200556039e-01,4.615784832848215391e-01,7.114000856548440277e-01,3.584440497627413436e+01
4.437778742493173056e-01,1.556625422820774318e-01,1.653914511747072713e-01,4.715139913898998558e-01,7.116408543152438204e-01,3.595691860547832874e+01
4.503189217478791306e-01,1.528157569342039612e-01,1.623667417425918025e-01,4.784638543571215208e-01,7.116577969507673629e-01,3.603134912638772391e+01
4.502163932516188294e-01,1.559359046298868234e-01,1.656818986692547013e-01,4.783549178298447946e-01,7.112061707431349689e-01,3.607989530381834697e+01
4.429852051613302755e-01,1.597772394250484562e-01,1.697633168891141131e-01,4.706717804839130048e-01,7.103051520961188858e-01,3.612246403901388447e+01
4.337783807159025229e-01,1.619489802418053181e-01,1.720707915069180916e-01,4.608895295106464340e-01,7.096448327451264637e-01,3.612889887889853213e+01
4.212623729936220696e-01,1.626295524054425790e-01,1.727938994307826881e-01,4.475912713057235703e-01,7.092020622085075665e-01,3.606067366125864737e+01
4.035340225666684266e-01,1.646975592347164896e-01,1.749911566868861956e-01,4.287548989770852970e-01,7.087190916968626464e-01,3.599436528967166282e+01
3.882203913802620976e-01,1.681374489139136896e-01,1.786460394710333577e-01,4.124841658415282497e-01,7.068172342373023609e-01,3.592350110963064225e+01
3.781764779381199260e-01,1.670484284945152054e-01,1.774889552754224942e-01,4.018125078092524838e-01,7.054877921838111909e-01,3.576830199795077903e+01
3.712625041585562724e-01,1.662571315637790537e-01,1.766482022865152324e-01,3.944664106684659943e-01,7.031941227071504263e-01,3.551978898416770392e+01
3.608220648111101769e-01,1.644911515501623900e-01,1.747718485220474960e-01,3.833734438618044416e-01,7.006275555388711274e-01,3.528944743485879343e+01
3.551339722466461124e-01,1.629186744724233638e-01,1.731010916269498101e-01,3.773298455120616124e-01,6.984490574005325358e-01,3.515961932585111072e+01
3.506303017017389778e-01,1.589162193428279024e-01,1.688484830517547053e-01,3.725446955580976605e-01,6.983031937930054278e-01,3.514804270145477005e+01
3.570096894978069813e-01,1.564105668672994554e-01,1.661862272965056730e-01,3.793227950914199731e-01,6.974242392321434725e-01,3.516169554515739293e+01
3.724038527117300990e-01,1.524168341979149910e-01,1.619428863352846415e-01,3.956790935062132752e-01,6.969754461169833659e-01,3.518229047565596090e+01
3.876317731937011790e-01,1.532499986696673200e-01,1.628281235865214893e-01,4.118587590183073188e-01,6.994114118614906950e-01,3.533341537737729965e+01
4.013079985608831723e-01,1.558606378629510125e-01,1.656019277293854230e-01,4.263897484709381347e-01,7.024111835216932942e-01,3.552675668932981523e+01
4.196243691906283435e-01,1.558758124384569399e-01,1.656180507158604709e-01,4.458508922650423201e-01,7.058564219195708755e-01,3.568601460235889533e+01
4.356019825963677317e-01,1.547744429664866250e-01,1.644478456518919385e-01,4.628271065086409508e-01,7.070525095307494956e-01,3.573499058903735914e+01
4.407027142910898143e-01,1.536117679600948194e-01,1.632125034576007439e-01,4.682466339342826744e-01,7.076196337511198031e-01,3.573309877579892913e+01
4.480109181831261611e-01,1.521608142818507703e-01,1.616708651744664937e-01,4.760116005695714247e-01,7.083618916226969153e-01,3.571042819673717617e+01
4.507794869165820395e-01,1.515530777974690158e-01,1.610251451598107009e-01,4.789532048488686078e-01,7.081643235433154882e-01,3.570842197999345302e+01
4.509058742355054883e-01,1.540421286887193875e-01,1.636697617317643683e-01,4.790874913752243280e-01,7.087566558826486895e-01,3.572069807087779481e+01
4.446972275536122399e-01,1.581056843230765063e-01,1.679872895932686683e-01,4.724908042757128279e-01,7.091164999003869429e-01,3.577577789032821443e+01
4.376113858655268918e-01,1.601161544182715113e-01,1.701234140694133923e-01,4.649620974821222497e-01,7.073054792613903130e-01,3.577937769667437351e+01
4.262896665538771224e-01,1.580215526049968677e-01,1.678978996428090731e-01,4.529327707134946368e-01,7.065436842057700728e-01,3.572320484392877660e+01
4.147908581814803708e-01,1.557869072461897375e-01,1.655235889490765666e-01,4.407152868178227378e-01,7.066700134852720305e-01,3.563039898384417370e+01
4.045716532987319591e-01,1.566733030756463085e-01,1.664653845178742930e-01,4.298573816299022798e-01,7.061272719784965624e-01,3.557730210936065873e+01
3.923294964708126109e-01,1.582091616787315025e-01,1.680972342836521971e-01,4.168500900002385379e-01,7.065098139698210433e-01,3.553259810090282400e+01
3.781467037394217745e-01,1.587080360581313021e-01,1.686272883117646282e-01,4.017808727231353405e-01,7.057541868418777398e-01,3.544032648969472632e+01
3.638363914994121040e-01,1.592299729876796022e-01,1.691818462994095218e-01,3.865761659681253848e-01,7.044603537880236299e-01,3.528288649549534739e+01
3.555690588400374219e-01,1.574862626437946445e-01,1.673291540590318149e-01,3.777921250175400036e-01,7.035536384853157132e-01,3.514886817360800819e+01
3.544227914590094564e-01,1.552106916637917833e-01,1.649113598927786084e-01,3.765742159251980192e-01,7.040179010264560056e-01,3.512036140613078317e+01
3.575197636713906002e-01,1.544085221892898541e-01,1.640590548261203763e-01,3.798647489008525335e-01,7.035594357753871542e-01,3.513204948137499883e+01
3.662288814592705166e-01,1.558307628691620039e-01,1.655701855484844887e-01,3.891181865504750315e-01,7.029120968118296453e-01,3.511955595876560210e+01
3.785364800035354582e-01,1.593077456473246667e-01,1.692644797502824150e-01,4.021950100037562370e-01,7.034488895706043632e-01,3.519418898093658044e+01
3.927262749168355382e-01,1.623623707666957683e-01,1.725100189396140682e-01,4.172716670991380439e-01,7.061918895865011425e-01,3.538622109440831309e+01
4.110778356594535499e-01,1.623628390500518048e-01,1.725105164906802213e-01,4.367702003881692163e-01,7.087128811554869179e-01,3.556438849293715521e+01
4.278236247027036865e-01,1.611063825728448196e-01,1.711755314836475028e-01,4.545626012466227883e-01,7.100444616037729917e-01,3.570362309971427095e+01
4.337091746156047645e-01,1.603932686001436903e-01,1.704178478876525737e-01,4.608159980290802427e-01,7.089787149055656323e-01,3.589273688815629981e+01
4.426148807843616195e-01,1.576743435621667799e-01,1.675289900348022332e-01,4.702783108333843387e-01,7.083097078550152359e-01,3.604591534978291634e+01
4.464829699853375411e-01,1.561246400251611044e-01,1.658824300267336127e-01,4.743881556094212137e-01,7.080241021877825558e-01,3.613774345915906139e+01
4.476960666474353867e-01,1.568704166001113343e-01,1.666748176376181279e-01,4.756770708129003933e-01,7.087720714794802923e-01,3.618236074045134387e+01
4.457167112431515421e-01,1.586393409996551818e-01,1.685542998121334901e-01,4.735740056958487321e-01,7.085949481610650524e-01,3.619735161136581070e+01
4.376537462014242208e-01,1.598938303048509368e-01,1.698871946989041204e-01,4.650071053390133491e-01,7.080981472184122438e-01,3.615563535677350870e+01
4.255443537311191515e-01,1.605005342801028578e-01,1.705318176726093038e-01,4.521408758393141158e-01,7.073716177146781581e-01,3.605105360509232071e+01
4.118407296826137043e-01,1.593885345297006151e-01,1.693503179378068046e-01,4.375807752877770573e-01,7.070310805793621478e-01,3.594879815568889825e+01
3.985047725536228214e-01,1.601310850050473022e-01,1.701392778178626997e-01,4.234113208382241922e-01,7.058553127006462757e-01,3.585590096038978203e+01
3.855586341633995828e-01,1.615206242880518894e-01,1.716156633060550718e-01,4.096560487986121157e-01,7.050309720828766835e-01,3.572277172703694248e+01
3.737404040209874045e-01,1.616939006789685496e-01,1.717997694714041845e-01,3.970991792722989855e-01,7.039028232548221187e-01,3.559402476172891738e+01
3.578208503514865857e-01,1.616533840114985077e-01,1.717567205122170482e-01,3.801846534984549275e-01,7.028725871793216617e-01,3.544970760818633693e+01
3.501229119164029346e-01,1.577855861538716153e-01,1.676471852884886260e-01,3.720055939111778787e-01,7.025231475279721804e-01,3.534143357121733686e+01
3.491062852935605254e-01,1.547062226626223225e-01,1.643753615790363443e-01,3.709254281244077633e-01,7.024479955026585731e-01,3.531229674311781253e+01
3.536757897473466472e-01,1.540742876842713938e-01,1.637039306645382553e-01,3.757805266065558092e-01,7.012962917323007916e-01,3.532106847662099369e+01
3.636173128059145832e-01,1.545533117565651704e-01,1.642128937413506462e-01,3.863433948562837172e-01,7.008547384430151572e-01,3.534000604816203150e+01
3.784131997056756624e-01,1.569666348405066025e-01,1.667770495180382340e-01,4.020640246872803636e-01,7.021978029259809961e-01,3.545896126437138918e+01
3.922921254074209219e-01,1.591907493360688597e-01,1.691401711695730559e-01,4.168103832453846636e-01,7.045911998512923713e-01,3.566035795849749945e+01
4.100258043328321444e-01,1.596159846537737459e-01,1.695919836946345183e-01,4.356524171036342818e-01,7.062638576631256049e-01,3.585824523391546137e+01
4.240807223439732598e-01,1.600324822010798509e-01,1.700345123386474144e-01,4.505857674904715227e-01,7.056591825791523886e-01,3.607668628550479895e+01
4.304641092702816696e-01,1.591222011297293293e-01,1.690673387003374106e-01,4.573681160996740935e-01,7.050611662068353436e-01,3.628548614579479192e+01
4.404139841568170399e-01,1.565890110014101499e-01,1.663758241889982392e-01,4.679398581666180945e-01,7.043442121389988930e-01,3.641966480299848996e+01
4.433654359528131916e-01,1.554303397601982106e-01,1.651447359952105676e-01,4.710757756998636414e-01,7.043150661918562427e-01,3.650836380398300918e+01
4.454158902264228059e-01,1.556395321370469265e-01,1.653670028956123472e-01,4.732543833655742938e-01,7.051554817150603727e-01,3.654847434164206277e+01
4.423614558242660033e-01,1.565185498642278628e-01,1.663009592307422291e-01,4.700090468132822608e-01,7.053372739063739072e-01,3.657264592779751666e+01
4.328928295767102141e-01,1.579596531522443614e-01,1.678321314742597381e-01,4.599486314252543284e-01,7.052161466197379713e-01,3.653369758294831371e+01
4.173239867589059737e-01,1.563241687003079639e-01,1.660944292440772463e-01,4.434067359313378365e-01,7.048945061765120590e-01,3.643263827826782375e+01
4.016708134549569764e-01,1.568777454938414528e-01,1.666826045872066286e-01,4.267752392958915064e-01,7.043782537844902603e-01,3.635458359771003245e+01
3.899691742620663981e-01,1.594842528699772222e-01,1.694520186743507795e-01,4.143422476534456278e-01,7.024057986122386188e-01,3.629168795028819972e+01
3.762420583720211820e-01,1.607314390971590068e-01,1.707771540407314048e-01,3.997571870202727973e-01,7.027384456250881373e-01,3.613373019032138700e+01
3.646831224204937216e-01,1.607870196245491656e-01,1.708362083510835960e-01,3.874758175717744613e-01,7.015016493369368167e-01,3.595847161531359859e+01
3.480266788784752707e-01,1.604884949813163431e-01,1.705190259176486145e-01,3.697783463083799682e-01,7.004942207252206066e-01,3.574971088721420642e+01
3.414961399380470053e-01,1.582085176474914701e-01,1.680965500004596436e-01,3.628396486841751201e-01,7.001095489323246879e-01,3.562845030498990440e+01
3.405669784602707861e-01,1.567017130932477076e-01,1.664955701615755956e-01,3.618524146140378872e-01,6.996409513529409097e-01,3.559577001990182055e+01
3.449714171336127344e-01,1.561018736130131979e-01,1.658582407138266268e-01,3.665321307044634991e-01,6.988349922586815088e-01,3.560783956817572005e+01
3.540148172856028563e-01,1.590963238775757460e-01,1.690398441199240931e-01,3.761407433659532118e-01,6.989026530338506848e-01,3.558676729211174461e+01
3.693329752176400804e-01,1.599214121505315722e-01,1.699165004099397747e-01,3.924162861687425230e-01,7.001945980282529014e-01,3.561519604176132248e+01
3.849059646789187439e-01,1.632710713970368932e-01,1.734755133593516296e-01,4.089625874713512244e-01,7.027602896141247335e-01,3.577446344895951569e+01
4.019983859086144196e-01,1.640633151947648305e-01,1.743172723944376168e-01,4.271232850279027549e-01,7.048050385776535309e-01,3.593142107550826125e+01
4.181869361629196868e-01,1.629952931806740168e-01,1.731824990044661117e-01,4.443236196731025212e-01,7.056363911540709521e-01,3.613468006936474097e+01
4.289021051517572514e-01,1.612246243705673932e-01,1.713011633937279732e-01,4.557084867237418679e-01,7.060535280749770104e-01,3.627649529174937015e+01
4.396884065938369557e-01,1.587292791366916589e-01,1.686498590827348598e-01,4.671689320059518313e-01,7.055452891813813743e-01,3.644134161353451873e+01
4.434541480383293877e-01,1.572132958904154942e-01,1.670391268835664522e-01,4.711700322907247940e-01,7.053731474362682219e-01,3.655284481469093549e+01
4.447896302358381182e-01,1.573890496703580499e-01,1.672258652747555252e-01,4.725889821255777612e-01,7.064174918649834822e-01,3.660877214977366378e+01
4.425781048969728015e-01,1.583773909250163203e-01,1.682759778578297172e-01,4.702392364530338376e-01,7.077379024368063432e-01,3.663870141470533071e+01
4.364603221034584757e-01,1.584341486469197646e-01,1.683362829373521996e-01,4.637390922349249323e-01,7.072487435788870069e-01,3.660768329921317132e+01
4.240125893205813346e-01,1.588019688894946879e-01,1.687270919450880313e-01,4.505133761531175951e-01,7.066523335102027348e-01,3.651652166869465788e+01
4.096384517846782258e-01,1.596242248340298542e-01,1.696007388861566767e-01,4.352408550212206739e-01,7.055287491117495646e-01,3.644004313964904185e+01
3.900453533495088498e-01,1.621496755068012885e-01,1.722840302259764367e-01,4.144231879338527436e-01,7.032172246426600104e-01,3.638864080787246991e+01
3.782189383607117983e-01,1.621930282043663740e-01,1.723300924671392342e-01,4.018576220082565320e-01,7.027689683360238693e-01,3.623437757136146331e+01
3.669338760719698667e-01,1.620541740709189049e-01,1.721825599503513382e-01,3.898672433264679937e-01,7.012583886262158117e-01,3.600993224139747895e+01
3.503900293789262710e-01,1.616913557893645548e-01,1.717970655261997770e-01,3.722894062151091421e-01,7.007748116464592725e-01,3.580073938408074952e+01
3.420177966289944527e-01,1.583714119996879333e-01,1.682696252496685141e-01,3.633939089183064186e-01,7.012117901588774682e-01,3.569025428479712048e+01
3.406807840528435771e-01,1.555532138039149581e-01,1.652752896666595528e-01,3.619733330561464846e-01,7.014540881548865237e-01,3.566183961152336224e+01
3.456258361013669345e-01,1.547493973231512665e-01,1.644212346558480697e-01,3.672274508577023089e-01,7.006322489784831964e-01,3.567307188992123912e+01
3.551855516376364874e-01,1.555110406883985497e-01,1.652304807314235735e-01,3.773846486149887713e-01,7.003288432213832237e-01,3.566558389111935412e+01
3.662269036565363733e-01,1.587014122690594553e-01,1.686202505358757042e-01,3.891160851350699001e-01,7.008281485040465109e-01,3.572616895501418099e+01
3.821965195499024137e-01,1.608860727717054129e-01,1.709414523199368763e-01,4.060838020217711897e-01,7.027557822155513501e-01,3.591028509512575795e+01
4.032932556685325243e-01,1.620973707976898492e-01,1.722284564725453659e-01,4.284990841478156787e-01,7.056095174410040860e-01,3.609078513872093197e+01
4.198489504052835830e-01,1.621066982665703704e-01,1.722383669082310498e-01,4.460895098056135710e-01,7.064741789247246384e-01,3.618182470965800945e+01
4.286678556867049017e-01,1.610676227481209200e-01,1.711343491698783803e-01,4.554595966671244334e-01,7.051704420356109670e-01,3.620475415390203722e+01
4.402878781779906436e-01,1.588301609167157014e-01,1.687570459740102835e-01,4.678058705641154891e-01,7.053723481968088294e-01,3.624299199228998702e+01
4.423241554574161016e-01,1.580313890540397670e-01,1.679083508699172056e-01,4.699694151735045455e-01,7.056864010428682832e-01,3.628245306890924127e+01
4.439952303565053437e-01,1.571320830519699618e-01,1.669528382427181157e-01,4.717449322537866641e-01,7.072626266329765654e-01,3.629942394838917608e+01
4.412430190373416439e-01,1.571379628043315102e-01,1.669590854796021984e-01,4.688207077271752676e-01,7.091582891936908384e-01,3.630728532713159495e+01
4.340246331469400087e-01,1.606704056032551287e-01,1.707123059534585430e-01,4.611511727186239362e-01,7.093083421763356489e-01,3.626589172742625777e+01
4.195610364197341347e-01,1.620709702352762238e-01,1.722004058749809774e-01,4.457836011959674383e-01,7.097560013384193178e-01,3.617368489555757094e+01
4.048986314269427678e-01,1.611927503363162206e-01,1.712672972323360243e-01,4.302047958911267567e-01,7.086445605571021211e-01,3.608750780259572366e+01
3.860643543272082034e-01,1.644000412683772894e-01,1.746750438476508682e-01,4.101933764726582998e-01,7.054948667268923224e-01,3.601254975946616810e+01
3.733289201261839607e-01,1.657065999433681436e-01,1.760632624398285051e-01,3.966619776340706283e-01,7.046583108564646869e-01,3.584045673743270299e+01
3.606626272165629477e-01,1.657375536053206644e-01,1.760961507056532094e-01,3.832040414175980070e-01,7.038638868540633142e-01,3.563328160075266027e+01
3.431130484419734894e-01,1.656461526825607489e-01,1.759990372252208390e-01,3.645576139695965168e-01,7.044553188200911586e-01,3.541123457991751877e+01
3.332973124022789446e-01,1.621025734950498343e-01,1.722339843384904090e-01,3.541283944274215556e-01,7.051685814846166966e-01,3.528682351954643792e+01
3.295016376875338215e-01,1.581526820755737861e-01,1.680372247052970280e-01,3.500954900430046646e-01,7.060553405418532602e-01,3.525142113529963694e+01
3.346418478272977226e-01,1.569924928455586621e-01,1.668045236484061167e-01,3.555569633165039378e-01,7.052013990781094144e-01,3.526359270682974767e+01
3.453284110160224629e-01,1.571174342549973846e-01,1.669372738959346569e-01,3.669114367045240854e-01,7.047797297938183103e-01,3.528334431200526211e+01
3.599041401713679589e-01,1.583144246378489772e-01,1.682090761777144949e-01,3.823981489320782967e-01,7.052986635063519527e-01,3.536821603911453593e+01
3.757678534964076222e-01,1.609250606330230315e-01,1.709828769225868461e-01,3.992533443399329807e-01,7.072776436490496588e-01,3.555290907879388840e+01
3.959425704325072459e-01,1.622969813504356873e-01,1.724405426848379663e-01,4.206889810845387823e-01,7.098769218225933209e-01,3.575226460052271449e+01
4.115839163698872261e-01,1.619801861609868054e-01,1.721039477960484565e-01,4.373079111430051569e-01,7.109609293504980387e-01,3.593602823142117586e+01
4.203537736580043593e-01,1.612324486220841901e-01,1.713094766609643549e-01,4.466258845116297671e-01,7.096481838966288702e-01,3.610575905097653759e+01
4.333062840315618502e-01,1.578963830963313608e-01,1.677649070398520015e-01,4.603879267835344624e-01,7.089923095860386493e-01,3.628126882558451882e+01
4.359888789397837194e-01,1.561151107335818911e-01,1.658723051544309102e-01,4.632381838735196711e-01,7.087651681274125259e-01,3.640564591966357000e+01
4.398618091493658455e-01,1.547906606328300072e-01,1.644650769223819919e-01,4.673531722212010964e-01,7.104749875095474065e-01,3.646387353309562940e+01
4.400623266758070251e-01,1.537639585161309774e-01,1.633742059233893040e-01,4.675662220930447144e-01,7.120605075610570989e-01,3.648948310879175239e+01
4.356005642106788311e-01,1.575267936289133919e-01,1.673722182307204043e-01,4.628255994738462720e-01,7.122958812729576206e-01,3.646128114965621592e+01
4.223849487615570220e-01,1.596213810032764691e-01,1.695977173159812779e-01,4.487840080591541381e-01,7.126211038096107453e-01,3.637092771690932835e+01
4.075628774349066563e-01,1.600007101219130257e-01,1.700007545045323643e-01,4.330355572745883119e-01,7.117679284921634153e-01,3.629819423315015570e+01
3.882454907657300058e-01,1.649238733102405263e-01,1.752316153921306130e-01,4.125108339385882283e-01,7.082476960129883148e-01,3.630296710056123288e+01
3.739084047276506340e-01,1.664738198676506686e-01,1.768784336093787157e-01,3.972776800231287986e-01,7.077959292940326774e-01,3.615529542217564085e+01
3.620717483778210788e-01,1.667741941676974538e-01,1.771975813031785862e-01,3.847012326514350766e-01,7.068100741439823365e-01,3.594655070653988105e+01
3.472101583250632451e-01,1.666630131469719611e-01,1.770794514686576671e-01,3.689107932203796181e-01,7.061732135672297295e-01,3.573436306511788985e+01
3.396421065130157957e-01,1.633083920349509000e-01,1.735151665371353902e-01,3.608697381700792239e-01,7.060711480519140659e-01,3.559609757307087818e+01
3.379648859517089265e-01,1.590136642468244210e-01,1.689520182622510636e-01,3.590876913236904500e-01,7.062743906349617795e-01,3.555065414353697406e+01
3.389694855491298120e-01,1.569698260534233558e-01,1.667804401817623294e-01,3.601550783959505120e-01,7.057052759200161951e-01,3.558054399222534414e+01
3.465363307977999408e-01,1.592380945101857792e-01,1.691904754170723835e-01,3.681948514726621768e-01,7.058106957644397772e-01,3.565121016751174921e+01
3.586467830647102062e-01,1.626681946428925052e-01,1.728349568080731757e-01,3.810622070062545941e-01,7.059800873269550525e-01,3.577308017262692630e+01
3.750637623361504636e-01,1.651430822156783884e-01,1.754645248541581715e-01,3.985052474821600410e-01,7.077735724498979142e-01,3.593390661418514043e+01
3.936030099567137119e-01,1.668928076940435490e-01,1.773236081749212101e-01,4.182031980790081316e-01,7.105144315280395029e-01,3.611632959053612524e+01
4.072437293025128469e-01,1.677338980326184559e-01,1.782172666596572586e-01,4.326964623839194002e-01,7.121137199351451619e-01,3.622720873346994352e+01
4.132580629172225573e-01,1.661765534235691011e-01,1.765625880125419878e-01,4.390866918495489046e-01,7.110153009359388987e-01,3.630108886304779503e+01
4.290948089850529779e-01,1.617616303946984579e-01,1.718717322943673076e-01,4.559132345466183622e-01,7.111255903010406110e-01,3.643637085371874207e+01
4.361846029565619176e-01,1.590453063597821737e-01,1.689856380072684017e-01,4.634461406413470930e-01,7.122303416377319119e-01,3.655074988113249645e+01
4.420461430952098425e-01,1.561737874884354949e-01,1.659346492064626977e-01,4.696740270386604577e-01,7.144061291894858723e-01,3.662391743025251145e+01
4.430840922381517610e-01,1.534970300756046957e-01,1.630905944553300291e-01,4.707768480030358194e-01,7.164716787888223415e-01,3.666723131809501268e+01
4.369860055219019213e-01,1.543612205707121654e-01,1.640087968563815890e-01,4.642976308670209162e-01,7.166079217908259968e-01,3.666056205561848458e+01
4.254804947927988690e-01,1.550204072369942565e-01,1.647091826893064270e-01,4.520730257173489752e-01,7.158522598564124317e-01,3.659537589704367377e+01
4.124187376866630395e-01,1.557166454170246517e-01,1.654489357555886664e-01,4.381949087920798402e-01,7.134569864252020555e-01,3.649674746435140094e+01
3.955990090815119098e-01,1.609425679203496662e-01,1.710014784153714162e-01,4.203239471491063695e-01,7.092483446423881732e-01,3.644657550416928160e+01
3.836877263769879476e-01,1.614732464044933702e-01,1.715653243047738918e-01,4.076682092755500864e-01,7.079737643819814519e-01,3.632464733263353907e+01
3.724751051978864025e-01,1.611246715917455941e-01,1.711949635662296798e-01,3.957547992727541430e-01,7.065605495628308752e-01,3.608860353423173706e+01
3.540644407956624606e-01,1.628155602608434283e-01,1.729915327771460176e-01,3.761934683453913020e-01,7.043804252473965244e-01,3.589341423375664419e+01
3.445635903763489827e-01,1.633505771870616963e-01,1.735599882612530453e-01,3.660988147748710508e-01,7.033716782729876327e-01,3.578965109922519616e+01
3.419761649373996293e-01,1.617708855916885902e-01,1.718815659411691565e-01,3.633496752459869916e-01,7.035587032417430775e-01,3.578962993334882015e+01
3.453577674200681846e-01,1.607237314381490256e-01,1.707689646530332894e-01,3.669426278838228139e-01,7.033672576682842292e-01,3.580356224482481764e+01
3.503941173927613839e-01,1.622935741890694228e-01,1.724369225758861091e-01,3.722937497298092757e-01,7.032675171109805667e-01,3.579090043289946266e+01
3.625559951093695887e-01,1.643468282433616645e-01,1.746185050085717338e-01,3.852157448037051291e-01,7.035439238231226966e-01,3.583251270279703249e+01
3.796286633540668087e-01,1.670249928151722740e-01,1.774640548661206574e-01,4.033554548136956686e-01,7.057554146348117285e-01,3.594998296793882986e+01
3.985494709811973069e-01,1.688827881780106399e-01,1.794379624391363448e-01,4.234588129175221316e-01,7.077155860067025905e-01,3.611931365032094732e+01
4.123858867659078165e-01,1.684892093195815566e-01,1.790197849020553900e-01,4.381600046887769162e-01,7.071793767257602559e-01,3.624591919173971633e+01
4.202602756513471038e-01,1.668241098943193113e-01,1.772506167627142526e-01,4.465265428795561209e-01,7.053257473632900121e-01,3.642924158708857618e+01
4.365297421804913980e-01,1.626715109656442781e-01,1.728384804009971409e-01,4.638128510667718363e-01,7.062298433041565016e-01,3.664661037325860349e+01
4.436132645835944577e-01,1.598526711325607697e-01,1.698434630783456911e-01,4.713390936200690939e-01,7.078179411799949694e-01,3.680710561250528201e+01
4.485721177080501665e-01,1.568744314138956208e-01,1.666790833772641978e-01,4.766078750648032325e-01,7.102919783952530430e-01,3.690140095482038163e+01
4.471216250466797382e-01,1.538707479402113554e-01,1.634876696864746848e-01,4.750667266120969789e-01,7.120266054539112766e-01,3.695163799667482607e+01
4.423489293000175127e-01,1.547060690250381121e-01,1.643751983391029681e-01,4.699957373812688743e-01,7.120876381812604183e-01,3.694173838258598863e+01
4.316385749281230755e-01,1.562022086703627466e-01,1.659648467122604720e-01,4.586159858611303375e-01,7.108119911167135596e-01,3.686954082709300451e+01
4.178605011872212338e-01,1.570664203717347385e-01,1.668830716449679341e-01,4.439767825114228073e-01,7.095598699200824644e-01,3.680823929257594784e+01
3.973253898206189905e-01,1.620517698471806434e-01,1.721800054626295429e-01,4.221582266844075004e-01,7.058729122032844083e-01,3.681423697636786585e+01
3.853503805103220548e-01,1.630447380285121872e-01,1.732350341552941486e-01,4.094347792922174434e-01,7.048976243496702931e-01,3.674148983727418027e+01
3.732218415228906738e-01,1.627515828941624165e-01,1.729235568250477306e-01,3.965482066180710530e-01,7.036010589669479121e-01,3.652349382030649849e+01
3.551953171337440263e-01,1.633847127881209726e-01,1.735962573373786011e-01,3.773950244546031008e-01,7.028989326583896524e-01,3.632069662714833669e+01
3.474850716319152211e-01,1.608790391793851748e-01,1.709339791280967413e-01,3.692028886089100959e-01,7.028404577088678273e-01,3.623746395572840839e+01
3.475955413971565378e-01,1.594314356086115880e-01,1.693959003341498071e-01,3.693202627344788214e-01,7.024024410142087893e-01,3.621197964062275076e+01
3.549960255139667509e-01,1.577197680462092688e-01,1.675772535490974158e-01,3.771832771085896763e-01,7.022481953020849321e-01,3.622107599532971989e+01
3.623449333232300340e-01,1.572707677552443173e-01,1.671001907399470576e-01,3.849914916559317724e-01,7.020045756453331398e-01,3.624073758449463867e+01
3.736189378024044605e-01,1.592594778390169774e-01,1.692131952039554188e-01,3.969701214150552770e-01,7.025350751268664151e-01,3.632868486928725815e+01
3.907320043985811342e-01,1.605374643091058706e-01,1.705710558284250777e-01,4.151527546734922747e-01,7.042680112888587418e-01,3.647863336910840815e+01
4.091352620736538603e-01,1.615404706482748143e-01,1.716367500637918930e-01,4.347062159532573689e-01,7.063924080775877412e-01,3.666588118251586792e+01
4.136472256204168363e-01,1.662661628006471271e-01,1.766577979756873418e-01,4.395001772216930447e-01,7.074161242088184975e-01,3.676002719731543067e+01
4.056118440372437628e-01,1.718657513609586351e-01,1.826073608210184163e-01,4.309625842895717929e-01,7.087166050987461219e-01,3.679520753088176832e+01
4.080362323743493280e-01,1.745029449132027288e-01,1.854093789702779271e-01,4.335384968977459286e-01,7.083197489880422859e-01,3.686461332708363159e+01
4.143775888782978423e-01,1.714811689587516508e-01,1.821987420186737261e-01,4.402761881831914748e-01,7.091178585231090459e-01,3.694617712517276686e+01
4.198784786965296667e-01,1.683210444798511618e-01,1.788411097598417709e-01,4.461208836150625245e-01,7.108215700042761487e-01,3.700278292973028726e+01
4.266698484721171414e-01,1.643385508563467434e-01,1.746097102848684357e-01,4.533367140016243413e-01,7.131745538046303512e-01,3.702174653249697656e+01
4.264442996810981490e-01,1.620323130571675596e-01,1.721593326232403742e-01,4.530970684111668700e-01,7.167181455845763605e-01,3.697427700585094357e+01
4.181357449452761110e-01,1.592253030310520900e-01,1.691768844704927555e-01,4.442692290043560588e-01,7.167727552687873649e-01,3.688223652896858340e+01
4.063331069343193991e-01,1.581788819509293842e-01,1.680650620728624811e-01,4.317289261177143511e-01,7.161083976943548590e-01,3.679981164164402685e+01
3.927373856927448004e-01,1.604999287612891290e-01,1.705311743088697152e-01,4.172834722985412359e-01,7.134645036488981296e-01,3.677810924770269452e+01
3.818901246028673091e-01,1.623706350083521099e-01,1.725187996963742365e-01,4.057582573905462731e-01,7.122951472970203701e-01,3.675336509858510681e+01
3.749999457361759547e-01,1.606761496622442220e-01,1.707184090161346091e-01,3.984374423446864766e-01,7.090098996265163933e-01,3.665587265768634495e+01
3.615137652331652518e-01,1.599265441731501647e-01,1.699219531839720188e-01,3.841083755602381355e-01,7.051097663214762612e-01,3.653035342132690744e+01
3.512930552054879807e-01,1.597338682356389261e-01,1.697172350003663954e-01,3.732488711558306083e-01,7.028023888882621861e-01,3.645352995733581025e+01
3.469250177162601645e-01,1.576349954971491274e-01,1.674871827157208282e-01,3.686078313235264248e-01,7.026347311411558216e-01,3.648015582926203848e+01
3.545618808800821142e-01,1.548670767742561794e-01,1.645462690726472166e-01,3.767219984350871909e-01,7.031237706126373110e-01,3.656658651013500361e+01
3.635181052164706550e-01,1.539868702544473500e-01,1.636110496453504204e-01,3.862379867924999877e-01,7.030363700835864371e-01,3.664826775866622910e+01
3.736324830709845668e-01,1.569371820321481259e-01,1.667457559091574115e-01,3.969845132629209461e-01,7.036870524566780638e-01,3.678229005300616450e+01
3.882311768264468110e-01,1.605207344668911906e-01,1.705532803710718692e-01,4.124956253780998061e-01,7.048824933321667929e-01,3.693427902509242244e+01
4.071972848229846731e-01,1.620747283269605710e-01,1.722043988473956067e-01,4.326471151244212776e-01,7.064255793027616193e-01,3.707587516720553111e+01
4.143645755409923193e-01,1.647083631601472531e-01,1.750026358576565466e-01,4.402623615123042455e-01,7.050257969550527415e-01,3.714507575514188176e+01
4.066447216626105088e-01,1.695577536525159634e-01,1.801551132557981383e-01,4.320600167665238911e-01,7.059506136414286370e-01,3.723617719005048343e+01
4.091452889512109392e-01,1.723849496643671542e-01,1.831590090183902730e-01,4.347168695106615188e-01,7.056708559541781112e-01,3.734437992133128859e+01
4.143339683424493991e-01,1.702941300172436390e-01,1.809375131433212935e-01,4.402298413638528474e-01,7.067052767082344644e-01,3.743767102143383596e+01
4.257762933650378612e-01,1.648601562228611817e-01,1.751639159867899587e-01,4.523873117003528455e-01,7.089023500975023540e-01,3.747670589596148005e+01
4.342375792142216251e-01,1.591835851919521649e-01,1.691325592664491007e-01,4.613774279151105495e-01,7.110113902326796742e-01,3.749107900844453667e+01
4.310809167792698515e-01,1.578168003774335637e-01,1.676803504010232204e-01,4.580234740779740021e-01,7.138082792844979707e-01,3.743942267304745286e+01
4.207828580003369900e-01,1.542370037123088067e-01,1.638768164443281661e-01,4.470817866253577466e-01,7.140301458296813841e-01,3.733561618757121892e+01
4.070144586738304038e-01,1.512379962929825683e-01,1.606903710612940517e-01,4.324528623409447659e-01,7.128129268356121484e-01,3.725584355113589652e+01
3.903796356015049596e-01,1.548712089538762104e-01,1.645506595134935135e-01,4.147783628265989675e-01,7.085200962006299452e-01,3.722782411271893466e+01
3.786771013436030509e-01,1.569253355288176555e-01,1.667331689993687971e-01,4.023444201775782658e-01,7.071923462334330779e-01,3.717061956018581270e+01
3.708131249959349951e-01,1.587440785847995806e-01,1.686655834963496636e-01,3.939889453081807380e-01,7.046447323436583199e-01,3.706939978980680905e+01
3.584052488163887440e-01,1.586609127625537019e-01,1.685772198102132025e-01,3.808055768674134534e-01,7.008830692239655935e-01,3.693462548532745160e+01
3.487117104977610627e-01,1.584826388754423110e-01,1.683878038051574988e-01,3.705061924038711152e-01,6.977013253564785522e-01,3.689241190658452751e+01
3.475679293075854548e-01,1.556324556134990877e-01,1.653594840893428675e-01,3.692909248893095908e-01,6.968238499660138752e-01,3.693719508922488615e+01
3.535875900001760330e-01,1.533678276801090090e-01,1.629533169101157752e-01,3.756868143751871392e-01,6.964170087971210954e-01,3.697219289628758787e+01
3.601137097910014351e-01,1.544088884520402882e-01,1.640594439802929017e-01,3.826208166529388999e-01,6.957976679052675362e-01,3.696987441447917178e+01
3.706792403643034972e-01,1.570477566132555403e-01,1.668632414015840115e-01,3.938466928870724693e-01,6.968714228415436862e-01,3.704539898077516824e+01
3.856092036480347485e-01,1.603561447565846065e-01,1.703784038038712034e-01,4.097097788760370451e-01,6.992770280999477395e-01,3.717223272946771573e+01
4.023177699719519551e-01,1.618023151347137423e-01,1.719149598306332904e-01,4.274626305951989558e-01,7.010890289074402926e-01,3.732794952326293014e+01
4.080574937264312418e-01,1.659284665547074711e-01,1.762989957143766273e-01,4.335610870843331632e-01,7.010063953444931606e-01,3.743952991402443331e+01
4.011505031785728703e-01,1.720275701302296234e-01,1.827792932633689749e-01,4.262224096272337892e-01,7.024310154813246942e-01,3.751580051313290198e+01
4.044515089642140571e-01,1.753359417955739907e-01,1.862944381577973374e-01,4.297297282744776403e-01,7.022857129838862011e-01,3.760304773176545723e+01
4.099822576263839058e-01,1.728875614229577751e-01,1.836930340118927141e-01,4.356061487280326050e-01,7.028444163173974690e-01,3.768069626078055734e+01
4.166750926384664711e-01,1.703484940104668388e-01,1.809952748861210492e-01,4.427172859283705075e-01,7.047430256722377884e-01,3.771973513264622824e+01
4.169428364418490962e-01,1.681025033070039088e-01,1.786089097636914258e-01,4.430017637194651470e-01,7.075748530079679632e-01,3.772021276971526049e+01
4.079155877819213294e-01,1.677477860580123270e-01,1.782320226866381252e-01,4.334103120182911106e-01,7.100244770940981054e-01,3.765394300115102055e+01
3.944661297304066783e-01,1.672067063782574636e-01,1.776571255268984961e-01,4.191202628385572448e-01,7.103105561787576017e-01,3.756826636957000431e+01
3.822871169458657015e-01,1.672252869853165791e-01,1.776768674218987820e-01,4.061800617549824466e-01,7.087597915094129286e-01,3.751584985355238189e+01
3.686421996613529206e-01,1.703209973056858118e-01,1.809660596372910379e-01,3.916823371401875198e-01,7.048606540439207313e-01,3.752672541658763805e+01
3.627724004238725986e-01,1.688628604031114921e-01,1.794167891783060020e-01,3.854456754503644555e-01,7.029714859943392291e-01,3.747207459028791732e+01
3.620853120551728588e-01,1.640911538584567675e-01,1.743468509746102513e-01,3.847156440586212978e-01,7.002244440758673694e-01,3.736167275696918466e+01
3.532054233148339550e-01,1.605648122041106740e-01,1.706001129668676120e-01,3.752807622720110148e-01,6.967591790529821250e-01,3.723660865388069396e+01
3.461329380450792748e-01,1.562948619939160677e-01,1.660632908685358011e-01,3.677662466728965907e-01,6.949123063066792172e-01,3.718823125483435632e+01
3.454720699498127212e-01,1.516235763150942661e-01,1.611000498347877063e-01,3.670640743216756485e-01,6.950876928534767130e-01,3.721542847667210907e+01
3.565852017344035008e-01,1.475140264128221579e-01,1.567336530636236902e-01,3.788717768428035981e-01,6.945843823603106149e-01,3.723724416100166934e+01
3.645673889162168169e-01,1.476358122092767955e-01,1.568630504723565466e-01,3.873528507234801355e-01,6.943829336286329035e-01,3.723400142400275570e+01
3.721437695876212426e-01,1.530206028874579460e-01,1.625843905679240087e-01,3.954027551868476986e-01,6.954028147656691194e-01,3.729385840991534451e+01
3.841633895722616487e-01,1.585839650004824686e-01,1.684954628130124754e-01,4.081736014205279428e-01,6.967772556730090772e-01,3.739824270711014265e+01
3.995501891325975441e-01,1.614187346428716252e-01,1.715074055580510237e-01,4.245220759533848698e-01,6.983043521413793142e-01,3.751634307594218143e+01
4.125069629473040456e-01,1.635667820695450858e-01,1.737897059488915652e-01,4.382886481315109162e-01,7.011356454476065370e-01,3.758019263657218545e+01
4.236992120588856103e-01,1.631002918026367154e-01,1.732940600403015396e-01,4.501804128125659332e-01,7.048149220086485922e-01,3.771737222813329993e+01
4.352830849623789411e-01,1.616060637432382152e-01,1.717064427271906002e-01,4.624882777725278227e-01,7.056611233778133929e-01,3.787461920575749730e+01
4.434708737804277656e-01,1.592341706098987231e-01,1.691863062730173395e-01,4.711878033917045738e-01,7.070565465128025862e-01,3.798843868073140584e+01
4.498546852774375493e-01,1.566640693025781184e-01,1.664555736339892733e-01,4.779706031072775696e-01,7.096123235021902786e-01,3.805637809996706977e+01
4.499886459768180358e-01,1.550011130052687536e-01,1.646886825680979882e-01,4.781129363503692220e-01,7.116230927291461450e-01,3.808823090296399272e+01
4.434375361956802153e-01,1.572308832245548071e-01,1.670578134260895520e-01,4.711523822079101143e-01,7.125170838052548028e-01,3.806285812672106061e+01
4.338744006613629023e-01,1.560124042932191091e-01,1.657631795615450987e-01,4.609915507026983716e-01,7.114733653833370530e-01,3.796567308441991173e+01
4.209884467155937116e-01,1.541323134520161398e-01,1.637655830427670600e-01,4.473002246353183775e-01,7.105575814114252209e-01,3.786158549043566524e+01
3.999149574111680039e-01,1.577276470078264603e-01,1.675856249458155811e-01,4.249096422493658931e-01,7.071762633501321726e-01,3.775668608044275487e+01
3.866130723903474786e-01,1.585289480352453095e-01,1.684370072874482593e-01,4.107763894147442585e-01,7.069565474172195829e-01,3.758681813477276989e+01
3.740435640593665068e-01,1.583622403473768092e-01,1.682598803690878442e-01,3.974212868130768683e-01,7.062442901798674511e-01,3.736108050479800369e+01
3.602543990699453857e-01,1.582158469580114135e-01,1.681043373928871321e-01,3.827702990118171944e-01,7.054597185418447491e-01,3.712637849126193856e+01
3.553170061472464281e-01,1.561846238148703048e-01,1.659461628032996294e-01,3.775243190314494512e-01,7.053284294871602356e-01,3.699828959255889771e+01
3.540444351991893779e-01,1.527591440573562442e-01,1.623065905609411275e-01,3.761722123991386724e-01,7.056972178798361917e-01,3.697386254409413198e+01
3.599332864830222523e-01,1.515502974259667901e-01,1.610221910150897440e-01,3.824291168882113512e-01,7.045134379255904022e-01,3.699704858829971954e+01
3.652463706628353290e-01,1.519872262217022985e-01,1.614864278605587511e-01,3.880742688292626585e-01,7.043564420960992667e-01,3.706063144192841463e+01
3.715547973951950356e-01,1.541439056024137277e-01,1.637778997025644556e-01,3.947769722323948294e-01,7.041547297494940016e-01,3.714751232639417822e+01
3.893830438441753250e-01,1.562582897433550944e-01,1.660244328523148016e-01,4.137194840844359844e-01,7.062193043765688794e-01,3.728325762642425900e+01
4.071261051516760765e-01,1.579411318876154935e-01,1.678124526305915798e-01,4.325714867236554739e-01,7.074268111577880491e-01,3.739884338677661901e+01
4.152631944030893973e-01,1.600806500773185315e-01,1.700856907071509327e-01,4.412171440532826061e-01,7.049376709858737877e-01,3.744392933761101006e+01
4.212410429915493526e-01,1.602190062849310204e-01,1.702326941777391467e-01,4.475686081785210657e-01,7.053907012290326906e-01,3.754509320205350065e+01
4.356791224307411392e-01,1.574328944929261342e-01,1.672724503987340350e-01,4.629090675826627033e-01,7.052610907605848523e-01,3.771142433605277233e+01
4.401420260893423309e-01,1.563591924863213523e-01,1.661316420167163743e-01,4.676509027199265423e-01,7.050469834799526492e-01,3.781411538643413195e+01
4.457934858432612280e-01,1.548185326490008340e-01,1.644946909395633705e-01,4.736555787084653635e-01,7.069026541823387744e-01,3.785970659626335788e+01
4.461530603463006450e-01,1.533785020240766295e-01,1.629646584005813303e-01,4.740376266179442410e-01,7.089106233214051977e-01,3.788094679594112790e+01
4.400174017825486117e-01,1.558759912763771349e-01,1.656182407311506954e-01,4.675184893939577369e-01,7.101776077701530410e-01,3.785423010613591543e+01
4.264446634691894666e-01,1.549444843757121215e-01,1.646285146491940909e-01,4.530974549360135550e-01,7.108462847831549247e-01,3.777485709240173861e+01
4.123697491285812644e-01,1.541803953416937267e-01,1.638166700505496176e-01,4.381428584491174894e-01,7.101460776944847897e-01,3.771654339325315419e+01
3.934889469398475392e-01,1.591418335948740492e-01,1.690881981945535906e-01,4.180820061235879237e-01,7.071938166350884014e-01,3.771494083780752504e+01
3.800944138108768855e-01,1.608470906400435996e-01,1.709000338050463974e-01,4.038503146740566319e-01,7.072552986009210674e-01,3.759389413030442029e+01
3.687762191729995198e-01,1.610752863576022376e-01,1.711424917549523583e-01,3.918247328713121425e-01,7.061004223854406847e-01,3.737329329387568322e+01
3.534929783720025531e-01,1.601712652636954337e-01,1.701819693426765145e-01,3.755862895202526364e-01,7.049676083375651103e-01,3.716381722743314953e+01
3.470919053031588652e-01,1.575943795710112172e-01,1.674440282941994096e-01,3.687851493846061035e-01,7.040258193797621633e-01,3.703682770957428261e+01
3.455144115168962138e-01,1.544104579413195510e-01,1.640611115626520733e-01,3.671090622367023104e-01,7.038940620031528539e-01,3.701371373871194947e+01
3.534214231477249557e-01,1.533209153086147747e-01,1.629034725154032137e-01,3.755102620944576475e-01,7.026061496047946164e-01,3.706459115703039942e+01
3.576271476766986201e-01,1.536036588781948820e-01,1.632038875580822390e-01,3.799788444064922110e-01,7.019695915476067416e-01,3.707743283576417070e+01
3.655986443913365469e-01,1.569126987566417941e-01,1.667197424289317831e-01,3.884485596657952233e-01,7.021236425837754647e-01,3.714290999524381220e+01
3.839460066769283531e-01,1.581423108108297171e-01,1.680262052365064929e-01,4.079426320942362572e-01,7.039467745380392216e-01,3.727491779413909256e+01
4.029052780431436331e-01,1.588062755164669770e-01,1.687316677362461492e-01,4.280868579208399471e-01,7.064204594798620951e-01,3.741421375280284423e+01
4.110378231648539327e-01,1.636439810271450024e-01,1.738717298413414436e-01,4.367276871126573590e-01,7.078859576721771019e-01,3.750265367842779085e+01
4.082524551156783144e-01,1.678333988425530499e-01,1.783229862702126467e-01,4.337682335604083894e-01,7.081064073948430959e-01,3.762477199807442219e+01
4.083947353244222200e-01,1.698523719692745515e-01,1.804681452173542422e-01,4.339194062821983278e-01,7.078223459252693806e-01,3.777559443401104744e+01
4.083060542039665952e-01,1.683625776117946560e-01,1.788852387125317300e-01,4.338251825917143201e-01,7.083066906156706422e-01,3.787690049010760873e+01
4.138341093840725571e-01,1.658243935305236949e-01,1.761884181261813287e-01,4.396987412205772827e-01,7.106606347566220006e-01,3.792785356855581114e+01
4.236018354087185411e-01,1.631280559923009854e-01,1.733235594918199340e-01,4.500769501217629087e-01,7.137339000884885820e-01,3.791900789844655151e+01
4.238725110186207234e-01,1.609221112942814946e-01,1.709797432501741210e-01,4.503645429572843417e-01,7.175165205782755296e-01,3.784573763380348765e+01
4.171832251587852536e-01,1.590173166011948358e-01,1.689558988887694679e-01,4.432571767312095123e-01,7.178907697009824229e-01,3.774421603953084770e+01
4.053410594878731898e-01,1.586308352345531802e-01,1.685452624367127228e-01,4.306748757058652122e-01,7.177449393412352885e-01,3.765560084732840807e+01
3.890111165788302516e-01,1.616043919119364569e-01,1.717046664064323380e-01,4.133243113650075240e-01,7.149553969997572977e-01,3.763456650939628645e+01
3.784349389984427159e-01,1.620833404095405605e-01,1.722135491851367883e-01,4.020871226858456216e-01,7.132920909249734764e-01,3.759987777589939384e+01
3.693094668227580035e-01,1.601915989758521952e-01,1.702035739118428481e-01,3.923913084991803579e-01,7.099589635630092488e-01,3.752253911077315962e+01
3.550374510633987901e-01,1.601184122030187562e-01,1.701258129657074181e-01,3.772272917548610272e-01,7.057376151809325870e-01,3.740908081103867033e+01
3.437633553000179476e-01,1.588747885957825234e-01,1.688044628830188132e-01,3.652485650062693434e-01,7.033037208804261420e-01,3.737368998936122466e+01
3.415851437557731463e-01,1.569384999436484462e-01,1.667471561901265054e-01,3.629342152405088950e-01,7.024369586756306072e-01,3.740243123618854071e+01
3.490269635705210427e-01,1.540011133883382455e-01,1.636261829751094743e-01,3.708411487936789652e-01,7.026033835061202826e-01,3.748766348615841082e+01
3.584879279955304754e-01,1.518849886373662694e-01,1.613778004272015121e-01,3.808934234952516262e-01,7.022585428081670189e-01,3.759301124605730138e+01
3.728155172317253463e-01,1.527861054217336256e-01,1.623352370105919928e-01,3.961164870587081666e-01,7.022843578767250516e-01,3.771792942327888198e+01
3.901952611627590439e-01,1.543526306451862007e-01,1.639996700605102220e-01,4.145824649854313870e-01,7.026255379375287990e-01,3.787765735210293627e+01
4.077858063512174169e-01,1.567026856637850074e-01,1.664966035177714854e-01,4.332724192481686165e-01,7.053674896580029996e-01,3.801086927410029404e+01
4.175009243592519015e-01,1.606726285892242090e-01,1.707146678760507741e-01,4.435947321317049719e-01,7.077247718677404098e-01,3.805305305894788859e+01
4.217313977724361229e-01,1.626019696399385872e-01,1.727645927424346917e-01,4.480896101332130232e-01,7.085146681326252027e-01,3.809580466998603043e+01
4.331015210060466525e-01,1.589114706951896550e-01,1.688434376136390136e-01,4.601703660689241415e-01,7.081923272812055137e-01,3.823333104679544903e+01
4.438889212258286809e-01,1.548358439891023286e-01,1.645130842384213143e-01,4.716319788024426196e-01,7.087214005844876263e-01,3.835035043140145916e+01
4.498428562311303502e-01,1.516449773703634485e-01,1.611227884560111345e-01,4.779580347455758549e-01,7.107573541438094722e-01,3.842303517304610949e+01
4.491874488933053633e-01,1.496844867219185304e-01,1.590397671420384906e-01,4.772616644491367022e-01,7.128924346940718193e-01,3.846471637933966292e+01
4.447725267683255712e-01,1.496569581557678774e-01,1.590105180405032015e-01,4.725708096913457945e-01,7.143657998829091582e-01,3.842949726184102843e+01
4.321526057924445774e-01,1.482474803758985771e-01,1.575129478993922416e-01,4.591621436544719437e-01,7.137357387440717016e-01,3.835138872010447386e+01
4.193768118450935667e-01,1.469956131025743074e-01,1.561828389214850732e-01,4.455878625854120534e-01,7.116340680112083206e-01,3.828530423714245501e+01
3.998120413162200015e-01,1.505099456428692084e-01,1.599168172455485981e-01,4.248002938984839494e-01,7.076079835574710097e-01,3.825488265649789099e+01
3.793634895776123450e-01,1.557548758862489502e-01,1.654895556291393899e-01,4.030737076762129778e-01,7.070857578248271880e-01,3.820428699097156056e+01
3.674875793352589404e-01,1.574474508080275503e-01,1.672879164835293642e-01,3.904555530437124888e-01,7.056015750032111900e-01,3.799957295131572721e+01
3.518243121664195172e-01,1.575678292291952665e-01,1.674158185560200018e-01,3.738133316768207925e-01,7.040589214825845321e-01,3.774524871619428978e+01
3.449672735276446689e-01,1.549915904781219989e-01,1.646785648830046966e-01,3.665277281231223427e-01,7.034926409933154323e-01,3.761231882907293311e+01
3.426034493549336979e-01,1.513059293812092088e-01,1.607625499675348069e-01,3.640161649396167487e-01,7.034531692495157307e-01,3.757992552717113455e+01
3.523242787888909988e-01,1.480409308470524987e-01,1.572934890249931272e-01,3.743445462131966828e-01,7.027700287293517922e-01,3.756550628608204789e+01
3.604370822367057858e-01,1.489301307586569090e-01,1.582382639310729033e-01,3.829643998764999391e-01,7.026467078272334854e-01,3.752963006133752089e+01
3.691257403478063748e-01,1.540911913110435127e-01,1.637218907679837132e-01,3.921960991195443946e-01,7.031881324765451025e-01,3.755496973518783221e+01
3.838895452851323609e-01,1.578492712651886065e-01,1.677148507192628424e-01,4.078826418654531993e-01,7.041784702889808401e-01,3.765932482950999116e+01
3.993559979823243511e-01,1.618959603153946047e-01,1.720144578351067433e-01,4.243157478562195606e-01,7.063266516803553552e-01,3.774082921315373795e+01
4.073726421184573621e-01,1.652125580411211991e-01,1.755383429186912203e-01,4.328334322508610721e-01,7.079937170069424690e-01,3.780560583208041692e+01
4.012376543351865443e-01,1.695612851165428647e-01,1.801588654363268649e-01,4.263150077311355091e-01,7.093806298488960493e-01,3.787485217916243840e+01
4.047142022267675721e-01,1.719606076453362165e-01,1.827081456231697265e-01,4.300088398659403510e-01,7.094724270365910801e-01,3.799070119187702943e+01
4.081641183089382285e-01,1.690765877252072835e-01,1.796438744580327596e-01,4.336743757032465729e-01,7.100376656679009413e-01,3.808261082882736304e+01
4.141424410385632360e-01,1.653032460585183439e-01,1.756346989371757872e-01,4.400263436034732023e-01,7.112322520813862958e-01,3.813133244761464624e+01
4.220463186635453612e-01,1.616565566506384943e-01,1.717600914413034141e-01,4.484242135800168838e-01,7.134438946327543718e-01,3.813528323433624934e+01
4.239053227788103229e-01,1.577375431140408679e-01,1.675961395586683111e-01,4.503994054524860791e-01,7.170024517313964285e-01,3.806820205439948523e+01
4.170670241965890868e-01,1.532161309569001761e-01,1.627921391417064267e-01,4.431337132088757902e-01,7.183875732254697555e-01,3.797042686745900397e+01
4.014185865066278724e-01,1.533494517085068343e-01,1.629337924402886051e-01,4.265072481632920520e-01,7.182347812880653937e-01,3.791027930902541243e+01
3.834527580286989368e-01,1.579516109164708915e-01,1.678235865987504072e-01,4.074185554054923220e-01,7.145350105145433783e-01,3.791098141827987433e+01
3.740321750463282413e-01,1.591497517326512234e-01,1.690966112159418278e-01,3.974091859867237564e-01,7.120449499845966645e-01,3.788693769466252803e+01
3.712059548359333272e-01,1.562276218039723719e-01,1.659918481667205514e-01,3.944063270131791255e-01,7.082037956431646020e-01,3.780329951324686988e+01
3.600893865961727336e-01,1.556893802317949604e-01,1.654199664962822947e-01,3.825949732584336682e-01,7.037847292588244041e-01,3.766713819876500224e+01
3.514270881127941615e-01,1.562395305149630875e-01,1.660045011721482111e-01,3.733912811198438209e-01,7.004654778091183864e-01,3.761813531134755095e+01
3.492981436812498397e-01,1.544673659033470037e-01,1.641215762723062244e-01,3.711292776613282496e-01,6.990400837038057702e-01,3.766176813466255169e+01
3.551695442069283115e-01,1.509616565580688130e-01,1.603967600929481485e-01,3.773676407198612304e-01,6.991132427131133698e-01,3.770712393329101531e+01
3.600928931769272201e-01,1.507891465327786396e-01,1.602134681910772351e-01,3.825986990004851540e-01,6.983961521051661459e-01,3.774191133020110556e+01
3.690762484537913335e-01,1.533880483133319428e-01,1.629748013329152534e-01,3.921435139821532467e-01,6.987723139241802661e-01,3.782504468395404018e+01
3.828964304972562460e-01,1.575565996810174008e-01,1.674038871610808998e-01,4.068274574033349245e-01,7.002131585511727208e-01,3.795377620866387502e+01
3.991922383512808703e-01,1.591507587296062398e-01,1.690976811502065968e-01,4.241417532482361086e-01,7.021441550633035211e-01,3.807323805937594585e+01
4.075276947956932294e-01,1.642841954038698205e-01,1.745519576166116582e-01,4.329981757204245385e-01,7.058409262522132854e-01,3.814342276248522978e+01
4.049495731269269205e-01,1.685907077276307675e-01,1.791276269606075777e-01,4.302589214473597767e-01,7.082492196708167764e-01,3.818107489675845301e+01
4.063716023861425053e-01,1.704567243553031519e-01,1.811102696275095347e-01,4.317698275352762072e-01,7.082871427045195345e-01,3.826195288217067514e+01
4.081123776978467510e-01,1.687204549985421576e-01,1.792654834359508620e-01,4.336194013039623707e-01,7.083256860747533246e-01,3.832612462185657165e+01
4.130934501277144788e-01,1.652708538999768106e-01,1.756002822687253162e-01,4.389117907606966962e-01,7.095576971979782321e-01,3.835897759062241619e+01
4.214129319686641395e-01,1.618687018669959510e-01,1.719854957336832690e-01,4.477512402167056482e-01,7.116093415096869101e-01,3.835617983463436786e+01
4.290520062818649616e-01,1.583291728749983973e-01,1.682247461796858579e-01,4.558677566744810949e-01,7.129951794146541788e-01,3.834856133663724620e+01
4.275765593444362245e-01,1.525209968932531857e-01,1.620535591990814872e-01,4.543000943034636863e-01,7.120181544506455351e-01,3.832986868387078516e+01
4.175064980297100714e-01,1.514046832034115220e-01,1.608674759036247404e-01,4.436006541565668537e-01,7.094849251682129321e-01,3.827797258612744713e+01
4.011546681469226883e-01,1.565286334027324311e-01,1.663116729904031421e-01,4.262268349061053563e-01,7.058624379483787736e-01,3.825059239972775060e+01
3.896751828729124734e-01,1.592199945002961969e-01,1.691712441565646485e-01,4.140298818024692462e-01,7.029780881380638391e-01,3.819530261626906054e+01
3.854785899715957864e-01,1.575644998727898649e-01,1.674122811148394119e-01,4.095710018448204259e-01,6.995721380330222061e-01,3.808296247801141732e+01
3.723394177448943743e-01,1.577001549238142564e-01,1.675564146065526283e-01,3.956106313539504704e-01,6.960173502435222925e-01,3.790381293856016498e+01
3.624173851200360175e-01,1.586057125601196272e-01,1.685185695951269824e-01,3.850684716900382165e-01,6.933668694181133185e-01,3.783298103330181306e+01
3.625625552688334641e-01,1.553840627499776250e-01,1.650955666718512682e-01,3.852227149731353162e-01,6.925542511768147946e-01,3.783120909269074161e+01
3.738496847829115288e-01,1.506271181549629912e-01,1.600413130396481920e-01,3.972152900818432530e-01,6.918580151436437564e-01,3.783925685808284101e+01
3.808590816882144736e-01,1.483822724886215139e-01,1.576561645191604522e-01,4.046627742937278782e-01,6.922914208966365335e-01,3.781591802575152172e+01
3.875714239926325577e-01,1.518665071969106661e-01,1.613581638967175880e-01,4.117946379921719191e-01,6.940240550865491853e-01,3.784621689058285909e+01
3.944491464773667300e-01,1.596986664559587876e-01,1.696798331094561130e-01,4.191022181322024420e-01,6.954513169633511627e-01,3.795580802276455046e+01
4.097073811805535537e-01,1.624266553333870711e-01,1.725783212917237908e-01,4.353140925043382237e-01,6.968312832840163340e-01,3.804467088679249542e+01
4.224488734082167407e-01,1.643210788803676492e-01,1.745911463103904659e-01,4.488519279962304154e-01,6.982942711323431029e-01,3.809970258687610567e+01
4.303476778744119713e-01,1.612681001049456331e-01,1.713473563615044992e-01,4.572444077415627750e-01,6.991385016793720819e-01,3.817393034758493542e+01
4.380902572262754813e-01,1.586655950490248879e-01,1.685821947395889642e-01,4.654708983029173242e-01,6.999340461725072071e-01,3.825858311896264041e+01
4.419764453920272951e-01,1.569796431412770199e-01,1.667908708376067140e-01,4.695999732290291329e-01,7.005373246411962240e-01,3.831351611310899585e+01
4.437938329489426459e-01,1.548871872015860907e-01,1.645676364016852578e-01,4.715309475082513080e-01,7.015691678922459928e-01,3.833061582376894449e+01
4.422336681710294370e-01,1.532241240067381272e-01,1.628006317571591977e-01,4.698732724317186138e-01,7.027092235611759330e-01,3.832581738278570782e+01
4.375966182228244183e-01,1.507924369332835357e-01,1.602169642416136353e-01,4.649464068617509271e-01,7.018580878226212683e-01,3.830157912241197948e+01
4.289367043596212792e-01,1.491523061893615942e-01,1.584743253261967355e-01,4.557452483820976230e-01,6.988337132185368228e-01,3.826836674791952930e+01
4.123880988473062614e-01,1.499144742309700684e-01,1.592841288704056057e-01,4.381623550252627952e-01,6.968121967166319708e-01,3.819688773080027033e+01
3.898492742776488162e-01,1.558753984353411504e-01,1.656176108375499445e-01,4.142148539200021795e-01,6.940294367744478388e-01,3.813166007594519158e+01
3.740019405969236543e-01,1.602444195020528428e-01,1.702596957209310258e-01,3.973770618842314417e-01,6.920104114306322440e-01,3.801490654234343936e+01
3.590409102634101179e-01,1.633285419834832330e-01,1.735365758574509698e-01,3.814809671548728964e-01,6.896918094499178142e-01,3.780445454951764361e+01
3.465444987373192953e-01,1.651770800498808811e-01,1.755006475529984622e-01,3.682035299084018831e-01,6.881285472224033528e-01,3.756842883535637156e+01
3.408586035758040533e-01,1.646425618936017965e-01,1.749327220119518689e-01,3.621622662992919350e-01,6.868842544883806411e-01,3.743136678122468908e+01
3.419217427459598224e-01,1.607990684541109883e-01,1.708490102324929372e-01,3.632918516675824327e-01,6.853298697193507261e-01,3.746455657133596162e+01
3.466645379844255359e-01,1.577172481820055261e-01,1.675745761933807865e-01,3.683310716084520209e-01,6.846138961989561844e-01,3.751875011836005314e+01
3.495905005083125849e-01,1.570307846951495279e-01,1.668452087385963456e-01,3.714399067900819862e-01,6.853973491971399046e-01,3.754628167360728241e+01
3.559250604551082997e-01,1.610861040059495264e-01,1.711539855063213822e-01,3.781703767335524713e-01,6.866852883661483942e-01,3.757241306716404949e+01
3.710155364339878248e-01,1.648676094222912836e-01,1.751718350111844402e-01,3.942040074611119493e-01,6.898836689980659687e-01,3.770750934752780381e+01
3.862391740742400215e-01,1.679438400093604677e-01,1.784403300099454692e-01,4.103791224538801408e-01,6.930194708430600370e-01,3.782253144039891168e+01
3.996815426532168147e-01,1.693794023103735724e-01,1.799656149547720352e-01,4.246616390690427512e-01,6.946003568722840527e-01,3.794619842998260140e+01
4.133510020781329120e-01,1.676415709870498483e-01,1.781191691737404326e-01,4.391854397080161565e-01,6.961745002823518380e-01,3.810746463777677207e+01
4.335825841057499574e-01,1.626268154656565490e-01,1.727909914322600105e-01,4.606814956123592708e-01,6.966865320801820527e-01,3.827530183494056359e+01
4.438194986078505266e-01,1.595374572177327699e-01,1.695085482938407939e-01,4.715582172708412401e-01,6.967520479441050574e-01,3.837655382273187854e+01
4.486370663437408979e-01,1.575903375734554190e-01,1.674397336717965423e-01,4.766768829902247040e-01,6.971663284541396166e-01,3.842769224327039268e+01
4.505522633236361263e-01,1.550664942070172081e-01,1.647581500949558408e-01,4.787117797813632003e-01,6.972325974240305424e-01,3.844993205308466599e+01
4.500231305463427423e-01,1.502050261991542679e-01,1.595928403366012882e-01,4.781495762054891463e-01,6.965009917350546420e-01,3.844252140246040028e+01
4.400930767283333656e-01,1.485688848339593027e-01,1.578544401360817140e-01,4.675988940238543501e-01,6.960316421276500076e-01,3.839053230063760935e+01
4.222523964808095887e-01,1.488012575160369000e-01,1.581013361107891368e-01,4.486431712608600075e-01,6.950133645126673754e-01,3.830988779376178854e+01
3.976860826958937278e-01,1.545321067598120213e-01,1.641903634323003680e-01,4.225414628643872628e-01,6.930882883298816743e-01,3.826512391373975674e+01
3.775758079399649803e-01,1.608528869420309815e-01,1.709061923759077894e-01,4.011742959362130101e-01,6.917495175830732368e-01,3.821619157503014463e+01
3.644428482775399214e-01,1.622507460165914239e-01,1.723914176426283862e-01,3.872205262948864024e-01,6.904793690686591434e-01,3.799549578664142757e+01
3.486384184774190542e-01,1.652444627758041518e-01,1.755722416992920587e-01,3.704283196322577520e-01,6.883713611430397616e-01,3.777833527863783303e+01
3.430308086492953601e-01,1.644896996303231440e-01,1.747703058572183388e-01,3.644702341898765074e-01,6.873644331794118711e-01,3.763995184484859635e+01
3.438262353563623641e-01,1.601883616632872320e-01,1.702001342672427864e-01,3.653153750661348176e-01,6.872931150621460761e-01,3.763876257846425943e+01
3.490044079900229690e-01,1.556940568854581486e-01,1.654249354407993644e-01,3.708171834893991270e-01,6.889247945860489386e-01,3.767545394144444515e+01
3.550217528039623649e-01,1.548384125074064033e-01,1.645158132891192115e-01,3.772106123542101619e-01,6.904469300227086270e-01,3.770839910376592030e+01
3.630861539174023989e-01,1.610956309351308235e-01,1.711641078685764428e-01,3.857790385372399933e-01,6.904093731797086297e-01,3.778717422716646013e+01
3.725589386353253540e-01,1.680482184019933822e-01,1.785512320521178697e-01,3.958438723000334281e-01,6.916595917662156090e-01,3.791142980879009627e+01
3.875118569835215299e-01,1.710698771620825509e-01,1.817617444847126340e-01,4.117313480449915630e-01,6.913771028258774987e-01,3.809698311574071994e+01
3.991786854712865984e-01,1.728318892332310064e-01,1.836338823103079443e-01,4.241273533132420281e-01,6.921948703724973839e-01,3.824837596532884021e+01
4.148080797089820360e-01,1.687172498574480983e-01,1.792620779735386582e-01,4.407335846907932120e-01,6.953869689730894921e-01,3.844132301069615210e+01
4.317684776935342694e-01,1.633288458378386598e-01,1.735368987027036403e-01,4.587540075493801162e-01,6.962905996050476887e-01,3.862532054389608760e+01
4.413081174598350587e-01,1.588557483078963939e-01,1.687842325771399810e-01,4.688898748010746353e-01,6.969827722099033451e-01,3.874452890201588673e+01
4.471626946226666122e-01,1.548438927524687092e-01,1.645216360494979602e-01,4.751103630365832164e-01,6.974750190833605146e-01,3.879639600416155787e+01
4.481943393439216106e-01,1.507964020183399367e-01,1.602211771444860822e-01,4.762064855529169471e-01,6.980079414571781493e-01,3.882863066083856296e+01
4.453518956482532265e-01,1.471258619725944183e-01,1.563212283458815799e-01,4.731863891262687583e-01,6.966795206745062252e-01,3.883090110557501617e+01
4.368693210936446802e-01,1.450751406033795321e-01,1.541423368910906921e-01,4.641736536619975317e-01,6.943456020884763991e-01,3.880077524863619232e+01
4.195672825606197587e-01,1.452475775637520339e-01,1.543255511614865794e-01,4.457902377206586775e-01,6.940150826205633283e-01,3.873997352943207773e+01
3.980528156923296978e-01,1.503470630381539552e-01,1.597437544780384577e-01,4.229311166731001825e-01,6.909589170652354895e-01,3.864541101927294875e+01
3.765354749820261082e-01,1.557652219583686437e-01,1.655005483307667169e-01,4.000689421684027192e-01,6.882699512115714180e-01,3.848939059657180906e+01
3.598968456851542319e-01,1.625301239401958087e-01,1.726882566864581803e-01,3.823903985404760175e-01,6.874694476466302051e-01,3.821103018198154899e+01
3.455800789444843368e-01,1.657344306024985947e-01,1.760928325151547569e-01,3.671788338785147432e-01,6.864769506142588407e-01,3.793694087604987430e+01
3.368214071564518686e-01,1.660239969490912570e-01,1.764004967584094363e-01,3.578727451037304053e-01,6.855973024288261053e-01,3.777330455958578881e+01
3.308443454484346624e-01,1.632778812730751594e-01,1.734827488526423100e-01,3.515221170389619676e-01,6.859779681018934872e-01,3.774419102591386377e+01
3.297333752283934660e-01,1.603801673010216144e-01,1.704039277573353717e-01,3.503417111801682138e-01,6.871990348914632785e-01,3.773850677408704968e+01
3.315451594149572134e-01,1.617886775864331717e-01,1.719004699355851096e-01,3.522667318783921364e-01,6.879758618931208769e-01,3.774885646804668227e+01
3.424640025161571066e-01,1.658004362613920146e-01,1.761629635277288941e-01,3.638680026734171791e-01,6.877047965509511807e-01,3.780913935018779881e+01
3.595590179423684973e-01,1.685716047690403729e-01,1.791073300671052193e-01,3.820314565637665805e-01,6.895937637638692719e-01,3.798705332662605372e+01
3.758264216733516738e-01,1.708893033588619881e-01,1.815698848187907444e-01,3.993155730279363547e-01,6.912386132187362531e-01,3.816955894821764872e+01
3.960171417363555491e-01,1.704774166621993992e-01,1.811322552035870004e-01,4.207682130948776078e-01,6.914404311130570857e-01,3.829596368423550246e+01
4.159588597883451810e-01,1.674183091886528862e-01,1.778819535129437246e-01,4.419562885251167583e-01,6.931141897518197093e-01,3.835325963569513164e+01
4.340747240621319891e-01,1.628068447676380703e-01,1.729822725656155469e-01,4.612043943160151205e-01,6.946645573676262231e-01,3.839669215406748037e+01
4.419571953512089202e-01,1.613731693223297015e-01,1.714589924049753078e-01,4.695795200606591169e-01,6.954165219664879549e-01,3.846375457872240133e+01
4.452035793285393228e-01,1.594366295442176951e-01,1.694014188907311536e-01,4.730288030365730756e-01,6.963491788384773562e-01,3.850927036425828476e+01
4.437607799272332842e-01,1.564789468154420271e-01,1.662588809914070931e-01,4.714958286726852466e-01,6.976205540667284044e-01,3.853175465962644353e+01
4.412906709178557318e-01,1.515872604296851500e-01,1.610614642065404667e-01,4.688713378502218365e-01,6.973790508338415517e-01,3.852737706083176761e+01
4.331667993064368671e-01,1.482901466932542989e-01,1.575582808615826336e-01,4.602397242630893448e-01,6.957690116467756258e-01,3.847558843514399740e+01
4.134596087430087441e-01,1.482305715958950054e-01,1.574949823206384658e-01,4.393008342894466622e-01,6.944126800890377815e-01,3.836232496920728607e+01
3.903598907956375430e-01,1.542383384950352376e-01,1.638782346509748966e-01,4.147573839703647680e-01,6.915445021137948123e-01,3.824075528725040130e+01
3.696984768865405058e-01,1.622801095984750530e-01,1.724226164483797785e-01,3.928046316919493464e-01,6.888237341682730275e-01,3.804326850986261377e+01
3.577315286587270382e-01,1.672199780498037358e-01,1.776712266779163218e-01,3.800897491998975752e-01,6.872897339955864604e-01,3.778786388224675363e+01
3.410479531450459345e-01,1.703378673789093800e-01,1.809839840900912267e-01,3.623634502166115934e-01,6.856857159881390995e-01,3.753744725442864194e+01
3.309024627966059007e-01,1.697747076257998811e-01,1.803856268524124395e-01,3.515838667213936897e-01,6.840384925562266183e-01,3.738678273041825406e+01
3.264876973580158603e-01,1.661963842669968439e-01,1.765836582836842195e-01,3.468931784428916920e-01,6.832836358391749521e-01,3.737093477683315257e+01
3.320120285328392873e-01,1.611098892955674655e-01,1.711792573765402725e-01,3.527627803161419995e-01,6.832573628135879540e-01,3.742232498458401579e+01
3.404150732462956630e-01,1.598934011794739263e-01,1.698867387531911577e-01,3.616910153241890136e-01,6.837329735520374374e-01,3.746312952578746547e+01
3.495888453363878989e-01,1.634454623704592047e-01,1.736608037686129258e-01,3.714381481699123300e-01,6.854769612887144925e-01,3.753561551521976725e+01
3.663659054917476898e-01,1.659584130775615396e-01,1.763308138949090387e-01,3.892637745849817921e-01,6.878880738057927546e-01,3.765997993041689540e+01
3.827104342798386405e-01,1.684654035869117550e-01,1.789944913110936842e-01,4.066298364223289163e-01,6.893369896627142834e-01,3.784679187621327401e+01
3.971415382122531756e-01,1.704925969330728930e-01,1.811483842413898759e-01,4.219628843505188187e-01,6.910126249456852721e-01,3.799226293320290893e+01
4.124289890692131588e-01,1.693584931952233918e-01,1.799433990199247879e-01,4.382058008860390541e-01,6.925270150310504080e-01,3.818924697212494834e+01
4.327552103125292260e-01,1.632331279381794842e-01,1.734351984343157627e-01,4.598024109570623685e-01,6.923407004918971097e-01,3.834608965559715443e+01
4.412180587710456958e-01,1.608970380975915937e-01,1.709531029786910405e-01,4.687941874442361212e-01,6.916258764960283578e-01,3.845532802937205474e+01
4.445940666085128057e-01,1.589287971252247855e-01,1.688618469455512028e-01,4.723811957715449150e-01,6.915304896295251247e-01,3.852113652080392825e+01
4.417922350489728034e-01,1.555605454750252914e-01,1.652830795672143027e-01,4.694042497395335412e-01,6.921956062230788520e-01,3.855999468725185864e+01
4.373073476764935963e-01,1.502685344234596376e-01,1.596603178249259847e-01,4.646390569062743281e-01,6.920026740596205705e-01,3.855653199798805275e+01
4.276867636004564321e-01,1.476905783801293059e-01,1.569212395288875073e-01,4.544171863254847787e-01,6.911732876742168186e-01,3.849178962858398023e+01
4.092955907544508776e-01,1.482180284057956210e-01,1.574816551811576704e-01,4.348765651766043350e-01,6.894202969304286110e-01,3.841578010474820104e+01
3.851814665295862361e-01,1.533447433810347649e-01,1.629287898423494862e-01,4.092553081876851850e-01,6.865533089106163889e-01,3.837253771604820685e+01
3.613774122198931682e-01,1.599517584693909422e-01,1.699487433737279507e-01,3.839635004836364218e-01,6.835628854722339831e-01,3.824231605624078156e+01
3.498130357952611846e-01,1.672543174003344180e-01,1.777077122378553087e-01,3.716763505324650607e-01,6.817761695553966605e-01,3.801714777769323206e+01
3.366741764324451824e-01,1.716701974714313073e-01,1.823995848133956044e-01,3.577163124594729404e-01,6.793192933783902543e-01,3.775259056900514310e+01
3.299667562465642412e-01,1.722915379211815146e-01,1.830597590412553211e-01,3.505896785119740899e-01,6.773226919198310769e-01,3.758110531480225802e+01
3.288835543756002400e-01,1.683767391326238538e-01,1.789002853284128447e-01,3.494387765240751231e-01,6.764047869234816046e-01,3.754093086698271975e+01
3.372859790550903347e-01,1.633067754354296519e-01,1.735134489001439462e-01,3.583663527460331788e-01,6.762808797253777593e-01,3.755735204234434832e+01
3.422085635756230704e-01,1.606118082163625616e-01,1.706500462298850829e-01,3.635965987990993908e-01,6.773974683449069945e-01,3.756467959863277883e+01
3.485030057620566168e-01,1.628118784617940129e-01,1.729876208656561665e-01,3.702844436221851554e-01,6.796144483388197877e-01,3.761020382748753832e+01
3.623144458089632147e-01,1.657875839817308516e-01,1.761493079805890316e-01,3.849590986720237140e-01,6.818119482019041611e-01,3.770332097342003408e+01
3.767636303625461758e-01,1.690230282608239654e-01,1.795869675271253851e-01,4.003113572602055581e-01,6.827099003129901700e-01,3.785966838767453879e+01
3.907793158016371060e-01,1.721109635698568341e-01,1.828678987929728272e-01,4.152030230392396160e-01,6.837626820465176891e-01,3.800292343329429912e+01
4.062814848893775421e-01,1.723540517514947079e-01,1.831261799859629780e-01,4.316740776949636871e-01,6.859943092893520111e-01,3.806435122732428766e+01
4.268074287235356645e-01,1.686087758063005426e-01,1.791468242941943456e-01,4.534828930187562168e-01,6.881836302647917902e-01,3.820925204842376388e+01
4.359651461150621521e-01,1.667850424185116087e-01,1.772091075696685114e-01,4.632129677472532903e-01,6.895170235111129919e-01,3.830446428734512665e+01
4.388908355603746148e-01,1.654797061129676394e-01,1.758221877450280857e-01,4.663215127828978512e-01,6.903267560361187050e-01,3.837295895655123701e+01
4.395039932405512828e-01,1.627338523307846063e-01,1.729047181014585766e-01,4.669729928180857970e-01,6.910361975507151033e-01,3.840109819886421150e+01
4.358694976516675479e-01,1.575361152080878846e-01,1.673821224085934034e-01,4.631113412548967245e-01,6.907704657827453687e-01,3.840122779838757339e+01
4.260179477772460532e-01,1.532295097101692705e-01,1.628063540670547926e-01,4.526440695133240322e-01,6.904953701505972541e-01,3.831628293619970549e+01
4.081187807294512915e-01,1.533246351418462439e-01,1.629074248382116341e-01,4.336262045250418029e-01,6.887467079854091567e-01,3.823866953283960868e+01
3.877929156905202124e-01,1.579087653308804129e-01,1.677780631640602704e-01,4.120299729211777673e-01,6.846815531672608701e-01,3.821175358258971499e+01
3.679629902003783704e-01,1.631791383355692682e-01,1.733778344815423145e-01,3.909606770879020532e-01,6.817548530599550904e-01,3.814848950854844389e+01
3.502500124315366392e-01,1.687475667715995775e-01,1.792942896948244158e-01,3.721406382085076792e-01,6.790893856533107842e-01,3.796250578048254454e+01
3.352460578470419783e-01,1.731909974263781682e-01,1.840154347655267864e-01,3.561989364624822962e-01,6.771766911696466273e-01,3.774238421095560625e+01
3.305549115496456691e-01,1.740301673072321420e-01,1.849070527639340711e-01,3.512145935214986969e-01,6.753737500983805209e-01,3.762319580519833551e+01
3.303754557248687052e-01,1.700201966739986192e-01,1.806464589661235243e-01,3.510239217076729368e-01,6.749690552529649112e-01,3.759406451154946893e+01
3.341190407021671915e-01,1.657926697662586990e-01,1.761547116266498625e-01,3.550014807460527000e-01,6.767214164096877482e-01,3.760207451203208961e+01
3.353677800949485532e-01,1.642498978243192020e-01,1.745155164383391244e-01,3.563282663508827164e-01,6.791415935162067319e-01,3.763799849479082127e+01
3.415336827955134380e-01,1.671097087899580114e-01,1.775540655893302899e-01,3.628795379702331458e-01,6.815941437441642714e-01,3.770075402161521083e+01
3.544622507940894396e-01,1.689336819900542908e-01,1.794920371144325955e-01,3.766161414687201892e-01,6.827073144733328824e-01,3.778536049256894103e+01
3.690633910244896509e-01,1.716212289191529072e-01,1.823475557266000247e-01,3.921298529635202090e-01,6.824954669433832555e-01,3.794729970367826866e+01
3.842687124154490208e-01,1.740629969826341661e-01,1.849419342940487043e-01,4.082855069414145222e-01,6.839840427580387017e-01,3.807768585019848473e+01
4.036533167340776718e-01,1.722072978389597997e-01,1.829702539538948514e-01,4.288816490299573458e-01,6.851073810454078039e-01,3.824880120110568527e+01
4.238487792091910067e-01,1.675746795930660726e-01,1.780480970676325825e-01,4.503393279097653856e-01,6.869821844889330009e-01,3.842844237624299808e+01
4.353528249034680497e-01,1.661051236889661831e-01,1.764866939195265383e-01,4.625623764599348653e-01,6.873054480891057638e-01,3.852159828335780389e+01
4.396887565968844447e-01,1.648819969701865729e-01,1.751871217808230463e-01,4.671693038841899792e-01,6.875797133505261449e-01,3.858827759896463760e+01
4.380816877015664690e-01,1.612628015381544488e-01,1.713417266342890655e-01,4.654617931829142519e-01,6.884268274088679584e-01,3.862312415677367738e+01
4.338890426608151829e-01,1.561979627888787636e-01,1.659603354631838668e-01,4.610071078271157918e-01,6.877037693106566874e-01,3.862254326776550073e+01
4.251687201190813559e-01,1.528641952493337286e-01,1.624182074524170571e-01,4.517417651265238643e-01,6.859992954012965605e-01,3.856748117371350304e+01
4.067159876933571505e-01,1.522394789362147560e-01,1.617544463697280499e-01,4.321357369241922153e-01,6.843200446343936649e-01,3.847716118074055203e+01
3.838967452779230571e-01,1.560680275537197903e-01,1.658222792758272668e-01,4.078902918577930747e-01,6.805238871915475496e-01,3.844041048019280993e+01
3.592599932577043575e-01,1.619120108183308426e-01,1.720315114944764578e-01,3.817137428363108209e-01,6.770918533720192700e-01,3.831849593783017838e+01
3.433626375143346565e-01,1.690847963248661712e-01,1.796525960951703416e-01,3.648228023589804025e-01,6.743640222501198211e-01,3.811344458446085781e+01
3.302389600833073313e-01,1.729156200156095058e-01,1.837228462665850548e-01,3.508788950885142199e-01,6.732046810571633566e-01,3.787100209124484707e+01
3.253623396969307358e-01,1.725989365104167450e-01,1.833863700423177256e-01,3.456974859279890455e-01,6.724067147266875599e-01,3.772065221801656065e+01
3.239366123072249803e-01,1.690749896075338377e-01,1.796421764580047042e-01,3.441826505764266630e-01,6.723494246247916362e-01,3.773919448250983777e+01
3.318925119495987897e-01,1.663079600318787821e-01,1.767022075338712528e-01,3.526357939464484503e-01,6.727894535796572484e-01,3.778596154676856145e+01
3.369653736812264211e-01,1.656770128350621152e-01,1.760318261372534054e-01,3.580257095363032493e-01,6.739934310690954833e-01,3.781484496751001245e+01
3.413196574548925111e-01,1.670343137996145311e-01,1.774739584120904878e-01,3.626521360458230259e-01,6.764748958210854424e-01,3.786238707543876814e+01
3.535668158085358281e-01,1.681354054953646260e-01,1.786438683388248960e-01,3.756647417965695013e-01,6.791893713153537293e-01,3.793737993207545145e+01
3.688559150051655688e-01,1.708117009376065865e-01,1.814874322462070588e-01,3.919094096929879867e-01,6.802676114335003410e-01,3.806443350922874203e+01
3.857784459231781704e-01,1.731382977646565013e-01,1.839594413749472968e-01,4.098895987933770524e-01,6.816592190610007984e-01,3.818285290725768277e+01
4.043406356881684149e-01,1.723519547811704355e-01,1.831239519549934802e-01,4.296119254186789305e-01,6.845050138923327587e-01,3.823629138643917003e+01
4.262250592400727012e-01,1.683616600766126292e-01,1.788842638314008804e-01,4.528641254425774254e-01,6.861628590383069826e-01,3.828852334024358584e+01
4.352370987716429052e-01,1.676613928211743154e-01,1.781402298724978628e-01,4.624394174448706596e-01,6.873682200784784202e-01,3.835814448719590786e+01
4.397616743334610834e-01,1.661286427677356736e-01,1.765116829407191168e-01,4.672467789793023352e-01,6.884455345224003153e-01,3.839811224745253071e+01
4.407181763976510402e-01,1.623474749001322937e-01,1.724941920813904128e-01,4.682630624225040394e-01,6.894486382418287818e-01,3.841463844268387362e+01
4.372035423562777301e-01,1.590032302648464180e-01,1.689409321563993538e-01,4.645287637535448488e-01,6.882879385047703247e-01,3.839884959916994234e+01
4.279426724547389926e-01,1.560155297549511433e-01,1.657665003646355273e-01,4.546890894831602248e-01,6.866302772538396271e-01,3.832513562320976774e+01
4.094257220609200942e-01,1.557871771639185443e-01,1.655238757366633284e-01,4.350148296897276001e-01,6.849363683351497034e-01,3.822910627245446591e+01
3.875464821477565547e-01,1.599191070593066477e-01,1.699140512505131484e-01,4.117681372819914087e-01,6.809167530774993260e-01,3.819237776578476229e+01
3.667107010849246507e-01,1.662190035125578058e-01,1.766076912320925507e-01,3.896301199027326634e-01,6.776410330316567920e-01,3.814154734005414582e+01
3.466690117040654995e-01,1.710630652427012066e-01,1.817545068203700598e-01,3.683358249355697112e-01,6.753130583282332955e-01,3.792481759758491222e+01
3.336543378201040633e-01,1.752841375802593193e-01,1.862393961790254071e-01,3.545077339338607025e-01,6.717357920307754915e-01,3.769644578447856276e+01
3.268070147756499955e-01,1.752060293535592228e-01,1.861564061881565701e-01,3.472324531991282104e-01,6.696110787200143522e-01,3.754764587038673795e+01
3.238961373561630164e-01,1.712295910993468229e-01,1.819314405430559889e-01,3.441396459409232222e-01,6.682387748696698715e-01,3.762964109287989345e+01
3.238340548903778648e-01,1.679076189170160271e-01,1.784018450993294092e-01,3.440736833210265022e-01,6.688194721357578754e-01,3.771740723220150926e+01
3.263379736659096086e-01,1.650277296221844547e-01,1.753419627235708877e-01,3.467340970200289973e-01,6.694517947230936850e-01,3.779865829795178911e+01
3.382524123571168384e-01,1.653118408468477740e-01,1.756438308997757269e-01,3.593931881294368802e-01,6.713125065475485931e-01,3.789962931662805801e+01
3.592012876894660756e-01,1.658458827516143541e-01,1.762112504235901211e-01,3.816513681700581806e-01,6.735965368664446062e-01,3.805654168201371590e+01
3.749002324885526982e-01,1.679035859729620384e-01,1.783975600962721397e-01,3.983314970190869886e-01,6.754478117857127817e-01,3.819856498993780747e+01
3.875504724432528580e-01,1.709662704800854749e-01,1.816516623850907564e-01,4.117723769709561443e-01,6.776071341237689394e-01,3.830806512687200183e+01
4.014060776421278787e-01,1.719929873482156091e-01,1.827425490574790534e-01,4.264939574947609890e-01,6.810447565142048187e-01,3.843236204614687068e+01
4.217441090207378895e-01,1.679450893970076408e-01,1.784416574843205594e-01,4.481031158345338272e-01,6.839557608843853664e-01,3.861644944795940404e+01
4.342256382401071813e-01,1.654944571435071066e-01,1.758378607149762018e-01,4.613647406301140119e-01,6.852550855321222212e-01,3.873806103576595206e+01
4.392286179233647059e-01,1.635127407101621411e-01,1.737322870045471257e-01,4.666804065435751769e-01,6.859106572273463431e-01,3.881564398318129605e+01
4.384124525123030969e-01,1.602864132498103833e-01,1.703043140779236242e-01,4.658132307943220196e-01,6.867057764000417119e-01,3.885711923708211657e+01
4.346393607447968099e-01,1.557962972623090636e-01,1.655335658412034339e-01,4.618043207913469783e-01,6.859002018008756307e-01,3.884952987477762321e+01
4.241009386141573745e-01,1.529501079122137508e-01,1.625094896567269021e-01,4.506072472775420890e-01,6.843345520871633170e-01,3.874004171116632023e+01
4.023818378537249996e-01,1.539273156135326504e-01,1.635477728393784358e-01,4.275307027195828224e-01,6.822789980707807400e-01,3.862901658317445452e+01
3.793041731090553981e-01,1.581737376790008365e-01,1.680595962839382951e-01,4.030106839283714715e-01,6.785859473690675214e-01,3.858706822167305006e+01
3.563939125906390726e-01,1.646193751302788555e-01,1.749080860759212597e-01,3.786685321275541360e-01,6.756801714087474764e-01,3.846659186381555884e+01
3.405844688179738844e-01,1.708833757445163415e-01,1.815635867285486094e-01,3.618709981190970093e-01,6.735107624337467458e-01,3.824890232325073924e+01
3.263232412634347046e-01,1.737464709782324812e-01,1.846056254143720321e-01,3.467184438423992487e-01,6.717072252384032049e-01,3.800176679423898207e+01
3.201894222825563130e-01,1.736593467871932472e-01,1.845130559613928356e-01,3.402012611752160964e-01,6.703745728985337493e-01,3.783861470276399785e+01
3.174328975553761811e-01,1.694069051363991940e-01,1.799948367074241107e-01,3.372724536525870120e-01,6.700341295425970012e-01,3.780221230400271537e+01
3.215741227724149831e-01,1.655375692770535423e-01,1.758836673568692222e-01,3.416725054456911659e-01,6.695406030243427065e-01,3.783749999145742748e+01
3.257363736451239777e-01,1.634398089825467026e-01,1.736547970439556443e-01,3.460948969979444900e-01,6.707967502435381313e-01,3.790666687023175996e+01
3.373915026489971991e-01,1.651682788846081384e-01,1.754912963148961280e-01,3.584784715645596420e-01,6.727060165455870377e-01,3.797707406154642484e+01
3.545364436029432853e-01,1.677238663419005626e-01,1.782066079882693166e-01,3.766949713281271817e-01,6.748393951319282547e-01,3.810095380177968138e+01
3.708752267936143432e-01,1.693455914420196329e-01,1.799296909071458894e-01,3.940549284682153264e-01,6.762129205664970666e-01,3.822611962428306498e+01
3.832461519782076054e-01,1.724751661094204025e-01,1.832548639912590371e-01,4.071990364768456327e-01,6.779149773740532625e-01,3.838327636089236705e+01
3.988711591398366729e-01,1.717594540371172041e-01,1.824944199144369894e-01,4.238006065860762672e-01,6.806751009318219303e-01,3.855170495752366122e+01
4.218676087177986589e-01,1.673097836683702377e-01,1.777666451476432874e-01,4.482343342626610161e-01,6.826115135786544608e-01,3.876156891831286089e+01
4.335783703920677024e-01,1.656242893335578281e-01,1.759758074169051334e-01,4.606770185415721697e-01,6.837284793315105969e-01,3.888940403403487522e+01
4.384187423489100399e-01,1.644124529793536127e-01,1.746882312905631562e-01,4.658199137457167960e-01,6.844085277468662243e-01,3.897343059423661771e+01
4.399861144105349786e-01,1.602184317198933894e-01,1.702320837023867939e-01,4.674852465611932795e-01,6.851603193009773163e-01,3.901873716310373652e+01
4.362146082106866940e-01,1.564825278220872973e-01,1.662626858109677863e-01,4.634780212238545083e-01,6.835325703838049938e-01,3.900640164181393743e+01
4.245791589914446051e-01,1.547249617811747302e-01,1.643952718924981127e-01,4.511153564284097750e-01,6.820691455364598088e-01,3.892357471072622843e+01
4.032646353023341956e-01,1.556340826134622046e-01,1.653612127768036844e-01,4.284686750087300378e-01,6.798742145426354133e-01,3.880774611168295962e+01
3.787035035614576550e-01,1.600415729717304669e-01,1.700441712824636020e-01,4.023724725340486197e-01,6.765135952054963653e-01,3.868998982296521660e+01
3.555625328130359586e-01,1.668394545572494947e-01,1.772669204670774268e-01,3.777851911138509489e-01,6.738705418872258379e-01,3.857055783429410667e+01
3.376191254346539994e-01,1.738619940967546795e-01,1.847283687278019337e-01,3.587203207743197564e-01,6.726440763516555732e-01,3.834842494883432096e+01
3.243331200839870698e-01,1.769520819840137427e-01,1.880115871080144385e-01,3.446039400892363380e-01,6.721838216155939794e-01,3.809934007022393132e+01
3.178971126735963826e-01,1.760354479665372784e-01,1.870376634644458913e-01,3.377656822156961391e-01,6.714750688961963476e-01,3.798057607916473444e+01
3.180747015768308761e-01,1.722879252284154339e-01,1.830559205551914592e-01,3.379543704253825109e-01,6.705345926562895631e-01,3.804966857230332522e+01
3.227913720646334861e-01,1.715136125868067796e-01,1.822332133734821114e-01,3.429658328186730443e-01,6.706334619153550003e-01,3.813583992664988642e+01
3.291578497313641383e-01,1.722172551485411374e-01,1.829808335953249654e-01,3.497302153395746571e-01,6.715346052002681976e-01,3.818442749992998841e+01
3.358097306375728008e-01,1.734798646536323541e-01,1.843223561944843103e-01,3.567978388024212189e-01,6.739313645140744269e-01,3.820955900976830577e+01
3.508758753719770085e-01,1.730718435214108897e-01,1.838888337414988916e-01,3.728056175827255125e-01,6.785164373680692140e-01,3.828582926987454726e+01
3.674776638741072410e-01,1.746610858961210322e-01,1.855774037646284458e-01,3.904450178662391413e-01,6.807625583552338044e-01,3.840446105042594382e+01
3.858049559802360085e-01,1.752061320990241367e-01,1.861565153552130203e-01,4.099177657290007382e-01,6.809696844696682128e-01,3.859043209495581550e+01
4.050186239318295800e-01,1.746350631361682504e-01,1.855497545821787053e-01,4.303322879275692237e-01,6.821919703163399351e-01,3.879573386583864192e+01
4.237882358114509196e-01,1.712838104764853042e-01,1.819890486312656375e-01,4.502750005496661823e-01,6.827079493513348307e-01,3.899111447467721092e+01
4.355111845229457379e-01,1.687970880570174859e-01,1.793469060605809851e-01,4.627306335556302663e-01,6.830751448168961293e-01,3.909036218194358270e+01
4.425547285754941607e-01,1.662569162631785114e-01,1.766479735296272169e-01,4.702143991114626220e-01,6.835692328297283682e-01,3.912944331703277356e+01
4.430309441814596627e-01,1.592777091212175811e-01,1.692325659412936834e-01,4.707203781928007702e-01,6.846056489627683206e-01,3.909334406056096611e+01
4.380038737532678805e-01,1.554717042133080540e-01,1.651886857266397779e-01,4.653791158628473035e-01,6.826913524064506245e-01,3.900906908765350067e+01
4.242713297170398468e-01,1.547094689061448702e-01,1.643788107127788500e-01,4.507882878243546498e-01,6.823108085354969710e-01,3.891723053350195016e+01
4.034813596799626811e-01,1.562412019076779290e-01,1.660062770269078447e-01,4.286989446599602793e-01,6.804246601623633595e-01,3.881157051669455171e+01
3.793514407444145697e-01,1.613758383747911362e-01,1.714618282732156829e-01,4.030609057909407822e-01,6.770375475599232917e-01,3.872686311067867138e+01
3.571969855189692233e-01,1.685804506841947492e-01,1.791167288519569523e-01,3.795217971139046020e-01,6.754796893927518253e-01,3.861057301195295821e+01
3.417884855629241270e-01,1.759165574895242834e-01,1.869113423326195234e-01,3.631502659106068398e-01,6.735871703618366846e-01,3.835237533981121061e+01
3.280920426606966367e-01,1.790092338383001691e-01,1.901973109531937822e-01,3.485977953269903118e-01,6.730143054973706240e-01,3.809680547218273006e+01
3.170432598502040400e-01,1.760227714692694234e-01,1.870241946860986548e-01,3.368584635908420388e-01,6.719161544979922462e-01,3.797527069315558634e+01
3.157146773350664737e-01,1.725395850607107373e-01,1.833233091270050907e-01,3.354468446685083260e-01,6.704693557479058930e-01,3.802926938730105633e+01
3.190501517308996227e-01,1.694583887248255205e-01,1.800495380201269369e-01,3.389907862140809081e-01,6.705941113336280068e-01,3.812701908785566474e+01
3.214514618154992731e-01,1.678358958452713379e-01,1.783256393356007774e-01,3.415421781789679256e-01,6.714813350133482794e-01,3.821660738827831238e+01
3.374994909794941100e-01,1.680413153071805277e-01,1.785438975138792794e-01,3.585932091657122456e-01,6.744745404110039644e-01,3.831984292509901735e+01
3.587734816695810069e-01,1.691670147399443047e-01,1.797399531611907353e-01,3.811968242739298129e-01,6.775540030941210601e-01,3.845202087296047466e+01
3.739336438720545219e-01,1.708751454925015734e-01,1.815548420857830414e-01,3.973044966140577561e-01,6.807314512651351235e-01,3.856720515694033224e+01
3.845883824634849790e-01,1.733778675967520833e-01,1.842139843215490624e-01,4.086251563674527798e-01,6.822799079804612310e-01,3.868248230573236413e+01
4.014741733866477036e-01,1.725033019602915108e-01,1.832847583328095775e-01,4.265663092233131226e-01,6.838092291576062243e-01,3.887023984874705462e+01
4.213247094957676131e-01,1.689791020813370959e-01,1.795402959614205429e-01,4.476575038392528461e-01,6.856047561665321588e-01,3.907973839153926576e+01
4.348655755740980511e-01,1.665085521531295409e-01,1.769153366626999568e-01,4.620446740474791203e-01,6.864765487456975235e-01,3.919535791553285264e+01
4.420942478711719081e-01,1.644386161686440528e-01,1.747160296791842038e-01,4.697251383631204091e-01,6.872313890176930951e-01,3.925418998423397454e+01
4.435770212728577522e-01,1.590120634485047424e-01,1.689503174140361552e-01,4.713005851024113513e-01,6.880839205718254359e-01,3.925502003828913189e+01
4.361878133373229272e-01,1.565564488742116622e-01,1.663412269288499501e-01,4.634495516709053464e-01,6.867379543362762684e-01,3.919273563877072775e+01
4.224432081329181909e-01,1.554925715098696981e-01,1.652108572292364241e-01,4.488459086412258103e-01,6.850975900864836321e-01,3.904938223071996362e+01
3.992799946188361759e-01,1.581130504435013240e-01,1.679951160962200873e-01,4.242349942825134890e-01,6.829059987424050959e-01,3.892101965907685468e+01
3.736562534588083184e-01,1.639643151931811094e-01,1.742120848927549426e-01,3.970097692999838279e-01,6.793703434008430131e-01,3.886586413155388442e+01
3.520001189748075410e-01,1.711101680785601653e-01,1.818045535834701132e-01,3.740001264107331025e-01,6.763395822738273999e-01,3.869588561061929965e+01
3.353325787488711796e-01,1.769881518004778331e-01,1.880499112880076595e-01,3.562908649206759648e-01,6.745115145401334722e-01,3.843079906665231960e+01
3.209681002176058562e-01,1.792357843771368586e-01,1.904380209007077440e-01,3.410286064812065865e-01,6.745074234820258585e-01,3.816235598301261689e+01
3.126378607393854314e-01,1.777981971945804263e-01,1.889105845192417255e-01,3.321777270355968370e-01,6.742635373822206679e-01,3.801251332098505742e+01
3.151400385692788575e-01,1.742258045855792081e-01,1.851149173721779173e-01,3.348362909798587861e-01,6.733480180514588298e-01,3.805523097507010988e+01
3.176170145772146958e-01,1.709438501501887309e-01,1.816278407845756115e-01,3.374680779882903714e-01,6.731996291849009495e-01,3.818782566922192956e+01
3.226943245277282823e-01,1.690143570286843366e-01,1.795777543429772360e-01,3.428627198107110363e-01,6.743808336726799801e-01,3.832774631177969127e+01
3.374967246379139141e-01,1.690046183217127906e-01,1.795674069668198591e-01,3.585902699277835337e-01,6.766972573575903427e-01,3.844539856090964491e+01
3.601240844125891960e-01,1.691447808471158443e-01,1.797163296500605412e-01,3.826318396883759965e-01,6.800342909474453856e-01,3.860651049319898220e+01
3.766798669364476715e-01,1.700521343203088287e-01,1.806803927153281530e-01,4.002223586199755156e-01,6.818980625882317126e-01,3.879215520143787188e+01
3.887318935806531872e-01,1.740172632141700482e-01,1.848933421650557074e-01,4.130276369294438865e-01,6.823228827757937820e-01,3.891925708853062815e+01
3.976040303849476820e-01,1.773470301649029135e-01,1.884312195502093057e-01,4.224542822840064993e-01,6.848762190416242124e-01,3.910986540552946167e+01
4.171544899047000543e-01,1.737187521974434823e-01,1.845761742097836722e-01,4.432266455237437452e-01,6.856106109642531310e-01,3.932971490210752563e+01
4.349963729318720995e-01,1.683466548279201891e-01,1.788683207546650500e-01,4.621836462401140988e-01,6.851535659417488100e-01,3.948195293221980506e+01
4.417302178531418710e-01,1.653315414176676212e-01,1.756647627562717973e-01,4.693383564689636023e-01,6.851985790059016423e-01,3.955287838237041598e+01
4.409268979489150420e-01,1.581951417754176858e-01,1.680823381363811542e-01,4.684848290707225860e-01,6.859631641198727925e-01,3.957496230419676664e+01
4.323149390220547006e-01,1.553307244910729079e-01,1.650388947717649768e-01,4.593346227109330604e-01,6.843068508608443068e-01,3.956728731652150088e+01
4.183537660875869535e-01,1.549146761386450410e-01,1.645968433973102885e-01,4.445008764680611346e-01,6.819827194410659210e-01,3.950200456793150749e+01
3.937461530641516716e-01,1.576823227447484155e-01,1.675374679162951186e-01,4.183552876306612101e-01,6.803083168702335204e-01,3.942507421633031583e+01
3.720191379873675208e-01,1.591913867574518138e-01,1.691408484297925452e-01,3.952703341115778035e-01,6.760736685181583105e-01,3.941694565834966824e+01
3.572904562410476048e-01,1.606916541646333241e-01,1.707348825499228895e-01,3.796211097561130732e-01,6.730299011301998924e-01,3.944122328237102693e+01
3.547078816395718426e-01,1.629402807834273437e-01,1.731240483323916168e-01,3.768771242420447809e-01,6.736887433146284687e-01,3.931549178585684245e+01
3.454080235373439556e-01,1.620039068229676971e-01,1.721291509994031799e-01,3.669960250084278730e-01,6.726516224027858648e-01,3.909734212593032510e+01
3.363256288714380760e-01,1.637000063217989299e-01,1.739312567169114532e-01,3.573459806759028412e-01,6.721907746049052834e-01,3.897808532503439949e+01
3.338000740746476791e-01,1.648392739443266253e-01,1.751417285658470879e-01,3.546625787043132805e-01,6.714638584649664788e-01,3.903603669497874051e+01
3.353495980230343787e-01,1.647003413534457450e-01,1.749941126880361908e-01,3.563089478994739268e-01,6.703505662532140974e-01,3.919036372232926624e+01
3.400480260278493927e-01,1.645933750077387125e-01,1.748804609457222659e-01,3.613010276545901567e-01,6.708275991340522104e-01,3.932106165636038497e+01
3.474687760298598715e-01,1.674244743242177536e-01,1.778885039694814429e-01,3.691855745317259574e-01,6.716251519992360031e-01,3.943290163603806064e+01
3.558949870908743596e-01,1.743413436627009039e-01,1.852376776416195248e-01,3.781384237840539342e-01,6.737132681750519492e-01,3.954668559810303918e+01
3.749828761555497048e-01,1.763926223153423900e-01,1.874171612100513917e-01,3.984193059152716376e-01,6.760608231419309444e-01,3.963941225955377234e+01
3.911478468382313389e-01,1.767977735521823746e-01,1.878476343991937469e-01,4.155945872656204299e-01,6.788935420789096176e-01,3.969566086510565839e+01
4.066453945082937338e-01,1.770628230153048766e-01,1.881292494537613325e-01,4.320607316650620922e-01,6.825604690326161350e-01,3.977461990656315294e+01
4.222310981816612685e-01,1.755407427618541349e-01,1.865120391844699854e-01,4.486205418180149174e-01,6.851699446934517157e-01,3.990459997107400625e+01
4.298152947643263388e-01,1.740856209091976581e-01,1.849659722160224284e-01,4.566787506870967905e-01,6.864843581765794900e-01,4.000933239823202570e+01
4.323334203195862702e-01,1.724275932295650515e-01,1.832043178064128586e-01,4.593542590895604016e-01,6.877968015859513562e-01,4.005438087876754594e+01
4.309999513504936264e-01,1.675431130861430584e-01,1.780145576540270169e-01,4.579374483098992976e-01,6.896516299890881330e-01,4.001250784020613338e+01
4.319021490782498640e-01,1.594252145300109336e-01,1.693892904381366082e-01,4.588960333956407789e-01,6.897345329764812405e-01,3.993442285895886812e+01
4.187689144956839860e-01,1.592642834599211910e-01,1.692183011761662359e-01,4.449419716516641587e-01,6.873824737107238070e-01,3.985752636761480261e+01
3.953032786747189831e-01,1.628648964603511273e-01,1.730439524891229652e-01,4.200097335918890895e-01,6.858774656734573094e-01,3.976025622079969679e+01
3.727691225634511829e-01,1.661585538777985149e-01,1.765434634951609516e-01,3.960671927236666945e-01,6.830669455204254614e-01,3.971421135190058038e+01
3.573409722092346641e-01,1.675620919142655763e-01,1.780347226589070742e-01,3.796747829723118306e-01,6.805144304596945082e-01,3.974593960334735954e+01
3.484207599152393531e-01,1.691607652714369470e-01,1.797333131009017926e-01,3.701970574099419653e-01,6.767148009126470187e-01,3.968923086145075985e+01
3.369925603990468477e-01,1.665651489477703584e-01,1.769754707570057872e-01,3.580545954239873763e-01,6.734707148745303629e-01,3.956085655839549986e+01
3.288828629480473609e-01,1.673106396354221148e-01,1.777675546126359363e-01,3.494380418823003209e-01,6.729201058018534631e-01,3.955251232527726302e+01
3.299678603027540458e-01,1.684182775728620685e-01,1.789444199211659703e-01,3.505908515716761320e-01,6.708785687491136684e-01,3.965983723578628428e+01
3.307428440269012393e-01,1.679636872884790189e-01,1.784614177440088933e-01,3.514142717785825321e-01,6.692970618986195941e-01,3.985543895095593570e+01
3.320115116343241302e-01,1.665841430931995770e-01,1.769956520365244812e-01,3.527622311114694265e-01,6.700273026548451138e-01,4.002205966654724989e+01
3.423850020510503800e-01,1.664883378615257536e-01,1.768938589778710768e-01,3.637840646792407928e-01,6.724938182826244448e-01,4.013283769514357147e+01
3.551022158851013799e-01,1.721699474866719981e-01,1.829305692045890275e-01,3.772961043779203272e-01,6.734933994592796624e-01,4.026268762659521627e+01
3.611013435694677698e-01,1.776202959444809770e-01,1.887215644410110693e-01,3.836701775425594430e-01,6.749548015450217431e-01,4.044742344309047866e+01
3.653873925237886011e-01,1.853206184959660663e-01,1.969031571519638535e-01,3.882241045565255066e-01,6.766117820244662573e-01,4.067022636480970021e+01
3.657331074474495236e-01,1.908615978754291398e-01,2.027904477426434593e-01,3.885914266629147962e-01,6.779556024054632646e-01,4.097907989586995114e+01
3.740097344568386051e-01,1.916824335948075220e-01,2.036625856944827839e-01,3.973853428603910665e-01,6.798829090758500282e-01,4.130481537665929892e+01
3.876776553585206120e-01,1.901301283148447430e-01,2.020132613345223538e-01,4.119075088184283029e-01,6.813582962892303918e-01,4.154422621746303435e+01
3.990859399746271574e-01,1.845988302403791248e-01,1.961362571304027802e-01,4.240288112230415352e-01,6.836771570430956180e-01,4.172580453571608672e+01
4.038400517851251648e-01,1.741038209296275341e-01,1.849853097377292255e-01,4.290800550216956055e-01,6.860473491622951503e-01,4.179938697621533095e+01
4.012042467703233473e-01,1.674358237155277596e-01,1.779005626977483434e-01,4.262795121934683240e-01,6.854935734610031473e-01,4.179501505774315007e+01
3.908746841094949409e-01,1.655383338559425488e-01,1.758844797219389633e-01,4.153043518663387390e-01,6.833613205101897181e-01,4.170326815625986683e+01
3.768731215445684790e-01,1.643284653961839814e-01,1.745989944834453467e-01,4.004276916411043663e-01,6.825107042569246163e-01,4.159614954770687945e+01
3.620717317574689287e-01,1.646695740029193999e-01,1.749614223781018885e-01,3.847012149923107471e-01,6.796931895725121242e-01,4.156312856220978347e+01
3.504674124790230771e-01,1.659773131002655611e-01,1.763508951690321847e-01,3.723716257589617662e-01,6.768422324475623642e-01,4.157367977009624127e+01
3.476404495679437101e-01,1.677676659495813127e-01,1.782531450714302801e-01,3.693679776659398728e-01,6.755727773994684160e-01,4.148625813849753996e+01
3.389768212323284735e-01,1.667616948682127398e-01,1.771843007974761020e-01,3.601628725593492009e-01,6.741222484481674826e-01,4.132767165767185702e+01
3.297027870822106799e-01,1.678170370382741083e-01,1.783056018531662401e-01,3.503092112748489306e-01,6.741335114663429273e-01,4.124701088603136157e+01
3.274053577041390883e-01,1.675717681148010119e-01,1.780450036219758669e-01,3.478681925606481595e-01,6.729345940722103458e-01,4.136504086757777543e+01
3.273387364377940423e-01,1.676901105621511623e-01,1.781707424722857036e-01,3.477974074651560832e-01,6.710729723337850450e-01,4.150714786342602736e+01
3.333893715605047992e-01,1.637913903135006510e-01,1.740283522080943446e-01,3.542262072830363318e-01,6.705925714578934160e-01,4.159996378992185129e+01
3.483918691517787214e-01,1.655050222184523689e-01,1.758490861071056455e-01,3.701663609737647631e-01,6.694585016122683863e-01,4.173185646629494983e+01
3.645867586831599283e-01,1.697468888955133148e-01,1.803560694514826923e-01,3.873734311008577569e-01,6.715857958678068673e-01,4.189559025870633491e+01
3.820772232082597641e-01,1.720889112063650195e-01,1.828444681567627794e-01,4.059570496587760480e-01,6.751683856781315329e-01,4.204553995599523120e+01
3.912217222178974163e-01,1.790736714852002587e-01,1.902657759530251569e-01,4.156730798565161367e-01,6.776596854146786919e-01,4.228272230280593647e+01
3.972083511101315301e-01,1.829412157992753585e-01,1.943750417867300961e-01,4.220338730545144523e-01,6.803286711230318584e-01,4.263746824728860929e+01
4.067199841105436642e-01,1.818698144230056768e-01,1.932366778244436756e-01,4.321399831174526640e-01,6.815838513556403688e-01,4.297655951843718469e+01
4.159658069939879965e-01,1.796279948517801595e-01,1.908547445300163847e-01,4.419636699311122463e-01,6.822911134531765009e-01,4.320103095421016093e+01
4.213921220769673015e-01,1.769663789279790622e-01,1.880267776109776912e-01,4.477291297067776954e-01,6.831446835797251316e-01,4.330271049280281659e+01
4.200849336471763062e-01,1.700193204698005056e-01,1.806455279991629470e-01,4.463402420001251203e-01,6.847049719763924625e-01,4.331049479788233469e+01
4.086741248098520463e-01,1.677109590333212552e-01,1.781928939729038319e-01,4.342162576104676708e-01,6.837193456660185520e-01,4.330575176767836609e+01
3.960778810193161803e-01,1.657441222014501558e-01,1.761031298390408617e-01,4.208327485830234416e-01,6.824609084034278794e-01,4.320868988632172858e+01
3.813045775268221749e-01,1.645612775550683582e-01,1.748463574022600386e-01,4.051361136222486614e-01,6.810916201060478459e-01,4.312020668138295321e+01
3.646342311491548305e-01,1.645155834984416143e-01,1.747978074670942239e-01,3.874238705959767715e-01,6.785738928117192037e-01,4.309935292937484519e+01
3.494617597558251632e-01,1.643077323824617131e-01,1.745769656563653793e-01,3.713031197405646799e-01,6.762705448635371042e-01,4.303043041745931419e+01
3.426912772652179195e-01,1.645044093368305815e-01,1.747859349203825241e-01,3.641094820942941124e-01,6.766021902305160429e-01,4.287277937248516935e+01
3.333949951363010533e-01,1.652059413668961751e-01,1.755313127023271080e-01,3.542321823323200669e-01,6.766380271725527251e-01,4.272170610322514506e+01
3.258501980003182807e-01,1.656991592665055801e-01,1.760553567206621095e-01,3.462158353753383433e-01,6.762343527075859173e-01,4.272182124660622549e+01
3.247913240794058076e-01,1.651434899743401685e-01,1.754649580977364898e-01,3.450907818343688094e-01,6.757456021496713872e-01,4.287521245203638642e+01
3.287662004816037653e-01,1.660425377199460928e-01,1.764201963274426299e-01,3.493140880117039937e-01,6.742315721608140855e-01,4.302993510952485678e+01
3.370234111088212248e-01,1.661815856147773329e-01,1.765679347157008972e-01,3.580873743031224299e-01,6.746335226282772490e-01,4.311754471840303182e+01
3.447664857766601920e-01,1.715034586458538957e-01,1.822224248112196965e-01,3.663143911377015893e-01,6.745599074926041938e-01,4.320013581546048442e+01
3.478885240021910574e-01,1.815723668501092458e-01,1.929206397782410043e-01,3.696315567523278944e-01,6.749598991090655087e-01,4.328199564774879349e+01
3.533985636826245114e-01,1.875077487928342446e-01,1.992269830923863172e-01,3.754859739127884843e-01,6.772883660250187399e-01,4.335053252069274521e+01
3.582058542358506070e-01,1.918274152872372351e-01,2.038166287426897150e-01,3.805937201255910618e-01,6.812029400059534945e-01,4.343952589433388312e+01
3.653040231964889140e-01,1.942293822808782711e-01,2.063687186734331769e-01,3.881355246462696584e-01,6.830338492323942967e-01,4.373005678168627242e+01
3.795320669988593298e-01,1.928380362381817981e-01,2.048904135030681917e-01,4.032528211862880241e-01,6.830771900313488132e-01,4.409846187577268495e+01
3.944585017504637636e-01,1.907862000825288895e-01,2.027103375876870839e-01,4.191121581098675164e-01,6.822985120353226574e-01,4.431651799352042076e+01
4.007562022004959590e-01,1.884580756791303102e-01,2.002367054090759546e-01,4.258034648380268350e-01,6.821607664257549608e-01,4.441022010638052819e+01
4.045544048770681744e-01,1.798988850999715394e-01,1.911425654187195733e-01,4.298390551818851435e-01,6.834820490049173802e-01,4.442419667140927686e+01
3.960128987427530833e-01,1.730156648333542047e-01,1.838291438854387783e-01,4.207637049141750296e-01,6.840978345055189758e-01,4.440361133198304344e+01
3.846833415929891697e-01,1.712087310039457633e-01,1.819092766916922399e-01,4.087260504425511143e-01,6.837102907729109003e-01,4.431925313329849558e+01
3.731809072728451970e-01,1.692366725789984372e-01,1.798139646151857840e-01,3.965047139773979490e-01,6.825875200647225638e-01,4.422453509330961197e+01
3.618888568733966138e-01,1.677183040195777131e-01,1.782006980208013514e-01,3.845069104279839056e-01,6.806187796571686599e-01,4.410822769012693101e+01
3.523245523225547737e-01,1.670095129518518740e-01,1.774476075113425866e-01,3.743448368427142459e-01,6.785094100644187831e-01,4.407613272330456766e+01
3.473765120072643264e-01,1.659362027922910432e-01,1.763072154668089975e-01,3.690875440077183711e-01,6.789298876709500830e-01,4.398351233254342674e+01
3.386569768440667594e-01,1.648086556306143369e-01,1.751091966075277728e-01,3.598230378968209631e-01,6.790551010369131335e-01,4.390872692572772706e+01
3.325413520901388531e-01,1.616032082604818287e-01,1.717034087767619344e-01,3.533251865957727222e-01,6.795893894817047753e-01,4.395531482696265613e+01
3.367387437737596745e-01,1.602776800520603340e-01,1.702950350553140979e-01,3.577849152596196958e-01,6.788623320672532158e-01,4.415253452206206219e+01
3.390358157134965578e-01,1.600094195207554526e-01,1.700100082408027014e-01,3.602255541955899920e-01,6.779567559341513894e-01,4.433774241550507611e+01
3.460974764327608977e-01,1.625688384203258230e-01,1.727293908215962459e-01,3.677285687098085787e-01,6.786807062735048524e-01,4.443526018525064103e+01
3.534529590874870841e-01,1.686202485753917901e-01,1.791590141113538204e-01,3.755437690304546661e-01,6.804023777527574701e-01,4.451917503575434409e+01
3.608859069840054112e-01,1.784972414919548389e-01,1.896533190852019712e-01,3.834412761705057182e-01,6.810341680027622857e-01,4.459660240024803102e+01
3.663998537301818015e-01,1.854596343455776897e-01,1.970508614921762380e-01,3.892998445883181224e-01,6.837522024567036505e-01,4.465144894266652642e+01
3.730742620495505202e-01,1.902719873256258354e-01,2.021639865334773634e-01,3.963914034276477261e-01,6.851986030992203158e-01,4.471416620790298424e+01
3.789901976422492269e-01,1.935050016982011178e-01,2.055990643043386634e-01,4.026770849948898556e-01,6.858373480512556242e-01,4.486563095949291835e+01
3.808491399559680857e-01,1.962467314940377627e-01,2.085121522124151194e-01,4.046522112032161500e-01,6.855034927108270004e-01,4.511525591155464809e+01
3.887210950173257684e-01,1.957566197627522986e-01,2.079914084979242184e-01,4.130161634559086914e-01,6.850814546938656102e-01,4.529074455097698149e+01
3.946196684899085372e-01,1.919687877432728895e-01,2.039668369772274226e-01,4.192833977705278659e-01,6.857880348033283946e-01,4.540214924163803545e+01
3.983024136644868762e-01,1.836759645771106064e-01,1.951557123631800228e-01,4.231963145185172470e-01,6.870605592054259692e-01,4.543211538342156786e+01
3.868459930672307201e-01,1.768156902289191867e-01,1.878666708682267261e-01,4.110238676339322828e-01,6.884484087573767841e-01,4.542247924791837477e+01
3.729356337011367484e-01,1.748127842041381497e-01,1.857385832168967077e-01,3.962441108074579166e-01,6.880771513117706073e-01,4.535555302894747598e+01
3.612154299252762768e-01,1.722546581087147921e-01,1.830205742405094094e-01,3.837913942956061031e-01,6.870833488569758618e-01,4.524897313298765766e+01
3.542929128376615666e-01,1.714192446247878310e-01,1.821329474138369264e-01,3.764362198900157441e-01,6.836617031465569427e-01,4.515343682287548432e+01
3.438421720563938910e-01,1.727927574758289786e-01,1.835923048180683192e-01,3.653323078099184329e-01,6.811796772101037512e-01,4.498313849364388517e+01
3.362528717963973457e-01,1.695927042507230920e-01,1.801922482663932956e-01,3.572686762836720931e-01,6.819153529035668626e-01,4.485787579339098841e+01
3.242395096698856838e-01,1.661672126889424117e-01,1.765526634820013818e-01,3.445044790242534627e-01,6.824904893187304644e-01,4.477153286466187154e+01
3.232004105513244241e-01,1.628241245472156207e-01,1.730006323314165761e-01,3.434004362107821451e-01,6.833380838924903999e-01,4.475934197795562852e+01
3.280846506762379877e-01,1.613291201191782154e-01,1.714121901266266457e-01,3.485899413435027960e-01,6.836665168786008051e-01,4.489055405499515672e+01
3.294879398063528253e-01,1.614456450923703323e-01,1.715359979106433619e-01,3.500809360442501683e-01,6.845267658786167164e-01,4.502662230694853918e+01
3.345323978045957602e-01,1.658766099369545222e-01,1.762438980580142700e-01,3.554406726673829398e-01,6.861366881537230844e-01,4.509229012920631874e+01
3.415184058047039395e-01,1.732265164806199020e-01,1.840531737606585783e-01,3.628633061674980675e-01,6.874418575776942708e-01,4.517011495027526280e+01
3.498230906548530639e-01,1.815302869407529052e-01,1.928759298745501560e-01,3.716870338207811653e-01,6.868839826895086764e-01,4.525029228490485878e+01
3.582811556452685786e-01,1.847330916757163599e-01,1.962789099054486341e-01,3.806737278730982221e-01,6.878693178975981981e-01,4.530021426465751944e+01
3.665923461661875771e-01,1.882808229657728094e-01,2.000483744011336273e-01,3.895043678015744915e-01,6.896929398833964164e-01,4.534439958191449449e+01
3.719647496786885332e-01,1.924017748219849500e-01,2.044268857483589052e-01,3.952125465336065457e-01,6.903382733632256185e-01,4.553297150922215764e+01
3.735360241992897734e-01,1.986265120459692890e-01,2.110406690488423054e-01,3.968820257117453565e-01,6.891812610974528130e-01,4.569122873102521964e+01
3.816349363816118334e-01,2.001692232004582683e-01,2.126797996504869448e-01,4.054871199054621567e-01,6.880475705029955868e-01,4.583185004800287032e+01
3.898366314937254384e-01,1.964007119887342390e-01,2.086757564880301896e-01,4.142014209620832887e-01,6.878317754780506332e-01,4.591640170942729782e+01
3.930636040949346821e-01,1.881656661908500394e-01,1.999260203277781478e-01,4.176300793508681553e-01,6.892093337164703071e-01,4.593281278619490138e+01
3.820167950982374383e-01,1.799452751286438335e-01,1.911918548241841320e-01,4.058928447918769833e-01,6.902159744622353710e-01,4.591038115378906781e+01
3.676720047582602846e-01,1.758969956352302022e-01,1.868905578624321662e-01,3.906515050556515489e-01,6.898253405328902410e-01,4.583305217027826473e+01
3.592687870574778897e-01,1.741513076697125684e-01,1.850357643990695466e-01,3.817230862485702647e-01,6.885350071425568874e-01,4.570302571205280628e+01
3.513689389026525278e-01,1.737163840781507373e-01,1.845736580830350249e-01,3.733294975840685814e-01,6.855398656026602255e-01,4.558420112569952920e+01
3.426383288186364284e-01,1.716492005922572173e-01,1.823772756292733332e-01,3.640532243698010872e-01,6.829079862765884412e-01,4.545192731986338686e+01
3.345667374382080839e-01,1.668090893404471364e-01,1.772346574242250061e-01,3.554771585280962487e-01,6.841933778370019592e-01,4.533301956507993680e+01
3.234459642574282201e-01,1.636129071230016663e-01,1.738387138181892722e-01,3.436613370235173104e-01,6.859362583735501007e-01,4.519155252455212235e+01
3.140401460220533236e-01,1.625730453829664912e-01,1.727338607194017772e-01,3.336676551484317743e-01,6.868181225771221587e-01,4.514327050828315180e+01
3.146541769639619734e-01,1.615261886013658055e-01,1.716215753889512585e-01,3.343200630242093574e-01,6.874086559804225560e-01,4.521033036000922323e+01
3.175136732904760284e-01,1.596293621995947820e-01,1.696061973370694975e-01,3.373582778711306518e-01,6.866557241864690297e-01,4.532386453653203517e+01
3.275900417113742358e-01,1.605722374048255130e-01,1.706080022426269271e-01,3.480644193183353163e-01,6.860131344961721833e-01,4.539311343912841323e+01
3.398154534339373201e-01,1.662554500232974464e-01,1.766464156497535298e-01,3.610539192735583436e-01,6.850997413605871555e-01,4.544449755782046907e+01
3.528021313835661976e-01,1.744030929140131525e-01,1.853032862211388410e-01,3.748522645950389531e-01,6.876722859028571166e-01,4.551953431021135543e+01
3.642635269238875817e-01,1.789370323722146994e-01,1.901205968954780001e-01,3.870299973566306284e-01,6.912905691226526317e-01,4.560005008741492105e+01
3.750332066180266932e-01,1.824926045479182135e-01,1.938983923321630498e-01,3.984727820316535385e-01,6.933258845404578485e-01,4.573319901106168572e+01
3.787741838292382757e-01,1.845727813945022555e-01,1.961085802316585025e-01,4.024475703185658171e-01,6.928698193986083664e-01,4.593694255159711304e+01
3.838036482070732447e-01,1.883021560713006859e-01,2.000710408257568296e-01,4.077913762200156000e-01,6.922143592501760478e-01,4.607246289384718096e+01
3.895793393002899840e-01,1.908415148974441922e-01,2.027691095785344177e-01,4.139280480065579693e-01,6.915293803497696290e-01,4.616442061402953101e+01
3.949834902673131642e-01,1.896571359412101421e-01,2.015107069375358106e-01,4.196699584090199386e-01,6.910834082596828409e-01,4.622774699397216125e+01
3.986942826477338775e-01,1.833668421940849447e-01,1.948272698312153162e-01,4.236126753132169465e-01,6.915346136173601277e-01,4.625050732358734962e+01
3.919731577005146628e-01,1.750963944955470641e-01,1.860399191515187400e-01,4.164714800567964614e-01,6.910630349566382336e-01,4.625040034625720864e+01
3.827176631118098804e-01,1.712328527733803785e-01,1.819349060717166122e-01,4.066375170562978036e-01,6.899429227367838147e-01,4.618062146245043209e+01
3.726704382149749750e-01,1.676432158974232312e-01,1.781209168910121154e-01,3.959623406034107340e-01,6.885724546884890440e-01,4.605652487665602024e+01
3.625854687750985628e-01,1.674746953304305785e-01,1.779418637885823717e-01,3.852470605735422993e-01,6.853363869223034754e-01,4.596209649906896999e+01
3.519371652632314884e-01,1.669990756789568043e-01,1.774365179088915889e-01,3.739332380921834842e-01,6.838076126990662029e-01,4.576476644758884760e+01
3.451031311394948675e-01,1.633647830873872220e-01,1.735750820303488262e-01,3.666720768357135118e-01,6.843687432593983377e-01,4.545988553005956589e+01
3.334809477968236902e-01,1.609101651365952290e-01,1.709670504576323580e-01,3.543235070341252957e-01,6.838631539002439919e-01,4.522527709638364968e+01
3.202224499935517610e-01,1.635053503183323542e-01,1.737244347132281264e-01,3.402363531181488709e-01,6.845964636858171692e-01,4.526198563252099660e+01
3.206189832402071560e-01,1.625237941700873878e-01,1.726815313057180057e-01,3.406576696927199888e-01,6.859771397716709629e-01,4.546444075954033082e+01
3.234865462002851633e-01,1.621224213508103973e-01,1.722550726852360159e-01,3.437044553378028056e-01,6.867755627752553105e-01,4.566678767985519016e+01
3.288764098881948872e-01,1.648819243509339338e-01,1.751870446228672440e-01,3.494311855062068872e-01,6.878365533373954621e-01,4.580228561638615048e+01
3.382493082013028896e-01,1.698126901084328344e-01,1.804259832402096975e-01,3.593898899638844902e-01,6.887244395984883916e-01,4.586725115657601037e+01
3.457233126941416934e-01,1.792716372248359114e-01,1.904761145513881038e-01,3.673310197375256880e-01,6.903793322591368353e-01,4.594144968050874667e+01
3.534429745275103896e-01,1.845364468523510992e-01,1.960699747806230464e-01,3.755331604354799069e-01,6.936783947785132298e-01,4.599776706717932484e+01
3.656132635842275769e-01,1.842823556316976752e-01,1.958000028586788788e-01,3.884640925582415472e-01,6.968636335184595909e-01,4.603592425114639042e+01
3.732773353811000838e-01,1.854176561726926797e-01,1.970062596834860347e-01,3.966071688424185337e-01,6.973635013609542632e-01,4.605862458766904410e+01
3.786674040997700663e-01,1.883312953305813775e-01,2.001020012887427535e-01,4.023341168560055636e-01,6.962272987532808211e-01,4.619405416358495842e+01
3.838037933176114413e-01,1.906975727231507711e-01,2.026161710183476683e-01,4.077915303999621877e-01,6.943027001699684231e-01,4.625017912410785215e+01
3.868282743922843991e-01,1.897173253062315323e-01,2.015746581378708158e-01,4.110050415418022851e-01,6.934129860881106389e-01,4.628461705683272243e+01
3.890676274171163129e-01,1.837666914302905352e-01,1.952521096446837856e-01,4.133843541306860825e-01,6.926364135608181760e-01,4.629589817414009900e+01
3.789129968830198258e-01,1.769984365090111200e-01,1.880608387908243861e-01,4.025950591882081486e-01,6.921470830928320161e-01,4.628166690732698640e+01
3.671275982336830723e-01,1.737325630424734479e-01,1.845908482326279187e-01,3.900730731232882609e-01,6.920436745459399575e-01,4.620597461688994656e+01
3.596463725028203884e-01,1.722023079121892675e-01,1.829649521567011661e-01,3.821242707842466002e-01,6.906839494354254372e-01,4.607659607158858961e+01
3.502947339076267763e-01,1.699317511681906756e-01,1.805524856162024072e-01,3.721881547768536858e-01,6.882438185326616997e-01,4.595878846130726458e+01
3.373121501124979882e-01,1.697293899073864243e-01,1.803374767765981435e-01,3.583941594945289078e-01,6.867428954273047115e-01,4.587332794548228776e+01
3.333170768213495894e-01,1.649468099935945953e-01,1.752559856181942211e-01,3.541493941226837583e-01,6.886371901349076508e-01,4.566810701062320987e+01
3.254154241329160202e-01,1.611286714592172209e-01,1.711992134254184950e-01,3.457538881412230425e-01,6.889136602421532807e-01,4.551018117408107599e+01
3.149009842237346923e-01,1.623676821693048333e-01,1.725156623048864080e-01,3.345822957377182494e-01,6.912824052902525329e-01,4.551010082761312958e+01
3.154251762041658247e-01,1.598219775657085950e-01,1.698108511635653128e-01,3.351392497169264906e-01,6.933341262123292603e-01,4.563899533120338958e+01
3.168861730482415706e-01,1.591527790903350115e-01,1.690998277834808439e-01,3.366915588637569012e-01,6.950298558784917535e-01,4.579767482695182679e+01
3.251883585027698920e-01,1.618706705753672759e-01,1.719875874863276699e-01,3.455126309091931525e-01,6.969410719167169477e-01,4.588712156839451239e+01
3.383598458334481363e-01,1.683197010109673541e-01,1.788396823241528433e-01,3.595073361980387072e-01,6.962921214339293785e-01,4.592049591643603179e+01
3.477995422929502922e-01,1.776781520127516112e-01,1.887830365135484412e-01,3.695370136862597410e-01,6.969907215020569868e-01,4.598366397985972043e+01
3.566603525001312280e-01,1.834229237692037440e-01,1.948868565047788826e-01,3.789516245313892528e-01,6.988733377082770870e-01,4.603195721517330696e+01
3.697186713139083980e-01,1.851262055373609217e-01,1.966965933834458058e-01,3.928260882710279400e-01,7.006896589192851410e-01,4.609471362003795036e+01
3.719279131655450210e-01,1.877252030058007559e-01,1.994580281936632060e-01,3.951734077383916577e-01,7.019316697386444037e-01,4.621179421816817978e+01
3.750794233762244634e-01,1.914364068978758604e-01,2.034011823289930132e-01,3.985218873372389781e-01,7.011594161948477844e-01,4.629142777956514720e+01
3.779418715803787854e-01,1.937821287119197711e-01,2.058935117564147932e-01,4.015632385541522131e-01,7.001305080678381643e-01,4.635454973927377154e+01
3.811088568881936811e-01,1.927822303107666890e-01,2.048311197051896348e-01,4.049281604437056648e-01,6.994528755875909498e-01,4.638940289250368920e+01
3.815388969684657128e-01,1.878402199236908210e-01,1.995802336689215251e-01,4.053850780289948164e-01,6.989219058226845416e-01,4.642961953697635380e+01
3.715529933745491675e-01,1.795104614842112922e-01,1.907298653269745292e-01,3.947750554604582685e-01,6.992794116249823055e-01,4.641307068377118128e+01
3.616915024739497109e-01,1.730542584423988561e-01,1.838701495950487708e-01,3.842972213785714186e-01,6.993303687453038542e-01,4.633206446733392170e+01
3.512211760617985346e-01,1.690761338695772609e-01,1.796433922364257529e-01,3.731724995656610644e-01,6.980422921613083087e-01,4.621385813254208585e+01
3.418287181576060152e-01,1.684170003938022520e-01,1.789430629184148025e-01,3.631930130424564918e-01,6.947818459011151360e-01,4.604933520183138995e+01
3.267499721999489459e-01,1.697428038925554994e-01,1.803517291358402719e-01,3.471718454624452832e-01,6.937003140506904364e-01,4.603896952993552816e+01
3.140849641962045191e-01,1.682529492061876630e-01,1.787687585315744232e-01,3.337152744584673814e-01,6.939664786826807985e-01,4.590366191143796470e+01
3.073496142266755049e-01,1.630809849276874113e-01,1.732735464856677288e-01,3.265589651158430362e-01,6.945964012132320731e-01,4.571652469059198154e+01
3.027938950153423181e-01,1.612490578490700932e-01,1.713271239646369515e-01,3.217185134538012026e-01,6.973297766623146599e-01,4.568666535735123091e+01
3.047463257400609971e-01,1.601151335768669637e-01,1.701223294254209928e-01,3.237929710988151077e-01,6.990941795289496996e-01,4.578303461315962863e+01
3.051720675994531451e-01,1.602696404795450058e-01,1.702864930095165097e-01,3.242453218244190083e-01,7.014673403509741334e-01,4.590599775352816891e+01
3.089166997041529750e-01,1.620160143114334761e-01,1.721420152058979192e-01,3.282239934356627198e-01,7.057194893544858072e-01,4.593061274768328417e+01
3.201706028998076992e-01,1.685151355583718591e-01,1.790473315307700708e-01,3.401812655810456110e-01,7.092200202827448896e-01,4.591311388256050208e+01
3.232819685805981558e-01,1.777314452902268860e-01,1.888396606208661843e-01,3.434870916168852317e-01,7.113087938519643272e-01,4.591340064429022050e+01
3.255063627951466088e-01,1.828275932104269086e-01,1.942543177860784620e-01,3.458505104698430532e-01,7.129688106127427538e-01,4.593424235988048565e+01
3.307907304622313416e-01,1.847194647047467331e-01,1.962644312487933085e-01,3.514651511161209219e-01,7.140503841676696384e-01,4.600444148059656158e+01
3.290836721302675127e-01,1.862729751703713632e-01,1.979150361185195162e-01,3.496514016384094092e-01,7.140648627117796021e-01,4.610703672212083148e+01
3.279539148817711136e-01,1.884275365151623916e-01,2.002042575473598762e-01,3.484510345618819227e-01,7.151389361571083292e-01,4.617986542565552810e+01
3.277911166974842860e-01,1.902002604293672738e-01,2.020877767062027874e-01,3.482780614910768180e-01,7.154229684391869570e-01,4.622258181870294180e+01
3.286477227435646298e-01,1.895244795800111182e-01,2.013697595537616292e-01,3.491882054150374781e-01,7.155071267352942632e-01,4.625361245774033847e+01
3.284240061858595960e-01,1.875218246151715007e-01,1.992419386536197490e-01,3.489505065724758937e-01,7.155392581519856021e-01,4.627687887208880113e+01
3.169323106937466661e-01,1.800324131575493924e-01,1.912844389798961375e-01,3.367405801121058362e-01,7.178813921313115243e-01,4.623030902928495323e+01
3.060589868411119352e-01,1.729957215718915531e-01,1.838079541701348463e-01,3.251876735186812750e-01,7.181339901772244572e-01,4.613617883655293639e+01
2.961539436495457811e-01,1.697475119356540996e-01,1.803567314316323889e-01,3.146635651276425416e-01,7.161092520586894716e-01,4.599856316971786185e+01
2.846430881053103601e-01,1.680340001897905333e-01,1.785361252016522404e-01,3.024332811118923270e-01,7.139779414295358562e-01,4.586108019737886110e+01
2.735697922622716272e-01,1.694109712136867285e-01,1.799991569145422132e-01,2.906679042786634581e-01,7.136815893987734638e-01,4.588377022420242213e+01
2.739900352505539316e-01,1.672817262777952507e-01,1.777368341701574816e-01,2.911144124537135558e-01,7.134928516693375133e-01,4.584494712417591700e+01
2.740701928649873498e-01,1.625414622280012544e-01,1.727003036172513328e-01,2.911995799190490453e-01,7.112752453214749027e-01,4.566573532251048562e+01
2.747688915262299081e-01,1.633897187639905269e-01,1.736015761867399365e-01,2.919419472466192045e-01,7.099311148898139745e-01,4.564378172035637959e+01
2.787643255182976065e-01,1.638138219255703965e-01,1.740521857959185237e-01,2.961870958631913076e-01,7.102348614464538690e-01,4.574296647951979367e+01
2.806871584941939557e-01,1.650077270330883028e-01,1.753207099726563911e-01,2.982301059000809218e-01,7.115903491417409077e-01,4.590191177139979573e+01
2.868543896107564328e-01,1.672888693357802437e-01,1.777444236692664881e-01,3.047827889614289076e-01,7.129814891128458676e-01,4.597433349247643264e+01
2.978414070627039001e-01,1.717453321877945860e-01,1.824794154495316401e-01,3.164564950041228730e-01,7.127831694959841924e-01,4.601742131432897054e+01
3.046800174302909392e-01,1.785755007129919691e-01,1.897364695075542118e-01,3.237225185196835886e-01,7.137730823323489293e-01,4.608201617413980955e+01
3.153519933257799002e-01,1.826667793690487929e-01,1.940834530796143320e-01,3.350614929086409566e-01,7.169376164737237822e-01,4.614006809877871262e+01
3.214593330697320672e-01,1.847704181785992938e-01,1.963185693147617705e-01,3.415505413865900786e-01,7.194092403915833822e-01,4.617484344065019286e+01
3.218873849195400538e-01,1.882017364269453208e-01,1.999643449536294693e-01,3.420053464770113072e-01,7.201356200462493140e-01,4.620595148754775039e+01
3.217132015506575793e-01,1.903321523304904450e-01,2.022279118511461082e-01,3.418202766475738064e-01,7.202835388316246590e-01,4.631400582071987060e+01
3.212750437829716699e-01,1.908255580406290342e-01,2.027521554181683505e-01,3.413547340194074131e-01,7.197392763327885579e-01,4.638006900768598229e+01
3.204016503896940371e-01,1.899777775170365390e-01,2.018513886118513123e-01,3.404267535390499422e-01,7.193815014793023543e-01,4.641012393122348101e+01
3.186469335155060478e-01,1.863441722840745995e-01,1.979906830518292082e-01,3.385623668602251168e-01,7.195976226500438999e-01,4.643763856001497459e+01
3.077591121790628215e-01,1.807253405851006745e-01,1.920206743716694753e-01,3.269940566902541645e-01,7.215988186412422012e-01,4.640547263462684668e+01
2.964974263906778318e-01,1.751171078097164824e-01,1.860619270478238163e-01,3.150285155400951997e-01,7.219956115805071795e-01,4.626459011770674579e+01
2.864880654775493474e-01,1.733235252121936854e-01,1.841562455379557317e-01,3.043935695698963828e-01,7.197810750814152003e-01,4.611361652128137223e+01
2.751703166226499575e-01,1.722024862279534496e-01,1.829651416172004830e-01,2.923684614115656388e-01,7.175978856203428791e-01,4.599241007860388919e+01
2.705007888449994513e-01,1.702766477066499917e-01,1.809189381883156145e-01,2.874070881478118511e-01,7.163285569179738133e-01,4.591143804435029097e+01
2.682986292951852203e-01,1.681409210087136397e-01,1.786497285717581485e-01,2.850672936261344770e-01,7.154825227090727546e-01,4.595844241184264689e+01
2.637050086449937436e-01,1.655534451248742711e-01,1.759005354451789460e-01,2.801865716853057520e-01,7.121105594988561549e-01,4.596651796774912668e+01
2.608638352528428461e-01,1.665127563450795045e-01,1.769198036166469423e-01,2.771678249561454477e-01,7.118068370017310853e-01,4.599163340112981757e+01
2.640747560929827542e-01,1.664385315958713529e-01,1.768409398206132466e-01,2.805794283487942908e-01,7.127687702764788913e-01,4.612521970669661897e+01
2.662106066226215262e-01,1.680923269396028263e-01,1.785980973733281296e-01,2.828487695365353161e-01,7.148764553632477314e-01,4.629412565114710532e+01
2.700306174544980786e-01,1.723293949414442250e-01,1.830999821252845272e-01,2.869075310454041738e-01,7.169904071194159734e-01,4.638997636827254212e+01
2.830422810406005296e-01,1.799568540767779445e-01,1.912041574565765678e-01,3.007324236056385658e-01,7.166853355925247859e-01,4.645466054989996962e+01
2.942579548997859562e-01,1.862654950964048040e-01,1.979070885399300261e-01,3.126490770810225750e-01,7.164867947189530462e-01,4.651446289492012909e+01
2.983086834248399599e-01,1.909380904823092806e-01,2.028717211374535534e-01,3.169529761388923950e-01,7.196294563456112625e-01,4.656728633044994581e+01
3.055884375366935135e-01,1.929197527700665382e-01,2.049772373181955321e-01,3.246877148827371218e-01,7.227301190318322632e-01,4.662207542755464118e+01
3.024581203268651430e-01,1.976954592329630001e-01,2.100514254350233090e-01,3.213617528472941243e-01,7.236944019393374283e-01,4.674614297884493652e+01
3.024641414788761251e-01,2.013761379021820619e-01,2.139621465210683748e-01,3.213681503213059454e-01,7.233740438696233399e-01,4.686899964530808660e+01
3.023151858828296845e-01,2.030177614096611571e-01,2.157063714977649760e-01,3.212098850005067341e-01,7.224499020555590345e-01,4.692011176879849188e+01
3.031548195782575172e-01,2.022243585494634399e-01,2.148633809588049726e-01,3.221019958018982998e-01,7.219626631087527890e-01,4.695781809163683107e+01
3.044940271272214560e-01,1.975843312727678935e-01,2.099333519773158574e-01,3.235249038226726270e-01,7.222537938193202001e-01,4.697958418344822462e+01
2.975323681347175064e-01,1.892944064236658230e-01,2.011253068251449561e-01,3.161281411431371979e-01,7.252038861845589990e-01,4.692391036561601680e+01
2.824483453956146972e-01,1.834711516369233464e-01,1.949380986142310868e-01,3.001013669828406782e-01,7.256417888571660146e-01,4.682588374323244551e+01
2.727355511209670347e-01,1.820402558959936523e-01,1.934177718894930786e-01,2.897815230660274466e-01,7.235879251800109158e-01,4.664725038033194693e+01
2.619551571837116510e-01,1.810993483072521615e-01,1.924180575764555534e-01,2.783273545076934696e-01,7.208254621895392455e-01,4.652456238278660550e+01
2.493868037553247652e-01,1.804468072363404063e-01,1.917247326886116210e-01,2.649734789900323184e-01,7.182776300594398977e-01,4.659707054320772812e+01
2.491334396303394316e-01,1.781384083261531026e-01,1.892720588465375831e-01,2.647042796072360260e-01,7.168656939267457062e-01,4.666373684271096778e+01
2.435934169058772414e-01,1.765424695983557057e-01,1.875763739482528836e-01,2.588180054624945048e-01,7.141153397331566621e-01,4.671577007084383837e+01
2.412326813426824978e-01,1.762341241794811997e-01,1.872487569406989516e-01,2.563097239265999527e-01,7.135874791242525772e-01,4.675368632817593095e+01
2.437794599818376984e-01,1.752881546923002742e-01,1.862436643605689668e-01,2.590156762307027627e-01,7.144336197777837461e-01,4.686449662245384928e+01
2.446330584888626036e-01,1.765677393818533558e-01,1.876032230932192235e-01,2.599226246444164001e-01,7.165412061679570233e-01,4.699122738106535024e+01
2.481393619797557792e-01,1.816081328762853275e-01,1.929586411810531588e-01,2.636480721034904495e-01,7.190900951892772452e-01,4.707334047860430815e+01
2.605328325356346952e-01,1.892473000439632291e-01,2.010752562967107471e-01,2.768161345691119157e-01,7.190005113407464954e-01,4.713691070973806774e+01
2.716463793248400926e-01,1.952856447633161963e-01,2.074909975610233215e-01,2.886242780326426782e-01,7.192750387468290763e-01,4.720447129936700037e+01
2.779332615643443916e-01,1.995590401345906095e-01,2.120314801430024654e-01,2.953040904121163601e-01,7.208448970491166952e-01,4.726779598760462164e+01
2.878344203505609489e-01,2.013047582699946658e-01,2.138863056618693914e-01,3.058240716224707167e-01,7.242367701988783324e-01,4.734231942815488736e+01
2.888483835671108446e-01,2.052890681300435782e-01,2.181196348881711544e-01,3.069014075400553487e-01,7.259874002211921251e-01,4.745344209183796380e+01
2.893309831730153103e-01,2.092022256081453035e-01,2.222773647086544457e-01,3.074141696213285591e-01,7.249739890216726490e-01,4.751840624964874138e+01
2.921987659502471857e-01,2.099969285513617612e-01,2.231217365858219892e-01,3.104611888221371907e-01,7.234394596532738309e-01,4.756093985713123828e+01
2.948184203362004263e-01,2.090789760050844326e-01,2.221464120054021940e-01,3.132445716072130293e-01,7.226278605847560321e-01,4.760153574087350137e+01
2.924998146486675887e-01,2.064128087445480098e-01,2.193136092910821788e-01,3.107810530642093894e-01,7.230766944414148689e-01,4.763209948734970567e+01
2.782045762539207545e-01,1.985986553791836418e-01,2.110110713403826055e-01,2.955923622697907427e-01,7.264165932526591707e-01,4.761609112759858675e+01
2.632275805988098516e-01,1.931198966459598820e-01,2.051898901863324354e-01,2.796793043862352834e-01,7.285884134144144930e-01,4.754079762062936254e+01
2.520484289446310311e-01,1.904684396518813994e-01,2.023727171301238081e-01,2.678014557536704254e-01,7.280260844311579049e-01,4.739260541082031608e+01
2.392948278847186749e-01,1.895944459847076491e-01,2.014440988587517523e-01,2.542507546275136199e-01,7.256142724644460973e-01,4.727918608673703460e+01
2.297977574348910312e-01,1.863597281949093409e-01,1.980072112070912216e-01,2.441601172745715420e-01,7.217663233345203988e-01,4.727697208765027881e+01
2.297729326451182219e-01,1.827215193247336555e-01,1.941416142825292401e-01,2.441337409354382149e-01,7.186233584503398664e-01,4.732941533989549754e+01
2.258186272117231885e-01,1.806145233154040908e-01,1.919029310226167961e-01,2.399322914124560335e-01,7.150989617257029751e-01,4.730421192187635882e+01
2.257456720674752004e-01,1.835260731678703128e-01,1.949964527408623582e-01,2.398547765716922964e-01,7.128341352972134004e-01,4.735065610690455173e+01
2.257174575404303218e-01,1.860489179271571925e-01,1.976769752976045291e-01,2.398247986367072482e-01,7.127526446667574733e-01,4.750377626806829312e+01
2.218210363405789809e-01,1.886189155362385517e-01,2.004075977572536971e-01,2.356848511118649347e-01,7.141192186536577946e-01,4.766622467949721909e+01
2.260241036701901574e-01,1.929844950684230231e-01,2.050460260101993892e-01,2.401506101495769208e-01,7.163741160366036143e-01,4.776721310048399971e+01
2.372534986529419021e-01,1.982509807061008655e-01,2.106416670002322078e-01,2.520818423187509150e-01,7.173157879350927635e-01,4.785153379968090093e+01
2.477265025358252604e-01,2.004475684756614196e-01,2.129755415053901646e-01,2.632094089443141605e-01,7.182210055028407369e-01,4.793535420226422872e+01
2.572341491262952751e-01,2.029185967432579618e-01,2.156010090397115775e-01,2.733112834466888130e-01,7.188296264949622927e-01,4.802420776736454400e+01
2.597592696125632927e-01,1.977035072606561361e-01,2.100599764644472955e-01,2.759942239633482175e-01,7.207396910551825409e-01,4.807135205632390296e+01
2.550417603178544157e-01,1.961914696339556452e-01,2.084534364860777533e-01,2.709818703377201987e-01,7.242340703480165676e-01,4.815850843621152677e+01
2.554945468561505284e-01,1.967697614516681071e-01,2.090678715423973932e-01,2.714629560346598636e-01,7.238293608362387221e-01,4.817159005806752248e+01
2.615756785869621792e-01,1.981493828590638051e-01,2.105337192877551888e-01,2.779241584986472668e-01,7.229295348455122561e-01,4.818885908521978934e+01
2.719385652019214450e-01,2.000632141992403912e-01,2.125671650866928220e-01,2.889347255270416914e-01,7.216664632734454132e-01,4.820690913916943288e+01
2.808018624089553272e-01,2.001899275933967659e-01,2.127017980679840048e-01,2.983519788095153058e-01,7.209490484655639575e-01,4.820416738572205162e+01
2.762073614573520852e-01,1.959885074789847470e-01,2.082377891964212746e-01,2.934703215484367189e-01,7.238060199747003987e-01,4.816366047998874933e+01
2.671432154783404678e-01,1.919203273638289409e-01,2.039153478240683104e-01,2.838396664457366603e-01,7.262712420137338309e-01,4.811455114961296431e+01
2.567113088670908150e-01,1.891255620345600741e-01,2.009459096617199902e-01,2.727557656712842338e-01,7.274451133804397118e-01,4.799628716799191608e+01
2.479612458397602304e-01,1.881641352674434942e-01,1.999243937216586553e-01,2.634588237047456039e-01,7.256158064655676698e-01,4.784930960259541166e+01
2.404984923277404263e-01,1.876847779959493201e-01,1.994150766206961856e-01,2.555296480982241492e-01,7.240798083594515155e-01,4.776064827827845249e+01
2.418290633627493413e-01,1.845753677681061800e-01,1.961113282536128821e-01,2.569433798229210364e-01,7.212255061275938406e-01,4.779488022146122006e+01
2.395463356926236242e-01,1.851336598630169694e-01,1.967045136044554554e-01,2.545179816734129963e-01,7.181338622639756863e-01,4.779265960646593925e+01
2.383562528398431579e-01,1.872844483201465404e-01,1.989897263401555205e-01,2.532535186423334195e-01,7.165068634169619033e-01,4.778438138147159009e+01
2.404200665899706435e-01,1.885800476431115924e-01,2.003663006208061537e-01,2.554463207518435919e-01,7.164268926581154329e-01,4.792103330233190661e+01
2.389315467530845061e-01,1.905650193647261681e-01,2.024753330750214686e-01,2.538647684251524872e-01,7.177380296439949126e-01,4.803944609174136815e+01
2.432497349078409365e-01,1.929058463353957864e-01,2.049624617313579311e-01,2.584528433395808511e-01,7.197523140631174599e-01,4.810452416361439276e+01
2.545520298480750676e-01,1.970130837539933732e-01,2.093264014886179192e-01,2.704615317135796171e-01,7.212284878239261232e-01,4.815675283562962505e+01
2.622754787645480978e-01,1.993402943503403690e-01,2.117990627472366438e-01,2.786676961873323366e-01,7.222695708926886171e-01,4.822030691202817820e+01
2.713453489286458686e-01,2.010940657937343168e-01,2.136624449058427411e-01,2.883044332366861418e-01,7.239343930152941642e-01,4.830855544891831954e+01
2.675721608497659831e-01,1.977889170793315776e-01,2.101507243967898619e-01,2.842954209028762946e-01,7.240146527336631666e-01,4.833323460583706321e+01
2.586684821999251094e-01,1.977887883581278539e-01,2.101505876305109211e-01,2.748352623374202275e-01,7.228280671363658261e-01,4.834615717529165124e+01
2.603530834306702624e-01,2.039000748398973328e-01,2.166438295173908624e-01,2.766251511450871781e-01,7.218935491247626679e-01,4.837037169426565697e+01
2.646387661524892687e-01,2.081056079340412313e-01,2.211122084299186330e-01,2.811786890370202019e-01,7.204764486624605224e-01,4.839936582743435878e+01
2.679191950930438493e-01,2.085860061991116066e-01,2.216226315865559293e-01,2.846641447863590968e-01,7.194847152341929952e-01,4.844463470352266654e+01
2.721926568385950040e-01,2.058048907507181169e-01,2.186676964226379749e-01,2.892046978910068900e-01,7.187793656605118153e-01,4.847584640893813912e+01
2.663283648048311303e-01,2.001089184313499802e-01,2.126157258333093159e-01,2.829738876051332563e-01,7.213033768073615626e-01,4.845509812599743782e+01
2.547129803325455799e-01,1.945625573782901740e-01,2.067227172144333047e-01,2.706325416033294462e-01,7.242698662789677222e-01,4.838403725868372618e+01
2.448913300510243418e-01,1.912845762495633539e-01,2.032398622651610254e-01,2.601970381792133580e-01,7.262895873461073792e-01,4.826331444669189352e+01
2.371200086793699424e-01,1.905817944528231667e-01,2.024931566061245469e-01,2.519400092218304077e-01,7.249747015087372182e-01,4.815938123032037765e+01
2.298754023102896893e-01,1.895508690308706778e-01,2.013977983453001941e-01,2.442426149546824965e-01,7.231548837979002720e-01,4.809608109343944449e+01
2.307709310938932112e-01,1.866532117866787077e-01,1.983190375233460923e-01,2.451941142872616497e-01,7.206700507051603255e-01,4.818009844691739119e+01
2.322335182547256016e-01,1.873401754623703341e-01,1.990489364287685026e-01,2.467481131456459031e-01,7.168179490487497363e-01,4.816796268847485152e+01
2.297363709904162443e-01,1.901884949805181246e-01,2.020752759168006618e-01,2.440948941773171399e-01,7.145865047505665091e-01,4.820132302020345350e+01
2.329855876077979726e-01,1.906979649957695755e-01,2.026165878080048999e-01,2.475471868332854986e-01,7.144635837974316894e-01,4.828024438925584150e+01
2.298262183270667891e-01,1.930179968678676639e-01,2.050816216721093321e-01,2.441903569725086265e-01,7.157453862370172226e-01,4.838757372363375708e+01
2.325252803324861228e-01,1.952945659337994300e-01,2.075004763046619238e-01,2.470581103532663581e-01,7.178186986137672365e-01,4.845157574545483214e+01
2.435163526770146858e-01,2.011163531594190590e-01,2.136861252318826565e-01,2.587361247193279978e-01,7.184315924982409562e-01,4.850841121916543841e+01
2.525964212256848751e-01,2.028584900492668708e-01,2.155371456773461092e-01,2.683836975522903012e-01,7.194049390420427237e-01,4.858103910673138159e+01
2.606175885899438827e-01,2.048689742029571326e-01,2.176732850906419880e-01,2.769061878768152574e-01,7.209361050521780889e-01,4.867568645512672987e+01
2.589296222057730357e-01,2.052162434237540800e-01,2.180422586377387395e-01,2.751127235936337012e-01,7.226148846136671855e-01,4.878612246045965861e+01
2.552948528724133803e-01,2.092719374222607731e-01,2.223514335111520246e-01,2.712507811769394039e-01,7.230740636658461451e-01,4.877318129058208740e+01
2.562587678951815384e-01,2.147303241617776748e-01,2.281509694218888940e-01,2.722749408886301903e-01,7.224976500885772479e-01,4.877022276999154826e+01
2.576527058773743217e-01,2.170988092684869863e-01,2.306674848477673345e-01,2.737559999947103417e-01,7.218957547289980292e-01,4.879917971112881503e+01
2.589325452397618910e-01,2.172532403132832746e-01,2.308315678328635989e-01,2.751158293172470404e-01,7.216561779679213640e-01,4.883726156617904479e+01
2.601918057179876675e-01,2.134331742079266514e-01,2.267727475959219474e-01,2.764537935753620390e-01,7.226227654582561000e-01,4.885299015906446840e+01
2.522835954605869846e-01,2.063340426637335634e-01,2.192299203302168209e-01,2.680513201768740528e-01,7.263499905886999786e-01,4.883004845568140695e+01
2.417039809540059980e-01,1.999724756618426746e-01,2.124707553907076996e-01,2.568104797636313608e-01,7.285813298493886148e-01,4.875382504269111195e+01
2.308846251644209036e-01,1.957924315135349258e-01,2.080294584831310079e-01,2.453149142371971458e-01,7.299907338661912881e-01,4.859900763436595383e+01
2.217451339889910389e-01,1.944896517113480494e-01,2.066452549433072106e-01,2.356042048633029962e-01,7.280657089108938385e-01,4.850049760533379839e+01
2.157695695377026823e-01,1.930156391257949744e-01,2.050791165711570718e-01,2.292551676338092093e-01,7.251469289080634262e-01,4.844144521337550913e+01
2.175764876132904035e-01,1.896992983683745138e-01,2.015555045163978931e-01,2.311750180891212203e-01,7.207191780106412260e-01,4.849963993926424877e+01
2.171904691377322116e-01,1.888059816044215244e-01,2.006063554546979599e-01,2.307648734588403083e-01,7.161303480088395679e-01,4.847620072402357039e+01
2.161086010778675293e-01,1.921888142548467404e-01,2.042006151457745611e-01,2.296153886452343973e-01,7.135511089938513241e-01,4.849519416878172962e+01
2.188975446853018703e-01,1.937582500045841316e-01,2.058681406298707717e-01,2.325786412281330706e-01,7.131189408622079506e-01,4.860096212474425670e+01
2.177570631136058477e-01,1.962627686486145828e-01,2.085291916891531261e-01,2.313668795582060622e-01,7.135460904193388076e-01,4.870116091252729973e+01
2.227285379907803786e-01,1.980759843829189570e-01,2.104557334068514196e-01,2.366490716152039875e-01,7.145586491479218871e-01,4.876497673864980698e+01
2.331543392742499443e-01,2.030559992965824123e-01,2.157469992526187541e-01,2.477264854788906179e-01,7.164791139894300942e-01,4.880601259687840354e+01
2.408306999646774582e-01,2.064661535152665650e-01,2.193702881099706681e-01,2.558826187124699780e-01,7.183833120587810317e-01,4.885385001583402698e+01
2.477056370994815959e-01,2.093881672299067742e-01,2.224749276817760968e-01,2.631872394181989372e-01,7.197682210300394567e-01,4.895597683439091696e+01
2.528075387404725149e-01,2.138315189596165511e-01,2.271959888945926376e-01,2.686080099117518771e-01,7.215770313203738739e-01,4.916903393252388099e+01
2.507776962403566734e-01,2.198036370200849576e-01,2.335413643338402623e-01,2.664513022553790522e-01,7.228023901428842768e-01,4.929316124880385530e+01
2.510091208034979093e-01,2.234301906413103944e-01,2.373945775563923166e-01,2.666971908537164038e-01,7.227183639040772878e-01,4.935705896419785432e+01
2.544974228569216179e-01,2.247729642930121619e-01,2.388212745613253751e-01,2.704035117854791670e-01,7.231522323233238181e-01,4.941495595390860274e+01
2.586430170024243136e-01,2.244405845418782908e-01,2.384681210757457204e-01,2.748082055650760136e-01,7.244397669062556666e-01,4.946395336631425010e+01
2.624895683503599697e-01,2.203340990395764865e-01,2.341049802295501192e-01,2.788951663722573082e-01,7.260453505569093302e-01,4.949233562158466526e+01
2.556060661372163145e-01,2.136698885961642869e-01,2.270242566334244594e-01,2.715814452707925319e-01,7.302439759457906021e-01,4.944684578774136696e+01
2.411152570375117710e-01,2.083672415232467878e-01,2.213901941184498734e-01,2.561849606023561265e-01,7.330302608061314285e-01,4.929893905588550496e+01
2.278656189448717562e-01,2.063637670018170778e-01,2.192615024394305723e-01,2.421072201289263814e-01,7.343284895592461226e-01,4.920247290497036374e+01
2.170128946689966754e-01,2.044786176816635603e-01,2.172585312867675034e-01,2.305762005858087993e-01,7.326145949569006222e-01,4.913276679486854448e+01
2.096254415338902333e-01,2.014401058863780070e-01,2.140301125042765040e-01,2.227270316297585706e-01,7.289283751969991565e-01,4.913807846113967770e+01
2.069913553286982510e-01,2.001064878710380190e-01,2.126131433629778189e-01,2.199283150367417061e-01,7.241568769950581519e-01,4.928040762105262473e+01
2.028167418710036252e-01,2.000336964302825704e-01,2.125358024571753213e-01,2.154927882379410187e-01,7.199844397503094573e-01,4.942914397972356966e+01
1.980630414334453304e-01,2.022202708097029233e-01,2.148590377353092884e-01,2.104419815230356705e-01,7.172056130916910632e-01,4.962899298391331371e+01
1.955969666034041987e-01,2.053378395456494643e-01,2.181714545172526443e-01,2.078217770161172318e-01,7.161833930142164073e-01,4.979314874596815343e+01
1.907537992560338624e-01,2.079732899517982292e-01,2.209716205737857764e-01,2.026759117095356111e-01,7.171887406101704610e-01,4.988166852757896663e+01
1.952445290989655580e-01,2.106718346936052866e-01,2.238388243619557072e-01,2.074473121676506659e-01,7.196751967879624345e-01,4.993092659979583203e+01
2.087648114912461217e-01,2.142435550202354266e-01,2.276337772090003542e-01,2.218126122094488395e-01,7.203800080612496881e-01,4.995928742110734788e+01
2.191889129454399343e-01,2.178043244707022208e-01,2.314170947501209830e-01,2.328882200045300777e-01,7.201622492916860407e-01,5.000017336833919757e+01
2.238576779671941352e-01,2.228778770534542986e-01,2.368077443692950534e-01,2.378487828401438242e-01,7.212799097900850498e-01,5.008334946690494860e+01
2.158566534455057528e-01,2.235052079046776219e-01,2.374742833987200652e-01,2.293476942858499457e-01,7.222979280770268629e-01,5.009166220658978119e+01
2.045291211467356596e-01,2.244240346352419646e-01,2.384505367999446013e-01,2.173121912184065030e-01,7.220763543793732309e-01,5.007493033427663676e+01
1.993462923958999045e-01,2.285232556922184854e-01,2.428059591729819500e-01,2.118054356706439711e-01,7.212003978514656133e-01,5.012184798400846830e+01
2.065871680444488767e-01,2.324058097122064237e-01,2.469311728192194744e-01,2.194988660472267372e-01,7.208616794557499707e-01,5.018410545422921842e+01
2.126845298931175354e-01,2.348284114866962813e-01,2.495051872046146757e-01,2.259773130114375306e-01,7.207966769030899057e-01,5.023480759068633716e+01
2.172337179160849507e-01,2.316816261046747705e-01,2.461617277362169731e-01,2.308108252858402376e-01,7.215266901775919672e-01,5.028065442501223714e+01
2.103093367339519404e-01,2.264757825343564068e-01,2.406305189427536684e-01,2.234536702798239349e-01,7.250346876408687580e-01,5.026391337820717808e+01
1.989450741524805000e-01,2.214119390296865886e-01,2.352501852190419795e-01,2.113791412870107134e-01,7.284146089448493289e-01,5.015338199618227577e+01
1.861325166171753087e-01,2.173326665340278019e-01,2.309159581924045412e-01,1.977657989057486354e-01,7.298648526104483114e-01,5.001608198815949180e+01
1.741305843687446508e-01,2.150294188464926537e-01,2.284687575243986024e-01,1.850137458917908706e-01,7.298227998540757211e-01,4.996843712181112096e+01
1.702996800296726065e-01,2.126906569785105283e-01,2.259838230396673808e-01,1.809434100315275296e-01,7.287190467406556849e-01,4.993386979068017695e+01
1.779501878619801081e-01,2.064232288239263025e-01,2.193246806254218473e-01,1.890720746033536792e-01,7.262329004031830015e-01,4.983776247047428853e+01
1.825879583223332381e-01,2.029969469912428215e-01,2.156842561781955603e-01,1.939997057174791539e-01,7.218593680743621288e-01,4.972165947353114746e+01
1.798310411264740227e-01,2.049522684757446034e-01,2.177617852554786237e-01,1.910704811968785277e-01,7.187893411458777804e-01,4.966209318954487628e+01
1.755828163190006064e-01,2.078392455876959533e-01,2.208291984369268046e-01,1.865567423389383195e-01,7.174515682696970265e-01,4.961638796770274951e+01
1.664093256308627478e-01,2.104782322558847452e-01,2.236331217718776632e-01,1.768099084827916001e-01,7.193478562069105520e-01,4.963631481730102735e+01
1.660366822949479459e-01,2.121813784109284062e-01,2.254427145616112460e-01,1.764139749383824007e-01,7.199950976091787913e-01,4.967414673631119371e+01
1.755496102482774212e-01,2.184718794820342258e-01,2.321263719496611533e-01,1.865214608887947600e-01,7.190304422477173940e-01,4.971221325123789114e+01
1.802918205204641910e-01,2.249367514078265406e-01,2.389952983708157341e-01,1.915600593029930798e-01,7.184969569708585801e-01,4.975709417734476858e+01
1.795012269042568220e-01,2.317620430682136023e-01,2.462471707599769577e-01,1.907200535857728751e-01,7.186727576083105085e-01,4.982634180338570928e+01
1.835777211168311274e-01,2.364243948044786325e-01,2.512009194797585887e-01,1.950513286866328022e-01,7.175381441883665889e-01,4.989142945498105064e+01
1.854658878851606907e-01,2.426841419461341909e-01,2.578519008177674876e-01,1.970575058779832633e-01,7.159704048251001041e-01,4.998018028499340915e+01
1.857904928765843899e-01,2.494643715616305935e-01,2.650558947842325819e-01,1.974023986813708831e-01,7.149718539358896896e-01,5.009361499709200416e+01
1.887602223627794507e-01,2.518269642895111238e-01,2.675661495576054372e-01,2.005577362604532565e-01,7.150356687736870720e-01,5.020255642174871724e+01
1.912413882661706532e-01,2.516639561030612482e-01,2.673929533595025276e-01,2.031939750328062566e-01,7.156061394927069053e-01,5.028563350710952307e+01
1.938501890162323271e-01,2.484451708256108227e-01,2.639729940022113586e-01,2.059658258297468736e-01,7.163707876167144661e-01,5.034639937375742846e+01
1.921781529500063701e-01,2.400704606175563527e-01,2.550748644061536230e-01,2.041892875093815896e-01,7.187975596575774118e-01,5.036869515998274949e+01
1.821771133520476982e-01,2.331213561476086771e-01,2.476914409068340928e-01,1.935631829365506706e-01,7.213416553171985157e-01,5.029934603239440349e+01
1.703767756435636271e-01,2.272756132172306931e-01,2.414803390433075403e-01,1.810253241212863018e-01,7.232987595411202175e-01,5.020069971729806468e+01
1.585183144344040063e-01,2.210606503294096081e-01,2.348769409749975889e-01,1.684257090865543260e-01,7.235326469268053007e-01,5.020014460430908088e+01
1.536579281858984347e-01,2.157003151916034034e-01,2.291815848910785935e-01,1.632615486975169672e-01,7.218239710505117701e-01,5.021186031443919973e+01
1.599775381097320037e-01,2.076845761344611463e-01,2.206648621428651258e-01,1.699761342415898602e-01,7.223304131351805379e-01,5.019519460166678471e+01
1.615865199405605301e-01,2.059649637372181485e-01,2.188377739707943748e-01,1.716856774368456517e-01,7.197542968386984041e-01,5.010728375833239312e+01
1.600492797127142652e-01,2.103833606567580838e-01,2.235323206978054589e-01,1.700523596947588201e-01,7.168906335196610913e-01,5.006131381620483012e+01
1.569151090177635099e-01,2.145925368137638900e-01,2.280045703646242372e-01,1.667223033313736669e-01,7.157294488535882460e-01,5.002539104031264117e+01
1.507048897763575424e-01,2.175881883013847107e-01,2.311874500702210955e-01,1.601239453873800345e-01,7.167477093639572638e-01,5.001430095091615158e+01
1.480013442254651812e-01,2.195389916210973846e-01,2.332601785974158792e-01,1.572514282395566787e-01,7.193549474931397736e-01,5.007209173388331891e+01
1.535110939335949110e-01,2.252500435604457285e-01,2.393281712829735397e-01,1.631055373044444923e-01,7.191556339426030675e-01,5.014081994640815054e+01
1.604424723241567041e-01,2.317867078125838975e-01,2.462733770508702680e-01,1.704701268444167306e-01,7.185417877396472752e-01,5.025421804528413361e+01
1.597334947303227504e-01,2.393116747330027716e-01,2.542686544038154084e-01,1.697168381509680801e-01,7.180544275344807881e-01,5.038499236933598269e+01
1.627268303461123500e-01,2.456838639548832026e-01,2.610391054520634357e-01,1.728972572427442955e-01,7.156928532112474262e-01,5.049501091501156935e+01
1.688052421135438352e-01,2.497805360848251444e-01,2.653918195901265875e-01,1.793555697456406250e-01,7.145347405618179826e-01,5.054557793831009604e+01
1.689616461812907811e-01,2.562167023651839570e-01,2.722302462630080688e-01,1.795217490676209171e-01,7.141386676203905770e-01,5.066379798128282630e+01
1.745185036505521314e-01,2.575773318811103163e-01,2.736759151236795029e-01,1.854259101287120126e-01,7.146750678277470348e-01,5.076609499834423644e+01
1.801751274950859905e-01,2.564670292197143708e-01,2.724962185459465780e-01,1.914360729635287417e-01,7.158264503625115793e-01,5.084167623115639145e+01
1.813146626931385341e-01,2.540871011347792807e-01,2.699675449557029649e-01,1.926468291114596665e-01,7.170065371286827860e-01,5.090731961856743482e+01
1.784166538073403419e-01,2.451808683035581193e-01,2.605046725725303491e-01,1.895676946702993249e-01,7.198106579353877876e-01,5.095329919761571347e+01
1.692614393148320073e-01,2.377125876071221888e-01,2.525696243325673551e-01,1.798402792720087962e-01,7.226925155594980943e-01,5.092907358225790659e+01
1.559431295363565284e-01,2.337612037883630700e-01,2.483712790251357272e-01,1.656895751323788080e-01,7.243064297662318296e-01,5.084944058979535697e+01
1.443286460625557432e-01,2.302366502389870950e-01,2.446264408789238509e-01,1.533491864414654460e-01,7.236368145780019967e-01,5.079843787382239384e+01
1.376538469684888133e-01,2.253731538897998377e-01,2.394589760079124108e-01,1.462572124040192878e-01,7.216662573232613953e-01,5.080446179285587505e+01
1.442748342741258238e-01,2.180701047080136623e-01,2.316994862522646359e-01,1.532920114162586167e-01,7.209176226084365036e-01,5.073361034854420382e+01
1.466595256758027321e-01,2.149769710606319051e-01,2.284130317519214859e-01,1.558257460305402797e-01,7.176345771566128295e-01,5.058013068142158630e+01
1.440855044536552831e-01,2.164101746094567735e-01,2.299358105225478566e-01,1.530908484820090176e-01,7.155605272042716569e-01,5.048374043003545353e+01
1.380615733238397536e-01,2.189215478128392900e-01,2.326041445511419226e-01,1.466904216565794727e-01,7.148561574331040447e-01,5.043747345269289895e+01
1.262779139113268390e-01,2.210091713531414370e-01,2.348222445627127231e-01,1.341702835307848618e-01,7.169273887776227427e-01,5.047197981398123545e+01
1.242310517079071863e-01,2.245525737334541638e-01,2.385871095917950213e-01,1.319954924396514739e-01,7.178061501713237647e-01,5.051048394342165437e+01
1.335951213670869830e-01,2.287062389870970491e-01,2.430003789237906719e-01,1.419448164525296818e-01,7.175407144268256543e-01,5.053689460866773686e+01
1.398893514278302941e-01,2.342763748439601335e-01,2.489186482717077042e-01,1.486324358920695088e-01,7.179770027342202710e-01,5.064109964730245395e+01
1.422211510641938625e-01,2.407818271721738346e-01,2.558306913704346264e-01,1.511099730057060553e-01,7.178071032170282306e-01,5.075160324037179294e+01
1.496295912065823408e-01,2.442614786832929263e-01,2.595278211009986458e-01,1.589814406569936278e-01,7.154878811942316785e-01,5.085557949049564286e+01
1.545698839627341337e-01,2.485475776424011796e-01,2.640818012450513730e-01,1.642305017104045972e-01,7.126497384553602821e-01,5.097650712313607357e+01
1.582350639435312623e-01,2.525628647199491539e-01,2.683480437649459760e-01,1.681247554400018829e-01,7.110658687350417395e-01,5.111032731738295354e+01
1.646326919088169916e-01,2.532745205679633460e-01,2.691041781034611557e-01,1.749222351531177500e-01,7.114070341765710292e-01,5.122685566057577233e+01
1.700626936852156768e-01,2.523017902706065074e-01,2.680706521625193517e-01,1.806916120405415993e-01,7.117137788330595294e-01,5.131745072790420181e+01
1.709616734997340404e-01,2.508713183466602104e-01,2.665507757433264180e-01,1.816467780934676868e-01,7.121423375618419760e-01,5.138363492052781112e+01
1.700098460879946316e-01,2.427194866443581900e-01,2.578894545596306376e-01,1.806354614684939908e-01,7.136895748432463549e-01,5.142395209453719929e+01
1.616101952154963550e-01,2.363343780358214963e-01,2.511052766630603728e-01,1.717108324164649813e-01,7.171142317661780563e-01,5.137523144697002664e+01
1.475064145416454808e-01,2.335611337344425664e-01,2.481587045928453361e-01,1.567255654504983442e-01,7.193453548361318228e-01,5.131556107348108497e+01
1.391228257768014065e-01,2.335255115903275003e-01,2.481208560647229777e-01,1.478180023878511162e-01,7.206479274310768623e-01,5.131628398842514116e+01
1.365847812954835705e-01,2.350882622915608233e-01,2.497812786847831701e-01,1.451213301264516198e-01,7.209809752318133702e-01,5.136938506796233384e+01
1.490676644605054835e-01,2.310127599121120923e-01,2.454510574066190998e-01,1.583843934892871230e-01,7.199454114529784121e-01,5.136469181128109796e+01
1.586755789047715470e-01,2.271299818137349769e-01,2.413256056770934355e-01,1.685928025863193958e-01,7.171592651461681234e-01,5.131805159951419881e+01
1.596698789882334546e-01,2.253880740931827331e-01,2.394748287240066886e-01,1.696492464249979848e-01,7.159267725670946936e-01,5.134346281631715669e+01
1.553836167499748344e-01,2.246629266475679565e-01,2.387043595630410353e-01,1.650950927968481141e-01,7.165174100818202385e-01,5.139203916705079678e+01
1.478666171178566191e-01,2.265100493070298648e-01,2.406669273887192539e-01,1.571082806877223681e-01,7.187506937931791295e-01,5.143210832415107348e+01
1.479090258842435390e-01,2.318546384583225206e-01,2.463455533619676174e-01,1.571533400020088400e-01,7.184315465413079194e-01,5.147369732304962753e+01
1.547256887078686804e-01,2.345950130938112554e-01,2.492572014121743340e-01,1.643960442521103515e-01,7.185503935012155230e-01,5.149780739916542416e+01
1.568526424105711470e-01,2.396939792312167694e-01,2.546748529331679389e-01,1.666559325612316234e-01,7.190135102766779251e-01,5.155475653849443773e+01
1.585121137489950982e-01,2.436367625154719496e-01,2.588640601726888701e-01,1.684191208583075972e-01,7.176940704784292580e-01,5.162534323557989069e+01
1.600126208820477347e-01,2.435421932619095675e-01,2.587635803407789536e-01,1.700134096871758760e-01,7.137043693596958338e-01,5.171279210621839439e+01
1.460625825257436117e-01,2.489288808026475508e-01,2.644869358528130210e-01,1.551914939336023203e-01,7.092139898459799419e-01,5.178084163456768607e+01
1.347012258818197361e-01,2.548229215192512331e-01,2.707493541142043658e-01,1.431200524994334367e-01,7.044184626843382757e-01,5.187990801717850786e+01
1.353884912355521608e-01,2.553576757227295491e-01,2.713175304554001910e-01,1.438502719377740546e-01,7.024658560796820383e-01,5.194744179057590827e+01
1.383356513818660427e-01,2.545909412856744991e-01,2.705028751160291622e-01,1.469816295932326877e-01,7.017359281790179759e-01,5.200758798867333610e+01
1.386487186181436793e-01,2.519929296411374531e-01,2.677424877437086237e-01,1.473142635317775395e-01,7.021034811730674230e-01,5.205672512216373349e+01
1.386335345797688190e-01,2.459816482565393148e-01,2.613555012725729543e-01,1.472981304910044864e-01,7.044132345749626323e-01,5.207052381365890881e+01
1.296165717708300524e-01,2.407501570343414943e-01,2.557970418489877718e-01,1.377176075065069394e-01,7.076848212134503324e-01,5.208926784577482749e+01
1.181354072419621148e-01,2.424187181639001210e-01,2.575698880491438802e-01,1.255188701945844643e-01,7.093669843004591913e-01,5.216942326950983500e+01
1.119130303641329566e-01,2.424232214282302511e-01,2.575746727674945169e-01,1.189075947618913887e-01,7.102171609079881431e-01,5.222812310312835393e+01
1.163374136776713919e-01,2.407282321550278936e-01,2.557737466647171942e-01,1.236085020325257827e-01,7.111889478631572281e-01,5.231301096041894283e+01
1.313746398567205986e-01,2.363645122197162718e-01,2.511372942334483271e-01,1.395855548477659136e-01,7.111258293173641221e-01,5.234177024286775293e+01
1.400109652532460225e-01,2.336250674434873498e-01,2.482266341587054392e-01,1.487616505815738122e-01,7.109967368257972264e-01,5.231708819904811492e+01
1.412249825484077070e-01,2.336460147697772549e-01,2.482488906928882189e-01,1.500515439576835253e-01,7.113213538036924355e-01,5.227308977868873541e+01
1.387693048554548281e-01,2.347978991759698264e-01,2.494727678744679267e-01,1.474423864089207670e-01,7.116233291338288636e-01,5.223548207145374533e+01
1.341651249058909146e-01,2.344987849170551142e-01,2.491549589743708715e-01,1.425504452125092858e-01,7.136596554605397769e-01,5.225330127081782905e+01
1.318893758071910671e-01,2.387080241093265942e-01,2.536272756161593867e-01,1.401324617951408003e-01,7.133708568220716861e-01,5.230876306685226496e+01
1.354045581736279258e-01,2.417131753220735646e-01,2.568202487797032196e-01,1.438673430594795966e-01,7.133454811297745835e-01,5.234544626617340413e+01
1.383287722687918941e-01,2.455114646142108337e-01,2.608559311525989743e-01,1.469743205355914517e-01,7.129406886220895911e-01,5.240591989350237867e+01
1.430572556214821656e-01,2.471326922825602679e-01,2.625784855502202864e-01,1.519983340978245945e-01,7.105300225934371161e-01,5.245941596487188008e+01
1.393011664926877280e-01,2.499116259790884476e-01,2.655311026027812882e-01,1.480074893984807405e-01,7.055267326533324335e-01,5.251264234730039959e+01
1.218294297208173532e-01,2.568877764445980372e-01,2.729432624723854839e-01,1.294437690783685480e-01,7.004055876566721572e-01,5.258732148594294387e+01
1.131197195853069770e-01,2.604858228875586712e-01,2.767661868180311124e-01,1.201897020593883786e-01,6.946794162035245801e-01,5.265072853286527987e+01
1.133188465721273186e-01,2.610760662485674399e-01,2.773933203891028043e-01,1.204012744828853593e-01,6.923834396100523314e-01,5.270351512873219235e+01
1.169462272138316328e-01,2.603210359008310548e-01,2.765911006446330478e-01,1.242553664146958808e-01,6.919676227752675768e-01,5.275588485487406842e+01
1.176012415635067088e-01,2.588647250672562183e-01,2.750437703839596071e-01,1.249513191612256491e-01,6.921076299374303575e-01,5.279993014351872205e+01
1.195793606050279262e-01,2.532809843307451958e-01,2.691110458514167636e-01,1.270530706428421586e-01,6.941380298067361121e-01,5.283207391374438089e+01
1.157375593602270880e-01,2.480216435612549730e-01,2.635229962838334661e-01,1.229711568202410676e-01,6.983182340159641566e-01,5.282087946741208384e+01
1.077680215511711559e-01,2.491138618783748093e-01,2.646834782457732071e-01,1.145035228981193948e-01,7.003494193930106526e-01,5.286395806870890368e+01
1.019193387035279008e-01,2.503372161724757294e-01,2.659832921832553376e-01,1.082892973724983304e-01,7.009812165206898982e-01,5.296250506528760127e+01
1.075373429415239501e-01,2.483237034897489703e-01,2.638439349578580728e-01,1.142584268753695370e-01,7.024410133689534819e-01,5.307144103755054942e+01
1.165467764930230576e-01,2.466833165219313451e-01,2.621010238045520246e-01,1.238309500238371774e-01,7.031286263490855726e-01,5.313384938355579123e+01
1.255505481237842447e-01,2.433223233611726821e-01,2.585299685712458273e-01,1.333974573815209230e-01,7.038311678521880221e-01,5.308686874616768847e+01
1.282023618903653239e-01,2.427852111001062851e-01,2.579592867938629297e-01,1.362150095085134516e-01,7.049518172242470460e-01,5.302102445360651473e+01
1.281136799415781569e-01,2.424196284371351318e-01,2.575708552144560515e-01,1.361207849379269808e-01,7.057102232136861497e-01,5.298114614480049056e+01
1.269858394982076588e-01,2.416184552093105509e-01,2.567196086598924065e-01,1.349224544668457537e-01,7.071294573764369540e-01,5.297283142808222323e+01
1.244973528256918954e-01,2.446899210099203748e-01,2.599830410730404884e-01,1.322784373772975253e-01,7.083202549425686723e-01,5.297914948550992165e+01
1.291001326859653464e-01,2.472301438762737891e-01,2.626820278685408905e-01,1.371688909788379152e-01,7.081143477540361442e-01,5.300749155967954351e+01
1.329754150867601126e-01,2.509564015138909809e-01,2.666411766085091672e-01,1.412863785296823993e-01,7.069436810416486194e-01,5.304899214005293118e+01
1.363534058761753653e-01,2.538967297784803234e-01,2.697652753896354616e-01,1.448754937434362511e-01,7.030994190144947975e-01,5.306991450442750846e+01
1.327655023185371486e-01,2.544236854985983398e-01,2.703251658422607950e-01,1.410633462134456284e-01,6.982134618673278004e-01,5.308399859314947378e+01
1.216235169555914264e-01,2.587472826451621688e-01,2.749189878104848495e-01,1.292249867653156026e-01,6.939087359051971937e-01,5.309081389962777564e+01
1.127849413392295191e-01,2.625385931706356590e-01,2.789472552438004849e-01,1.198340001729311100e-01,6.892130449508960810e-01,5.312630054712676042e+01
1.118155159225671241e-01,2.632830918271826248e-01,2.797382850663815979e-01,1.188039856677273881e-01,6.883788591803879919e-01,5.320867087845127941e+01
1.147784944150437580e-01,2.626073117127488143e-01,2.790202686947957367e-01,1.219521503159836512e-01,6.881554095232778057e-01,5.330019887395091871e+01
1.151796901678564661e-01,2.605519712376010988e-01,2.768364694399510495e-01,1.223784208033475013e-01,6.898601008021767456e-01,5.337471037381015293e+01
1.173339026596011553e-01,2.551485541392098377e-01,2.710953387729104214e-01,1.246672715758263272e-01,6.921453820174670035e-01,5.341041758362922565e+01
1.183622709385577232e-01,2.509760727648970291e-01,2.666620773127031940e-01,1.257599128722173276e-01,6.939914093811048179e-01,5.341170615218002382e+01
1.100196840833026074e-01,2.504470357113984247e-01,2.660999754433607256e-01,1.168959143385090022e-01,6.965311745912339259e-01,5.336786300521381321e+01
1.039185034921979722e-01,2.519573354061496739e-01,2.677046688690341569e-01,1.104134099604602431e-01,6.978118810916856818e-01,5.336946300806299348e+01
1.097347237594939739e-01,2.501708424463665037e-01,2.658065200992645316e-01,1.165931439944624393e-01,6.993151195497430139e-01,5.342679673444664701e+01
1.182983793766866909e-01,2.476943966446964462e-01,2.631752964349900470e-01,1.256920280877298068e-01,7.014479031871151404e-01,5.349446935425304162e+01
1.233757113061762917e-01,2.444757314968591944e-01,2.597554647154128871e-01,1.310866932628124149e-01,7.014739283081870003e-01,5.351620986930799972e+01
1.254340557145211810e-01,2.425586904768225749e-01,2.577186086316240465e-01,1.332736841966787600e-01,7.022175397503500616e-01,5.348391484442118582e+01
1.242169299396058274e-01,2.423095018986762272e-01,2.574538457673434255e-01,1.319804880608313746e-01,7.027797319383921604e-01,5.346562935332924127e+01
1.222259379610373953e-01,2.428636120295798728e-01,2.580425877814286340e-01,1.298650590836023799e-01,7.034063974200768232e-01,5.345038436369829071e+01
1.182303500895549309e-01,2.487321242972934943e-01,2.642778820658744920e-01,1.256197469701521297e-01,7.025572172677282401e-01,5.345262381410777408e+01
1.211559487902836990e-01,2.546554798441272860e-01,2.705714473343852622e-01,1.287281955896764640e-01,6.996789365550865059e-01,5.347551546758413821e+01
1.250428684647625632e-01,2.601805166100306099e-01,2.764417988981575647e-01,1.328580477438101315e-01,6.961809215789860339e-01,5.351256519791137123e+01
1.246972867171158988e-01,2.623479389658815997e-01,2.787446851512492829e-01,1.324908671369355029e-01,6.915248212707277853e-01,5.357033015199716885e+01
1.169527418068365965e-01,2.646846119677044862e-01,2.812274002156859853e-01,1.242622881697641457e-01,6.873126994187764849e-01,5.360880915422738724e+01
1.109453028518314760e-01,2.664672894527366775e-01,2.831214950435328448e-01,1.178793842800707342e-01,6.827717895230712708e-01,5.359641522463140717e+01
1.033341219198110894e-01,2.695041598217297607e-01,2.863481698105879159e-01,1.097925045397991212e-01,6.779111471546201972e-01,5.363273958900686011e+01
1.050588803219794365e-01,2.687188002230467831e-01,2.855137252369870926e-01,1.116250603421033855e-01,6.771802803730364584e-01,5.370181221130103211e+01
1.107371004707141532e-01,2.665777411243232531e-01,2.832388499445934182e-01,1.176581692501336568e-01,6.768134300350217014e-01,5.377507168563452922e+01
1.131707905555602994e-01,2.656760585437200617e-01,2.822808122027025690e-01,1.202439649652829179e-01,6.765706031210229066e-01,5.381770403304049921e+01
1.160948214434109893e-01,2.630981123002554267e-01,2.795417443190214013e-01,1.233507477836239818e-01,6.773445205550921999e-01,5.382369800490554468e+01
1.181004082257829935e-01,2.616517707851729879e-01,2.780050064592463621e-01,1.254816837398944618e-01,6.792984505322942068e-01,5.382105326435100068e+01
1.145401559897136073e-01,2.593184875812090673e-01,2.755258930550346652e-01,1.216989157390706566e-01,6.825345711244874547e-01,5.386652716333899349e+01
1.099442963752611385e-01,2.535470542970093555e-01,2.693937451905724645e-01,1.168158148987150230e-01,6.872435963087903943e-01,5.388763701048137023e+01
1.160835787059519009e-01,2.502072849043560088e-01,2.658452402108783530e-01,1.233388023750737889e-01,6.923804487837854627e-01,5.392940239453115225e+01
1.229440286551416600e-01,2.486582825863842550e-01,2.641994252480333039e-01,1.306280304460880337e-01,6.947800219334628880e-01,5.402921169237814070e+01
1.244129385438795671e-01,2.460838584381568050e-01,2.614640995905417320e-01,1.321887472028721588e-01,6.966406683644494890e-01,5.410370687941001222e+01
1.238198631728518601e-01,2.454748823324779394e-01,2.608170624782579217e-01,1.315586046211547622e-01,6.976411926411579811e-01,5.407697072178400077e+01
1.213908751195177521e-01,2.453641064077595468e-01,2.606993630582447041e-01,1.289778048144878120e-01,6.979957634525740806e-01,5.407145205865214876e+01
1.201499796332647918e-01,2.458828771393129775e-01,2.612505569605201305e-01,1.276593533603439801e-01,6.984246610573853209e-01,5.407230002971464700e+01
1.208700064025321208e-01,2.518801535415371440e-01,2.676226631378832987e-01,1.284243818026901407e-01,6.965889494009114280e-01,5.409576479927373782e+01
1.212034620805803320e-01,2.582429793773989846e-01,2.743831655884862997e-01,1.287786784606167190e-01,6.935270083344422520e-01,5.413621842444574384e+01
1.271656484069724757e-01,2.625294179813031370e-01,2.789375066051346108e-01,1.351135014324084671e-01,6.895925289044116946e-01,5.416650917016954736e+01
1.250438666228190498e-01,2.648829405695034556e-01,2.814381243550975187e-01,1.328591082867453255e-01,6.839084820061517300e-01,5.419790859266315408e+01
1.219686829217253576e-01,2.641719686604310224e-01,2.806827167017080238e-01,1.295917256043331856e-01,6.799781018258224119e-01,5.420129090711842679e+01
1.169638213662098913e-01,2.645506406157029367e-01,2.810850556541842349e-01,1.242740602015979801e-01,6.757197751868136981e-01,5.421690193052024398e+01
1.140714163912048551e-01,2.662967619354683069e-01,2.829403095564351212e-01,1.212008799156549521e-01,6.723943262945933919e-01,5.428662298753997817e+01
1.158449008827253796e-01,2.668868164419506694e-01,2.835672424695727112e-01,1.230852071878959508e-01,6.724753377400857213e-01,5.436998400363832218e+01
1.210910582603147712e-01,2.657045065541552287e-01,2.823110382137900554e-01,1.286592494015846022e-01,6.723573473052272265e-01,5.443248100270340473e+01
1.230864858068601853e-01,2.650873317215640679e-01,2.816552899541615584e-01,1.307793911697889278e-01,6.717083438758766345e-01,5.446099659988797015e+01
1.264917710409699803e-01,2.617570482491000106e-01,2.781168637646687092e-01,1.343975067310309024e-01,6.728660360143163821e-01,5.445761697315557370e+01
1.300766192709438829e-01,2.607042247561841553e-01,2.769982388034457621e-01,1.382064079753778651e-01,6.740680176035377391e-01,5.445339413443088716e+01
1.321142566177960775e-01,2.620498783022580658e-01,2.784279956961492331e-01,1.403713976564083532e-01,6.751475571224572203e-01,5.453713202225857515e+01
1.337126028548842049e-01,2.591844280700899561e-01,2.753834548244704639e-01,1.420696405333146672e-01,6.794492176926819615e-01,5.462441904089472189e+01
1.354945434098926427e-01,2.539213684156519379e-01,2.697914539416300661e-01,1.439629523730111826e-01,6.850112445617273504e-01,5.466172807324508653e+01
1.367949463996443737e-01,2.482040197737414855e-01,2.637167710096005036e-01,1.453446305496220448e-01,6.910550304298300750e-01,5.473121951792972339e+01
1.347431407765021516e-01,2.435869898377076848e-01,2.588111767025643717e-01,1.431645870750336280e-01,6.953068531071868730e-01,5.475066034024138872e+01
1.308705137968357024e-01,2.428179757181859744e-01,2.579940992005725353e-01,1.390499209091381749e-01,6.965617120373095439e-01,5.473256472820373375e+01
1.261923195275784504e-01,2.432370066896785143e-01,2.584393196077833244e-01,1.340793394980522857e-01,6.970704006398046326e-01,5.470690501964246977e+01
1.227480895108491316e-01,2.429088650777568581e-01,2.580906691451166912e-01,1.304198451052773211e-01,6.982204834716244646e-01,5.470760160614293710e+01
1.229307283457495847e-01,2.452082391459218802e-01,2.605337540925420914e-01,1.306138988673585799e-01,6.982440922723708310e-01,5.474897865143508113e+01
1.270917763024307645e-01,2.481362286712982534e-01,2.636447429632541861e-01,1.350350123213328590e-01,6.959504302962213895e-01,5.479199275372099720e+01
1.338927628995519592e-01,2.508057384266085821e-01,2.664810970782716670e-01,1.422610605807738682e-01,6.912818787738889137e-01,5.479057654659494858e+01
1.325384651150367521e-01,2.560649656933411400e-01,2.720690260491750445e-01,1.408221191847262299e-01,6.852238906405374586e-01,5.481258868994922295e+01
1.257760382243923170e-01,2.595888861724036101e-01,2.758131915581787941e-01,1.336370406134167188e-01,6.786710529045918427e-01,5.484036923862699808e+01
1.132473599264762487e-01,2.634994648793814731e-01,2.799681814343427666e-01,1.203253199218809744e-01,6.721588272345468962e-01,5.487649156491395530e+01
1.069960961351409112e-01,2.661718678225966639e-01,2.828076095615089103e-01,1.136833521435874073e-01,6.677681137428356228e-01,5.495786259337845792e+01
1.121044209249291435e-01,2.664410441966211796e-01,2.830936094589099339e-01,1.191109472327373936e-01,6.672288987054919573e-01,5.504197298416298167e+01
1.202899985517622283e-01,2.652324543960402625e-01,2.818094827957928761e-01,1.278081234612471750e-01,6.674486849496076291e-01,5.511490194354158945e+01
1.246057542596708395e-01,2.639983290432488805e-01,2.804982246084520847e-01,1.323936139008999868e-01,6.661662610112535354e-01,5.516284278953816056e+01
1.298419156496268823e-01,2.596905621985473589e-01,2.759212223359564509e-01,1.379570353777287706e-01,6.663085463560489696e-01,5.518095589934389267e+01
1.336339992850774927e-01,2.542129749468650113e-01,2.701012858810439288e-01,1.419861242403948343e-01,6.698390739626894907e-01,5.516301010865318943e+01
1.320726790439005482e-01,2.516247297667819072e-01,2.673512753772057104e-01,1.403272214841444765e-01,6.745656313949545124e-01,5.515061087026433739e+01
1.336057936511950428e-01,2.493681254805373282e-01,2.649536333230710361e-01,1.419561557543948804e-01,6.789012981879390951e-01,5.520303082002480721e+01
1.385318096934249066e-01,2.487236118237265425e-01,2.642688375627093578e-01,1.471900477992639789e-01,6.827044012146179508e-01,5.528193347789267875e+01
1.405866988817865704e-01,2.471209317114930748e-01,2.625659899434615308e-01,1.493733675618982293e-01,6.865820799812875075e-01,5.539740897384599094e+01
1.386895848208638815e-01,2.439205196567207357e-01,2.591655521352659308e-01,1.473576838721680216e-01,6.898945088085689514e-01,5.543786998614384487e+01
1.344785173861081373e-01,2.443852483289462307e-01,2.596593263495052817e-01,1.428834247227400989e-01,6.913909757850802418e-01,5.538468906583458562e+01
1.305618117229276898e-01,2.453098206737110154e-01,2.606416844658179244e-01,1.387219249556106704e-01,6.917228173102697442e-01,5.536073623248682196e+01
1.274793572429281374e-01,2.462675741897412673e-01,2.616592975766001139e-01,1.354468170706110142e-01,6.917739348034855906e-01,5.534545537035084806e+01
1.265671552665585675e-01,2.513744968576988037e-01,2.670854029113049477e-01,1.344776024707185214e-01,6.901157736291750888e-01,5.537237885299141027e+01
1.313404648346394310e-01,2.561973858781411706e-01,2.722097224955250527e-01,1.395492438868045360e-01,6.856819946058758664e-01,5.538380179563953476e+01
1.356538004448950008e-01,2.562172925350842956e-01,2.722308733185268559e-01,1.441321629727011500e-01,6.799459597248462828e-01,5.537532368052110598e+01
1.312054216896317571e-01,2.552002796647778737e-01,2.711502971438265464e-01,1.394057605452334037e-01,6.756792847291023252e-01,5.542205913440770360e+01
1.261783096683416205e-01,2.564473441126382536e-01,2.724753031196780473e-01,1.340644540226132997e-01,6.713232004297512434e-01,5.543416283106694209e+01
1.219549758484140406e-01,2.581503307435900063e-01,2.742847264150644060e-01,1.295771618389398305e-01,6.664411422194551626e-01,5.542877603833769484e+01
1.181385932694006269e-01,2.616221578076062815e-01,2.779735426705816081e-01,1.255222553487381765e-01,6.642480572970976826e-01,5.547586965200033404e+01
1.226054616907782668e-01,2.617349241994186282e-01,2.780933569618822543e-01,1.302683030464520109e-01,6.645830354435827703e-01,5.557334783685903545e+01
1.305152197674159797e-01,2.602499246067178640e-01,2.765155448946378103e-01,1.386724210028793536e-01,6.650630354961042379e-01,5.565756353976455983e+01
1.361312106081536688e-01,2.584561870424473828e-01,2.746096987326001049e-01,1.446394112711633928e-01,6.632170569303542651e-01,5.571845776523590388e+01
1.410390018349863273e-01,2.541645982919582547e-01,2.700498856852054930e-01,1.498539394496730126e-01,6.621441070479927582e-01,5.573044667655190665e+01
1.450121911862755908e-01,2.486278256832293587e-01,2.641670647884312162e-01,1.540754531354177892e-01,6.643252092087958971e-01,5.570753847988475371e+01
1.436043247822222646e-01,2.454428650237690523e-01,2.607830440877545453e-01,1.525795950811112134e-01,6.699084249626187093e-01,5.567157243728766502e+01
1.416845993375263346e-01,2.445651366489613177e-01,2.598504576895215301e-01,1.505398867961214027e-01,6.749505700312541379e-01,5.570176459579728601e+01
1.453826324523452007e-01,2.440325361401561033e-01,2.592845696489158303e-01,1.544690469806168087e-01,6.794371589392773636e-01,5.574999635045859492e+01
1.469011608022270654e-01,2.424929683745411235e-01,2.576487788979498483e-01,1.560824833523663524e-01,6.835669480222948957e-01,5.584189144846845210e+01
1.442816214545883657e-01,2.408610906907573401e-01,2.559149088589296461e-01,1.532992227955002063e-01,6.871258229583638855e-01,5.584451918212737809e+01
1.398470850666769516e-01,2.423286787425448785e-01,2.574742211639539646e-01,1.485875278833442281e-01,6.887260799030997527e-01,5.578506730107346101e+01
1.368887315157084061e-01,2.432545960014778907e-01,2.584580082515702260e-01,1.454442772354400393e-01,6.890237522219259114e-01,5.575290267257956600e+01
1.351292431473976596e-01,2.439180800131042215e-01,2.591629600139231382e-01,1.435748208441101625e-01,6.887919132719076964e-01,5.572935967270939983e+01
1.338428732804785304e-01,2.484306291429710656e-01,2.639575434644066965e-01,1.422080528605082494e-01,6.882819545252504279e-01,5.574287642402144627e+01
1.377620660521811369e-01,2.530756734518888051e-01,2.688929030426318034e-01,1.463721951804424770e-01,6.833896120253031281e-01,5.575657719203790208e+01
1.429529964327560798e-01,2.539750412358911524e-01,2.698484813131344362e-01,1.518875587098033053e-01,6.772199352563668118e-01,5.573957334896054761e+01
1.346820044131152860e-01,2.550289462528839701e-01,2.709682553936890725e-01,1.430996296889350816e-01,6.730996900283953144e-01,5.578820882285509697e+01
1.272520616098752611e-01,2.569324427774588027e-01,2.729907204510498842e-01,1.352053154604925533e-01,6.681438413456700642e-01,5.581006542641119950e+01
1.197955101657853377e-01,2.608467707662001644e-01,2.771496939390877268e-01,1.272827295511468892e-01,6.615762892077872159e-01,5.583034387826751299e+01
1.175986142656229444e-01,2.635804413072300179e-01,2.800542188889318940e-01,1.249485276572243342e-01,6.573985775210241522e-01,5.591429394120640950e+01
1.224470401389610302e-01,2.639707223935589542e-01,2.804688925431562119e-01,1.300999801476461215e-01,6.574088167052690723e-01,5.601739581623780140e+01
1.318861198072834029e-01,2.626036222819937427e-01,2.790163486746184973e-01,1.401290022952386694e-01,6.587281370767678057e-01,5.609854737263633240e+01
1.383261240931487612e-01,2.612342419392040260e-01,2.775613820604040938e-01,1.469715068489705900e-01,6.571368145665019700e-01,5.614687077725934472e+01
1.448428028326809724e-01,2.567622051593849153e-01,2.728098429818463511e-01,1.538954780097236963e-01,6.563914822785573699e-01,5.614538120809950783e+01
1.507758771672008113e-01,2.505518102617290688e-01,2.662112984030869933e-01,1.601993694901511778e-01,6.599121372728971036e-01,5.611775240118836905e+01
1.510703274546093267e-01,2.465504825961106761e-01,2.619598877583675378e-01,1.605122229205223627e-01,6.662876450558103958e-01,5.609676519562720642e+01
1.468809938638220569e-01,2.450472570386368065e-01,2.603627106035517613e-01,1.560610559803106423e-01,6.728605338997467600e-01,5.609762013281748239e+01
1.510835889932651555e-01,2.444182389980088521e-01,2.596943789353842735e-01,1.605263133053442814e-01,6.773240072425125158e-01,5.614083927658401052e+01
1.530290964009123067e-01,2.422397403042658437e-01,2.573797240732823566e-01,1.625934149259692096e-01,6.810661065339029818e-01,5.623666872036110220e+01
1.489302845464452463e-01,2.399888555865744566e-01,2.549881590607353532e-01,1.582384273305981748e-01,6.848599993778463624e-01,5.625374482802695297e+01
1.447984907439846536e-01,2.386339679330133912e-01,2.535485909288267559e-01,1.538483964154834793e-01,6.866673783227166261e-01,5.623185157937016498e+01
1.414668407431336761e-01,2.388780847028895704e-01,2.538079649968203455e-01,1.503085182895795568e-01,6.870431106655541242e-01,5.621755845785602901e+01
1.397115232068229518e-01,2.401707188044942820e-01,2.551813887297751382e-01,1.484434934072492440e-01,6.860803870445013608e-01,5.622825254546167173e+01
1.377441836339853287e-01,2.448501829053793544e-01,2.601533193369655050e-01,1.463531951111093077e-01,6.854077210478235482e-01,5.626592242578387726e+01
1.407378929303489401e-01,2.497111889485932046e-01,2.653181382578803094e-01,1.495340112384957454e-01,6.805704511837530335e-01,5.630032618743784667e+01
1.462604643825496376e-01,2.513482317049787751e-01,2.670574961865399000e-01,1.554017434064589864e-01,6.745095092868456099e-01,5.630000796243100325e+01
1.454200410371501717e-01,2.514476476388518567e-01,2.671631256162799728e-01,1.545087936019721719e-01,6.684439930549542774e-01,5.632413282503347318e+01
1.374153895158901351e-01,2.531182494038684561e-01,2.689381399916101478e-01,1.460038513606332911e-01,6.646817854138294956e-01,5.638696458620207608e+01
1.296765541085526663e-01,2.559525435229904611e-01,2.719495774931773302e-01,1.377813387403371559e-01,6.609636904501965393e-01,5.644011017993386048e+01
1.285308211477995954e-01,2.590667364263818939e-01,2.752584074530305958e-01,1.365639974695372072e-01,6.572864081453634322e-01,5.650189017563759819e+01
1.362411777168014426e-01,2.590793485763083770e-01,2.752718078623274667e-01,1.447562513241019977e-01,6.564827459378903551e-01,5.658759381434310143e+01
1.453281933158204753e-01,2.579108126745240370e-01,2.740302384666816748e-01,1.544112053980591925e-01,6.568559929374927497e-01,5.666486189289800990e+01
1.492250749153529454e-01,2.573182145970909218e-01,2.734006030094089934e-01,1.585516420975626173e-01,6.567033534374733250e-01,5.670883115469847269e+01
1.530764386833338153e-01,2.539578361700349229e-01,2.698302009306620119e-01,1.626437161010421961e-01,6.559303080768414951e-01,5.671987857731188143e+01
1.580897296722436063e-01,2.478272369387677920e-01,2.633164392474407478e-01,1.679703377767590156e-01,6.590902165037128002e-01,5.670439949407510483e+01
1.562248204697175014e-01,2.437865537388411719e-01,2.590232133475186549e-01,1.659888717490745902e-01,6.665814962694556201e-01,5.667710023712172074e+01
1.540394108896410152e-01,2.419245244318582733e-01,2.570448072088494240e-01,1.636668740702433567e-01,6.732817324374560375e-01,5.664891884518731757e+01
1.579571921048446570e-01,2.425381529122285773e-01,2.576967874692430160e-01,1.678295166113975279e-01,6.778508133998968344e-01,5.671278988129655829e+01
1.564958377866488837e-01,2.437139459427013766e-01,2.589460675641199749e-01,1.662768276483145014e-01,6.819678644077492580e-01,5.678520665443262061e+01
1.518658496840741556e-01,2.425136626932951622e-01,2.576707666116260231e-01,1.613574652893287886e-01,6.859062796494966863e-01,5.677325093337444173e+01
1.479622587040661241e-01,2.411617127127189675e-01,2.562343197572639619e-01,1.572098998730702135e-01,6.864490761775221550e-01,5.677101099338906920e+01
1.454731283990609025e-01,2.411802689670457245e-01,2.562540357774859556e-01,1.545651989240025559e-01,6.863437008310385723e-01,5.675833578100904475e+01
1.430718646429978980e-01,2.421996247831348925e-01,2.573371013320807643e-01,1.520138561831854973e-01,6.857467755794128816e-01,5.675125870089368618e+01
1.408023117081571018e-01,2.470287954795076790e-01,2.624680951969770026e-01,1.496024561899168270e-01,6.850495966934827541e-01,5.676847650434178405e+01
1.403080687684745420e-01,2.538189065920660181e-01,2.696825882540699326e-01,1.490773230665042304e-01,6.798949245793062257e-01,5.677332526109955779e+01
1.457725020611553568e-01,2.566137610443308681e-01,2.726521211096015751e-01,1.548832834399775649e-01,6.733365742735560877e-01,5.675180962625679371e+01
1.467977599962277668e-01,2.522681713148781091e-01,2.680349320220580256e-01,1.559726199959918236e-01,6.677567220259034153e-01,5.675262273348572251e+01
1.463431020972876251e-01,2.508282378524171463e-01,2.665050027181931624e-01,1.554895459783679212e-01,6.627899616030337171e-01,5.677637505188768330e+01
1.443402788209451615e-01,2.505013052223336589e-01,2.661576367987295577e-01,1.533615462472542046e-01,6.586207789968873128e-01,5.683435977069616030e+01
1.434543200542005570e-01,2.543245475909251541e-01,2.702198318153578582e-01,1.524202150575879877e-01,6.562448976238143272e-01,5.691618250613645813e+01
1.522761391010139798e-01,2.547538737478272086e-01,2.706759908570661732e-01,1.617933977948275426e-01,6.559611493108806757e-01,5.698522830844518694e+01
1.600579850969587881e-01,2.542996176560778365e-01,2.701933437595827603e-01,1.700616091655187401e-01,6.561681154062328769e-01,5.703660247855670917e+01
1.633491553660223194e-01,2.535137003576359849e-01,2.693583066299883866e-01,1.735584775763987231e-01,6.557142526008469252e-01,5.706047752148064944e+01
1.684066227080706080e-01,2.494421862605921414e-01,2.650323229018791693e-01,1.789320366273252638e-01,6.543612497950195284e-01,5.705810321723665623e+01
1.727361831290347705e-01,2.456611083135508411e-01,2.610149275831476490e-01,1.835321945745994054e-01,6.555931834750253762e-01,5.704026288588945448e+01
1.748691634974764708e-01,2.456462746656506158e-01,2.609991668322536040e-01,1.857984862160686756e-01,6.589064789577956383e-01,5.706570646696048499e+01
1.730329757980925698e-01,2.485911596205791219e-01,2.641281070968654054e-01,1.838475367854734976e-01,6.643195806501285272e-01,5.712462782899909541e+01
1.696901160994683522e-01,2.496028111314305409e-01,2.652029868271448265e-01,1.802957483556851814e-01,6.699216768193572147e-01,5.723729501029625055e+01
1.664855754653996045e-01,2.465717741974388921e-01,2.619825100847787969e-01,1.768909239319871041e-01,6.764266594298952162e-01,5.726783823496047177e+01
1.611054550336159519e-01,2.425314180251683105e-01,2.576896316517413021e-01,1.711745459732171293e-01,6.814002658217265251e-01,5.726184936730734876e+01
1.568008096673595697e-01,2.398410128434710353e-01,2.548310761461878848e-01,1.666008602715694786e-01,6.828502565102504418e-01,5.726504753529587077e+01
1.545489808247860197e-01,2.372331495573236082e-01,2.520602214046564482e-01,1.642082921263353368e-01,6.830761853402312900e-01,5.726517463613900105e+01
1.526141929249535678e-01,2.350310500038311767e-01,2.497204906290708126e-01,1.621525799827631398e-01,6.833848527107683202e-01,5.729566140353770010e+01
1.501649934215482374e-01,2.368010523591855820e-01,2.516011181316347711e-01,1.595503055103949241e-01,6.841105425380448191e-01,5.734894014887978386e+01
1.496285929680760962e-01,2.417329336423917063e-01,2.568412419950411585e-01,1.589803800285810031e-01,6.816727037289733726e-01,5.736830191415906199e+01
1.564264107645288171e-01,2.449445985377873281e-01,2.602536359463991089e-01,1.662030614373116721e-01,6.755331709744684110e-01,5.733613025014128084e+01
1.580557104347440067e-01,2.424674012560854575e-01,2.576216138345906459e-01,1.679341923369156442e-01,6.690291640303365206e-01,5.737124131853843068e+01
1.573886404171437603e-01,2.407703313598728856e-01,2.558184770698648802e-01,1.672254304432153060e-01,6.625123092388723878e-01,5.739328550411394048e+01
1.562507820396470404e-01,2.422426003150610629e-01,2.573827628347521990e-01,1.660164559171251608e-01,6.575806970524042949e-01,5.740771202683352215e+01
1.551940060170448887e-01,2.455070388783165969e-01,2.608512288082115438e-01,1.648936313931102238e-01,6.541837842096684952e-01,5.748464241450320600e+01
1.619777098876304944e-01,2.470249001141278655e-01,2.624639563712607426e-01,1.721013167556072754e-01,6.529236678848185926e-01,5.754300994086963783e+01
1.673193888056668521e-01,2.477189324073902632e-01,2.632013656828520731e-01,1.777768506060212472e-01,6.523707244744543221e-01,5.759958824275004474e+01
1.717006706976490771e-01,2.470592647734431990e-01,2.625004688217832394e-01,1.824319626162522467e-01,6.506652893481001954e-01,5.762830751117164141e+01
1.761360147720958669e-01,2.430106000142950307e-01,2.581987625151885291e-01,1.871445156953519540e-01,6.492672464621828121e-01,5.761468265109716214e+01
1.809156067629694442e-01,2.363429252360892407e-01,2.511143580633447558e-01,1.922228321856548627e-01,6.524204681902157077e-01,5.758020483063483397e+01
1.769411366503355343e-01,2.326161566615572718e-01,2.471546664529045423e-01,1.879999576909816006e-01,6.599350444807554616e-01,5.754638948658725184e+01
1.709597242980088472e-01,2.348536844031230697e-01,2.495320396783183847e-01,1.816447070666344921e-01,6.671304672681490633e-01,5.757793005472779413e+01
1.686034721025585492e-01,2.404286868392306042e-01,2.554554797666823696e-01,1.791411891089686181e-01,6.720358530360810434e-01,5.765507608275983387e+01
1.691308592888498274e-01,2.402144363175701403e-01,2.552278385874183764e-01,1.797015379944031932e-01,6.767843882537764033e-01,5.766945839540557728e+01
1.655011335519734061e-01,2.393387939126428721e-01,2.542974685321829909e-01,1.758449543989719366e-01,6.806422359063635241e-01,5.768162875832715031e+01
1.621187597720913365e-01,2.383136268920771073e-01,2.532082285728318727e-01,1.722511822578471907e-01,6.815079136403029425e-01,5.769595858638381713e+01
1.609076220836413995e-01,2.360321641127379189e-01,2.507841743697839521e-01,1.709643484638689037e-01,6.813490967928763631e-01,5.772421378917403700e+01
1.588459378352094775e-01,2.322513641507651661e-01,2.467670744101881364e-01,1.687738089499101202e-01,6.820017933603532700e-01,5.779131263052959611e+01
1.565615185977937696e-01,2.312558620655890129e-01,2.457093534446884442e-01,1.663466135101557275e-01,6.826602915529883520e-01,5.786444461889318092e+01
1.563660615196084680e-01,2.355355332552677150e-01,2.502565040837218535e-01,1.661389403645838481e-01,6.804969978815709197e-01,5.787729345908243062e+01
1.626669615245364964e-01,2.386169088546211958e-01,2.535304656580351090e-01,1.728336466198198418e-01,6.745867038949544536e-01,5.784437737392342882e+01
1.650722110237412277e-01,2.367738384430372878e-01,2.515722033457269413e-01,1.753892242127252921e-01,6.678494707332077729e-01,5.787474641438696921e+01
1.639864408263623785e-01,2.352243198836881932e-01,2.499258398764186984e-01,1.742355933780101451e-01,6.617692475760517112e-01,5.793884258541012855e+01
1.620274673270547805e-01,2.349737886010214716e-01,2.496596503885853136e-01,1.721541840349959385e-01,6.573562789796172368e-01,5.799420817039847975e+01
1.612629615609320055e-01,2.369800935561534039e-01,2.517913494034127453e-01,1.713418966584902559e-01,6.550598231329427534e-01,5.804345464778556618e+01
1.636849427531798240e-01,2.397197502311182171e-01,2.547022346205630172e-01,1.739152516752535127e-01,6.545107011701900568e-01,5.810938800083680889e+01
1.656657209099001993e-01,2.414123255364365450e-01,2.565005958824637666e-01,1.760198284667691404e-01,6.541883695981928204e-01,5.815287088628696210e+01
1.668579797090968819e-01,2.418082344085362434e-01,2.569212490590698783e-01,1.772866034409153191e-01,6.534002942690989579e-01,5.816723972170456847e+01
1.693681366691484336e-01,2.383878592570119748e-01,2.532871004605751764e-01,1.799536452109700702e-01,6.514685778556159601e-01,5.814058447054053858e+01
1.714082023622665596e-01,2.338689988199941783e-01,2.484858112462436375e-01,1.821212150099083271e-01,6.542117643289951934e-01,5.809277196211751715e+01
1.687778730795452542e-01,2.344904561133452359e-01,2.491461096204293235e-01,1.793264901470168760e-01,6.622151763758530318e-01,5.805300538334697080e+01
1.688880531352745518e-01,2.415491920016456795e-01,2.566460165017485084e-01,1.794435564562290863e-01,6.682441766058643262e-01,5.808362879953574520e+01
1.704965399036783291e-01,2.445824635000934388e-01,2.598688674688491851e-01,1.811525736476582160e-01,6.732017785263122445e-01,5.818808321800227645e+01
1.731273473420166520e-01,2.428632409828651861e-01,2.580421935442942516e-01,1.839478065508927951e-01,6.769252640935173870e-01,5.821615367266893060e+01
1.722397516496655678e-01,2.404571320635326415e-01,2.554857028175034905e-01,1.830047361277696572e-01,6.796192653398965833e-01,5.816796895834640679e+01
1.707663763042895355e-01,2.384789955711904552e-01,2.533839327943898101e-01,1.814392748233076003e-01,6.798714212983274496e-01,5.818150916906945724e+01
1.710709379057249735e-01,2.358984845820571719e-01,2.506421398684358648e-01,1.817628715248329474e-01,6.791453191647790488e-01,5.820972837942294831e+01
1.705531844800221575e-01,2.360342878877542960e-01,2.507864308807388753e-01,1.812127585100235805e-01,6.773472540694488453e-01,5.821564877974567054e+01
1.703520944823139205e-01,2.387492526349294097e-01,2.536710809246127685e-01,1.809991003874584226e-01,6.742711776817913449e-01,5.821394897330921481e+01
1.698868465556821750e-01,2.455813675012822328e-01,2.609302029701123238e-01,1.805047744654124930e-01,6.695112077387105343e-01,5.817388793507620903e+01
1.713384037582207364e-01,2.472918176628916553e-01,2.627475562668224462e-01,1.820470539931094700e-01,6.643929884270353137e-01,5.815914802181702470e+01
1.684115994805762129e-01,2.435642938155243575e-01,2.587870621789946646e-01,1.789373244481122227e-01,6.592542818456819109e-01,5.822515213242095200e+01
1.647591130695051642e-01,2.404651563309467555e-01,2.554942286016307351e-01,1.750565576363491416e-01,6.545535667115452982e-01,5.832355467371978364e+01
1.633066455617182000e-01,2.380779551109687697e-01,2.529578273054042814e-01,1.735133109093254800e-01,6.506267959278382307e-01,5.836702650738084230e+01
1.652209613336532434e-01,2.388116588759559289e-01,2.537373875557031866e-01,1.755472714170066839e-01,6.474884363681305821e-01,5.833194388592885105e+01
1.693100903703749494e-01,2.394214763845627925e-01,2.543853186585979254e-01,1.798919710185229170e-01,6.469809020772697705e-01,5.834889332148138408e+01
1.719016400488664331e-01,2.398670151877412560e-01,2.548587036369750480e-01,1.826454925519205297e-01,6.469029730159175928e-01,5.836672857115006252e+01
1.718243136321568332e-01,2.405045772184963571e-01,2.555361132946523672e-01,1.825633332341665971e-01,6.472008849271556619e-01,5.837749910954291721e+01
1.707279805829901020e-01,2.391375592220900126e-01,2.540836566734705482e-01,1.813984793694269348e-01,6.463849231055505129e-01,5.835951810936176543e+01
1.776903224119328328e-01,2.371578860856450033e-01,2.519802539659978802e-01,1.887959675626786349e-01,6.492124070647916634e-01,5.827650549564057769e+01
1.813443667356150202e-01,2.383626020821874303e-01,2.532602647123239903e-01,1.926783896565910370e-01,6.559956704384464210e-01,5.824315225573871402e+01
1.806790668224367291e-01,2.450420867706460393e-01,2.603572171938113300e-01,1.919715084988392051e-01,6.623129186584399974e-01,5.824392277912966165e+01
1.821761109622622998e-01,2.484768220674212769e-01,2.640066234466348360e-01,1.935621178974038237e-01,6.677850065964487936e-01,5.827376427928435021e+01
1.850103495954510679e-01,2.458597457494996752e-01,2.612259798588434934e-01,1.965734964451666678e-01,6.711436480338303090e-01,5.823086321482897887e+01
1.830083859951783520e-01,2.439366107139687434e-01,2.591826488835916042e-01,1.944464101198770389e-01,6.739825434018734684e-01,5.822472904053539366e+01
1.812806435755586754e-01,2.411202141566005652e-01,2.561902275413881491e-01,1.926106837990312903e-01,6.745042324597833039e-01,5.823987023796940576e+01
1.816129124176692755e-01,2.370690396091744145e-01,2.518858545847479369e-01,1.929637194437734404e-01,6.744504339398932347e-01,5.828152446189230318e+01
1.803498240926934004e-01,2.333922610852178781e-01,2.479792774030439295e-01,1.916216880984868143e-01,6.747026956392261354e-01,5.836675581815526215e+01
1.804642499088328078e-01,2.317353350564073378e-01,2.462187934974328640e-01,1.917432655281349485e-01,6.729101861183429678e-01,5.842151673791935451e+01
1.826550863387592094e-01,2.340638016100798913e-01,2.486927892107100024e-01,1.940710292349316912e-01,6.687940491765849149e-01,5.842736746419536331e+01
1.880240137641334686e-01,2.342867708383130354e-01,2.489296940157074423e-01,1.997755146243920532e-01,6.635911495370893087e-01,5.842993345273261241e+01
1.864351564035609254e-01,2.303145074763815192e-01,2.447091641936554318e-01,1.980873536787836897e-01,6.573219517824490099e-01,5.846847119988535013e+01
1.770737318441439889e-01,2.304863059899435185e-01,2.448917001143150196e-01,1.881408400844029327e-01,6.519613639011139217e-01,5.852917278841302817e+01
1.692815160618722503e-01,2.316883230316687248e-01,2.461688432211478761e-01,1.798616108157393145e-01,6.472013415480261100e-01,5.857953261091067532e+01
1.684653829764344024e-01,2.311741561924346988e-01,2.456225409544618155e-01,1.789944694124617763e-01,6.450832451602516171e-01,5.858483007752109017e+01
1.684534222565145511e-01,2.327147434888707234e-01,2.472594149569250221e-01,1.789817611475466863e-01,6.441269776420617266e-01,5.860839985651786321e+01
1.690934891769151349e-01,2.337514758908867119e-01,2.483609431340670914e-01,1.796618322504723586e-01,6.434285420186919291e-01,5.863508431727906611e+01
1.677471655738762557e-01,2.343879012626866321e-01,2.490371450916045171e-01,1.782313634222437160e-01,6.432936892579261823e-01,5.864758536643092413e+01
1.712064012994281015e-01,2.322367400478564936e-01,2.467515363008474794e-01,1.819068013806422468e-01,6.410529561221756101e-01,5.861362558528040267e+01
1.791409852622488363e-01,2.319330611157020550e-01,2.464288774354334299e-01,1.903372968411392308e-01,6.440029675797247499e-01,5.855330176866616654e+01
1.839689332445868797e-01,2.360123600532321453e-01,2.507631325565591318e-01,1.954669915723737939e-01,6.492139899123745561e-01,5.852143409175479150e+01
1.862392527825158794e-01,2.421410906719049516e-01,2.572749088388988636e-01,1.978792060814232590e-01,6.547879684755176788e-01,5.856965294507907061e+01
1.926389167363664889e-01,2.417090693721547501e-01,2.568158862079145122e-01,2.046788490323894760e-01,6.588340091714881552e-01,5.868840216825526568e+01
1.964861304184213342e-01,2.383609326584506527e-01,2.532584909496037873e-01,2.087665135695725427e-01,6.621556502720860049e-01,5.868463578698971617e+01
1.931577376271126634e-01,2.372550152806451873e-01,2.520834537356855254e-01,2.052300962288073349e-01,6.655099226837760673e-01,5.867434967354000008e+01
1.914077772989022097e-01,2.344797459363923697e-01,2.491347300574168477e-01,2.033707633800836967e-01,6.666373588722531718e-01,5.869205980283160784e+01
1.920118687623814935e-01,2.321398033894799540e-01,2.466485411013225326e-01,2.040126105600304496e-01,6.655747437484307305e-01,5.874497645499886289e+01
1.917936618509226698e-01,2.334537218893847077e-01,2.480445795074712467e-01,2.037807657166053332e-01,6.630892291592797028e-01,5.873624769935632628e+01
1.952794983412868002e-01,2.365409315257303302e-01,2.513247397460886545e-01,2.074844669876171610e-01,6.576701934069082434e-01,5.869486912575121096e+01
1.983183065730921013e-01,2.418131229148253458e-01,2.569264430970017998e-01,2.107132007339104496e-01,6.515335763550205161e-01,5.857704600084350233e+01
1.950807696247693623e-01,2.382867624812738672e-01,2.531796851363536383e-01,2.072733177263173521e-01,6.492029354242093708e-01,5.849266014481733578e+01
1.876588997990295549e-01,2.326200156191505497e-01,2.471587665953475788e-01,1.993875810364689194e-01,6.462414553057787003e-01,5.846652962296943912e+01
1.823739098591067587e-01,2.284795978746378131e-01,2.427595727418027649e-01,1.937722792253009085e-01,6.433733171610134249e-01,5.861435433831955066e+01
1.725366730192414710e-01,2.303668363969192667e-01,2.447647636717267816e-01,1.833202150829439936e-01,6.420360256238275554e-01,5.864218394832894887e+01
1.722877213697165122e-01,2.312057067381287079e-01,2.456560634092619100e-01,1.830557039553235843e-01,6.388952611371242485e-01,5.861897324339740578e+01
1.761917081656507733e-01,2.315154897670601841e-01,2.459852078775013884e-01,1.872036899260040022e-01,6.379327160983707667e-01,5.861665417925546961e+01
1.785960895600028631e-01,2.317826485322233565e-01,2.462690640654873475e-01,1.897583451575030611e-01,6.375237145632285385e-01,5.862293896218077549e+01
1.773742987116538883e-01,2.331940187925473640e-01,2.477686449670815083e-01,1.884601923811322910e-01,6.382365948296669922e-01,5.864148879681305004e+01
1.802460139231359115e-01,2.342509572339090684e-01,2.488916420610285674e-01,1.915113897933320430e-01,6.399514907003095443e-01,5.859641882984054462e+01
1.867346207041017392e-01,2.350816971505459985e-01,2.497743032224549464e-01,1.984055344981081048e-01,6.447089999544117767e-01,5.852928109925503719e+01
1.900342238621318403e-01,2.384713047833168231e-01,2.533757613322741298e-01,2.019113628535150751e-01,6.510685905503846849e-01,5.850058058780877701e+01
1.917228741849432427e-01,2.434505485059397789e-01,2.586662077875610533e-01,2.037055538215021278e-01,6.575312892905076367e-01,5.852282221825416997e+01
1.975209287098783628e-01,2.412214207885168826e-01,2.562977595877991011e-01,2.098659867542456703e-01,6.627180088504472932e-01,5.850312835044982762e+01
1.997124710174807138e-01,2.381246402946666785e-01,2.530074303130832591e-01,2.121945004560734371e-01,6.659925244843811765e-01,5.851511874835610172e+01
1.982088409645087479e-01,2.360709496117629758e-01,2.508253839624980941e-01,2.105968935247906904e-01,6.680330422721255657e-01,5.854463210851850619e+01
1.983361405700501123e-01,2.330769609670883535e-01,2.476442710275313652e-01,2.107321493556783831e-01,6.676307556159190026e-01,5.862352061658624081e+01
1.997446886346776473e-01,2.295628076442003673e-01,2.439104831219630065e-01,2.122287316743451113e-01,6.662281619573275915e-01,5.870719960909619317e+01
1.975883318033577751e-01,2.271341902678468139e-01,2.413300771595874306e-01,2.099376025410675806e-01,6.656250592719044068e-01,5.871781038967843358e+01
1.969701798289271166e-01,2.273604386619669515e-01,2.415704660783399571e-01,2.092808160682351482e-01,6.627500491292583895e-01,5.869074302907711882e+01
1.986340362661692949e-01,2.314837759437641251e-01,2.459515119402494454e-01,2.110486635328049920e-01,6.582752160834048905e-01,5.855598461843690217e+01
2.007499666671372918e-01,2.312340779466866558e-01,2.456862078183545128e-01,2.132968395838334696e-01,6.539428030404638159e-01,5.841298958147392284e+01
1.970761678222133217e-01,2.277760137412482566e-01,2.420120146000762640e-01,2.093934283111016370e-01,6.496424863439826947e-01,5.838116183020932937e+01
1.892150470875240686e-01,2.259825964230934847e-01,2.401065086995368969e-01,2.010409875304944305e-01,6.454088969664834030e-01,5.837926565464720596e+01
1.823373062384439636e-01,2.265875632657144700e-01,2.407492859698215637e-01,1.937333878783465968e-01,6.403252292100003462e-01,5.837761550936277644e+01
1.787080459869007376e-01,2.271982210035672356e-01,2.413981098162902850e-01,1.898772988610820112e-01,6.381080624770891774e-01,5.836524678074965777e+01
1.775949336491640385e-01,2.292318158064780564e-01,2.435588042943828413e-01,1.886946170022369140e-01,6.377016603243335080e-01,5.838432102753449016e+01
1.776143894300186432e-01,2.301619276087303323e-01,2.445470480842760752e-01,1.887152887693945014e-01,6.376552106319370861e-01,5.840820914299612809e+01
1.762403543272473005e-01,2.314230242572424268e-01,2.458869632733202415e-01,1.872553764727001302e-01,6.381952831664428061e-01,5.843674754542546879e+01
1.808887225444346103e-01,2.322963920308921959e-01,2.468149165328228922e-01,1.921942677034617630e-01,6.395596089741693024e-01,5.840024405792486561e+01
1.908950575893164914e-01,2.319719167042511854e-01,2.464701614982670042e-01,2.028259986886487842e-01,6.427775523322691864e-01,5.829975128906768589e+01
1.967173889695097988e-01,2.345360333229723759e-01,2.491945354056580852e-01,2.090122257801042827e-01,6.471497441628759617e-01,5.826389239614344007e+01
2.007545437493251650e-01,2.394791554034897962e-01,2.544466026162079397e-01,2.133017027336582272e-01,6.526658671822574975e-01,5.830698136856143066e+01
2.054598129685396291e-01,2.385388477421202524e-01,2.534475257260027647e-01,2.183010512790734825e-01,6.579976253930205354e-01,5.833536619185306904e+01
