t0,t1,t2,t3,t4,t5
1.059135007419626240e-01,1.799477272220153246e-01,1.911944601733913396e-01,1.125330945383353209e-01,8.795799111742650389e-01,1.990168925837878433e+01
1.076414368850156650e-01,1.813027659250824042e-01,1.926341887954002019e-01,1.143690266903290148e-01,8.780238437680396579e-01,2.043533832778483017e+01
1.112932892874021057e-01,1.826373640138312660e-01,1.940521992646957183e-01,1.182491198678645855e-01,8.752049767582351647e-01,2.108676062133259776e+01
1.137096515748994285e-01,1.837439786062413372e-01,1.952279772691315751e-01,1.208165047983304624e-01,8.733174408378513442e-01,2.166778193401988872e+01
1.158735528746022286e-01,1.855647224590356581e-01,1.971625176127253798e-01,1.231156499292649920e-01,8.717501220742009949e-01,2.219882931158215200e+01
1.138619808374459474e-01,1.876246127384983420e-01,1.993511510346545612e-01,1.209783546397861925e-01,8.700291521495763236e-01,2.259219950368180108e+01
1.102425423025054224e-01,1.902588495893303977e-01,2.021500276886636083e-01,1.171327011964119064e-01,8.683672961147358427e-01,2.290193431714360273e+01
1.080386236354202584e-01,1.928179759833356377e-01,2.048690994822941758e-01,1.147910376126339144e-01,8.664412621491799360e-01,2.315691315266663253e+01
1.062923307593991312e-01,1.951116895187681444e-01,2.073061701136910406e-01,1.129356014318618068e-01,8.645824777322417276e-01,2.335860654418683069e+01
1.053382590341722935e-01,1.970421011095104813e-01,2.093572324288549558e-01,1.119219002238080046e-01,8.629231000987115374e-01,2.351611946141136400e+01
1.045129340791803862e-01,1.991768302883796249e-01,2.116253821814034208e-01,1.110449924591289522e-01,8.616669828281386945e-01,2.365676838555609862e+01
1.040687477040992959e-01,2.011483986080104536e-01,2.137201735210110531e-01,1.105730444356056164e-01,8.609891100755375781e-01,2.377501405850482641e+01
1.037043968376770292e-01,2.029309410063292463e-01,2.156141248192248172e-01,1.101859216400317698e-01,8.605100999707377962e-01,2.387483505121398508e+01
1.038201308835446091e-01,2.040015890832503342e-01,2.167516884009536293e-01,1.103088890637660552e-01,8.601104182049547076e-01,2.395460684109263383e+01
1.041757234808890903e-01,2.046908758610294643e-01,2.174840556023436844e-01,1.106867061984449091e-01,8.598528493801587125e-01,2.401084614508313564e+01
1.044692014679980407e-01,2.051870825586254721e-01,2.180112752185397185e-01,1.109985265597477067e-01,8.597471259104274566e-01,2.404777347987538860e+01
1.049781496777722062e-01,2.054240443791766069e-01,2.182630471528752003e-01,1.115392840326333013e-01,8.597326429775536960e-01,2.407179592587277028e+01
1.060719303672784525e-01,2.055100127984889891e-01,2.183543885983946220e-01,1.127014260152334607e-01,8.597262248616103220e-01,2.409012107844927542e+01
1.075023742389013548e-01,2.056029751764268387e-01,2.184531611249535543e-01,1.142212726288327623e-01,8.597139331868870471e-01,2.410542041941294400e+01
1.091279933508594036e-01,2.056794279356222166e-01,2.185343921815985635e-01,1.159484929352882637e-01,8.597273385906827325e-01,2.412046218721977553e+01
1.107766013415078937e-01,2.057847413840663275e-01,2.186462877205704869e-01,1.177001389253520269e-01,8.597980482504573585e-01,2.414478807940928462e+01
1.122330715503359888e-01,2.056133583066176163e-01,2.184641932007813647e-01,1.192476385222318996e-01,8.598311777529829003e-01,2.418126239690789703e+01
1.144240699758296981e-01,2.052524013497834532e-01,2.180806764341449433e-01,1.215755743493190794e-01,8.598395253642643343e-01,2.422468826775267203e+01
1.186626156533390902e-01,2.044810433546056794e-01,2.172611085642685291e-01,1.260790291316726264e-01,8.599964543577655052e-01,2.427729803382352713e+01
1.237508980156229732e-01,2.036673665501361752e-01,2.163965769595197763e-01,1.314853291415994385e-01,8.600701492446876095e-01,2.434252840436879595e+01
1.241436521383096903e-01,2.009589396316329157e-01,2.135188733586099452e-01,1.319026303969543790e-01,8.605435851120942781e-01,2.442557156003484309e+01
1.198956809538277990e-01,1.964545966491390572e-01,2.087330089397103072e-01,1.273891610134422203e-01,8.612957890955378337e-01,2.448037883742276577e+01
1.152414893175977839e-01,1.924119372478127477e-01,2.044376833258009785e-01,1.224440823999476124e-01,8.616912401463152626e-01,2.453163729037066076e+01
1.067106429023046699e-01,1.863760612734916000e-01,1.980245651030848597e-01,1.133800580836988037e-01,8.615158098609470017e-01,2.459646727433201008e+01
9.350780545969912538e-02,1.786456189390333016e-01,1.898109701227229384e-01,9.935204330093028169e-02,8.609422664010946136e-01,2.466135433770506680e+01
7.784168659668644352e-02,1.717838083439060526e-01,1.825202963654001809e-01,8.270679200897955441e-02,8.609187410206219360e-01,2.474793377884554246e+01
7.044051195800012100e-02,1.671615382595273702e-01,1.776091344007477701e-01,7.484304395537508259e-02,8.625846484078043552e-01,2.489666514883991866e+01
6.610325409688921905e-02,1.654917636431158245e-01,1.758349988708106659e-01,7.023470747794469116e-02,8.648639545162288833e-01,2.497773402258578912e+01
6.485739762442215006e-02,1.654678774714135325e-01,1.758096198133768662e-01,6.891098497594870531e-02,8.660288314640214313e-01,2.501705314137924319e+01
6.260763501321180147e-02,1.645653774934494606e-01,1.748507135867900519e-01,6.652061220153743237e-02,8.667328802159689483e-01,2.508996617263857587e+01
6.601703849222585740e-02,1.628401302181004540e-01,1.730176383567317289e-01,7.014310339798976446e-02,8.685968189395205652e-01,2.522277516575014999e+01
7.776903481126104523e-02,1.574762681774061757e-01,1.673185349384939957e-01,8.262959948696484147e-02,8.714301808328310806e-01,2.538847756345482765e+01
8.807274172795664935e-02,1.530814625289671216e-01,1.626490539370276101e-01,9.357728808595380809e-02,8.750470336166139562e-01,2.555978654242194636e+01
9.147972348413707655e-02,1.487790103846662049e-01,1.580776985337077334e-01,9.719720620189538363e-02,8.783586949924695464e-01,2.571285451320490623e+01
9.330255418860639027e-02,1.446435228997590416e-01,1.536837430809939731e-01,9.913396382539398088e-02,8.810220626184837034e-01,2.584547781116125265e+01
9.349161100442586469e-02,1.410208018870535707e-01,1.498346020049944050e-01,9.933483669220251333e-02,8.825794882829530730e-01,2.593289287445693247e+01
9.241211039969210450e-02,1.373682716000788062e-01,1.459537885750837038e-01,9.818786729967284022e-02,8.831311505268937267e-01,2.594738022250976428e+01
8.953785197073003965e-02,1.333787864052582151e-01,1.417149605555869107e-01,9.513396771890064718e-02,8.813466736425173975e-01,2.590283058597093202e+01
8.833053890536567143e-02,1.309014893007590385e-01,1.390828323820565982e-01,9.385119758695097125e-02,8.795442393771216727e-01,2.599078613796183035e+01
8.452312485085215765e-02,1.304127805085342484e-01,1.385635792903175678e-01,8.980582015403039409e-02,8.779028547482332634e-01,2.623377336818685990e+01
8.011321491233933112e-02,1.295991262938774036e-01,1.376990716872448228e-01,8.512029084436038839e-02,8.792405734246322435e-01,2.641667679306418393e+01
7.870451535296960066e-02,1.301196893480298100e-01,1.382521699322817044e-01,8.362354756252966814e-02,8.792468364459887775e-01,2.653644531746418167e+01
8.082044487837262980e-02,1.304639623124643211e-01,1.386179599569933585e-01,8.587172268327071534e-02,8.796586242145162382e-01,2.666478078887210401e+01
8.491443754597820248e-02,1.312567694545586083e-01,1.394603175454686150e-01,9.022158989260163631e-02,8.798380684951259134e-01,2.681514355458332588e+01
8.475676783676977522e-02,1.324828938569861947e-01,1.407630747230478319e-01,9.005406582656769188e-02,8.810906253275657685e-01,2.700126387318910304e+01
9.005544608199783641e-02,1.329158812621766828e-01,1.412231238410626699e-01,9.568391146212261444e-02,8.813929421969618483e-01,2.723841025357613432e+01
9.403893710533706152e-02,1.337183187131811557e-01,1.420757136327551184e-01,9.991637067442056541e-02,8.810356383698346727e-01,2.755376616793943256e+01
9.341121961015748376e-02,1.325907039243058305e-01,1.408776229195749796e-01,9.924942083579237073e-02,8.809376045351885454e-01,2.801652935405005351e+01
9.280061572548797821e-02,1.312790830907184791e-01,1.394840257838883824e-01,9.860065420833077909e-02,8.811109415567839331e-01,2.856476979685290374e+01
9.289492172310333251e-02,1.305971194662089163e-01,1.387594394328469927e-01,9.870085433079726911e-02,8.805529305360313419e-01,2.917251471681788288e+01
9.368261806074718034e-02,1.292077354807661393e-01,1.372832189483139953e-01,9.953778168954395544e-02,8.795115085126001819e-01,2.979620164106838942e+01
9.514371714227214116e-02,1.280811252042906856e-01,1.360861955295588066e-01,1.010901994636640433e-01,8.783839491332378069e-01,3.048294025650727690e+01
9.247895791585744596e-02,1.259379691781311039e-01,1.338090922517644055e-01,9.825889278559865603e-02,8.770894512078822869e-01,3.119517381109275078e+01
8.814737705163346038e-02,1.239198307600844207e-01,1.316648201825896813e-01,9.365658811736062017e-02,8.769447448608612694e-01,3.195412266279257452e+01
8.406511477622198580e-02,1.222479411860172283e-01,1.298884375101433120e-01,8.931918444973595272e-02,8.772854088377037840e-01,3.278032646175189058e+01
8.324362386905734268e-02,1.211522973830218425e-01,1.287243159694606565e-01,8.844635036087325486e-02,8.774463770226382797e-01,3.356252122238826985e+01
8.384849180215470099e-02,1.204423768350916107e-01,1.279700253872848859e-01,8.908902253978928654e-02,8.772874323301840249e-01,3.426057587068577703e+01
8.630456022346576217e-02,1.192957731249454228e-01,1.267517589452545057e-01,9.169859523743201235e-02,8.771495726742616350e-01,3.491381945794681485e+01
8.849111113100931181e-02,1.187302718603082535e-01,1.261509138515775341e-01,9.402180557669727323e-02,8.774267306761630580e-01,3.547712770391538584e+01
9.040793357583024048e-02,1.184537504353593979e-01,1.258571098375692587e-01,9.605842942431937204e-02,8.779308178650371275e-01,3.598941071046356655e+01
9.299841762751853702e-02,1.184108425735985320e-01,1.258115202344484707e-01,9.881081872923837273e-02,8.784018161575066763e-01,3.648127912109090687e+01
9.684318607318784244e-02,1.182374639151952816e-01,1.256273054098951125e-01,1.028958852027620774e-01,8.784163904298178949e-01,3.691659207705150436e+01
9.303534693377067677e-02,1.213958903020329327e-01,1.289831334459099754e-01,9.885005611713147677e-02,8.788463605580102422e-01,3.725276841579646003e+01
8.561641023413098239e-02,1.269395535023024046e-01,1.348732755961963570e-01,9.096743587376424078e-02,8.791034609330010685e-01,3.753483189285420707e+01
7.879934595080463622e-02,1.326292588080295043e-01,1.409185874835313379e-01,8.372430507272983491e-02,8.787372982136434363e-01,3.780611229677735707e+01
6.999778005371411205e-02,1.367111427776156463e-01,1.452555892012166450e-01,7.437264130707131604e-02,8.778796294140855938e-01,3.808206611534490804e+01
6.063442520019456800e-02,1.406009424064040558e-01,1.493885013068043111e-01,6.442407677520692322e-02,8.766858740463893129e-01,3.835148012999776768e+01
5.431588655275895045e-02,1.448678271076160873e-01,1.539220663018421864e-01,5.771062946230634538e-02,8.768381488496201914e-01,3.855381691794615762e+01
5.018784403640302871e-02,1.500625014271780022e-01,1.594414077663764973e-01,5.332458428867824229e-02,8.766853778639198680e-01,3.866078523815257739e+01
4.950242564040517601e-02,1.557230492297741187e-01,1.654557398066349716e-01,5.259632724293022282e-02,8.760716918272083431e-01,3.871089485959149101e+01
5.210863178020978814e-02,1.618186494644339168e-01,1.719323150559609603e-01,5.536542126647272383e-02,8.750916942754080052e-01,3.872268115124759902e+01
5.702094645904780268e-02,1.677619862610652823e-01,1.782471104023818920e-01,6.058475561273814203e-02,8.739477786270506421e-01,3.874377497860619002e+01
6.277864744500033511e-02,1.738088236218909566e-01,1.846718750982590251e-01,6.670231291031292198e-02,8.722272622521087815e-01,3.873679076137660360e+01
6.961905485433905749e-02,1.802375434487085704e-01,1.915023899142528907e-01,7.397024578273504736e-02,8.699855620508822884e-01,3.870532142759356731e+01
7.549690453668085610e-02,1.857827264664184408e-01,1.973941468705695534e-01,8.021546107022323180e-02,8.682449925131128232e-01,3.867454394540314411e+01
7.573371379923536650e-02,1.889455625114535298e-01,2.007546601684193632e-01,8.046707091168747716e-02,8.670080344833642760e-01,3.863507199732165986e+01
6.983681526490470581e-02,1.888353868623114107e-01,2.006375985412059693e-01,7.420161621896091686e-02,8.661302908177371807e-01,3.858525636669556036e+01
6.186509570249534157e-02,1.870772697226580905e-01,1.987695990803242663e-01,6.573166418390126442e-02,8.653573430867148586e-01,3.854183487080783976e+01
5.677967953774152449e-02,1.851994243957722497e-01,1.967743884205079841e-01,6.032840950885048209e-02,8.650431256341787334e-01,3.850112392663427130e+01
5.536226792314611483e-02,1.842122575603709345e-01,1.957255236578940849e-01,5.882240966834292872e-02,8.650938658358893196e-01,3.846775106047036275e+01
5.568783222532619481e-02,1.839794805951845413e-01,1.954781981323834850e-01,5.916832173940904382e-02,8.657384816280100370e-01,3.838811853024344600e+01
5.602481996393395003e-02,1.836623802774365044e-01,1.951412790447763224e-01,5.952637121167968226e-02,8.665009704622458342e-01,3.825491407376502906e+01
5.681558279044487958e-02,1.823714263946311087e-01,1.937696405442954628e-01,6.036655671484756486e-02,8.671988417142187933e-01,3.813119411775508638e+01
6.251216644845408732e-02,1.824646306305798271e-01,1.938686700449910039e-01,6.641917685148258921e-02,8.675656722733756654e-01,3.798980676132673295e+01
6.826671618384672069e-02,1.861889876445591563e-01,1.978257993723442354e-01,7.253338594533718930e-02,8.681811404277035571e-01,3.775354900788973822e+01
7.759673866815505749e-02,1.920273996359901370e-01,2.040291121132394581e-01,8.244653483491495849e-02,8.694630693450927650e-01,3.755195963644107593e+01
8.738204261422480301e-02,1.970944131106440178e-01,2.094128139300590608e-01,9.284342027761387228e-02,8.713035443860484008e-01,3.739740039949708006e+01
9.516477413383242490e-02,2.018684738384706745e-01,2.144852534533751021e-01,1.011125725171971579e-01,8.731658823979281392e-01,3.726165514540535639e+01
1.014955925321128355e-01,2.050379637576663361e-01,2.178528364925204908e-01,1.078390670653697342e-01,8.747619824781892595e-01,3.715495726101086404e+01
1.118588952032185668e-01,2.084683026654403082e-01,2.214975715820302338e-01,1.188500761534197481e-01,8.766662107418747851e-01,3.707630595346107327e+01
1.180312147504475467e-01,2.090357091658096023e-01,2.221004409886727649e-01,1.254081656723503579e-01,8.800456727122043521e-01,3.703900840622624457e+01
1.284566899576018162e-01,2.074335635208188477e-01,2.203981612408700552e-01,1.364852330799518620e-01,8.844624424090680170e-01,3.704118181580712843e+01
1.423949883198430966e-01,2.041693899274151514e-01,2.169299767978785931e-01,1.512946750898331860e-01,8.893360279079525199e-01,3.703260808168467122e+01
1.493176609651655495e-01,1.981228455025071666e-01,2.105055233464139808e-01,1.586500147754882351e-01,8.935690352735817799e-01,3.709489423217219439e+01
1.558139242095065158e-01,1.912473575084724653e-01,2.032003173527518469e-01,1.655522944726005863e-01,8.977811141288248864e-01,3.721287244072251355e+01
1.625110008760249913e-01,1.850652552650544624e-01,1.966318337191203802e-01,1.726679384307764631e-01,9.013645665524294692e-01,3.735263499007378130e+01
1.695266667574126251e-01,1.797195436070890273e-01,1.909520150825321505e-01,1.801220834297510009e-01,9.048532038116327003e-01,3.752569801450953690e+01
1.821922623614143921e-01,1.766835747189641481e-01,1.877262981388994056e-01,1.935792787590027431e-01,9.091448169713727268e-01,3.769848554500488547e+01
1.936205974472824942e-01,1.753641387851397060e-01,1.863243974592111163e-01,2.057218847877375356e-01,9.136501648510911844e-01,3.788178977214644760e+01
2.002870862008853392e-01,1.744544927604863294e-01,1.853578985580169036e-01,2.128050290884407336e-01,9.181353020743876492e-01,3.808368170036953160e+01
2.064182424761105972e-01,1.738475303201349187e-01,1.847130009651432869e-01,2.193193826308678651e-01,9.217250942320674989e-01,3.828394280259364990e+01
2.116053736672809382e-01,1.730482644517554458e-01,1.838637809799900380e-01,2.248307095214858442e-01,9.248077072846286883e-01,3.848556195732985685e+01
2.174861411572149017e-01,1.720953649699986376e-01,1.828513252806236167e-01,2.310790249795408591e-01,9.254413194125089559e-01,3.870344076855981541e+01
2.229456667275048487e-01,1.718635293154097132e-01,1.826049998976226885e-01,2.368797708979736849e-01,9.259231327795253153e-01,3.890771852436134992e+01
2.284170071565250204e-01,1.730940245982739711e-01,1.839124011356660926e-01,2.426930701038078619e-01,9.262243236611799047e-01,3.908859258274701887e+01
2.311696883782371481e-01,1.724579951266052014e-01,1.832366198220180264e-01,2.456177939018768797e-01,9.246496610148864370e-01,3.932632264692814061e+01
2.332324392759138609e-01,1.714059054132247850e-01,1.821187745015514226e-01,2.478094667306585952e-01,9.226577219047094047e-01,3.960532176046746855e+01
2.317434485982640680e-01,1.704283483464532900e-01,1.810801201181067022e-01,2.462274141356555202e-01,9.210282392756041769e-01,3.989135564967422454e+01
2.282314380841662937e-01,1.702581192302375923e-01,1.808992516821274210e-01,2.424959029644268571e-01,9.197298453663309559e-01,4.018939351090362777e+01
2.244389322796224440e-01,1.695382563880159787e-01,1.801343974122670555e-01,2.384663655470990185e-01,9.189981620618474789e-01,4.046606233581211853e+01
2.215030670037425597e-01,1.682822738988129507e-01,1.787999160174888469e-01,2.353470086914765669e-01,9.184718043712079005e-01,4.076127651664546647e+01
2.203585805382558271e-01,1.669559495663128501e-01,1.773906964142074050e-01,2.341309918218967279e-01,9.174427877869734127e-01,4.112296534143751359e+01
2.204171902279143669e-01,1.659852008705914872e-01,1.763592759250035003e-01,2.341932646171590859e-01,9.161506514625585851e-01,4.151442136840972097e+01
2.230134181894917744e-01,1.656647502689310436e-01,1.760187971607392321e-01,2.369517568263350693e-01,9.141957387802550627e-01,4.188177519388244718e+01
2.285848600889706650e-01,1.644382749785198161e-01,1.747156671646773185e-01,2.428714138445313975e-01,9.117676043266017549e-01,4.223360852099605722e+01
2.357585122854634896e-01,1.642233093445449876e-01,1.744872661785792367e-01,2.504934193033048762e-01,9.083312124025860745e-01,4.258515328301206182e+01
2.371306844901675814e-01,1.646162221557964933e-01,1.749047360405337481e-01,2.519513522708031195e-01,9.051126125461548266e-01,4.280343447570523097e+01
2.383476923843165229e-01,1.644566625503369739e-01,1.747352039597330764e-01,2.532444231583361183e-01,9.023474081073414865e-01,4.299047980008324998e+01
2.429737860193868504e-01,1.656718482603059817e-01,1.760263387765751697e-01,2.581596476455984002e-01,8.986054486569691191e-01,4.316358640635476718e+01
2.515717909202390690e-01,1.677681311417799359e-01,1.782536393381413120e-01,2.672950278527538304e-01,8.942442166548131288e-01,4.339010509155483675e+01
2.575761869736101217e-01,1.693406032545724804e-01,1.799243909579832934e-01,2.736746986594608133e-01,8.901140410324374086e-01,4.367200925121399280e+01
2.620027655380081089e-01,1.707564869932647611e-01,1.814287674303438902e-01,2.783779383841334942e-01,8.868131289825689212e-01,4.394899579032520620e+01
2.664144480738333542e-01,1.712351696741548635e-01,1.819373677787896326e-01,2.830653510784478799e-01,8.835898269073129141e-01,4.423574678798927096e+01
2.697978784778889416e-01,1.723538029808002747e-01,1.831259156671003752e-01,2.866602458827569033e-01,8.804903932129379829e-01,4.454830290461991638e+01
2.731700794475235838e-01,1.737311243323172993e-01,1.845893196030872485e-01,2.902432094129937523e-01,8.782721334658878387e-01,4.481575472806139260e+01
2.754134267423464233e-01,1.743774409135416259e-01,1.852760309706380226e-01,2.926267659137431476e-01,8.758661731793803140e-01,4.511935721938345978e+01
2.767209910704606646e-01,1.749404368692073775e-01,1.858742141735327813e-01,2.940160530123646643e-01,8.729638403873268837e-01,4.543361567193650075e+01
2.773799119466122676e-01,1.754744954281177716e-01,1.864416513923752017e-01,2.947161564432754788e-01,8.699759753735035739e-01,4.582711639273397708e+01
2.809611901636376308e-01,1.762182515730313648e-01,1.872318922963457644e-01,2.985212645488649064e-01,8.691529282524517175e-01,4.615142904827917647e+01
2.844571462864554645e-01,1.770996536159830659e-01,1.881683819669821567e-01,3.022357179293589380e-01,8.695350783102271386e-01,4.640640924965377678e+01
2.874530190425889642e-01,1.774538676455971187e-01,1.885447343734469872e-01,3.054188327327507779e-01,8.694478095823671149e-01,4.656284479300992274e+01
2.893673528068335110e-01,1.776484519178013755e-01,1.887514801626639926e-01,3.074528123572608518e-01,8.695189593287248053e-01,4.665120457474360904e+01
2.902141018990107568e-01,1.776089449023000311e-01,1.887095039586938472e-01,3.083524832676989846e-01,8.697443193595846278e-01,4.669951756354794270e+01
2.902831080727069635e-01,1.772922422694051536e-01,1.883730074112430486e-01,3.084258023272510862e-01,8.701943368546201096e-01,4.672540511145285791e+01
2.900419481975884950e-01,1.766185009813229512e-01,1.876571572926556963e-01,3.081695699599377170e-01,8.707564088430517213e-01,4.674023450696295612e+01
2.897688683922739483e-01,1.756498304908280239e-01,1.866279448965048049e-01,3.078794226667910805e-01,8.713994184142813682e-01,4.674850024966436735e+01
2.892321638276025286e-01,1.744769367127975424e-01,1.853817452573473246e-01,3.073091740668277838e-01,8.722937476281700242e-01,4.675452403965250170e+01
2.884783691332833966e-01,1.731064113008447258e-01,1.839255620071476305e-01,3.065082672041135048e-01,8.733890645866542179e-01,4.675954216494137938e+01
2.873281875279063424e-01,1.716367067531683610e-01,1.823640009252413541e-01,3.052861992484006692e-01,8.746589703872990063e-01,4.676457253246795176e+01
2.849679610967923993e-01,1.698556743765242405e-01,1.804716540250571044e-01,3.027784586653418653e-01,8.755771184197450596e-01,4.672455721849030397e+01
2.806998034904191752e-01,1.676823471842736335e-01,1.781624938832908622e-01,2.982435412085701620e-01,8.767025252075648645e-01,4.669051307139650930e+01
2.770180389389572118e-01,1.665432538168988841e-01,1.769522071804550678e-01,2.943316663726421312e-01,8.783395744860099663e-01,4.667126495233966210e+01
2.766498050825365596e-01,1.669936321007825519e-01,1.774307341070814614e-01,2.939404179001951500e-01,8.801545455757906478e-01,4.664484492258024773e+01
2.766895607050259831e-01,1.678541523416248737e-01,1.783450368629765082e-01,2.939826582490898677e-01,8.819984759998360513e-01,4.660135746914806987e+01
2.760460241861298902e-01,1.683770104845422888e-01,1.789005736398262547e-01,2.932989006977628765e-01,8.843600655658067078e-01,4.657789816922405635e+01
2.758922795466801636e-01,1.691011559156950506e-01,1.796699781604260415e-01,2.931355470183474310e-01,8.848101038052075262e-01,4.659158523336167690e+01
2.761388648704583559e-01,1.696639971686215720e-01,1.802679969916604619e-01,2.933975439248620587e-01,8.833541925009427143e-01,4.662711687354990886e+01
2.757535190263335489e-01,1.701851941635037779e-01,1.808217687987227207e-01,2.929881139654795241e-01,8.777529811874736909e-01,4.670699813181062865e+01
2.752924126211710454e-01,1.707165296930850951e-01,1.813863127989028823e-01,2.924981884099943641e-01,8.699078847577000895e-01,4.680275530587695698e+01
2.709133899135003909e-01,1.708439812428554083e-01,1.815217300705338488e-01,2.878454767830942451e-01,8.597063724821546460e-01,4.691749811666619507e+01
2.621219565632498805e-01,1.702844215536121752e-01,1.809271979007129050e-01,2.785045788484529217e-01,8.493416379394845839e-01,4.703847003127896187e+01
2.524958605673134904e-01,1.742387998173026975e-01,1.851287248058842150e-01,2.682768518527702817e-01,8.412863263149596982e-01,4.715050851489378658e+01
2.400444694284968594e-01,1.789896304988109477e-01,1.901764824049867464e-01,2.550472487677779565e-01,8.334648448418371380e-01,4.726161941110156306e+01
2.282179314465510034e-01,1.814138706984994298e-01,1.927522376171557361e-01,2.424815521619603786e-01,8.274884529219076468e-01,4.743039918634729446e+01
2.207675212083134719e-01,1.826566636737134430e-01,1.940727051533205627e-01,2.345654912838330275e-01,8.248986488472561662e-01,4.769490641457407065e+01
2.162481901410714114e-01,1.845063444747278847e-01,1.960379910043982821e-01,2.297637020248883832e-01,8.234924304514363858e-01,4.792760332234812637e+01
2.132247717038132373e-01,1.873068833354723239e-01,1.990135635439393702e-01,2.265513199353015317e-01,8.231284544949121207e-01,4.811897436951509377e+01
2.123097658380805608e-01,1.891138435193467082e-01,2.009334587393058758e-01,2.255791262029606947e-01,8.228571038283717387e-01,4.827466015331141591e+01
2.164916912475731703e-01,1.911558988339157050e-01,2.031031425110355892e-01,2.300224219505462853e-01,8.227318082570745927e-01,4.839750347594952729e+01
2.211946398249757251e-01,1.938152526259292741e-01,2.059287059150499977e-01,2.350193048140366003e-01,8.227380825151168198e-01,4.852546267427146631e+01
2.282493878488164596e-01,1.949170571943429908e-01,2.070993732689894173e-01,2.425149745893675490e-01,8.230172240854781718e-01,4.861120998391854897e+01
2.392956905554804448e-01,1.939232937295896908e-01,2.060434995876890829e-01,2.542516712151980940e-01,8.233664333364295596e-01,4.866169576834584376e+01
2.510780547574504307e-01,1.921233055911951704e-01,2.041310121906449448e-01,2.667704331797911554e-01,8.244317174869696396e-01,4.865565980796185386e+01
2.621502577423863722e-01,1.905710540601795455e-01,2.024817449389409163e-01,2.785346488512854823e-01,8.243120210556540428e-01,4.868262471756597876e+01
2.692683043541270194e-01,1.909755971642929095e-01,2.029115719870611678e-01,2.860975733762600726e-01,8.241988363339129986e-01,4.872163959082916307e+01
2.706899194171262235e-01,1.922751984773545531e-01,2.042923983821891831e-01,2.876080393806965119e-01,8.241477135083420391e-01,4.881339878191232629e+01
2.705041839816211269e-01,1.939365595204975146e-01,2.060575944905285728e-01,2.874106954804723224e-01,8.228715822159549109e-01,4.891553647518360037e+01
2.727149352935151483e-01,1.960112632239472408e-01,2.082619671754438739e-01,2.897596187493598485e-01,8.207443924277292302e-01,4.900996696294512844e+01
2.738402776108671555e-01,1.992619409815607756e-01,2.117158122929084507e-01,2.909552949615465955e-01,8.187901754883503136e-01,4.909619375620636106e+01
2.717738010296866791e-01,2.022171766054903508e-01,2.148557501433334405e-01,2.887596635940420375e-01,8.172084088786945033e-01,4.917908837071925632e+01
2.681590599821823684e-01,2.050067298898670121e-01,2.178196505079838530e-01,2.849190012310686693e-01,8.152334326243776408e-01,4.925968880162483998e+01
2.650998841481562729e-01,2.081287247721818334e-01,2.211367700704431893e-01,2.816686269074159532e-01,8.134914846438296987e-01,4.937118258690761508e+01
2.616376459953650979e-01,2.115569148537270738e-01,2.247792220320848355e-01,2.779899988700754165e-01,8.116881259105013235e-01,4.949390855713791382e+01
2.588266692177376704e-01,2.141025753543294996e-01,2.274839863139750951e-01,2.750033360438462471e-01,8.106474449945998417e-01,4.961746463322114664e+01
2.552814968615741420e-01,2.160679270892419956e-01,2.295721725323196794e-01,2.712365904154225293e-01,8.107614214743227299e-01,4.974646886684262626e+01
2.523283861523857863e-01,2.173677735030176417e-01,2.309532593469563744e-01,2.680989102869098528e-01,8.117346421542631640e-01,4.987643129370185591e+01
2.474946696970990179e-01,2.183922903675451777e-01,2.320418085155165899e-01,2.629630865531679684e-01,8.130283327130781723e-01,5.001276879173921941e+01
2.463806143961123074e-01,2.210504741687668029e-01,2.348661288043147610e-01,2.617794027958689762e-01,8.117964638889445528e-01,5.009721456748528823e+01
2.463236425545921315e-01,2.242371107810745556e-01,2.382519302048917431e-01,2.617188702142541623e-01,8.103421474052978635e-01,5.013001886956138975e+01
2.509080109597703334e-01,2.261247284645923061e-01,2.402575239936292073e-01,2.665897616447558960e-01,8.108404229951724496e-01,5.011782009634161028e+01
2.533909853405425516e-01,2.263404104309543474e-01,2.404866860828890618e-01,2.692279219243268185e-01,8.124286820466160020e-01,5.013042674367847695e+01
2.566780092430593907e-01,2.266072565595463051e-01,2.407702100945178225e-01,2.727203848207507830e-01,8.134222877598593637e-01,5.014792120954679433e+01
2.578654123247891006e-01,2.267955795309664346e-01,2.409703032516518073e-01,2.739820005950884818e-01,8.140109119194427478e-01,5.017539576753208053e+01
2.580950325679845503e-01,2.269116005710765660e-01,2.410935756067688340e-01,2.742259721034837061e-01,8.144120401286660815e-01,5.021134626749425678e+01
2.583243710309749974e-01,2.271130952473496001e-01,2.413076637003089830e-01,2.744696442204108133e-01,8.145260158255618332e-01,5.026651880687325047e+01
2.613497693234724806e-01,2.270867818698928398e-01,2.412797057367610798e-01,2.776841299061894031e-01,8.146727270975407942e-01,5.032225503303546077e+01
2.626619691796442391e-01,2.267927699412836118e-01,2.409673180626135114e-01,2.790783422533720248e-01,8.148623040976683551e-01,5.039813057011429720e+01
2.623506205313552164e-01,2.255037810219802930e-01,2.395977673358539173e-01,2.787475343145651707e-01,8.156692589263743187e-01,5.047261416688067470e+01
2.615469962458335518e-01,2.231995494350848541e-01,2.371495212747776749e-01,2.778936835111977532e-01,8.176054826096822437e-01,5.050168925980163692e+01
2.593330986764169066e-01,2.203914792990236404e-01,2.341659467552126839e-01,2.755414173436926961e-01,8.205495470558453741e-01,5.047839016489376007e+01
2.567305885841553725e-01,2.177838928785654216e-01,2.313953861834759096e-01,2.727762503706649411e-01,8.241737986445816233e-01,5.046945349568122197e+01
2.538566678963931067e-01,2.154946755838374195e-01,2.289630928078272842e-01,2.697227096399175128e-01,8.277196685732275405e-01,5.046236668981706686e+01
2.507518316283510740e-01,2.137385328092781533e-01,2.270971911098580709e-01,2.664238211051228600e-01,8.307974682444140280e-01,5.045733648872543142e+01
2.479117101591525874e-01,2.121273870440293086e-01,2.253853487342809825e-01,2.634061920440998184e-01,8.340957995443237794e-01,5.045567815756438534e+01
2.451148110677370817e-01,2.106953958427942031e-01,2.238638580829689084e-01,2.604344867594707291e-01,8.375195191321834765e-01,5.045547739098742568e+01
2.423921720441532257e-01,2.094199688047959362e-01,2.225087168550957117e-01,2.575416827969124745e-01,8.410415078141580958e-01,5.046310038878080206e+01
2.401601844300415289e-01,2.083940855096845512e-01,2.214187158540396883e-01,2.551701959569190326e-01,8.442926609630461154e-01,5.045520017609801755e+01
2.394724317930594371e-01,2.081840912019020662e-01,2.211955969020209245e-01,2.544394587801255825e-01,8.452481524495051302e-01,5.041459689534729449e+01
2.393378399750880348e-01,2.083887071601481233e-01,2.214130013576572908e-01,2.542964549735310387e-01,8.451883316791921619e-01,5.037441829195986287e+01
2.402254093883050556e-01,2.088839273674161501e-01,2.219391728278795606e-01,2.552394974750742396e-01,8.456296978370325679e-01,5.029127311399010125e+01
2.419458986874744033e-01,2.095260893399567281e-01,2.226214699237039352e-01,2.570675173554416992e-01,8.460688924648445131e-01,5.018342466738293695e+01
2.438139236752603911e-01,2.104832830394807730e-01,2.236384882294482346e-01,2.590522939049639262e-01,8.462501472389509782e-01,5.005563911897634455e+01
2.456346491767104068e-01,2.119161637928771713e-01,2.251609240299320691e-01,2.609868147502544256e-01,8.461798716311039747e-01,4.987651491474447596e+01
2.469999596178037993e-01,2.136205839698443187e-01,2.269718704679594690e-01,2.624374570939162488e-01,8.461148604025028330e-01,4.967561563696543914e+01
2.417882324623412404e-01,2.157178483891132315e-01,2.292002139134326766e-01,2.568999969912375558e-01,8.450121644680256283e-01,4.948603447518487286e+01
2.352991468130803954e-01,2.192267306764487667e-01,2.329284013437268042e-01,2.500053434888978576e-01,8.421861256960607722e-01,4.937257955715791269e+01
2.252058083341496320e-01,2.221851239665595668e-01,2.360716942144693853e-01,2.392811713550339059e-01,8.391266718589347473e-01,4.934449255999461315e+01
2.084821904964893891e-01,2.230105224509524864e-01,2.369486801041368329e-01,2.215123274025200262e-01,8.360683577425214175e-01,4.935557982189240533e+01
1.924236147960166066e-01,2.244836765259872469e-01,2.385139063088612954e-01,2.044500907207677520e-01,8.324179682231979127e-01,4.939612133622143375e+01
1.769653064859490477e-01,2.266915279246416171e-01,2.408597484199316852e-01,1.880256381413208666e-01,8.287127186578043814e-01,4.945571541719395725e+01
1.633363190882383964e-01,2.304098089459107879e-01,2.448104220050302260e-01,1.735448390312531730e-01,8.258954321978800861e-01,4.947857106181851350e+01
1.569435836702205989e-01,2.350561251104226757e-01,2.497471329298239784e-01,1.667525576496095008e-01,8.243399268301995209e-01,4.942265906078777959e+01
1.549724890403528788e-01,2.377075397124931710e-01,2.525642609445238329e-01,1.646582696053750239e-01,8.231557992880808028e-01,4.933340444305535044e+01
1.505589487878512822e-01,2.356733527526624072e-01,2.504029372997038649e-01,1.599688830870918954e-01,8.222069622910042064e-01,4.929588972616856779e+01
1.487107528286060465e-01,2.316890582755144201e-01,2.461696244177341009e-01,1.580051748803941170e-01,8.216992246211228812e-01,4.926826370478328698e+01
1.543707356159571831e-01,2.273611110617787257e-01,2.415711805031401649e-01,1.640189065919544775e-01,8.222311134810457167e-01,4.923548373393814614e+01
1.644591077556127046e-01,2.216997868424494256e-01,2.355560235201026031e-01,1.747378019903385316e-01,8.240231436887387462e-01,4.924765043347010618e+01
1.765801270719832283e-01,2.154448170982886379e-01,2.289101181669317142e-01,1.876163850139822287e-01,8.261177317294122746e-01,4.930918352637741719e+01
1.874467388937389456e-01,2.105398923724874916e-01,2.236986356457678349e-01,1.991621600745974718e-01,8.268917426571760210e-01,4.940584905190279130e+01
1.949448669033050086e-01,2.080805906371380742e-01,2.210856275519593184e-01,2.071289210847613860e-01,8.266952828758130645e-01,4.948325542334796978e+01
2.006039523730656082e-01,2.066027325446629648e-01,2.195154033287043116e-01,2.131416993963821116e-01,8.261922382369686346e-01,4.955632304037248304e+01
2.046130586600374557e-01,2.045489847535681971e-01,2.173332963006661955e-01,2.174013748262897949e-01,8.258442436799909858e-01,4.963160761196267146e+01
2.059751330458937102e-01,2.004636989673502234e-01,2.129926801528096159e-01,2.188485788612620775e-01,8.257108163570041626e-01,4.970939861174166907e+01
2.061925574951024576e-01,1.969350259903764888e-01,2.092434651147749292e-01,2.190795923385464861e-01,8.253968683105323834e-01,4.980085492257936153e+01
2.061060491610788303e-01,1.946250035616734486e-01,2.067890662842780114e-01,2.189876772336462607e-01,8.247605171071112906e-01,4.991309402450168875e+01
2.068488046051236151e-01,1.926199869119384067e-01,2.046587360939345901e-01,2.197768548929439625e-01,8.242298117643724886e-01,5.004918370674709394e+01
2.094160147697802510e-01,1.903016778386370511e-01,2.021955327035519778e-01,2.225045156928913692e-01,8.242093397771649288e-01,5.020310925879461195e+01
2.121368935559768409e-01,1.860280813083772244e-01,1.976548363901508010e-01,2.253954494032254230e-01,8.244590532058351240e-01,5.034642615703678814e+01
2.148667296070950194e-01,1.820922849319733527e-01,1.934730527402217515e-01,2.282959002075383992e-01,8.244565633047903352e-01,5.052770929433239644e+01
2.143646297685470326e-01,1.792213651185856627e-01,1.904227004384971278e-01,2.277624191290811284e-01,8.240541526422094920e-01,5.069197062968198964e+01
2.163790891424501317e-01,1.776415861405760688e-01,1.887441852743621529e-01,2.299027822138532962e-01,8.240260244120468647e-01,5.083893040084796411e+01
2.191600188540936134e-01,1.789091443175855056e-01,1.900909658374346223e-01,2.328575200324745909e-01,8.239387791073073952e-01,5.097997200505737680e+01
2.196993889548159162e-01,1.794765040299917125e-01,1.906937855318662223e-01,2.334306007644917913e-01,8.226151439022358902e-01,5.109682194021702628e+01
2.201950432983151296e-01,1.807177222331763089e-01,1.920125798727498612e-01,2.339572335044597384e-01,8.204991570787767419e-01,5.121789927098068773e+01
2.206869235644513261e-01,1.822802841033916987e-01,1.936728018598537493e-01,2.344798562872294767e-01,8.172972967790278487e-01,5.137800609485631043e+01
2.216560838842117909e-01,1.823266529980089590e-01,1.937220688103846733e-01,2.355095891269751163e-01,8.145876902714517254e-01,5.156838531025131545e+01
2.225975958709970892e-01,1.820994647048749249e-01,1.934806812489294758e-01,2.365099456129343691e-01,8.125108403421015257e-01,5.178586740558063894e+01
2.230647828889685547e-01,1.816685865108002562e-01,1.930228731677252618e-01,2.370063318195290980e-01,8.107428321598305621e-01,5.204192292211915571e+01
2.232476708798984133e-01,1.801351685460821639e-01,1.913936165802125056e-01,2.372006503098920971e-01,8.081349349093718271e-01,5.230098868618124186e+01
2.241654568323483421e-01,1.785634804629007977e-01,1.897236979918321687e-01,2.381757978843699330e-01,8.052296440582252801e-01,5.256841292777696140e+01
2.247339079043110532e-01,1.784859576027774120e-01,1.896413299529510765e-01,2.387797771483303189e-01,8.033429212525141638e-01,5.282125457872669472e+01
2.250321479562106264e-01,1.782805570037694076e-01,1.894230918165049349e-01,2.390966572034737003e-01,8.009469173299028633e-01,5.310236927666192486e+01
2.240548493832466015e-01,1.780516553140524261e-01,1.891798837711806958e-01,2.380582774696995418e-01,7.981472397581466094e-01,5.335784571743091220e+01
2.239107491966243202e-01,1.779282850559094076e-01,1.890488028719036762e-01,2.379051710214133419e-01,7.950439997944793724e-01,5.361531759172912359e+01
2.249675628154067242e-01,1.784149632398340235e-01,1.895658984423237159e-01,2.390280354913695837e-01,7.928874821085859503e-01,5.384240468263877233e+01
2.265110724464333702e-01,1.790717978515534714e-01,1.902637852172755495e-01,2.406680144743356675e-01,7.911746836960525942e-01,5.404725377633696581e+01
2.281302871445436420e-01,1.799545599750607683e-01,1.912017199735021045e-01,2.423884300910778278e-01,7.896308119333580455e-01,5.423371661793837717e+01
2.299795969858273448e-01,1.812073365094485355e-01,1.925327950412890066e-01,2.443533217974415139e-01,7.882919628257261113e-01,5.440066725464750874e+01
2.318822553272397446e-01,1.831807937487958948e-01,1.946295933580956539e-01,2.463748962851920743e-01,7.870919616031746280e-01,5.454968592403148619e+01
2.339758511845067834e-01,1.856787418750673324e-01,1.972836632422590442e-01,2.485993418835382440e-01,7.859579298662956459e-01,5.468285101941776816e+01
2.367476008427712164e-01,1.886042741991677818e-01,2.003920413366155895e-01,2.515443258954441763e-01,7.848054164045947800e-01,5.481149716404826933e+01
2.401733383084981577e-01,1.918489185044196521e-01,2.038394759109460330e-01,2.551841719527792041e-01,7.836553269330617244e-01,5.493617856417669287e+01
2.442833982090791556e-01,1.952919928678913120e-01,2.074977424221344235e-01,2.595511105971463617e-01,7.824566423675046734e-01,5.506169849550531836e+01
2.479966264187357938e-01,1.981216962276052818e-01,2.105043022418306431e-01,2.634964155699066612e-01,7.814428251438492179e-01,5.516064240774265670e+01
2.502931817056600061e-01,1.997706484890346412e-01,2.122563140195992959e-01,2.659365055622636698e-01,7.808263409723944504e-01,5.521278529677373825e+01
2.517339337589552528e-01,2.007729226050132543e-01,2.133212302678266503e-01,2.674673046188899006e-01,7.804427659669669337e-01,5.524082047130278283e+01
2.514666031696231596e-01,2.024012994877003591e-01,2.150513807056817495e-01,2.671832658677247840e-01,7.808093984171342594e-01,5.525918065966560278e+01
2.506503154331105043e-01,2.041995816876818470e-01,2.169620555431620024e-01,2.663159601476799421e-01,7.814166164931554137e-01,5.527053999357390524e+01
2.497151224545454407e-01,2.060072531213857916e-01,2.188827064414725354e-01,2.653223176079543832e-01,7.820748678035152057e-01,5.527848112489291310e+01
2.486001383458391889e-01,2.080898637887278746e-01,2.210954802755232262e-01,2.641376469924537895e-01,7.828685054550658107e-01,5.528517381020007804e+01
2.475394225122202474e-01,2.103688745849584540e-01,2.235169292465184199e-01,2.630106364192341117e-01,7.837030154486254174e-01,5.529223387546958435e+01
2.466486493314108963e-01,2.128288649187913828e-01,2.261306689762157818e-01,2.620641899146241016e-01,7.845453612532504728e-01,5.530032235037649002e+01
2.460308593514475006e-01,2.155112416442633572e-01,2.289806942470299367e-01,2.614077880609130267e-01,7.853832870426485924e-01,5.530934698570456476e+01
2.444029114677661596e-01,2.175366821198903011e-01,2.311327247523833894e-01,2.596780934345014336e-01,7.865091894883931012e-01,5.530787555836194258e+01
2.420758345375462750e-01,2.192483732591964662e-01,2.329513965878962645e-01,2.572055741961430386e-01,7.878797504985876055e-01,5.529303289845597646e+01
2.425070553234525694e-01,2.217981847563278430e-01,2.356605713035982153e-01,2.576637462811683377e-01,7.895645722042308190e-01,5.528738003261992873e+01
2.429059021525190321e-01,2.234084663853768693e-01,2.373714955344631006e-01,2.580875210370515149e-01,7.923015056466314876e-01,5.530038046366794191e+01
2.429727119296864746e-01,2.241645309608661929e-01,2.381748141459202051e-01,2.581585064252916450e-01,7.946362027947116990e-01,5.528886064129989819e+01
2.431153047890797225e-01,2.237461854627750546e-01,2.377303220541985285e-01,2.583100113383972607e-01,7.960961509073702924e-01,5.518450129329717413e+01
2.431115409485654077e-01,2.227509439880199227e-01,2.366728779872711019e-01,2.583060122578506590e-01,7.971411799265496478e-01,5.505690175216211202e+01
2.410736963397333010e-01,2.212831267027237647e-01,2.351133221216440417e-01,2.561408023609668128e-01,7.975364444384356322e-01,5.491040299903844613e+01
2.337359236442007604e-01,2.201438950396822081e-01,2.339028884796625352e-01,2.483444188719631518e-01,7.981485274189171752e-01,5.478002829618392866e+01
2.291112814810820353e-01,2.219517323197835457e-01,2.358237155897700832e-01,2.434307365736496920e-01,7.992634537455539645e-01,5.468144399741392192e+01
2.240587284994584871e-01,2.210368647611767323e-01,2.348516688087502191e-01,2.380623990306745819e-01,8.001584683226419248e-01,5.460408212990964927e+01
2.182418888179121219e-01,2.190692959258698225e-01,2.327611269212368772e-01,2.318820068690318204e-01,8.020075726957598405e-01,5.453105961253812950e+01
2.110080272689732472e-01,2.168203678386124156e-01,2.303716408285256256e-01,2.241960289732840839e-01,8.042630683697944427e-01,5.447314115480278218e+01
2.004399447991894734e-01,2.132932073271735784e-01,2.266240327851219427e-01,2.129674413491388085e-01,8.072508370639254194e-01,5.448360466460759000e+01
1.886999628526657147e-01,2.091413557347751861e-01,2.222126904681986925e-01,2.004937105309573531e-01,8.107280190507217821e-01,5.447493655389342138e+01
1.781312488700391439e-01,2.063259361856522589e-01,2.192213071972556326e-01,1.892644519244165713e-01,8.127263825735621117e-01,5.445824852371710278e+01
1.690129885062875703e-01,2.043493904857993648e-01,2.171212273911618251e-01,1.795763002879305348e-01,8.138794833764699810e-01,5.444960015690001143e+01
1.617859401067198721e-01,2.023387371907534038e-01,2.149849082651755505e-01,1.718975613633900446e-01,8.155646249463339714e-01,5.447224765783993661e+01
1.559881620158030946e-01,2.007958088630169557e-01,2.133455469169555641e-01,1.657374221417907134e-01,8.171603370681055356e-01,5.450450247025956685e+01
1.503796534973584897e-01,2.005394889920534551e-01,2.130732070540568845e-01,1.597783818409434231e-01,8.182398101989116768e-01,5.456733807784844714e+01
1.464418514947468941e-01,2.018730316031308869e-01,2.144900960783265031e-01,1.555944672131686080e-01,8.192146101630248811e-01,5.463781671471996049e+01
1.446293039170779560e-01,2.032631948106857489e-01,2.159671444863537626e-01,1.536686354118954323e-01,8.204214311971890217e-01,5.471195673766941781e+01
1.443056677491416917e-01,2.044747464876091325e-01,2.172544181430848542e-01,1.533247719834630318e-01,8.219933265878234252e-01,5.477567540543584812e+01
1.451852720848700040e-01,2.066007216501068722e-01,2.195132667532385673e-01,1.542593515901742318e-01,8.232831300020171383e-01,5.486879118652872478e+01
1.477102772549701570e-01,2.089612876181634049e-01,2.220213680942986767e-01,1.569421695834057884e-01,8.238612413798790390e-01,5.500385065712623600e+01
1.501338469164014700e-01,2.129463161173927588e-01,2.262554608747298357e-01,1.595172123486766624e-01,8.239010826744715965e-01,5.509094138139059993e+01
1.539218840200626270e-01,2.163296660524133275e-01,2.298502701806892090e-01,1.635420017713166696e-01,8.238513031410743537e-01,5.515661613266316010e+01
1.587058499146724588e-01,2.210075013282695733e-01,2.348204701612865708e-01,1.686249655343392273e-01,8.235141758488283559e-01,5.520976337132606915e+01
1.621765066500719110e-01,2.266179614123150776e-01,2.407815840005848584e-01,1.723125383157012858e-01,8.221993717037612281e-01,5.525235824113798344e+01
1.671152352242056272e-01,2.320447634086638955e-01,2.465475611217054219e-01,1.775599374257185448e-01,8.208613376260748273e-01,5.531237356677757333e+01
1.737346672296904426e-01,2.368538350584493690e-01,2.516571997496025448e-01,1.845930839315461647e-01,8.196968056362595734e-01,5.539977422596815870e+01
1.785212453315739300e-01,2.419965654827895829e-01,2.571213508254638347e-01,1.896788231647975331e-01,8.182276358031070895e-01,5.553784633415582306e+01
1.821382230215319586e-01,2.453394061106403401e-01,2.606731189925556302e-01,1.935218619603776835e-01,8.167924744974622842e-01,5.572717411556408251e+01
1.865800644255402596e-01,2.474819380058281282e-01,2.629495591311923897e-01,1.982413184521364391e-01,8.159094721433196584e-01,5.596282902130911907e+01
1.903885073200539679e-01,2.477682650030257894e-01,2.632537815657149394e-01,2.022877890275572299e-01,8.161509872621297568e-01,5.620077908007552026e+01
1.907858862443838066e-01,2.480613195111224523e-01,2.635651519805675691e-01,2.027100041346576731e-01,8.160513166811435015e-01,5.645333443428027920e+01
1.901729907267586117e-01,2.474865538668856724e-01,2.629544634835660477e-01,2.020588026471809018e-01,8.161051285462030958e-01,5.675104148302978047e+01
1.893486545808848176e-01,2.472640802345265343e-01,2.627180852491844409e-01,2.011829454921903737e-01,8.157839942776937692e-01,5.701564686947593685e+01
1.889342991774932701e-01,2.477872763019435265e-01,2.632739810708148442e-01,2.007426928760865092e-01,8.151968045169056820e-01,5.721214086345771221e+01
1.888523165751668509e-01,2.491646956221435505e-01,2.647374890985274010e-01,2.006555863611148016e-01,8.146387161687499434e-01,5.746466208967933653e+01
1.876620430885221347e-01,2.499649278846028388e-01,2.655877358773904295e-01,1.993909207815546258e-01,8.153142799225271409e-01,5.778498267887620443e+01
1.865546928034403362e-01,2.506525640964472612e-01,2.663183493524752810e-01,1.982143611036554232e-01,8.159712050946603679e-01,5.809240093023825580e+01
1.869504705649716880e-01,2.520511232435402871e-01,2.678043184462616799e-01,1.986348749752822052e-01,8.169507150639593318e-01,5.828854870704101643e+01
1.880322014006997888e-01,2.522256097149880305e-01,2.679897103221747789e-01,1.997842139882435031e-01,8.183943762246717046e-01,5.851361902685749783e+01
1.896294144965062767e-01,2.516083509093685056e-01,2.673338728412040233e-01,2.014812529025376553e-01,8.200734250313372886e-01,5.872994240203926353e+01
1.908154107608056871e-01,2.515248710655576536e-01,2.672451755071549861e-01,2.027413739333559783e-01,8.210793425873516016e-01,5.887439179255044053e+01
1.914722789246784129e-01,2.517747864427937188e-01,2.675107105954682152e-01,2.034392963574709889e-01,8.216447020134135526e-01,5.896648712516461188e+01
1.918876678335419972e-01,2.519862059702584478e-01,2.677353438433996424e-01,2.038806470731384102e-01,8.219665606499257926e-01,5.901899087272152400e+01
1.921565199578398886e-01,2.521182468158683632e-01,2.678756372418602538e-01,2.041663024552046735e-01,8.221625138894899099e-01,5.904784276577420599e+01
1.923304162749450708e-01,2.522012612405716836e-01,2.679638400681073618e-01,2.043510672921289295e-01,8.222895772778394674e-01,5.906374134449714575e+01
1.924460657643829176e-01,2.522539053325393854e-01,2.680197744158229201e-01,2.044739448746568100e-01,8.223758514833889866e-01,5.907250198076724956e+01
1.925216655932482923e-01,2.522869264635363984e-01,2.680548593675073366e-01,2.045542696928263626e-01,8.224342255821923686e-01,5.907729305632885541e+01
1.925676915705704928e-01,2.523059307228531778e-01,2.680750513930313939e-01,2.046031722937311503e-01,8.224714792124145912e-01,5.907978922919504328e+01
1.925939354134888204e-01,2.523156564127825296e-01,2.680853849385814169e-01,2.046310563768320157e-01,8.224942111996951244e-01,5.908099457958856249e+01
1.926082786129740265e-01,2.523198689095806357e-01,2.680898607164295400e-01,2.046462960262847575e-01,8.225082326288580825e-01,5.908151669322129607e+01
1.926155278660037495e-01,2.523208703997170677e-01,2.680909247996992040e-01,2.046539983576289856e-01,8.225170495639486656e-01,5.908168263974360457e+01
1.926185810393065967e-01,2.523200480785166566e-01,2.680900510834240413e-01,2.046572423542630803e-01,8.225227378787699495e-01,5.908166782665634997e+01
1.926191832967228124e-01,2.523182324850702929e-01,2.680881220153870093e-01,2.046578822527679586e-01,8.225265252621962730e-01,5.908156584196697025e+01
1.932267451382056467e-01,2.522895003356420696e-01,2.680575941066197787e-01,2.053034167093433782e-01,8.227568277697550059e-01,5.907697133813229584e+01
1.955799933168063387e-01,2.525322769949774893e-01,2.683155443071637003e-01,2.078037428991066915e-01,8.235529205844354106e-01,5.904477640842746666e+01
1.981057448872534099e-01,2.527582053962371678e-01,2.685555932335019769e-01,2.104873539427067897e-01,8.244341058150851387e-01,5.901258843357807393e+01
1.968455135703438275e-01,2.515914082265849339e-01,2.673158712407466830e-01,2.091483581684902282e-01,8.253512896234693752e-01,5.898294765964605091e+01
1.937861942201401788e-01,2.499603651551885741e-01,2.655828879773877160e-01,2.058978313588990527e-01,8.262193695183991382e-01,5.895694947121937446e+01
1.915749620713411427e-01,2.487046442519860734e-01,2.642486845177351440e-01,2.035483972008000908e-01,8.268774390558132348e-01,5.891097642780085408e+01
1.919401999059057451e-01,2.480550264564585772e-01,2.635584656099873579e-01,2.039364624000248594e-01,8.259078168382675278e-01,5.884716475028395166e+01
1.931498786086719155e-01,2.478298954547517308e-01,2.633192639206736740e-01,2.052217460217139466e-01,8.246092118616038524e-01,5.878005472388014852e+01
1.979237610529283875e-01,2.462639724293687327e-01,2.616554707062043184e-01,2.102939961187365037e-01,8.238822641916473399e-01,5.865570415566815399e+01
2.041098841681217857e-01,2.453623629808459883e-01,2.606975106671488573e-01,2.168667519286291978e-01,8.222775391048843252e-01,5.851070245036069650e+01
2.058459666750426797e-01,2.468697373122415439e-01,2.622990958942566508e-01,2.187113395922330172e-01,8.219653855904992534e-01,5.843404734013731172e+01
2.045924278755968939e-01,2.494083852770202503e-01,2.649964093568341617e-01,2.173794546178214049e-01,8.206686924464789978e-01,5.830869518437818044e+01
2.023973884462401673e-01,2.492710348405014764e-01,2.648504745180327857e-01,2.150472252241298898e-01,8.198034379729803867e-01,5.820443579791510302e+01
2.016848630456500036e-01,2.465772523716338593e-01,2.619883306448608229e-01,2.142901669860033109e-01,8.205542675703065836e-01,5.817946390612770813e+01
1.996928343287091567e-01,2.430189619716727201e-01,2.582076470949022928e-01,2.121736364742534131e-01,8.212737578186604104e-01,5.818071862535466465e+01
1.983601757492020612e-01,2.379012055845919349e-01,2.527700309336288753e-01,2.107576867335270998e-01,8.239111032274059054e-01,5.835649919501967986e+01
2.034190255063120512e-01,2.328064508055713855e-01,2.473568539809196110e-01,2.161327146004564381e-01,8.267778920542719900e-01,5.858625509537758802e+01
2.087296291398679227e-01,2.273175470633773398e-01,2.415248937548385433e-01,2.217752309611097372e-01,8.294057356887849508e-01,5.884589881406404288e+01
2.148430677305147030e-01,2.218584121631172190e-01,2.357245629233119255e-01,2.282707594636720905e-01,8.317017115335344490e-01,5.911988254132756282e+01
2.209076792714559367e-01,2.162051738732062023e-01,2.297179972402814407e-01,2.347144092259219328e-01,8.333145022889606457e-01,5.935175137797988754e+01
2.269608360225998378e-01,2.105619969015582182e-01,2.237221217079058411e-01,2.411458882740118714e-01,8.342829494158700010e-01,5.956626354297551273e+01
2.332535366981297043e-01,2.050212636174880698e-01,2.178350925935811644e-01,2.478318827417627102e-01,8.347379855332340837e-01,5.978626390985588301e+01
2.393901268223321277e-01,1.997599641960342287e-01,2.122449619582865155e-01,2.543520097487277365e-01,8.350728891911175511e-01,5.998201620968612957e+01
2.443606642388363448e-01,1.946381902032359168e-01,2.068030770909382865e-01,2.596332057537635851e-01,8.350326459015535718e-01,6.019190494028240579e+01
2.438037343332828122e-01,1.906289423058565302e-01,2.025432511999723240e-01,2.590414677291135170e-01,8.345990301520465060e-01,6.043808000977784900e+01
2.434850507081255666e-01,1.855987077999568247e-01,1.971986270374541106e-01,2.587028663773837667e-01,8.342260277151787307e-01,6.064482767324115997e+01
2.442173644929586940e-01,1.792479711716748469e-01,1.904509693699045492e-01,2.594809497737687876e-01,8.338099143909339928e-01,6.080224228883959370e+01
2.449331513104909541e-01,1.736898504631745888e-01,1.845454661171231359e-01,2.602414732673964948e-01,8.328063827826450716e-01,6.091284757047255027e+01
2.442342035289784274e-01,1.703177200927477875e-01,1.809625775985445051e-01,2.594988412495398689e-01,8.308910919860439392e-01,6.098695551654441260e+01
2.417136888184759635e-01,1.671863358631329177e-01,1.776354818545787528e-01,2.568207943696307338e-01,8.286372731787280399e-01,6.104027812946529963e+01
2.373746140778184022e-01,1.644465756083265395e-01,1.747244865838470385e-01,2.522105274576820211e-01,8.266026374315806891e-01,6.109828995815540509e+01
2.324775408563693746e-01,1.623958904786741153e-01,1.725456336335912666e-01,2.470073871598923720e-01,8.256763097338808421e-01,6.117562272824017811e+01
2.283682769504312982e-01,1.593007114657298273e-01,1.692570059323379450e-01,2.426412942598332179e-01,8.252059383991069419e-01,6.120366117319459676e+01
2.201892837783476220e-01,1.562539688679727423e-01,1.660198419222210509e-01,2.339511140144943380e-01,8.238219073163772777e-01,6.120663285713978752e+01
2.096564249028920468e-01,1.537100901785238838e-01,1.633169708146817445e-01,2.227599514593225916e-01,8.221241231275228101e-01,6.126369256434202981e+01
2.005194074394901771e-01,1.521041898170924500e-01,1.616107016806607455e-01,2.130518704044582767e-01,8.210486860158267008e-01,6.135495745983143223e+01
1.926868524209288391e-01,1.502758006365471910e-01,1.596680381763312950e-01,2.047297806972370737e-01,8.202920988189736917e-01,6.137936841377435115e+01
1.873388679784721289e-01,1.472335412624384554e-01,1.564356375913408814e-01,1.990475472271266699e-01,8.196307235877027253e-01,6.138259766066119738e+01
1.839889750379945788e-01,1.446529478398726754e-01,1.536937570798648234e-01,1.954882859778689086e-01,8.188564745085447072e-01,6.138837755324102829e+01
1.835107701399617264e-01,1.425098158496712064e-01,1.514166793402756395e-01,1.949801932737092458e-01,8.180698977685639806e-01,6.138857543788149229e+01
1.850351359463751066e-01,1.402716174575961983e-01,1.490385935486959190e-01,1.965998319430235508e-01,8.173228096538112109e-01,6.138419179497928013e+01
1.879536147649683853e-01,1.380409721724781547e-01,1.466685329332580723e-01,1.997007156877789735e-01,8.166031581293958785e-01,6.135839327037800928e+01
1.905181051184862973e-01,1.359330974110088686e-01,1.444289159991969940e-01,2.024254866883916648e-01,8.156149890294247529e-01,6.135041749609187178e+01
1.925639046096408458e-01,1.345930259698525644e-01,1.430050900929684121e-01,2.045991486477433674e-01,8.143559389881059873e-01,6.135939237548118541e+01
1.940010595229079426e-01,1.337418505263050783e-01,1.421007161841990885e-01,2.061261257430897775e-01,8.133275999017079982e-01,6.135931231440130773e+01
1.953733643709099632e-01,1.324531468023049385e-01,1.407314684774489399e-01,2.075841996440917214e-01,8.125713835052701395e-01,6.135413263908580461e+01
1.965990805889386017e-01,1.313724232676160564e-01,1.395831997218421050e-01,2.088865231257472643e-01,8.120640177191508213e-01,6.134505882791518871e+01
1.976356633792870909e-01,1.304269719564022101e-01,1.385786577036773326e-01,2.099878923404924769e-01,8.116481542815571215e-01,6.133930360150446859e+01
1.985272558015673816e-01,1.297596115247660331e-01,1.378695872450639570e-01,2.109352092891653152e-01,8.113693797948652309e-01,6.134101115191447207e+01
1.992400286204886739e-01,1.292800414254743069e-01,1.373600440145665291e-01,2.116925304092692195e-01,8.112443121460870543e-01,6.134169158840279579e+01
1.997071091004830878e-01,1.289949700941294686e-01,1.370571557250124806e-01,2.121888034192631889e-01,8.111735169531273382e-01,6.134212053291708600e+01
1.999879382772619674e-01,1.288275372112059614e-01,1.368792582869063079e-01,2.124871844195907189e-01,8.111350074277812183e-01,6.134234517533089814e+01
2.001527005964300054e-01,1.287308405658867672e-01,1.367765181012546849e-01,2.126622443837069831e-01,8.111156419174737620e-01,6.134244457350043689e+01
2.002471127778846782e-01,1.286764029522873831e-01,1.367186781368054105e-01,2.127625573265023717e-01,8.111074895373746596e-01,6.134247044113931935e+01
2.002998499272993782e-01,1.286469174770085988e-01,1.366873498193215686e-01,2.128185905477555651e-01,8.111050087062209313e-01,6.134246732869358709e+01
2.003275841845859051e-01,1.286323527776396525e-01,1.366718748262422400e-01,2.128480581961224027e-01,8.111057036503044326e-01,6.134245036192460532e+01
2.003404244266432099e-01,1.286266065787958490e-01,1.366657694899706121e-01,2.128617009533083360e-01,8.111080775657494302e-01,6.134242744291046989e+01
2.003445197881246753e-01,1.286259725558039080e-01,1.366650958405417060e-01,2.128660522748823947e-01,8.111112600199125167e-01,6.134240267968156246e+01
2.000090195048520314e-01,1.289214240337087924e-01,1.369790130358156111e-01,2.125095832239052573e-01,8.113342040390406629e-01,6.134309216149497956e+01
1.979883091085447577e-01,1.308227530235815950e-01,1.389991750875554932e-01,2.103625784278287114e-01,8.127406819680897954e-01,6.134796622582888403e+01
1.961016622943036192e-01,1.328867765669944079e-01,1.411922001024316642e-01,2.083580161876975034e-01,8.142144822243863045e-01,6.135261948467640281e+01
1.944942329467404252e-01,1.350507345545558791e-01,1.434914054642157377e-01,2.066501225059114988e-01,8.157023324838613698e-01,6.135707371175427483e+01
1.932339200693809766e-01,1.373490378047934890e-01,1.459333526675930526e-01,2.053110400737173102e-01,8.172223701106240412e-01,6.136167171282293253e+01
1.924428755697879800e-01,1.397517948090069850e-01,1.484862819845699233e-01,2.044705552928997028e-01,8.187451642308215538e-01,6.136644979126119637e+01
1.925411038499283689e-01,1.423634965782307193e-01,1.512612151143701011e-01,2.045749228405489006e-01,8.203641176872809027e-01,6.137205309188421865e+01
1.941084196442239840e-01,1.451764806538109742e-01,1.542500106946741445e-01,2.062401958719880246e-01,8.221261995907249709e-01,6.137831071854763110e+01
1.965916027562119861e-01,1.480625341465461875e-01,1.573164425307053138e-01,2.088785779284753064e-01,8.238817373243769726e-01,6.138472951716286019e+01
1.979267507085228084e-01,1.526366970759991670e-01,1.621764906432492104e-01,2.102971726278054232e-01,8.239757309017362585e-01,6.136119022632627207e+01
1.996397107510395341e-01,1.596190043883151388e-01,1.695951921625848402e-01,2.121171926729794599e-01,8.228474995975064710e-01,6.125070400713432406e+01
2.011455741021591082e-01,1.683242632209510370e-01,1.788445296722606381e-01,2.137171724835439934e-01,8.209279263341449084e-01,6.111527509341301112e+01
2.031236170681376685e-01,1.779060560958900805e-01,1.890251846018830562e-01,2.158188431348962988e-01,8.184658126620686369e-01,6.099669608636331475e+01
2.064302314281888928e-01,1.877060803054842186e-01,1.994377103245768557e-01,2.193321208924506327e-01,8.168743171081552790e-01,6.090469896326416688e+01
2.041356094295568024e-01,1.951573944720267073e-01,2.073547316265283158e-01,2.168940850189040037e-01,8.165831343644155416e-01,6.084239229366601620e+01
1.977029825366289351e-01,2.017379975049567731e-01,2.143466223490166356e-01,2.100594189451682192e-01,8.176119311871143935e-01,6.074889728141367584e+01
1.903842712096704415e-01,2.076967335029707984e-01,2.206777793469067439e-01,2.022832881602749378e-01,8.191217617163265574e-01,6.067617185617064024e+01
1.850778603233328989e-01,2.130404777572830199e-01,2.263555076171132330e-01,1.966452265935410282e-01,8.206898798205906065e-01,6.060181477040872977e+01
1.793123293470961221e-01,2.195462656377585864e-01,2.332679072401185327e-01,1.905193499312895777e-01,8.215603063361892611e-01,6.055880156448706941e+01
1.740776271396571040e-01,2.253710858518947757e-01,2.394567787176383189e-01,1.849574788358857025e-01,8.222565351133780398e-01,6.054823210509802323e+01
1.711032917230747297e-01,2.317877031166377944e-01,2.462744345614277797e-01,1.817972474557668638e-01,8.232741624553930881e-01,6.056436535007379973e+01
1.678299259692358214e-01,2.370218787864660503e-01,2.518357462106202704e-01,1.783192963423130828e-01,8.238589591397438294e-01,6.058331760938165189e+01
1.649371467238041900e-01,2.412535983856409771e-01,2.563319482847438713e-01,1.752457183940416829e-01,8.244273884721602386e-01,6.056999256803519671e+01
1.617289131798703150e-01,2.461552426640369606e-01,2.615399453305391475e-01,1.718369702536123034e-01,8.246668108333284897e-01,6.054829268825689326e+01
1.573416828498520048e-01,2.505008923923687791e-01,2.661571981668920395e-01,1.671755380279676961e-01,8.247168606963898307e-01,6.054840001955719231e+01
1.532696795361182529e-01,2.543556759959419988e-01,2.702529057456882211e-01,1.628490345071255396e-01,8.248321476833063715e-01,6.057167332886424305e+01
1.494234514554967086e-01,2.574221887108640305e-01,2.735110755052930775e-01,1.587624171714652477e-01,8.249820668932347223e-01,6.060120808843931428e+01
1.464484436124992295e-01,2.584977389192203989e-01,2.746538476016716634e-01,1.556014713382803394e-01,8.250261839835729694e-01,6.066829037038175443e+01
1.452673646148106013e-01,2.586230868901078228e-01,2.747870298207396589e-01,1.543465749032364165e-01,8.252085120099560411e-01,6.075990548884801967e+01
1.466091755902422800e-01,2.582175678708370503e-01,2.743561658627645672e-01,1.557722490646322455e-01,8.272215173616399575e-01,6.087894397379891842e+01
1.515144087389328209e-01,2.565082215254886333e-01,2.725399853708316833e-01,1.609840592851161378e-01,8.306566046759593647e-01,6.096119224593564212e+01
1.585529867383258518e-01,2.548041753105794727e-01,2.707294362674905752e-01,1.684625484094713632e-01,8.338294878210458227e-01,6.099009996916431930e+01
1.660410755896858381e-01,2.531372733172325140e-01,2.689583528995595496e-01,1.764186428140408491e-01,8.361187151660415262e-01,6.099642181804387775e+01
1.716710203507749999e-01,2.515902710141710852e-01,2.673146629525569029e-01,1.824004591226986161e-01,8.377687534307980410e-01,6.098304893093777679e+01
1.731777101256423146e-01,2.512698467498362120e-01,2.669742121717009753e-01,1.840013170084950356e-01,8.397322596684897444e-01,6.095325298003800896e+01
1.670240172282164703e-01,2.516823526953482770e-01,2.674124997388075409e-01,1.774630183049799026e-01,8.406408305713668483e-01,6.110480926004483138e+01
1.612612478601959110e-01,2.504239191683120258e-01,2.660754141163315656e-01,1.713400758514581068e-01,8.416287166311815504e-01,6.118496087493037550e+01
1.638799373326192410e-01,2.449476787044861104e-01,2.602569086235165807e-01,1.741224334159078568e-01,8.443013317129618445e-01,6.137368295938558305e+01
1.688543735640028465e-01,2.417048719203205298e-01,2.568114264153407156e-01,1.794077719117528891e-01,8.461558462999642094e-01,6.158121484786364874e+01
1.740219333659185907e-01,2.390753643772260684e-01,2.540175746508027688e-01,1.848983042012885269e-01,8.477379328339333941e-01,6.180326095957452281e+01
1.807994800659109003e-01,2.357559825309135382e-01,2.504907314390957263e-01,1.920994475700303350e-01,8.493573219067360736e-01,6.204653681934536991e+01
1.872861538620471389e-01,2.324037092027460283e-01,2.469289410279176533e-01,1.989915384784249897e-01,8.506063078285281964e-01,6.230652314649838530e+01
1.937063577569506090e-01,2.294269527037262613e-01,2.437661372477091248e-01,2.058130051167602337e-01,8.516736144162745381e-01,6.254573735718273042e+01
2.016970297833652337e-01,2.256920340025106997e-01,2.397977861276676670e-01,2.143030941448255677e-01,8.533459587144482938e-01,6.272491828015818527e+01
2.124433000235926572e-01,2.202480963804999692e-01,2.340136024042811236e-01,2.257210062750670543e-01,8.556885044392905648e-01,6.269605008252969469e+01
2.238657816278846469e-01,2.146456911474376172e-01,2.280610468441524874e-01,2.378573929796273800e-01,8.586361784055217550e-01,6.261109258628204088e+01
2.315305712909356828e-01,2.110107793985908364e-01,2.241989531110027134e-01,2.460012319966191630e-01,8.604240393074822357e-01,6.255391678003697820e+01
2.330065962155334625e-01,2.094789589607665425e-01,2.225713938958144567e-01,2.475695084790042744e-01,8.614930996760917781e-01,6.252851064058861397e+01
2.330595228982370315e-01,2.087918225120589388e-01,2.218413114190626867e-01,2.476257430793768755e-01,8.622568385375121158e-01,6.251473039420149291e+01
2.324687023621161697e-01,2.083739135875947168e-01,2.213972831868193936e-01,2.469979962597486089e-01,8.633203626200243175e-01,6.251846164366131120e+01
2.316424872752584074e-01,2.081075948138900733e-01,2.211143194897582098e-01,2.461201427299619660e-01,8.640553772632970642e-01,6.251559920621356525e+01
2.311571780723418179e-01,2.079428021736540455e-01,2.209392273095072412e-01,2.456045017018632370e-01,8.645419047946636404e-01,6.251430939779733365e+01
2.309016915117124980e-01,2.078329198181626258e-01,2.208224773067978541e-01,2.453330472311945898e-01,8.648579403651279751e-01,6.251371626494813682e+01
2.307477893767513055e-01,2.077628217971168312e-01,2.207479981594366036e-01,2.451695262127984443e-01,8.650684563325101717e-01,6.251363647894690700e+01
2.306316659792032597e-01,2.077284543938721639e-01,2.207114827934892054e-01,2.450461451029033455e-01,8.652083284889491299e-01,6.251386978970651143e+01
2.305436251645357482e-01,2.077142917796098720e-01,2.206964350158355515e-01,2.449526017373191977e-01,8.652995391605853293e-01,6.251416113226211735e+01
2.304797092971908046e-01,2.077096792874692233e-01,2.206915342429361382e-01,2.448846911282651084e-01,8.653551044747026522e-01,6.251434056819286411e+01
2.304348075629938930e-01,2.077098133535774660e-01,2.206916766881760750e-01,2.448369830356807997e-01,8.653879094165721764e-01,6.251440121049675724e+01
2.312606698708948028e-01,2.081564564331236933e-01,2.211662349601939137e-01,2.457144617378259344e-01,8.653066238973723401e-01,6.247379945117761935e+01
2.324242054799361135e-01,2.087452186776474483e-01,2.217917948450005006e-01,2.469507183224321778e-01,8.651470924560312747e-01,6.242322883449671167e+01
2.335399231942196230e-01,2.095297151877325292e-01,2.226253223869658626e-01,2.481361683938581586e-01,8.648741388816161280e-01,6.236471082963535650e+01
2.346287217664526081e-01,2.103280866477781341e-01,2.234735920632643646e-01,2.492930168768559274e-01,8.644681062704229202e-01,6.229219043175636017e+01
2.365757070671174467e-01,2.109238952562929592e-01,2.241066387098111790e-01,2.513616887588123183e-01,8.640677822950135756e-01,6.220443684673549001e+01
2.390353476803750155e-01,2.110110287094653647e-01,2.241992180038068772e-01,2.539750569103985112e-01,8.638755808197977615e-01,6.209707321458928675e+01
2.434713994466116693e-01,2.112516564329651458e-01,2.244548849600255247e-01,2.586883619120246003e-01,8.631202331365809277e-01,6.198916315023912205e+01
2.470055108350756312e-01,2.114485457064800566e-01,2.246640798131349648e-01,2.624433552622680299e-01,8.620973951585074735e-01,6.189079118749916830e+01
2.455507007886340576e-01,2.103207126489573531e-01,2.234657571895172778e-01,2.608976195879235682e-01,8.606875169170840056e-01,6.179699576233102931e+01
2.400568651208758730e-01,2.108124967693931484e-01,2.239882778174801525e-01,2.550604191909305873e-01,8.585818854545164136e-01,6.169452289556819125e+01
2.338195431947170388e-01,2.119928281888287802e-01,2.252423799506305668e-01,2.484332646443866144e-01,8.560322408789329263e-01,6.159686751492072432e+01
2.265861097450432293e-01,2.147001187309152959e-01,2.281188761515975938e-01,2.407477416041081952e-01,8.538075118851192746e-01,6.151205519842961422e+01
2.214988145502754524e-01,2.185035373375127377e-01,2.321600084211073722e-01,2.353424904596675971e-01,8.510676973206047213e-01,6.142964281605802057e+01
2.137954201465661896e-01,2.209499766547664001e-01,2.347593501956892759e-01,2.271576339057265748e-01,8.483412675415792359e-01,6.136381353444330244e+01
2.085866549764961719e-01,2.207465964768186573e-01,2.345432587566198823e-01,2.216233209125270387e-01,8.464096782726080459e-01,6.126738903685130566e+01
2.048865455581375117e-01,2.200403035136708763e-01,2.337928224832754032e-01,2.176919546555209917e-01,8.441347602977826714e-01,6.114420232877863270e+01
2.013005444552652679e-01,2.192197927290624182e-01,2.329210297746289737e-01,2.138818284837192829e-01,8.416438198046396479e-01,6.104150219572780145e+01
1.991811114509287328e-01,2.165234656987021222e-01,2.300561823048710153e-01,2.116299309166117804e-01,8.388783956843871570e-01,6.096770915774120425e+01
2.015684597332586536e-01,2.096785200923344528e-01,2.227834275981052936e-01,2.141664884665870905e-01,8.378054426212213635e-01,6.086632942718340189e+01
2.053723660173308596e-01,2.027486337874984945e-01,2.154204233992171869e-01,2.182081388934139776e-01,8.370475647704310740e-01,6.081933367107959043e+01
2.093638444461146109e-01,1.962607628496500223e-01,2.085270605277533551e-01,2.224490847239967428e-01,8.362204029540151184e-01,6.074040202677856826e+01
2.117276514605171689e-01,1.911627394846567574e-01,2.031104107024477579e-01,2.249606296767996116e-01,8.361762352816438648e-01,6.057018908294815418e+01
2.116737373273183120e-01,1.884026270713004825e-01,2.001777912632568546e-01,2.249033459102754984e-01,8.352484771527578511e-01,6.030259817864993011e+01
2.106915853145156781e-01,1.852954850332932668e-01,1.968764528478741949e-01,2.238598093966728542e-01,8.339121898161098168e-01,6.032884026704411440e+01
2.103121320682216355e-01,1.816337600567965727e-01,1.929858700603464539e-01,2.234566403224855224e-01,8.318503117507046740e-01,6.039593314736752205e+01
2.090026140582589287e-01,1.756725724035213820e-01,1.866521081787415604e-01,2.220652774369000493e-01,8.298028187152769464e-01,6.041919527114286836e+01
2.087799795485614507e-01,1.694231096113907598e-01,1.800120539621027638e-01,2.218287282703464147e-01,8.274434418231275679e-01,6.041465509836285719e+01
2.107574885480636706e-01,1.625913121177285647e-01,1.727532691250865116e-01,2.239298315823178287e-01,8.246282165544517317e-01,6.042458646433870229e+01
2.117492640834036655e-01,1.564167335928110247e-01,1.661927794423617433e-01,2.249835930886160962e-01,8.215545555647831844e-01,6.038737641131334755e+01
2.123276062053416346e-01,1.515409312195998559e-01,1.610122394208248486e-01,2.255980815931753758e-01,8.184362605384301048e-01,6.034340629449391002e+01
2.137003825808641011e-01,1.483008868623827137e-01,1.575696922912815656e-01,2.270566564921684405e-01,8.156624958425326977e-01,6.029813117479945817e+01
2.131194769569704772e-01,1.458879116040554536e-01,1.550059060793090304e-01,2.264394442667811702e-01,8.128144081356258877e-01,6.024342926962933120e+01
2.124836376907563162e-01,1.445311224860331423e-01,1.535643176414101529e-01,2.257638650464286745e-01,8.102109385399973718e-01,6.023724412056585464e+01
2.104257214752243699e-01,1.442777537563110779e-01,1.532951133660805654e-01,2.235773290674258895e-01,8.074155796324429257e-01,6.025634912831458934e+01
2.080217304229605990e-01,1.426595255568757215e-01,1.515757459041806310e-01,2.210230885743954543e-01,8.057217250441641720e-01,6.025509035028575511e+01
2.063412794223823399e-01,1.408072985697287616e-01,1.496077547303368560e-01,2.192376093862811459e-01,8.047063494061957867e-01,6.029644750067389936e+01
2.038831300326684470e-01,1.386391160823689517e-01,1.473040608375170424e-01,2.166258256597103082e-01,8.021468141473395708e-01,6.036227362152630604e+01
2.026880611162416856e-01,1.374119988098018441e-01,1.460002487354143397e-01,2.153560649360070633e-01,7.993545814955057560e-01,6.041398244696006969e+01
2.029265344065019350e-01,1.363658769072184362e-01,1.448887442139194792e-01,2.156094428069082747e-01,7.964063266227539017e-01,6.046588734325605685e+01
2.042260848779215154e-01,1.350146822797077817e-01,1.434530999221895753e-01,2.169902151827915460e-01,7.933859030342909069e-01,6.053652955262823809e+01
2.051125104949919620e-01,1.340622492072539584e-01,1.424411397827073655e-01,2.179320424009288104e-01,7.902668905577903136e-01,6.060688945420467633e+01
2.059361556758090017e-01,1.331278016499014005e-01,1.414482892530202207e-01,2.188071654055470106e-01,7.874278940199384014e-01,6.070859282652798328e+01
2.076755056417854128e-01,1.335311350990571744e-01,1.418768310427481749e-01,2.206552247443968329e-01,7.860886362611926304e-01,6.079220361098123249e+01
2.088521655409915079e-01,1.340271631730281798e-01,1.424038608713424081e-01,2.219054258873033592e-01,7.857212181431619813e-01,6.086281756691953859e+01
2.085202206624860999e-01,1.348139277492784727e-01,1.432397982336084397e-01,2.215527344538914811e-01,7.863443279814880116e-01,6.090888782438398152e+01
2.086770308820994069e-01,1.349633949460451177e-01,1.433986071301729670e-01,2.217193453122305591e-01,7.869419835513000727e-01,6.092118769552545388e+01
2.090913685719549275e-01,1.344275900550452318e-01,1.428293144334855658e-01,2.221595791077020654e-01,7.876821477500236535e-01,6.092863402277003360e+01
2.093536686373156097e-01,1.340413760207212757e-01,1.424189620220164265e-01,2.224382729271477399e-01,7.884599120783880588e-01,6.094757260226294449e+01
2.097475510124632569e-01,1.330625757764297978e-01,1.413789867624568874e-01,2.228567729507421324e-01,7.890238443105886956e-01,6.097092396604859488e+01
2.105898699956786913e-01,1.319021545326715950e-01,1.401460391909637171e-01,2.237517368704086407e-01,7.893607959791805184e-01,6.100638241065376377e+01
2.110146298830225808e-01,1.310581806436158792e-01,1.392493169338419601e-01,2.242030442507113031e-01,7.895596778012980987e-01,6.103798483961507770e+01
2.112103421742475839e-01,1.305357683021801662e-01,1.386942538210665377e-01,2.244109885601379140e-01,7.896999723905596680e-01,6.106113867148685870e+01
2.115378848975419113e-01,1.299534517774403319e-01,1.380755425135305192e-01,2.247590027036381333e-01,7.897612374309042060e-01,6.107959811219976132e+01
2.118468217538333198e-01,1.295295348411737435e-01,1.376251307687471614e-01,2.250872481134479630e-01,7.897537688579727710e-01,6.109293584025178347e+01
2.121101533694170482e-01,1.292808575000754800e-01,1.373609110938301403e-01,2.253670379550056502e-01,7.897541592073359373e-01,6.110022428211090073e+01
2.123112378170510517e-01,1.291434818590488087e-01,1.372149494752393784e-01,2.255806901806167442e-01,7.897613239896681403e-01,6.110418629831102066e+01
2.124612840369437261e-01,1.290702675357884299e-01,1.371371592567752762e-01,2.257401142892526136e-01,7.897719728843948239e-01,6.110632608957927658e+01
2.125700475113272703e-01,1.290337068834272183e-01,1.370983135636413275e-01,2.258556754807852229e-01,7.897836866099738895e-01,6.110747337155565617e+01
2.126515207709365196e-01,1.290187929869187344e-01,1.370824675486012612e-01,2.259422408191201770e-01,7.897957755478273167e-01,6.110808491835381773e+01
2.127224863304114366e-01,1.290187146073958346e-01,1.370823842703581263e-01,2.260176417260621740e-01,7.898091278644339130e-01,6.110841636733828608e+01
2.128014820988162747e-01,1.290318178411415384e-01,1.370963064562129852e-01,2.261015747299922329e-01,7.898258774486534017e-01,6.110861402511613960e+01
2.119490183785127102e-01,1.298299805146278241e-01,1.379443542967920822e-01,2.251958320271697511e-01,7.904270404071800371e-01,6.111018328484158957e+01
2.104132979710514606e-01,1.313240888394357486e-01,1.395318443919004725e-01,2.235641290942421144e-01,7.915301829750063245e-01,6.111281277268017931e+01
2.087343531550507336e-01,1.332133362117651765e-01,1.415391697250004133e-01,2.217802502272414322e-01,7.928953259609438087e-01,6.111618212921769810e+01
2.072950951965749633e-01,1.352751063135707310e-01,1.437298004581687993e-01,2.202510386463608916e-01,7.943495576063169805e-01,6.111999904537747597e+01
2.062433492401359036e-01,1.374677542076387093e-01,1.460594888456161200e-01,2.191335585676444375e-01,7.958547348868774129e-01,6.112405039643681448e+01
2.056912378643857564e-01,1.397792064098612452e-01,1.485154068104775626e-01,2.185469402309097586e-01,7.973971741959676729e-01,6.112836074926302388e+01
2.057455142925521119e-01,1.421917829092278207e-01,1.510787693410547139e-01,2.186046089358364974e-01,7.989598424656386699e-01,6.113292314517480008e+01
2.064887821616057939e-01,1.446022480670258736e-01,1.536398885712150497e-01,2.193943310467061925e-01,8.004763482042633882e-01,6.113753927680841826e+01
2.076107035071552698e-01,1.474555366415912228e-01,1.566715076816907748e-01,2.205863724763522660e-01,8.018749223281727012e-01,6.114148835435418050e+01
2.083481488602610676e-01,1.512119179162067506e-01,1.606626627859697454e-01,2.213699081640273236e-01,8.028697379550887581e-01,6.111932593914018241e+01
2.088581482768780417e-01,1.575249682584790867e-01,1.673702787746341181e-01,2.219117825441828951e-01,8.032439851568506928e-01,6.104847749576501315e+01
2.084402482386324973e-01,1.671228249913322139e-01,1.775680015532906664e-01,2.214677637535468202e-01,8.026247278166265264e-01,6.093946757407820058e+01
2.078843876912900013e-01,1.767181786574660574e-01,1.877630648235577571e-01,2.208771619219957183e-01,8.014790931357196335e-01,6.086476999143820166e+01
2.031199709113203911e-01,1.835515807766008589e-01,1.950235545751383970e-01,2.158149690932781029e-01,8.011833633799152476e-01,6.081793900372942119e+01
1.981803904405440298e-01,1.899558332032347530e-01,2.018280727784368955e-01,2.105666648430780941e-01,8.035993736228257411e-01,6.082053572178896417e+01
1.944670261214123119e-01,1.954264060779197232e-01,2.076405564577899487e-01,2.066212152540002900e-01,8.062300607933655661e-01,6.080281700775051945e+01
1.895181654700467400e-01,2.012967503759593435e-01,2.138777972744567712e-01,2.013630508119244877e-01,8.090325867504977175e-01,6.075545630331188107e+01
1.861019494722332968e-01,2.063460451520475469e-01,2.192426729740503399e-01,1.977333213142480894e-01,8.122290936647095227e-01,6.070798824590371368e+01
1.795890305591340552e-01,2.078377791055222024e-01,2.208276402996174614e-01,1.908133449690798122e-01,8.156244732311650480e-01,6.064700326491733051e+01
1.731625675354397931e-01,2.088232236676683673e-01,2.218746751468977652e-01,1.839852280064047663e-01,8.186879530175196207e-01,6.059471776890248407e+01
1.645204438716080797e-01,2.121024299976227989e-01,2.253588318724741024e-01,1.748029716135838241e-01,8.210135574389468838e-01,6.059442226029582201e+01
1.542472709270095166e-01,2.170633679729127019e-01,2.306298284712198221e-01,1.638877253599475559e-01,8.229661898681081000e-01,6.061724727725541584e+01
1.467790831885081582e-01,2.231828923754294314e-01,2.371318231488938333e-01,1.559527758877899406e-01,8.248356894616947210e-01,6.066223655180033347e+01
1.424943090451961103e-01,2.303241948735805789e-01,2.447194570531794344e-01,1.514002033605210129e-01,8.262777512845804750e-01,6.072262389737759491e+01
1.404446485338037842e-01,2.372963474439379883e-01,2.521273691591840449e-01,1.492224390671665901e-01,8.271227317482331420e-01,6.077091133904634290e+01
1.383527542698049229e-01,2.428120498511147085e-01,2.579878029668093431e-01,1.469998014116677132e-01,8.266776429164156559e-01,6.082223290012252903e+01
1.360559664374657862e-01,2.468344687892425615e-01,2.622616230885701505e-01,1.445594643398073198e-01,8.264655273887941966e-01,6.091560098472902496e+01
1.358386321642331418e-01,2.496358591719629039e-01,2.652381003702106721e-01,1.443285466744977097e-01,8.270387715900215930e-01,6.109809324650128559e+01
1.391846819075567010e-01,2.521166105810328517e-01,2.678738987423475160e-01,1.478837245267790590e-01,8.277178777583409364e-01,6.128138924630860629e+01
1.447342894341717978e-01,2.546681085139644307e-01,2.705848652960872736e-01,1.537801825238076792e-01,8.286420394951645729e-01,6.144325815467747987e+01
1.480490945733090868e-01,2.587997331232531062e-01,2.749747164434565572e-01,1.573021629841407365e-01,8.291441217363398897e-01,6.153197603142918126e+01
1.513910325487642372e-01,2.616386630220978171e-01,2.779910794609787850e-01,1.608529720830621790e-01,8.293897713292222029e-01,6.165748173103103369e+01
1.528644555945173067e-01,2.632774359870438396e-01,2.797322757362343260e-01,1.624184840691746678e-01,8.292490553135183351e-01,6.180566190934238335e+01
1.536325774554480050e-01,2.638574656623302039e-01,2.803485572662258729e-01,1.632346135464134151e-01,8.303502570600234112e-01,6.190720793810768185e+01
1.524254493588182435e-01,2.641038669942972761e-01,2.806103586814407969e-01,1.619520399437442693e-01,8.315283113409305260e-01,6.202737740692523261e+01
1.509849490137344374e-01,2.638464025709335026e-01,2.803368027316169298e-01,1.604215083270927600e-01,8.331040142000655235e-01,6.211775603634843179e+01
1.478975955582734203e-01,2.629436529644725851e-01,2.793776312747521806e-01,1.571411952806655854e-01,8.339236323007951368e-01,6.216601695488400026e+01
1.432412432871537911e-01,2.618496395889118866e-01,2.782152420632187928e-01,1.521938209926008978e-01,8.350289403857894532e-01,6.225074412709472682e+01
1.396636207846254918e-01,2.592437688041235866e-01,2.754465043543812275e-01,1.483925970836645347e-01,8.374483697916700331e-01,6.241928483985787324e+01
1.379494805610305963e-01,2.553145757727453558e-01,2.712717367585419925e-01,1.465713230960948577e-01,8.399363019796535212e-01,6.259527715427501704e+01
1.398625274547591613e-01,2.534031150612405803e-01,2.692408097525680333e-01,1.486039354206816487e-01,8.413890072881766713e-01,6.280030123717104829e+01
1.449545294957955699e-01,2.495999336822454229e-01,2.651999295373858589e-01,1.540141875892827028e-01,8.436344943563649501e-01,6.291188214161167025e+01
1.529204567517033764e-01,2.436180176624061500e-01,2.588441437663065448e-01,1.624779852986848738e-01,8.462575473834017536e-01,6.292856241763531955e+01
1.601655185127980052e-01,2.378634592599012387e-01,2.527299254636450332e-01,1.701758634198479725e-01,8.489310299663297421e-01,6.285419805538169413e+01
1.694635733611782047e-01,2.323702095342495000e-01,2.468933476301400920e-01,1.800550466962516916e-01,8.516692746368451639e-01,6.263806636187162979e+01
1.782257784284465296e-01,2.271999868952506996e-01,2.413999860762039429e-01,1.893648895802241827e-01,8.552818837869783364e-01,6.245201325911553170e+01
1.840987985783147929e-01,2.237497739767297933e-01,2.377341348502752805e-01,1.956049734894595160e-01,8.577390349445460638e-01,6.235975858298475316e+01
1.884576289808009841e-01,2.216692617124312592e-01,2.355235905694581799e-01,2.002362307921005669e-01,8.594660436673384751e-01,6.228837382428745428e+01
1.912500523782100226e-01,2.202469285527063059e-01,2.340123615872503615e-01,2.032031806518483918e-01,8.610196090488375642e-01,6.225725845060244268e+01
1.935552339562456592e-01,2.193321987470000511e-01,2.330404611686877070e-01,2.056524360785107475e-01,8.623392096143873697e-01,6.223810733741335355e+01
1.954782636454882039e-01,2.184053063302769659e-01,2.320556379759191878e-01,2.076956551233308246e-01,8.632839505210120334e-01,6.222574338539216399e+01
1.967823833693518321e-01,2.177666141284641532e-01,2.313770275114932218e-01,2.090812823299361967e-01,8.639387290753237636e-01,6.221998591842185533e+01
1.976841093138549388e-01,2.173503815347564150e-01,2.309347803806786892e-01,2.100393661459710182e-01,8.643607385685510014e-01,6.221711406774377906e+01
1.982887674524468069e-01,2.170870601387830390e-01,2.306550013974570379e-01,2.106818154182246161e-01,8.646364375999997520e-01,6.221600073123268970e+01
1.986568424631902086e-01,2.169335123842688895e-01,2.304918569082856916e-01,2.110728951171394752e-01,8.648248724215781280e-01,6.221593876487430919e+01
1.988663039758378215e-01,2.168536834023131188e-01,2.304070386149576488e-01,2.112954479743275327e-01,8.649573369536962542e-01,6.221642658816567462e+01
1.989821272734395019e-01,2.168172829111059685e-01,2.303683630930500603e-01,2.114185102280297379e-01,8.650509997574418186e-01,6.221710974501498015e+01
1.985962164509512962e-01,2.169455689073750415e-01,2.305046669640861690e-01,2.110084799791356047e-01,8.650254069043029626e-01,6.221188333465037346e+01
1.984223209695783474e-01,2.169468037079529121e-01,2.305059789397000403e-01,2.108237160301771052e-01,8.650021017286604330e-01,6.220210072822706593e+01
1.991256113133288153e-01,2.166451362357742216e-01,2.301854572505102059e-01,2.115709620204117014e-01,8.650840175432756851e-01,6.217954696502908263e+01
1.999633395656594537e-01,2.163048757595686655e-01,2.298239304945419170e-01,2.124610482885128104e-01,8.651524446466594132e-01,6.215614173276659926e+01
2.011196608482528070e-01,2.160024977918532929e-01,2.295026539038441671e-01,2.136896396512685814e-01,8.651332522210936071e-01,6.212402138644504390e+01
2.033974443933373177e-01,2.161021670237408543e-01,2.296085524627246854e-01,2.161097846679206902e-01,8.647027997974364721e-01,6.203568405675713393e+01
2.056600921220163580e-01,2.163309365359571690e-01,2.298516200694545875e-01,2.185138478796421480e-01,8.642321898787622692e-01,6.194903491807889395e+01
2.078776668179409814e-01,2.167099706336430287e-01,2.302543437982457752e-01,2.208700209940624715e-01,8.636018108466267940e-01,6.186447508469150591e+01
2.095429148177815060e-01,2.169319859058324029e-01,2.304902350249468379e-01,2.226393469938925396e-01,8.628364435129260990e-01,6.178357322859235978e+01
2.083790154268923001e-01,2.162101229099958333e-01,2.297232555918705121e-01,2.214027038910729439e-01,8.620345786412193512e-01,6.170739364755475975e+01
2.069265984611411147e-01,2.162352932021946728e-01,2.297499990273318138e-01,2.198595108649622765e-01,8.605198980574246814e-01,6.162165644722716706e+01
2.050000805350812028e-01,2.169059024184145645e-01,2.304625213195655165e-01,2.178125855685240087e-01,8.585166866922887552e-01,6.154836515398734065e+01
2.000481152449246625e-01,2.194464034794810781e-01,2.331618036969485830e-01,2.125511224477327488e-01,8.556409583655936180e-01,6.149157276623043344e+01
1.949416326173138980e-01,2.226482408537736324e-01,2.365637559071344931e-01,2.071254846558958085e-01,8.522652220374673515e-01,6.144321672310270799e+01
1.895435076070034475e-01,2.261105673702934471e-01,2.402424778309366071e-01,2.013899768324411976e-01,8.484510807298751844e-01,6.140176765605122711e+01
1.866751358822512086e-01,2.281885421655591162e-01,2.424503260509067171e-01,1.983423318748916975e-01,8.452672364091806667e-01,6.137770069035815368e+01
1.856376800137339855e-01,2.303168112924541266e-01,2.447116119982326587e-01,1.972400350145920578e-01,8.430793412349194549e-01,6.132698479826725446e+01
1.815305357499488459e-01,2.297614382976918279e-01,2.441215281912974822e-01,1.928761942343206748e-01,8.417792029449239211e-01,6.127370768680639657e+01
1.758229256090169113e-01,2.293217123874241037e-01,2.436543194116380928e-01,1.868118584595803711e-01,8.392429798654562623e-01,6.121518658618237652e+01
1.662458771355104503e-01,2.270482713497925797e-01,2.412387883091547947e-01,1.766362444564795742e-01,8.371289910820315372e-01,6.115535122011375080e+01
1.561839060647277067e-01,2.242720794304405851e-01,2.382890843948431148e-01,1.659454001937731016e-01,8.352259171841804886e-01,6.111539202697183271e+01
1.577383022939766177e-01,2.210181196235865841e-01,2.348317521000607699e-01,1.675969461873501876e-01,8.343688752559208499e-01,6.112971472043479793e+01
1.638999488745206401e-01,2.167347458058306309e-01,2.302806674186951008e-01,1.741436956791780899e-01,8.343404399330258681e-01,6.109474421515233900e+01
1.714313637705986992e-01,2.124384171151616763e-01,2.257158181848593625e-01,1.821458240062611700e-01,8.335442104239519923e-01,6.104152446273904076e+01
1.813450561713131071e-01,2.087332913205987572e-01,2.217791220281362941e-01,1.926791221820202682e-01,8.323584269765469390e-01,6.090267105545613902e+01
1.894257152007904343e-01,2.051270760680048155e-01,2.179475183222550350e-01,2.012648224008398989e-01,8.314327624185728904e-01,6.083166620820023951e+01
1.955049277450827405e-01,1.995031605139188369e-01,2.119721080460388873e-01,2.077239857291503511e-01,8.313007602702146004e-01,6.079463792151680224e+01
2.016180784196157649e-01,1.936937940590353902e-01,2.057996561877251385e-01,2.142192083208415143e-01,8.312708723052308901e-01,6.073792576819765543e+01
2.062908895559324995e-01,1.866943828326175503e-01,1.983627817596561593e-01,2.191840701531783397e-01,8.311775499201823347e-01,6.067247876876685808e+01
2.095877702270152465e-01,1.786901426340897769e-01,1.898582765487203394e-01,2.226870058662038243e-01,8.308646062686161349e-01,6.061723940171565062e+01
2.129608398685942927e-01,1.706711830353410952e-01,1.813381319750499432e-01,2.262708923603815314e-01,8.300482182843893497e-01,6.056110678342694342e+01
2.184765021513440375e-01,1.624588645538298237e-01,1.726125435884442172e-01,2.321312835358030069e-01,8.278738527507683020e-01,6.055254999934103211e+01
2.262290167279087383e-01,1.549748938582547197e-01,1.646608247243957213e-01,2.403683302734029026e-01,8.255077634895148231e-01,6.058437192803382487e+01
2.325702771836878069e-01,1.471549264409475199e-01,1.563521093435068232e-01,2.471059195076682480e-01,8.228035097049832824e-01,6.063110798254030698e+01
2.385060488501611620e-01,1.402226451174591881e-01,1.489865604373004082e-01,2.534126769032962745e-01,8.196324552157153720e-01,6.068574270458454123e+01
2.431818106172455030e-01,1.351566764297809642e-01,1.436039687066422987e-01,2.583806737808234111e-01,8.162222531206281273e-01,6.068219006346299693e+01
2.461879947272291036e-01,1.321196322000375567e-01,1.403771092125398467e-01,2.615747443976810249e-01,8.126385410507623863e-01,6.067264285667128121e+01
2.477251824665889779e-01,1.301465898781365704e-01,1.382807517455200419e-01,2.632080063707507578e-01,8.086434789188964301e-01,6.070694081520259289e+01
2.498848554168664471e-01,1.284197127501612579e-01,1.364459447970463035e-01,2.655026588804205723e-01,8.050612431126333846e-01,6.074549105744308974e+01
2.524334417339965664e-01,1.265509815030348428e-01,1.344604178469745170e-01,2.682105318423712581e-01,8.019694613144409123e-01,6.078727612818834558e+01
2.545162615108641502e-01,1.258649481940208592e-01,1.337315074561471751e-01,2.704235278552931665e-01,7.992417993344843596e-01,6.087255039663547507e+01
2.558518022511415135e-01,1.255986218058352810e-01,1.334485356687000746e-01,2.718425398918378755e-01,7.969607345666172016e-01,6.097463712338299757e+01
2.557915094070141726e-01,1.247327104384498841e-01,1.325285048408529898e-01,2.717784787449527006e-01,7.944275447954308733e-01,6.105850815841222357e+01
2.528875877240611136e-01,1.240952539434135582e-01,1.318512073148767894e-01,2.686930619568148049e-01,7.915348201440474130e-01,6.112139724551136766e+01
2.509397304084954872e-01,1.232117640436422995e-01,1.309124992963699996e-01,2.666234635590264412e-01,7.884269286924537878e-01,6.121044789615680060e+01
2.487705325374822418e-01,1.220554716947401391e-01,1.296839386756613866e-01,2.643186908210747310e-01,7.864393106038202186e-01,6.127033309812873796e+01
2.477296760301828937e-01,1.207686795947520708e-01,1.283167220694240995e-01,2.632127807820692778e-01,7.864351875513302392e-01,6.134589917121648028e+01
2.456750244487456436e-01,1.193755476691270162e-01,1.268365193984473671e-01,2.610297134767921579e-01,7.863858680173413385e-01,6.141557870885319659e+01
2.436186745172174428e-01,1.178956334850151944e-01,1.252641105778286301e-01,2.588448416745434133e-01,7.863727194265013321e-01,6.148608171412512036e+01
2.418887684293618001e-01,1.171633897573871458e-01,1.244861016172238571e-01,2.570068164561969404e-01,7.859751513390175193e-01,6.155631104241858509e+01
2.409254278144009054e-01,1.165043687289332441e-01,1.237858917744916465e-01,2.559832670528008891e-01,7.855522766917832911e-01,6.162116090372249744e+01
2.401523074078645847e-01,1.157533748457780926e-01,1.229879607736393266e-01,2.551618266208561248e-01,7.849435565305994400e-01,6.168704265946482934e+01
2.391431942532435129e-01,1.148033679469824125e-01,1.219785784436688836e-01,2.540896438940712931e-01,7.841226829274116072e-01,6.172664783281045686e+01
2.393192529098040477e-01,1.140382052943210850e-01,1.211655931252163254e-01,2.542767062166667036e-01,7.835906856459124992e-01,6.175678430890473436e+01
2.390656475456322816e-01,1.135175598929961949e-01,1.206124073863084900e-01,2.540072505172342732e-01,7.831069626156210717e-01,6.177934632056766873e+01
2.390783139203519481e-01,1.131761032441216258e-01,1.202496096968792422e-01,2.540207085403739518e-01,7.827988676996017192e-01,6.179378134493801156e+01
2.391286310790672054e-01,1.130139138333253190e-01,1.200772834479083145e-01,2.540741705215088797e-01,7.826292434724967384e-01,6.180228571295489104e+01
2.391992819790728364e-01,1.129359620654534074e-01,1.199944596945442948e-01,2.541492371027647690e-01,7.825374483093009426e-01,6.180695689395552961e+01
2.392603710292949548e-01,1.129020389309266376e-01,1.199584163641095463e-01,2.542141442186258704e-01,7.824876634694211130e-01,6.180941230438924094e+01
2.393086994662453337e-01,1.128893011472966723e-01,1.199448824690027005e-01,2.542654931828856046e-01,7.824628716974260101e-01,6.181071701922311235e+01
2.393443429022618085e-01,1.128872652892854850e-01,1.199427193698658495e-01,2.543033643336531924e-01,7.824522260709879662e-01,6.181139372358861550e+01
2.393755445706888252e-01,1.128927940831719323e-01,1.199485937133702579e-01,2.543365161063568247e-01,7.824503435574814425e-01,6.181173779575912874e+01
2.394166953830895450e-01,1.129073267782416679e-01,1.199640347018817721e-01,2.543802388445325913e-01,7.824556279372276713e-01,6.181192006162915931e+01
2.383774467341774339e-01,1.137271089852989608e-01,1.208350532968801433e-01,2.532760371550635270e-01,7.830628912160922939e-01,6.181349375005363100e+01
2.363232670492089460e-01,1.154109077693216134e-01,1.226240895049041379e-01,2.510934712397843716e-01,7.842934999732077417e-01,6.181641855580546263e+01
2.342346300956223704e-01,1.173613052912166888e-01,1.246963868719177942e-01,2.488742944765985898e-01,7.856841819476768629e-01,6.181978651831219906e+01
2.324340626115210251e-01,1.194008031433506645e-01,1.268633533398101920e-01,2.469611915247410250e-01,7.871006825967488130e-01,6.182350876693125485e+01
2.309004640584080004e-01,1.216440918960288720e-01,1.292468476395305932e-01,2.453317430620585993e-01,7.886144124937899402e-01,6.182755900077875566e+01
2.297918216888072962e-01,1.240614242794795957e-01,1.318152632969471216e-01,2.441538105443576967e-01,7.901975188228025360e-01,6.183201681563794949e+01
2.292429531595292225e-01,1.266473321925604412e-01,1.345627904545953490e-01,2.435706377319998561e-01,7.918390359881304352e-01,6.183703300599213293e+01
2.292587703436299862e-01,1.296646887617754762e-01,1.377687318093864244e-01,2.435874434901068586e-01,7.935081853483649805e-01,6.183939141460719924e+01
2.293545672383728584e-01,1.348027416555224456e-01,1.432279130089925967e-01,2.436892276907712540e-01,7.952990578420350287e-01,6.181212544665006448e+01
2.296836356500554233e-01,1.425444642571145615e-01,1.514534932731842476e-01,2.440388628781838265e-01,7.963858991911662022e-01,6.176510645943333344e+01
2.311813701627114526e-01,1.509914957952246672e-01,1.604284642824263252e-01,2.456302057978806963e-01,7.971581322960774596e-01,6.166319000718934262e+01
2.321850013852567174e-01,1.597128871161883068e-01,1.696949425609501627e-01,2.466965639718352032e-01,7.973074056907765161e-01,6.156977111946881109e+01
2.312827455429823376e-01,1.679615831231296708e-01,1.784591820683253671e-01,2.457379171394186990e-01,7.970751662115312941e-01,6.147682979953944482e+01
2.256355619593288508e-01,1.745685737655753855e-01,1.854791096259238714e-01,2.397377845817869613e-01,7.986880450126346842e-01,6.139333754949820587e+01
2.220349750193867100e-01,1.803984591952914607e-01,1.916733628949972013e-01,2.359121609580984436e-01,8.029238357464242304e-01,6.137834126824397885e+01
2.197135072363214370e-01,1.854815461839520729e-01,1.970741428204490775e-01,2.334456014385915545e-01,8.069601369076269126e-01,6.135426466759840025e+01
2.159597632380902410e-01,1.898087186287009676e-01,2.016717635429948197e-01,2.294572484404708845e-01,8.103975195716893731e-01,6.133812477913532035e+01
2.095535026101204568e-01,1.935230900648559627e-01,2.056182831939094291e-01,2.226505965232528084e-01,8.128163942958830379e-01,6.132952933852975264e+01
2.000418415726302468e-01,1.986173403577428387e-01,2.110309241301018268e-01,2.125444566709197292e-01,8.154653940867313544e-01,6.133683566081721494e+01
1.920390566216550743e-01,2.037479538657681333e-01,2.164822009823785809e-01,2.040414976605084973e-01,8.179474351411448740e-01,6.136422517081395256e+01
1.844974862319381237e-01,2.077766681058936249e-01,2.207627098625120909e-01,1.960285791214339546e-01,8.201188778091947906e-01,6.140347418030997062e+01
1.745073552239418679e-01,2.129747430556229448e-01,2.262856644965994812e-01,1.854140649254382989e-01,8.216994654959067779e-01,6.144180903537093741e+01
1.644851585536835081e-01,2.185844515278528577e-01,2.322459797483436283e-01,1.747654809632887274e-01,8.226022431687231018e-01,6.149447072117501989e+01
1.550752006709043285e-01,2.240703413341069428e-01,2.380747376674886562e-01,1.647674007128357987e-01,8.237007873026180871e-01,6.155375815238132020e+01
1.481011720087301309e-01,2.309013302669420953e-01,2.453326634086260560e-01,1.573574952592755871e-01,8.256877573925047731e-01,6.156017626092720718e+01
1.407522771519365001e-01,2.383249893485475668e-01,2.532203011828317862e-01,1.495492944739323926e-01,8.270216752036235741e-01,6.156369632487304244e+01
1.386571750885772780e-01,2.414802392570741252e-01,2.565727542106414072e-01,1.473232485316130491e-01,8.287228845930552090e-01,6.153887153677857214e+01
1.439032642546730079e-01,2.447630081764217702e-01,2.600606961874479817e-01,1.528972182705902738e-01,8.299905646342922161e-01,6.148588258873688517e+01
1.499236187931275444e-01,2.479484402925322406e-01,2.634452178108155906e-01,1.592938449676979673e-01,8.296290449813105150e-01,6.140305993660953732e+01
1.498762841626986031e-01,2.510147298848958153e-01,2.667031505027017135e-01,1.592435519228671548e-01,8.289267916602034436e-01,6.141360123093823375e+01
1.491801956620840142e-01,2.529102843062197570e-01,2.687171770753585820e-01,1.585039578909641644e-01,8.287631241713987462e-01,6.146135974981128669e+01
1.527406863351141730e-01,2.519077908652178066e-01,2.676520277942939230e-01,1.622869792310588088e-01,8.296626404875191430e-01,6.157131915773289421e+01
1.577668171105228168e-01,2.509674968934835770e-01,2.666529654493261514e-01,1.676272431799308293e-01,8.312926006189791384e-01,6.174960167988488280e+01
1.560701582916256269e-01,2.530554941646372957e-01,2.688714625499269428e-01,1.658245431848523188e-01,8.324273574436592549e-01,6.182523222449871270e+01
1.534813367563144237e-01,2.549041078901607138e-01,2.708356146332957515e-01,1.630739203035840579e-01,8.336490502607969422e-01,6.194711292903149769e+01
1.508408809158526820e-01,2.557623045454038291e-01,2.717474485794915129e-01,1.602684359730935371e-01,8.346126880272451976e-01,6.204351090647801925e+01
1.465483763967607433e-01,2.569918944961104290e-01,2.730538879021172094e-01,1.557076499215583332e-01,8.339257740462364676e-01,6.205894429038962556e+01
1.425592100648259142e-01,2.579902628760063488e-01,2.741146543057566554e-01,1.514691606938774471e-01,8.340665277038866732e-01,6.212572209881218299e+01
1.391051594093444532e-01,2.577463895096747115e-01,2.738555388540293567e-01,1.477992318724285492e-01,8.349230225609372003e-01,6.227393356416490633e+01
1.356298135667453608e-01,2.557875019072322620e-01,2.717742207764343165e-01,1.441066769146668869e-01,8.361519773490631025e-01,6.246079651120464860e+01
1.355821057992940837e-01,2.508682089032124307e-01,2.665474719596632736e-01,1.440559874117502970e-01,8.387687305329071252e-01,6.261891807513293884e+01
1.377274723608660212e-01,2.464707468235907417e-01,2.618751685000652585e-01,1.463354393834201961e-01,8.409650014371172766e-01,6.265461036343730683e+01
1.401039328494132208e-01,2.450041778658063885e-01,2.603169389824193658e-01,1.488604286525014309e-01,8.423372055960882676e-01,6.280858184325300897e+01
1.428105727893978216e-01,2.426367842804827701e-01,2.578015832980129485e-01,1.517362335887351699e-01,8.442367906453794868e-01,6.286910430841327724e+01
1.470355538791019434e-01,2.395043157149784885e-01,2.544733354471644948e-01,1.562252759965458426e-01,8.467975053834402299e-01,6.287761100240799550e+01
1.516307316005172379e-01,2.356263140904598929e-01,2.503529587211135721e-01,1.611076523255496884e-01,8.497263007909439114e-01,6.283288259366214845e+01
1.576037318493977990e-01,2.315637044898345986e-01,2.460364360204494172e-01,1.674539650899849741e-01,8.522473116271048754e-01,6.270152741536104202e+01
1.611300058627598841e-01,2.286664097203712775e-01,2.429580603278944373e-01,1.712006312291824706e-01,8.546619465513716207e-01,6.261734110910786200e+01
1.637793771625723760e-01,2.265021403495016961e-01,2.406585241213456128e-01,1.740155882352333039e-01,8.565975769849601962e-01,6.257563394708851234e+01
1.652956740119609913e-01,2.251520737464277888e-01,2.392240783555794337e-01,1.756266536377087961e-01,8.579480754602847314e-01,6.256513136273971298e+01
1.665942411741891949e-01,2.242218235786450353e-01,2.382356875523103656e-01,1.770063812475760057e-01,8.587984130532683169e-01,6.254534624078886651e+01
1.674066941771562844e-01,2.235962661859649814e-01,2.375710328225877910e-01,1.778696125632284186e-01,8.594451718724626099e-01,6.252880942143194432e+01
1.679396212063907212e-01,2.232243770255145088e-01,2.371759005896091066e-01,1.784358475317903703e-01,8.598566901493791548e-01,6.251972243156507858e+01
1.681659951064092828e-01,2.230644377595815964e-01,2.370059651195556283e-01,1.786763698005600642e-01,8.600894474676139545e-01,6.251321027754936921e+01
1.684260069480485178e-01,2.228897787447943202e-01,2.368203899163439652e-01,1.789526323823015519e-01,8.602361562664541106e-01,6.250621348605114491e+01
1.688173912877705130e-01,2.226865770385688670e-01,2.366044881034793657e-01,1.793684782432560798e-01,8.603453090799758618e-01,6.249697094927482510e+01
1.692845129759885103e-01,2.224498777227423008e-01,2.363529950804136581e-01,1.798647950369879345e-01,8.604377636413346186e-01,6.248579418424223775e+01
1.697977178409499355e-01,2.221830959250750137e-01,2.360695394203919661e-01,1.804100752060093515e-01,8.605193579717143049e-01,6.247331076375492387e+01
1.703460717385255618e-01,2.218933908236482289e-01,2.357617277501261877e-01,1.809927012221834997e-01,8.605931700202995582e-01,6.245968187102163682e+01
1.708758844090979279e-01,2.216055890854692900e-01,2.354559384033112490e-01,1.815556271846664183e-01,8.606552851517914604e-01,6.244570228969757153e+01
1.719740036305006936e-01,2.215702373727340413e-01,2.354183772085298998e-01,1.827223788574068863e-01,8.605178172203412634e-01,6.240769680519228046e+01
1.741905804347658460e-01,2.220195678490222702e-01,2.358957908395862557e-01,1.850774917119387963e-01,8.599851131014952799e-01,6.233291751544005166e+01
1.764731077679082549e-01,2.226382964110054929e-01,2.365531899366934976e-01,1.875026770034024237e-01,8.593085310964760914e-01,6.225961753864972081e+01
1.783950260778829899e-01,2.232399725298078730e-01,2.371924708129208026e-01,1.895447152077506803e-01,8.584807878120992441e-01,6.218535671448546509e+01
1.775272256289613659e-01,2.228476614150304569e-01,2.367756402534699489e-01,1.886226772307715571e-01,8.575750416563920897e-01,6.211072913422899688e+01
1.760825645620627267e-01,2.223426952228614861e-01,2.362391136742902908e-01,1.870877248471914667e-01,8.564505526157903947e-01,6.203701606510966116e+01
1.753842062373057731e-01,2.221247259277697172e-01,2.360075212982554460e-01,1.863457191271372659e-01,8.551258867936114560e-01,6.197280678957303479e+01
1.747138501805596822e-01,2.218577414582510732e-01,2.357238502993919127e-01,1.856334658168445617e-01,8.535610112913302183e-01,6.191872219427033741e+01
1.747906330667364228e-01,2.217647258577047642e-01,2.356250212238114039e-01,1.857150476334075151e-01,8.521990707597225656e-01,6.186992118074856961e+01
1.743691753142819212e-01,2.221995492996493848e-01,2.360870211308773725e-01,1.852672487714245309e-01,8.505463566463087322e-01,6.181510292026860753e+01
1.744687446560444499e-01,2.227928581046723366e-01,2.367174117362144115e-01,1.853730411970469505e-01,8.488389559349210911e-01,6.173462160914775865e+01
1.734318893772091030e-01,2.234705857819613561e-01,2.374374973933339739e-01,1.842713824632845887e-01,8.464672242920524559e-01,6.165587786383680680e+01
1.728782537120843177e-01,2.245543074457355404e-01,2.385889516610939509e-01,1.836831445690894071e-01,8.432435266365012616e-01,6.156735130546115187e+01
1.735076369432576315e-01,2.259085845640856072e-01,2.400278710993409004e-01,1.843518642522112838e-01,8.404521815261269957e-01,6.144522624874782935e+01
1.740602465979239066e-01,2.255434334766635851e-01,2.396398980689550540e-01,1.849390120102941126e-01,8.383674495854540609e-01,6.133032426678031612e+01
1.720786894424058133e-01,2.241108703563153837e-01,2.381177997535851021e-01,1.828336075325560917e-01,8.362362611289734238e-01,6.124981371783643169e+01
1.691563689226747436e-01,2.224085487080729173e-01,2.363090830023274747e-01,1.797286419803419133e-01,8.337000300628440996e-01,6.117850089693579463e+01
1.670598117521949755e-01,2.183893931952064216e-01,2.320387302699067622e-01,1.775010499867070712e-01,8.322320530707963959e-01,6.111143895602935316e+01
1.703363834486884554e-01,2.129094368819567096e-01,2.262162766870789987e-01,1.809824074142315775e-01,8.326870250674450746e-01,6.106770322935767581e+01
1.756431345337873817e-01,2.071843398217896315e-01,2.201333610606514835e-01,1.866208304421492770e-01,8.345521936897241089e-01,6.104144568496880652e+01
1.840333218985095720e-01,2.001316777025652083e-01,2.126399075589754384e-01,1.955354045171665556e-01,8.368575575545550427e-01,6.102200728117536244e+01
1.949295884187914329e-01,1.920692252564990266e-01,2.040735518350302591e-01,2.071126876949659912e-01,8.386003698072898027e-01,6.094421208993319539e+01
2.044094929855226062e-01,1.843528338804853173e-01,1.958748859980157797e-01,2.171850862971178575e-01,8.393600282014003211e-01,6.090110700492891738e+01
2.122197617429661121e-01,1.766336691705915063e-01,1.876732734937533731e-01,2.254834968519015270e-01,8.393251850106737688e-01,6.095258881438950738e+01
2.218987045969559868e-01,1.697873042934504584e-01,1.803990108117911051e-01,2.357673736342655313e-01,8.396709761787677362e-01,6.092386583918753473e+01
2.283604618844831957e-01,1.643182526613359562e-01,1.745881434526695419e-01,2.426329907522632723e-01,8.388822563316918890e-01,6.087615022964705247e+01
2.319159636942391411e-01,1.602063874147822697e-01,1.702192866282060957e-01,2.464107114251291308e-01,8.388859849840849536e-01,6.097622850139116224e+01
2.364112849591799015e-01,1.561285285333235129e-01,1.658865615666562932e-01,2.511869902691288847e-01,8.384699621430009575e-01,6.097050169874729164e+01
2.399942870009533491e-01,1.523383843563050344e-01,1.618595333785741164e-01,2.549939299385129421e-01,8.371260519165736325e-01,6.090056567578994162e+01
2.429412527635018970e-01,1.492294556490274815e-01,1.585562966270916696e-01,2.581250810612208402e-01,8.352083449190277342e-01,6.077302131565542709e+01
2.440357984104706834e-01,1.460383656479093406e-01,1.551657635009037195e-01,2.592880358111249728e-01,8.327990918072986082e-01,6.064542880568375693e+01
2.442866080270535978e-01,1.433021046024679501e-01,1.522584861401222178e-01,2.595545210287444338e-01,8.296573633056019137e-01,6.058228834465206347e+01
2.428077373587663457e-01,1.419149508186006436e-01,1.507846352447631821e-01,2.579832209436893620e-01,8.261479295505980147e-01,6.056065815663414043e+01
2.405864137517544910e-01,1.397666665941534603e-01,1.485020832562880255e-01,2.556230646112392924e-01,8.218386158888100201e-01,6.059501589506513142e+01
2.382699478349933064e-01,1.368838432082108703e-01,1.454390834087241069e-01,2.531618195746802025e-01,8.175955983201934618e-01,6.062693693139714668e+01
2.372515776393607223e-01,1.341731352052298321e-01,1.425589561555567764e-01,2.520798012418206668e-01,8.135661060382431975e-01,6.067916007608937434e+01
2.376046864859089336e-01,1.320441250316835013e-01,1.402968828461638173e-01,2.524549793912781448e-01,8.096905553516032805e-01,6.075741908180366835e+01
2.383897931821570004e-01,1.303757626988615859e-01,1.385242478675402789e-01,2.532891552560418980e-01,8.059735529260237952e-01,6.085822941202582115e+01
2.391028497514542661e-01,1.300956091970825457e-01,1.382265847719002794e-01,2.540467778609200034e-01,8.031347398301336149e-01,6.094942918207455307e+01
2.407604891012602999e-01,1.293870602619497101e-01,1.374737515283216416e-01,2.558080196700890374e-01,8.001544272713054795e-01,6.101301151870061545e+01
2.414203813629345885e-01,1.289836077572104611e-01,1.370450832420362364e-01,2.565091551981178442e-01,7.967535289089484607e-01,6.109461882389358323e+01
2.405670471500039598e-01,1.285894086832192751e-01,1.366262467259203861e-01,2.556024875968790910e-01,7.934075217654298351e-01,6.119926018155718594e+01
2.384907807708486760e-01,1.282878513047808200e-01,1.363058420113297253e-01,2.533964545690266523e-01,7.908963329163869460e-01,6.123894617406498497e+01
2.365644235887171265e-01,1.274843517751257926e-01,1.354521237610711581e-01,2.513497000630117717e-01,7.887117961343810268e-01,6.124953857485006381e+01
2.365272117510550109e-01,1.265624622380853714e-01,1.344726161279657106e-01,2.513101624854959804e-01,7.876168197930236703e-01,6.130800606254199181e+01
2.351033411758732816e-01,1.261203988694876987e-01,1.340029237988308586e-01,2.497972999993652854e-01,7.868814659942839906e-01,6.133907153395960421e+01
2.341812056002051112e-01,1.254840664434370423e-01,1.333268205961519459e-01,2.488175309502176913e-01,7.863634281761695544e-01,6.136116369279268667e+01
2.332653631331872701e-01,1.247930037366690031e-01,1.325925664702108653e-01,2.478444483290114242e-01,7.854758772559609081e-01,6.140037250624315845e+01
2.319711723899941236e-01,1.240689837558741904e-01,1.318232952406163117e-01,2.464693706643686366e-01,7.847565822348463449e-01,6.141570963308922870e+01
2.312933335598613971e-01,1.232872315133549945e-01,1.309926834829397424e-01,2.457491669073527396e-01,7.839463839804470258e-01,6.143551541577273412e+01
2.307608030045492364e-01,1.226049872608375585e-01,1.302677989646398582e-01,2.451833531923335030e-01,7.832409819213403956e-01,6.145018834727554946e+01
2.303645007245025411e-01,1.221158448443989963e-01,1.297480851471741747e-01,2.447622820197839777e-01,7.826721690137844467e-01,6.146060932123027243e+01
2.301438135052653600e-01,1.218201523459266911e-01,1.294339118675470190e-01,2.445278018493444727e-01,7.822785429491725395e-01,6.146773709379557715e+01
2.300725117372127426e-01,1.216790272233349290e-01,1.292839664247933673e-01,2.444520437207886032e-01,7.820532985486151611e-01,6.147177301236127533e+01
2.300838346987167382e-01,1.216314406140020093e-01,1.292334056523772590e-01,2.444640743673865690e-01,7.819336600026697282e-01,6.147404423019982289e+01
2.301511429789383223e-01,1.216346086997011217e-01,1.292367717434324270e-01,2.445355894151219067e-01,7.818764045994368583e-01,6.147533768755592831e+01
2.302550119144516350e-01,1.216671445549170893e-01,1.292713410895993953e-01,2.446459501591048136e-01,7.818572819005766839e-01,6.147610819782768488e+01
2.303882050663497161e-01,1.217196884777413390e-01,1.293271690076002178e-01,2.447874678829965733e-01,7.818626686068640419e-01,6.147661163850042243e+01
2.305536516874248376e-01,1.217895005540524794e-01,1.294013443386809459e-01,2.449632549178889507e-01,7.818858007776838814e-01,6.147699227731754235e+01
2.307611766838816303e-01,1.218777931855750257e-01,1.294951552596735056e-01,2.451837502266241420e-01,7.819245256695152024e-01,6.147733747391245629e+01
2.310252843725983107e-01,1.219880426619071173e-01,1.296122953282762558e-01,2.454643646458856687e-01,7.819798038387233419e-01,6.147770270480568655e+01
2.308491383715640666e-01,1.224538920638228862e-01,1.301072603178118903e-01,2.452772095197867652e-01,7.823123760617713973e-01,6.147873613446750340e+01
2.287192129712153632e-01,1.243249595870061092e-01,1.320952695611941341e-01,2.430141637819161760e-01,7.837312994624173745e-01,6.148264031320093181e+01
2.265256945269372435e-01,1.265013612178471081e-01,1.344076962939627085e-01,2.406835504348708576e-01,7.853551677775953976e-01,6.148715998524257031e+01
2.244769274536350945e-01,1.289458445058646041e-01,1.370049597874811731e-01,2.385067354194873313e-01,7.871511588588062658e-01,6.149333279723386170e+01
2.229993066254981338e-01,1.314064467851442652e-01,1.396193497092158842e-01,2.369367632895917064e-01,7.889164706425360052e-01,6.149934067567916429e+01
2.220839345837881396e-01,1.339601939939746023e-01,1.423327061185981068e-01,2.359641804952748445e-01,7.907070356729971605e-01,6.150545396422460698e+01
2.218292672550766231e-01,1.366012862800913830e-01,1.451388666725973164e-01,2.356935964585186727e-01,7.925164294790923991e-01,6.151175734502566428e+01
2.223329953433813011e-01,1.393125511107388692e-01,1.480195855551601491e-01,2.362288075523425734e-01,7.943298282135530242e-01,6.151826365214402159e+01
2.235898174882564038e-01,1.423523723498013038e-01,1.512493956216638402e-01,2.375641810812722521e-01,7.961199459737434703e-01,6.152192697406960065e+01
2.246984715739705207e-01,1.487207257256455972e-01,1.580157710834985685e-01,2.387421260473437112e-01,7.973860709088832488e-01,6.151034079782439079e+01
2.255213467606393130e-01,1.577276591485987645e-01,1.675856378453861317e-01,2.396164309331793862e-01,7.975616143156651905e-01,6.149062161676285854e+01
2.252624012698809797e-01,1.652955608983576186e-01,1.756265334545049905e-01,2.393413013492486363e-01,7.974618053165740683e-01,6.146868320848126643e+01
2.217306957076040363e-01,1.724509516298234069e-01,1.832291361066873681e-01,2.355888641893292557e-01,7.979609780942972241e-01,6.148592214392500210e+01
2.188586152096243798e-01,1.790548229223476728e-01,1.902457493549944423e-01,2.325372786602258879e-01,8.010782658586332872e-01,6.152251338561875116e+01
2.147726833168671356e-01,1.853109632074843860e-01,1.968928984079521549e-01,2.281959760241712709e-01,8.049144358244239017e-01,6.155190255297836188e+01
2.099997168932513369e-01,1.913049338660234577e-01,2.032614922326498597e-01,2.231246991990795125e-01,8.087252022267314988e-01,6.152541005470287416e+01
2.036920530722725609e-01,1.959631670838786199e-01,2.082108650266209782e-01,2.164228063892895404e-01,8.122087550570478154e-01,6.146954431256894225e+01
1.955842189928827524e-01,2.003456494134854271e-01,2.128672525018281692e-01,2.078082326799380875e-01,8.155574336186890427e-01,6.141609063426388104e+01
1.869798415277494630e-01,2.015539675170030520e-01,2.141510904868158538e-01,1.986660816232337645e-01,8.182196121940920053e-01,6.133504110442847690e+01
1.791752614740549643e-01,2.065092657097486739e-01,2.194160948166081204e-01,1.903737153161833284e-01,8.196756257339390395e-01,6.133162686077901782e+01
1.725491830776717250e-01,2.130149402633741140e-01,2.263283740298349112e-01,1.833335070200261541e-01,8.209047319716399338e-01,6.137500374094872058e+01
1.672810616583617904e-01,2.192967545967694221e-01,2.330028017590675682e-01,1.777361280120094145e-01,8.230822332686853482e-01,6.144547288061826151e+01
1.604625438450044683e-01,2.244313266167342336e-01,2.384582845302800347e-01,1.704914528353173586e-01,8.241390459283588488e-01,6.151609480143421393e+01
1.552330673643554371e-01,2.291991955944066572e-01,2.435241453190572225e-01,1.649351340746276762e-01,8.244335564529128302e-01,6.158396819514102560e+01
1.514548016174437350e-01,2.341155012716009953e-01,2.487477201010762085e-01,1.609207267185339685e-01,8.239725144014921066e-01,6.163163115515713031e+01
1.466213243503355357e-01,2.380508595533335492e-01,2.529290382754170174e-01,1.557851571222314546e-01,8.233968566851253001e-01,6.169036942310539473e+01
1.425866113409766378e-01,2.422778498977317396e-01,2.574202155163400341e-01,1.514982745497877314e-01,8.227053806507788059e-01,6.181374561503159271e+01
1.375136057159701275e-01,2.445317038747042149e-01,2.598149353668734451e-01,1.461082060732179222e-01,8.216174282844976862e-01,6.199293338840750067e+01
1.336992558995333813e-01,2.460424474471469281e-01,2.614201004125937255e-01,1.420554593932541743e-01,8.208569560178178293e-01,6.217613836175903685e+01
1.313513014078397656e-01,2.469330079639135145e-01,2.623663209616580727e-01,1.395607577458296278e-01,8.203503753742403815e-01,6.234507798353300245e+01
1.304654643608793851e-01,2.468261119297706085e-01,2.622527439253812820e-01,1.386195558834343866e-01,8.213364294030962576e-01,6.245784732039985698e+01
1.303445949791673386e-01,2.459173411003590104e-01,2.612871749191315041e-01,1.384911321653652105e-01,8.222425765250195306e-01,6.265689602819264081e+01
1.290885547094030306e-01,2.464244230986359085e-01,2.618259495423005956e-01,1.371565893787407286e-01,8.231148037586775157e-01,6.271621035996905391e+01
1.257418496873569380e-01,2.481855014309177765e-01,2.636970952703502347e-01,1.336007152928167796e-01,8.264505466914737752e-01,6.285016490049160609e+01
1.187840191719824606e-01,2.482473144125767750e-01,2.637627715633629188e-01,1.262080203702314607e-01,8.293173968552203235e-01,6.297578215331213158e+01
1.152670118530088328e-01,2.473642191777126464e-01,2.628244828763196539e-01,1.224712000938221329e-01,8.320264414132848563e-01,6.306017178652935939e+01
1.174729563304922203e-01,2.437705044844626634e-01,2.590061610147416093e-01,1.248150161011479381e-01,8.359466538263111701e-01,6.322409775513165187e+01
1.207927979879259706e-01,2.417118437828890687e-01,2.568188340193195418e-01,1.283423478621711911e-01,8.388571423345947409e-01,6.339174414005731251e+01
1.239463113578462006e-01,2.380508044406822732e-01,2.529289797182250332e-01,1.316929558177113990e-01,8.420025764896862386e-01,6.350697937269919180e+01
1.316878483123355703e-01,2.324725869938486233e-01,2.470021236809642473e-01,1.399183388318563925e-01,8.461864271436614349e-01,6.347948750942739338e+01
1.363516299908698326e-01,2.275595993083375512e-01,2.417820742651085875e-01,1.448736068652991538e-01,8.501444714549046822e-01,6.346094686644585892e+01
1.412438301086896275e-01,2.223829022132918221e-01,2.362818336016225818e-01,1.500715694904827813e-01,8.535444456680129077e-01,6.348076293398585079e+01
1.454652124383144229e-01,2.177137278409661814e-01,2.313208358310265278e-01,1.545567882157090900e-01,8.564035624538448577e-01,6.349306783329583226e+01
1.512740841544075732e-01,2.130097828595678422e-01,2.263228942882908323e-01,1.607287144140579493e-01,8.593108289167646907e-01,6.343450454630252011e+01
1.546285769760523399e-01,2.091668489378853690e-01,2.222397769965032133e-01,1.642928630370557308e-01,8.624656097523292209e-01,6.340536463492308883e+01
1.562859833413040855e-01,2.064688678755550455e-01,2.193731721177774596e-01,1.660538573001354434e-01,8.654070317923353572e-01,6.344923593274039320e+01
1.588445263089312554e-01,2.032416727944526269e-01,2.159442773441059282e-01,1.687723092032395178e-01,8.678327558655941631e-01,6.351372167112733536e+01
1.617033206949684832e-01,2.004137729113555089e-01,2.129396337183151466e-01,1.718097782384042649e-01,8.688721056690924538e-01,6.355029602713820935e+01
1.642720881265634925e-01,1.979893804918598510e-01,2.103637167726010171e-01,1.745390936344740074e-01,8.692091053246179255e-01,6.360502783723978837e+01
1.668235271111443985e-01,1.961289125192678950e-01,2.083869695517222287e-01,1.772499975555907881e-01,8.692750547485667001e-01,6.364847378503939268e+01
1.692857944226072997e-01,1.952415430384202844e-01,2.074441394783216042e-01,1.798661565740199419e-01,8.693495404134730098e-01,6.367344030175335234e+01
1.706733247218154559e-01,1.945342582708672052e-01,2.066926494127964975e-01,1.813404075169287033e-01,8.694289619248394274e-01,6.368607789043385026e+01
1.715970965566063211e-01,1.940880936599450879e-01,2.062185995136918137e-01,1.823219150913939213e-01,8.694869990481342015e-01,6.369244927852939497e+01
1.720898029689439113e-01,1.938390676219926001e-01,2.059540093483670231e-01,1.828454156545027964e-01,8.695239549718032368e-01,6.369936680477442792e+01
1.722088640012182370e-01,1.936868772356706292e-01,2.057923070629001094e-01,1.829719180012944479e-01,8.695087151195752817e-01,6.369899744116526819e+01
1.720950576847865843e-01,1.936264609701700279e-01,2.057281147808056043e-01,1.828509987900854838e-01,8.694701289040339676e-01,6.369602651548127170e+01
1.722553009817620329e-01,1.934880779293407238e-01,2.055810827999245416e-01,1.830212572931221859e-01,8.694514822445545965e-01,6.368579988822827431e+01
1.726838723677465437e-01,1.932573996309301378e-01,2.053359871078632715e-01,1.834766143907304858e-01,8.694464937975799890e-01,6.366885705048786548e+01
1.731351138871284334e-01,1.930382449294126557e-01,2.051031352375010386e-01,1.839560585050742103e-01,8.694277575932159996e-01,6.365210855901125342e+01
1.736539494655108262e-01,1.928322072844755597e-01,2.048842202397551659e-01,1.845073213071053708e-01,8.693878873366528426e-01,6.363677309320922149e+01
1.740211953101217235e-01,1.926749474903163006e-01,2.047171317084610087e-01,1.848975200170041577e-01,8.693398566283347950e-01,6.362281663732978387e+01
1.753126645228086367e-01,1.927917459080351059e-01,2.048412300272872688e-01,1.862697060554840967e-01,8.689962348920026169e-01,6.358841107639796775e+01
1.772996494165205439e-01,1.937860061882812068e-01,2.058976315750488117e-01,1.883808775050528905e-01,8.683753239574173444e-01,6.352135204534595658e+01
1.779688707429030181e-01,1.951065911924639573e-01,2.073007531419928939e-01,1.890919251643344290e-01,8.677272097007990848e-01,6.344183680082935695e+01
1.799983351451173996e-01,1.968969479133848843e-01,2.092030071579714934e-01,1.912482310916871486e-01,8.664946329257356972e-01,6.335881452996863317e+01
1.819539007166031952e-01,1.985818071812903429e-01,2.109931701301211437e-01,1.933260195113908897e-01,8.651443803410140410e-01,6.329078448171570415e+01
1.847990724899572779e-01,1.994680647289019948e-01,2.119348187744584111e-01,1.963490145205793735e-01,8.641791167584553790e-01,6.321277977294703732e+01
1.895468804487221992e-01,2.004036910283920059e-01,2.129289217176665305e-01,2.013935604767670140e-01,8.623966896643228131e-01,6.313269934028669184e+01
1.903591009966504877e-01,2.029128356482685636e-01,2.155948878762853071e-01,2.022565448089413132e-01,8.597175238341940862e-01,6.307955057124620879e+01
1.912880918858873847e-01,2.048897319225790048e-01,2.176953401677401145e-01,2.032435976287556012e-01,8.570075492999749134e-01,6.302562527617938315e+01
1.943470404189883982e-01,2.068774534616659444e-01,2.198072943030199289e-01,2.064937304451752165e-01,8.541728516329396559e-01,6.297424730968467088e+01
1.932868035828203268e-01,2.055360159593190295e-01,2.183820169567764757e-01,2.053672288067464324e-01,8.513744505556161135e-01,6.294365010387569725e+01
1.939938364444954433e-01,2.047293611698781379e-01,2.175249462429955094e-01,2.061184512222763165e-01,8.487622936849278377e-01,6.291574911853713559e+01
1.965634311707819271e-01,2.061099365037145359e-01,2.189918075351968141e-01,2.088486456189557749e-01,8.455585766298691075e-01,6.285876242410354564e+01
1.976442947321126187e-01,2.070584697484943448e-01,2.199996241077751824e-01,2.099970631528695897e-01,8.420251094188344609e-01,6.285004864388997703e+01
1.960726469961152629e-01,2.058148867154117601e-01,2.186783171351251442e-01,2.083271874333723073e-01,8.370455047707990870e-01,6.280646011112116156e+01
1.943193280525184752e-01,2.030559182645809424e-01,2.157469131561172149e-01,2.064642860558008053e-01,8.324834862860994722e-01,6.275864686218956479e+01
1.977153982535577170e-01,1.968689983398341226e-01,2.091733107360738142e-01,2.100726106444047725e-01,8.300973484387866863e-01,6.272503063899651465e+01
2.012801967825514626e-01,1.897197106051151383e-01,2.015771925179347668e-01,2.138602090814608336e-01,8.297722429672949040e-01,6.269405341458281811e+01
2.036623475542293227e-01,1.829943992892746341e-01,1.944315492448543681e-01,2.163912442763683830e-01,8.290381703695356430e-01,6.267868698825615326e+01
2.080465508596065494e-01,1.758446730471980579e-01,1.868349651126477995e-01,2.210494602883321669e-01,8.285579981548318873e-01,6.271526300918103658e+01
2.156872311396930975e-01,1.675894953460255465e-01,1.780638388051523080e-01,2.291676830859238900e-01,8.284375005982966833e-01,6.273745752809028886e+01
2.238730323003674527e-01,1.593128711568456701e-01,1.692699256041485245e-01,2.378650968191404480e-01,8.277297909935399378e-01,6.276443736939530993e+01
2.305661615327204983e-01,1.519043370696253614e-01,1.613983581364770159e-01,2.449765466285155902e-01,8.262851042509172794e-01,6.281483010457440486e+01
2.349663261437714423e-01,1.445946582634139166e-01,1.536318244048772153e-01,2.496517215277573309e-01,8.235469346412903624e-01,6.284705303272114207e+01
2.390667235899521237e-01,1.372063150303584611e-01,1.457817097197559864e-01,2.540083938143239406e-01,8.194919591363699629e-01,6.281260938977476371e+01
2.419988743286436150e-01,1.310426482047208629e-01,1.392328137175159464e-01,2.571238039741837178e-01,8.146208783757914462e-01,6.274310881702421483e+01
2.444775689891016679e-01,1.250548656847373930e-01,1.328707947900336916e-01,2.597574170509203140e-01,8.092564240175758039e-01,6.266776384612418838e+01
2.479555904285156431e-01,1.179889937004978268e-01,1.253633058067789297e-01,2.634528148302978656e-01,8.034766810855276109e-01,6.256545329634690944e+01
2.510839203917339391e-01,1.116208278264262388e-01,1.185971295655779689e-01,2.667766654162172513e-01,7.975997055435766203e-01,6.248279377218654673e+01
2.525267331664161619e-01,1.078819634571913100e-01,1.146245861732657634e-01,2.683096539893171095e-01,7.924151680033562073e-01,6.245001462955113425e+01
2.525114768311069735e-01,1.047056964258502726e-01,1.112498024524659901e-01,2.682934441330512287e-01,7.881137450935626898e-01,6.244645254749356411e+01
2.511281090783240577e-01,1.028405652465184394e-01,1.092681005744258471e-01,2.668236158957193460e-01,7.844857705591748998e-01,6.252659231254475003e+01
2.486597293753341487e-01,1.015814202390153131e-01,1.079302590039538240e-01,2.642009624612923768e-01,7.812407870230682061e-01,6.265365452041332617e+01
2.463339853612832309e-01,1.014817879723733246e-01,1.078243997206468074e-01,2.617298594463633443e-01,7.793101402457617288e-01,6.274783643044032999e+01
2.437533971243279751e-01,1.014205869280114664e-01,1.077593736110122602e-01,2.589879844445981960e-01,7.772878823164465212e-01,6.284081714169776944e+01
2.404925418939695969e-01,1.017207013787148201e-01,1.080782452148845718e-01,2.555233257623426013e-01,7.748343248418997353e-01,6.292611527411474270e+01
2.394094089462606156e-01,1.026229286440374228e-01,1.090368616842897626e-01,2.543724970054018764e-01,7.728806821774409919e-01,6.297046472796344574e+01
2.383081785630418448e-01,1.050315523483839608e-01,1.115960243701580035e-01,2.532024397232317536e-01,7.715992550717030163e-01,6.300041928749997311e+01
2.375585668373191850e-01,1.060112298025765315e-01,1.126369316652376107e-01,2.524059772646516375e-01,7.708823429756140877e-01,6.300729654760887399e+01
2.367736983256956973e-01,1.059761780155614591e-01,1.125996891415342732e-01,2.515720544710516315e-01,7.697665236196546967e-01,6.298739337105170932e+01
2.353472579801816900e-01,1.052530982830025275e-01,1.118314169256901663e-01,2.500564616039430699e-01,7.686176227516636761e-01,6.298905469918753397e+01
2.342795304330950734e-01,1.042592909999838224e-01,1.107754966874827385e-01,2.489220010851634912e-01,7.677531810733974060e-01,6.297557407905099325e+01
2.336317457069607140e-01,1.030642417252370241e-01,1.095057568330644604e-01,2.482337298136456927e-01,7.669706182522741944e-01,6.297687820539164960e+01
2.318974358520895784e-01,1.014002907626429667e-01,1.077378089353082657e-01,2.463910255928451754e-01,7.666049479852113935e-01,6.297116218507451180e+01
2.311542145463702236e-01,9.885733842525097625e-02,1.050359220768292690e-01,2.456013529555182706e-01,7.666443588950981880e-01,6.296198200524730026e+01
2.307075269249429794e-01,9.662562738065239021e-02,1.026647290919431577e-01,2.451267473577517508e-01,7.665969658655409358e-01,6.294445676509432275e+01
2.305386476125038386e-01,9.499533489276544562e-02,1.009325433235633146e-01,2.449473130882852678e-01,7.665698379392417161e-01,6.292918675964293840e+01
2.301352256737492774e-01,9.380810654270983762e-02,9.967111320162924670e-02,2.445186772783585205e-01,7.661912412018908602e-01,6.292463209723391770e+01
2.298021671611636396e-01,9.271849536202024511e-02,9.851340132214657375e-02,2.441648026087362422e-01,7.657982960493590063e-01,6.292432080990672461e+01
2.297971019409882076e-01,9.173773196881551684e-02,9.747134021686651439e-02,2.441594208122999654e-01,7.654636142754425165e-01,6.292080125121842116e+01
2.298746785599600495e-01,9.113038462431788389e-02,9.682603366333779327e-02,2.442418459699575162e-01,7.652257299659447343e-01,6.291902811146546526e+01
2.300233646820779854e-01,9.073829542234689016e-02,9.640943888624353697e-02,2.443998249747078022e-01,7.650524330607471057e-01,6.291885649299538130e+01
2.301193918208597478e-01,9.050523354545110533e-02,9.616181064204175344e-02,2.445018538096635496e-01,7.649471859616446823e-01,6.291877382350077852e+01
2.301791450190848465e-01,9.036712961691516222e-02,9.601507521797247868e-02,2.445653415827776789e-01,7.648850459267330093e-01,6.291872675964108197e+01
2.302153545893856068e-01,9.028661502180594656e-02,9.592952846066898909e-02,2.446038142512222680e-01,7.648498506914832573e-01,6.291869695986814293e+01
2.303033372774916654e-01,9.028815134208756366e-02,9.593116080096780740e-02,2.446972958573349621e-01,7.648453602511899874e-01,6.291896571778352154e+01
2.306933928028783720e-01,9.065053855819074635e-02,9.631619721807756218e-02,2.451117298530582911e-01,7.649101911359933448e-01,6.291709997593490300e+01
2.314307901489552621e-01,9.157521573104676627e-02,9.729866671423720303e-02,2.458952145332649053e-01,7.650393554722799694e-01,6.290919510112402691e+01
2.320831264476279077e-01,9.231192500887265562e-02,9.808142032192722348e-02,2.465883218506045860e-01,7.651703576177335542e-01,6.290571633101043858e+01
2.327160801863755180e-01,9.293183551463618519e-02,9.874007523430104738e-02,2.472608351980241093e-01,7.653188400889713305e-01,6.290471438464164322e+01
2.333853926568046633e-01,9.350102925525476116e-02,9.934484358370827828e-02,2.479719796978548940e-01,7.654977932892236270e-01,6.290516133614136152e+01
2.315795019286356338e-01,9.565032325319608453e-02,1.016284684565208485e-01,2.460532207991752707e-01,7.669165749013089339e-01,6.291093146008911674e+01
2.289133731851223930e-01,9.857810006342697384e-02,1.047392313173912265e-01,2.432204590091924523e-01,7.689125211621529177e-01,6.291981050217108873e+01
2.267189612846746138e-01,1.015506646049419287e-01,1.078975811427508730e-01,2.408888963649667425e-01,7.709074528751730382e-01,6.292866447742401448e+01
2.250007971732300993e-01,1.046426537389788108e-01,1.111828195976650030e-01,2.390633469965570690e-01,7.729494147668989346e-01,6.293780801883614373e+01
2.238777560601864780e-01,1.078530976636216665e-01,1.145939162675980449e-01,2.378701158139480132e-01,7.750313800000528941e-01,6.294728878469604183e+01
2.236357150349646550e-01,1.122482388343932908e-01,1.192637537615429677e-01,2.376129472246499286e-01,7.768778902479691606e-01,6.296495067034235404e+01
2.239850897356800707e-01,1.169301862684862109e-01,1.242383229102666242e-01,2.379841578441601047e-01,7.786592734073056743e-01,6.298293422292778843e+01
2.250843712482057946e-01,1.214647086934601272e-01,1.290562529868014008e-01,2.391521444512186845e-01,7.806374940005630370e-01,6.301003374140041302e+01
2.250463774362561065e-01,1.264240134988245945e-01,1.343255143425010900e-01,2.391117760260221548e-01,7.805967795766809436e-01,6.303885694138651985e+01
2.245165855036237168e-01,1.328296331205487957e-01,1.411314851905830225e-01,2.385488720976002008e-01,7.798895083813272011e-01,6.306711347236317522e+01
2.207072488502491714e-01,1.423780045311368314e-01,1.512766298143329857e-01,2.345014519033898071e-01,7.810547939006833307e-01,6.314303018483673924e+01
2.147652358018644347e-01,1.498541972406472744e-01,1.592200845681879806e-01,2.281880630394809151e-01,7.834423977760744950e-01,6.322674447582485158e+01
2.108671060546070952e-01,1.542526890439321618e-01,1.638934821091779515e-01,2.240463001830201584e-01,7.861494052253049647e-01,6.327605213311297661e+01
2.128027673703311584e-01,1.601404081012931524e-01,1.701491836076240438e-01,2.261029403309769148e-01,7.915292736493986236e-01,6.336998066093426019e+01
2.138951783587423050e-01,1.671164215075938986e-01,1.775611978518186751e-01,2.272636270061637875e-01,7.970195080037080215e-01,6.346547374189431423e+01
2.123765764648817278e-01,1.753678519684437886e-01,1.863283427164715844e-01,2.256501124939367664e-01,8.019314852967303064e-01,6.350724860450010567e+01
2.082921457827929534e-01,1.803752829406281288e-01,1.916487381244175170e-01,2.213104048942176050e-01,8.056689243441794712e-01,6.337386329746178859e+01
2.040362530431526489e-01,1.858336758499304631e-01,1.974482805905513061e-01,2.167885188583495437e-01,8.085116873359908807e-01,6.320232064631363045e+01
1.989059559530880761e-01,1.916596755160637766e-01,2.036384052358178876e-01,2.113375782001559178e-01,8.104483796093233661e-01,6.309342181540702654e+01
1.923888729480512094e-01,1.970313241825575878e-01,2.093457819439674406e-01,2.044131775073045887e-01,8.117750427607036690e-01,6.301889140421208424e+01
1.872049869850416215e-01,2.036387248050734455e-01,2.163661451053905671e-01,1.989052986716067228e-01,8.135560867664204387e-01,6.298243551922858785e+01
1.823629127628451918e-01,2.112900993684364570e-01,2.244957305789637703e-01,1.937605948105229625e-01,8.153040477438757705e-01,6.298348791617709708e+01
1.778069739746518385e-01,2.198463605294769529e-01,2.335867580625692608e-01,1.889199098480675576e-01,8.168880812914631750e-01,6.302176653355748215e+01
1.718804813008388832e-01,2.277085658409791213e-01,2.419403512060404049e-01,1.826230113821412926e-01,8.184328996591286876e-01,6.305574815637889685e+01
1.661333703299074094e-01,2.316209492443410400e-01,2.460972585721123429e-01,1.765167059755264889e-01,8.207452965600335881e-01,6.306846194751707202e+01
1.611437784907595039e-01,2.342423611807789297e-01,2.488825087545777359e-01,1.712152646464319139e-01,8.228053713145169201e-01,6.318232709638159150e+01
1.569033557757139596e-01,2.361695120935387027e-01,2.509301065993849167e-01,1.667098155116960023e-01,8.253410661271117776e-01,6.333674215898543025e+01
1.535393091494622886e-01,2.376081589466619015e-01,2.524586688808282964e-01,1.631355159713036851e-01,8.277850430602158305e-01,6.349414264447836587e+01
1.525243358084302225e-01,2.388161514503618355e-01,2.537421609160093738e-01,1.620571067964570178e-01,8.300633643729167233e-01,6.368090981029320119e+01
1.520772288608411293e-01,2.404218419412633145e-01,2.554482070625923029e-01,1.615820556646437312e-01,8.317501774738995657e-01,6.389044908344577323e+01
1.524495136743409252e-01,2.402331965333668606e-01,2.552477713167022322e-01,1.619776082789873839e-01,8.333298792237543440e-01,6.408176185261766022e+01
1.484396923140835767e-01,2.410199769632546674e-01,2.560837255234581500e-01,1.577171730837138575e-01,8.345667673340334547e-01,6.420290071919043839e+01
1.420036451054112192e-01,2.415836462904095150e-01,2.566826241835601374e-01,1.508788729244993354e-01,8.351652769622108785e-01,6.433262783520360983e+01
1.386183254813503352e-01,2.399494192378174851e-01,2.549462579401811646e-01,1.472819708239348768e-01,8.370025706716516245e-01,6.447676938197137986e+01
1.390240597096322472e-01,2.382064019463709659e-01,2.530943020680192501e-01,1.477130634414843546e-01,8.386007609525434336e-01,6.465023000874360548e+01
1.403784687775971318e-01,2.362993810757375857e-01,2.510680923929710096e-01,1.491521230761971295e-01,8.397287120848836439e-01,6.482128097056805416e+01
1.379702430554336501e-01,2.372353961743962625e-01,2.520626084352961538e-01,1.465933832463981457e-01,8.401636121476292463e-01,6.503099773548034079e+01
1.357983778480381376e-01,2.377955395879047251e-01,2.526577608121488572e-01,1.442857764635404050e-01,8.408009663151112534e-01,6.531108763966055619e+01
1.365675873336973933e-01,2.362728570624960112e-01,2.510399106289019633e-01,1.451030615420534908e-01,8.429737214916148691e-01,6.566007416281162534e+01
1.424162415382778657e-01,2.323246406596139180e-01,2.468449307008398208e-01,1.513172566344202219e-01,8.467235605372894769e-01,6.584915769158423871e+01
1.478477684533810177e-01,2.273319875081943331e-01,2.415402367274564199e-01,1.570882539817174128e-01,8.527049480035796547e-01,6.585918745854262113e+01
1.520254735737489038e-01,2.220491075175456408e-01,2.359271767373922746e-01,1.615270656721080056e-01,8.577698977143336512e-01,6.571475607497457361e+01
1.563088916802965744e-01,2.174556088780173757e-01,2.310465844328935814e-01,1.660781974103152092e-01,8.616598046388669330e-01,6.552954808735630365e+01
1.553812356590375532e-01,2.148865406612682216e-01,2.283169494525975340e-01,1.650925628877271956e-01,8.655798281982728382e-01,6.545170591952641814e+01
1.573142595382048814e-01,2.124754394058246121e-01,2.257551543686887596e-01,1.671464007593425061e-01,8.695998786521572654e-01,6.545216220083672454e+01
1.586707058790832459e-01,2.108156861898449197e-01,2.239916665767102411e-01,1.685876249965257978e-01,8.734680460000391333e-01,6.551211139122764848e+01
1.585988518233003852e-01,2.102923344098173442e-01,2.234356053104310236e-01,1.685112800622566576e-01,8.756327528197002108e-01,6.556827987199595498e+01
1.578053361005838373e-01,2.103401720407150344e-01,2.234864327932597206e-01,1.676681696068703098e-01,8.765164619078485986e-01,6.555597882423909084e+01
1.586790129669213290e-01,2.101603396349472908e-01,2.232953608621316144e-01,1.685964512773538704e-01,8.773079556787601874e-01,6.555353260574112539e+01
1.595445684907193518e-01,2.100635072331602793e-01,2.231924764352328228e-01,1.695161040213893910e-01,8.778074075628691242e-01,6.555226777286409856e+01
1.601214108842060613e-01,2.099591655113462185e-01,2.230816133558052028e-01,1.701289990644688221e-01,8.780983493638535586e-01,6.554848374859359694e+01
1.605272006978769872e-01,2.098354501751215073e-01,2.229501658110666085e-01,1.705601507414942763e-01,8.782589015510856578e-01,6.554152531504786339e+01
1.608270993864433229e-01,2.097183942733348294e-01,2.228257939154183187e-01,1.708787930980956438e-01,8.783394896078281500e-01,6.553330199424151203e+01
1.610849149437912908e-01,2.096084494464484083e-01,2.227089775368512325e-01,1.711527221277781285e-01,8.783676035282333983e-01,6.552407544384500682e+01
1.612939157537742474e-01,2.095103455235451939e-01,2.226047421187667685e-01,1.713747854883851396e-01,8.783738978211280690e-01,6.551472639721092150e+01
1.614701785827249991e-01,2.094274250371157553e-01,2.225166391019353651e-01,1.715620647441453706e-01,8.783830782891078881e-01,6.550694603945194672e+01
1.615646393506044998e-01,2.093739370239439956e-01,2.224598080879404693e-01,1.716624293100174337e-01,8.783743495071392182e-01,6.549993439442637566e+01
1.633893327230979131e-01,2.096974912961649395e-01,2.228035845021752170e-01,1.736011660182915362e-01,8.778004102042260559e-01,6.545291270694244190e+01
1.668403467797514028e-01,2.106469504150912109e-01,2.238123848160343543e-01,1.772678684534856608e-01,8.767340170609353445e-01,6.539666895911042843e+01
1.713463361787662953e-01,2.118577693936659623e-01,2.250988799807700502e-01,1.820554821899392772e-01,8.752756561253951517e-01,6.533358824759356764e+01
1.761452222398989242e-01,2.131407874476369535e-01,2.264620866631142926e-01,1.871542986298926903e-01,8.735634258108748718e-01,6.526888437875778948e+01
1.781362882597821717e-01,2.132236549064781828e-01,2.265501333381330085e-01,1.892698062760188593e-01,8.714315313954890119e-01,6.520475437660186913e+01
1.795401712974531716e-01,2.130016620796318649e-01,2.263142659596088790e-01,1.907614320035437849e-01,8.689883484756402154e-01,6.514547361911968437e+01
1.808283089827177059e-01,2.126698476418760753e-01,2.259617131194934792e-01,1.921300782941373908e-01,8.662890767113660129e-01,6.509218821749493600e+01
1.818531788204476585e-01,2.124706307525991156e-01,2.257500451746366210e-01,1.932190024967255781e-01,8.635757668894773476e-01,6.505207414872820948e+01
1.819339236038796936e-01,2.133760760926826650e-01,2.267120808484753003e-01,1.933047938291219403e-01,8.602093014157168316e-01,6.500931151416334330e+01
1.818309993477551234e-01,2.144163515775700246e-01,2.278173735511682119e-01,1.931954368069896677e-01,8.564623803067702434e-01,6.496780550548092492e+01
1.844258173027866488e-01,2.168271876244463880e-01,2.303788868509742405e-01,1.959524308842106044e-01,8.531283027322240642e-01,6.492462771475369721e+01
1.882644506916971161e-01,2.196112468416305530e-01,2.333369497692324990e-01,2.000309788599281546e-01,8.498341158459070677e-01,6.488550867675763811e+01
1.915456166283609207e-01,2.219514687134426512e-01,2.358234355080327249e-01,2.035172176676335598e-01,8.465775312870090774e-01,6.485961330185622842e+01
1.922964486965781095e-01,2.201754263031680814e-01,2.339363904471161160e-01,2.043149767401140071e-01,8.439428915282694010e-01,6.487009891462365374e+01
1.878769921373131813e-01,2.143387003151571713e-01,2.277348690848546298e-01,1.996193041458951822e-01,8.417048092675730731e-01,6.486678243870150595e+01
1.791502734404049890e-01,2.065340766398022221e-01,2.194424564297899061e-01,1.903471655304302124e-01,8.385344030810354399e-01,6.481851763820461088e+01
1.726271905526632067e-01,1.994686925449007664e-01,2.119354858289570764e-01,1.834163899622044402e-01,8.339938034404940082e-01,6.474531665013532233e+01
1.701898521179492085e-01,1.909961083806868687e-01,2.029333651544798778e-01,1.808267178753206750e-01,8.300356430212775249e-01,6.469606694620344456e+01
1.760064791728606914e-01,1.849105492169420828e-01,1.964674585430009612e-01,1.870068841211644239e-01,8.292032693599938886e-01,6.468486421120952912e+01
1.835241189366337011e-01,1.798126086465861306e-01,1.910508966869977621e-01,1.949943763701730004e-01,8.296167900717912325e-01,6.470054149479466332e+01
1.921339813762245330e-01,1.731657077256722743e-01,1.839885644585268765e-01,2.041423552122386964e-01,8.304653223902779269e-01,6.468996060344966281e+01
2.005471996181516225e-01,1.657520472209050577e-01,1.761115501722115007e-01,2.130813995942862082e-01,8.298812189210961199e-01,6.463347395199495793e+01
2.088249663912918885e-01,1.580467683791787481e-01,1.679246914028775517e-01,2.218765267907475414e-01,8.283973310657402056e-01,6.458107619212375994e+01
2.166369741296642337e-01,1.504937683608904009e-01,1.598996288834461099e-01,2.301767850127683368e-01,8.261331456266025608e-01,6.455194946994888028e+01
2.245873525817921323e-01,1.427139062416679094e-01,1.516335253817722439e-01,2.386240621181542620e-01,8.232329943744326473e-01,6.454139613424854360e+01
2.321323707789029744e-01,1.344227962053718695e-01,1.428242209682075714e-01,2.466406439525845595e-01,8.198074988913993666e-01,6.454556762797015779e+01
2.381454881153596548e-01,1.269388704146864333e-01,1.348725498156044256e-01,2.530295811225695135e-01,8.159673238533169393e-01,6.450841539809759695e+01
2.438372954258208325e-01,1.207104729819476474e-01,1.282548775433192956e-01,2.590771263899346866e-01,8.118318158839916698e-01,6.441369460870936337e+01
2.470313699568930654e-01,1.172084913465614442e-01,1.245340220557216576e-01,2.624708305791987328e-01,8.084915156889388443e-01,6.429757842194025841e+01
2.493633821394987127e-01,1.119917268211400585e-01,1.189912097474613295e-01,2.649485935232173683e-01,8.045279356198672405e-01,6.417183796306890997e+01
2.511665475095946620e-01,1.071867648128871225e-01,1.138859376136927004e-01,2.668644567289442104e-01,8.003992748744035435e-01,6.400314182522004103e+01
2.512434346790487494e-01,1.034718288948526105e-01,1.099388182007809134e-01,2.669461493464894142e-01,7.960152839120732127e-01,6.390275037846496531e+01
2.504894461561409935e-01,1.003461380724874341e-01,1.066177717020179438e-01,2.661450365408997154e-01,7.928397772218985784e-01,6.391064509399087257e+01
2.474182771713692996e-01,9.642785277937060417e-02,1.024545935780812878e-01,2.628819194945799520e-01,7.883515067095772100e-01,6.386022760017150546e+01
2.442850769779918163e-01,9.336592270328925025e-02,9.920129287224481451e-02,2.595528942891164870e-01,7.838570198681680257e-01,6.383995551133019575e+01
2.438242976909285598e-01,9.114575068100291833e-02,9.684236009856564409e-02,2.590633162966116121e-01,7.802127852330343893e-01,6.383385971615678045e+01
2.435736171928949423e-01,9.020181816521839757e-02,9.583943180054468880e-02,2.587969682674509109e-01,7.772005111949628064e-01,6.379519799196977203e+01
2.423690414473913535e-01,9.131305780352352852e-02,9.702012391624381671e-02,2.575171065378532576e-01,7.726682336319009581e-01,6.374030567195368491e+01
2.429407309015885752e-01,9.140064963959479427e-02,9.711319024206956085e-02,2.581245265829378299e-01,7.682641173106204979e-01,6.370479576856830306e+01
2.444068526751507486e-01,8.976423667422860075e-02,9.537450146636786141e-02,2.596822809673476895e-01,7.642858204926663568e-01,6.363618282738744369e+01
2.485472289488826481e-01,8.740923199961005141e-02,9.287230899958588692e-02,2.640814307581879072e-01,7.608787504589868966e-01,6.352753002766267088e+01
2.552832935424238503e-01,8.619028393378955211e-02,9.157717667965155350e-02,2.712384993888254381e-01,7.573286098763937213e-01,6.340081468976602963e+01
2.585763843446721166e-01,8.325737735362687131e-02,8.846096343822856811e-02,2.747374083662142419e-01,7.541347572767826968e-01,6.334360050833139155e+01
2.614502090509179255e-01,8.041931482278771859e-02,8.544552199921195967e-02,2.777908471166002924e-01,7.511074502684156329e-01,6.327415483738103319e+01
2.655551287781872660e-01,7.727799806340067412e-02,8.210787294236331080e-02,2.821523243268239667e-01,7.485639364987429767e-01,6.322554429651138008e+01
2.693252481141879540e-01,7.419828060370499412e-02,7.883567314143671845e-02,2.861580761213248225e-01,7.475748960774549756e-01,6.319480225765546777e+01
2.715508213886710931e-01,7.203416891449081205e-02,7.653630447164640194e-02,2.885227477254629358e-01,7.474058554176526981e-01,6.315883701692165175e+01
2.735820524713937218e-01,7.016661855066819165e-02,7.455203221008503689e-02,2.906809307508558260e-01,7.475953353931705792e-01,6.313029887605004120e+01
2.743711367088255138e-01,6.949038322746670104e-02,7.383353217918345313e-02,2.915193327531271361e-01,7.478664711206751692e-01,6.312597768787689034e+01
2.762501362797868398e-01,6.833531854523736127e-02,7.260627595431473624e-02,2.935157697972734514e-01,7.480235005832430728e-01,6.312260832921618459e+01
2.774678925073763014e-01,6.761402030603504143e-02,7.183989657516225147e-02,2.948096357890872543e-01,7.478893331674073552e-01,6.311083114263897187e+01
2.785011836373790794e-01,6.701952969628321988e-02,7.120825030230099051e-02,2.959075076147151817e-01,7.478590580078405825e-01,6.310512212942818167e+01
2.793357449533851455e-01,6.659828646930934792e-02,7.076067937364112492e-02,2.967942290129715888e-01,7.478200864838977502e-01,6.310190269468809277e+01
2.799344440989489091e-01,6.632390209178873342e-02,7.046914597252568191e-02,2.974303468551332541e-01,7.477868925243457143e-01,6.309987671003046472e+01
2.802806595849210436e-01,6.617503354052409192e-02,7.031097313680687022e-02,2.977982008089785637e-01,7.477939825452221134e-01,6.309920426807627791e+01
2.804257688023236716e-01,6.612344979092096842e-02,7.025616540285355149e-02,2.979523793524689879e-01,7.478343355611446475e-01,6.309948214512165521e+01
2.804626060924365061e-01,6.612196293804506464e-02,7.025458562167292975e-02,2.979915189732136316e-01,7.478863440801934992e-01,6.310007605727712132e+01
2.804418947936893058e-01,6.614588173512732372e-02,7.027999934357269385e-02,2.979695132182948458e-01,7.479409229969243844e-01,6.310075703818165493e+01
2.803715449977762786e-01,6.619325067323232614e-02,7.033032884030944454e-02,2.978947665601373029e-01,7.480043468063870549e-01,6.310161919158753818e+01
2.803030058555736059e-01,6.623657398076809866e-02,7.037635985456609788e-02,2.978219437215469112e-01,7.480560709172257017e-01,6.310225452400287338e+01
2.802528965807319361e-01,6.626780515014318862e-02,7.040954297202722811e-02,2.977687026170276474e-01,7.480918503932335595e-01,6.310262227326742845e+01
2.801894050654008539e-01,6.630534309713315144e-02,7.044942704070403239e-02,2.977012428819883483e-01,7.481304837827523757e-01,6.310310245495973902e+01
2.794200793328300847e-01,6.669815094727589433e-02,7.086678538148065420e-02,2.968838342911319650e-01,7.484537516278039204e-01,6.310462390918615228e+01
2.753827732149030094e-01,6.875145854976158488e-02,7.304842470912167873e-02,2.925941965408344059e-01,7.500805236827942091e-01,6.311005899503789607e+01
2.705786030262448127e-01,7.152780448239093314e-02,7.599829226254040115e-02,2.874897657153850927e-01,7.521296985701660942e-01,6.312023380897012004e+01
2.657191956541972711e-01,7.466319484270239615e-02,7.932964452037137570e-02,2.823266453825845068e-01,7.543188791114607827e-01,6.313310864024953872e+01
2.612003833906608730e-01,7.785637441726735164e-02,8.272239781834665739e-02,2.775254073525770804e-01,7.564565425334145443e-01,6.314525737672412475e+01
2.573895166638770493e-01,8.149052167568505978e-02,8.658367928041535433e-02,2.734763614553692435e-01,7.585492847451467124e-01,6.315974748245522363e+01
2.523262014945961695e-01,8.809567279976707188e-02,9.360165234975258153e-02,2.680965890880083746e-01,7.606286235976568166e-01,6.316529650415179731e+01
2.469036586784327525e-01,9.668641294063684555e-02,1.027293137494267594e-01,2.623351373458347457e-01,7.624886603435842014e-01,6.314107257441193610e+01
2.415976325857934204e-01,1.055723113211377712e-01,1.121705807787089365e-01,2.566974846224054918e-01,7.630935502796311054e-01,6.311545013839636908e+01
2.368182212992418212e-01,1.137719963304971854e-01,1.208827461011532239e-01,2.516193601304441696e-01,7.635747716286056530e-01,6.314945460915024711e+01
2.330047010308464450e-01,1.203818796377238709e-01,1.279057471150818748e-01,2.475674948452744051e-01,7.647320238134472925e-01,6.314208036160845694e+01
2.271597411717174442e-01,1.272783705952005573e-01,1.352332687574006320e-01,2.413572249949498816e-01,7.665436748106554399e-01,6.311409227251824916e+01
2.224980522868503785e-01,1.342438273784485325e-01,1.426340665896015936e-01,2.364041805547784092e-01,7.693111816747649767e-01,6.314732476849943765e+01
2.180928062280995672e-01,1.404568923016595861e-01,1.492354480705133102e-01,2.317236066173558040e-01,7.721037379645376841e-01,6.315323276676618036e+01
2.158008253267273413e-01,1.482037004024361615e-01,1.574664316775882811e-01,2.292883769096477897e-01,7.757935183220560083e-01,6.318773980785739752e+01
2.154140325202485440e-01,1.561572538502432050e-01,1.659170822158834435e-01,2.288774095527641994e-01,7.802638258981292596e-01,6.324224372000321637e+01
2.129485849505189654e-01,1.636637951240910160e-01,1.738927823193467670e-01,2.262578715099264060e-01,7.835445254810606830e-01,6.339687000725570698e+01
2.110179294987840348e-01,1.694528120021306095e-01,1.800436127522638541e-01,2.242065500924581012e-01,7.875778247555731415e-01,6.355758874978765505e+01
2.082713530749536190e-01,1.756273673210783093e-01,1.866040777786458493e-01,2.212883126421381352e-01,7.907327299053146241e-01,6.376657379466728059e+01
2.052043764653720126e-01,1.815535833467763205e-01,1.929006823059498388e-01,2.180296499944577859e-01,7.928199623046420230e-01,6.401878000283709014e+01
2.002866695518045470e-01,1.882442833271623372e-01,2.000095510351101447e-01,2.128045863987922393e-01,7.944166861852109962e-01,6.435146379038960163e+01
1.944372322956123000e-01,1.955473371851221553e-01,2.077690457591922502e-01,2.065895593140880115e-01,7.962331846694121751e-01,6.469050945152575594e+01
1.888222760652666921e-01,2.026481007137569956e-01,2.153136070083667697e-01,2.006236683193458603e-01,7.982733114739922753e-01,6.493898296570523598e+01
1.827212941920699496e-01,2.089392801549989631e-01,2.219979851646865232e-01,1.941413750790743076e-01,8.003233547626357192e-01,6.511181500887541063e+01
1.757474171868307067e-01,2.146145637605430812e-01,2.280279739955770602e-01,1.867316307610077664e-01,8.020462481077991201e-01,6.525574916657333802e+01
1.687212874470360169e-01,2.185174624475048066e-01,2.321748038504737599e-01,1.792663679124759379e-01,8.041414616256059578e-01,6.539415644141384121e+01
1.607643654323955840e-01,2.215687123890382471e-01,2.354167569133533422e-01,1.708121382719201831e-01,8.056583264871661765e-01,6.554343988845289459e+01
1.526548587624077524e-01,2.242224990509643634e-01,2.382364052416498512e-01,1.621957874350579698e-01,8.075157648670918675e-01,6.571264920810396859e+01
1.471012487957272241e-01,2.244233658337635440e-01,2.384498261983737932e-01,1.562950768454601236e-01,8.094301846763581887e-01,6.581923051058616636e+01
1.501193154821491849e-01,2.265654510982261505e-01,2.407257917918653456e-01,1.595017726997835783e-01,8.120160596342237413e-01,6.589435018839344593e+01
1.518680828003295402e-01,2.279876443738968750e-01,2.422368721472656083e-01,1.613598379753497514e-01,8.155241762949174689e-01,6.591362997682387004e+01
1.512605683149837732e-01,2.295037734786344319e-01,2.438477593210491290e-01,1.607143538346701983e-01,8.189718020231925300e-01,6.593471916770093344e+01
1.488241433004358627e-01,2.312702043574354216e-01,2.457245921297750990e-01,1.581256522567131562e-01,8.227969179107771369e-01,6.602543718482033341e+01
1.455437800785727986e-01,2.315610482038377993e-01,2.460336137165776149e-01,1.546402663334834615e-01,8.260716216845750415e-01,6.629996931660711823e+01
1.398148941922655597e-01,2.319676842298404318e-01,2.464656644942053998e-01,1.485533250792820115e-01,8.286810571497870148e-01,6.651308955721883365e+01
1.336635915757487525e-01,2.315330998874241542e-01,2.460039186303881742e-01,1.420175660492329628e-01,8.321892574476514870e-01,6.665976313807301779e+01
1.310385030552246588e-01,2.309258691356748383e-01,2.453587359566546389e-01,1.392284094961762086e-01,8.376152808001406935e-01,6.684950821921259489e+01
1.316446893469467583e-01,2.296355300405751865e-01,2.439877506681112362e-01,1.398724824311309844e-01,8.427164281161287906e-01,6.705275722844891106e+01
1.342933111614551256e-01,2.259903070163168937e-01,2.401147012048365503e-01,1.426866431090462184e-01,8.483807436852205397e-01,6.731061742503008816e+01
1.417287110457483845e-01,2.211092700165508407e-01,2.349285993925853411e-01,1.505867554861073654e-01,8.544115232102058588e-01,6.749732770958642902e+01
1.510221322978047009e-01,2.164658698677034421e-01,2.299949867344350252e-01,1.604610155664173143e-01,8.604870371909978388e-01,6.757239461247715440e+01
1.612331549245658302e-01,2.119806547520585172e-01,2.252294456740621120e-01,1.713102271073513316e-01,8.653549897174027672e-01,6.750738249012276526e+01
1.703563689761850297e-01,2.075930075544233089e-01,2.205675705265747744e-01,1.810036420371963772e-01,8.690034731220894759e-01,6.736325774781261089e+01
1.782574339812808273e-01,2.048104955018396622e-01,2.176111514707047001e-01,1.893985236051107801e-01,8.715266058375220615e-01,6.723057178734606509e+01
1.846307186364745945e-01,2.046871439478584465e-01,2.174800904445995109e-01,1.961701385512537865e-01,8.753358906631495406e-01,6.724270405882235480e+01
1.926945700416768381e-01,2.051633712754780681e-01,2.179860819801954785e-01,2.047379806692812276e-01,8.798629157996320505e-01,6.731378623045613097e+01
1.979587239586222125e-01,2.068056153980854517e-01,2.197309663604659069e-01,2.103311442060360470e-01,8.834154157761222592e-01,6.740342313633391313e+01
1.999805957077691876e-01,2.090517082730632692e-01,2.221174400401294824e-01,2.124793829395046074e-01,8.843587666537181535e-01,6.742751903764063570e+01
2.042352281681451553e-01,2.090019509879632031e-01,2.220645729247109346e-01,2.169999299286540506e-01,8.853946703188292355e-01,6.745170879538146380e+01
2.040161421750751325e-01,2.079685919311963782e-01,2.209666289268960027e-01,2.167671510610173213e-01,8.856053456260748469e-01,6.750619529396180951e+01
2.037979232858131151e-01,2.071212954516988003e-01,2.200663764174301262e-01,2.165352934911763394e-01,8.856450536753587288e-01,6.756283412461949922e+01
2.043343137551190125e-01,2.067094638888577474e-01,2.196288053819113739e-01,2.171052083648139230e-01,8.851543827982834012e-01,6.757861918029814774e+01
2.049273583319287662e-01,2.063077321138042097e-01,2.192019653709167959e-01,2.177353182276743071e-01,8.850520551304233985e-01,6.757929288932551515e+01
2.055990647545943573e-01,2.058875607632180138e-01,2.187555333109190148e-01,2.184490063017565098e-01,8.851351708787381645e-01,6.757409041749471612e+01
2.063779943821563989e-01,2.055081198153329847e-01,2.183523773037912008e-01,2.192766190310408148e-01,8.851878675024998921e-01,6.756399158429307761e+01
2.072940487951232258e-01,2.051222561338012507e-01,2.179423971421637352e-01,2.202499268448183112e-01,8.852340158890422694e-01,6.754813300958450384e+01
2.082992030719336973e-01,2.047285651010783136e-01,2.175241004198955608e-01,2.213179032639296107e-01,8.852760454836419157e-01,6.752869643670067035e+01
2.093948448823116093e-01,2.043751697106881704e-01,2.171486178176062487e-01,2.224820226874563156e-01,8.853075479726810748e-01,6.751636524625617142e+01
2.105369619797267944e-01,2.041038075047084677e-01,2.168602954737526012e-01,2.236955221034600538e-01,8.853220954317958524e-01,6.751395491090596579e+01
2.114348756108103411e-01,2.038561922044000718e-01,2.165972042171750989e-01,2.246495553364858955e-01,8.853133368138866865e-01,6.750963579720480823e+01
2.135240833815016948e-01,2.039235703804549715e-01,2.166687935292333222e-01,2.268693385928457762e-01,8.846488306293962545e-01,6.746351052575825236e+01
2.148822733194965251e-01,2.038015012725511443e-01,2.165390951020857435e-01,2.283124154019650909e-01,8.831878379494859654e-01,6.741698807374052649e+01
2.133279995304576682e-01,2.025867065073924667e-01,2.152483756641046519e-01,2.266609995011108492e-01,8.811374772905593566e-01,6.736326930976325400e+01
2.117285107467222205e-01,2.013956328749285374e-01,2.139828599296114964e-01,2.249615426683927721e-01,8.788307842145991478e-01,6.731030785831740104e+01
2.114584894712262797e-01,2.005375414214436991e-01,2.130711377602840240e-01,2.246746450631781633e-01,8.763247929227421240e-01,6.724573678768634011e+01
2.095889061516209018e-01,2.006850291418046384e-01,2.132278434631673381e-01,2.226882127860971283e-01,8.733944542136340417e-01,6.718774154372675866e+01
2.062467370327013549e-01,2.015997972741408739e-01,2.141997846037746178e-01,2.191371580972450162e-01,8.699804309725572837e-01,6.713524277452347633e+01
2.031826460438907744e-01,2.022534491469805962e-01,2.148942897186669754e-01,2.158815614216339496e-01,8.664068966334068644e-01,6.708469437712533079e+01
2.011195894895930758e-01,2.020789879256813248e-01,2.147089246710365273e-01,2.136895638326928859e-01,8.629056353086437259e-01,6.702843918983194271e+01
2.000235251319450180e-01,2.019512261590324653e-01,2.145731777939721141e-01,2.125249954526914065e-01,8.595617891319580206e-01,6.697361655650713885e+01
2.032008279395512707e-01,2.000783860532115710e-01,2.125832851815372682e-01,2.159008796857733170e-01,8.555150018603763229e-01,6.693499460440955318e+01
2.129628027897520759e-01,1.997603401259466227e-01,2.122453613838182207e-01,2.262729779641116101e-01,8.506430608332846699e-01,6.692460511523221101e+01
2.169858075638255723e-01,1.986656792347182010e-01,2.110822841868882083e-01,2.305474205365646012e-01,8.461289118331420944e-01,6.691018507477875232e+01
2.135936170083233554e-01,1.984848731002739897e-01,2.108901776690411123e-01,2.269432180713434055e-01,8.410242833748224900e-01,6.688921173334146886e+01
2.092912842300145015e-01,1.954737630980833418e-01,2.076908732917137346e-01,2.223719894943904374e-01,8.369343738316296077e-01,6.686427251644954595e+01
2.078475820948258446e-01,1.902251902442805842e-01,2.021142646345481797e-01,2.208380559757524009e-01,8.336507080957220595e-01,6.684677750231197990e+01
2.114470891461073809e-01,1.875303104768540063e-01,1.992509548816574771e-01,2.246625322177388251e-01,8.321827754945051447e-01,6.679729359484210249e+01
2.173787045522224681e-01,1.837865217446383037e-01,1.952731793536781335e-01,2.309648735867362856e-01,8.315668879573012706e-01,6.674008293500067168e+01
2.248347477600147748e-01,1.783731790419567087e-01,1.895215027320789614e-01,2.388869194950158092e-01,8.313180915318320041e-01,6.671453851742285224e+01
2.329652663541717794e-01,1.721364342333960018e-01,1.828949613729832224e-01,2.475255955013076214e-01,8.315124385419438990e-01,6.667163498508298858e+01
2.417320065685885366e-01,1.645847357092452556e-01,1.748712816910730772e-01,2.568402569791253254e-01,8.316089068876693080e-01,6.663138959085090107e+01
2.486987218069862671e-01,1.568742072235587981e-01,1.666788451750312594e-01,2.642423919199231030e-01,8.302380208589734689e-01,6.661311494796694888e+01
2.521395003920219313e-01,1.498950196250688482e-01,1.592634583516355784e-01,2.678982191665236212e-01,8.277131573951019838e-01,6.660327516287318872e+01
2.532036324472144995e-01,1.435771172849484856e-01,1.525506871152577937e-01,2.690288594751652496e-01,8.245376623287770101e-01,6.657929247478442392e+01
2.551626984592551550e-01,1.364914589749515461e-01,1.450221751608860576e-01,2.711103671129586612e-01,8.209380382137424492e-01,6.642283850094052866e+01
2.557149996157692118e-01,1.295457037069282225e-01,1.376423101886112554e-01,2.716971870917547771e-01,8.167958051011952048e-01,6.629368312838677468e+01
2.560341855171580083e-01,1.230113860084170452e-01,1.306995976339432042e-01,2.720363221119802555e-01,8.123156387545809043e-01,6.617957566407703496e+01
2.554476412618095771e-01,1.172644214752494585e-01,1.245934478174526711e-01,2.714131188406724293e-01,8.074279863877888985e-01,6.606742076923603690e+01
2.510945900037507839e-01,1.125882771240024338e-01,1.196250444442526206e-01,2.667880018789853258e-01,8.020372702293759870e-01,6.592447951633835146e+01
2.475009338414012050e-01,1.098787113193237658e-01,1.167461307767816148e-01,2.629697422064887213e-01,7.966706138201563592e-01,6.578984599491589336e+01
2.426874400008893762e-01,1.090470474005259677e-01,1.158624878630589161e-01,2.578554050009448928e-01,7.916257528329903037e-01,6.568170976913420134e+01
2.376738438126177466e-01,1.091158799090392872e-01,1.159356224033541993e-01,2.525284590509063176e-01,7.869789955922931179e-01,6.558105516924815959e+01
2.344947694686907724e-01,1.080123186296292198e-01,1.147630885439810677e-01,2.491506925604838885e-01,7.819260423371837687e-01,6.550426048675743118e+01
2.346688540589346728e-01,1.054286592824482532e-01,1.120179504876011450e-01,2.493356574376182078e-01,7.771031845672770055e-01,6.547189139343512920e+01
2.339506446879082990e-01,1.044557404179209809e-01,1.109842241940409563e-01,2.485725599809027186e-01,7.727949398927754787e-01,6.543420502896570667e+01
2.322405336251141816e-01,1.051686393991003582e-01,1.117416793615441106e-01,2.467555669766838267e-01,7.694455534697515198e-01,6.534472887197512136e+01
2.316208004351932026e-01,1.059133568885704257e-01,1.125329416941060340e-01,2.460971004623927483e-01,7.662687987818259661e-01,6.537351104322581818e+01
2.317259331249550414e-01,1.055526874482667216e-01,1.121497304137835521e-01,2.462088039452647314e-01,7.626617610734512942e-01,6.536329297728789811e+01
2.331191995055820754e-01,1.033507697010927484e-01,1.098101928074111666e-01,2.476891494746809863e-01,7.576922990704207939e-01,6.528403227114402796e+01
2.358969244738613469e-01,9.903555452090899436e-02,1.052252766784659288e-01,2.506404822534776256e-01,7.524824692884891641e-01,6.522080795553382870e+01
2.393608864922383839e-01,9.637152697416660752e-02,1.023947474100521116e-01,2.543209418980031944e-01,7.478991032899706681e-01,6.515413983055852043e+01
2.419427894865733009e-01,9.419142371208132081e-02,1.000783876940863487e-01,2.570642138294840784e-01,7.445403304088193952e-01,6.509111132416303747e+01
2.441749690913097570e-01,9.279349020804639192e-02,9.859308334604940938e-02,2.594359046595164919e-01,7.428726060140193876e-01,6.503714061121607415e+01
2.469515021399875110e-01,9.053737360808175594e-02,9.619595945858706865e-02,2.623859710237366749e-01,7.413819267135911550e-01,6.502186232862818827e+01
2.501107803079368197e-01,8.852159659193421792e-02,9.405419637893010221e-02,2.657427040771827009e-01,7.403233311057141330e-01,6.501896384236216875e+01
2.516473996437521565e-01,8.699148448101633180e-02,9.242845226108005463e-02,2.673753621214866594e-01,7.400871767939333212e-01,6.502249323516436164e+01
2.528792729620392699e-01,8.608206024467998652e-02,9.146218900997263312e-02,2.686842275221666965e-01,7.402139473357499666e-01,6.501084339291912784e+01
2.557666498963215296e-01,8.426987802540017447e-02,8.953674540198774956e-02,2.717520655148413788e-01,7.401205870826599309e-01,6.502490053468225994e+01
2.571844346171805462e-01,8.334748261118335444e-02,8.855670027438243552e-02,2.732584617807544136e-01,7.402247609600947076e-01,6.502357408831343832e+01
2.587243664160391865e-01,8.246171253411439805e-02,8.761556956749658176e-02,2.748946393170415003e-01,7.401798235260944603e-01,6.502883385806619287e+01
2.598361073537662769e-01,8.188192883014806800e-02,8.699954938203234567e-02,2.760758640633766414e-01,7.401293939428942315e-01,6.503198382372630704e+01
2.605074154063162784e-01,8.156908530324659401e-02,8.666715313469960935e-02,2.767891288692109764e-01,7.401146714069806176e-01,6.503423279273100377e+01
2.608786994077100796e-01,8.142740413226896845e-02,8.651661689053583015e-02,2.771836181206919214e-01,7.401317980501996852e-01,6.503584959702760671e+01
2.610633286095456751e-01,8.138945487731766293e-02,8.647629580715003594e-02,2.773797866476420682e-01,7.401695514964696798e-01,6.503709942478157302e+01
2.611447197616099114e-01,8.143089613199164245e-02,8.652032714024110449e-02,2.774662647467103782e-01,7.402282849898120798e-01,6.503851876858084324e+01
2.611927902504315724e-01,8.150229844124402823e-02,8.659619209382179994e-02,2.775173396410832716e-01,7.402897282414347968e-01,6.504000461350422313e+01
2.620679954588863714e-01,8.082516014657040171e-02,8.587673265573121661e-02,2.784472451750668598e-01,7.394485377552337813e-01,6.502134006298777535e+01
2.613994847174261893e-01,8.088403972722418844e-02,8.593929221017575226e-02,2.777369525122652671e-01,7.392500351600452824e-01,6.500642733150678509e+01
2.589786882693134729e-01,8.188412552563816005e-02,8.700188337099055980e-02,2.751648562861455094e-01,7.399315311254919258e-01,6.499950608466659219e+01
2.557694429689894022e-01,8.338616557371436588e-02,8.859780092207163171e-02,2.717550331545512399e-01,7.410495867984696616e-01,6.499749046120778928e+01
2.521136267865775049e-01,8.514582625411570849e-02,9.046744039499801660e-02,2.678707284607386718e-01,7.424028508092967993e-01,6.499778945926757956e+01
2.482093806509803879e-01,8.707590076914589750e-02,9.251814456721753344e-02,2.637224669416666223e-01,7.438986849616824326e-01,6.500018149120347744e+01
2.441666084939810855e-01,8.953074170851373081e-02,9.512641306529584506e-02,2.594270215248547506e-01,7.456697807836499825e-01,6.500684401873279228e+01
2.401286100001447099e-01,9.239290512671224920e-02,9.816746169713175263e-02,2.551366481251536866e-01,7.476496915110328878e-01,6.501602549002761577e+01
2.362702120137802064e-01,9.543401993155151142e-02,1.013986461772734826e-01,2.510371002646414884e-01,7.497175380246100529e-01,6.502595659887735735e+01
2.300767552321354714e-01,1.001777077488134465e-01,1.064388144831143745e-01,2.444565524341439089e-01,7.520667557656403046e-01,6.502337251256038542e+01
2.236520894676978233e-01,1.076363335156243911e-01,1.143636043603508679e-01,2.376303450594287880e-01,7.543755038009715141e-01,6.500384347588448009e+01
2.178024559674446026e-01,1.158534153005924688e-01,1.230942537568796014e-01,2.314151094654099128e-01,7.566298659242528535e-01,6.497083117742548097e+01
2.135336328605987044e-01,1.240513148067953764e-01,1.318045219822201186e-01,2.268794849143860037e-01,7.581385381579115457e-01,6.492970936860238851e+01
2.123393934715948894e-01,1.313183622970540143e-01,1.395257599406198867e-01,2.256106055635695162e-01,7.579012873495517555e-01,6.495515516687076740e+01
2.140902515833465192e-01,1.364921737328392559e-01,1.450229345911415169e-01,2.274708923073055222e-01,7.581880736705742807e-01,6.506196887868996726e+01
2.115343445879341311e-01,1.433159418383030681e-01,1.522731882031969075e-01,2.247552411246800663e-01,7.583810820513475770e-01,6.520231380337240523e+01
2.069151825218277507e-01,1.519661473197373436e-01,1.614640315272211635e-01,2.198473814294419904e-01,7.585038832069891379e-01,6.536764440027953071e+01
2.032654802414754769e-01,1.611647844707366495e-01,1.712375835001577473e-01,2.159695727565676682e-01,7.587549919614096083e-01,6.551246441053636715e+01
2.014923993096233157e-01,1.709599025950445661e-01,1.816448965072349209e-01,2.140856742664747070e-01,7.610910319000745439e-01,6.558749718465234935e+01
2.000856668991083664e-01,1.795710956477242770e-01,1.907942891257071449e-01,2.125910210803027278e-01,7.649096843294879156e-01,6.570136858842217009e+01
2.007372485258091532e-01,1.858584843467564751e-01,1.974746396184288710e-01,2.132833265586722704e-01,7.688918213296050963e-01,6.578738818282467093e+01
2.059223334410464068e-01,1.915741565287635562e-01,2.035475413118114640e-01,2.187924792811118402e-01,7.723706790990655380e-01,6.588838931658447962e+01
2.086424282413772979e-01,1.983613918150523292e-01,2.107589788034930633e-01,2.216825800064633756e-01,7.744979245166464521e-01,6.597975706841921806e+01
2.089932039464839075e-01,2.044601714056464570e-01,2.172389321184994559e-01,2.220552791931392211e-01,7.763783724028607836e-01,6.610541006656023910e+01
2.085240748335968619e-01,2.097833002248698508e-01,2.228947564889242061e-01,2.215568295106965790e-01,7.774668911688928929e-01,6.626691868502510374e+01
2.094176617085497794e-01,2.146111471802501780e-01,2.280243438790157673e-01,2.225062655653338717e-01,7.775869360544815923e-01,6.646437902262809416e+01
2.121094837988569681e-01,2.206768938117643075e-01,2.344691996749996288e-01,2.253663265362854384e-01,7.780422910274260584e-01,6.662080171428247866e+01
2.156817492811977099e-01,2.271096305474515076e-01,2.413039824566673153e-01,2.291618586112725009e-01,7.790136820853963417e-01,6.673486912726339426e+01
2.153116157479585402e-01,2.308943749483992336e-01,2.453252733826742082e-01,2.287685917322057338e-01,7.798873057102376771e-01,6.681684747740304431e+01
2.096566701287105872e-01,2.314977410757262377e-01,2.459663498929590963e-01,2.227602120117548323e-01,7.820026213808037863e-01,6.693132008128991117e+01
2.038537024544029574e-01,2.305795842776055815e-01,2.449908082949558974e-01,2.165945588578032377e-01,7.850988205431060907e-01,6.706219675459584550e+01
1.979516919172691070e-01,2.292874892923665864e-01,2.436179573731393766e-01,2.103236726620984209e-01,7.895797456880753185e-01,6.719921566786136680e+01
1.927626591834254999e-01,2.277604545086115984e-01,2.419954829153998233e-01,2.048103253823895520e-01,7.960930726278268033e-01,6.739881183909326978e+01
1.869597301361112240e-01,2.260946879913974805e-01,2.402256059908597641e-01,1.986447132696182449e-01,8.029073408895334163e-01,6.758818433702653294e+01
1.803984703079882790e-01,2.240629393711418005e-01,2.380668730818381040e-01,1.916733747022375811e-01,8.095552343574801135e-01,6.772202931103493029e+01
1.757594469810684623e-01,2.213114689139924762e-01,2.351434357211170112e-01,1.867444124173851805e-01,8.166110667067593143e-01,6.780069915117891810e+01
1.789998370417628937e-01,2.176412669360279495e-01,2.312438461195295836e-01,1.901873268568731734e-01,8.239875655835883217e-01,6.781437097465357056e+01
1.869230195227174762e-01,2.124544104620865459e-01,2.257328111159670192e-01,1.986057082428872578e-01,8.314668003096981064e-01,6.776530038731104355e+01
1.945201084422392146e-01,2.064107492967906521e-01,2.193114211278402170e-01,2.066776152198792627e-01,8.381169586021890439e-01,6.768832956751577967e+01
2.030147481485780336e-01,2.024808690212687445e-01,2.151359233350980671e-01,2.157031699078642006e-01,8.438612499238238307e-01,6.756804217977425253e+01
2.064560026907060475e-01,2.011479529226408436e-01,2.137196999803056552e-01,2.193595028588752049e-01,8.497934087408918202e-01,6.751693857704292157e+01
2.109233746115898589e-01,2.012066076797284497e-01,2.137820206597113581e-01,2.241060855248142858e-01,8.553980114065801166e-01,6.760321237781313641e+01
2.129609969547832382e-01,2.003274768501030756e-01,2.128479441532344363e-01,2.262710592644571750e-01,8.600350401395888689e-01,6.777587511476887983e+01
2.214822739899514337e-01,1.959167413136690961e-01,2.081615376457734701e-01,2.353249161143231849e-01,8.643417242593453009e-01,6.789167627081020839e+01
2.319972323607559506e-01,1.920081784054064045e-01,2.040086895557443325e-01,2.464970593833035184e-01,8.673077462942441196e-01,6.791742128892657604e+01
2.377052069292637237e-01,1.902140471970155955e-01,2.021024251468289124e-01,2.525617823623429459e-01,8.693710923901188936e-01,6.801447965187868760e+01
2.414572240725476882e-01,1.897209369416187896e-01,2.015784955004699119e-01,2.565483005770818892e-01,8.726377759683089375e-01,6.820772000140624414e+01
2.419402927968489769e-01,1.884830191730792748e-01,2.002632078713967312e-01,2.570615610966521247e-01,8.748540227481769183e-01,6.834948803301617204e+01
2.442307112641596001e-01,1.875365506988145303e-01,1.992575851174904766e-01,2.594951307181695976e-01,8.774255401915940222e-01,6.846721435326256255e+01
2.460828623765752010e-01,1.860501782446943309e-01,1.976783143849876745e-01,2.614630412751113298e-01,8.800473876925701822e-01,6.852281993718676745e+01
2.471026341159728301e-01,1.851474591275905635e-01,1.967191753230649875e-01,2.625465487482209204e-01,8.821685044256311059e-01,6.854718665671386191e+01
2.495300434348854957e-01,1.838435611060993402e-01,1.953337836752305767e-01,2.651256711495658114e-01,8.843700195634229821e-01,6.856213969943752318e+01
2.505529234726442400e-01,1.836538077556020276e-01,1.951321707403272099e-01,2.662124811896842136e-01,8.861500028728809264e-01,6.854494715833622820e+01
2.521203105526593213e-01,1.836707403109651415e-01,1.951501615804005219e-01,2.678778299622001646e-01,8.874422187507021720e-01,6.850243351437363515e+01
2.523059438142430388e-01,1.836538555048536359e-01,1.951322214739069638e-01,2.680750653026330865e-01,8.881727829144190345e-01,6.849833901075234621e+01
2.520176688373792495e-01,1.837450489602674986e-01,1.952291145202843248e-01,2.677687731397154769e-01,8.887350680429459970e-01,6.851969358645300190e+01
2.518564372754333869e-01,1.838377738000653849e-01,1.953276346625694715e-01,2.675974646051475503e-01,8.889875706511932707e-01,6.853018342716777056e+01
2.517390198298632420e-01,1.839088231897926251e-01,1.954031246391546572e-01,2.674727085692299444e-01,8.890845518419007165e-01,6.853276207371753515e+01
2.516821163573954023e-01,1.839535866203132475e-01,1.954506857840828671e-01,2.674122486297326740e-01,8.891566318091305154e-01,6.853424121901575461e+01
2.517028379340170430e-01,1.839680208066588607e-01,1.954660221070751158e-01,2.674342653048928931e-01,8.892026644539461344e-01,6.853415214399510091e+01
2.521816406182099679e-01,1.838483630241069811e-01,1.953388857131137246e-01,2.679429931568479972e-01,8.892393152104759446e-01,6.852852532784197592e+01
2.522705301137421197e-01,1.835459261097225903e-01,1.950175464915803181e-01,2.680374382458508564e-01,8.892465110912874948e-01,6.852859007725130880e+01
2.533181953389971319e-01,1.835565896108073414e-01,1.950288764614828418e-01,2.691505825476843694e-01,8.892837868947711666e-01,6.854650724255999705e+01
2.541738581560805676e-01,1.835850183786115197e-01,1.950590820272746218e-01,2.700597242908358564e-01,8.893111068644071748e-01,6.856325154167237201e+01
2.547059860291662203e-01,1.836406750376523844e-01,1.951182172275057192e-01,2.706251101559888905e-01,8.893241090605166210e-01,6.857871718517735360e+01
2.541613352026326211e-01,1.833150105864528867e-01,1.947721987481062234e-01,2.700464186527969379e-01,8.893269317276255581e-01,6.859101540215374371e+01
2.498930364034542828e-01,1.807282107881251765e-01,1.920237239623830694e-01,2.655113511786699743e-01,8.892656740944249183e-01,6.858788870179844821e+01
2.477042648169892336e-01,1.781814462314783021e-01,1.893177866209458660e-01,2.631857813680507086e-01,8.883547848216114540e-01,6.855806550462291682e+01
2.481124638848809794e-01,1.757799803972761310e-01,1.867662291721058909e-01,2.636194928776861568e-01,8.866163576235037702e-01,6.850842744288897279e+01
2.476031928849606045e-01,1.745956324706667562e-01,1.855078595000832498e-01,2.630783924402711471e-01,8.843363014191174543e-01,6.846624984502554412e+01
2.486517867594076059e-01,1.729464226970423846e-01,1.837555741156074729e-01,2.641925234318706073e-01,8.815553679434351420e-01,6.841723679066804209e+01
2.487877088987316132e-01,1.714654146143466951e-01,1.821820030277432334e-01,2.643369407049025455e-01,8.782617735421855976e-01,6.835139605108361138e+01
2.483000884347207060e-01,1.707427077368964541e-01,1.814141269704525605e-01,2.638188439618904257e-01,8.746247367566468700e-01,6.829973531384302987e+01
2.506067493914620470e-01,1.721219578835864739e-01,1.828795802513106250e-01,2.662696712284281508e-01,8.708058547615686873e-01,6.826087723312255662e+01
2.487886286443067307e-01,1.737961617192313180e-01,1.846584218266831556e-01,2.643379179345760610e-01,8.661735608419541821e-01,6.826111948618637371e+01
2.475714147063562687e-01,1.762104592364077127e-01,1.872236129386832260e-01,2.630446281255031660e-01,8.615465395210208932e-01,6.828629065460224012e+01
2.557201034535508399e-01,1.778380564581866496e-01,1.889529349868231956e-01,2.717026099193977640e-01,8.573630059248383839e-01,6.827532892225936223e+01
2.641727692923864779e-01,1.788786003519036438e-01,1.900585128738977170e-01,2.806835673731606917e-01,8.534822169622270360e-01,6.824853984212306557e+01
2.721347320992066332e-01,1.802045950757205639e-01,1.914673822679531789e-01,2.891431528554068153e-01,8.498525781369257182e-01,6.819839239858437452e+01
2.760015901693415596e-01,1.810895969894555091e-01,1.924076968012963240e-01,2.932516895549253100e-01,8.480831902020030677e-01,6.815006274252024809e+01
2.732123557062864361e-01,1.810608161587336229e-01,1.923771171686543824e-01,2.902881279379291857e-01,8.468052324119560437e-01,6.811624352462007437e+01
2.727456923925307697e-01,1.794237751439816675e-01,1.906377610904805842e-01,2.897922981670638665e-01,8.459713633259394738e-01,6.820639879482975232e+01
2.722515286378839328e-01,1.765818520611197040e-01,1.876182178149396473e-01,2.892672491777517618e-01,8.440549000861141682e-01,6.830505782336688014e+01
2.728369806891786653e-01,1.735701478143730214e-01,1.844182820527712763e-01,2.898892919822523839e-01,8.409188055175759180e-01,6.842173979094123126e+01
2.777937888645528597e-01,1.685267340436929773e-01,1.790596549214240052e-01,2.951559006685873232e-01,8.378493985986695813e-01,6.854908406545881405e+01
2.839100795455799520e-01,1.626045122943076959e-01,1.727672943127019911e-01,3.016544595171790633e-01,8.356769814114773931e-01,6.858704958131821172e+01
2.915896983479926430e-01,1.552762131764091058e-01,1.649809764999348172e-01,3.098140544947416974e-01,8.331218391562632553e-01,6.857083048636879141e+01
2.982385326415236126e-01,1.486849845514714719e-01,1.579777960859384545e-01,3.168784409316187656e-01,8.303550134216737266e-01,6.862491684216057308e+01
3.021374616428167958e-01,1.440690249372197362e-01,1.530733389957960877e-01,3.210210529954926062e-01,8.268580772712609273e-01,6.874308719145820135e+01
3.041014780257162431e-01,1.405927973354879068e-01,1.493798471689559704e-01,3.231078204023236089e-01,8.235803782016549723e-01,6.880037694702460271e+01
3.032060313762374726e-01,1.368817840829213706e-01,1.454368955881041037e-01,3.221564083372520648e-01,8.209050386007347155e-01,6.875150781116532528e+01
2.987227733263547180e-01,1.328578284497629325e-01,1.411614427278732042e-01,3.173929466592517734e-01,8.199323308615494854e-01,6.878108091440098804e+01
2.973432554648519077e-01,1.283376922819096655e-01,1.363587980495291063e-01,3.159272089314050791e-01,8.180797642552918303e-01,6.878424113643750104e+01
2.944985060550023848e-01,1.241681371618910540e-01,1.319286457345092700e-01,3.129046626834400824e-01,8.145143670768664190e-01,6.872162581176525009e+01
2.906325268765321268e-01,1.179732328965003157e-01,1.253465599525314667e-01,3.087970598063157768e-01,8.089390131465302725e-01,6.852593260538769471e+01
2.847193281860490033e-01,1.123691804054522680e-01,1.193922541807930365e-01,3.025142861976770625e-01,8.027819256731867359e-01,6.829939683064455380e+01
2.766269047429965600e-01,1.087354487263595126e-01,1.155314142717571158e-01,2.939160862894337201e-01,7.954488095586997876e-01,6.809462189083023986e+01
2.658586797538121105e-01,1.063309165670154183e-01,1.129765988524540077e-01,2.824748472384251974e-01,7.874539737331511802e-01,6.793105812793814380e+01
2.545071113682566555e-01,1.034178299642293936e-01,1.098814443369937749e-01,2.704138058287726132e-01,7.785731163757713125e-01,6.778785373456355501e+01
2.426897338748106592e-01,1.002311379298365945e-01,1.064955840504514528e-01,2.578578422419863792e-01,7.696539414284121472e-01,6.762423531382204089e+01
2.334589709361679644e-01,9.830573139312991093e-02,1.044498396052005312e-01,2.480501566196784413e-01,7.625328618503963707e-01,6.745810356167902455e+01
2.281980204893705733e-01,9.571604027294806916e-02,1.016982927900074718e-01,2.424603967699561768e-01,7.568393995832891630e-01,6.730525705390232361e+01
2.257910121004798598e-01,9.370286846057929164e-02,9.955929773936550431e-02,2.399029503567598476e-01,7.517602811621368897e-01,6.718831361856868511e+01
2.240967317087053101e-01,9.298232967165333263e-02,9.879372527613167199e-02,2.381027774404994024e-01,7.463662487119407940e-01,6.707278895385493911e+01
2.274286079980877839e-01,9.324888778600390338e-02,9.907694327262923928e-02,2.416428959979681212e-01,7.410554522390269128e-01,6.701573083446669443e+01
2.340145356348118100e-01,9.253624182171396595e-02,9.831975693557114260e-02,2.486404441119875464e-01,7.362442937373387952e-01,6.696592211558015606e+01
2.417484220208172829e-01,9.025820515078719630e-02,9.589934297271145158e-02,2.568576983971183614e-01,7.323273309799320785e-01,6.692821979665789911e+01
2.475812806382425846e-01,8.870557690997443734e-02,9.424967546684771824e-02,2.630551106781326975e-01,7.297193046301558850e-01,6.687016326407955091e+01
2.509633091229240276e-01,8.755183156697055047e-02,9.302382103990622375e-02,2.666485159431067897e-01,7.292672237321058404e-01,6.682269574111842303e+01
2.531662284544490271e-01,8.634768591617186795e-02,9.174441628593270337e-02,2.689891177328517791e-01,7.296028194233069586e-01,6.680184959871164097e+01
2.543718794920227788e-01,8.529729417468041863e-02,9.062837506059795434e-02,2.702701219602742233e-01,7.302495969542713850e-01,6.677895985281810454e+01
2.556272980929720773e-01,8.398178920383786439e-02,8.923065102907777602e-02,2.716040042237828356e-01,7.306855098543926230e-01,6.676095088613153905e+01
2.566217435943775049e-01,8.310269812461761052e-02,8.829661675740621551e-02,2.726606025690258561e-01,7.310363785851700102e-01,6.675134368226521531e+01
2.574530632636075067e-01,8.255978648942445541e-02,8.771977314501350209e-02,2.735438797175830383e-01,7.312377169999971782e-01,6.674478072350498792e+01
2.581384796369340928e-01,8.218887661146996593e-02,8.732568139968678589e-02,2.742721346142422689e-01,7.313146969775403683e-01,6.674245416950098786e+01
2.586133202345270443e-01,8.196589244386179307e-02,8.708876072160325055e-02,2.747766527491851130e-01,7.313560980714496340e-01,6.674121287167369587e+01
2.588972957806642272e-01,8.183651991779819501e-02,8.695130241266058047e-02,2.750783767669556235e-01,7.313871877647011299e-01,6.674059110186517785e+01
2.590615155704534822e-01,8.176316785750741001e-02,8.687336584860153033e-02,2.752528602936066826e-01,7.314124230338731047e-01,6.674028994626316091e+01
2.591530436462438081e-01,8.172234123369630232e-02,8.682998756080224922e-02,2.753501088741339142e-01,7.314333947453106610e-01,6.674015828736817468e+01
2.592006024727100399e-01,8.170048749936675847e-02,8.680676796807726414e-02,2.754006401272542370e-01,7.314511614049569177e-01,6.674011487168390033e+01
2.592219131490643425e-01,8.168966565608717922e-02,8.679526975959268864e-02,2.754232827208808465e-01,7.314664299540700743e-01,6.674011585815730996e+01
2.586099194572809012e-01,8.199697967100304241e-02,8.712179090044086527e-02,2.747730394233610096e-01,7.317387426908057435e-01,6.674079481763303079e+01
2.560284325991529775e-01,8.318471586902963233e-02,8.838376061084413093e-02,2.720302096366000177e-01,7.326316992376519233e-01,6.673826040299144324e+01
2.534762151814620723e-01,8.398109645121001887e-02,8.922991497941064332e-02,2.693184786303033929e-01,7.328705025603680090e-01,6.672017468389577743e+01
2.502434980111394869e-01,8.532548624897184908e-02,9.065832913953254801e-02,2.658837166368355209e-01,7.336808689520096793e-01,6.671112897980866308e+01
2.464048645592469833e-01,8.715934779767338381e-02,9.260680703502793820e-02,2.618051685941998330e-01,7.349523969753318786e-01,6.670862086770537758e+01
2.424929862383932155e-01,8.918825402826784099e-02,9.476251990503457845e-02,2.576487978782927013e-01,7.363985991387926866e-01,6.670945813596905793e+01
2.386173300013829657e-01,9.135297631670281915e-02,9.706253733649683468e-02,2.535309131264693039e-01,7.379357004170835621e-01,6.671150972850699645e+01
2.351988678861442750e-01,9.394237114307303627e-02,9.981376933951519037e-02,2.498987971290283217e-01,7.394338840316579953e-01,6.671692552485352223e+01
2.312895325229156474e-01,9.840610200914061412e-02,1.045564833847118791e-01,2.457451283055978042e-01,7.408632669290160511e-01,6.671989670104611037e+01
2.249775215177866328e-01,1.048949893973949721e-01,1.114509262347321700e-01,2.390386166126483580e-01,7.425727157081871699e-01,6.669767432701267751e+01
2.186698772627133358e-01,1.120688393448116132e-01,1.190731418038623451e-01,2.323367445916329488e-01,7.442405369205711274e-01,6.666147540926850468e+01
2.136657070389292035e-01,1.201759641387871863e-01,1.276869618974613707e-01,2.270198137288623741e-01,7.461007925200896507e-01,6.661947839165854646e+01
2.119958872355376112e-01,1.271861261145267596e-01,1.351352589966847983e-01,2.252456301877586997e-01,7.467230910196053228e-01,6.662834460411716009e+01
2.123236143061588144e-01,1.339497583530052383e-01,1.423216182500681992e-01,2.255938402002936605e-01,7.466674907909621739e-01,6.669407207306132079e+01
2.085738450178318826e-01,1.450641867563396414e-01,1.541306984286110737e-01,2.216097103314463024e-01,7.471030450996667405e-01,6.678151658018359171e+01
2.021332166372529493e-01,1.574650709527039005e-01,1.673066378872479498e-01,2.147665426770812291e-01,7.480572699807429560e-01,6.683294442405434665e+01
1.964495645564676707e-01,1.682441039923429082e-01,1.787593604918642776e-01,2.087276623412468723e-01,7.515115986632123768e-01,6.682610247514506341e+01
1.919902083744179366e-01,1.806120565406660605e-01,1.919003100744576806e-01,2.039895963978189675e-01,7.550680054354304005e-01,6.678497200060991190e+01
1.890515382903926456e-01,1.894665520711417694e-01,2.013082115755883139e-01,2.008672594335422779e-01,7.589778067102954662e-01,6.675744544448552631e+01
1.878612696002879834e-01,1.971485826970428845e-01,2.094703691156081793e-01,1.996025989503060205e-01,7.650611579782684579e-01,6.671942574884077715e+01
1.882588933285349320e-01,2.056286496702415534e-01,2.184804402746316487e-01,2.000250741615683392e-01,7.712327422079288120e-01,6.673261656426700483e+01
1.883858422331066151e-01,2.145203884235520886e-01,2.279279127000242156e-01,2.001599573726758619e-01,7.776452794159173232e-01,6.675625575429329217e+01
1.880354555543124473e-01,2.231426882428819425e-01,2.370891062580621211e-01,1.997876715264571001e-01,7.828434680844749138e-01,6.679413094879575397e+01
1.886813712215620054e-01,2.303082429045707757e-01,2.447025080861066348e-01,2.004739569229097296e-01,7.871249742187308440e-01,6.684839600984157926e+01
1.886965841737744676e-01,2.363036171108337524e-01,2.510725931802608724e-01,2.004901206846354256e-01,7.901706621850057566e-01,6.692089663880872763e+01
1.892543554711684506e-01,2.416584274246269259e-01,2.567620791386660550e-01,2.010827526881165117e-01,7.931774948208236697e-01,6.701243691960037552e+01
1.895276679974640388e-01,2.455065779706899765e-01,2.608507390938582526e-01,2.013731472473054840e-01,7.963148510239804745e-01,6.711169661791925023e+01
1.888892618988781413e-01,2.492244867930456798e-01,2.648010172176110677e-01,2.006948407675579471e-01,7.992645224759218348e-01,6.721846992558968736e+01
1.855969316444848194e-01,2.525818248568999502e-01,2.683681889104563290e-01,1.971967398722650477e-01,8.018883404850193353e-01,6.733248250094733578e+01
1.800731435097167044e-01,2.551899600602764440e-01,2.711393325640439333e-01,1.913277149790739706e-01,8.038003801364225209e-01,6.745799555038448148e+01
1.735307627961877319e-01,2.563688426512580887e-01,2.723918953169616186e-01,1.843764354709494790e-01,8.053836699578489355e-01,6.758488469081757444e+01
1.670881604207806181e-01,2.569972992864997252e-01,2.730596304919060135e-01,1.775311704470793062e-01,8.066684797393217643e-01,6.773628739906982332e+01
1.595168258060548627e-01,2.567325627382083808e-01,2.727783479093464081e-01,1.694866274189335276e-01,8.085899349530307756e-01,6.788809906721202481e+01
1.492604967215100387e-01,2.542071577533790427e-01,2.700951051129652503e-01,1.585892777666042808e-01,8.103640461321749422e-01,6.803909330314914428e+01
1.384384787864570143e-01,2.517370049525864406e-01,2.674705677621231903e-01,1.470908837106104927e-01,8.127132580279016194e-01,6.825738069987559697e+01
1.312561876975932851e-01,2.485036190736228112e-01,2.640350952657243289e-01,1.394596994286926295e-01,8.166420172120367749e-01,6.846959334211668136e+01
1.282362843896037996e-01,2.448131330377588677e-01,2.601139538526187622e-01,1.362510521639541117e-01,8.226722603291943825e-01,6.878331620872711483e+01
1.303712758992147669e-01,2.392859634436939886e-01,2.542413361589248022e-01,1.385194806429156933e-01,8.299151021907782422e-01,6.918548633797837510e+01
1.329240483540342355e-01,2.334962340677052828e-01,2.480897486969368959e-01,1.412318013761613977e-01,8.361498075930471341e-01,6.938407133114246506e+01
1.363636953943804242e-01,2.290547620546174723e-01,2.433706846830310799e-01,1.448864263565293187e-01,8.424948540071471870e-01,6.954981102175896979e+01
1.381124946967428602e-01,2.275299960529335030e-01,2.417506208062419337e-01,1.467445256152893063e-01,8.469560254447439096e-01,6.969361680503328671e+01
1.381386186450777320e-01,2.262661112363230365e-01,2.404077431885932592e-01,1.467722823103951302e-01,8.501704695832206227e-01,6.992273788269551460e+01
1.388483633061229350e-01,2.242638604603126307e-01,2.382803517390820192e-01,1.475263860127554727e-01,8.524308308047887639e-01,7.016504009473415238e+01
1.463045957574122813e-01,2.224553740931020651e-01,2.363588349739208505e-01,1.554486329922507848e-01,8.539561358109618583e-01,7.041971931208958324e+01
1.606852589259027408e-01,2.209365330572510000e-01,2.347450663733291754e-01,1.707280876087716448e-01,8.564748255938229304e-01,7.063303628904330367e+01
1.790804048615938227e-01,2.165302312247819605e-01,2.300633706763308417e-01,1.902729301654435545e-01,8.589982746708213490e-01,7.083308983056203090e+01
2.048293975321075489e-01,2.102803123420255160e-01,2.234228318634021437e-01,2.176312348778641770e-01,8.603348440193563373e-01,7.083751528058978408e+01
2.275850266795897692e-01,2.046770621651138322e-01,2.174693785504332733e-01,2.418090908470643119e-01,8.612402409459931629e-01,7.079129478261170050e+01
2.451317871510986235e-01,2.002004739186783178e-01,2.127130035385956797e-01,2.604525238480420724e-01,8.627294485494637621e-01,7.076644443984622512e+01
2.603030812564867680e-01,1.966402070400097291e-01,2.089302199800104065e-01,2.765720238350172222e-01,8.637287372571069710e-01,7.072063372479290422e+01
2.725324265757154141e-01,1.936341043582063548e-01,2.057362358805942537e-01,2.895657032366975581e-01,8.646591242956450651e-01,7.064789757776645729e+01
2.794172116230618785e-01,1.926430684269983262e-01,2.046832602036859350e-01,2.968807873495030725e-01,8.646644001541463620e-01,7.055651483741080199e+01
2.832814798329128525e-01,1.922270321287739003e-01,2.042412216368222344e-01,3.009865723224698919e-01,8.648844845834631201e-01,7.050545435328716337e+01
2.861333109432143140e-01,1.917226194915199466e-01,2.037052832097401289e-01,3.040166428771648444e-01,8.660797864697814541e-01,7.052571277107819014e+01
2.877481463159765052e-01,1.913581961813510257e-01,2.033180834426855932e-01,3.057324054607243879e-01,8.666777516998447339e-01,7.054116521941328699e+01
2.886361794654999646e-01,1.910715129647256039e-01,2.030134825250210218e-01,3.066759406820937506e-01,8.669735350627429948e-01,7.055163803202495387e+01
2.890098273146508023e-01,1.908749291434386208e-01,2.028046122149036179e-01,3.070729415218163005e-01,8.671008976634718701e-01,7.055827127607626892e+01
2.890474680179819789e-01,1.907303623394732417e-01,2.026510099856902725e-01,3.071129347691062272e-01,8.671287760239992926e-01,7.056259543520339150e+01
2.888632214872199899e-01,1.906120628719924770e-01,2.025253168014919114e-01,3.069171728301713920e-01,8.670972976118991316e-01,7.056548567584971465e+01
2.885362782136203230e-01,1.905055909500791567e-01,2.024121903844589843e-01,3.065697956019711179e-01,8.670313093106866154e-01,7.056734172187542242e+01
2.883046187707697383e-01,1.904562233714488795e-01,2.023597373321644188e-01,3.063236574439423543e-01,8.669647166215016520e-01,7.056836092091261037e+01
2.888623065672363821e-01,1.904022180413696419e-01,2.023023566689551855e-01,3.069162007276887705e-01,8.669366034997872950e-01,7.056380619609190319e+01
2.908308818299266685e-01,1.899286729690033704e-01,2.017992150295659926e-01,3.090078119442970506e-01,8.669478952913615144e-01,7.054706798777957033e+01
2.927910528277468116e-01,1.894000229434554261e-01,2.012375243774212064e-01,3.110904936294811018e-01,8.669576874315154669e-01,7.052955353874531852e+01
2.947103485267623113e-01,1.888733628305258039e-01,2.006779480074336042e-01,3.131297453096847927e-01,8.669747098209704683e-01,7.051198217748464003e+01
2.929285117588340537e-01,1.882116260219981463e-01,1.999748526483730304e-01,3.112365437437607518e-01,8.668694000038466019e-01,7.049619408215157534e+01
2.887245326013332392e-01,1.857336499589386514e-01,1.973420030813723969e-01,3.067698158889163307e-01,8.655697094256089574e-01,7.045749521956955164e+01
2.861935601570597676e-01,1.835825155882922222e-01,1.950564228125605259e-01,3.040806576668758088e-01,8.623991179516984351e-01,7.038332865233279279e+01
2.825566642479823698e-01,1.817416868036263455e-01,1.931005422288530615e-01,3.002164557634812159e-01,8.582574950131590663e-01,7.033831827927654956e+01
2.768010956705996284e-01,1.802002062836328689e-01,1.914627191763599579e-01,2.941011641500121954e-01,8.536781684555271310e-01,7.029147066956606693e+01
2.699836638765209518e-01,1.796941833534548005e-01,1.909250698130457446e-01,2.868576428688039970e-01,8.489517612624200016e-01,7.022631437836894008e+01
2.613168175083979694e-01,1.802473338557155358e-01,1.915127922216977585e-01,2.776491186026729951e-01,8.438854442954245583e-01,7.014581158803949279e+01
2.529803647852318926e-01,1.805317442092522484e-01,1.918149782223304567e-01,2.687916375843091843e-01,8.385473052183413101e-01,7.007892278696822075e+01
2.416194124455282588e-01,1.791663704646898614e-01,1.903642686187330402e-01,2.567206257233734523e-01,8.341276788146918530e-01,7.007271748569149850e+01
2.304156958155464396e-01,1.790176344813088072e-01,1.902062366363906076e-01,2.448166768040180297e-01,8.304546163609385356e-01,7.003578180558739064e+01
2.195627090570210493e-01,1.786146607779395545e-01,1.897780770765607750e-01,2.332853783730847175e-01,8.267983675558202572e-01,6.996172010192994151e+01
2.140466666740072355e-01,1.764348551133773091e-01,1.874620335579633146e-01,2.274245833411328022e-01,8.229529767143208829e-01,6.985487023773031012e+01
2.107732182021282985e-01,1.736573493709593075e-01,1.845109337066442867e-01,2.239465443397610500e-01,8.195958153637736832e-01,6.973620709363760284e+01
2.123069059776240830e-01,1.728408494363688763e-01,1.836434025261420300e-01,2.255760876012253557e-01,8.170424525440733721e-01,6.961807897912227361e+01
2.115481906795261546e-01,1.720208411135552840e-01,1.827721436831524771e-01,2.247699525969964751e-01,8.154228997999628525e-01,6.949253885590441371e+01
2.073911401616352346e-01,1.698583461693677910e-01,1.804744928049532848e-01,2.203530864217375929e-01,8.135183916635023715e-01,6.946146201287896815e+01
2.047521162596981359e-01,1.671405775778146974e-01,1.775868636764281472e-01,2.175491235259292833e-01,8.112534670314158758e-01,6.944810625630375966e+01
2.020670252500488262e-01,1.636833914047665095e-01,1.739136033675645343e-01,2.146962143281767599e-01,8.085649141631865433e-01,6.943204370973437278e+01
2.011373539152020995e-01,1.602679288497170229e-01,1.702846744028244652e-01,2.137084385349021509e-01,8.054118057610074599e-01,6.933460024144788747e+01
2.012323437037945861e-01,1.572711850652896148e-01,1.671006341318701793e-01,2.138093651852818189e-01,8.023571429087223983e-01,6.905219395130177418e+01
2.049368067803562787e-01,1.543680797745825006e-01,1.640160847604940908e-01,2.177453572041284091e-01,8.003821817050965626e-01,6.882226326484982337e+01
2.089436991297004276e-01,1.528305487369598648e-01,1.623824580330198164e-01,2.220026803253066783e-01,7.994216734746032449e-01,6.861761416394560342e+01
2.104389818505754683e-01,1.514409467662763409e-01,1.609060059391685948e-01,2.235914182162364872e-01,7.982654284486826457e-01,6.853813684991337141e+01
2.095230036441693144e-01,1.484787943823794309e-01,1.577587190312780552e-01,2.226181913719299799e-01,7.965047772437696683e-01,6.844913232744964660e+01
2.063330485910060408e-01,1.459301483415411382e-01,1.550507826128874056e-01,2.192288641279440953e-01,7.940112932516703026e-01,6.834592653201677592e+01
2.017219694123555118e-01,1.408325069349649628e-01,1.496345386184004533e-01,2.143295925006274971e-01,7.885778409842678638e-01,6.823749772685346215e+01
1.972752154151244108e-01,1.366978811401875216e-01,1.452414987114494238e-01,2.096049163785696501e-01,7.826506079945050320e-01,6.810016381367721294e+01
1.941603630122093471e-01,1.343311224952867811e-01,1.427268176512423437e-01,2.062953857004723723e-01,7.774854190090946249e-01,6.794678791233874904e+01
1.916908351841350999e-01,1.309424379552467377e-01,1.391263403274497767e-01,2.036715123831434882e-01,7.717885710036802571e-01,6.775192194874826157e+01
1.882797315225365753e-01,1.258060443043145793e-01,1.336689220733341954e-01,2.000472147426952674e-01,7.645734680779366910e-01,6.756814086985876600e+01
1.873791359986551608e-01,1.208345937155973493e-01,1.283867558228222183e-01,1.990903319985709852e-01,7.577387573010178068e-01,6.736687629956171008e+01
1.882446722264954631e-01,1.168558352946730966e-01,1.241593250005901955e-01,2.000099642406514000e-01,7.511184646505806306e-01,6.713128236741431465e+01
1.950941771636351962e-01,1.106654744731048190e-01,1.175820666276738979e-01,2.072875632363623266e-01,7.436401914122847678e-01,6.695208167105778330e+01
2.042791588872010511e-01,1.052866702338924459e-01,1.118670871235106362e-01,2.170466063176509919e-01,7.380975490630351521e-01,6.681004761035644890e+01
2.139169103495286717e-01,1.016561987436413600e-01,1.080097111651190794e-01,2.272867172463741148e-01,7.334891664196920846e-01,6.665229695368334717e+01
2.241970584701976632e-01,9.767549080838153208e-02,1.037802089839053449e-01,2.382093746245849963e-01,7.293922598774663646e-01,6.654765547437544626e+01
2.324927702018895759e-01,9.428407242716285719e-02,1.001768269538605427e-01,2.470235683395075876e-01,7.256750245676674149e-01,6.647994422044685336e+01
2.390056123136613808e-01,9.114334948162530758e-02,9.683980882422693615e-02,2.539434630832650974e-01,7.224152702350794542e-01,6.644515729120206515e+01
2.445145266018328434e-01,8.793810414997992042e-02,9.343423565935378428e-02,2.597966845144472625e-01,7.195323953017848106e-01,6.641762442349894968e+01
2.505980857978315490e-01,8.495591910826409687e-02,9.026566405253069747e-02,2.662604661601959966e-01,7.170278176799222969e-01,6.639931811129042671e+01
2.565571027599924392e-01,8.126877360673158412e-02,8.634807195715241135e-02,2.725919216824920221e-01,7.149750581534356497e-01,6.637447072424721739e+01
2.593091180302405929e-01,7.767138995596072071e-02,8.252585182820837417e-02,2.755159379071306924e-01,7.135530289751382815e-01,6.633154944740846304e+01
2.596360305076565456e-01,7.491362114908212133e-02,7.959572247089982677e-02,2.758632824143851248e-01,7.123786393996417443e-01,6.626781813642850238e+01
2.609516302499886864e-01,7.241740683682726387e-02,7.694349476412899735e-02,2.772611071406129168e-01,7.111818154191883457e-01,6.621837375764903300e+01
2.616510852356274675e-01,7.047814002692295854e-02,7.488302377860560355e-02,2.780042780628541599e-01,7.106405442537385708e-01,6.617914597896741213e+01
2.617316347878269056e-01,6.924017970056361992e-02,7.356769093184871433e-02,2.780898619620658652e-01,7.105723692792350610e-01,6.617418124839055338e+01
2.609790562531505431e-01,6.871878291471861244e-02,7.301370684688855694e-02,2.772902472689723341e-01,7.107987194207437964e-01,6.619598142274053032e+01
2.599671946978929227e-01,6.807827379478728624e-02,7.233316590696149684e-02,2.762151443665111228e-01,7.110163546288156278e-01,6.615160620104377642e+01
2.595531849277517566e-01,6.766999268624158959e-02,7.189936722913174705e-02,2.757752589857362380e-01,7.111202185312505142e-01,6.613683936563560906e+01
2.595086294719011755e-01,6.742928152952606946e-02,7.164361162512151993e-02,2.757279188138950232e-01,7.111594789498012492e-01,6.613570404179434092e+01
2.594906771590717587e-01,6.728854003282956631e-02,7.149407378488141507e-02,2.757088444815135042e-01,7.111829231667207152e-01,6.613523474057052454e+01
2.594710941455721787e-01,6.720773836099114273e-02,7.140822200855320712e-02,2.756880375296703600e-01,7.112014106963595594e-01,6.613500560626749802e+01
2.594502350394175538e-01,6.716283951285938192e-02,7.136051698241321906e-02,2.756658747293810330e-01,7.112172669642369272e-01,6.613490427092844470e+01
2.594304861923519279e-01,6.713927071662650903e-02,7.133547513641566584e-02,2.756448915793738852e-01,7.112311167296623271e-01,6.613487638326456874e+01
2.595592413134992782e-01,6.734913480032134192e-02,7.155845572534150212e-02,2.757816938955929831e-01,7.114011261520721829e-01,6.614048149377234154e+01
2.597991669668955339e-01,6.754840840896515763e-02,7.177018393452551381e-02,2.760366149023264493e-01,7.115436265733535715e-01,6.614641477084371957e+01
2.584139480231071873e-01,6.859831739288979602e-02,7.288571222994542909e-02,2.745648197745513275e-01,7.123946450084047699e-01,6.615547256497900719e+01
2.547810756432404289e-01,7.073339707537326659e-02,7.515423439258410443e-02,2.707048928709426816e-01,7.141426393559292540e-01,6.616726806423781682e+01
2.510497784967539170e-01,7.291331670369652351e-02,7.747039899767763083e-02,2.667403896528008911e-01,7.158845251773237051e-01,6.617728394848819562e+01
2.471407486910214835e-01,7.514552223110172735e-02,7.984211737054547342e-02,2.625870454842101909e-01,7.176290508396818701e-01,6.618528817290260235e+01
2.430386392291157827e-01,7.745339767508375994e-02,8.229423502977646632e-02,2.582285541809354323e-01,7.193914375778716064e-01,6.619193762813564774e+01
2.388235537970137823e-01,7.984414795304980994e-02,8.483440720011548031e-02,2.537500259093272148e-01,7.211684444393202664e-01,6.619793498556521172e+01
2.345588129873791283e-01,8.239257122220025598e-02,8.754210692358790902e-02,2.492187387990904002e-01,7.230059663116588098e-01,6.620473544738653970e+01
2.304353933600374882e-01,8.499321482163314789e-02,9.030529074798530897e-02,2.448376054450398798e-01,7.248160361290193476e-01,6.621138758525138712e+01
2.270218354145924489e-01,8.796252707658371028e-02,9.346018501887035090e-02,2.412107001280045238e-01,7.264788967363435823e-01,6.622014445775728575e+01
2.250208427407501544e-01,9.178711493580356262e-02,9.752380961929149605e-02,2.390846454120471865e-01,7.278316162584115290e-01,6.623379994868747644e+01
2.207290347999607827e-01,9.776603911359744992e-02,1.038764165581973903e-01,2.345245994749584617e-01,7.294535221964175697e-01,6.623679910523136982e+01
2.143213419190015123e-01,1.064145129259376765e-01,1.130654199838090207e-01,2.277164257889391641e-01,7.316004287662236649e-01,6.622570977592357622e+01
2.117676661828969409e-01,1.157126113322737432e-01,1.229446495405409207e-01,2.250031453193279685e-01,7.332842929126398568e-01,6.619298721554505960e+01
2.083986763291017508e-01,1.284389230774555246e-01,1.364663557697966267e-01,2.214235935996706206e-01,7.358325014971118794e-01,6.617796934720659863e+01
2.050142105263660919e-01,1.392859253407883746e-01,1.479912956745877695e-01,2.178275986842640455e-01,7.383441324286955654e-01,6.619158530754067726e+01
2.051900078611499090e-01,1.469472091851579953e-01,1.561314097592304551e-01,2.180143833524715025e-01,7.407359361613795601e-01,6.616918271666293094e+01
2.062072528272702876e-01,1.526931866154940254e-01,1.622365107789623673e-01,2.190952061289745678e-01,7.422187873681551640e-01,6.609940801094380447e+01
2.038251815685161172e-01,1.594883178578019312e-01,1.694563377239147461e-01,2.165642554165484179e-01,7.445457130232955301e-01,6.607592785287722847e+01
2.036446354757451560e-01,1.673107122675723535e-01,1.777676317842956932e-01,2.163724251929791398e-01,7.475314591164604616e-01,6.614381352857178342e+01
2.049884469761500128e-01,1.773079525935795653e-01,1.883896996306781979e-01,2.178002249121593625e-01,7.523117955240781196e-01,6.627924595969147958e+01
2.026653276358517386e-01,1.883099252377815891e-01,2.000792955651429506e-01,2.153319106130922311e-01,7.584145065217650084e-01,6.635524470525595575e+01
1.989106707646362271e-01,1.992208036589823705e-01,2.116721038876687722e-01,2.113425876874258091e-01,7.647614584830519924e-01,6.644232886123239723e+01
1.960597586520783087e-01,2.093973280494887956e-01,2.224846610525819113e-01,2.083134935678332411e-01,7.712480531261947103e-01,6.653627262812128151e+01
1.948928921406835879e-01,2.184532513806372034e-01,2.321065795919272645e-01,2.070736978994761612e-01,7.778893172717409321e-01,6.663661136165704590e+01
1.952123021794058555e-01,2.264793809138749281e-01,2.406343422209921701e-01,2.074130710656188481e-01,7.843343133755059648e-01,6.676783393339813699e+01
1.946573226990578331e-01,2.320292688384669455e-01,2.465310981408710689e-01,2.068234053677487361e-01,7.892872876553609363e-01,6.693082763814337000e+01
1.931504796454755202e-01,2.355095938565496816e-01,2.502289434725841200e-01,2.052223846233176274e-01,7.944577143294521138e-01,6.704715453939925851e+01
1.916162370728629050e-01,2.374500477873763837e-01,2.522906757740874251e-01,2.035922518899168920e-01,7.994422126410363205e-01,6.711315723449239101e+01
1.920060077181210689e-01,2.410523553800301699e-01,2.561181275912820521e-01,2.040063832005035438e-01,8.032275054246700297e-01,6.716199549184651119e+01
1.910928430796957622e-01,2.467027213498234062e-01,2.621216414341873691e-01,2.030361457721767404e-01,8.061116870553224345e-01,6.730238933569830806e+01
1.879501998182729061e-01,2.505352066799781396e-01,2.661936570974768324e-01,1.996970873069150165e-01,8.092514581289298459e-01,6.746662035566741622e+01
1.844492358624837125e-01,2.537606413126581861e-01,2.696206813946993575e-01,1.959773131038891614e-01,8.125124694280750903e-01,6.764518281993548499e+01
1.788446843232274763e-01,2.562342873552088673e-01,2.722489303149095430e-01,1.900224770934292318e-01,8.156313261855651087e-01,6.785125332189964809e+01
1.708586166393146755e-01,2.582674260078075545e-01,2.744091401332955371e-01,1.815372801792718704e-01,8.185519395921494468e-01,6.809068846082979576e+01
1.638566800967969916e-01,2.580431884561927292e-01,2.741708877347047157e-01,1.740977226028466995e-01,8.217161576811493617e-01,6.838083012330913846e+01
1.559416316358239185e-01,2.572690305181262738e-01,2.733483449255091902e-01,1.656879836130628059e-01,8.251621850999822927e-01,6.872224370982129926e+01
1.474923472134854752e-01,2.538081425312772588e-01,2.696711514394823372e-01,1.567106189143282757e-01,8.290830355512904815e-01,6.913177098323613734e+01
1.420186203492080079e-01,2.498277449334450617e-01,2.654419789917853989e-01,1.508947841210334651e-01,8.316404570477093916e-01,6.949228067443679890e+01
1.387212132325456038e-01,2.458582121506184548e-01,2.612243504100321689e-01,1.473912890595796554e-01,8.329427569226083294e-01,6.988161915016695502e+01
1.357618863370901596e-01,2.426775361420565047e-01,2.578448821509350397e-01,1.442470042331581159e-01,8.332448731240025275e-01,7.021018423092546357e+01
1.349857028064272157e-01,2.380806846052364589e-01,2.529607273930636890e-01,1.434223092318287207e-01,8.344373327498203485e-01,7.044031182732010166e+01
1.350420866802506670e-01,2.321420974798679149e-01,2.466509785723595971e-01,1.434822170977663180e-01,8.369892765173843063e-01,7.065934584140129004e+01
1.356440670088996658e-01,2.277751760062057540e-01,2.420111245065937333e-01,1.441218211969556851e-01,8.395474353061697093e-01,7.097667241667566884e+01
1.381821314054842709e-01,2.236400039886441149e-01,2.376175042379343738e-01,1.468185146183269285e-01,8.421000284848817463e-01,7.125470798398860950e+01
1.396789613909801830e-01,2.184459605782542446e-01,2.320988331143950811e-01,1.484088964779161912e-01,8.449434799768615889e-01,7.157025422914631463e+01
1.497410051087346983e-01,2.119169620003615029e-01,2.251617721253840465e-01,1.590998179280306013e-01,8.485110746786668212e-01,7.169058155375360286e+01
1.611887660211568096e-01,2.056565460422933311e-01,2.185100801699366713e-01,1.712630638974793063e-01,8.511555281353434532e-01,7.170691555027003972e+01
1.735392859118874143e-01,1.998788455057505520e-01,2.123712733498599736e-01,1.843854912813804592e-01,8.529385092842852734e-01,7.170778698827919584e+01
1.867371305134114812e-01,1.948533457385889789e-01,2.070316798472508213e-01,1.984082011704994819e-01,8.540985517108493630e-01,7.168701878928975191e+01
1.957070911626007659e-01,1.915662075988099067e-01,2.035390955737355623e-01,2.079387843602632513e-01,8.542274844485701069e-01,7.159940456152784805e+01
2.002827185471510174e-01,1.891463421201320660e-01,2.009679885026401380e-01,2.128003884563481607e-01,8.535526782033330262e-01,7.154257428711834166e+01
2.036236136043000078e-01,1.878393105060765789e-01,1.995792674127063737e-01,2.163500894545688780e-01,8.528410085615570901e-01,7.152545329513419858e+01
2.055021287480000569e-01,1.867620683512386526e-01,1.984346976231910753e-01,2.183460117947499946e-01,8.519368411051065904e-01,7.150868963592765226e+01
2.061750020267348604e-01,1.855991084278793835e-01,1.971990527046218467e-01,2.190609396534053677e-01,8.509375840766838506e-01,7.149848358844796792e+01
2.052494793564376696e-01,1.842001401959129370e-01,1.957126489581574869e-01,2.180775718162148158e-01,8.497157742601503250e-01,7.149909690487767477e+01
2.067306054338335364e-01,1.837479844398317852e-01,1.952322334673212700e-01,2.196512682734483024e-01,8.492210062648237745e-01,7.151013001585810969e+01
2.064756983206877949e-01,1.827261444358139475e-01,1.941465284630524146e-01,2.193804294657307474e-01,8.482607924154633716e-01,7.152269587714015131e+01
2.109019870453992251e-01,1.829378082094167690e-01,1.943714212225052806e-01,2.240833612357365223e-01,8.478059855346314899e-01,7.152776342392378695e+01
2.156044557826350405e-01,1.832481864385321624e-01,1.947011980909403583e-01,2.290797342690498173e-01,8.475442161855908374e-01,7.154984765025858451e+01
2.207806556215727023e-01,1.835218273347865303e-01,1.949919415432108671e-01,2.345794465979210708e-01,8.477949868939034239e-01,7.160954856770341337e+01
2.275319285756536858e-01,1.831337217515963678e-01,1.945795793610711755e-01,2.417526741116315936e-01,8.494584435337203532e-01,7.169793335447485561e+01
2.328689750147107662e-01,1.826267610404368469e-01,1.940409336054641498e-01,2.474232859531301787e-01,8.506539213496079332e-01,7.174483905588758148e+01
2.364910137291316439e-01,1.822520476464626615e-01,1.936428006243664512e-01,2.512717020872024531e-01,8.512776759888974754e-01,7.176334795515231235e+01
2.391000643602825826e-01,1.819452439153664836e-01,1.933168216600767986e-01,2.540438183828001573e-01,8.516349652663186554e-01,7.176762528120173101e+01
2.396711518358546622e-01,1.825169584340319284e-01,1.939242683361590003e-01,2.546505988255953756e-01,8.514351091261258553e-01,7.175967329930585947e+01
2.362834879842102553e-01,1.813731137812470973e-01,1.927089333925748604e-01,2.510512059832236131e-01,8.496766702198120802e-01,7.172662965465785589e+01
2.301618713511313641e-01,1.795302567978473429e-01,1.907508978477129302e-01,2.445469883105768072e-01,8.474054609900105728e-01,7.169444566537950436e+01
2.241980586027801370e-01,1.779035378821147151e-01,1.890225089997467633e-01,2.382104372654537949e-01,8.435881356274012033e-01,7.164337607253770557e+01
2.167699012598044428e-01,1.765125099205171744e-01,1.875445417905494683e-01,2.303180200885422968e-01,8.393673370551618662e-01,7.160193897834415111e+01
2.087650156308173965e-01,1.753010721541607975e-01,1.862573891637958889e-01,2.218128291077433867e-01,8.347976183651854010e-01,7.155728775491445504e+01
2.009622889159818904e-01,1.748883500291310567e-01,1.858188719059518379e-01,2.135224319732307308e-01,8.302669359688084061e-01,7.149405837391117302e+01
1.942501862725810602e-01,1.765846894689800106e-01,1.876212325607912179e-01,2.063908229146170226e-01,8.254504017645790670e-01,7.141104927138336222e+01
1.864308984420751103e-01,1.765319047137012265e-01,1.875651487583074872e-01,1.980828295947047457e-01,8.217473924391088813e-01,7.137900139628000318e+01
1.782017837077587430e-01,1.757577855786469634e-01,1.867426471773124264e-01,1.893393951894936922e-01,8.183916347684143666e-01,7.130991380976082894e+01
1.680082156877318600e-01,1.732834815001509099e-01,1.841136990939102880e-01,1.785087291682152522e-01,8.134150223609666330e-01,7.118048456639573374e+01
1.567803788635561690e-01,1.669351613383996680e-01,1.773686089220498363e-01,1.665791525425282527e-01,8.094140752046712350e-01,7.106024544699425860e+01
1.513996330898595977e-01,1.629471444914874501e-01,1.731313410222055649e-01,1.608621101579758572e-01,8.058518021461031910e-01,7.097936212616744456e+01
1.511843419728384208e-01,1.603053696004815565e-01,1.703244552005115930e-01,1.606333633461410892e-01,8.019612415921621995e-01,7.084095536301754237e+01
1.510459375612540345e-01,1.553469044231260143e-01,1.650560859495713295e-01,1.604863086588323995e-01,7.981601038302558182e-01,7.063401822699339050e+01
1.484786881368707068e-01,1.483745310076377555e-01,1.576479391956152887e-01,1.577586061454248900e-01,7.949266889556577675e-01,7.039150124299736433e+01
1.477541714759089131e-01,1.413000713514928619e-01,1.501313258109611415e-01,1.569888071931530293e-01,7.920927776259174546e-01,7.012355182682362909e+01
1.505162435673945420e-01,1.338521796455957868e-01,1.422179408734456640e-01,1.599235087903566332e-01,7.893380419755871014e-01,6.988646083047068203e+01
1.540182234504145764e-01,1.294090500742328675e-01,1.374971157038725189e-01,1.636443624160653088e-01,7.864955889433485892e-01,6.968953156574852414e+01
1.588384644720046146e-01,1.254214136950634051e-01,1.332602520510048905e-01,1.687658685015049620e-01,7.841154175296202178e-01,6.944183810974661242e+01
1.635676111148268996e-01,1.209211454877167080e-01,1.284787170806991341e-01,1.737905868095034612e-01,7.814123468836903230e-01,6.920650084810210956e+01
1.640860230447572510e-01,1.168053376080513128e-01,1.241056712085545355e-01,1.743413994850545046e-01,7.791479575504813848e-01,6.892608437860492643e+01
1.593374069954560934e-01,1.125979119521295646e-01,1.196352814491377647e-01,1.692959949326720004e-01,7.758945793243386957e-01,6.870036095392198661e+01
1.541443889958248881e-01,1.087058835992174705e-01,1.155000013241685441e-01,1.637784133080640581e-01,7.732255642238696769e-01,6.855753459697784535e+01
1.489211079234511736e-01,1.020306762998174632e-01,1.084075935685561293e-01,1.582286771686668980e-01,7.680551945172978678e-01,6.844847495152259853e+01
1.450133995133852383e-01,9.360145301554811947e-02,9.945154382901999490e-02,1.540767369829716682e-01,7.607595649285792128e-01,6.834166689830691155e+01
1.418336575063663674e-01,8.474933333266507218e-02,9.004616666595677277e-02,1.506982611005141803e-01,7.531845028290540256e-01,6.830228170185846182e+01
1.418590567577660000e-01,7.536725441765221301e-02,8.007770781875547805e-02,1.507252478051262778e-01,7.453119017320146700e-01,6.831827800951263896e+01
1.474517275562845509e-01,6.624794988942293850e-02,7.038844675751199098e-02,1.566674605285522937e-01,7.378623339110894630e-01,6.843451695571199878e+01
1.559393175603560333e-01,5.836570232143410003e-02,6.201355871652389912e-02,1.656855249078780790e-01,7.304850513895567721e-01,6.857772808339136361e+01
1.682382975092896749e-01,5.270369036745799901e-02,5.599767101542427877e-02,1.787531911036202570e-01,7.221571490360917389e-01,6.872892470142838306e+01
1.855199607746326473e-01,4.800002172606230438e-02,5.100002308394122053e-02,1.971149583230471791e-01,7.139800822728923357e-01,6.883097587058897204e+01
2.064917941673149737e-01,4.585253318324529481e-02,4.871831650719800344e-02,2.193975313027719254e-01,7.049004313271086675e-01,6.897660818723539933e+01
2.269967962794361416e-01,4.581414914019191903e-02,4.867753346145400201e-02,2.411840960469010253e-01,6.954557182555580752e-01,6.917460931737483065e+01
2.423210882321772119e-01,4.749990455036362524e-02,5.046864858476141080e-02,2.574661562466882270e-01,6.866989670112269017e-01,6.943934656697641117e+01
2.518675842141689381e-01,4.961124943404157661e-02,5.271195252366924627e-02,2.676093082275547985e-01,6.810051318052368075e-01,6.979072951920474566e+01
2.566928911121071355e-01,5.177881197197158059e-02,5.501498772021978789e-02,2.727361968066136511e-01,6.781466201220706091e-01,7.007483307677394180e+01
2.605118870114202512e-01,5.326442115651796455e-02,5.659344747880041410e-02,2.767938799496342805e-01,6.762081291440058539e-01,7.034805785445070114e+01
2.588833771321664146e-01,5.388069062693810057e-02,5.724823379112185806e-02,2.750635882029269785e-01,6.760002559934236155e-01,7.062624331715900894e+01
2.529339128005043680e-01,5.367773748180139359e-02,5.703259607441389656e-02,2.687422823505360436e-01,6.767213749669405143e-01,7.092078160024931321e+01
2.478138873420087929e-01,5.339441598266805866e-02,5.673156698158474814e-02,2.633022553008841360e-01,6.756045225863402948e-01,7.122376727973761490e+01
2.446437161093778512e-01,5.421633091050172965e-02,5.760485159240806563e-02,2.599339483662136963e-01,6.708472681818115069e-01,7.150417080911950052e+01
2.461592176148937050e-01,5.519406179669657936e-02,5.864369065899010386e-02,2.615441687158250317e-01,6.676160229367944510e-01,7.166705547296106715e+01
2.499023099568652428e-01,5.778311732326332772e-02,6.139456215596741928e-02,2.655212043291695356e-01,6.658646753339726443e-01,7.179727542978982058e+01
2.522037161615781620e-01,6.060257282318645689e-02,6.439023362463565381e-02,2.679664484216767173e-01,6.638130288641526100e-01,7.193884027818538129e+01
2.548173759590552923e-01,6.280490853052261846e-02,6.673021531368038273e-02,2.707434619564961231e-01,6.618027554118468547e-01,7.209867418435479181e+01
2.548746309513961750e-01,6.346797114526799011e-02,6.743471934184727679e-02,2.708042953858584845e-01,6.611233783516328177e-01,7.221403184300375244e+01
2.565159160082455814e-01,6.438680748473142590e-02,6.841098295252713568e-02,2.725481607587609267e-01,6.602167470236995905e-01,7.238072345499313087e+01
2.572809547869778779e-01,6.484486176745994646e-02,6.889766562792619398e-02,2.733610144611637871e-01,6.599341154836027012e-01,7.251591546112585718e+01
2.579461958738973326e-01,6.484016784606390360e-02,6.889267833644288630e-02,2.740678331160157355e-01,6.601226245082230104e-01,7.263558402009188342e+01
2.561014197931826830e-01,6.443476134846028158e-02,6.846193393273911076e-02,2.721077585302564827e-01,6.608016459140334531e-01,7.268328019396419393e+01
2.560736717345549751e-01,6.330278452434810743e-02,6.725920855711987889e-02,2.720782762179644321e-01,6.618865770863820996e-01,7.275829119454932936e+01
2.567817817353035825e-01,6.247326138788683592e-02,6.637784022462987765e-02,2.728306430937599836e-01,6.638571156297674580e-01,7.289920242889540702e+01
2.580118662401661433e-01,6.229016987920538845e-02,6.618330549665575602e-02,2.741376078801761595e-01,6.662118778559807941e-01,7.302661049292647988e+01
2.597670739792622974e-01,6.249826696574595913e-02,6.640440865110493196e-02,2.760025161029662222e-01,6.685534193983331264e-01,7.314958801961141432e+01
2.624872968922094540e-01,6.294276115250127535e-02,6.687668372453264842e-02,2.788927529479724443e-01,6.705673534267644342e-01,7.329314037865442799e+01
2.654005316593969765e-01,6.333686027539114916e-02,6.729541404260303006e-02,2.819880648881093466e-01,6.727864939688464885e-01,7.340181059400769925e+01
2.669183491035805322e-01,6.331272201390010512e-02,6.726976713976880184e-02,2.836007459225541316e-01,6.750802599682504956e-01,7.347934402200129966e+01
2.676296343194691230e-01,6.327190281793332316e-02,6.722639674405410382e-02,2.843564864644360091e-01,6.765971443800165019e-01,7.352687755755873411e+01
2.679629058914245743e-01,6.324910974523813290e-02,6.720217910431562636e-02,2.847105875096386240e-01,6.774867182467146920e-01,7.355355543694778930e+01
2.681128724169274946e-01,6.322413203198180842e-02,6.717564028398063936e-02,2.848699269429854075e-01,6.780706926399877599e-01,7.356848678763283544e+01
2.656402856860717865e-01,6.405043963281994990e-02,6.805359210987110830e-02,2.822428035414512038e-01,6.793152477208121987e-01,7.357212916338765751e+01
2.601401091237345309e-01,6.598642366500125089e-02,7.011057514406375535e-02,2.763988659439678419e-01,6.815236901871911668e-01,7.357592199710558134e+01
2.546536870820020892e-01,6.815652345774848853e-02,7.241630617385771962e-02,2.705695425246270047e-01,6.839101110278824613e-01,7.358586125070010553e+01
2.515621463474835839e-01,6.994687688483282317e-02,7.431855669013492927e-02,2.672847804942011241e-01,6.861409430166619527e-01,7.358615877672480110e+01
2.457782009468744977e-01,7.347787691469380433e-02,7.807024422186216450e-02,2.611393385060539751e-01,6.881962831326615682e-01,7.357104309082060922e+01
2.401472095321927902e-01,7.933798490137176918e-02,8.429660895770750562e-02,2.551564101279546470e-01,6.903134957402665695e-01,7.355136922851171732e+01
2.343299322822438580e-01,8.675033916039290305e-02,9.217223535791745082e-02,2.489755530498838632e-01,6.919707931563049419e-01,7.352465128325813737e+01
2.315579093632811891e-01,9.281100217451537793e-02,9.861168981042268966e-02,2.460302786984862045e-01,6.934265030090336346e-01,7.350818756906322449e+01
2.291903471713986062e-01,1.000033411921451149e-01,1.062535500166540831e-01,2.435147438696108058e-01,6.962831632587368480e-01,7.351122396215863830e+01
2.249665500707842269e-01,1.092753492698331497e-01,1.161050585991978412e-01,2.390269594502082984e-01,6.992193025008011098e-01,7.351992714915871829e+01
2.204523524186886574e-01,1.192612907086589985e-01,1.267151213779502406e-01,2.342306244448567054e-01,7.017379620424635256e-01,7.350954026907058392e+01
2.151988140470809385e-01,1.283828926284866501e-01,1.364068234177670813e-01,2.286487399250234087e-01,7.049166666225401556e-01,7.346508008511479204e+01
2.107769186523685279e-01,1.367275063157508963e-01,1.452729754604855372e-01,2.239504760681418072e-01,7.095694690214996436e-01,7.336929158829903486e+01
2.024078657731815389e-01,1.426420553141693193e-01,1.515571837713050873e-01,2.150583573840054441e-01,7.160833161424927651e-01,7.323327653029166129e+01
1.958002386656747251e-01,1.481285602574680949e-01,1.573865952735599150e-01,2.080377535822793278e-01,7.220501216237433795e-01,7.312079850557837801e+01
1.933485504556390899e-01,1.553241090231843036e-01,1.650318658371335012e-01,2.054328348591165920e-01,7.267209918606303276e-01,7.306257619069342013e+01
1.910874127483294660e-01,1.638871203950070243e-01,1.741300654196948627e-01,2.030303760450999084e-01,7.314663083043535519e-01,7.304716887851469664e+01
1.866474519136147869e-01,1.734399196680092847e-01,1.842799146472599570e-01,1.983129176582156816e-01,7.365659456272579675e-01,7.304554123037485169e+01
1.786916347863755083e-01,1.836519478089274626e-01,1.951301945469854360e-01,1.898598619605239013e-01,7.418573012158313773e-01,7.305209479553340657e+01
1.730746473529937157e-01,1.937593966059485140e-01,2.058693588938204366e-01,1.838918128125558160e-01,7.473512121301346678e-01,7.304532927065061187e+01
1.719390575241201147e-01,2.035072675481678917e-01,2.162264717699282357e-01,1.826852486193776826e-01,7.519705058618925131e-01,7.297713219542428931e+01
1.716858018341994307e-01,2.141605829293375673e-01,2.275456193624210699e-01,1.824161644488369316e-01,7.563508516918526770e-01,7.293049791540120452e+01
1.729367577479599405e-01,2.230388239022071117e-01,2.369787503960951447e-01,1.837453051072073518e-01,7.611483957991668214e-01,7.294432408646829913e+01
1.762205763686343352e-01,2.309518898859173330e-01,2.453863830037872618e-01,1.872343623916740696e-01,7.667600911495036087e-01,7.300460892526534451e+01
1.810630493200744429e-01,2.377911960867467034e-01,2.526531458421683585e-01,1.923794899025791927e-01,7.722574738494347724e-01,7.309238662778150797e+01
1.872531475985871607e-01,2.438149451738619578e-01,2.590533792472285435e-01,1.989564693234986414e-01,7.775837018675911816e-01,7.319823912471990468e+01
1.939707761984198198e-01,2.491244521794110933e-01,2.646947304406243595e-01,2.060939497108211227e-01,7.825806022590113820e-01,7.332846907433986416e+01
2.057088307919318904e-01,2.515680828864804708e-01,2.672910880668856182e-01,2.185656327164274548e-01,7.887133979241665038e-01,7.348073511845822736e+01
2.213655803986674386e-01,2.518528210600111672e-01,2.675936223762618860e-01,2.352009291735839558e-01,7.949586051902201023e-01,7.357323892021312872e+01
2.370141174908659276e-01,2.514295788145879396e-01,2.671439274904998107e-01,2.518274998340450099e-01,8.011891772272352608e-01,7.355862618720499313e+01
2.452679022280714050e-01,2.517201748306204800e-01,2.674526857575342254e-01,2.605971461173259840e-01,8.074962233276063994e-01,7.364766173565882923e+01
2.450518699148138968e-01,2.523560974941365664e-01,2.681283535875200741e-01,2.603676117844897497e-01,8.130212262835184722e-01,7.381445157129886070e+01
2.428735636108547979e-01,2.524577759354563189e-01,2.682363869314223215e-01,2.580531613365331101e-01,8.192246467654866748e-01,7.401362606663285248e+01
2.460460500212898471e-01,2.499220434839374283e-01,2.655421712016835523e-01,2.614239281476206656e-01,8.260081050692230642e-01,7.427619057376655576e+01
2.509133113630906964e-01,2.482936979051273974e-01,2.638120540241977730e-01,2.665953933232838580e-01,8.312777781094572438e-01,7.459588477772794590e+01
2.590761724547344658e-01,2.462693985556598797e-01,2.616612359653885389e-01,2.752684332331554184e-01,8.355778188463071077e-01,7.492981958166485867e+01
2.666809475030388343e-01,2.434885208893355635e-01,2.587065534449190518e-01,2.833485067219787545e-01,8.388993835836860979e-01,7.526006053602394275e+01
2.779409115664777108e-01,2.399254045895391485e-01,2.549207423763854008e-01,2.953122185393823873e-01,8.414240390539132752e-01,7.551557947066633858e+01
2.948546012517285764e-01,2.364765392689437418e-01,2.512563229732527326e-01,3.132830138299614875e-01,8.438162304885137299e-01,7.562239205921795815e+01
3.102562939612827364e-01,2.336147850806496451e-01,2.482157091481901889e-01,3.296473123338629629e-01,8.460215978498878409e-01,7.569786652150280304e+01
3.241145662317478915e-01,2.316982512637830172e-01,2.461793919677693898e-01,3.443717266212322214e-01,8.473216126722749042e-01,7.573835598005480563e+01
3.351996196176645904e-01,2.312573602749936341e-01,2.457109452921807380e-01,3.561495958437685405e-01,8.478770141570012298e-01,7.579564973495993740e+01
3.437244607139654518e-01,2.312208076198747908e-01,2.456721080961170589e-01,3.652072395085881884e-01,8.481497807216301643e-01,7.586328593463211689e+01
3.514790955288170093e-01,2.306970897148787336e-01,2.451156578220586857e-01,3.734465389993682494e-01,8.486662373533825354e-01,7.593240446413184941e+01
3.588870935767826120e-01,2.294738341464704345e-01,2.438159487806249026e-01,3.813175369253316571e-01,8.495688814557198487e-01,7.597130100822283794e+01
3.654702134678699532e-01,2.279030287899246887e-01,2.421469680892949228e-01,3.883121018096119537e-01,8.506036932012482898e-01,7.599519542820362972e+01
3.708094794130488148e-01,2.268711756404070967e-01,2.410506241179324882e-01,3.939850718763645565e-01,8.503621193752252116e-01,7.600221712904227900e+01
3.696917752032015669e-01,2.264588488437059288e-01,2.406125268964376673e-01,3.927975111534016128e-01,8.518077178617760037e-01,7.618128717271153505e+01
3.683011635541356132e-01,2.259151596558574837e-01,2.400348571343485782e-01,3.913199862762689607e-01,8.525792471782723814e-01,7.630983285872584077e+01
3.680917168698956687e-01,2.256566277050165437e-01,2.397601669365801158e-01,3.910974491742642556e-01,8.524559648383139843e-01,7.641106438549594770e+01
3.690128158489135446e-01,2.254032142719769594e-01,2.394909151639756095e-01,3.920761168394705232e-01,8.518677499157423227e-01,7.649227597030314030e+01
3.699871277097518396e-01,2.248825656619929947e-01,2.389377260158674077e-01,3.931113231916115724e-01,8.514711435883409729e-01,7.656162489645787161e+01
3.710083171625647713e-01,2.241349408445564573e-01,2.381433746473411162e-01,3.941963369852252153e-01,8.511907240222192916e-01,7.660738687278666248e+01
3.724358003791135574e-01,2.238030552237430804e-01,2.377907461752269136e-01,3.957130379028083178e-01,8.482872235673786232e-01,7.659871482777695917e+01
3.735854661420995870e-01,2.236439874951235696e-01,2.376217367135687875e-01,3.969345577759806343e-01,8.443915576771371390e-01,7.653414021070790341e+01
3.749390688192790755e-01,2.231502962341506136e-01,2.370971897487849367e-01,3.983727606204841010e-01,8.429440509000477588e-01,7.645549157061400081e+01
3.761032118178211370e-01,2.226959740858925896e-01,2.366144724662609666e-01,3.996096625564348193e-01,8.422199576175283253e-01,7.640841602260609022e+01
3.771185033674249731e-01,2.222961468765104198e-01,2.361896560562922465e-01,4.006884098278893358e-01,8.418011775240961114e-01,7.637682632422630036e+01
3.779653278660977112e-01,2.219505513776449668e-01,2.358224608387477772e-01,4.015881608577288042e-01,8.415565004134076821e-01,7.635295569679288974e+01
3.768129968692331411e-01,2.215990265338989018e-01,2.354489656922676422e-01,4.003638091735600146e-01,8.403998912897439055e-01,7.632036221142415400e+01
3.726361966502216294e-01,2.207654469336412517e-01,2.345632873669937779e-01,3.959259589408609115e-01,8.373814286450822486e-01,7.626369854021086780e+01
3.705422549948856892e-01,2.185354469388676446e-01,2.321939123725467180e-01,3.937011459320663431e-01,8.346049760825091646e-01,7.620783567988320328e+01
3.681517669650310465e-01,2.162994073271801709e-01,2.298181202851289628e-01,3.911612524003453828e-01,8.317225750431168629e-01,7.613502243156537475e+01
3.670753720878399129e-01,2.133209685582772019e-01,2.266535290931694924e-01,3.900175828433301017e-01,8.290892955398371233e-01,7.603453702892211652e+01
3.646355539561321191e-01,2.096443719908296921e-01,2.227471452402564611e-01,3.874252760783905014e-01,8.257492859505710658e-01,7.593357707217074903e+01
3.593045988818547309e-01,2.073863085243294047e-01,2.203479528070999560e-01,3.817611363119707280e-01,8.236064762660231242e-01,7.582641229140011774e+01
3.516487034098042530e-01,2.067041911208287730e-01,2.196232030658805123e-01,3.736267473729169564e-01,8.213235525171325158e-01,7.568620021692866828e+01
3.421538596120480835e-01,2.050210119611282356e-01,2.178348252086988734e-01,3.635384758378009673e-01,8.169011488434153589e-01,7.552864856007998640e+01
3.262104131170787680e-01,2.015041802998667475e-01,2.140981915686085424e-01,3.465985639368960314e-01,8.162475372702915344e-01,7.539643633007585777e+01
3.051569786606689871e-01,1.984001558051790848e-01,2.108001655430027377e-01,3.242292898269609203e-01,8.138839140311312503e-01,7.528096459238993532e+01
2.866746800375290505e-01,1.952814975707869438e-01,2.074865911689611209e-01,3.045918475398745051e-01,8.105023694612892848e-01,7.513259051891205331e+01
2.724347102407818633e-01,1.909792402583385396e-01,2.029154427744847000e-01,2.894618796308308650e-01,8.077501004371199222e-01,7.498978956059315237e+01
2.519428636064984794e-01,1.836607631109474226e-01,1.951395608053816677e-01,2.676892925819049363e-01,8.049046922084551747e-01,7.486580613308038323e+01
2.372762244617754035e-01,1.788338938441954573e-01,1.900110122094577636e-01,2.521059884906364790e-01,8.035054546086275451e-01,7.475682818264752427e+01
2.207055694904901944e-01,1.744202782959872189e-01,1.853215456894864166e-01,2.344996675836456546e-01,8.003881977831690531e-01,7.465725278486728200e+01
2.066378489644920269e-01,1.703195169220182437e-01,1.809644867296444637e-01,2.195527145247727629e-01,7.972601206869751600e-01,7.453903333922369256e+01
1.912902169190613122e-01,1.656785633588040707e-01,1.760334735687295038e-01,2.032458554765024239e-01,7.916813889668726789e-01,7.450791788195184040e+01
1.832970967026718023e-01,1.605196824785401211e-01,1.705521626334489116e-01,1.947531652465887553e-01,7.854498905197603298e-01,7.453774592293625290e+01
1.793965386237109105e-01,1.548186110377651192e-01,1.644947742276254565e-01,1.906088222876928251e-01,7.783344407924241981e-01,7.449853014159972986e+01
1.763130173793527045e-01,1.488494530873694377e-01,1.581525439053300119e-01,1.873325809655622676e-01,7.700728746471212638e-01,7.444911038024322636e+01
1.744182033657387387e-01,1.432708219901212832e-01,1.522252483645039622e-01,1.853193410760973492e-01,7.605350263411942979e-01,7.441015158959622511e+01
1.737966249469861668e-01,1.365811685467597236e-01,1.451174915809322064e-01,1.846589140061727086e-01,7.511854479289543640e-01,7.440921980043660255e+01
1.737435541912895898e-01,1.278864475466564288e-01,1.358793505183225059e-01,1.846025263282451978e-01,7.416769139618969442e-01,7.442816094197418408e+01
1.778369248081223541e-01,1.184868511216771864e-01,1.258922793167820409e-01,1.889517326086299076e-01,7.330294818884625085e-01,7.448191709562044593e+01
1.870469585923272837e-01,1.098681187774358664e-01,1.167348762010256280e-01,1.987373935043476036e-01,7.253543610016961463e-01,7.457675960029037299e+01
1.983719413240971619e-01,1.012754817803013796e-01,1.076051993915702332e-01,2.107701876568532084e-01,7.183084291059749216e-01,7.470491561838507266e+01
2.102008028662176176e-01,9.321435091114013693e-02,9.904024784308640417e-02,2.233383530453562082e-01,7.121329028661460558e-01,7.483183399528356006e+01
2.209303634655474802e-01,8.694832103164733261e-02,9.238259109612539932e-02,2.347385111821441717e-01,7.083245534816440259e-01,7.493201703623530818e+01
2.310869459307343943e-01,8.266242484639597932e-02,8.782882639929559532e-02,2.455298800514050250e-01,7.052603268521334678e-01,7.509663420577136606e+01
2.418228588771693111e-01,7.978037516185863820e-02,8.476664860947481783e-02,2.569367875569924520e-01,7.030287571744436859e-01,7.530164394608635803e+01
2.514318821328740960e-01,7.716618071057360084e-02,8.198906700498448386e-02,2.671463747661785848e-01,7.011146403228430968e-01,7.553444655727318491e+01
2.610921577138346494e-01,7.658715732724301339e-02,8.137385466019564362e-02,2.774104175709493081e-01,6.975139928518805377e-01,7.581399880378910439e+01
2.691420651424361044e-01,7.695717842934017561e-02,8.176700208117397561e-02,2.859634442138386246e-01,6.929755438956375357e-01,7.610306368194676452e+01
2.747180727775787590e-01,7.793191036940114169e-02,8.280265476748878417e-02,2.918879523261773690e-01,6.884342713797657609e-01,7.637824397561851697e+01
2.764188759165858711e-01,7.932870991446658304e-02,8.428675428412082948e-02,2.936950556613722174e-01,6.850175042284760707e-01,7.662352142513746855e+01
2.758158935945756451e-01,8.069936073680868127e-02,8.574307078285918482e-02,2.930543869442363558e-01,6.822570780012696678e-01,7.684178964001209522e+01
2.726670510235821299e-01,8.147211526103292911e-02,8.656412246484766759e-02,2.897087417125558950e-01,6.814324176992800908e-01,7.701882509497217200e+01
2.690674968945721557e-01,8.174995531279838357e-02,8.685932751984834499e-02,2.858842154504828703e-01,6.825041102631091983e-01,7.720892517339328265e+01
2.617401970153179214e-01,8.190707714709914711e-02,8.702626946879295222e-02,2.780989593287753192e-01,6.860374809220426418e-01,7.733118206812378048e+01
2.504146103761545339e-01,8.218980998929434345e-02,8.732667311362526941e-02,2.660655235246643380e-01,6.903081940166830854e-01,7.737996941712933108e+01
2.425624943591478122e-01,8.231066783967622147e-02,8.745508457965610327e-02,2.577226502565946875e-01,6.919954054709247515e-01,7.732945078165569441e+01
2.339565838940854403e-01,8.243870918731251163e-02,8.759112851151952539e-02,2.485788703874658723e-01,6.944980851567351676e-01,7.721777514943043741e+01
2.276870988864604650e-01,8.222040625868384800e-02,8.735918164985162493e-02,2.419175425668641244e-01,6.966863620831210691e-01,7.714259751082367700e+01
2.221025280544014768e-01,8.148311888038997641e-02,8.657581381041432045e-02,2.359839360578014633e-01,6.996978934929903859e-01,7.709190625689164733e+01
2.209068338824260458e-01,8.051348913964678777e-02,8.554558221087474323e-02,2.347135110000776737e-01,6.996569528188021359e-01,7.703359396982862961e+01
2.205400168001608874e-01,8.035372648166404230e-02,8.537583438676803194e-02,2.343237678501707000e-01,7.003596118969751538e-01,7.697159542070390614e+01
2.195985600918564373e-01,8.075127863860850908e-02,8.579823355352145242e-02,2.333234700975973241e-01,7.015251674101196100e-01,7.689145905670895331e+01
2.199306663908077997e-01,8.100055974593009522e-02,8.606309473005077648e-02,2.336763330402331917e-01,7.034874802382794501e-01,7.698293639227576080e+01
2.205661184558054266e-01,8.142503856396982043e-02,8.651410347421778502e-02,2.343515008592931825e-01,7.052398498157476103e-01,7.707096910032213088e+01
2.212744402351546069e-01,8.157842406381145273e-02,8.667707556779963296e-02,2.351040927498515842e-01,7.058025367746272316e-01,7.714765674493312986e+01
2.217148173429507874e-01,8.170659927830210834e-02,8.681326173319603434e-02,2.355719934268851179e-01,7.061995641393766787e-01,7.720654312653209672e+01
2.219692277146581294e-01,8.177865209725888873e-02,8.688981785333746433e-02,2.358423044468240248e-01,7.064208328152333793e-01,7.723915351260123430e+01
2.221295803142215308e-01,8.182315650480954938e-02,8.693710378636022862e-02,2.360126790838604771e-01,7.065443524175422096e-01,7.725688455244043951e+01
2.222294370458420543e-01,8.185090962013445715e-02,8.696659147139297608e-02,2.361187768612072191e-01,7.066134034218021220e-01,7.726643309534721027e+01
2.222872963303041127e-01,8.186811925499078157e-02,8.698487670842779129e-02,2.361802523509480556e-01,7.066511353348148283e-01,7.727144362860106241e+01
2.233129499385911321e-01,8.222372355490803475e-02,8.736270627708991876e-02,2.372700093097531993e-01,7.066551498227354733e-01,7.726780399341265593e+01
2.251357991379777101e-01,8.290691037093754490e-02,8.808859226912121865e-02,2.392067865841010499e-01,7.066137099870324345e-01,7.725882973335731663e+01
2.272047381237453645e-01,8.374663345128927072e-02,8.898079804199475473e-02,2.414050342564792173e-01,7.065284978277845962e-01,7.724868854733432499e+01
2.290542252600441808e-01,8.455874709582165971e-02,8.984366878931042411e-02,2.433701143387968502e-01,7.064185887455437518e-01,7.724016370911961360e+01
2.302126768383223054e-01,8.509855254841197647e-02,9.041721208268768684e-02,2.446009691407172726e-01,7.063326494408831424e-01,7.723555899065779329e+01
2.309310168708540167e-01,8.544579535539399695e-02,9.078615756510619028e-02,2.453642054252824223e-01,7.062723461137685455e-01,7.723305529330427532e+01
2.313781389016725809e-01,8.566687434174741211e-02,9.102105398810661496e-02,2.458392725830273184e-01,7.062320975844356141e-01,7.723167935110161864e+01
2.316585241614051160e-01,8.580751916378134836e-02,9.117048911151771906e-02,2.461371819214930312e-01,7.062058857725468375e-01,7.723091416170792911e+01
2.307733577452087681e-01,8.823116981670907355e-02,9.374561793025341927e-02,2.451966926042842276e-01,7.070783394448636461e-01,7.722319540363996282e+01
2.321367390490936267e-01,9.228726515068312597e-02,9.805521922260085343e-02,2.466452852396619488e-01,7.079478745893634795e-01,7.722400153696656844e+01
2.323472495271023119e-01,9.770035038254580584e-02,1.038066222814549994e-01,2.468689526225462949e-01,7.093920092282294254e-01,7.723686673789137558e+01
2.327196420231960883e-01,1.029303005091577877e-01,1.093634442909802440e-01,2.472646196496459947e-01,7.108349204390702614e-01,7.725079777594383756e+01
2.298191610400132368e-01,1.082686180203459719e-01,1.150354066466176689e-01,2.441828586050141803e-01,7.133996878658894758e-01,7.721999226893530022e+01
2.205739912236517886e-01,1.186572456418811677e-01,1.260733234944988179e-01,2.343598656751301745e-01,7.175547677151242754e-01,7.717273735301795057e+01
2.070214572267171094e-01,1.306216465483839295e-01,1.387854994576579459e-01,2.199602983033868697e-01,7.219744237986193136e-01,7.709460296133210022e+01
1.949031244677003893e-01,1.403403990611288010e-01,1.491116740024492626e-01,2.070845697469314572e-01,7.245417675016470049e-01,7.706789091615637233e+01
1.841164495717008687e-01,1.486427750480923127e-01,1.579329484885980128e-01,1.956237276699320793e-01,7.263205314182793471e-01,7.710410193195274076e+01
1.779217940406546683e-01,1.563436360946388881e-01,1.661151133505537891e-01,1.890419061681954949e-01,7.285751237980692130e-01,7.708053014070399911e+01
1.733788979619973747e-01,1.639006152402972261e-01,1.741444036928157801e-01,1.842150790846222019e-01,7.321425073030938258e-01,7.703857002026497014e+01
1.696398070899299004e-01,1.713209814850624180e-01,1.820285428278787809e-01,1.802422950330506146e-01,7.358866650166573375e-01,7.698909719098581661e+01
1.666329734793463579e-01,1.791335492199253310e-01,1.903293960461706902e-01,1.770475343218054776e-01,7.395993636801295734e-01,7.693899564945216696e+01
1.637061884321562855e-01,1.902389441360820554e-01,2.021288781445871874e-01,1.739378252091661192e-01,7.423913083473052676e-01,7.697591902758894378e+01
1.610426801932250962e-01,2.006833098757843659e-01,2.132260167430208853e-01,1.711078477053016855e-01,7.457294115412284041e-01,7.702763555340457913e+01
1.598106511523905704e-01,2.116232245465943518e-01,2.248496760807566774e-01,1.697988168494148631e-01,7.493660301461454454e-01,7.710132268754972529e+01
1.600325645036037858e-01,2.213868313905549556e-01,2.352235083524646941e-01,1.700345997850788160e-01,7.527488246031149854e-01,7.716173128041532436e+01
1.619809957435604519e-01,2.309347248321714230e-01,2.453681451341822584e-01,1.721048079775329975e-01,7.560691348815981039e-01,7.723258341726312892e+01
1.682827371892031687e-01,2.386684430193795337e-01,2.535852207080908083e-01,1.788004082635282210e-01,7.598915850671220662e-01,7.732391765821606100e+01
1.776409943052978946e-01,2.455688536543671474e-01,2.609169070077650976e-01,1.887435564493789852e-01,7.639514638735249719e-01,7.741689564652199351e+01
1.883063563991044798e-01,2.521853768688577246e-01,2.679469629231613914e-01,2.000755036740485826e-01,7.678431385249988583e-01,7.751219425934823448e+01
1.995708659945573948e-01,2.585780682792863105e-01,2.747391975467419201e-01,2.120440451192168729e-01,7.714001439577555796e-01,7.759719128737441451e+01
2.147252419409811930e-01,2.621964694523197248e-01,2.785837487930898915e-01,2.281455695622923718e-01,7.747796892583492800e-01,7.761982321858671696e+01
2.308724236416116737e-01,2.653567812438756834e-01,2.819415800716180698e-01,2.453019501192120755e-01,7.770967790920443319e-01,7.760770663147590653e+01
2.483427999377650075e-01,2.685348214030628400e-01,2.853182477407541495e-01,2.638642249338757906e-01,7.785476920934264466e-01,7.758390164335871475e+01
2.621464132439839112e-01,2.712169625569294529e-01,2.881680227167376929e-01,2.785305640717329334e-01,7.799105207747186741e-01,7.765997553828557898e+01
2.767949219869525468e-01,2.705841243314967004e-01,2.874956321022151262e-01,2.940946046111371226e-01,7.819516258869376735e-01,7.783125465424438971e+01
2.899678934108474992e-01,2.727399614448552945e-01,2.897862090351587261e-01,3.080908867490255165e-01,7.829862830636225013e-01,7.798321262479892368e+01
2.933005914610130049e-01,2.727106308916215638e-01,2.897550453223479705e-01,3.116318784273262033e-01,7.851947999381513332e-01,7.814249361498323765e+01
3.014890633531819297e-01,2.733627807687978306e-01,2.904479545668475771e-01,3.203321298127562167e-01,7.874276295003391768e-01,7.834511660820619738e+01
3.053956150274214632e-01,2.750764622871276766e-01,2.922687411800732327e-01,3.244828409666354330e-01,7.873599903211754292e-01,7.856288654033424734e+01
3.098084533832707876e-01,2.748225192883429480e-01,2.919989267438644065e-01,3.291714817197252119e-01,7.866838249387597681e-01,7.877009976873644348e+01
3.152254488802994081e-01,2.735294408088524976e-01,2.906250308594058307e-01,3.349270394353183189e-01,7.853777008879253563e-01,7.896606224450475509e+01
3.242452848334984594e-01,2.706397505889697186e-01,2.875547350007803260e-01,3.445106151355918911e-01,7.859090722394628248e-01,7.912484899842104369e+01
3.332484369351640940e-01,2.657945822143013004e-01,2.824067436026951317e-01,3.540764642436118326e-01,7.868959626341116564e-01,7.923002204727107767e+01
3.427191490443904365e-01,2.608735049717070265e-01,2.771780990324387850e-01,3.641390958596650851e-01,7.883228859854697346e-01,7.928724203800094017e+01
3.562389750948687372e-01,2.567375714218433913e-01,2.727836696357086588e-01,3.785039110382977801e-01,7.912244314488791064e-01,7.927221490196761522e+01
3.712687954078257579e-01,2.537215102563307734e-01,2.695791046473513530e-01,3.944730951208147984e-01,7.930395938204024553e-01,7.925101726165523530e+01
3.818076312603993494e-01,2.524519740578161087e-01,2.682302224364295773e-01,4.056706082141743330e-01,7.937079163535096793e-01,7.925838101732139762e+01
3.920010733715814655e-01,2.514378795835015001e-01,2.671527470574702190e-01,4.165011404573053522e-01,7.938793815144127297e-01,7.930746955581851410e+01
4.006184728106669257e-01,2.507115094579148162e-01,2.663809787990346067e-01,4.256571273613334316e-01,7.941516756380152531e-01,7.935864302875091880e+01
4.049912145399649499e-01,2.487754961322616309e-01,2.643239646405281529e-01,4.303031654487128321e-01,7.947454651577761098e-01,7.936759737528660708e+01
4.082304340904712725e-01,2.464931015962432415e-01,2.618989204460085429e-01,4.337448362211259734e-01,7.951850995038383108e-01,7.935002836086142963e+01
4.098196959637759318e-01,2.441043087533234512e-01,2.593608280504062225e-01,4.354334269615120490e-01,7.949965266482180715e-01,7.938679098401216550e+01
4.117187782171453647e-01,2.424540537191021417e-01,2.576074320765461279e-01,4.374512018557168425e-01,7.951926100054759194e-01,7.936494959468683419e+01
4.134528349653606161e-01,2.409976694874340353e-01,2.560600238303986642e-01,4.392936371506960813e-01,7.950075770332813985e-01,7.937852789618584382e+01
4.137924145775229712e-01,2.398121452286057220e-01,2.548004043053936352e-01,4.396544404886182367e-01,7.942088125626119988e-01,7.934131648596972752e+01
4.145150776394891379e-01,2.381111408416070330e-01,2.529930871442075402e-01,4.404222699919572159e-01,7.926150873232572502e-01,7.923895331101205386e+01
4.152672939088940529e-01,2.369132142764902860e-01,2.517202901687709549e-01,4.412214997781997994e-01,7.927590132419203295e-01,7.917524862264080809e+01
4.165987594678288719e-01,2.362872073095270420e-01,2.510551577663725498e-01,4.426361819345679405e-01,7.950730505125959136e-01,7.918226907091380440e+01
4.176809295276468492e-01,2.357329326062406472e-01,2.504662408941307761e-01,4.437859876231246559e-01,7.978645695537271987e-01,7.921338032709257959e+01
4.184882514592384029e-01,2.352509616527981573e-01,2.499541467560980335e-01,4.446437671754409071e-01,8.004002328556121260e-01,7.924523883707038863e+01
4.188422524324357243e-01,2.348938891051162159e-01,2.495747571741859516e-01,4.450198932094629467e-01,8.016892584257622190e-01,7.925503871168780279e+01
4.192794005409753999e-01,2.344950547407256836e-01,2.491509956620210631e-01,4.454843630747860050e-01,8.023564931371434117e-01,7.925820891688381664e+01
4.194982557607445095e-01,2.342184789556629176e-01,2.488571338903918795e-01,4.457168967457913467e-01,8.026768466528892976e-01,7.925680045279392516e+01
4.185444603054005452e-01,2.343303811940498360e-01,2.489760300186780739e-01,4.447034890744878122e-01,8.027780594173324902e-01,7.925508234182947831e+01
4.141846187110360678e-01,2.353904340603221734e-01,2.501023361890922780e-01,4.400711573804756416e-01,8.026619533313804622e-01,7.925616091305698774e+01
4.069452799515577146e-01,2.358878001006817771e-01,2.506307876069743812e-01,4.323793599485298844e-01,8.024466499586649926e-01,7.925133653792772748e+01
4.003565753157711238e-01,2.352885557406337314e-01,2.499940904744233638e-01,4.253788612730065033e-01,8.022305546411977462e-01,7.923944871981994709e+01
3.948841271711619472e-01,2.345293563018528704e-01,2.491874410707187459e-01,4.195643851193594509e-01,8.019961529970069947e-01,7.923254630959188205e+01
3.891412250223982294e-01,2.338316823906309572e-01,2.484461625400454510e-01,4.134625515862980216e-01,8.015557588611660345e-01,7.922559682349503873e+01
3.811037439113065806e-01,2.330624887609756557e-01,2.476288943085365735e-01,4.049227279057630025e-01,7.982883549288418701e-01,7.916196617422745874e+01
3.699454642916387148e-01,2.315505948866698749e-01,2.460225070670868652e-01,3.930670558098660061e-01,7.937000958114514004e-01,7.908652970689982453e+01
3.536681462586284685e-01,2.307704382252806496e-01,2.451935906143606625e-01,3.757724053997928415e-01,7.888812223671552992e-01,7.903329887632422412e+01
3.339568758865406606e-01,2.310160087884428615e-01,2.454545093377204779e-01,3.548291806294494588e-01,7.836726595574995402e-01,7.898544292314772974e+01
3.176741138264002062e-01,2.300503690731272866e-01,2.444285171401977819e-01,3.375287459405502122e-01,7.789797964240365857e-01,7.895144397484745014e+01
3.056336998657996906e-01,2.263909462502970982e-01,2.405403803909406391e-01,3.247358061074123725e-01,7.750333542049540059e-01,7.892080475575400555e+01
2.947803532284865025e-01,2.219190971494040265e-01,2.357890407212419326e-01,3.132041253052668117e-01,7.715087597076372150e-01,7.891236849935063447e+01
2.855269813680194058e-01,2.151810364615215632e-01,2.286298512403666938e-01,3.033724177035206915e-01,7.697280374229592548e-01,7.893751393758107326e+01
2.771823679551060349e-01,2.061237417206890632e-01,2.190064755782321626e-01,2.945062659523001725e-01,7.695777781876351753e-01,7.896184319396731155e+01
2.670025273387524600e-01,1.959717778464757920e-01,2.082200139618805568e-01,2.836901852974246796e-01,7.683331185833277566e-01,7.893736184846314075e+01
2.541721266328254014e-01,1.849522729443866531e-01,1.965117900034109022e-01,2.700578845473766698e-01,7.675504807248475503e-01,7.887069161842445908e+01
2.418379482934264746e-01,1.740623042529756137e-01,1.849411982687867162e-01,2.569528200617656188e-01,7.661319930589746141e-01,7.877857959815189304e+01
2.278262884516607800e-01,1.618140919115206022e-01,1.719274726559906208e-01,2.420654314798896256e-01,7.643238654814040745e-01,7.865334409238757019e+01
2.195468575283906210e-01,1.513803891744465446e-01,1.608416634978495352e-01,2.332685361239147659e-01,7.626408492572375186e-01,7.856398405058571655e+01
2.112963199420457849e-01,1.398970706151770604e-01,1.486406375286258019e-01,2.245023399384236118e-01,7.606267993440858355e-01,7.863775761051701352e+01
2.083220304994348460e-01,1.297971381746590436e-01,1.379094593105753552e-01,2.213421574056492203e-01,7.586558118711964616e-01,7.872176014128963573e+01
2.089266643483815300e-01,1.190226855719815485e-01,1.264616034202304673e-01,2.219845808701554346e-01,7.571065871462436814e-01,7.879875978555183735e+01
2.058598031454137445e-01,1.070289388118172286e-01,1.137182474875559068e-01,2.187260408420018676e-01,7.538013404331184164e-01,7.886351245249016984e+01
2.046308007796127648e-01,9.466857592885871697e-02,1.005853619244124614e-01,2.174202258283385314e-01,7.502398695833462083e-01,7.893274923007473376e+01
2.052823765183900417e-01,8.233329205657005656e-02,8.747912281010566948e-02,2.181125250507896240e-01,7.467959859482075080e-01,7.901709380242824921e+01
2.062555119858679176e-01,7.138654814207860688e-02,7.584820740095865599e-02,2.191464814849844178e-01,7.435135404340199594e-01,7.912175920971935739e+01
2.067115756690361406e-01,6.170371387403124352e-02,6.556019599115822660e-02,2.196310491483509653e-01,7.403069104455104466e-01,7.923663650667397462e+01
2.067978656124253023e-01,5.246355896723664536e-02,5.574253140268904672e-02,2.197227322132018767e-01,7.368958970932204533e-01,7.932379520178710663e+01
2.048077727306881479e-01,4.415340107772053324e-02,4.691298864507812555e-02,2.176082585263561242e-01,7.332505011902691328e-01,7.939077040314600708e+01
2.007029688340269125e-01,3.667105356339335487e-02,3.896299441110547684e-02,2.132469043861535962e-01,7.292408126322791340e-01,7.944123649871929160e+01
1.955189150231916584e-01,3.095476268431422706e-02,3.288943535208390528e-02,2.077388472121411978e-01,7.248061233864168118e-01,7.946929271434814268e+01
1.900424318065245533e-01,2.918717526657714501e-02,3.101137372073830417e-02,2.019200837944321869e-01,7.201447676386546481e-01,7.949625391990116441e+01
1.876461050736132341e-01,2.936744823089308329e-02,3.120291374532371473e-02,1.993739866407141792e-01,7.169714791312337132e-01,7.955105915533194150e+01
1.883512353856860999e-01,2.913313880745068557e-02,3.095395998291633477e-02,2.001231875972913632e-01,7.136784224139034460e-01,7.964886411099138286e+01
1.872848708476947677e-01,3.106939682807644681e-02,3.301123412983122951e-02,1.989901752756757236e-01,7.107337548005850936e-01,7.976115736562887548e+01
1.866859722143971445e-01,3.558042410834984931e-02,3.780420061512163726e-02,1.983538454777969973e-01,7.068824023408698531e-01,7.986403725572611734e+01
1.891195220609730998e-01,3.970925772400021175e-02,4.219108633175015083e-02,2.009394921897838804e-01,7.042157996720775914e-01,7.997671166195141268e+01
1.908393495636712678e-01,4.450237103729776794e-02,4.728376922712905495e-02,2.027668089114004757e-01,7.020203366501304165e-01,8.009171591348690811e+01
1.933080899643957462e-01,4.933306819431991508e-02,5.241638495646498697e-02,2.053898455871703554e-01,7.000166859809757725e-01,8.019660654505689479e+01
1.966683049789389182e-01,5.415438436269084249e-02,5.753903338535897721e-02,2.089600740401225121e-01,6.980041508381066295e-01,8.030573383037851443e+01
2.017171639843100828e-01,5.939899023966491165e-02,6.311142712964387669e-02,2.143244867333294335e-01,6.950279745862771863e-01,8.042475860558270995e+01
2.070712268179346061e-01,6.483668110341708757e-02,6.888897367238062952e-02,2.200131784940554669e-01,6.918262108379724662e-01,8.051558960040370039e+01
2.120973476085010467e-01,6.944840293600111625e-02,7.378892811950130137e-02,2.253534318340320308e-01,6.886919194576227587e-01,8.061735732154826906e+01
2.178550418937030275e-01,7.386179090115525814e-02,7.847815283247737417e-02,2.314709820120594008e-01,6.856613335235018925e-01,8.077946363212262781e+01
2.193664860159859897e-01,7.650068693817786702e-02,8.128197987181411122e-02,2.330768913919852026e-01,6.833949219320329949e-01,8.092787188377596408e+01
2.205537037304876880e-01,7.893474201762942788e-02,8.386816339373127926e-02,2.343383102136428753e-01,6.811030269751399135e-01,8.113772718933432770e+01
2.190798835503440511e-01,7.988941218610393080e-02,8.488250044773539005e-02,2.327723762722404277e-01,6.810447726382884426e-01,8.129455788317372367e+01
2.050801369548693742e-01,7.464214695400653299e-02,7.930728113863200202e-02,2.178976455145487656e-01,6.896719770089809742e-01,8.123098456163586434e+01
1.859564069683134202e-01,7.024944294579024695e-02,7.464003312990204198e-02,1.975786824038328615e-01,6.996651422021880062e-01,8.108563305434594781e+01
1.736341434790428240e-01,7.076205508958779977e-02,7.518468353268695226e-02,1.844862774464829103e-01,7.093250429718682692e-01,8.090369651682152607e+01
1.712741605118150989e-01,7.656254198166254077e-02,8.134770085551636110e-02,1.819787955438033067e-01,7.160297575036180806e-01,8.075120754425933001e+01
1.757811040949960601e-01,8.141012157523623560e-02,8.649825417368853242e-02,1.867674231009334718e-01,7.187706741791585197e-01,8.054515312945352434e+01
1.815905784947479673e-01,8.420739405664678934e-02,8.947035618518731082e-02,1.929399896506698298e-01,7.218003569773784323e-01,8.034508296725445575e+01
1.868794329574882951e-01,8.661058443790942141e-02,9.202374596527863881e-02,1.985593975173312598e-01,7.236117877658542197e-01,8.015585091088111369e+01
1.905987688471022512e-01,8.871415315282835112e-02,9.425878772488013868e-02,2.025111919000459615e-01,7.247360903818691469e-01,8.002106550223496129e+01
1.929640206831389759e-01,9.044492774560730641e-02,9.609773572970783939e-02,2.050242719758351151e-01,7.256225696681535275e-01,7.993099979245222642e+01
1.938361659839883400e-01,9.130720059738839378e-02,9.701390063472525860e-02,2.059509263579877014e-01,7.256424169346297193e-01,7.984986529184826054e+01
1.936848690618541424e-01,9.093303007804164062e-02,9.661634445791937587e-02,2.057901733782200038e-01,7.239123079631046842e-01,7.981108594078449414e+01
1.933958907873009059e-01,8.989416465710653448e-02,9.551254994817574839e-02,2.054831339615070529e-01,7.217383151999277047e-01,7.978460608321478276e+01
1.933263950467397074e-01,8.921750695943735099e-02,9.479360114440216201e-02,2.054092947371608247e-01,7.204343958646437507e-01,7.977038152022741713e+01
1.936927333174257859e-01,8.899677948216802581e-02,9.455907819980355344e-02,2.057985291497647917e-01,7.195980906106127506e-01,7.976417683196952169e+01
1.962427497197876403e-01,8.966588020795723812e-02,9.526999772095465224e-02,2.085079215772743522e-01,7.186594654951362626e-01,7.976422081340220416e+01
1.998743069354429469e-01,9.109286468085059374e-02,9.678616872340399524e-02,2.123664511189081450e-01,7.176112904423721517e-01,7.974038423561880506e+01
2.019490799260936775e-01,9.545410093259326656e-02,1.014199822408804463e-01,2.145708974214745046e-01,7.172735734336702640e-01,7.968127015477810460e+01
2.043208537874995623e-01,1.008920362963083711e-01,1.071977885648276868e-01,2.170909071492183595e-01,7.168732608729744271e-01,7.961195083562503783e+01
2.062959260273657669e-01,1.060907686808447020e-01,1.127214417233975141e-01,2.191894214040759903e-01,7.154304485731950436e-01,7.954986081079340465e+01
2.086755391366902912e-01,1.109361932168763387e-01,1.178697052929312539e-01,2.217177603327334656e-01,7.133846860812511625e-01,7.951437929753221567e+01
2.081128491540694680e-01,1.182585532541394896e-01,1.256497128325232415e-01,2.211199022261985669e-01,7.132942170286541428e-01,7.947447567888062281e+01
2.024001348087052510e-01,1.283564627780229284e-01,1.363787417016492920e-01,2.150501432342492303e-01,7.154696272495058018e-01,7.943323289742134818e+01
1.936106315009846479e-01,1.400716653522100785e-01,1.488261444367233455e-01,2.057112959697960930e-01,7.188853328868665127e-01,7.941303877148649804e+01
1.822044770567507466e-01,1.526429565130607013e-01,1.621831412951272311e-01,1.935922568727976856e-01,7.224637932172004451e-01,7.941893510194402950e+01
1.750202473094414346e-01,1.627946542216552606e-01,1.729693201105087508e-01,1.859590127662814063e-01,7.246072024528708022e-01,7.944376816478398950e+01
1.726397242371247309e-01,1.680303217771222379e-01,1.785322168881924298e-01,1.834297070019450526e-01,7.247038612396927704e-01,7.947968761324071352e+01
1.697678301885986174e-01,1.735735596012980553e-01,1.844219070763790935e-01,1.803783195753859425e-01,7.245911078828846108e-01,7.956012247998118880e+01
1.667375506445890054e-01,1.796427378125335650e-01,1.908704089258169700e-01,1.771586475598757870e-01,7.244772329736103300e-01,7.966290248108981586e+01
1.655713446388579480e-01,1.882897846498391703e-01,2.000578961904542485e-01,1.759195536787864500e-01,7.258114491328598872e-01,7.984766962247795163e+01
1.644013453063699892e-01,1.971061130822456264e-01,2.094252451498859469e-01,1.746764293880181396e-01,7.271724018423184610e-01,8.005807327989077748e+01
1.633098678707733953e-01,2.057423274564379734e-01,2.186012229224654213e-01,1.735167346126967325e-01,7.277572795153801621e-01,8.031640772150741725e+01
1.636662049836915267e-01,2.140605106457947604e-01,2.274392925611570249e-01,1.738953427951721864e-01,7.285951450451911837e-01,8.059052715139043244e+01
1.625251706901208459e-01,2.198391672971137245e-01,2.335791152531834780e-01,1.726829938582534474e-01,7.280968155299680777e-01,8.072402304787566152e+01
1.596344767196674896e-01,2.243933464333280337e-01,2.384179305854112751e-01,1.696116315146465603e-01,7.278378592078084131e-01,8.086210383030974924e+01
1.590162390234021172e-01,2.302891913004720681e-01,2.446822657567517267e-01,1.689547539623647565e-01,7.279983042925424197e-01,8.102567126950464171e+01
1.584041260610073165e-01,2.355239449032351384e-01,2.502441914596875150e-01,1.683043839398203068e-01,7.282734191547890479e-01,8.119996787937944305e+01
1.600446896457330681e-01,2.414093132074945358e-01,2.564973952829630033e-01,1.700474827485914664e-01,7.284978010056106790e-01,8.138855192156340479e+01
1.639391938266045179e-01,2.470414920249106028e-01,2.624815852764674218e-01,1.741853934407674998e-01,7.289922860273337912e-01,8.158781288367256934e+01
1.709005980525685198e-01,2.523272588993039078e-01,2.680977125805106276e-01,1.815818854308536845e-01,7.297760560930157681e-01,8.177531747654343519e+01
1.817505224902619398e-01,2.565698586760096211e-01,2.726054748432602537e-01,1.931099301459033857e-01,7.313786160117453639e-01,8.199250496191211823e+01
1.940732341014033135e-01,2.599981380518042728e-01,2.762480216800420330e-01,2.062028112327408957e-01,7.322926729179045635e-01,8.221457725852147291e+01
2.082779229845359292e-01,2.618225138168269739e-01,2.781864209303785418e-01,2.212952931710696625e-01,7.336370601223169974e-01,8.241867005628689924e+01
2.210218256352013411e-01,2.623110659787881160e-01,2.787055076024623768e-01,2.348356897374014873e-01,7.359930741447686664e-01,8.261644456916580737e+01
2.316919990177341571e-01,2.635697654261778267e-01,2.800428757653140588e-01,2.461727489563422799e-01,7.398839529970292483e-01,8.286406966515971817e+01
2.496100899767759729e-01,2.634782410101679240e-01,2.799456310733032804e-01,2.652107206003248563e-01,7.473513104424278630e-01,8.314678454477687808e+01
2.735210107639303723e-01,2.591232619202028520e-01,2.753184657902156829e-01,2.906160739366756007e-01,7.578692519850657172e-01,8.335286067855061276e+01
2.968789350416941586e-01,2.549217358776187936e-01,2.708543443699699682e-01,3.154338684817999394e-01,7.686699603163811290e-01,8.342857642823958031e+01
3.204673519503868362e-01,2.518467127178731224e-01,2.675871322627402238e-01,3.404965614472860169e-01,7.788175947335594929e-01,8.339986295611086575e+01
3.399375087069276269e-01,2.488012050165981925e-01,2.643512803301356628e-01,3.611836030011103538e-01,7.886532550100642247e-01,8.333863628507228327e+01
3.579598705370658496e-01,2.459265221555978209e-01,2.612969297903226518e-01,3.803323624456323437e-01,7.972772847682501052e-01,8.322436348133985007e+01
3.712456792246268678e-01,2.422823454857770398e-01,2.574249920786381707e-01,3.944485341761660435e-01,8.041385511100294092e-01,8.309631962201113708e+01
3.795404958756500857e-01,2.399838305375908143e-01,2.549828199461902645e-01,4.032617768678783410e-01,8.091855627586620470e-01,8.304642245820022595e+01
3.839865028066822283e-01,2.382043406915186068e-01,2.530921119847385770e-01,4.079856592320994513e-01,8.154060777163140150e-01,8.309414204924826208e+01
3.899014821221841731e-01,2.352035439801516692e-01,2.499037654789112162e-01,4.142703247548206180e-01,8.198720964802874711e-01,8.309216417870653970e+01
3.958864147514477017e-01,2.314727417884564209e-01,2.459397881502350391e-01,4.206293156734129957e-01,8.235646853673103118e-01,8.299545103114020606e+01
4.021623485041987411e-01,2.283812534589323151e-01,2.426550818001155518e-01,4.272974952857109265e-01,8.279880336893626902e-01,8.291193539023061021e+01
4.041507967011637170e-01,2.274599267694684124e-01,2.416761721925601292e-01,4.294102214949868102e-01,8.314638106386861294e-01,8.284654989309434825e+01
4.047814419243985218e-01,2.271994610264113645e-01,2.413994273405620783e-01,4.300802820446735786e-01,8.338269254936792052e-01,8.279075245938334149e+01
4.053379742635043193e-01,2.262587578265565225e-01,2.403999301907164265e-01,4.306715976549733704e-01,8.355137799242272623e-01,8.275211297365174801e+01
4.052356941932380718e-01,2.254463413746810863e-01,2.395367377105986906e-01,4.305629250803155172e-01,8.365725454745224221e-01,8.271218327801021530e+01
4.036933296092816703e-01,2.249954321419468384e-01,2.390576466508185782e-01,4.289241627098616672e-01,8.363714861486811758e-01,8.267451640626386222e+01
4.002858037658511003e-01,2.248562664509333731e-01,2.389097831041165909e-01,4.253036665012170370e-01,8.334021058868952281e-01,8.257761130415610751e+01
3.986359357576458318e-01,2.247330303744964619e-01,2.387788447729025654e-01,4.235506817424982695e-01,8.332399704034791910e-01,8.253544010617902416e+01
4.000635051016938060e-01,2.243085058831707501e-01,2.383277875008689428e-01,4.250674741705494641e-01,8.359651224424978766e-01,8.256057177238886879e+01
4.030757530558477519e-01,2.241847169844521370e-01,2.381962617959805517e-01,4.282679876218377646e-01,8.388415717540981253e-01,8.259284542537358220e+01
4.065435441405375050e-01,2.243642671495457985e-01,2.383870338463922878e-01,4.319525156493214113e-01,8.415661431115426527e-01,8.262632767245776222e+01
4.092499863122958104e-01,2.246632061305992856e-01,2.387046565137617704e-01,4.348281104568142985e-01,8.439302391559209138e-01,8.267425407449759689e+01
4.114870820206397162e-01,2.251570711918303713e-01,2.392293881413198042e-01,4.372050246469300627e-01,8.445794709309145665e-01,8.269527550745104350e+01
4.148117242626582213e-01,2.251555893399803665e-01,2.392278136737291672e-01,4.407374570290742422e-01,8.441653845409231582e-01,8.269841901163526643e+01
4.186219848609659122e-01,2.253535253212479439e-01,2.394381206538259699e-01,4.447858589147763997e-01,8.431689611165583687e-01,8.268558947837976802e+01
4.227461710818901652e-01,2.257916182680454464e-01,2.399035944097982764e-01,4.491678067745081271e-01,8.418191826605712080e-01,8.266095118264949804e+01
4.269913712421450347e-01,2.264198533206975006e-01,2.405710941532411828e-01,4.536783319447788565e-01,8.401726462566315723e-01,8.262873850720555424e+01
4.310482087221158554e-01,2.272378334639176822e-01,2.414401980554124472e-01,4.579887217672481414e-01,8.382782914143553921e-01,8.259143912510933205e+01
4.347025451976498922e-01,2.282494219749904574e-01,2.425150108484273592e-01,4.618714542725029792e-01,8.361826722874453610e-01,8.255126112121519100e+01
4.362218190574910226e-01,2.289036580000019250e-01,2.432101366250020158e-01,4.634856827485843156e-01,8.339753309629499567e-01,8.250865797190941464e+01
4.339105665849095073e-01,2.285381307058738931e-01,2.428217638749911311e-01,4.610299769964659178e-01,8.318457401871056645e-01,8.246782320402903110e+01
4.306162833029252845e-01,2.278711297494175614e-01,2.421130753587563134e-01,4.575298010093578061e-01,8.300732524943627011e-01,8.243557788597708225e+01
4.276293642250957316e-01,2.275730299520204725e-01,2.417963443240217780e-01,4.543561994891644473e-01,8.273245871093160009e-01,8.239734761933246432e+01
4.221966210671085906e-01,2.280951823402806444e-01,2.423511312365482506e-01,4.485839098838029226e-01,8.237386402474914382e-01,8.235431576255491848e+01
4.138799114363110876e-01,2.290257884133188593e-01,2.433399001891513869e-01,4.397474059010804126e-01,8.201485112754179907e-01,8.231541766348104261e+01
4.039021084124753136e-01,2.304916452478363853e-01,2.448973730758260414e-01,4.291459901882554440e-01,8.157430248143331397e-01,8.222009474685577857e+01
3.927335681504952603e-01,2.321986716759008584e-01,2.467110886556447835e-01,4.172794161599011620e-01,8.100266567690289632e-01,8.210995198148424379e+01
3.852185740252707657e-01,2.312168064988299743e-01,2.456678569050068928e-01,4.092947349018502545e-01,8.042302611109654054e-01,8.197847789568848498e+01
3.770954362999400233e-01,2.282949917325981515e-01,2.425634287158856539e-01,4.006639010686861568e-01,8.004624798225876692e-01,8.186327419683159690e+01
3.668838198744898693e-01,2.245689756949704186e-01,2.386045366759062536e-01,3.898140586166451982e-01,7.969567279400331383e-01,8.175776026798608598e+01
3.606733404188378622e-01,2.190465612353338365e-01,2.327369713125422013e-01,3.832154241950153084e-01,7.966617553690287235e-01,8.166883383126803153e+01
3.563966721311460084e-01,2.133489477996909633e-01,2.266832570371716815e-01,3.786714641393425507e-01,7.974711379157350954e-01,8.161197135503353195e+01
3.583896238771379084e-01,2.086256200194069321e-01,2.216647212706199521e-01,3.807889753694587154e-01,7.993816334420611458e-01,8.148576822279017051e+01
3.627201341072071594e-01,2.037680768741468307e-01,2.165035816787810319e-01,3.853901424889072946e-01,8.010023799062389038e-01,8.137027584217321419e+01
3.677369529860547437e-01,1.992438049037805747e-01,2.116965427102669162e-01,3.907205125476829743e-01,8.020345508712336535e-01,8.129933109502077571e+01
3.706363303196406611e-01,1.940510891363701751e-01,2.061792822073933440e-01,3.938011009646186222e-01,8.019512115720076606e-01,8.124003651951068150e+01
3.694857132106467157e-01,1.860873748814473594e-01,1.977178358115378731e-01,3.925785702863124338e-01,8.004215271802053167e-01,8.111957502849118384e+01
3.694690944242531305e-01,1.777841374437653665e-01,1.888956460340006915e-01,3.925609128257688818e-01,7.991569125066324553e-01,8.100746652986173046e+01
3.659866040489554995e-01,1.675613413918456140e-01,1.780339252288359597e-01,3.888607668020152563e-01,7.967743470678203543e-01,8.095017675254753442e+01
3.695936166669102629e-01,1.603661196554007906e-01,1.703890021338634875e-01,3.926932177085921682e-01,7.938234578664835617e-01,8.083226067926683811e+01
3.725263553830918117e-01,1.531179828100651952e-01,1.626878567356943028e-01,3.958092525945355322e-01,7.901985729825546922e-01,8.070519915561143875e+01
3.697402377801796702e-01,1.450711213527611787e-01,1.541380664373088183e-01,3.928490026414407921e-01,7.854462824735333193e-01,8.057348359377286329e+01
3.635975172860416715e-01,1.374057531755442096e-01,1.459936127490158997e-01,3.863223621164192378e-01,7.802154922604311871e-01,8.044763795461024358e+01
3.586923761475881989e-01,1.307406529798527672e-01,1.389119437910935895e-01,3.811106496568124613e-01,7.762548417732887396e-01,8.020553035663927233e+01
3.539224113246959846e-01,1.224643832749878203e-01,1.301184072296745209e-01,3.760425620324895912e-01,7.718818378877188024e-01,7.990309284700562387e+01
3.465392098534498810e-01,1.140479580376634328e-01,1.211759554150174667e-01,3.681979104692905125e-01,7.675724694099890222e-01,7.971285411114251929e+01
3.345076144488761116e-01,1.058248886812136885e-01,1.124389442237896525e-01,3.554143403519308686e-01,7.634726415652237641e-01,7.962489072981173877e+01
3.221604141225573592e-01,9.722257064530312465e-02,1.032989813106347382e-01,3.422954400052170554e-01,7.590974212556818035e-01,7.958121076076287181e+01
3.096800022116698026e-01,9.097604608305749629e-02,9.666204896324870344e-02,3.290350023498990195e-01,7.561178448933141283e-01,7.964299816509371510e+01
2.951513172451138978e-01,8.356245829343221521e-02,8.878511193677172952e-02,3.135982745729334331e-01,7.515969411804618305e-01,7.969931926333221384e+01
2.805713884579432160e-01,7.625372240975028526e-02,8.101958006035978044e-02,2.981071002365646705e-01,7.465728323092263308e-01,7.973892249894718987e+01
2.654488919083660137e-01,6.896930561275371740e-02,7.327988721355092883e-02,2.820394476526387750e-01,7.411099620120851217e-01,7.979257669652820084e+01
2.520343441180252775e-01,6.167219637126127724e-02,6.552670864446522025e-02,2.677864906254018296e-01,7.354854803519067508e-01,7.985596958679354884e+01
2.384228377839300583e-01,5.694063766894858630e-02,6.049942752325791762e-02,2.533242651454257199e-01,7.306815771486203648e-01,7.993327795859858043e+01
2.270865057989991664e-01,5.448771917944676690e-02,5.789320162816238846e-02,2.412794124114364391e-01,7.265176147587553146e-01,8.005969576444478264e+01
2.221622616365577230e-01,5.164630869680514325e-02,5.487420299035542653e-02,2.360474029888425251e-01,7.226204177395852968e-01,8.026176967125539363e+01
2.169868795297646147e-01,4.843204324332335553e-02,5.145904594603109561e-02,2.305485595003748944e-01,7.183115203679213412e-01,8.046224069072748364e+01
2.136089912912582101e-01,4.669994362390450515e-02,4.961869010039845346e-02,2.269595532469619314e-01,7.155655211263445281e-01,8.058906169274165165e+01
2.095413511473405432e-01,4.607751706031151806e-02,4.895736187658096539e-02,2.226376855940493671e-01,7.133497516122591087e-01,8.078347730214714773e+01
2.070821402733494798e-01,4.630803043234030247e-02,4.920228233436160781e-02,2.200247740404338570e-01,7.114187373274045711e-01,8.095071143187490748e+01
2.058668706687528660e-01,4.732703939193204368e-02,5.028497935392780421e-02,2.187335500855499826e-01,7.089811581044350719e-01,8.113830365647099541e+01
2.049540919123379878e-01,4.928700375661045074e-02,5.236744149139865162e-02,2.177637226568591433e-01,7.067101484241874454e-01,8.134362252187358422e+01
2.038067961391880623e-01,5.155521481202143125e-02,5.477741573777284573e-02,2.165447208978872329e-01,7.046066562914153897e-01,8.152392370023208912e+01
2.025001690031624502e-01,5.280170583220796660e-02,5.610181244672094586e-02,2.151564295658599801e-01,7.030295544105386041e-01,8.172001369513910163e+01
2.003810119325506733e-01,5.397668836371441459e-02,5.735023138644662621e-02,2.129048251783350609e-01,7.019096179701209692e-01,8.193350527438502695e+01
1.983252293139872169e-01,5.555300283594535177e-02,5.902506551319196271e-02,2.107205561461113208e-01,7.014348949305019287e-01,8.208219052786870407e+01
1.953389097473323677e-01,5.730046011898255048e-02,6.088173887641898374e-02,2.075475916065404325e-01,7.012636252434787387e-01,8.220889681010383754e+01
1.917932134047239667e-01,5.920703884581549059e-02,6.290747877367902641e-02,2.037802892425190360e-01,7.011496941122887794e-01,8.232514231786913683e+01
1.883845972643710120e-01,6.170774575098175035e-02,6.556447986041810672e-02,2.001586345933941136e-01,7.010121181432601434e-01,8.242674321431599083e+01
1.849984423710140380e-01,6.407851554559021445e-02,6.808342276718953867e-02,1.965608450192023460e-01,7.010603265466531786e-01,8.249962223087808866e+01
1.818145680483966575e-01,6.624930621608758619e-02,7.038988785459306119e-02,1.931779785514215475e-01,7.014654606785063473e-01,8.252862304816331118e+01
1.769606571507740533e-01,7.111419948222819087e-02,7.555883694986752219e-02,1.880206982226975410e-01,7.018924046193590893e-01,8.252110577270491376e+01
1.783481256157237460e-01,7.357126316158769941e-02,7.816946710918697139e-02,1.894948834667062598e-01,7.029882587500561053e-01,8.248426324865522474e+01
1.823434860528533596e-01,7.313148308403581710e-02,7.770220077678803572e-02,1.937399539311566721e-01,7.050108200224590727e-01,8.242050778627738339e+01
1.873521342423621894e-01,7.218128234588472303e-02,7.669261249250253210e-02,1.990616426325098332e-01,7.071511432428436716e-01,8.235367267892019072e+01
1.916478104739566535e-01,7.121858768680144891e-02,7.566974941722663661e-02,2.036257986285788246e-01,7.093290863672957469e-01,8.227967219861659487e+01
1.958700826414427054e-01,7.015977325587824387e-02,7.454475908437065146e-02,2.081119628065329075e-01,7.112067423934270716e-01,8.221198809941562047e+01
1.995658573665134994e-01,6.919849887898042728e-02,7.352340505891671874e-02,2.120387234519205688e-01,7.125278768553710007e-01,8.216470848261195670e+01
2.023848440312894792e-01,6.800069651422115113e-02,7.225074004635999303e-02,2.150338967832450543e-01,7.133716397357875438e-01,8.213262070059236919e+01
2.041747601824072389e-01,6.706156458267446829e-02,7.125291236909164772e-02,2.169356826938077520e-01,7.143130266968175102e-01,8.210897702178294821e+01
2.046528682935692678e-01,6.786571175116390409e-02,7.210731873561185279e-02,2.174436725619174060e-01,7.162618439971504269e-01,8.208532361764721941e+01
2.058134925153821404e-01,6.855606558828747366e-02,7.284081968755555525e-02,2.186768357975936161e-01,7.171131735462056289e-01,8.206710835623036360e+01
2.062915521556638598e-01,6.846471677489208985e-02,7.274376157332294868e-02,2.191847741653930037e-01,7.167806795195574843e-01,8.205032195698086639e+01
2.065213087890222232e-01,6.768095168185582489e-02,7.191101116197183563e-02,2.194288905883361174e-01,7.155128764319604873e-01,8.203142882634428190e+01
2.067357518260588833e-01,6.938304756311497457e-02,7.371948803580968823e-02,2.196567363151875896e-01,7.153557998760896597e-01,8.193847183240114873e+01
2.088655622783316679e-01,7.347578356078438011e-02,7.806802003333336570e-02,2.219196599207274856e-01,7.159522659424508717e-01,8.181970170465770309e+01
2.131073163065398124e-01,7.890877125772609302e-02,8.384056946133398858e-02,2.264265235756986461e-01,7.170959669418821569e-01,8.171237352016952116e+01
2.121390811698682100e-01,8.761358695828072585e-02,9.308943614317335968e-02,2.253977737429848915e-01,7.194648639246161714e-01,8.166683782137104686e+01
2.073815141198312173e-01,9.652233996166906249e-02,1.025549862092735021e-01,2.203428587523206528e-01,7.205164008086882843e-01,8.165639040266948712e+01
2.055364247964763247e-01,1.073499490449625060e-01,1.140593208602726366e-01,2.183824513462561678e-01,7.246351214559696441e-01,8.165698093503722532e+01
2.056289524646182643e-01,1.182001342451276388e-01,1.255876426354481934e-01,2.184807619936568190e-01,7.293396152416955491e-01,8.164599656344157097e+01
2.082711044977138271e-01,1.283853123845380140e-01,1.364093944085717769e-01,2.212880485288209742e-01,7.339717268148484575e-01,8.160172451026193130e+01
2.143992587537042471e-01,1.371652901102251298e-01,1.457381207421141744e-01,2.277992124258109985e-01,7.384904555098651402e-01,8.153148702575505524e+01
2.201963254293359262e-01,1.467419563411198891e-01,1.559133286124399220e-01,2.339585957686694528e-01,7.427858066334680487e-01,8.148662832715142201e+01
2.284799069779378244e-01,1.569392157387315967e-01,1.667479167224024394e-01,2.427599011640591276e-01,7.469967212583042970e-01,8.147160265044703920e+01
2.397380516384369220e-01,1.659640647502713118e-01,1.763368187971632306e-01,2.547216798658393788e-01,7.517135088276296617e-01,8.149233680814018044e+01
2.501777607427848049e-01,1.731146326346269249e-01,1.839342971742912169e-01,2.658138707892086505e-01,7.553996657076623711e-01,8.154769301251191393e+01
2.589430641886018014e-01,1.803475606885556470e-01,1.916192832315903316e-01,2.751270057003896707e-01,7.583970312738470554e-01,8.161818765854879132e+01
2.674288109438048844e-01,1.881335845970737441e-01,1.998919336343909781e-01,2.841431116277925994e-01,7.617607272100181959e-01,8.173602563044494218e+01
2.764774072773826252e-01,1.956774987328014082e-01,2.079073424036016471e-01,2.937572452322192440e-01,7.653389798375691555e-01,8.187819706352827609e+01
2.857615887722502190e-01,2.023843822571205764e-01,2.150334061481905534e-01,3.036216880705158161e-01,7.683227025701725443e-01,8.201337762134365050e+01
2.940516327357126092e-01,2.087414290524213512e-01,2.217877683681976630e-01,3.124298597816949630e-01,7.706180320241858839e-01,8.213063902408563877e+01
3.019007120468783500e-01,2.149400425219507305e-01,2.283737951795726528e-01,3.207695065498084586e-01,7.722693951377226362e-01,8.226643806378608303e+01
3.113166067957855998e-01,2.207369956160565305e-01,2.345330578420600498e-01,3.307738947205223767e-01,7.732403185990595063e-01,8.240545306768842693e+01
3.221973394998285944e-01,2.262503683726495296e-01,2.403910163959402380e-01,3.423346732185677532e-01,7.737533763649087071e-01,8.255296966493045829e+01
3.348367116920447639e-01,2.311636240574823919e-01,2.456113505610750536e-01,3.557640061727977421e-01,7.747384200762984507e-01,8.273571490146166241e+01
3.505321456132930447e-01,2.332542865923458997e-01,2.478326795043675479e-01,3.724404047141240404e-01,7.760187644449085820e-01,8.292539282671138778e+01
3.681252815421614533e-01,2.345598798465828028e-01,2.492198723369941915e-01,3.911331116385463047e-01,7.772732943820085394e-01,8.300933641069127589e+01
3.821210054730738714e-01,2.361664801414478654e-01,2.509268851502883257e-01,4.060035683151413388e-01,7.784549879772580949e-01,8.302730594333641534e+01
3.938192118830932675e-01,2.375948104757218404e-01,2.524444861304544485e-01,4.184329126257863574e-01,7.795285621704772794e-01,8.301759529351853928e+01
4.023675870155157264e-01,2.398724064126761535e-01,2.548644318134684061e-01,4.275155612039857056e-01,7.801025818634172992e-01,8.303967676160891642e+01
4.113895890564724378e-01,2.425491136218294319e-01,2.577084332231938668e-01,4.371014383725020935e-01,7.803254127446359600e-01,8.317841361108253295e+01
4.168479335349282167e-01,2.462298672732951554e-01,2.616192339778762865e-01,4.429009293808611747e-01,7.802940443808169535e-01,8.332178408421427207e+01
4.258609265643631958e-01,2.506006315587235300e-01,2.662631710311438860e-01,4.524772344746357811e-01,7.796654704165402183e-01,8.346303103786486588e+01
4.332688104603805712e-01,2.554999274928492214e-01,2.714686729611521798e-01,4.603481111141543014e-01,7.787989060322588752e-01,8.359199034525433092e+01
4.387863057628234031e-01,2.600624439689206979e-01,2.763163467169783005e-01,4.662104498729999214e-01,7.784208475078893130e-01,8.368730413739514518e+01
4.435660698168739091e-01,2.644916732152329253e-01,2.810224027911850109e-01,4.712889491804283515e-01,7.777377625323900201e-01,8.373034032277610095e+01
4.452273146661888115e-01,2.666542773926377508e-01,2.833201697296776067e-01,4.730540218328255775e-01,7.777800490576436410e-01,8.374478066341035287e+01
4.468487394322006034e-01,2.671233368055839219e-01,2.838185453559329829e-01,4.747767856467133285e-01,7.775544845603861166e-01,8.380690334321154467e+01
4.463246736268134396e-01,2.683305786377848667e-01,2.851012398026464556e-01,4.742199657284893455e-01,7.765191659643461142e-01,8.384769041053912986e+01
4.438741128774968958e-01,2.679571750193048829e-01,2.847044984580114346e-01,4.716162449323403894e-01,7.741764273029855259e-01,8.386630517657002315e+01
4.415900451054755593e-01,2.664799091544360343e-01,2.831349034765882622e-01,4.691894229245677783e-01,7.717426866652496997e-01,8.388640415990884946e+01
4.385475696929931333e-01,2.657654779704113346e-01,2.823758203435620673e-01,4.659567927988051972e-01,7.701523239013911004e-01,8.392097972029445430e+01
4.360041983570103752e-01,2.655968350762423213e-01,2.821966372685074109e-01,4.632544607543236381e-01,7.695301702724943738e-01,8.397347094515814092e+01
4.346215473325951706e-01,2.656035962189878807e-01,2.822038209826747690e-01,4.617853940408823132e-01,7.692727596275613644e-01,8.402204703746613745e+01
4.343572255572255014e-01,2.657356250461963554e-01,2.823441016115836866e-01,4.615045521545522167e-01,7.689610572945160261e-01,8.406527428843918415e+01
4.340358704648755173e-01,2.656235397690932531e-01,2.822250110046615745e-01,4.611631123689305389e-01,7.688283054051360255e-01,8.409503206784332008e+01
4.333443208202145680e-01,2.652039606706003139e-01,2.817792082125128994e-01,4.604283408714781589e-01,7.688662373137613582e-01,8.411712217341117537e+01
4.328773503052638638e-01,2.649179635411295086e-01,2.814753362624502486e-01,4.599321846993424945e-01,7.688978070328903458e-01,8.412872457457197584e+01
4.325556495576635130e-01,2.647199276001143686e-01,2.812649230751215201e-01,4.595903776550175346e-01,7.689246961237096167e-01,8.413484545738701570e+01
4.323387511774996472e-01,2.645856316660631369e-01,2.811222336451921766e-01,4.593599231260935278e-01,7.689454803031194885e-01,8.413806147229227861e+01
4.321963737903179448e-01,2.644966884064773316e-01,2.810277314318822550e-01,4.592086471522128788e-01,7.689606757466264098e-01,8.413973169886735093e+01
4.320983445908267995e-01,2.644348756270918921e-01,2.809620553537851562e-01,4.591044911277535334e-01,7.689731596364920430e-01,8.414057157266972808e+01
4.320357822292769101e-01,2.643944156347267094e-01,2.809190666118972501e-01,4.590380186186067135e-01,7.689819101043472438e-01,8.414097462073368661e+01
4.319954414687816047e-01,2.643674012576227583e-01,2.808903638362241217e-01,4.589951565605807637e-01,7.689882950565737341e-01,8.414114673574198378e+01
4.319689207357161886e-01,2.643488272395329020e-01,2.808706289420037083e-01,4.589669782816986898e-01,7.689931857998285603e-01,8.414119866300961803e+01
4.319510204127799402e-01,2.643355913126096968e-01,2.808565657696477369e-01,4.589479591885786691e-01,7.689971096835688247e-01,8.414118977852129433e+01
4.319385513408490751e-01,2.643257838790387670e-01,2.808461453714787281e-01,4.589347107996522568e-01,7.690003816122262803e-01,8.414115174760497951e+01
4.319295485369840648e-01,2.643182221908909613e-01,2.808381110778216949e-01,4.589251453205455133e-01,7.690031936022185821e-01,8.414110130510707108e+01
4.319227946211329772e-01,2.643121680997970180e-01,2.808316786060344183e-01,4.589179692849535974e-01,7.690056655562496069e-01,8.414104715699133408e+01
4.302541527678835909e-01,2.642028591476578425e-01,2.807155378443865201e-01,4.571450373158761349e-01,7.689729161818207315e-01,8.413981047854296946e+01
4.252182740820728557e-01,2.639190366071689220e-01,2.804139763951170039e-01,4.517944162122022322e-01,7.687890208519664315e-01,8.413663226833722319e+01
4.199177324817490176e-01,2.635573539527931719e-01,2.800296885748426723e-01,4.461625907618585463e-01,7.684858402638570229e-01,8.413440653728606833e+01
4.145110699876606297e-01,2.631453918905887202e-01,2.795919788837505915e-01,4.404180118618896689e-01,7.680721043372020773e-01,8.413279502513725561e+01
4.088967387246013607e-01,2.626840468638063086e-01,2.791017997927941474e-01,4.344527848948887550e-01,7.675394759338186601e-01,8.413159793429063882e+01
4.030897983450139055e-01,2.621727781171334648e-01,2.785585767494543896e-01,4.282829107415769276e-01,7.668874462533677994e-01,8.413076365399652445e+01
4.010471312131854704e-01,2.578697996908209111e-01,2.739866621714972528e-01,4.261125769140094444e-01,7.671164909080717687e-01,8.412235530093266789e+01
3.988766330669198390e-01,2.519791968093880730e-01,2.677278966099747581e-01,4.238064226336020202e-01,7.666383884731622356e-01,8.410634666554743433e+01
3.947323489956427456e-01,2.483244097887884472e-01,2.638446854005877529e-01,4.194031208078701778e-01,7.655828529090406009e-01,8.405279326391561767e+01
3.872226029044418261e-01,2.448146472971724774e-01,2.601155627532458769e-01,4.114240155859691384e-01,7.637350900325327041e-01,8.399798276069471115e+01
3.795481995111120166e-01,2.411174558711365601e-01,2.561872968630827807e-01,4.032699619805567570e-01,7.606452197614217425e-01,8.393922333078113240e+01
3.759286908542005534e-01,2.356377758280622514e-01,2.503651368173162028e-01,3.994242340325880880e-01,7.587427054592119635e-01,8.387076607110606119e+01
3.728871214162374770e-01,2.283658645725361591e-01,2.426387311083197940e-01,3.961925665047527634e-01,7.567626206583326631e-01,8.377164074791025428e+01
3.697290157129558552e-01,2.215199633899909426e-01,2.353649611018653331e-01,3.928370791950155372e-01,7.550969161566285504e-01,8.367972471951013347e+01
3.653509953136305222e-01,2.128602612211460132e-01,2.261640275474676720e-01,3.881854325207327872e-01,7.534499407466872523e-01,8.360690027667567392e+01
3.622474394491462246e-01,2.034717483293632667e-01,2.161887325999485021e-01,3.848879044147179296e-01,7.513693768187611477e-01,8.354118691052111956e+01
3.591249118580930877e-01,1.957855354655814450e-01,2.080221314321804293e-01,3.815702188492237634e-01,7.507545878426287178e-01,8.350304011217976097e+01
3.563047560953849779e-01,1.870207175637012553e-01,1.987095124114326428e-01,3.785738033513467160e-01,7.500503608955558787e-01,8.349332899797461494e+01
3.592543630650152919e-01,1.772685585821888177e-01,1.883478434935757229e-01,3.817077607565787511e-01,7.491795805423573373e-01,8.353950630091887319e+01
3.619056377446411843e-01,1.661628653129074984e-01,1.765480443949642708e-01,3.845247401036813173e-01,7.470076974434232131e-01,8.350423541628985902e+01
3.606956623194217393e-01,1.536937541601207102e-01,1.632996137951284454e-01,3.832391412143854037e-01,7.449767304473264851e-01,8.339981074026935914e+01
3.498341991472782020e-01,1.407353337643486024e-01,1.495312921246204352e-01,3.716988365939831174e-01,7.434094690436996444e-01,8.330596614603864225e+01
3.369579275620521175e-01,1.272536065122214233e-01,1.352069569192352605e-01,3.580177980346802569e-01,7.415484420809222987e-01,8.320920940871795324e+01
3.252008245137643083e-01,1.137921757204167356e-01,1.209041867029427841e-01,3.455258760458748135e-01,7.395101109928117200e-01,8.310053560880409407e+01
3.177467486576492917e-01,9.960276808018561634e-02,1.058279410851971220e-01,3.376059204487523169e-01,7.368289461782634442e-01,8.298205746570968699e+01
3.109827601425152466e-01,8.565973535052229249e-02,9.101346880992991495e-02,3.304191826514224495e-01,7.347248692211540977e-01,8.286818961875542300e+01
3.022510106230198446e-01,7.431427420607897294e-02,7.895891634395885150e-02,3.211416987869589179e-01,7.331233071406463297e-01,8.277764179729312843e+01
2.906264962063663249e-01,6.324044212657459196e-02,6.719296975948547967e-02,3.087906522192643277e-01,7.306644125742608464e-01,8.269041824690779663e+01
2.772388190075574799e-01,5.290163410974105251e-02,5.620798624160004697e-02,2.945662451955298189e-01,7.280582252283286371e-01,8.264290035975157878e+01
2.619748558314984876e-01,4.385066576404002270e-02,4.659133237429267937e-02,2.783482843209671431e-01,7.251485398885099132e-01,8.264559904608779561e+01
2.429472854254469683e-01,3.648271969487439786e-02,3.876288967580404643e-02,2.581314907645376744e-01,7.217313126729389960e-01,8.267895158047882376e+01
2.208791259765295611e-01,3.416967555231210235e-02,3.630528027433158750e-02,2.346840713500627507e-01,7.178894788019356543e-01,8.276018241300836564e+01
2.007331196375626847e-01,3.647917666105778695e-02,3.875912520237387304e-02,2.132789396149104844e-01,7.135313308664817944e-01,8.289915290309492946e+01
1.867759277841541943e-01,4.081089138972129188e-02,4.336157210157885744e-02,1.984494232706639216e-01,7.092910248094771442e-01,8.304905015966114945e+01
1.773020733903261648e-01,4.601939914341664217e-02,4.889561158988032369e-02,1.883834529772214494e-01,7.052550169237939981e-01,8.321769913882829428e+01
1.717410509580964417e-01,5.158291963968628796e-02,5.480685211716673083e-02,1.824748666429773514e-01,7.012961886572479653e-01,8.336016590273219151e+01
1.695945224031867593e-01,5.742481423390489309e-02,6.101386512352385133e-02,1.801941800533859994e-01,6.975435935322862324e-01,8.343453748535425518e+01
1.703333155917540476e-01,6.249470933985437626e-02,6.640062867359544652e-02,1.809791478162386391e-01,6.940190770531539100e-01,8.352194678037513142e+01
1.719315884502155556e-01,6.574400158709653441e-02,6.985300168629007822e-02,1.826773127283540799e-01,6.908546891622123765e-01,8.363935839585356291e+01
1.739155651483068887e-01,7.124824438262794546e-02,7.570125965654216083e-02,1.847852879700761508e-01,6.874201032241121778e-01,8.376394862825070220e+01
1.781739857294506180e-01,7.876821099053106512e-02,8.369122417743922460e-02,1.893098598375412833e-01,6.835438639367950042e-01,8.392035145031586296e+01
1.852190788938084531e-01,8.679396779402966111e-02,9.221859078115651753e-02,1.967952713246713392e-01,6.794868201388615248e-01,8.411207894687333919e+01
1.962898590446576497e-01,9.432847603895744282e-02,1.002240057913923454e-01,2.085579752349484284e-01,6.753984319169331618e-01,8.425796429581102132e+01
2.069464772696503474e-01,9.765771883658826147e-02,1.037613262638750478e-01,2.198806320990034924e-01,6.729071939259338997e-01,8.440190783844580835e+01
2.160860530950651781e-01,9.870983201018060371e-02,1.048791965108169522e-01,2.295914314135067136e-01,6.715775658535109160e-01,8.450224901874881311e+01
2.233550845910657889e-01,9.826194886055819588e-02,1.044033206643431161e-01,2.373147773780073244e-01,6.714975675224231777e-01,8.462519780843781803e+01
2.287209305909846113e-01,9.748711084254457759e-02,1.035800552702036137e-01,2.430159887529210194e-01,6.721451373691929021e-01,8.476134908039287552e+01
2.306196771409747270e-01,9.840045955558977819e-02,1.045504882778142131e-01,2.450334069622856492e-01,6.727483623979837457e-01,8.489850212567094445e+01
2.279775278436337038e-01,9.858003116144702094e-02,1.047412831090376306e-01,2.422261233338608155e-01,6.738699914283835524e-01,8.507330545863757720e+01
2.263665345667274509e-01,9.875664107053039320e-02,1.049289311374384942e-01,2.405144429771476910e-01,6.771871518150173186e-01,8.510707692684528070e+01
2.242437577407401239e-01,9.956696172348508678e-02,1.057898968312027677e-01,2.382589925995362012e-01,6.826835976274711060e-01,8.505652140054759514e+01
2.213025892688748608e-01,1.015048379269751083e-01,1.078488902974110847e-01,2.351340010981794459e-01,6.888844026668951015e-01,8.498937681632109786e+01
2.209612329988889234e-01,1.025272387604855145e-01,1.089351911830158115e-01,2.347713100613195714e-01,6.912401194019011097e-01,8.493670278449758371e+01
2.207897691657660366e-01,1.033808206566753096e-01,1.098421219477175165e-01,2.345891297386263896e-01,6.927487089173912649e-01,8.489108367813463474e+01
2.208164018559818087e-01,1.038261195870364140e-01,1.103152520612260407e-01,2.346174269719805972e-01,6.934996150428026640e-01,8.486965906077197985e+01
2.208178491504920460e-01,1.040988533776337627e-01,1.106050317137358546e-01,2.346189647223977104e-01,6.939735259532745504e-01,8.485791787684267717e+01
2.208011626320860177e-01,1.042678550001105986e-01,1.107845959376175388e-01,2.346012352965913261e-01,6.942815931802522877e-01,8.485134195259973922e+01
2.208245238280570344e-01,1.038177751262316095e-01,1.103063860716211181e-01,2.346260565673105314e-01,6.936381665703343913e-01,8.484591546048669386e+01
2.219886686212896865e-01,1.035276362121419075e-01,1.099981134754008244e-01,2.358629604101202537e-01,6.925326399300860691e-01,8.484365634301403247e+01
2.209686507241274966e-01,1.054514860226701406e-01,1.120422038990871172e-01,2.347791913943854947e-01,6.929164422671462154e-01,8.485058714532237900e+01
2.185297671580847534e-01,1.088770021472782040e-01,1.156818147814831499e-01,2.321878776054649707e-01,6.941315805103044356e-01,8.484505828356085999e+01
2.170378464198975121e-01,1.119064240493067158e-01,1.189005755523883934e-01,2.306027118211408933e-01,6.954900454334173032e-01,8.481875746811942918e+01
2.168818909388787464e-01,1.145331420478042234e-01,1.216914634257921790e-01,2.304370091225587669e-01,6.956333923102324679e-01,8.476159805781335876e+01
2.170377088661672449e-01,1.167056444868945497e-01,1.239997472673254747e-01,2.306025656703025728e-01,6.926137297838592666e-01,8.470645352953226848e+01
2.172957741300829415e-01,1.188339001239973880e-01,1.262610188817473167e-01,2.308767600132131670e-01,6.886298356026823164e-01,8.466510386674573851e+01
2.183832415431150864e-01,1.209855742682959534e-01,1.285471726600646292e-01,2.320321941395598331e-01,6.842584598314637168e-01,8.464059102056320683e+01
2.183094985432652013e-01,1.251653045769714756e-01,1.329881361130322570e-01,2.319538422022191793e-01,6.801813304464593424e-01,8.460443681667409521e+01
2.163160588778636484e-01,1.335413976385707580e-01,1.418877349909814789e-01,2.298358125577300570e-01,6.799167866332691545e-01,8.456798807815000885e+01
2.101192355512774002e-01,1.438984920474583040e-01,1.528921478004245382e-01,2.232516877732321769e-01,6.833155939745760854e-01,8.453270208902888783e+01
2.038663472264044263e-01,1.570600024656186311e-01,1.668762526197197227e-01,2.166079939280546873e-01,6.873111821615474071e-01,8.449299422164401108e+01
1.961736285928805945e-01,1.687506119434796503e-01,1.792975251899470990e-01,2.084344803799355328e-01,6.924138652774477487e-01,8.445174620103006191e+01
1.894705072670808121e-01,1.781176851566363961e-01,1.892500404789261848e-01,2.013124139712732241e-01,6.944950384624613005e-01,8.444100758313804533e+01
1.823069459175517826e-01,1.858961698096950887e-01,1.975146804228010977e-01,1.937011300373986111e-01,6.957153635908314149e-01,8.441014934643514778e+01
1.749172132335630181e-01,1.932615421818080215e-01,2.053403885681709951e-01,1.858495390606606790e-01,6.960545297393320174e-01,8.438491932569760934e+01
1.670554066553862627e-01,2.019352283366527834e-01,2.145561801076937003e-01,1.774963695713479561e-01,6.955903698965962834e-01,8.437416793576953467e+01
1.612979756436617729e-01,2.105883429099476845e-01,2.237501143418193783e-01,1.713790991213906545e-01,6.955323795690936395e-01,8.440141160992618552e+01
1.574382167520317066e-01,2.192638563410058972e-01,2.329678473623187918e-01,1.672781052990336415e-01,6.949418500324350267e-01,8.448856310292941885e+01
1.555744744528695378e-01,2.256480481221617429e-01,2.397510511297968883e-01,1.652978791061739672e-01,6.943045933124216695e-01,8.461168801081871038e+01
1.555714736368449813e-01,2.326104704742025242e-01,2.471486248788400952e-01,1.652946907391478482e-01,6.946729948109140462e-01,8.473476055893760872e+01
1.585310357516749313e-01,2.387187570265714709e-01,2.536386793407323648e-01,1.684392254861548921e-01,6.954415247541531064e-01,8.492408846110464538e+01
1.681052046908754760e-01,2.448304139924134537e-01,2.601323148669394403e-01,1.786117799840550857e-01,6.995025943078859720e-01,8.509022813023692322e+01
1.814667692125535858e-01,2.498544704485876344e-01,2.654703748516243356e-01,1.928084422883382387e-01,7.045836773509764894e-01,8.527219109319685231e+01
1.985767810452624960e-01,2.504901869361064182e-01,2.661458236196131977e-01,2.109878298605914748e-01,7.107156213681069534e-01,8.534689554489550289e+01
2.213256818171422668e-01,2.513991099208639501e-01,2.671115542909179852e-01,2.351585369307138407e-01,7.170371046690200423e-01,8.541717241517804382e+01
2.463448137823446848e-01,2.515349219512000301e-01,2.672558545731500979e-01,2.617413646437412589e-01,7.231603032524086538e-01,8.550193755128915996e+01
2.687879014569679037e-01,2.522372427943693762e-01,2.680020704690176392e-01,2.855871452980281999e-01,7.288772458959696943e-01,8.555640414522986248e+01
2.858786958646850063e-01,2.539069440569070579e-01,2.697761280604636935e-01,3.037461143562280586e-01,7.331894956927174078e-01,8.556140186251521129e+01
3.063118240950216675e-01,2.537741903068390092e-01,2.696350772010165375e-01,3.254563131009601817e-01,7.393006551380479907e-01,8.552059616528096342e+01
3.211101418022240250e-01,2.552944659605733135e-01,2.712503700831093156e-01,3.411795256648629260e-01,7.465822301001630024e-01,8.561639936640160897e+01
3.348788457106152694e-01,2.562962388795471669e-01,2.723147538095188613e-01,3.558087735675285468e-01,7.546278558265789860e-01,8.570637496761375473e+01
3.472798191110735289e-01,2.570435141310505323e-01,2.731087337642412183e-01,3.689848078055157354e-01,7.630215473344429400e-01,8.576236092548369072e+01
3.563091058779493392e-01,2.575122581322660809e-01,2.736067742655328705e-01,3.785784249953209057e-01,7.708472919470613638e-01,8.578966858798952444e+01
3.687650326828678660e-01,2.539034270834464868e-01,2.697723912761620380e-01,3.918128472255470451e-01,7.795175760286834343e-01,8.594467984632302660e+01
3.768696494218329862e-01,2.503465686770638410e-01,2.659932292193804559e-01,4.004240025106974299e-01,7.877556626793489336e-01,8.610921172191409312e+01
3.855106674019471713e-01,2.474141240330108293e-01,2.628775067850740998e-01,4.096050841145689181e-01,7.943524721788844944e-01,8.620639186766116779e+01
3.909912471612703722e-01,2.454898676615585862e-01,2.608329843904060308e-01,4.154282001088497323e-01,7.984484938452167668e-01,8.631522782891148893e+01
3.912161376942798752e-01,2.443292836567061144e-01,2.595998638852503038e-01,4.156671463001724298e-01,8.008602240919642234e-01,8.645179419884522076e+01
3.938729575130072713e-01,2.429946310468268367e-01,2.581817954872535070e-01,4.184900173575702986e-01,8.032173346038644635e-01,8.662158588395101333e+01
3.953229644194122261e-01,2.416831535591880409e-01,2.567883506566373542e-01,4.200306496956253133e-01,8.053385039024301140e-01,8.678429407612708246e+01
3.959040864156530559e-01,2.403196347751092588e-01,2.553396119485536464e-01,4.206480918166314864e-01,8.089352494977508634e-01,8.685459182642446763e+01
3.997609800924432077e-01,2.388494743397552023e-01,2.537775664859898694e-01,4.247460413482209707e-01,8.117529318333930322e-01,8.682468748274133929e+01
4.066860505798913783e-01,2.374954763648535194e-01,2.523389436376567985e-01,4.321039287411344021e-01,8.141783155723185672e-01,8.676826752811476240e+01
4.126972144321566782e-01,2.372444338297176325e-01,2.520722109440749481e-01,4.384907903341667135e-01,8.164617714458590747e-01,8.674543161533354407e+01
4.149276433917342133e-01,2.373884298613708754e-01,2.522252067277066523e-01,4.408606211037175981e-01,8.185716333031343162e-01,8.678472461014344219e+01
4.151091227111303184e-01,2.381771327854819986e-01,2.530632035845746253e-01,4.410534428805759632e-01,8.209505869649649235e-01,8.686385571690361473e+01
4.145328159891394915e-01,2.392244397177948345e-01,2.541759672001568937e-01,4.404411169884607791e-01,8.236666483793049220e-01,8.694926958288277774e+01
4.133394234656048161e-01,2.397837059035030360e-01,2.547701875224721024e-01,4.391731374322049852e-01,8.248404659809516204e-01,8.699923238005919757e+01
4.126544871995095343e-01,2.402184721676726142e-01,2.552321266781521492e-01,4.384453926494790710e-01,8.256072182551154048e-01,8.702707202794995567e+01
4.121959441683895609e-01,2.404941274873618473e-01,2.555250104553219992e-01,4.379581906789138945e-01,8.260642648325490223e-01,8.704216230739804416e+01
4.119568602456710749e-01,2.406216326131171979e-01,2.556604846514372031e-01,4.377041640110255205e-01,8.263371897523520415e-01,8.705087336625689431e+01
4.127646306186856240e-01,2.401875814027118750e-01,2.551993052403813134e-01,4.385624200323534061e-01,8.265959392273078965e-01,8.705398082614937039e+01
4.138726987666519475e-01,2.395974706528555265e-01,2.545723125686590316e-01,4.397397424395678711e-01,8.268126414684365821e-01,8.705391332416749606e+01
4.151549119104810948e-01,2.389193831339417318e-01,2.538518445798130796e-01,4.411020939048865275e-01,8.270056867533351896e-01,8.705181003122945071e+01
4.182360066912577667e-01,2.388567741960780644e-01,2.537853225833329174e-01,4.443757571094612002e-01,8.266454372308729148e-01,8.703214180658684995e+01
4.232207223757152303e-01,2.394928610831812132e-01,2.544611649008800547e-01,4.496720175241976092e-01,8.256440534991649205e-01,8.699634497428512248e+01
4.288203875565307910e-01,2.402926219074970615e-01,2.553109107767156383e-01,4.556216617788140799e-01,8.243870048264044792e-01,8.695669242102141538e+01
4.347413139726442055e-01,2.411819400206257347e-01,2.562558112719149350e-01,4.619126460959343539e-01,8.229222214947538028e-01,8.691428876044918184e+01
4.407727021447684912e-01,2.421404401812353446e-01,2.572742176925626456e-01,4.683209960288162721e-01,8.212669784730333156e-01,8.686971919957073851e+01
4.467273958579499049e-01,2.431771766749200592e-01,2.583757502171025733e-01,4.746478580990718954e-01,8.194257767708630347e-01,8.682333108390407972e+01
4.514254074282431084e-01,2.441268950974770924e-01,2.593848260410694384e-01,4.796394953925080529e-01,8.171532186590021452e-01,8.677486110537475383e+01
4.533597796351781506e-01,2.448100841885940404e-01,2.601107144503812529e-01,4.816947658623765838e-01,8.142875075344399027e-01,8.672477270649463321e+01
4.542923650900324017e-01,2.455315206674749118e-01,2.608772407091922152e-01,4.826856379081593817e-01,8.111972955854904743e-01,8.667802197970877387e+01
4.542261073270106864e-01,2.463026870844281790e-01,2.616966050272050426e-01,4.826152390349488508e-01,8.079442533162292106e-01,8.663778546668896752e+01
4.529587402323086986e-01,2.465106158013657955e-01,2.619175292889510120e-01,4.812686614968281762e-01,8.036885215692479711e-01,8.658995804575002353e+01
4.464910333930554032e-01,2.476599280323453500e-01,2.631386735343669292e-01,4.743967229801213104e-01,7.988678533375186408e-01,8.654876813557581272e+01
4.383213799955897327e-01,2.469360837189844837e-01,2.623695889514209845e-01,4.657164662453142090e-01,7.958191685760200862e-01,8.650093935682430413e+01
4.304082062647383577e-01,2.442445667272666876e-01,2.595098521477208209e-01,4.573087191562845155e-01,7.932279121807932487e-01,8.646624119802154951e+01
4.217840231247039218e-01,2.410932766059147581e-01,2.561616063937844912e-01,4.481455245699977885e-01,7.903949470273644584e-01,8.645158098428102278e+01
4.120302426345682778e-01,2.364803913126231893e-01,2.512604157696622931e-01,4.377821327992285627e-01,7.881815118646540164e-01,8.639676282615187120e+01
4.086404379233620765e-01,2.298281058872611304e-01,2.441923625052148938e-01,4.341804652935724040e-01,7.859755423429954924e-01,8.629399063521690039e+01
4.076383570345985530e-01,2.213217296905848896e-01,2.351543377962464765e-01,4.331157543492610840e-01,7.838321770242747677e-01,8.619932117577033637e+01
4.017914995754567342e-01,2.127234531918520133e-01,2.260186690163427936e-01,4.269034682989227836e-01,7.820529585876746514e-01,8.615055739942387447e+01
3.945625265574737028e-01,2.040233245451194555e-01,2.167747823291895082e-01,4.192226844673157538e-01,7.808200824274035279e-01,8.613207279237592218e+01
3.886643935251100634e-01,1.955787563983097388e-01,2.078024286732043091e-01,4.129559181204293106e-01,7.794599855719335224e-01,8.608808899735828390e+01
3.818162448993000502e-01,1.869777303330190932e-01,1.986638384788328160e-01,4.056797602055065566e-01,7.770749332313054980e-01,8.599190413600285865e+01
3.747864301866604131e-01,1.783918688421630427e-01,1.895413606447982346e-01,3.982105820733270463e-01,7.742862521101709916e-01,8.591181810290413523e+01
3.641086331506127594e-01,1.697370637502791380e-01,1.803456302346715945e-01,3.868654227225263309e-01,7.713625329812839881e-01,8.587942259678681012e+01
3.543207501751584609e-01,1.600648510264538749e-01,1.700689042156073028e-01,3.764657970611060001e-01,7.675468084449459383e-01,8.583427694511291861e+01
3.439117873054068908e-01,1.498933626569245170e-01,1.592616978229822733e-01,3.654062740119951580e-01,7.626532696567331904e-01,8.579133660767534764e+01
3.362816171792568087e-01,1.382899473540534774e-01,1.469330690636819203e-01,3.572992182529604044e-01,7.571603316872907996e-01,8.574574716124162421e+01
3.333778007267063082e-01,1.285751260880948488e-01,1.366110714686007144e-01,3.542139132721258132e-01,7.541029093358371238e-01,8.559005066487034696e+01
3.265192412664247867e-01,1.171476488927461063e-01,1.244693769485427093e-01,3.469266938455763949e-01,7.499515456408324399e-01,8.539594790539344160e+01
3.186207277643214875e-01,1.073806983728311515e-01,1.140919920211332095e-01,3.385345232495914347e-01,7.477581134464764689e-01,8.525626573151099308e+01
3.096018355611868111e-01,9.750521151400076691e-02,1.035992872336259918e-01,3.289519502837610632e-01,7.458345030109307938e-01,8.519808221818676941e+01
2.978458080199264391e-01,8.828417045003156272e-02,9.380193110315851457e-02,3.164611710211719386e-01,7.434812370815709892e-01,8.517683972445566098e+01
2.871203915868970613e-01,8.045950141578792070e-02,8.548822025427457727e-02,3.050654160610782872e-01,7.414797679723027501e-01,8.527719327931522741e+01
2.737693910596443736e-01,7.156174430391058772e-02,7.603435332290499338e-02,2.908799780008725633e-01,7.360214884517397582e-01,8.528700240274858402e+01
2.622621668472443490e-01,6.435017665491785110e-02,6.837206269585029139e-02,2.786535522751972249e-01,7.321429033036119804e-01,8.534498896392959466e+01
2.473430637995238102e-01,5.605247031898344390e-02,5.955574971391997680e-02,2.628020052869941003e-01,7.255415021835718292e-01,8.539319912831545878e+01
2.331235462175691442e-01,4.923808392615761781e-02,5.231546417154258471e-02,2.476937678561669520e-01,7.192832498241462647e-01,8.544050961727454307e+01
2.191872778581753223e-01,4.494566057388248853e-02,4.775476435975018613e-02,2.328864827243112834e-01,7.133550030946830267e-01,8.549062989878750329e+01
2.075983222839782871e-01,4.373323911620598942e-02,4.646656656096894572e-02,2.205732174267268086e-01,7.084149341065792971e-01,8.548931084698104144e+01
1.978142355515150053e-01,4.519102987684896211e-02,4.801546924415205087e-02,2.101776252734846306e-01,7.045899482781957657e-01,8.549107037500567685e+01
1.940330373511707507e-01,4.398049457742228552e-02,4.672927548851130153e-02,2.061601021856188654e-01,7.015169300328907287e-01,8.557852494256248121e+01
1.889259571281040329e-01,4.450110096330068404e-02,4.728241977350703534e-02,2.007338294486105124e-01,6.974079693574786187e-01,8.567511546396585231e+01
1.832807561100801841e-01,4.695252551447164774e-02,4.988705835912615738e-02,1.947358033669601973e-01,6.933966954668198124e-01,8.578891572308997127e+01
1.785865471468427446e-01,5.114772519300357645e-02,5.434445801756633554e-02,1.897482063435204369e-01,6.902755614576029375e-01,8.592669817289326772e+01
1.743558837211720558e-01,5.890659047452034836e-02,6.258825237917792217e-02,1.852531264537452260e-01,6.862103553965316349e-01,8.611084238084086451e+01
1.731690465891596031e-01,6.948680250394929925e-02,7.382972766044607060e-02,1.839921120009820610e-01,6.814269946765121322e-01,8.630736994196914225e+01
1.799787265667451563e-01,7.944715865282579725e-02,8.441260606862754923e-02,1.912273969771667581e-01,6.770274317087494609e-01,8.637934055117248988e+01
1.897412601348727745e-01,8.741397766406555636e-02,9.287735126806970221e-02,2.016000888933023316e-01,6.778559519055303850e-01,8.630891239744772747e+01
1.977657401098032453e-01,9.310012304628648150e-02,9.891888073667946812e-02,2.101260988666660556e-01,6.751580941764473431e-01,8.642134824000369520e+01
2.050119024538024637e-01,9.615543895790411300e-02,1.021651538927730030e-01,2.178251463571648228e-01,6.726456535118706670e-01,8.658319557346250406e+01
2.112885906379493028e-01,9.789246717680089027e-02,1.040107463753509598e-01,2.244941275528211655e-01,6.712437804054320889e-01,8.669201003533514438e+01
2.141623237242926969e-01,9.911870517819998394e-02,1.053136242518376425e-01,2.275474689570609887e-01,6.717774398610691922e-01,8.672204180148925445e+01
2.149911565916709788e-01,1.002043454072212153e-01,1.064671169951725699e-01,2.284281038786505069e-01,6.726665085548559908e-01,8.667201038222228249e+01
2.147087752816339290e-01,1.008602178514861059e-01,1.071639814672040170e-01,2.281280737367357148e-01,6.743570697011791459e-01,8.654239060383231674e+01
2.127026642501622933e-01,1.012312077023058976e-01,1.075581581836999590e-01,2.259965807657974279e-01,6.790344320582015758e-01,8.639546013356805076e+01
2.110450558848375457e-01,1.018410814102553713e-01,1.082061489983964370e-01,2.242353718776399496e-01,6.819239337176713489e-01,8.621391748968160584e+01
2.097641868259489950e-01,1.029383871199970740e-01,1.093720363149968955e-01,2.228744485025709321e-01,6.849852171366416220e-01,8.605968911845350533e+01
2.089556542236279679e-01,1.041963777133220470e-01,1.107086513204046940e-01,2.220153826126045060e-01,6.873839559477025185e-01,8.599532249918931370e+01
2.084826213680171791e-01,1.050435445155881997e-01,1.116087660478123772e-01,2.215127852035182476e-01,6.889727133035910001e-01,8.596158243137989530e+01
2.082356284768570043e-01,1.055145785505014477e-01,1.121092397099078958e-01,2.212503552566605636e-01,6.898852631021307191e-01,8.594747453264487547e+01
2.080947334027647699e-01,1.057789125377541217e-01,1.123900945713638133e-01,2.211006542404376218e-01,6.904342571624590974e-01,8.594156615209558936e+01
2.080035007311255013e-01,1.059387486342933393e-01,1.125599204239369072e-01,2.210037195268209909e-01,6.907935278324566220e-01,8.593840888613763696e+01
2.079429250582008615e-01,1.060342701660729331e-01,1.126614120514525946e-01,2.209393578743383268e-01,6.910286122041722212e-01,8.593671173275470210e+01
2.079016940951244063e-01,1.060900645657734259e-01,1.127206936011342503e-01,2.208955499760697494e-01,6.911814631783365082e-01,8.593580179893238835e+01
2.078727543859377191e-01,1.061214199085420695e-01,1.127540086528260321e-01,2.208648015350588301e-01,6.912803179127579023e-01,8.593531678202118940e+01
2.078516904747985394e-01,1.061378541804424980e-01,1.127714700667202530e-01,2.208424211294734707e-01,6.913440193512079279e-01,8.593506051950699032e+01
2.078870904333589842e-01,1.077455237329041082e-01,1.144796189662106584e-01,2.208800335854438912e-01,6.918271264808893983e-01,8.593672133123205015e+01
2.060130967567385951e-01,1.105296960168689197e-01,1.174378020179232263e-01,2.188889153040347868e-01,6.925830098687932868e-01,8.593538884518318355e+01
2.040834540670500574e-01,1.131996920673637302e-01,1.202746728215740163e-01,2.168386699462407918e-01,6.906295015541391580e-01,8.591838685549312515e+01
2.030572664428617891e-01,1.152043321854674535e-01,1.224046029470592656e-01,2.157483455955406804e-01,6.868726578238655289e-01,8.587810490795810381e+01
2.020537196834401861e-01,1.172223510707829652e-01,1.245487480127069613e-01,2.146820771636552549e-01,6.824694486803903892e-01,8.582661853102125349e+01
2.020720513541925112e-01,1.193295873451169359e-01,1.267876865541867903e-01,2.147015545638295830e-01,6.796396446731810537e-01,8.581077813139680188e+01
2.035864202609246887e-01,1.227042908476989325e-01,1.303733090256803118e-01,2.163105715272325980e-01,6.779079527682544404e-01,8.580099280862641820e+01
2.033736558688044038e-01,1.295562015540424605e-01,1.376534641511701906e-01,2.160845093606046929e-01,6.774311794698274491e-01,8.577574420629774465e+01
2.014919791128860771e-01,1.359068896741237875e-01,1.444010702787564826e-01,2.140852278074413251e-01,6.791286036398668235e-01,8.577418437668320905e+01
1.964364307540892030e-01,1.439376330364274259e-01,1.529337351012044766e-01,2.087137076762198284e-01,6.817999543914579075e-01,8.579570607093187107e+01
1.892348840553686740e-01,1.532787939286213430e-01,1.628587185491603140e-01,2.010620643088292803e-01,6.844991005814587970e-01,8.579914137706880695e+01
1.810308724623641841e-01,1.607159886891401379e-01,1.707607379822114191e-01,1.923453019912620410e-01,6.875573207134987319e-01,8.578087910790040382e+01
1.734644142659601818e-01,1.682143932596898428e-01,1.787277928384206349e-01,1.843059401575826983e-01,6.905277421753209799e-01,8.578172194136735129e+01
1.662311896614976081e-01,1.758401273763937900e-01,1.868301353374184071e-01,1.766206390153413075e-01,6.937551600982629907e-01,8.579967644448038300e+01
1.614389152243025649e-01,1.843047522180852327e-01,1.958237992317155285e-01,1.715288474258215567e-01,6.966986651912091544e-01,8.584768674115703391e+01
1.601650883950408444e-01,1.935949388485144473e-01,2.056946225265466888e-01,1.701754064197308625e-01,6.989365776731847335e-01,8.589577693053136898e+01
1.627733468464128697e-01,2.038490038119941394e-01,2.165895665502438061e-01,1.729466810243139030e-01,7.007936261022135183e-01,8.596255326612929082e+01
1.689125212560100286e-01,2.138243559792448734e-01,2.271883782279477126e-01,1.794695538345108254e-01,7.026530324922670712e-01,8.604455382979379863e+01
1.798766778727803883e-01,2.227377381055657968e-01,2.366588467371637527e-01,1.911189702398291557e-01,7.043818286558891639e-01,8.616236044421854956e+01
1.956925468553557257e-01,2.299589865507578046e-01,2.443314232101802264e-01,2.079233310338156615e-01,7.055850422516992682e-01,8.632533158373215088e+01
2.158781759915907594e-01,2.364978316910526512e-01,2.512789461717436224e-01,2.293705619910650917e-01,7.087547178043458462e-01,8.646528482879948285e+01
2.401989559457884948e-01,2.381958416970332004e-01,2.530830818030979645e-01,2.552113906924000641e-01,7.107452702001251232e-01,8.657989986676376759e+01
2.676419408236220820e-01,2.397687479160150736e-01,2.547542946607659897e-01,2.843695621250983963e-01,7.130609105969656358e-01,8.665551286961981248e+01
2.941271067358048885e-01,2.417904603856663170e-01,2.569023641597705798e-01,3.125100509067925691e-01,7.137910266762516054e-01,8.672684777465410377e+01
3.169151401353697550e-01,2.452086334077450691e-01,2.605341729957292851e-01,3.367223363938300351e-01,7.135202035249303965e-01,8.678981981975947235e+01
3.365431743885157201e-01,2.473986747897615190e-01,2.628610919641216626e-01,3.575771227877980740e-01,7.132515361451362557e-01,8.687606395783478774e+01
3.500005257894655553e-01,2.513312285366601229e-01,2.670394303202014985e-01,3.718755586513072253e-01,7.136540414922354358e-01,8.698218729417297368e+01
3.634804928795741796e-01,2.550176311658959305e-01,2.709562331137645441e-01,3.861980236845477532e-01,7.154661463191396287e-01,8.707828313353772387e+01
3.747084226285645747e-01,2.583363320440246746e-01,2.744823527967761856e-01,3.981276990428496698e-01,7.177898931017820949e-01,8.716281441960498455e+01
3.816782383584552685e-01,2.609541986042784867e-01,2.772638360170460170e-01,4.055331282558590766e-01,7.200434753079781869e-01,8.727867230307596458e+01
3.874041639843586737e-01,2.626536661237969805e-01,2.790695202565343647e-01,4.116169242333810319e-01,7.214012493778271251e-01,8.743246309108943137e+01
3.949804493731765564e-01,2.624528232066959954e-01,2.788561246571145125e-01,4.196667274590000773e-01,7.230252997369532864e-01,8.757674171093981386e+01
4.004308061123326712e-01,2.616661511654709282e-01,2.780202856133129896e-01,4.254577314943537303e-01,7.267643412825104399e-01,8.770588191979334169e+01
4.032474332770320524e-01,2.598801199146571483e-01,2.761226274093232513e-01,4.284503978568466875e-01,7.317514734301212576e-01,8.783548694925887901e+01
4.032330306747934356e-01,2.584317021107595536e-01,2.745836834926820846e-01,4.284350950919681988e-01,7.375989166113153805e-01,8.797834254517124464e+01
4.033417859992239896e-01,2.568727560589120773e-01,2.729273033125942383e-01,4.285506476241753848e-01,7.435243561390170175e-01,8.807654964015533494e+01
4.037703360841192746e-01,2.539106638050021569e-01,2.697800802928149722e-01,4.290059820893766807e-01,7.473689947701731562e-01,8.814271160538011429e+01
4.121720845421841806e-01,2.497301723242411065e-01,2.653383080945060923e-01,4.379328398260712851e-01,7.500643951143171062e-01,8.810830290044346214e+01
4.245550988247454582e-01,2.456659156073764116e-01,2.610200353328374079e-01,4.510897925012922194e-01,7.533706916543300158e-01,8.804110831793981617e+01
4.324393500024652504e-01,2.434098712374621054e-01,2.586229881898035043e-01,4.594668093776193007e-01,7.575833073165947340e-01,8.797643164153745943e+01
4.378754093702291739e-01,2.420269637401004925e-01,2.571536489738568410e-01,4.652426224558685597e-01,7.632162902344420408e-01,8.792640565716143897e+01
4.366202621583387122e-01,2.407994503506594164e-01,2.558494159975756022e-01,4.639090285432350136e-01,7.708403350300824242e-01,8.786007613029374852e+01
4.336407821921597350e-01,2.401638877717761078e-01,2.551741307575121076e-01,4.607433310791695380e-01,7.766001982275428928e-01,8.778156242483041183e+01
4.306980656162662791e-01,2.399626052465828607e-01,2.549602680744942895e-01,4.576166947172831123e-01,7.814452206815022395e-01,8.773086358337536694e+01
4.285653108516391252e-01,2.401482955655151463e-01,2.551575640383598742e-01,4.553506427798664769e-01,7.867896136479669567e-01,8.769847925475508532e+01
4.265925852908589166e-01,2.406459782423266136e-01,2.556863518824721293e-01,4.532546218715374775e-01,7.917872623428773293e-01,8.767364864176420269e+01
4.245070677136610349e-01,2.413006585843397722e-01,2.563819497458609820e-01,4.510387594457651583e-01,7.959782943858969562e-01,8.766597830049961715e+01
4.220453026016792730e-01,2.426351394003214423e-01,2.577998356128415325e-01,4.484231340142841304e-01,7.997312421691129547e-01,8.765550788910962865e+01
4.170053301788093636e-01,2.448369810765579357e-01,2.601392923938428692e-01,4.430681633149854415e-01,8.032134352655626586e-01,8.765001135849844616e+01
4.118813433756843279e-01,2.467510473782600078e-01,2.621729878394013502e-01,4.376239273366645532e-01,8.065929368811781686e-01,8.764009825962699551e+01
4.094572639607760856e-01,2.475863063397041874e-01,2.630604504859357928e-01,4.350483429583245076e-01,8.092867530069649540e-01,8.762555721137611897e+01
4.080767413349629114e-01,2.472425650081688797e-01,2.626952253211793931e-01,4.335815376683980205e-01,8.114972868161550723e-01,8.762787582841821177e+01
4.088063449834090091e-01,2.475106979234045768e-01,2.629801165436174704e-01,4.343567415448720270e-01,8.156146076551815671e-01,8.766382885018447269e+01
4.108866809769671780e-01,2.477532584347857669e-01,2.632378370869599693e-01,4.365670985380273317e-01,8.204973401119270981e-01,8.771874603402335424e+01
4.129369997721779595e-01,2.477253293785239563e-01,2.632081624646817608e-01,4.387455622579390369e-01,8.236219875390113909e-01,8.775469075732820556e+01
4.180163726741214503e-01,2.485112299322290996e-01,2.640431818029935207e-01,4.441423959662533782e-01,8.244969030000576238e-01,8.774519440492474587e+01
4.244229503118376323e-01,2.494393036896131732e-01,2.650292601702140538e-01,4.509493847063276162e-01,8.243037981967894501e-01,8.772190809953106339e+01
4.320493502532664065e-01,2.503983126774469992e-01,2.660482072197875025e-01,4.590524346440957304e-01,8.232298159893135514e-01,8.770075150988550661e+01
4.403014527728240646e-01,2.513107793219127584e-01,2.670177030295323717e-01,4.678202935711258115e-01,8.215590267750364495e-01,8.767675572798557937e+01
4.479467107031911421e-01,2.519434013818823703e-01,2.676898639682501191e-01,4.759433801221402138e-01,8.196035868922599832e-01,8.765334814965007126e+01
4.531594702718489409e-01,2.520486353707154237e-01,2.678016750813851377e-01,4.814819371638397461e-01,8.174338840385302341e-01,8.763041146493888789e+01
4.575918541310571852e-01,2.520384306226195470e-01,2.677908325365333519e-01,4.861913450142481552e-01,8.151111391739156442e-01,8.760915713764849500e+01
4.615061109538008965e-01,2.513755177127282026e-01,2.670864875697737117e-01,4.903502428884133901e-01,8.129632807875075695e-01,8.756493892557483605e+01
4.651315347288305646e-01,2.498758323034784012e-01,2.654930718224458586e-01,4.942022556493823604e-01,8.110010407954589828e-01,8.750355061400784962e+01
4.687503078272813872e-01,2.476480290358121505e-01,2.631260308505504741e-01,4.980472020664867272e-01,8.081221148685414635e-01,8.742157741742826715e+01
4.709768662074692580e-01,2.445863939280884802e-01,2.598730435485940293e-01,5.004129203454363850e-01,8.049917335226796089e-01,8.733767131551933005e+01
4.703917679465920432e-01,2.418147223578154814e-01,2.569281425051789802e-01,4.997912534432538689e-01,8.017234361952212396e-01,8.724843261199748667e+01
4.689639315096202354e-01,2.379413018155792092e-01,2.528126331790528925e-01,4.982741772289717708e-01,7.983792934222315729e-01,8.716229783489617944e+01
4.662169063246385803e-01,2.343281623539396341e-01,2.489736725010609220e-01,4.953554629699286060e-01,7.947104151881047018e-01,8.706368166265907860e+01
4.577200875294716864e-01,2.313511731280747941e-01,2.458106214485795971e-01,4.863275930000637293e-01,7.923377397524823396e-01,8.698450976770702425e+01
4.421695792342757447e-01,2.273400813427522704e-01,2.415488364266743515e-01,4.698051779364179614e-01,7.916435118476446986e-01,8.690196705781268349e+01
4.253967056012085135e-01,2.213193140728157149e-01,2.351517712023666329e-01,4.519839997012842225e-01,7.918715418454275179e-01,8.685453914460070735e+01
4.098109495644206013e-01,2.149638387599862588e-01,2.283990786824854624e-01,4.354241339121966980e-01,7.917318930755546935e-01,8.676950698312721499e+01
3.953042820736615282e-01,2.072921393750497554e-01,2.202478980859905178e-01,4.200107997032649365e-01,7.917261839596799744e-01,8.663504214174787421e+01
3.838431843484617634e-01,1.973136267930460097e-01,2.096457284676114252e-01,4.078333833702406652e-01,7.918751322335845222e-01,8.649187873000376214e+01
3.726094266032388136e-01,1.890435358008183131e-01,2.008587567883693970e-01,3.958975157659412880e-01,7.907062789918731793e-01,8.635737503780471513e+01
3.628905703135843486e-01,1.811625123993765851e-01,1.924851694243377709e-01,3.855712309581833530e-01,7.887255949096859675e-01,8.623541118980963915e+01
3.547324691485019832e-01,1.726371285112128229e-01,1.834269490431636174e-01,3.769032484702831698e-01,7.867352368784876759e-01,8.613060297651776409e+01
3.442191936473206759e-01,1.637422465087860213e-01,1.739761369155852500e-01,3.657328932502778573e-01,7.831469992252454437e-01,8.601748413080255773e+01
3.350208575745935446e-01,1.545580838450534567e-01,1.642179640853693723e-01,3.559596611730057036e-01,7.784637511542858990e-01,8.584294027565171348e+01
3.260436261085054577e-01,1.448355035037978134e-01,1.538877224727851767e-01,3.464213527402872361e-01,7.732660749107395093e-01,8.570112467268300804e+01
3.155223337577504061e-01,1.346218046231821286e-01,1.430356674121310845e-01,3.352424796176096122e-01,7.677139306380889039e-01,8.559416539645002331e+01
3.015780485275917355e-01,1.232178065242282849e-01,1.309189194319926308e-01,3.204266765605662814e-01,7.619351887200365159e-01,8.548400806355917325e+01
2.862033561403500848e-01,1.116017395154724617e-01,1.185768482351895192e-01,3.040910658991219928e-01,7.556601653392993612e-01,8.536054739964870919e+01
2.712316602502429230e-01,1.000667360865247907e-01,1.063209070919325372e-01,2.881836390158833416e-01,7.489659253184534071e-01,8.521339161484776525e+01
2.560437739589137562e-01,8.939432725488923037e-02,9.498147270831980293e-02,2.720465098313459840e-01,7.415352069654561618e-01,8.505549251121146881e+01
2.387983517558532331e-01,7.934360122865877218e-02,8.430257630544994718e-02,2.537232487405939874e-01,7.329678934569208160e-01,8.488760615398985010e+01
2.189600272425703542e-01,6.988423885166525351e-02,7.425200377989439604e-02,2.326450289452311193e-01,7.229272756168823033e-01,8.472848568746380238e+01
2.043834761240089781e-01,6.205197419415504206e-02,6.593022258128977686e-02,2.171574433817596017e-01,7.140661011737980957e-01,8.461701814052464954e+01
1.955041578617102982e-01,5.550275370754981924e-02,5.897167581427160965e-02,2.077231677280672595e-01,7.065944575863694066e-01,8.457346443734061836e+01
1.886878826177221802e-01,5.360213639634342497e-02,5.695226992111485087e-02,2.004808752813299344e-01,7.004524827863131131e-01,8.453289072272309568e+01
1.831800135496177984e-01,5.555355513951430735e-02,5.902565233573392467e-02,1.946287643964690339e-01,6.963948452060968464e-01,8.446315343491976080e+01
1.786802117281715285e-01,5.934623470375881282e-02,6.305537437274368051e-02,1.898477249611822681e-01,6.919737833627805923e-01,8.439478755483000327e+01
1.754025469512187352e-01,6.413044400593785610e-02,6.813859675630891399e-02,1.863652061356700085e-01,6.887672036910655882e-01,8.441127074587325296e+01
1.733501818421428198e-01,6.912745064290634622e-02,7.344791630808804317e-02,1.841845682072766888e-01,6.851716570585019150e-01,8.447584630203887457e+01
1.747293373330805755e-01,7.626444441402341345e-02,8.103097218989994965e-02,1.856499209163980368e-01,6.796599972758636810e-01,8.458273538337473951e+01
1.815529021611241023e-01,8.395476464189161048e-02,8.920193743200965919e-02,1.928999585461942390e-01,6.736390513145453784e-01,8.474209202626481385e+01
1.895256094358457044e-01,9.000139285031838465e-02,9.562647990346331839e-02,2.013709600255861876e-01,6.693897696457422608e-01,8.488830210454796088e+01
1.967730090267452436e-01,9.407257163278276435e-02,9.995210735983166284e-02,2.090713220909166670e-01,6.659397607064836411e-01,8.500989309731767207e+01
2.008422542546640932e-01,9.459127415651369386e-02,1.005032287912959454e-01,2.133948951455806320e-01,6.633936445719436081e-01,8.521332742527724236e+01
2.023676693959234330e-01,9.498061130249262074e-02,1.009168995088984833e-01,2.150156487331687516e-01,6.612738844520364978e-01,8.546593138436358572e+01
2.030284485359758473e-01,9.493300006364879806e-02,1.008663125676268341e-01,2.157177265694740220e-01,6.593626287406224584e-01,8.577855132130009963e+01
2.040832625450129667e-01,9.464073269436305835e-02,1.005557784877607191e-01,2.168384664540763396e-01,6.579806278778245199e-01,8.606568174299427199e+01
2.059697533843424799e-01,9.487203773250833805e-02,1.008015400907900927e-01,2.188428629708639717e-01,6.574496265679723450e-01,8.619197547273552118e+01
2.083884966971363550e-01,9.508536218751080515e-02,1.010281973242302678e-01,2.214127777407075004e-01,6.571875024208062577e-01,8.621646379383628300e+01
2.091002727554860940e-01,9.407302504532021048e-02,9.995258911065281471e-02,2.221690398027039715e-01,6.594997404477667136e-01,8.618604968444033432e+01
2.082843506599045269e-01,9.243692228722134863e-02,9.821422993017270286e-02,2.213021225761486466e-01,6.700277362823199301e-01,8.616230096725101362e+01
2.082098247819567649e-01,9.278522127885531490e-02,9.858429760878369141e-02,2.212229388308290801e-01,6.782723744118183129e-01,8.612618467042804582e+01
2.084006527592127123e-01,9.362865695357096285e-02,9.948044801316920094e-02,2.214256935566634721e-01,6.825977149103726882e-01,8.610508768469024687e+01
2.085484586345681957e-01,9.435428707401331827e-02,1.002514300161391897e-01,2.215827372992288657e-01,6.851948525541446955e-01,8.609314853269724210e+01
2.086372428732431172e-01,9.488068661262863412e-02,1.008107295259178804e-01,2.216770705528207375e-01,6.867933848505445305e-01,8.608560106731728467e+01
2.087053884621611066e-01,9.518561573572814627e-02,1.011347167192111485e-01,2.217494752410462677e-01,6.876963201331729447e-01,8.608429010538952753e+01
2.087524999453755081e-01,9.534685609709270260e-02,1.013060346031609688e-01,2.217995311919613299e-01,6.881696345903230982e-01,8.608402202554431426e+01
2.087818775125593052e-01,9.542699748331195941e-02,1.013911848260190957e-01,2.218307448570941698e-01,6.883863076098278855e-01,8.608296822468614096e+01
2.087973392807206396e-01,9.547448206786302016e-02,1.014416371971044450e-01,2.218471729857656727e-01,6.885163381114136616e-01,8.608235766659490196e+01
2.092166185366478304e-01,9.579648862055477332e-02,1.017837691593395238e-01,2.222926571951883701e-01,6.885807856945048711e-01,8.607783907557137582e+01
2.099647408658981418e-01,9.632321169997822008e-02,1.023434124312270072e-01,2.230875371700167809e-01,6.886241054627353364e-01,8.607200876804061807e+01
2.107078837182483344e-01,9.688695830416881039e-02,1.029423931981794660e-01,2.238771264506389802e-01,6.886303080920623820e-01,8.606445946603295738e+01
2.114020737570951047e-01,9.757383721398493748e-02,1.036722020398589406e-01,2.246147033669133875e-01,6.885813243847803689e-01,8.605668086149188412e+01
2.122069519500342782e-01,9.838823138548619118e-02,1.045374958470791094e-01,2.254698864469114605e-01,6.884790277602105268e-01,8.605054795875017248e+01
2.114236553231702287e-01,1.011262179508023579e-01,1.074466065727276154e-01,2.246376337808684565e-01,6.895725034179026602e-01,8.605761302417113257e+01
2.087782166509793425e-01,1.049117307131360310e-01,1.114687138827070156e-01,2.218268551916653675e-01,6.904217631116630338e-01,8.606160817325287837e+01
2.057248966216393693e-01,1.078390975872890456e-01,1.145790411864945901e-01,2.185827026604917345e-01,6.884748398438355066e-01,8.607129886162368848e+01
2.041113389520272658e-01,1.106056020857217881e-01,1.175184522160795247e-01,2.168682976365288451e-01,6.853615578793929020e-01,8.609169642676245360e+01
2.047857590569647779e-01,1.131663189245489115e-01,1.202392138573333547e-01,2.175848689980250661e-01,6.815065569816410873e-01,8.612494187211673591e+01
2.059326156142563258e-01,1.158289161648022314e-01,1.230682234251025825e-01,2.188034040901473409e-01,6.781656137902289938e-01,8.615680118504967311e+01
2.079086246591902720e-01,1.193551658718779440e-01,1.268148637388703259e-01,2.209029137003896692e-01,6.769022848938586190e-01,8.617206373882851267e+01
2.094135886745716046e-01,1.239297191303841000e-01,1.316753265760331193e-01,2.225019379667321773e-01,6.766453274587961308e-01,8.618409946292524637e+01
2.091564924630808786e-01,1.301737720207738203e-01,1.383096327720722551e-01,2.222287732420233641e-01,6.768726440168864045e-01,8.619290123727695629e+01
2.087435256358712299e-01,1.369510759630863383e-01,1.455105182107793715e-01,2.217899959881132199e-01,6.779743576345217404e-01,8.623380118364204350e+01
2.041367146440962732e-01,1.463014571029450095e-01,1.554452981718791316e-01,2.168952593093521619e-01,6.806910523864603269e-01,8.634639588347053518e+01
1.976049820789664568e-01,1.563286020635075435e-01,1.660991396924769437e-01,2.099552934589018760e-01,6.846889790863756042e-01,8.645274084220523036e+01
1.903869392405440619e-01,1.644782583646147711e-01,1.747581495124030937e-01,2.022861229430779340e-01,6.890991375351579462e-01,8.652255688891285956e+01
1.834242159400936156e-01,1.726041534929097787e-01,1.833919130862166069e-01,1.948882294363494527e-01,6.934152790290174506e-01,8.657546624653203082e+01
1.767189090041607902e-01,1.812539548095399022e-01,1.925823269851360542e-01,1.877638408169206574e-01,6.973851685569076864e-01,8.662381617059854477e+01
1.717158516854805916e-01,1.900087874568819890e-01,2.018843366729371758e-01,1.824480924158231043e-01,7.012149081369908332e-01,8.669933957169189398e+01
1.694523729927152333e-01,1.986490008911239447e-01,2.110645634468192866e-01,1.800431463047598990e-01,7.047873967002233897e-01,8.679024770918353227e+01
1.713722693637216299e-01,2.069639455413320173e-01,2.198991921376652059e-01,1.820830361989543844e-01,7.087310789921387189e-01,8.688288016653145007e+01
1.781227555758521375e-01,2.150761260697959254e-01,2.285183839491582436e-01,1.892554277993429845e-01,7.130119020702713195e-01,8.697104663424666171e+01
1.889004874196698047e-01,2.224175702822772938e-01,2.363186684249197200e-01,2.007067678833992230e-01,7.174034882006511404e-01,8.704203210712368843e+01
2.021552392821207023e-01,2.283097729151096766e-01,2.425791337223043020e-01,2.147899417372530484e-01,7.213628945708052687e-01,8.707365404505837603e+01
2.169524951101874100e-01,2.338479862170313728e-01,2.484634853555958978e-01,2.305120260545743816e-01,7.250576038174663118e-01,8.710227390432214634e+01
2.334208497716083741e-01,2.399588470488403236e-01,2.549562749893929947e-01,2.480096528823338420e-01,7.286571209445186215e-01,8.711975801210441261e+01
2.507134978056971275e-01,2.452264088791749896e-01,2.605530594341235462e-01,2.663830914185533194e-01,7.319289783582521025e-01,8.714977935136681708e+01
2.719089118953181283e-01,2.476284119215114987e-01,2.631051876666061773e-01,2.889032188887754038e-01,7.353362964883509711e-01,8.717235188170496940e+01
2.970214101771047055e-01,2.471791702095261500e-01,2.626278683476216402e-01,3.155852483131737496e-01,7.390563848799734936e-01,8.719948452191565025e+01
3.217397983966435726e-01,2.466512381114616403e-01,2.620669404934279911e-01,3.418485357964338722e-01,7.434111403322192224e-01,8.721446292966436431e+01
3.474720229569507879e-01,2.468923190412025959e-01,2.623230889812778188e-01,3.691890243917603232e-01,7.480289557185116900e-01,8.723938322228596576e+01
3.706987856109815183e-01,2.460401505793468890e-01,2.614176599905561615e-01,3.938674597116679221e-01,7.518603592775756628e-01,8.727212118849936928e+01
3.904375626461944471e-01,2.457758454147840055e-01,2.611368357532080631e-01,4.148399103115818498e-01,7.548548488394399847e-01,8.726749737254242234e+01
4.030751646325586024e-01,2.476554515025824188e-01,2.631339172214938182e-01,4.282673624220937336e-01,7.574564113764508111e-01,8.738663779556186739e+01
4.143899281119871603e-01,2.491488074464440206e-01,2.647206079118467059e-01,4.402892986189863578e-01,7.607262461199042480e-01,8.751897723272425367e+01
4.247534631839572916e-01,2.509057353121197376e-01,2.665873437691271830e-01,4.513005546329546536e-01,7.640105821087072036e-01,8.765631788475594988e+01
4.340776199014704795e-01,2.527872841901756540e-01,2.685864894520616497e-01,4.612074711453125753e-01,7.669819279956464619e-01,8.780388776911250659e+01
4.427559230069036955e-01,2.547187555542576032e-01,2.706386777763986062e-01,4.704281681948353500e-01,7.697503518545366630e-01,8.796153906069189077e+01
4.545871689332136034e-01,2.569526497011558330e-01,2.730121903074781975e-01,4.829988669915392663e-01,7.715987125579660821e-01,8.811273534713208733e+01
4.680514217238521679e-01,2.579088106669190639e-01,2.740281113336016094e-01,4.973046355815929354e-01,7.730061355697770420e-01,8.822546884500104625e+01
4.775279104008525177e-01,2.591666752497834292e-01,2.753645924528949629e-01,5.073734048009059805e-01,7.738499509444008995e-01,8.838064894023311524e+01
4.861031833091922771e-01,2.596916177965618022e-01,2.759223439088470675e-01,5.164846322660169298e-01,7.748630399448184214e-01,8.851146464362847155e+01
4.939413194415060993e-01,2.593611523947703112e-01,2.755712244194434835e-01,5.248126519066002027e-01,7.741043413150109354e-01,8.860803517021952302e+01
4.995305236785361758e-01,2.583546994661930496e-01,2.745018681828301776e-01,5.307511814084446833e-01,7.725176766975381248e-01,8.874408954460125187e+01
5.063370761662842057e-01,2.569873813315172173e-01,2.730490926647371475e-01,5.379831434266769685e-01,7.712776434433001871e-01,8.889615518314464282e+01
5.141886716039552052e-01,2.557132609173531357e-01,2.716953397246877899e-01,5.463254635792024194e-01,7.700966130851688574e-01,8.891090623336410204e+01
5.211935652904501337e-01,2.547350866398611080e-01,2.706560295548524619e-01,5.537681631211031075e-01,7.691440165300245102e-01,8.892235645597652649e+01
5.253382840616469540e-01,2.546159963849574104e-01,2.705294961590172242e-01,5.581719268155004299e-01,7.686397809747098631e-01,8.891750219760461960e+01
5.275952898238461808e-01,2.547176999433971578e-01,2.706375561898595739e-01,5.605699954378363659e-01,7.691044522717520593e-01,8.889506135556143818e+01
5.290761811336817111e-01,2.552643191874869322e-01,2.712183391367049001e-01,5.621434424545371789e-01,7.694637130990754637e-01,8.887568577837146222e+01
5.301904262203159801e-01,2.562787331283845615e-01,2.722961539489087146e-01,5.633273278590853472e-01,7.700858954949890700e-01,8.886733401374830521e+01
5.312723421902538767e-01,2.575297940932467777e-01,2.736254062240748297e-01,5.644768635771444387e-01,7.705881051485713451e-01,8.886310968390836251e+01
5.327143431890112302e-01,2.587633936684994862e-01,2.749361057727808255e-01,5.660089896383243557e-01,7.710728468800723823e-01,8.885907148441611980e+01
5.335695853223274554e-01,2.596568166681066381e-01,2.758853677098632717e-01,5.669176844049730324e-01,7.715912697122594421e-01,8.886581637545670276e+01
5.338184062484832015e-01,2.601704000907776870e-01,2.764310500964512474e-01,5.671820566390136653e-01,7.720160687716057790e-01,8.888453279688157238e+01
5.340127249306700907e-01,2.604804384399945216e-01,2.767604658424940300e-01,5.673885202388373461e-01,7.722231838574733498e-01,8.889372269765256362e+01
5.341101660708772458e-01,2.606705017959434767e-01,2.769624081581900099e-01,5.674920514503071223e-01,7.723288353938199124e-01,8.889872790795541846e+01
5.341566400419800464e-01,2.607875382518700103e-01,2.770867593926119588e-01,5.675414300446036675e-01,7.723815888559888432e-01,8.890136204765227035e+01
5.364555193100869479e-01,2.598051117290656742e-01,2.760429312121322476e-01,5.699839892669674724e-01,7.725615734510498100e-01,8.890299232271071617e+01
5.403052486156953993e-01,2.581163766398847925e-01,2.742486501798776510e-01,5.740743266541761258e-01,7.727880707863367116e-01,8.890455725343564097e+01
5.444930739564861621e-01,2.563316130282741190e-01,2.723523388425412861e-01,5.785238910787666722e-01,7.729548078620545049e-01,8.890630255790560454e+01
5.490638592271597229e-01,2.544490305256170704e-01,2.703520949334681789e-01,5.833803504288572750e-01,7.730493803699514110e-01,8.890879133233354992e+01
5.529139456482642379e-01,2.515946827630867744e-01,2.673193504357797567e-01,5.874710672512806209e-01,7.737240223476795631e-01,8.889307422940476044e+01
5.521464853801163475e-01,2.486989438346035031e-01,2.642426278242662741e-01,5.866556407163738829e-01,7.750578853472610552e-01,8.885905441506100999e+01
5.516292964113830299e-01,2.446745722400804901e-01,2.599667330050855485e-01,5.861061274370945595e-01,7.764228360209797231e-01,8.879239697435714618e+01
5.513943076224213646e-01,2.405346081956593329e-01,2.555680212078880742e-01,5.858564518488226236e-01,7.775662028593951502e-01,8.872889851589251009e+01
5.500261667883798999e-01,2.367404832217102351e-01,2.515367634230671334e-01,5.844028022126537270e-01,7.782372206376620971e-01,8.868565066643748196e+01
5.480663103450491569e-01,2.325165686225040829e-01,2.470488541614106470e-01,5.823204547416145349e-01,7.771324410997118015e-01,8.862836298773720500e+01
5.438636761447848134e-01,2.273376611019255755e-01,2.415462649207959500e-01,5.778551559038337393e-01,7.739859536197774004e-01,8.855070352504219500e+01
5.400845294711664746e-01,2.209584572378669454e-01,2.347683608152337509e-01,5.738398125631138935e-01,7.698281153683341760e-01,8.845118285715368245e+01
5.362798313230472402e-01,2.136548406790674537e-01,2.270082682215090741e-01,5.697973207807378593e-01,7.649481584154457225e-01,8.833570470622898085e+01
5.300076150473180814e-01,2.063098899547295972e-01,2.192042580769001381e-01,5.631330909877756419e-01,7.613104610607923650e-01,8.822894218611024542e+01
5.213332244443650287e-01,1.990877113987596092e-01,2.115306933611821316e-01,5.539165509721376557e-01,7.587435360805906415e-01,8.813374556881616684e+01
5.093732155124911509e-01,1.909867996792371792e-01,2.029234746591894734e-01,5.412090414820219797e-01,7.549246202115957871e-01,8.798478640381281934e+01
4.977669266591011610e-01,1.823662415408500992e-01,1.937641316371532252e-01,5.288773595752953582e-01,7.517898530605168217e-01,8.783448980655445837e+01
4.891034533901742476e-01,1.757034032137669843e-01,1.866848659146274625e-01,5.196724192270602005e-01,7.493546379595297235e-01,8.771305405942362654e+01
4.773154777314886910e-01,1.691887184740836214e-01,1.797630133787138929e-01,5.071476950897070290e-01,7.467174465172967679e-01,8.762074123363416334e+01
4.637106212070214450e-01,1.617703554152228607e-01,1.718810026286743398e-01,4.926925350324604103e-01,7.439030960388562930e-01,8.752371536817285858e+01
4.559760607114928255e-01,1.539177550402335837e-01,1.635376147302481653e-01,4.844745645059608807e-01,7.414669046711011013e-01,8.742673307457067722e+01
4.465694544614935979e-01,1.462187479630375486e-01,1.553574197107273902e-01,4.744800453653369443e-01,7.388539104927872581e-01,8.735102040261079992e+01
4.336621373404789814e-01,1.370218090049988013e-01,1.455856720678112837e-01,4.607660209242591676e-01,7.357296448836415648e-01,8.718760779621170798e+01
4.229303164404493165e-01,1.281461816012258170e-01,1.361553179513025069e-01,4.493634612179775445e-01,7.335705039325649546e-01,8.703458263235145864e+01
4.110823850001152358e-01,1.181595030816933178e-01,1.255444720242991086e-01,4.367750340626226357e-01,7.311357347537829066e-01,8.683214658903726502e+01
3.958049005918091168e-01,1.074189383727022218e-01,1.141326220209961384e-01,4.205427068787969125e-01,7.275195600299118048e-01,8.664641513947732676e+01
3.783043986941472259e-01,9.742905720363732869e-02,1.035183732788646921e-01,4.019484236125314136e-01,7.236038558526542985e-01,8.645350719880033807e+01
3.575302403283058816e-01,8.703790653425827473e-02,9.247777569264951925e-02,3.798758803488249125e-01,7.198689554668482593e-01,8.626285665822778981e+01
3.352065688387227405e-01,7.754738648006206936e-02,8.239409813506594349e-02,3.561569793911431026e-01,7.166280678938882209e-01,8.605137062574586082e+01
3.091661740709559791e-01,6.869867377637178807e-02,7.299234088739496584e-02,3.284890599503910158e-01,7.130516247379811157e-01,8.585952298867557886e+01
2.812333327471422395e-01,6.192636264291923737e-02,6.579676030810172049e-02,2.988104160438385670e-01,7.090876728186029654e-01,8.564119391034483897e+01
2.526613686269890691e-01,5.942075960283462605e-02,6.313455707801182704e-02,2.684527041661760594e-01,7.051437278079224491e-01,8.540939912287350921e+01
2.275786999521623166e-01,5.886662488849925268e-02,6.254578894403048372e-02,2.418023686991725707e-01,7.018341373190172261e-01,8.514986408159256825e+01
2.097446531089535715e-01,5.994422408832480315e-02,6.369073809384522000e-02,2.228536939282630969e-01,6.993680994436910492e-01,8.491596037915348916e+01
1.921371424492564484e-01,6.293614009462544789e-02,6.686964885053953145e-02,2.041457138523351256e-01,6.959465064572727400e-01,8.472229992350291639e+01
1.725818806872850830e-01,6.768511666152365880e-02,7.191543645286885278e-02,1.833682482302404215e-01,6.923297942700388230e-01,8.458246349780041839e+01
1.521823427445772314e-01,7.486600949410254779e-02,7.954513508748389805e-02,1.616937391661134038e-01,6.879269837768609008e-01,8.448764560354666742e+01
1.318853338688756593e-01,8.431915818189296419e-02,8.958910556826130134e-02,1.401281672356804175e-01,6.825443404789941493e-01,8.446133381300877829e+01
1.156353317676141884e-01,9.499131905851206092e-02,1.009282764996690812e-01,1.228625400030899234e-01,6.769972923721194746e-01,8.457510540673729338e+01
1.106101243257204964e-01,1.050906057360397050e-01,1.116587685945421432e-01,1.175232570960779988e-01,6.711870332294748165e-01,8.469451564051934156e+01
1.178770974493011520e-01,1.149503826466133083e-01,1.221347815620265620e-01,1.252444160398826778e-01,6.645340715738232706e-01,8.479192541267880756e+01
1.325072889318291980e-01,1.213825600774696561e-01,1.289689700823115071e-01,1.407889944900685697e-01,6.585046818371529387e-01,8.485100190772878648e+01
1.512167856346886552e-01,1.274270343266969974e-01,1.353912239721155597e-01,1.606678347368565851e-01,6.525742681515220855e-01,8.496160886953396130e+01
1.749089910622829980e-01,1.332501554418377143e-01,1.415782901569525576e-01,1.858408030036758918e-01,6.464811473493443650e-01,8.510208837212371691e+01
2.062021410271003274e-01,1.407455895166017101e-01,1.495421888613893968e-01,2.190897748412939661e-01,6.394768864730029367e-01,8.532275092814009554e+01
2.353958580775835085e-01,1.453646266667111553e-01,1.544499158333807465e-01,2.501080992074328768e-01,6.333276911441398926e-01,8.558797056422670835e+01
2.581978721988536507e-01,1.460400581229364947e-01,1.551675617556199094e-01,2.743352392112818339e-01,6.300894026412645621e-01,8.570052577760999668e+01
2.731184422315108273e-01,1.434363175137719493e-01,1.524010873583827308e-01,2.901883448709799973e-01,6.300849892859489154e-01,8.562520586773082698e+01
2.836987271777897113e-01,1.404600671364821529e-01,1.492388213325123725e-01,3.014298976264016550e-01,6.314422278309345105e-01,8.545291405761356884e+01
2.905089831226244645e-01,1.376623089204316586e-01,1.462662032279586355e-01,3.086657945677884207e-01,6.334854344069340559e-01,8.524526124707334418e+01
2.935134132687635122e-01,1.352741758593405119e-01,1.437288118505494205e-01,3.118580015980610409e-01,6.363283673546062946e-01,8.502284963359898029e+01
2.925118028082813182e-01,1.334279675900372497e-01,1.417672155644145171e-01,3.107937904837989596e-01,6.407627824493735691e-01,8.481576660749837515e+01
2.890824728100855889e-01,1.330261588610011370e-01,1.413402937898137202e-01,3.071501273607160631e-01,6.433354548319483168e-01,8.465957482501553955e+01
2.862464107158270155e-01,1.329667480500165699e-01,1.412771698031426992e-01,3.041368113855662525e-01,6.462650934630785882e-01,8.460404309806912693e+01
2.826455464667135820e-01,1.329845282403746554e-01,1.412960612553981199e-01,3.003108931208831600e-01,6.500380579711367846e-01,8.461976814041774730e+01
2.793847311216685059e-01,1.331395960616501284e-01,1.414608208155033187e-01,2.968462768167726140e-01,6.527704291090588029e-01,8.473130424556345019e+01
2.774606245085765588e-01,1.332976561349953903e-01,1.416287596434325502e-01,2.948019135403624480e-01,6.541991829690384508e-01,8.481937192740174680e+01
2.763109992727701969e-01,1.333921701918241720e-01,1.417291808288130284e-01,2.935804367273179283e-01,6.550079173154527146e-01,8.486748697877521863e+01
2.755850281876958130e-01,1.334496497006218141e-01,1.417902528069107937e-01,2.928090924494268776e-01,6.555213912561003164e-01,8.489358907343395799e+01
2.751163866724598561e-01,1.334833565705910441e-01,1.418260663562530832e-01,2.923111608394888261e-01,6.558530939107930502e-01,8.490772779386244906e+01
2.748101582054326975e-01,1.335016269417434454e-01,1.418454786256024280e-01,2.919857930932718837e-01,6.560645891336363000e-01,8.491537466518508381e+01
2.746054571276896339e-01,1.335102624360690049e-01,1.418546538383233524e-01,2.917682981981701840e-01,6.561990097303993519e-01,8.491950730725879737e+01
2.744643174075405145e-01,1.335130380120748972e-01,1.418576028878297812e-01,2.916183372455121159e-01,6.562845734800240027e-01,8.492173952601726228e+01
2.743637561650597578e-01,1.335124650220382014e-01,1.418569940859156220e-01,2.915114909253757047e-01,6.563393272066647688e-01,8.492294466798946928e+01
2.736781252126890829e-01,1.337882247639009536e-01,1.421499888116448396e-01,2.907830080384823934e-01,6.566145674960550682e-01,8.492491636734271765e+01
2.692749394313784794e-01,1.354068501637095134e-01,1.438697782989414309e-01,2.861046231458395095e-01,6.575540857401398487e-01,8.492850247270585839e+01
2.637960896724385607e-01,1.377255097646693793e-01,1.463333541249611514e-01,2.802833452769658562e-01,6.591878046938257629e-01,8.493308684297660704e+01
2.585415020177761480e-01,1.401762374551772661e-01,1.489372522961258938e-01,2.747003458938871434e-01,6.608808355907852539e-01,8.493922174605171449e+01
2.531521068262310714e-01,1.429443650272199939e-01,1.518783878414212141e-01,2.689741135028704266e-01,6.627236111415326647e-01,8.494919929034585948e+01
2.478322842719856145e-01,1.459405279647761067e-01,1.550618109625746532e-01,2.633218020389844760e-01,6.646436765157086590e-01,8.495278936793286562e+01
2.477478954604012684e-01,1.480977732016405535e-01,1.573538840267431071e-01,2.632321389266760736e-01,6.644440827023732066e-01,8.496488949801108959e+01
2.497420726752564712e-01,1.501196107520718359e-01,1.595020864240764835e-01,2.653509522174600788e-01,6.619201659726825504e-01,8.501958962008295373e+01
2.462769128772034910e-01,1.531094741544713478e-01,1.626788162891258660e-01,2.616692199320284629e-01,6.581677702251415019e-01,8.506721800402456779e+01
2.400385740001377000e-01,1.569428285743730278e-01,1.667517553602714253e-01,2.550409848751462039e-01,6.555934734862319813e-01,8.510788414485267595e+01
2.352257657498656174e-01,1.619357853626147148e-01,1.720567719477781865e-01,2.499273761092323243e-01,6.550135334711617574e-01,8.514208643321885006e+01
2.287635964097254337e-01,1.677347928909506680e-01,1.782182174466350189e-01,2.430613211853329403e-01,6.557833063112447070e-01,8.515112772777577277e+01
2.210120339968416059e-01,1.765233682638648327e-01,1.875560787803564888e-01,2.348252861216443277e-01,6.589208008580784703e-01,8.516873986603158642e+01
2.160563942297482054e-01,1.868918198227448868e-01,1.985725585616664179e-01,2.295599188691072601e-01,6.632945995917941540e-01,8.518819034064408413e+01
2.122528797587941440e-01,1.969117134055644036e-01,2.092186954934122378e-01,2.255186847437187780e-01,6.693317760234070990e-01,8.522324804423004707e+01
2.107482435785274777e-01,2.070118305809109105e-01,2.199500699922181113e-01,2.239200088021853774e-01,6.766903632572672800e-01,8.525692990947545979e+01
2.087217507918059656e-01,2.156910882873574464e-01,2.291717813053173458e-01,2.217668602162937708e-01,6.819896432627223781e-01,8.532213436033747200e+01
2.060822841209565826e-01,2.232371822304242137e-01,2.371895061198257271e-01,2.189624268785163586e-01,6.876848045114974939e-01,8.538432431758019447e+01
2.035151665235152285e-01,2.299315390352462685e-01,2.443022602249491915e-01,2.162348644312351020e-01,6.940189659202333772e-01,8.546412338085561089e+01
2.061388532191116563e-01,2.371622512001682614e-01,2.519848919001789200e-01,2.190225315453060151e-01,7.008037573056332681e-01,8.556228769093350195e+01
2.109692203928870136e-01,2.429879939520764587e-01,2.581747435740812668e-01,2.241547966674425352e-01,7.072446833178285264e-01,8.564527794422507156e+01
2.182521517224818297e-01,2.486046886730549632e-01,2.641424817151208915e-01,2.318929112051369423e-01,7.133358326600596211e-01,8.573551658032913281e+01
2.308009462443251503e-01,2.555504279662189071e-01,2.715223297141076686e-01,2.452260053845953247e-01,7.199643792772110196e-01,8.582941856608449882e+01
2.458556052704964634e-01,2.606967293690699572e-01,2.769902749546367948e-01,2.612215805999029139e-01,7.274921696988240205e-01,8.592988813757406774e+01
2.624081215677525614e-01,2.643686034624985193e-01,2.808916411789046941e-01,2.788086291657371762e-01,7.352475426733444674e-01,8.603922280739239170e+01
2.839475346158156221e-01,2.644503054294174427e-01,2.809784495187560571e-01,3.016942555293040673e-01,7.450257666311479454e-01,8.610987278563378311e+01
3.027345057163764452e-01,2.648737866883719705e-01,2.814283983563951597e-01,3.216554123236501361e-01,7.560786656359912428e-01,8.612884262083009901e+01
3.165013684709290787e-01,2.653162748335167187e-01,2.818985420106114859e-01,3.362827040003620871e-01,7.669485970051337365e-01,8.613143041707776604e+01
3.260074216876831521e-01,2.657845462216053001e-01,2.823960803604557146e-01,3.463828855431630993e-01,7.752807812200132043e-01,8.621214859233052152e+01
3.356497183694547304e-01,2.642615571015647924e-01,2.807779044204125052e-01,3.566278257675457031e-01,7.826265218057771866e-01,8.630262289491585648e+01
3.460972426245331190e-01,2.625745307431412989e-01,2.789854389145877689e-01,3.677283202885665014e-01,7.886873127846751874e-01,8.633984985914842980e+01
3.587022973986998542e-01,2.626463539253010016e-01,2.790617510456324668e-01,3.811211909861182967e-01,7.931766360059321341e-01,8.639472497372960902e+01
3.710526435300217085e-01,2.620441879053507783e-01,2.784219496494352297e-01,3.942434337506481867e-01,7.965441525855933014e-01,8.642872979641778386e+01
3.809527900245285870e-01,2.596025831953731045e-01,2.758277446450838610e-01,4.047623394010614328e-01,7.999544758384663501e-01,8.647913844924273974e+01
3.861209967411811106e-01,2.578941332383040130e-01,2.740125165656978057e-01,4.102535590375052110e-01,8.022274713156138937e-01,8.658011957597796027e+01
3.944562412071119795e-01,2.557476628494613768e-01,2.717318917775527476e-01,4.191097562825565337e-01,8.033928646490027248e-01,8.669979349765628740e+01
3.961189487274821563e-01,2.559020347303265219e-01,2.718959119009718428e-01,4.208763830229497183e-01,8.059030603307886231e-01,8.675350060415348707e+01
3.941087613129073408e-01,2.566883474212554583e-01,2.727313691350838898e-01,4.187405588949640878e-01,8.079759200237930372e-01,8.685819017988575297e+01
3.953146231215860507e-01,2.565853188849371858e-01,2.726219013152458848e-01,4.200217870666850817e-01,8.101560140857017034e-01,8.705003411828785431e+01
3.952734579557981576e-01,2.571422037937640126e-01,2.732135915308743224e-01,4.199780490780354314e-01,8.112011211118661524e-01,8.726770938166148994e+01
4.008761393061680556e-01,2.555500664673320266e-01,2.715219456215403060e-01,4.259308980128033717e-01,8.135842595249380693e-01,8.739273362994769911e+01
4.050910683539951096e-01,2.544819776790018251e-01,2.703871012839395571e-01,4.304092601261197970e-01,8.151378699772593439e-01,8.758991737377940012e+01
4.130686878222753489e-01,2.533602195506950983e-01,2.691952332726136321e-01,4.388854808111677386e-01,8.157867587269129750e-01,8.775850661807386643e+01
4.239191821293397111e-01,2.524513406197878007e-01,2.682295494085245036e-01,4.504141310124235020e-01,8.169074643661572432e-01,8.791800276032137162e+01
4.335738227097367670e-01,2.511194299189085100e-01,2.668143942888402953e-01,4.606721866290952594e-01,8.185850203784502677e-01,8.808092714101321974e+01
4.416232018014435434e-01,2.491486637577954300e-01,2.647204552426575819e-01,4.692246519140339522e-01,8.193657911475564770e-01,8.831810393158465899e+01
4.500440889354083707e-01,2.467275664846772798e-01,2.621480393899696115e-01,4.781718444938715118e-01,8.194656387282144294e-01,8.853639975311911314e+01
4.590164577094396625e-01,2.442158834962674385e-01,2.594793762147842298e-01,4.877049863162793431e-01,8.196368295924120195e-01,8.866756644474811822e+01
4.691089552112759908e-01,2.410650482543405526e-01,2.561316137702369100e-01,4.984282649119805564e-01,8.201208220075781874e-01,8.868670690277991753e+01
4.765950548678097864e-01,2.387111596816254011e-01,2.536306071617269731e-01,5.063822457970477142e-01,8.204157206902543686e-01,8.867791807703699192e+01
4.809915444712397625e-01,2.373612807117788104e-01,2.521963607562652254e-01,5.110535160006918209e-01,8.205292824657037798e-01,8.867430550668893829e+01
4.836411487163628786e-01,2.365567034305271765e-01,2.513414973949349984e-01,5.138687205111357459e-01,8.205769628766286239e-01,8.867218619429631588e+01
4.866491772276491656e-01,2.364646061748844064e-01,2.512436440608145638e-01,5.170647508043776375e-01,8.205758330985026827e-01,8.866290439712655314e+01
4.903785723792892792e-01,2.369903088767962851e-01,2.518022031815960737e-01,5.210272331529949286e-01,8.199146704554297616e-01,8.863927168771698462e+01
4.944335636431630987e-01,2.378522193371453153e-01,2.527179830457169651e-01,5.253356613708608513e-01,8.190094775054412857e-01,8.861098983558621001e+01
4.985597893185199636e-01,2.389091030068323795e-01,2.538409219447594900e-01,5.297197761509272462e-01,8.177499268328571880e-01,8.858168453971276790e+01
5.031953361491124932e-01,2.402081899031961731e-01,2.552212017721459669e-01,5.346450446584319893e-01,8.158795492537910254e-01,8.854972936653442162e+01
5.086327015060840839e-01,2.417768158789777577e-01,2.568878668714139057e-01,5.404222453502142143e-01,8.134062557491610335e-01,8.851059629996518652e+01
5.140405354252081116e-01,2.433435564669801376e-01,2.585525287461665211e-01,5.461680688892834867e-01,8.106738327014426648e-01,8.847172413035384864e+01
5.193420711932276168e-01,2.448795334435198978e-01,2.601845042837399591e-01,5.518009506428042110e-01,8.076760134124746360e-01,8.843297144958803813e+01
5.233993582140271661e-01,2.453444458213071000e-01,2.606784736851388562e-01,5.561118181024035101e-01,8.049731488622260400e-01,8.839095508879414353e+01
5.260799632370751766e-01,2.442013639797102620e-01,2.594639492284421256e-01,5.589599609393922641e-01,8.028886320934005560e-01,8.834413832125903809e+01
5.269165710380671053e-01,2.415470745842137612e-01,2.566437667457270866e-01,5.598488567279460426e-01,8.006573525528762891e-01,8.827774762925751872e+01
5.269598167854415705e-01,2.375507443167687582e-01,2.523976658365668091e-01,5.598948053345315090e-01,7.984740313552923796e-01,8.819954358628218927e+01
5.273069203314659781e-01,2.330167597991019135e-01,2.475803072865458421e-01,5.602636028521826850e-01,7.957716127702382236e-01,8.810875442425833626e+01
5.263488473917389276e-01,2.282063789835137024e-01,2.424692776699832741e-01,5.592456503537226453e-01,7.922479518035899781e-01,8.801430118170520700e+01
5.235351288940183201e-01,2.225999558756406871e-01,2.365124531178682821e-01,5.562560744498940002e-01,7.878063855545215377e-01,8.789276389872509299e+01
5.160027857659277295e-01,2.162793168105032193e-01,2.297967741111596740e-01,5.482529598762978518e-01,7.848236716620307085e-01,8.780363313640521028e+01
5.035282470515675124e-01,2.096184286881329073e-01,2.227195804811411828e-01,5.349987624922907248e-01,7.831966038896936988e-01,8.766249499911386067e+01
4.891681796380189517e-01,2.018414467322692807e-01,2.144565371530360587e-01,5.197411908653953860e-01,7.813274470357263191e-01,8.750220050854225917e+01
4.755250171779344392e-01,1.943611919067675942e-01,2.065087664009405410e-01,5.052453307515554215e-01,7.776099599130372741e-01,8.732115632146485495e+01
4.625429078898353197e-01,1.864176083052923871e-01,1.980687088243731631e-01,4.914518396329501937e-01,7.723982162549821728e-01,8.711649372000293567e+01
4.445852187940262934e-01,1.787759566310503923e-01,1.899494539204910071e-01,4.723717949686529471e-01,7.666600063256596709e-01,8.694090742284505779e+01
4.221189974131096534e-01,1.713649922033610717e-01,1.820753042160710988e-01,4.485014347514290622e-01,7.602317200146340159e-01,8.680878170175310515e+01
3.989216402335066802e-01,1.636716908250045455e-01,1.739011715015673643e-01,4.238542427481009067e-01,7.534703405797993359e-01,8.670743121927441166e+01
3.724949109461483387e-01,1.546974419648828036e-01,1.643660320876879355e-01,3.957758428802826689e-01,7.463413830659504367e-01,8.664186779425827467e+01
3.431854824568095208e-01,1.447826609106260265e-01,1.538315772175402329e-01,3.646345751103603483e-01,7.387854783483458476e-01,8.657791114096198726e+01
3.115253158274123302e-01,1.336510523276513429e-01,1.420042430981296455e-01,3.309956480666254586e-01,7.310653769655881540e-01,8.656608060131488003e+01
2.841577303220473305e-01,1.217048163133660904e-01,1.293113673329515101e-01,3.019175884671753685e-01,7.253731298975051311e-01,8.650255242085430041e+01
2.631662825705051723e-01,1.083912374353094982e-01,1.151656897750163860e-01,2.796141752311617212e-01,7.198587338647699507e-01,8.642224046022866446e+01
2.431660507597759868e-01,9.551176388615865986e-02,1.014812491290436464e-01,2.583639289322618993e-01,7.143325592621559972e-01,8.630043625312426059e+01
2.243565170367906869e-01,8.328426996355198231e-02,8.848953683627400202e-02,2.383787993515902592e-01,7.087129605862665382e-01,8.615242908099178010e+01
2.073036536033832922e-01,7.318061397458942852e-02,7.775440234800126693e-02,2.202601319535949231e-01,7.036282884804256899e-01,8.598898887794192092e+01
1.915622816500156533e-01,6.650671343772671107e-02,7.066338302758483347e-02,2.035349242531411806e-01,6.989839734326469545e-01,8.581826436445938100e+01
1.785101986147334396e-01,6.415929866021838346e-02,6.816925482648197865e-02,1.896670860281545468e-01,6.949868425242722303e-01,8.569754385180672784e+01
1.651155880111598862e-01,6.379255131517841404e-02,6.777958577237715165e-02,1.754353122618573790e-01,6.907162908354447239e-01,8.559827749154356979e+01
1.555728540290599315e-01,6.468926524564246050e-02,6.873234432349502321e-02,1.652961574058763317e-01,6.864089602470067053e-01,8.553539393805867519e+01
1.490541797852238115e-01,6.675545516470791918e-02,7.092767111250226908e-02,1.583700660218002876e-01,6.821245165197521443e-01,8.550952294825064826e+01
1.430421407132369260e-01,7.143669805162658482e-02,7.590149167985321688e-02,1.519822745078143744e-01,6.775213231272104730e-01,8.549258501524508347e+01
1.397709075958233904e-01,7.791012126289999229e-02,8.277950384183131727e-02,1.485065893205622656e-01,6.725758122214255952e-01,8.549474977098887507e+01
1.400112634207591189e-01,8.592132846721844963e-02,9.129141149641939457e-02,1.487619673845567425e-01,6.671220818773874184e-01,8.549466209558309515e+01
1.474662535682635944e-01,9.414857954546552998e-02,1.000328657670572496e-01,1.566828944162799164e-01,6.607787891385771273e-01,8.550247690330259331e+01
1.616905017239890219e-01,1.026973739717548378e-01,1.091159598449895213e-01,1.717961580817383704e-01,6.536043706047728330e-01,8.549787371597325603e+01
1.816789522805483947e-01,1.120020700317174572e-01,1.190021994086998824e-01,1.930338867980828099e-01,6.459348483675183550e-01,8.548624066254312481e+01
2.044317493896435078e-01,1.201182607045104683e-01,1.276256519985424775e-01,2.172087337264960727e-01,6.384308690541243836e-01,8.547411323448829990e+01
2.295262238886711104e-01,1.270867091058666132e-01,1.350296284249833945e-01,2.438716128817127737e-01,6.303684043430253237e-01,8.554113620832602294e+01
2.418997119638801874e-01,1.317691240623875548e-01,1.400046943162869539e-01,2.570184439616226557e-01,6.279198123156706224e-01,8.568858923976944197e+01
2.644913730801449203e-01,1.361589467047663593e-01,1.446688808738142984e-01,2.810220838976538738e-01,6.258238138475784584e-01,8.580897183126148775e+01
2.861312064265421062e-01,1.393936361037166893e-01,1.481057383601991906e-01,3.040144068282012446e-01,6.253621931101364106e-01,8.592540696895518693e+01
3.051860680873866860e-01,1.393857545540209408e-01,1.480973642136473034e-01,3.242601973428482776e-01,6.269962402605624430e-01,8.602359019843150634e+01
3.184829140167949046e-01,1.386475832127058994e-01,1.473130571635001551e-01,3.383880961428447076e-01,6.303933495579033819e-01,8.609704224642092640e+01
3.190846567706392412e-01,1.390155001455117556e-01,1.477039689046062421e-01,3.390274478188041729e-01,6.327670600493677799e-01,8.604891855995904848e+01
3.168559011985122020e-01,1.392488206814985197e-01,1.479518719740922084e-01,3.366593950234193500e-01,6.326571165640986205e-01,8.599537371687932819e+01
3.160555106149805504e-01,1.391723400890679252e-01,1.478706113446347781e-01,3.358089800284165816e-01,6.323686546953445342e-01,8.592487168271392761e+01
3.133248731075493065e-01,1.390773002640226796e-01,1.477696315305241370e-01,3.329076776767714296e-01,6.324666918259843618e-01,8.574763958440149736e+01
3.077055440767796912e-01,1.383144952299074082e-01,1.469591511817765761e-01,3.269371405815781895e-01,6.400084159007296547e-01,8.561286916757940446e+01
3.026871215618621713e-01,1.380165187934243864e-01,1.466425512180135893e-01,3.216050666594786889e-01,6.451337290887698694e-01,8.550461397063723723e+01
2.979101153370837807e-01,1.380033928307775049e-01,1.466286048827011579e-01,3.165294975456516835e-01,6.520255050742591596e-01,8.546745009915950675e+01
2.935059306858049943e-01,1.383715763942789390e-01,1.470197999189213345e-01,3.118500513536675012e-01,6.599477009852745546e-01,8.549014603923740196e+01
2.904639417695071280e-01,1.385799043008727749e-01,1.472411483196773840e-01,3.086179381301016322e-01,6.643805012967237689e-01,8.550135446511845316e+01
2.884580322244534867e-01,1.386778928079871187e-01,1.473452611084862529e-01,3.064866592384820065e-01,6.668163938709503746e-01,8.551929595484338620e+01
2.870158164144545609e-01,1.386996027304688295e-01,1.473683279011230862e-01,3.049543049403579120e-01,6.679357343637781774e-01,8.561551218278282249e+01
2.859906165009662993e-01,1.386695408410173747e-01,1.473363871435808825e-01,3.038650300322766618e-01,6.682876982343869399e-01,8.569250446239909991e+01
2.853689288946306135e-01,1.386476752749963848e-01,1.473131549796837247e-01,3.032044869505451379e-01,6.684832422416507880e-01,8.573454822518731078e+01
2.849337764935289119e-01,1.386542898368264831e-01,1.473201829516281869e-01,3.027421375243741775e-01,6.686757076742040340e-01,8.575655720260192538e+01
2.846267390195289515e-01,1.386726809512220937e-01,1.473397235106735648e-01,3.024159102082493167e-01,6.688462066963700714e-01,8.576824846915064882e+01
2.844240817584215986e-01,1.386875865681471975e-01,1.473555607286564095e-01,3.022005868683230179e-01,6.689637626954655358e-01,8.577454951022259877e+01
2.842967143071981617e-01,1.386956398874348573e-01,1.473641173803996174e-01,3.020652589513980191e-01,6.690305294985787743e-01,8.577798925782178685e+01
2.842149423432449584e-01,1.386991829279204391e-01,1.473678818609154006e-01,3.019783762396978100e-01,6.690651354396034423e-01,8.577984973524519319e+01
2.841614497269242534e-01,1.386999940518980901e-01,1.473687436801418005e-01,3.019215403348569637e-01,6.690801866139899357e-01,8.578085898154702704e+01
2.841253622050662342e-01,1.386992197162853768e-01,1.473679209485532771e-01,3.018831973428829918e-01,6.690839893675761818e-01,8.578140945301728948e+01
2.838597425829871290e-01,1.383142211325404380e-01,1.469588599533241391e-01,3.016009764944237448e-01,6.681176050055380733e-01,8.577824914093012865e+01
2.832434768008841308e-01,1.375159374454137107e-01,1.461106835357521005e-01,3.009461941009395902e-01,6.662164595587536375e-01,8.577528706780898915e+01
2.789199189363437692e-01,1.378340940829319017e-01,1.464487249631151733e-01,2.963524138698651611e-01,6.646857228951310592e-01,8.577710102670155834e+01
2.728055112671709526e-01,1.395146878947798319e-01,1.482343558882036061e-01,2.898558557213693487e-01,6.644564215038457622e-01,8.578433153428177604e+01
2.680703186884330624e-01,1.416673700748427023e-01,1.505215807045203746e-01,2.848247136064599450e-01,6.651422373717802428e-01,8.579285797464025620e+01
2.666194222611322218e-01,1.441057756982178917e-01,1.531123866793564769e-01,2.832831361524529856e-01,6.662173595861630160e-01,8.580663089705595326e+01
2.661811740766594214e-01,1.467294173021172765e-01,1.559000058834997260e-01,2.828174974564506838e-01,6.669221551992120522e-01,8.581743167424517083e+01
2.604393162081912183e-01,1.487661698282715661e-01,1.580640554425385702e-01,2.767167734712033811e-01,6.656543332257242040e-01,8.582629827394376321e+01
2.503590789596286670e-01,1.550503920633117816e-01,1.647410415672687645e-01,2.660065213946054552e-01,6.630171921799943302e-01,8.588360904395621276e+01
2.383412872157814888e-01,1.632328799149076470e-01,1.734349349095895276e-01,2.532376176667680001e-01,6.623597077439261627e-01,8.593764722710884030e+01
2.282944990645938699e-01,1.703908856194992494e-01,1.810403159707179577e-01,2.425629052561307786e-01,6.626814850654277889e-01,8.598248289860789839e+01
2.185352581591148147e-01,1.761409232877595987e-01,1.871497309932445563e-01,2.321937117940594542e-01,6.638542510889221537e-01,8.602975572850402841e+01
2.083592675122021565e-01,1.835124969247624027e-01,1.949820279825600911e-01,2.213817217317145536e-01,6.660467940003732545e-01,8.606880517614307280e+01
2.070625653135008126e-01,1.932380729388537277e-01,2.053154524975320805e-01,2.200039756455945961e-01,6.693342071719425856e-01,8.606359705463573562e+01
2.076161516246656236e-01,2.028180943249816848e-01,2.154942252202931008e-01,2.205921611012075789e-01,6.752149566139091785e-01,8.605418817177826440e+01
2.077733872529757553e-01,2.123690450802621088e-01,2.256421103977785947e-01,2.207592239562868874e-01,6.812051632188169670e-01,8.610815219634014284e+01
2.093992585010088781e-01,2.202532917320892403e-01,2.340191224653451196e-01,2.224867121573219642e-01,6.867267411091804163e-01,8.624805820233457609e+01
2.102827612376851618e-01,2.257006869059331455e-01,2.398069798375540851e-01,2.234254338150405417e-01,6.931123031777489674e-01,8.637583636378604979e+01
2.136996035666385019e-01,2.328222490271300849e-01,2.473736395913257446e-01,2.270558287895534932e-01,6.984356263274640320e-01,8.647474599259128070e+01
2.172664846213758494e-01,2.392829077489372069e-01,2.542380894832457772e-01,2.308456399102119250e-01,7.033843648307963603e-01,8.658562033837273475e+01
2.208539400941593178e-01,2.454774848861563941e-01,2.608198276915411618e-01,2.346573113500446117e-01,7.086180370817106722e-01,8.672174318459533993e+01
2.265227770728906465e-01,2.509503167941746771e-01,2.666347115938106915e-01,2.406804506399464749e-01,7.151106400184553680e-01,8.684113274109267877e+01
2.343487189296565298e-01,2.542149161808164859e-01,2.701033484421175856e-01,2.489955138627599207e-01,7.225927940368170876e-01,8.693456004432655959e+01
2.457478135338405090e-01,2.567015016918298143e-01,2.727453455475691846e-01,2.611070518797057316e-01,7.311624538406465978e-01,8.702783532222701979e+01
2.565052210833078661e-01,2.595171829201636249e-01,2.757370068526739937e-01,2.725367974010146632e-01,7.392319702771577017e-01,8.709130789637916337e+01
2.683068152401658080e-01,2.614906696881824089e-01,2.778338365436938684e-01,2.850759911926762369e-01,7.467660983266038999e-01,8.715194530280264473e+01
2.828907615491397243e-01,2.606763444323033085e-01,2.769686159593222063e-01,3.005714341459609917e-01,7.554834901564903005e-01,8.716745442525530052e+01
2.962475096285795417e-01,2.605463540055412697e-01,2.768305011308875296e-01,3.147629789803658151e-01,7.636304153231451286e-01,8.715924766623300002e+01
3.065306178414271554e-01,2.612688467250902646e-01,2.775981496454082986e-01,3.256887814565164740e-01,7.690346588884923174e-01,8.717958366803836157e+01
3.149969008504576728e-01,2.626335553116502242e-01,2.790481525186283562e-01,3.346842071536112462e-01,7.720907910123454565e-01,8.721641768041547493e+01
3.251298095248900677e-01,2.647349950682218456e-01,2.812809322599857387e-01,3.454504226201957073e-01,7.736935477116068105e-01,8.727100771640263588e+01
3.368128263034523284e-01,2.657911215063911703e-01,2.824030666005406531e-01,3.578636279474183279e-01,7.757947346578847325e-01,8.739143813204714206e+01
3.517444329946408099e-01,2.653097273551618951e-01,2.818915853148596384e-01,3.737284600568060999e-01,7.788227039313022626e-01,8.746768602409011351e+01
3.640892430225601273e-01,2.651803991959927886e-01,2.817541741457423865e-01,3.868448207114700832e-01,7.820489945863516867e-01,8.758563166026723934e+01
3.744133567859331824e-01,2.659682123444338520e-01,2.825912256159609504e-01,3.978141915850540444e-01,7.852859257545645733e-01,8.766042485892410241e+01
3.834924421909154946e-01,2.666080729788269377e-01,2.832710775400036907e-01,4.074607198278477060e-01,7.883021433783619081e-01,8.771556090211993251e+01
3.898120989711935103e-01,2.664296127442049023e-01,2.830814635407176705e-01,4.141753551568934655e-01,7.917608606963589812e-01,8.783449130518042125e+01
3.945545167189366542e-01,2.655181299439004494e-01,2.821130130653941026e-01,4.192141740138703443e-01,7.950299184997757784e-01,8.800977846116049363e+01
3.989882128363557157e-01,2.647705600850159824e-01,2.813187200903296548e-01,4.239249761386277848e-01,7.970136252586796921e-01,8.821519357117104221e+01
4.027685688621547300e-01,2.639709160321846437e-01,2.804690982841963054e-01,4.279416044160393451e-01,7.987666763059001473e-01,8.842667368761966884e+01
4.067556873117011973e-01,2.628929942152701815e-01,2.793238063537243909e-01,4.321779177686825846e-01,8.007550493610886555e-01,8.865279358225858175e+01
4.127516830734905828e-01,2.619066486407455874e-01,2.782758141807921137e-01,4.385486632655841710e-01,8.032579943109380283e-01,8.892180612308730758e+01
4.203693912294986235e-01,2.610109792026496511e-01,2.773241654028152925e-01,4.466424781813422284e-01,8.052563594966943850e-01,8.919850740089043484e+01
4.300311475984463505e-01,2.600681607655628835e-01,2.763224208134106297e-01,4.569080943233490566e-01,8.062044431816052237e-01,8.943697119598307665e+01
4.406582075465107495e-01,2.589605582183467369e-01,2.751455931069933802e-01,4.681993455181678310e-01,8.064232419717441980e-01,8.962640343531481335e+01
4.506471149533832765e-01,2.581203758537846116e-01,2.742528993446461394e-01,4.788125596379693705e-01,8.062435338967608445e-01,8.978373492227738950e+01
4.617528895801117916e-01,2.551433529154282787e-01,2.710898124726425773e-01,4.906124451788685947e-01,8.076349797708252121e-01,8.991089794391247381e+01
4.750627097805402710e-01,2.506563572938019235e-01,2.663223796246644848e-01,5.047541291418241594e-01,8.084873756778024889e-01,8.988713512574067011e+01
4.895885762831166388e-01,2.454301983474753701e-01,2.607695857441926779e-01,5.201878623008113767e-01,8.090315027890694344e-01,8.980557865904533799e+01
5.010856871171525118e-01,2.412757241912620587e-01,2.563554569532158767e-01,5.324035425619749740e-01,8.093495494994984440e-01,8.974750498364132056e+01
5.073777147582444469e-01,2.390896784454373258e-01,2.540327833482772246e-01,5.390888219306347873e-01,8.094211016715855411e-01,8.971681502858753277e+01
5.107343236612630344e-01,2.379580768413674940e-01,2.528304566439528722e-01,5.426552188900921614e-01,8.094184273037473565e-01,8.969783019961302273e+01
5.127131466901866386e-01,2.372942954215159495e-01,2.521251888853607293e-01,5.447577183583234284e-01,8.094095360243747095e-01,8.968729565380851909e+01
5.138883670132088355e-01,2.368984487425728203e-01,2.517046017889836840e-01,5.460063899515343877e-01,8.094017575842477052e-01,8.968144224333674686e+01
5.134246849598653739e-01,2.364024843148125887e-01,2.511776395844884657e-01,5.455137277698570708e-01,8.093933938876199941e-01,8.968700618781903700e+01
5.122248987108694029e-01,2.352841034806043008e-01,2.499893599481421425e-01,5.442389548802988308e-01,8.099130991023982817e-01,8.968698724336930184e+01
5.114413154876320533e-01,2.337184585760385402e-01,2.483258622370409785e-01,5.434063977056089456e-01,8.106525214383168976e-01,8.967588537684008543e+01
5.149493965733349388e-01,2.328045379574678608e-01,2.473548215798097583e-01,5.471337338591683030e-01,8.102875222497371022e-01,8.963459794790233559e+01
5.192635321393809233e-01,2.319540163470391325e-01,2.464511423687291147e-01,5.517175028980925156e-01,8.094422776453246149e-01,8.959540588261899074e+01
5.239529056606273549e-01,2.310110457100248427e-01,2.454492360669013051e-01,5.566999622644167589e-01,8.083663929752195054e-01,8.955878036257485064e+01
5.268409744189910260e-01,2.288779798083755423e-01,2.431828535463990415e-01,5.597685353201777847e-01,8.070906859052376925e-01,8.949006458322531898e+01
5.263822414935123151e-01,2.257530027818724361e-01,2.398625654557395293e-01,5.592811315868566613e-01,8.056359705222535528e-01,8.941081372053430698e+01
5.259412225377112504e-01,2.227570098390480868e-01,2.366793229539885524e-01,5.588125489463182660e-01,8.041086575748259690e-01,8.931399903327665868e+01
5.271503983410203986e-01,2.195981695487348173e-01,2.333230551455307833e-01,5.600972982373342290e-01,8.019537027232481741e-01,8.919078120677633592e+01
5.287417362250188546e-01,2.160475433129534217e-01,2.295505147700129811e-01,5.617880947390825330e-01,7.995774424787972512e-01,8.906812563805391392e+01
5.300166851466817652e-01,2.126012050014616794e-01,2.258887803140531003e-01,5.631427279683489662e-01,7.972239290913465393e-01,8.896790817587069000e+01
5.316701169329924870e-01,2.092415660911611519e-01,2.223191639718586632e-01,5.648994992413043370e-01,7.955526445494444099e-01,8.887746644060803192e+01
5.324601690570688328e-01,2.062299174274794533e-01,2.191192872666968827e-01,5.657389296231358777e-01,7.949375445727003830e-01,8.880937233585629542e+01
5.311854843043852803e-01,2.040912702693895020e-01,2.168469746612263493e-01,5.643845770734092770e-01,7.927835732315182682e-01,8.877308596834794230e+01
5.276486458821717518e-01,2.012487733707549464e-01,2.138268217064272503e-01,5.606266862498076042e-01,7.918870744642473314e-01,8.869274953977235043e+01
5.272225532183720809e-01,1.984289676558508575e-01,2.108307781343416454e-01,5.601739627945201416e-01,7.904677543040391496e-01,8.864350629862434516e+01
5.272583946024034240e-01,1.944962656295981807e-01,2.066522822314481311e-01,5.602120442650537768e-01,7.884901349417174909e-01,8.865944242261281261e+01
5.241651992146064698e-01,1.896249735514265455e-01,2.014765343983906942e-01,5.569255241655194366e-01,7.871907331510478167e-01,8.866993592012106262e+01
5.079507939040170950e-01,1.839094331689730133e-01,1.954037727420337434e-01,5.396977185230183993e-01,7.856430038934990590e-01,8.867349747878013488e+01
4.913248056825604282e-01,1.770618185331200578e-01,1.881281821914400909e-01,5.220326060377203925e-01,7.847216113812225391e-01,8.872829084595601046e+01
4.761358767801079916e-01,1.709837528769767023e-01,1.816702374317877844e-01,5.058943690788648695e-01,7.842735957840544225e-01,8.877542971346896650e+01
4.624687250755940560e-01,1.650624030140244169e-01,1.753788032024009291e-01,4.913730203928189932e-01,7.830632032270693488e-01,8.876936935813809271e+01
4.465556165242561271e-01,1.585782285595440100e-01,1.684893678445155418e-01,4.744653425570218852e-01,7.797944009410688881e-01,8.877025890244239292e+01
4.292686756840548012e-01,1.525207139392113775e-01,1.620532585604122222e-01,4.560979679143079002e-01,7.752125325975895986e-01,8.880754113105875547e+01
4.120232686260087984e-01,1.438292893243092174e-01,1.528186199070785400e-01,4.377747229151345842e-01,7.683890419838209640e-01,8.876232668061474840e+01
3.928231051047055833e-01,1.334640974896505183e-01,1.418056035827537087e-01,4.173745491737497204e-01,7.606980670007812417e-01,8.868425702085900753e+01
3.730211983102366680e-01,1.240190313873590772e-01,1.317702208490690030e-01,3.963350232046266020e-01,7.545691552930312573e-01,8.860502146885482944e+01
3.546734775247030735e-01,1.148916547239162422e-01,1.220723831441609813e-01,3.768405698699970885e-01,7.487900848543641574e-01,8.854921456042058026e+01
3.346126165169748257e-01,1.063668920849733801e-01,1.130148228402841765e-01,3.555259050492858841e-01,7.428352820419256153e-01,8.851783844663894740e+01
3.106939425008446443e-01,9.778520468746249028e-02,1.038967799804288994e-01,3.301123139071476253e-01,7.358206649862283344e-01,8.846504198131904673e+01
2.846134993307521954e-01,9.106709280671834716e-02,9.675878610713835315e-02,3.024018430389241452e-01,7.276324840192204269e-01,8.839003813167752810e+01
2.575700591389286642e-01,8.526099958961770586e-02,9.058981206396887753e-02,2.736681878351116537e-01,7.192332462525333758e-01,8.829300403085511562e+01
2.347252490042557871e-01,7.980410296586119834e-02,8.479185940122756227e-02,2.493955770670216732e-01,7.125897044702717009e-01,8.818952396312455733e+01
2.122448322344385185e-01,7.735790399626712999e-02,8.219277299603389153e-02,2.255101342490911931e-01,7.065721399988276197e-01,8.813715567865656908e+01
1.905131146558322330e-01,7.628996649454379553e-02,8.105808940045255984e-02,2.024201843218220442e-01,7.011060601816968552e-01,8.815553962245904529e+01
1.713920024753788351e-01,7.777148518274852595e-02,8.263220300667038776e-02,1.821040026300899950e-01,6.957663178899875511e-01,8.821175371202788540e+01
1.517820737721120861e-01,8.402094694706746525e-02,8.927225613125944204e-02,1.612684533828688260e-01,6.901017120540374750e-01,8.827363960446076874e+01
1.353635609250546379e-01,9.110546266158039974e-02,9.679955407792928401e-02,1.438237834828704487e-01,6.849973742152696277e-01,8.828065986576285695e+01
1.242348960192125595e-01,9.891874963798286124e-02,1.051011714903568040e-01,1.319995770204133723e-01,6.798195006582643529e-01,8.827892559287687391e+01
1.200101586023760158e-01,1.061650024796179786e-01,1.128003151345942090e-01,1.275107935150243954e-01,6.746084620513937979e-01,8.825206896092157649e+01
1.221650861393432375e-01,1.132103661772552311e-01,1.202860140633336683e-01,1.298004040230522071e-01,6.692167268051558704e-01,8.825716682581672501e+01
1.303140483446855458e-01,1.197501409657739518e-01,1.272345247761347553e-01,1.384586763662283282e-01,6.635286512736213727e-01,8.824871255187935049e+01
1.433740080561522745e-01,1.272277696062561747e-01,1.351795052066470382e-01,1.523348835596619322e-01,6.574483075052347525e-01,8.825193738977472435e+01
1.624082130276790215e-01,1.334053904016060943e-01,1.417432273017063538e-01,1.725587263419086359e-01,6.515330422940233124e-01,8.831084940243795245e+01
1.847702787664414759e-01,1.395686164682343744e-01,1.482916549974989395e-01,1.963184211893439779e-01,6.456169812271815855e-01,8.838845335532985814e+01
2.004651249082016196e-01,1.435575735732995406e-01,1.525299219216306734e-01,2.129941952149640438e-01,6.409623422415381411e-01,8.855620511077437129e+01
2.167628824584932890e-01,1.474236965020303824e-01,1.566376775334073213e-01,2.303105626121493554e-01,6.367692302085560252e-01,8.874194763292450716e+01
2.408271848279583960e-01,1.514489238262086979e-01,1.609144815653467120e-01,2.558788838797060872e-01,6.322653774963825635e-01,8.891482004416496920e+01
2.618409130690940723e-01,1.535168667534602405e-01,1.631116709255515385e-01,2.782059701359123061e-01,6.287316949122671028e-01,8.907890092096693024e+01
2.805023377721433953e-01,1.541633374597007611e-01,1.637985460509319979e-01,2.980337338829025517e-01,6.266055784733285394e-01,8.917363433100634040e+01
2.952515870137147891e-01,1.530048151847122617e-01,1.625676161337568093e-01,3.137048112020717205e-01,6.245113485288170674e-01,8.933282561430659996e+01
3.057099137749902384e-01,1.507566157764196058e-01,1.601789042624460202e-01,3.248167833859270104e-01,6.231369129820671926e-01,8.957387492678026319e+01
3.110654682966338402e-01,1.494639620284436143e-01,1.588054596552213316e-01,3.305070600651736079e-01,6.238986330478103470e-01,8.963026722154732795e+01
3.127808385671654867e-01,1.490560250868300241e-01,1.583720266547570255e-01,3.323296409776132498e-01,6.264428994900549386e-01,8.962984377755557830e+01
3.132021319542238058e-01,1.485503504768686256e-01,1.578347473816729130e-01,3.327772652013629151e-01,6.285327178017110494e-01,8.955102259141375498e+01
3.137024351852518156e-01,1.476811216912631564e-01,1.569111917969672476e-01,3.333088373843298702e-01,6.305111227670954221e-01,8.942129190581623277e+01
3.134850002085048382e-01,1.467671237148697461e-01,1.559400689470491763e-01,3.330778127215359152e-01,6.325787121466259766e-01,8.923053797422666378e+01
3.127796057102798510e-01,1.459296059959905856e-01,1.550502063707400457e-01,3.323283310671723001e-01,6.349534047497168432e-01,8.903126056643193920e+01
3.125645689472386080e-01,1.452591522624245568e-01,1.543378492788261280e-01,3.320998545064410834e-01,6.370646997367033215e-01,8.883563067647378375e+01
3.115200221917002188e-01,1.446765494692034137e-01,1.537188338110287433e-01,3.309900235786817357e-01,6.396678543580530674e-01,8.860620576282899208e+01
3.108185379364182266e-01,1.443868644552017133e-01,1.534110434836516712e-01,3.302446965574445392e-01,6.419542438910206261e-01,8.845486770779284313e+01
3.105374903029751721e-01,1.442665584396971568e-01,1.532832183421783956e-01,3.299460834469109538e-01,6.432864006790265377e-01,8.837947131967402470e+01
3.103167218305291630e-01,1.442098994705803272e-01,1.532230181874917330e-01,3.297115169449375549e-01,6.441246523457191397e-01,8.833921431149859416e+01
3.101290581947568903e-01,1.441809258486790590e-01,1.531922337142215818e-01,3.295121243319290016e-01,6.446788529204449114e-01,8.831739005446688395e+01
3.091185462832952702e-01,1.446018483325311743e-01,1.536394638533143953e-01,3.284384554260011413e-01,6.452648426834030060e-01,8.830425443583592937e+01
3.054352022371925046e-01,1.464207421293726719e-01,1.555720385124586269e-01,3.245249023770170327e-01,6.464599832304313010e-01,8.829195246515354256e+01
3.014213683271006472e-01,1.484892874967399801e-01,1.577698679652862479e-01,3.202602038475438895e-01,6.476745955370121210e-01,8.828216423285039127e+01
2.972760713074965033e-01,1.507234593166667524e-01,1.601436755239583620e-01,3.158558257642152256e-01,6.488716998639875166e-01,8.827374779174031971e+01
2.932635489742588253e-01,1.527440298569203159e-01,1.622905317229779432e-01,3.115925207851496515e-01,6.480411529168970119e-01,8.827587861234783873e+01
2.869605661608580216e-01,1.562040120719475900e-01,1.659667628264443473e-01,3.048956015459119429e-01,6.455181574596546845e-01,8.827882028778356016e+01
2.821618809624296120e-01,1.609557035713939932e-01,1.710154350446062566e-01,2.997969985225813483e-01,6.440447010229729541e-01,8.828122786465318939e+01
2.735943500893469049e-01,1.663134830891736804e-01,1.767080757822470649e-01,2.906939969699310344e-01,6.467019447122182019e-01,8.829959161072048346e+01
2.613962797942013805e-01,1.695066708091871599e-01,1.801008377347615153e-01,2.777335472813389217e-01,6.517698468730617201e-01,8.831521872620595559e+01
2.488662082816056886e-01,1.738507840253332992e-01,1.847164580269167744e-01,2.644203462992061882e-01,6.569302297427026538e-01,8.835676901857991083e+01
2.347966738442403278e-01,1.784556019810676908e-01,1.896090771048844770e-01,2.494714659595053674e-01,6.632494291179897861e-01,8.844688621227102487e+01
2.211549338755967875e-01,1.828841219928521999e-01,1.943143796174054971e-01,2.349771172428215260e-01,6.704070306100865517e-01,8.857852553759664715e+01
2.123448157096977928e-01,1.870495311677984884e-01,1.987401268657859599e-01,2.256163666915539934e-01,6.763412757523826757e-01,8.875804550850379826e+01
2.084265646294349572e-01,1.913531167985827175e-01,2.033126865984941078e-01,2.214532249187746715e-01,6.815847343036386397e-01,8.897859808812985705e+01
2.071122389238926609e-01,1.959773588125965083e-01,2.082259437383839062e-01,2.200567538566359227e-01,6.860071828994942500e-01,8.922016658737692296e+01
2.071804811915284594e-01,2.000498569704134699e-01,2.125529730310644350e-01,2.201292612659991321e-01,6.899875898842545707e-01,8.948307706111731363e+01
2.105738645839441148e-01,2.051216907563081782e-01,2.179417964285773612e-01,2.237347311204406219e-01,6.955775751180454103e-01,8.966407956902672538e+01
2.173784788079738961e-01,2.104513601910568132e-01,2.236045702029980098e-01,2.309646337334722299e-01,7.008576355842771610e-01,8.987956419469482228e+01
2.276733813705361098e-01,2.167200459668964518e-01,2.302650488398275685e-01,2.419029677061944328e-01,7.053940907539076877e-01,9.012379864249979278e+01
2.363033887414139333e-01,2.204038775484886969e-01,2.341791198952692388e-01,2.510723505377524534e-01,7.087216316992014375e-01,9.039842667665023157e+01
2.451171620662184192e-01,2.265048081689428894e-01,2.406613586795020576e-01,2.604369846953570322e-01,7.112791730213281483e-01,9.055737392977293609e+01
2.573542790153828808e-01,2.322345363474170032e-01,2.467491948691305226e-01,2.734389214538445190e-01,7.165853667285159156e-01,9.068408615498603353e+01
2.734112928384200836e-01,2.387289733832548833e-01,2.536495342197083169e-01,2.904994986408213076e-01,7.221309433949704149e-01,9.081173131433479284e+01
2.907067848330675552e-01,2.440487319578741598e-01,2.593017777052412653e-01,3.088759588851344162e-01,7.288210257693973348e-01,9.096432813873867929e+01
3.092294311583119182e-01,2.488613211684194138e-01,2.644151537414456410e-01,3.285562706057064686e-01,7.368293416149064301e-01,9.110704770807649311e+01
3.268936462385642061e-01,2.534285737810247352e-01,2.692678596423388471e-01,3.473244991284744621e-01,7.446316919824587099e-01,9.117341749669891726e+01
3.457031050353422397e-01,2.538715253914243797e-01,2.697384957283884277e-01,3.673095491000512025e-01,7.541539942342262437e-01,9.120697609957110785e+01
3.623361069155984215e-01,2.540929766322980177e-01,2.699737876718166785e-01,3.849821135978236386e-01,7.640457304413373896e-01,9.118856009699987908e+01
3.751283472911128292e-01,2.557419435845876832e-01,2.717258150586245313e-01,3.985738689968073567e-01,7.722535168490818336e-01,9.108512933203259365e+01
3.830943883228213886e-01,2.585156035723980006e-01,2.746728287956730075e-01,4.070377875929977463e-01,7.783351053541261999e-01,9.102909196440182882e+01
3.855389389751378570e-01,2.622449378208620563e-01,2.786352464346657509e-01,4.096351226610841501e-01,7.818280510636080871e-01,9.103738185385857662e+01
3.871236484305349834e-01,2.644542909509334239e-01,2.809826841353667004e-01,4.113188764574434719e-01,7.836648213422371390e-01,9.104434968677108486e+01
3.870108830669062860e-01,2.641961991400462173e-01,2.807084615862992516e-01,4.111990632585878491e-01,7.847070369656425903e-01,9.113828132368018942e+01
3.852989673371107204e-01,2.637154571988558072e-01,2.801976732737842535e-01,4.093801527956801856e-01,7.851419033495246058e-01,9.122165126626224207e+01
3.865309907279261825e-01,2.605049934370964881e-01,2.767865555269151123e-01,4.106891776484214995e-01,7.873417169406636829e-01,9.135056099559680831e+01
3.842175796533459642e-01,2.592752381341217882e-01,2.754799405175045179e-01,4.082311783816798822e-01,7.898468358303546433e-01,9.141104684587362783e+01
3.828136498031481927e-01,2.601584216911480008e-01,2.764183230468447161e-01,4.067395029158451525e-01,7.907469663329858012e-01,9.151937486541702071e+01
3.827265517422006047e-01,2.614586165167790965e-01,2.777997800490778491e-01,4.066469612260881217e-01,7.923343942861954536e-01,9.167816130878547654e+01
3.829834534429295001e-01,2.618930341010972662e-01,2.782613487324158141e-01,4.069199192831127188e-01,7.940953340628922330e-01,9.180447712514515501e+01
3.829368837034063389e-01,2.618281668635276671e-01,2.781924272924982677e-01,4.068704389348691275e-01,7.962236836807206064e-01,9.193183106084333645e+01
3.848335284011233925e-01,2.619936609480347789e-01,2.783682647572868762e-01,4.088856239261935976e-01,7.991351639025845444e-01,9.204046425702527756e+01
3.867095152511083045e-01,2.626509808376527033e-01,2.790666671400059973e-01,4.108788599543026776e-01,8.014821329960727381e-01,9.217125816988631470e+01
3.889537347564068215e-01,2.628710752851347587e-01,2.793005174904556465e-01,4.132633431786821854e-01,8.021068668922359812e-01,9.226668697544037911e+01
3.933358633019666817e-01,2.634397969587171096e-01,2.799047842686368526e-01,4.179193547583394674e-01,8.017154071891691158e-01,9.230173134784971012e+01
3.983164075667708359e-01,2.642450682348970181e-01,2.807603849995781720e-01,4.232111830396940166e-01,8.015624009689780172e-01,9.234139184604855188e+01
4.020094904678561676e-01,2.651106353989655662e-01,2.816800501114010702e-01,4.271350836220971225e-01,8.016743903866131449e-01,9.238840628669096589e+01
4.042317033104032564e-01,2.653608228467800867e-01,2.819458742747040225e-01,4.294961847673032795e-01,8.022534467726878393e-01,9.248083628882517360e+01
4.075849059427211207e-01,2.649050689831524696e-01,2.814616357945993741e-01,4.330589625641413920e-01,8.028416606475227146e-01,9.250544430598844770e+01
4.130185338518944094e-01,2.628590088968787430e-01,2.792876969529335396e-01,4.388321922176378620e-01,8.036707478188241938e-01,9.250096949420509418e+01
4.186514489963075181e-01,2.602744334063207821e-01,2.765415854942160356e-01,4.448171645585766165e-01,8.047296645457230335e-01,9.246947301121865337e+01
4.239535381713633311e-01,2.579118025709003503e-01,2.740312902315817367e-01,4.504506343070734942e-01,8.054777176080312184e-01,9.238578215535559934e+01
4.273243106377037082e-01,2.564023447014844304e-01,2.724274912453271136e-01,4.540320800525606826e-01,8.060929752342392840e-01,9.233499293416213050e+01
4.304233424499736005e-01,2.550426086231688538e-01,2.709827716621168725e-01,4.573248013530969436e-01,8.066114499150951467e-01,9.228899800538034981e+01
4.349939769028486336e-01,2.530711911856443619e-01,2.688881406347472525e-01,4.621811004592767391e-01,8.071397102942253765e-01,9.220481012252780317e+01
4.403150936222615108e-01,2.508637358326884503e-01,2.665427193222313917e-01,4.678347869736528275e-01,8.076043225537301584e-01,9.210194447625201519e+01
4.451029381725578604e-01,2.483603252435011843e-01,2.638828455712201038e-01,4.729218718083426087e-01,8.080282777104357272e-01,9.199705850286888165e+01
4.498618813264568805e-01,2.466503704140447784e-01,2.620660185649227314e-01,4.779782489093602482e-01,8.081352318711197968e-01,9.189929569129600395e+01
4.562693997470042562e-01,2.468488850641892551e-01,2.622769403807011512e-01,4.847862372311920742e-01,8.071978580145151572e-01,9.181549130089669575e+01
4.624500842843232151e-01,2.476162409459381764e-01,2.630922560050593662e-01,4.913532145520932426e-01,8.059665540869789258e-01,9.175147916964417050e+01
4.668164372568568976e-01,2.468437810331031990e-01,2.622715173476721784e-01,4.959924645854106307e-01,8.056059658300769311e-01,9.168956511805272669e+01
4.694450078441520513e-01,2.449094745983894650e-01,2.602163167607887129e-01,4.987853208344117384e-01,8.050925587245432169e-01,9.162865952287641846e+01
4.749695674245314470e-01,2.422648626790981918e-01,2.574064165965417317e-01,5.046551653885650301e-01,8.042864800717683949e-01,9.154910809282318951e+01
4.828466083390712260e-01,2.389109302658093958e-01,2.538428634074224588e-01,5.130245213602632193e-01,8.029569814318984200e-01,9.144712533962726297e+01
4.912204868026798232e-01,2.349936710791618311e-01,2.496807755216094438e-01,5.219217672278474440e-01,8.014673868211934504e-01,9.134115489587901493e+01
4.995097247606691826e-01,2.304293123808788535e-01,2.448311444046838425e-01,5.307290825582109406e-01,8.001426754365081884e-01,9.122410982488712250e+01
5.062670183188698880e-01,2.257482846355250983e-01,2.398575524252455071e-01,5.379087069637988883e-01,7.985888568929840892e-01,9.111295339751733025e+01
5.118108587590205483e-01,2.210738875870072728e-01,2.348910055611952430e-01,5.437990374314592978e-01,7.964185932149440150e-01,9.100003374953337243e+01
5.154972853881825134e-01,2.171316907817333886e-01,2.307024214555917219e-01,5.477158657249436846e-01,7.941279639741228857e-01,9.086551774700230055e+01
5.192012162409145315e-01,2.125542573007819791e-01,2.258388983820809048e-01,5.516512922559713150e-01,7.911217204281015825e-01,9.071698184979500468e+01
5.210022797716286069e-01,2.079439337971859814e-01,2.209404296595100514e-01,5.535649222573558736e-01,7.877286425528753355e-01,9.054597836266384547e+01
5.139028084947988573e-01,2.022146681443409977e-01,2.148530849033623014e-01,5.460217340257238483e-01,7.870651723662333010e-01,9.043332949507741603e+01
5.035139851356251750e-01,1.973295526069943628e-01,2.096626496449315036e-01,5.349836092066018178e-01,7.868738946455993144e-01,9.034544863625615108e+01
4.894184210691946424e-01,1.928047601978005177e-01,2.048550577101630743e-01,5.200070723860190647e-01,7.857767665748860431e-01,9.023957686931557021e+01
4.750643482259543915e-01,1.883230257032816046e-01,2.000932148097367969e-01,5.047558699900764889e-01,7.848387242506705830e-01,9.013706109233902453e+01
4.666827794843497745e-01,1.846466531914404408e-01,1.961870690159054909e-01,4.958504532021215105e-01,7.832501024739434436e-01,9.012609092981365677e+01
4.561466698306770873e-01,1.798123980951006340e-01,1.910506729760444722e-01,4.846558366950945440e-01,7.801170913370552018e-01,9.012374989487240384e+01
4.468794660048398537e-01,1.747383810786032055e-01,1.856595298960159734e-01,4.748094326301425805e-01,7.773669613475612250e-01,9.003698674410492231e+01
4.341150742493639081e-01,1.683224618054054433e-01,1.788426156682433876e-01,4.612472663899492842e-01,7.749970540600877866e-01,8.995403273672945943e+01
4.237244723944331715e-01,1.605303538701404464e-01,1.705635009870244689e-01,4.502072519190850053e-01,7.723620308928390576e-01,8.983976126995636946e+01
4.126968279613457136e-01,1.545811988694679728e-01,1.642425237988096032e-01,4.384903797089301225e-01,7.682070600012619321e-01,8.969971049635466898e+01
3.974535639906597861e-01,1.490480611634251995e-01,1.583635649861393491e-01,4.222944117400760922e-01,7.635195248623708464e-01,8.953666074661995822e+01
3.801271588829738812e-01,1.446338452988358558e-01,1.536734606300131922e-01,4.038851063131600472e-01,7.579867868546893428e-01,8.937158783007221530e+01
3.599437401414154469e-01,1.415834171012393949e-01,1.504323806700669786e-01,3.824402239002538950e-01,7.517216182819217440e-01,8.922890942424139382e+01
3.408652210890834588e-01,1.393614470699989227e-01,1.480715375118739352e-01,3.621692974071513138e-01,7.449922856156367956e-01,8.905653740230519588e+01
3.200413352444616000e-01,1.342319837147460948e-01,1.426214826969177119e-01,3.400439186972404326e-01,7.388838246325090120e-01,8.888082125447704129e+01
2.940832006387809616e-01,1.281787363655604306e-01,1.361899073884078326e-01,3.124634006787048168e-01,7.324316411531444082e-01,8.872968075589768944e+01
2.642916350360130506e-01,1.256039341440428336e-01,1.334541800280455159e-01,2.808098622257640953e-01,7.258229241785975061e-01,8.858007309875726776e+01
2.305460036640879506e-01,1.284409083532885854e-01,1.364684651253691428e-01,2.449551288930935100e-01,7.189005835798009114e-01,8.840678038167970954e+01
2.038535901702399900e-01,1.276135581504487526e-01,1.355894055348518812e-01,2.165944395558798974e-01,7.113618685566985844e-01,8.832725476562019651e+01
1.767338762013498654e-01,1.274193356720111636e-01,1.353830441515118388e-01,1.877797434639343899e-01,7.038207838064771682e-01,8.827609684513871002e+01
1.483462796566074327e-01,1.298212008852108190e-01,1.379350259405364432e-01,1.576179221351453053e-01,6.961185050999781909e-01,8.822499122436225605e+01
1.203065272001569708e-01,1.309245782936039049e-01,1.391073644369541784e-01,1.278256851501668456e-01,6.869951211391778223e-01,8.813685571162945109e+01
1.032517224731111793e-01,1.325784972793362104e-01,1.408646533592946559e-01,1.097049551276805951e-01,6.782651793757589198e-01,8.807705503676977798e+01
9.959773499242455252e-02,1.332870883458881495e-01,1.416175313675061553e-01,1.058225934294510506e-01,6.730808709182507510e-01,8.813477162985319069e+01
1.016143764077893641e-01,1.352383064097636978e-01,1.436907005603739185e-01,1.079652749332762479e-01,6.700184042372363535e-01,8.817487610327502523e+01
