time,s1,s2,s3,s4,s5,s6,s7,s8,s9,s10,s11,s12,s13,s14,s15,s16,s17
1.000000,2.041906,2.018103,2.008646,2.005799,2.001833,2.003609,2.009431,2.013140,0.104777,0.381387,0.616152,1.814076,0.071108,1.134767,0.049477,0.260977,0.436295
1.016667,2.041974,2.018232,2.008473,2.005895,2.001724,2.003565,2.009688,2.013127,0.103235,0.393892,0.610060,1.805228,0.070609,1.112186,0.049011,0.266402,0.432027
1.033333,2.041875,2.018572,2.008280,2.005999,2.001552,2.003544,2.010008,2.013144,0.102093,0.409804,0.607313,1.794622,0.069937,1.096374,0.048486,0.271757,0.427919
1.050000,2.041722,2.018586,2.007939,2.006076,2.001415,2.003533,2.010205,2.013170,0.101487,0.420002,0.608752,1.783640,0.069506,1.062600,0.048290,0.275968,0.424829
1.066667,2.041643,2.018564,2.007648,2.006147,2.001290,2.003536,2.010318,2.013172,0.101303,0.425475,0.609382,1.773131,0.069221,1.029860,0.048089,0.279897,0.421991
1.083333,2.041370,2.018611,2.007527,2.006211,2.001164,2.003555,2.010386,2.013147,0.101463,0.428103,0.608915,1.759364,0.069123,1.011664,0.047927,0.283612,0.419325
1.100000,2.040907,2.018740,2.007496,2.006272,2.001059,2.003578,2.010425,2.013106,0.101768,0.429225,0.607161,1.745624,0.069125,1.003017,0.047720,0.287101,0.416844
1.116667,2.040707,2.018913,2.007517,2.006326,2.000960,2.003580,2.010502,2.013076,0.101434,0.433047,0.606116,1.739991,0.069064,0.997727,0.047469,0.290340,0.414576
1.133333,2.040697,2.019086,2.007557,2.006375,2.000864,2.003591,2.010571,2.013065,0.101254,0.436121,0.607641,1.738806,0.068920,0.995038,0.047194,0.293312,0.412527
1.150000,2.040782,2.019228,2.007606,2.006418,2.000785,2.003599,2.010614,2.013081,0.101197,0.438030,0.612088,1.739683,0.068715,0.992373,0.046963,0.295998,0.410695
1.166667,2.040850,2.019377,2.007656,2.006457,2.000710,2.003605,2.010637,2.013097,0.101222,0.439025,0.617067,1.739701,0.068529,0.991113,0.046746,0.298380,0.409095
1.183333,2.040859,2.019506,2.007703,2.006490,2.000612,2.003610,2.010648,2.013107,0.101287,0.439483,0.621770,1.738387,0.068382,0.990247,0.046579,0.300318,0.407552
1.200000,2.040874,2.019611,2.007741,2.006517,2.000528,2.003615,2.010652,2.013113,0.101374,0.439628,0.625829,1.736467,0.068272,0.989365,0.046459,0.301742,0.406432
1.216667,2.040885,2.019709,2.007770,2.006533,2.000457,2.003619,2.010656,2.013125,0.101467,0.439576,0.629055,1.735031,0.068190,0.989629,0.046342,0.302569,0.405813
1.233333,2.040881,2.019782,2.007795,2.006543,2.000404,2.003622,2.010659,2.013134,0.101563,0.439421,0.631252,1.734134,0.068134,0.990297,0.046246,0.303277,0.405607
1.250000,2.040863,2.019840,2.007813,2.006547,2.000372,2.003627,2.010660,2.013140,0.101658,0.439210,0.632500,1.733472,0.068104,0.991667,0.046163,0.303894,0.405632
1.266667,2.040844,2.019894,2.007826,2.006549,2.000357,2.003632,2.010664,2.013146,0.101752,0.438962,0.633179,1.733026,0.068085,0.993945,0.046082,0.304424,0.405781
1.283333,2.040839,2.019949,2.007838,2.006548,2.000356,2.003637,2.010673,2.013153,0.101845,0.438691,0.632866,1.733078,0.068068,0.997047,0.045994,0.304908,0.406002
1.300000,2.040850,2.020013,2.007846,2.006547,2.000361,2.003643,2.010679,2.013156,0.101938,0.438409,0.631490,1.733479,0.068049,1.001022,0.045892,0.305295,0.406215
1.316667,2.040877,2.020086,2.007850,2.006546,2.000365,2.003649,2.010683,2.013149,0.102032,0.438117,0.628710,1.734175,0.068035,1.005855,0.045775,0.305497,0.406332
1.333333,2.040951,2.020152,2.007830,2.006545,2.000367,2.003656,2.010686,2.013100,0.102128,0.437822,0.620847,1.735734,0.068054,1.009828,0.045663,0.305588,0.406399
1.350000,2.041002,2.020149,2.007738,2.006544,2.000368,2.003663,2.010689,2.013037,0.102226,0.437519,0.611193,1.736929,0.068111,1.007709,0.045638,0.305591,0.406437
1.366667,2.040976,2.020131,2.007632,2.006541,2.000370,2.003671,2.010705,2.012954,0.102318,0.438623,0.599166,1.736780,0.068244,1.004295,0.045650,0.305558,0.406461
1.383333,2.040955,2.020090,2.007511,2.006538,2.000370,2.003677,2.010762,2.012855,0.102368,0.444371,0.585361,1.736707,0.068453,0.999184,0.045730,0.305502,0.406477
1.400000,2.040924,2.020025,2.007379,2.006535,2.000371,2.003683,2.010823,2.012744,0.102396,0.450791,0.570243,1.736538,0.068566,0.992267,0.045882,0.305434,0.406489
1.416667,2.040896,2.019921,2.007236,2.006524,2.000370,2.003687,2.010864,2.012603,0.102408,0.454687,0.552740,1.736393,0.068700,0.979640,0.046100,0.305381,0.406499
1.433333,2.040857,2.020045,2.007270,2.006508,2.000368,2.003691,2.010893,2.012352,0.102414,0.456847,0.525528,1.736065,0.068848,0.987132,0.045920,0.305369,0.406507
1.450000,2.040814,2.020212,2.007355,2.006493,2.000366,2.003693,2.010915,2.012060,0.102418,0.458056,0.496737,1.735680,0.068950,0.999173,0.045699,0.305362,0.406512
1.466667,2.040562,2.020170,2.007394,2.006475,2.000364,2.003695,2.010935,2.011716,0.102420,0.458758,0.466019,1.733207,0.069080,1.000421,0.045723,0.305335,0.406517
1.483333,2.040259,2.020039,2.007450,2.006499,2.000358,2.003714,2.010900,2.011271,0.102778,0.470198,0.439548,1.730257,0.069474,0.998824,0.045876,0.308246,0.406509
1.500000,2.040233,2.019993,2.007513,2.006539,2.000352,2.003742,2.010833,2.010750,0.103232,0.484282,0.411752,1.730023,0.069917,1.001623,0.045968,0.312478,0.406496
1.516667,2.041010,2.020039,2.007522,2.006647,2.000347,2.003798,2.010811,2.010304,0.103866,0.495452,0.387699,1.741071,0.070328,1.011597,0.045555,0.321610,0.406478
1.533333,2.040146,2.020098,2.007479,2.006924,2.000348,2.003866,2.010827,2.010051,0.104492,0.503149,0.374427,1.744707,0.070489,1.039376,0.044762,0.331849,0.406631
1.550000,2.039035,2.020310,2.007070,2.007411,2.000265,2.003937,2.010856,2.009906,0.104913,0.508488,0.365497,1.735436,0.070455,1.077104,0.044146,0.345055,0.407046
1.566667,2.038119,2.020423,2.006354,2.007989,1.999998,2.003885,2.011037,2.009760,0.102822,0.519267,0.358726,1.728293,0.070590,1.111468,0.043681,0.362145,0.407647
1.583333,2.037803,2.020621,2.005553,2.008604,1.999747,2.003686,2.011356,2.009668,0.098718,0.538490,0.356790,1.728757,0.070724,1.145561,0.043263,0.380943,0.408254
1.600000,2.038156,2.020748,2.004772,2.009226,1.999496,2.003426,2.011461,2.009650,0.094058,0.553186,0.358306,1.732824,0.070900,1.174946,0.042874,0.398027,0.408849
1.616667,2.039062,2.020279,2.004318,2.009724,1.999460,2.003127,2.011366,2.009632,0.089003,0.563004,0.358435,1.737852,0.071335,1.169145,0.042709,0.420591,0.411434
1.633333,2.039657,2.019643,2.004171,2.010112,1.999551,2.002786,2.011212,2.009602,0.083465,0.573963,0.357564,1.737890,0.071924,1.156505,0.042566,0.447590,0.415259
1.650000,2.039367,2.019169,2.004107,2.010401,1.999619,2.002453,2.011020,2.009559,0.077947,0.587150,0.353830,1.733060,0.072399,1.158845,0.042276,0.471199,0.418686
1.666667,2.039141,2.018786,2.004107,2.010662,1.999717,2.002119,2.010793,2.009591,0.072744,0.603573,0.355061,1.728408,0.072564,1.173121,0.042001,0.493025,0.429705
1.683333,2.039431,2.018344,2.004306,2.010939,1.999891,2.001744,2.010581,2.009642,0.067478,0.624449,0.357286,1.727807,0.072676,1.194085,0.041610,0.514424,0.456109
1.700000,2.040303,2.017763,2.004559,2.011163,2.000023,2.001499,2.010551,2.009700,0.064204,0.649786,0.358823,1.731316,0.072298,1.207165,0.041021,0.535437,0.474979
1.716667,2.041862,2.017669,2.004740,2.011570,2.000164,2.001269,2.010630,2.009754,0.060122,0.676895,0.359966,1.739305,0.071988,1.248405,0.039923,0.562897,0.488650
1.733333,2.043960,2.017806,2.004873,2.011961,2.000329,2.001122,2.010582,2.009815,0.055867,0.705296,0.360778,1.749749,0.071730,1.282941,0.038608,0.590110,0.498804
1.750000,2.044251,2.017858,2.004969,2.012292,2.000487,2.001082,2.010417,2.009864,0.053077,0.731962,0.361939,1.745289,0.072229,1.302528,0.037904,0.614950,0.502032
1.766667,2.043833,2.017908,2.005016,2.012672,2.000950,2.001057,2.010085,2.009835,0.051896,0.759469,0.356042,1.738057,0.073443,1.314410,0.037743,0.639996,0.508574
1.783333,2.043045,2.018001,2.005118,2.013024,2.001474,2.001041,2.009646,2.009799,0.050712,0.790745,0.349055,1.728611,0.074995,1.322506,0.037866,0.665985,0.516138
1.800000,2.042295,2.018036,2.005235,2.013290,2.001848,2.001035,2.009078,2.009768,0.049488,0.819562,0.342818,1.719104,0.076534,1.325304,0.038101,0.689136,0.519292
1.816667,2.041547,2.018428,2.005328,2.013507,2.002121,2.001052,2.008503,2.009860,0.048774,0.842470,0.352251,1.713507,0.076861,1.329649,0.038355,0.711187,0.516269
1.833333,2.040877,2.018700,2.005419,2.013702,2.002244,2.001076,2.007983,2.009970,0.048239,0.885422,0.362225,1.713564,0.076969,1.327536,0.038805,0.731312,0.521850
1.850000,2.040085,2.018955,2.005403,2.013955,2.002227,2.001106,2.007375,2.010128,0.047761,0.935332,0.374580,1.716164,0.076966,1.330072,0.038939,0.751267,0.529875
1.866667,2.039734,2.019102,2.005290,2.014155,2.002138,2.001156,2.006622,2.010314,0.047174,0.995649,0.387255,1.731188,0.076780,1.324348,0.038405,0.766993,0.537846
1.883333,2.038934,2.019224,2.005072,2.014337,2.002005,2.001211,2.005717,2.010467,0.046597,1.061372,0.398690,1.746414,0.076557,1.316398,0.037945,0.781084,0.546053
1.900000,2.037971,2.019344,2.004704,2.014463,2.001844,2.001263,2.004676,2.010579,0.045995,1.129586,0.406010,1.762078,0.076313,1.307146,0.037509,0.792155,0.554160
1.916667,2.037549,2.019321,2.004231,2.014446,2.001666,2.001307,2.003628,2.010632,0.045295,1.200293,0.413857,1.777511,0.075883,1.291423,0.037345,0.787466,0.562565
1.933333,2.037868,2.019412,2.003533,2.014358,2.001481,2.001342,2.002312,2.010533,0.044577,1.273729,0.414491,1.800428,0.075292,1.285193,0.037232,0.763900,0.571266
1.950000,2.038391,2.019590,2.002878,2.014238,2.001269,2.001365,2.000831,2.010297,0.043915,1.344987,0.410878,1.817728,0.074700,1.282472,0.037265,0.741321,0.579507
1.966667,2.037668,2.019597,2.002144,2.014105,2.001034,2.001370,1.999170,2.010059,0.043172,1.414481,0.406820,1.826729,0.074202,1.253434,0.037543,0.724021,0.586978
1.983333,2.035907,2.019465,2.001305,2.014001,2.000727,2.001357,1.997177,2.009879,0.042323,1.483651,0.405082,1.827975,0.073746,1.196179,0.037959,0.710736,0.591626
2.000000,2.033976,2.019248,2.000645,2.013923,2.000362,2.001328,1.994991,2.009785,0.041474,1.547444,0.409197,1.824257,0.073068,1.139205,0.038266,0.700059,0.594441
2.016667,2.032141,2.019095,2.000156,2.013859,1.999965,2.001300,1.992943,2.009667,0.040992,1.592192,0.412342,1.821801,0.072275,1.098630,0.038515,0.690904,0.596202
2.033333,2.030441,2.018983,1.999727,2.013804,1.999556,2.001345,1.990750,2.009413,0.041478,1.629655,0.408871,1.819674,0.071779,1.067201,0.038742,0.682767,0.597381
2.050000,2.029094,2.018903,1.999358,2.013758,1.999165,2.001506,1.988631,2.009147,0.043156,1.660993,0.406876,1.823037,0.071536,1.042326,0.038850,0.675476,0.598291
2.066667,2.028253,2.018860,1.999054,2.013718,1.998785,2.001700,1.986163,2.008889,0.045228,1.687164,0.403833,1.832156,0.071375,1.021852,0.038999,0.668781,0.599027
2.083333,2.027850,2.018855,1.998789,2.013686,1.998389,2.001802,1.983623,2.008568,0.046402,1.709505,0.398152,1.842320,0.071134,1.008541,0.039341,0.662676,0.599627
2.100000,2.027664,2.018895,1.998540,2.013659,1.997977,2.001850,1.981378,2.008253,0.047056,1.724481,0.393104,1.852656,0.070736,1.000237,0.039759,0.657088,0.600108
2.116667,2.027561,2.018908,1.998303,2.013640,1.997573,2.001887,1.981876,2.007894,0.047754,1.716811,0.387219,1.862116,0.070275,0.990364,0.040196,0.652050,0.600560
2.133333,2.027531,2.018820,1.998066,2.013629,1.997184,2.001919,1.984119,2.007480,0.048456,1.695160,0.379529,1.871953,0.069829,0.972677,0.040716,0.647562,0.600925
2.150000,2.027569,2.018769,1.997841,2.013618,1.996815,2.001942,1.986292,2.007037,0.049057,1.671996,0.370430,1.880464,0.069426,0.957900,0.041277,0.643545,0.601230
2.166667,2.027571,2.018792,1.997711,2.013595,1.996474,2.001962,1.988332,2.006584,0.049585,1.648095,0.359920,1.888154,0.069095,0.943154,0.041895,0.639969,0.601484
2.183333,2.027546,2.018842,1.997617,2.013569,1.996177,2.001981,1.990257,2.006127,0.050088,1.622066,0.348287,1.894660,0.068834,0.930055,0.042542,0.636907,0.601695
2.200000,2.027611,2.018890,1.997537,2.013548,1.995964,2.002058,1.991863,2.005780,0.051131,1.596427,0.342065,1.899253,0.068703,0.918873,0.042966,0.634426,0.601919
2.216667,2.027712,2.018940,1.997474,2.013532,1.995795,2.002118,1.993286,2.005551,0.051890,1.569879,0.339176,1.900955,0.068623,0.909912,0.043239,0.632546,0.602068
2.233333,2.027855,2.018980,1.997422,2.013519,1.995681,2.002165,1.994473,2.005361,0.052440,1.544210,0.337055,1.899897,0.068647,0.902488,0.043414,0.631266,0.602163
2.250000,2.028043,2.018991,1.997378,2.013509,1.995620,2.002204,1.995486,2.005154,0.052871,1.519077,0.335243,1.893193,0.068809,0.896535,0.043549,0.630538,0.602220
2.266667,2.028353,2.018988,1.997338,2.013503,1.995612,2.002241,1.996276,2.004886,0.053314,1.495467,0.332348,1.885284,0.069003,0.891098,0.043730,0.630451,0.602488
2.283333,2.028645,2.018963,1.997306,2.013501,1.995638,2.002270,1.996936,2.004629,0.053662,1.472544,0.330678,1.871387,0.069269,0.886585,0.043861,0.630998,0.603011
2.300000,2.028860,2.018920,1.997283,2.013501,1.995686,2.002295,1.997568,2.004378,0.053947,1.449624,0.330199,1.850510,0.069614,0.883041,0.043943,0.632022,0.603729
2.316667,2.028973,2.018868,1.997270,2.013503,1.995758,2.002327,1.998020,2.004151,0.054250,1.431440,0.330690,1.824246,0.070041,0.880296,0.044002,0.633622,0.604727
2.333333,2.029214,2.018813,1.997281,2.013504,1.995858,2.002379,1.998503,2.003935,0.054739,1.420503,0.333343,1.798060,0.070269,0.879481,0.043879,0.635822,0.606023
2.350000,2.029738,2.018768,1.997333,2.013506,1.995973,2.002431,1.999232,2.003845,0.055266,1.415028,0.330486,1.784789,0.070278,0.881989,0.043789,0.638485,0.607519
2.366667,2.030381,2.018737,1.997401,2.013510,1.996099,2.002484,2.000028,2.003860,0.055863,1.410106,0.324750,1.781204,0.070119,0.885953,0.043730,0.641548,0.609157
2.383333,2.030909,2.018664,1.997563,2.013521,1.996228,2.002519,2.000806,2.003856,0.056287,1.405315,0.319226,1.787195,0.069948,0.889909,0.043692,0.644962,0.610871
2.400000,2.031034,2.018543,1.997818,2.013538,1.996360,2.002539,2.001303,2.003859,0.056556,1.401945,0.310673,1.796858,0.070016,0.894268,0.043702,0.648672,0.612607
2.416667,2.031677,2.018399,1.998140,2.013557,1.996506,2.002551,2.001851,2.003731,0.056733,1.398557,0.304698,1.809428,0.070027,0.900127,0.043821,0.652616,0.614386
2.433333,2.032880,2.018287,1.998469,2.013579,1.996699,2.002580,2.002457,2.003537,0.057183,1.396039,0.304563,1.818456,0.070005,0.908110,0.043738,0.656745,0.616270
2.450000,2.034302,2.018170,1.998965,2.013605,1.996920,2.002605,2.003068,2.003375,0.057680,1.394477,0.308507,1.824474,0.069961,0.905058,0.043708,0.660962,0.618136
2.466667,2.035385,2.017960,1.999494,2.013644,1.997162,2.002608,2.003704,2.003335,0.058174,1.391566,0.315411,1.826001,0.069926,0.899858,0.043790,0.665323,0.619915
2.483333,2.036460,2.017794,2.000056,2.013580,1.997784,2.002521,2.004624,2.003339,0.058146,1.375187,0.324351,1.825307,0.070050,0.889086,0.043875,0.671725,0.638178
2.500000,2.037334,2.017639,2.000507,2.013449,1.998548,2.002365,2.005525,2.003308,0.057243,1.355122,0.333124,1.819268,0.070160,0.871234,0.043906,0.677764,0.664844
2.516667,2.038098,2.017403,2.000834,2.013257,1.999431,2.002184,2.006293,2.003299,0.055711,1.338604,0.342489,1.811764,0.070214,0.849226,0.043894,0.677902,0.699603
2.533333,2.038101,2.016874,2.001137,2.013108,2.000177,2.001984,2.007057,2.003359,0.053982,1.318798,0.353859,1.801546,0.070255,0.808633,0.044006,0.677109,0.728714
2.550000,2.038316,2.016265,2.001343,2.012867,2.000876,2.001778,2.007756,2.003452,0.052015,1.298319,0.367476,1.791864,0.070175,0.763082,0.044189,0.675474,0.756523
2.566667,2.039011,2.015626,2.001518,2.012638,2.001543,2.001577,2.008362,2.003535,0.049904,1.278802,0.384149,1.786469,0.069901,0.715965,0.044425,0.673392,0.784141
2.583333,2.040044,2.015002,2.001709,2.012575,2.002038,2.001391,2.009095,2.003641,0.047936,1.274262,0.402931,1.785091,0.069677,0.673850,0.044973,0.671734,0.807527
2.600000,2.040750,2.014487,2.001807,2.012639,2.001539,2.001240,2.009907,2.003647,0.046280,1.273352,0.410284,1.771665,0.069724,0.644044,0.045576,0.670601,0.825640
2.616667,2.042079,2.014220,2.001912,2.012662,2.001117,2.001122,2.010724,2.003691,0.044968,1.281877,0.423464,1.763422,0.068427,0.647555,0.045148,0.669476,0.838521
2.633333,2.043055,2.014362,2.002119,2.012533,2.000733,2.001044,2.011433,2.003566,0.044068,1.291402,0.437189,1.755562,0.066829,0.673796,0.044650,0.668616,0.847837
2.650000,2.043882,2.014367,2.002313,2.012474,2.000135,2.000994,2.011928,2.003313,0.043457,1.299778,0.455555,1.754830,0.065194,0.688795,0.044204,0.667735,0.855904
2.666667,2.044906,2.014228,2.002449,2.012430,1.999442,2.000962,2.012453,2.003147,0.042953,1.308846,0.468719,1.752351,0.063804,0.696682,0.043827,0.667053,0.864013
2.683333,2.046392,2.013997,2.002560,2.012391,1.998692,2.000937,2.012849,2.002914,0.042516,1.318135,0.457050,1.757777,0.062973,0.699958,0.043592,0.666550,0.872206
2.700000,2.048175,2.013669,2.002660,2.012357,1.997894,2.000918,2.013131,2.002758,0.042131,1.325847,0.439174,1.773626,0.062289,0.699045,0.043409,0.666189,0.880583
2.716667,2.050209,2.013205,2.002772,2.012403,1.997051,2.000902,2.013321,2.002629,0.041839,1.331894,0.414491,1.795986,0.061848,0.692730,0.043284,0.672845,0.884891
2.733333,2.053060,2.012682,2.002999,2.012399,1.997103,2.000882,2.013458,2.002588,0.041444,1.336810,0.402653,1.813422,0.061228,0.680499,0.043143,0.687425,0.905912
2.750000,2.056846,2.012318,2.003219,2.012410,1.997226,2.000856,2.013585,2.002608,0.041092,1.346595,0.395013,1.823754,0.060636,0.665130,0.043035,0.700565,0.924971
2.766667,2.058149,2.012105,2.003423,2.012440,1.997187,2.000829,2.013720,2.002587,0.040784,1.361563,0.381120,1.819289,0.060426,0.647254,0.042986,0.712757,0.940791
2.783333,2.057676,2.012022,2.003621,2.012492,1.997086,2.000798,2.013931,2.002563,0.040597,1.378414,0.369495,1.804635,0.060087,0.628484,0.042565,0.724486,0.953759
2.800000,2.056995,2.011779,2.003772,2.012529,1.996956,2.000767,2.014146,2.002551,0.040418,1.393807,0.361288,1.786429,0.059722,0.604696,0.042294,0.731770,0.964989
2.816667,2.056410,2.011336,2.003808,2.012467,1.998506,2.000712,2.014378,2.002542,0.040144,1.407324,0.356753,1.765736,0.059435,0.576465,0.042319,0.724980,0.954938
2.833333,2.056329,2.011137,2.003808,2.012334,2.001188,2.000669,2.014687,2.002136,0.039976,1.413991,0.325287,1.764413,0.059943,0.532419,0.042604,0.714714,0.952929
2.850000,2.057038,2.010845,2.003761,2.012205,2.004212,2.000633,2.015046,2.001540,0.039960,1.418668,0.288520,1.769579,0.060763,0.484611,0.043141,0.702695,0.943683
2.866667,2.057350,2.010613,2.003800,2.012020,2.007254,2.000592,2.015363,2.000915,0.039834,1.422462,0.254298,1.769123,0.062014,0.447785,0.043849,0.687355,0.936687
2.883333,2.057098,2.010388,2.003900,2.011839,2.009844,2.000510,2.015668,2.000433,0.039640,1.427928,0.227243,1.763919,0.063424,0.415160,0.044726,0.671421,0.926955
2.900000,2.056440,2.010146,2.003959,2.011685,2.011889,2.000376,2.015834,2.000051,0.039521,1.419340,0.205361,1.757176,0.064939,0.384806,0.045656,0.653900,0.914483
2.916667,2.055468,2.009896,2.004110,2.011585,2.013421,2.000237,2.015912,1.999725,0.039451,1.404215,0.187666,1.748527,0.066545,0.357421,0.046624,0.641541,0.901810
2.933333,2.054438,2.009635,2.004372,2.011546,2.014202,2.000103,2.016074,1.999418,0.039475,1.396129,0.171819,1.734705,0.068409,0.330999,0.047666,0.635257,0.894597
2.950000,2.053514,2.009376,2.004727,2.011519,2.014631,1.999972,2.016216,1.999129,0.039550,1.389288,0.158059,1.717406,0.070534,0.307108,0.048768,0.629291,0.891365
2.966667,2.052921,2.009119,2.005151,2.011524,2.014944,1.999844,2.016379,1.998907,0.039660,1.388149,0.148641,1.705728,0.072162,0.287049,0.050352,0.624061,0.889566
2.983333,2.052510,2.008914,2.005552,2.011683,2.015150,1.999710,2.016573,1.998716,0.039791,1.394090,0.141337,1.697035,0.073592,0.272646,0.052220,0.593132,0.888762
3.000000,2.052270,2.008725,2.006024,2.011907,2.015283,1.999601,2.016711,1.998524,0.039967,1.399458,0.135569,1.690945,0.074948,0.260706,0.053996,0.559449,0.888448
3.016667,2.052038,2.008570,2.006145,2.012071,2.015347,1.999474,2.016644,1.998323,0.040277,1.352778,0.130718,1.684915,0.076468,0.252198,0.056087,0.519633,0.888623
3.033333,2.051759,2.008463,2.006275,2.012266,2.015365,1.999350,2.016571,1.998165,0.040590,1.296257,0.126477,1.678410,0.078173,0.246829,0.058491,0.486329,0.888958
3.050000,2.051631,2.008374,2.006235,2.012396,2.015336,1.999228,2.016475,1.998004,0.040916,1.239295,0.122955,1.672932,0.079707,0.242626,0.060773,0.457980,0.889453
3.066667,2.051828,2.008295,2.006050,2.012450,2.015280,1.999110,2.016404,1.997821,0.041327,1.181674,0.119745,1.666765,0.080885,0.237323,0.062962,0.435052,0.889857
3.083333,2.052139,2.008115,2.005898,2.012439,2.015183,1.999019,2.016320,1.997630,0.041803,1.129451,0.116849,1.661295,0.082316,0.227856,0.065521,0.418694,0.890433
3.100000,2.052325,2.007886,2.005757,2.012396,2.015080,1.998932,2.016190,1.997440,0.042223,1.074601,0.114453,1.652989,0.084018,0.217049,0.068284,0.405779,0.890150
3.116667,2.052448,2.007593,2.005621,2.012339,2.015143,1.998854,2.016044,1.997255,0.042624,1.017672,0.111933,1.646040,0.086258,0.204302,0.071471,0.395222,0.890263
3.133333,2.052645,2.007290,2.005499,2.012283,2.015277,1.998766,2.015957,1.997071,0.043028,0.977096,0.109965,1.641636,0.088631,0.191897,0.074706,0.386658,0.891421
3.150000,2.053686,2.006974,2.005396,2.012231,2.015433,1.998684,2.015909,1.996890,0.043298,0.950093,0.108556,1.644308,0.090979,0.179968,0.077660,0.379701,0.893021
3.166667,2.054218,2.006647,2.005313,2.012184,2.015586,1.998622,2.015866,1.996715,0.043529,0.926243,0.107562,1.640852,0.093386,0.168708,0.080635,0.374140,0.894723
3.183333,2.054934,2.006310,2.005250,2.012145,2.015748,1.998573,2.015837,1.996546,0.043776,0.909720,0.106340,1.642618,0.095924,0.158117,0.083610,0.369828,0.897149
3.200000,2.054515,2.005963,2.005206,2.012115,2.015895,1.998537,2.015808,1.996377,0.044194,0.896878,0.103907,1.640194,0.099657,0.148268,0.087645,0.366580,0.899480
3.216667,2.053303,2.005764,2.005181,2.012096,2.015990,1.998511,2.015789,1.996251,0.044607,0.887774,0.102110,1.631043,0.102823,0.143384,0.090959,0.364576,0.902606
3.233333,2.053160,2.005615,2.005171,2.012083,2.016049,1.998492,2.015768,1.996150,0.044935,0.880574,0.100934,1.630001,0.104755,0.140123,0.093126,0.363462,0.904942
3.250000,2.053123,2.005513,2.005166,2.012075,2.016084,1.998481,2.015758,1.996101,0.045128,0.876402,0.100245,1.628708,0.106474,0.138156,0.094632,0.362870,0.906263
3.266667,2.053067,2.005461,2.005163,2.012070,2.016102,1.998475,2.015752,1.996077,0.045246,0.874140,0.099923,1.627400,0.107451,0.137190,0.095485,0.362562,0.906976
3.283333,2.053018,2.005435,2.005157,2.012067,2.016112,1.998472,2.015750,1.996064,0.045311,0.872937,0.099753,1.626427,0.107980,0.136742,0.095947,0.362410,0.907357
3.300000,2.052990,2.005433,2.005145,2.012063,2.016117,1.998470,2.015749,1.996057,0.045357,0.872325,0.099645,1.625839,0.108198,0.136770,0.096136,0.362341,0.907559
3.316667,2.052975,2.005449,2.005121,2.012059,2.016119,1.998469,2.015761,1.996054,0.045393,0.873553,0.099593,1.625531,0.108196,0.137215,0.096082,0.362420,0.907668
3.333333,2.052968,2.005481,2.005081,2.012057,2.016121,1.998469,2.015769,1.996054,0.045426,0.875175,0.099579,1.625375,0.108038,0.138039,0.095837,0.362716,0.907729
3.350000,2.052964,2.005525,2.005030,2.012055,2.016121,1.998469,2.015774,1.996054,0.045474,0.876067,0.099521,1.625292,0.107888,0.139114,0.095657,0.363141,0.907762
3.366667,2.052963,2.005578,2.004969,2.012053,2.016120,1.998470,2.015778,1.996055,0.045531,0.876563,0.099430,1.625247,0.107737,0.140431,0.095513,0.363656,0.907782
3.383333,2.052962,2.005640,2.004912,2.012047,2.016119,1.998470,2.015780,1.996057,0.045599,0.876846,0.099312,1.625222,0.107578,0.141982,0.095390,0.363974,0.907793
3.400000,2.053219,2.005758,2.004884,2.012032,2.016118,1.998470,2.015782,1.996073,0.045719,0.877015,0.099151,1.627238,0.107008,0.145499,0.095095,0.364162,0.907800
3.416667,2.053509,2.005880,2.004891,2.011991,2.016116,1.998472,2.015789,1.995992,0.045909,0.877129,0.098741,1.631336,0.106391,0.149367,0.094800,0.364168,0.907807
3.433333,2.053790,2.005983,2.004903,2.011947,2.016115,1.998474,2.015800,1.995786,0.046101,0.877209,0.098365,1.635381,0.105841,0.152656,0.094548,0.364102,0.907813
3.450000,2.054053,2.006082,2.004745,2.011828,2.016116,1.998477,2.015812,1.995567,0.046295,0.877279,0.097933,1.639292,0.105359,0.155469,0.094438,0.364001,0.907819
3.466667,2.054431,2.006196,2.004476,2.011565,2.016530,1.998482,2.015823,1.995338,0.046463,0.877353,0.097352,1.645168,0.104823,0.158460,0.094418,0.365379,0.919707
3.483333,2.054730,2.006316,2.004137,2.011206,2.017223,1.998487,2.015834,1.995090,0.046607,0.877430,0.096773,1.649921,0.104371,0.160638,0.094474,0.367550,0.939539
3.500000,2.054916,2.006523,2.003810,2.010870,2.017901,1.998493,2.015848,1.994814,0.046847,0.877520,0.096193,1.652990,0.103528,0.164409,0.094055,0.369463,0.958752
3.516667,2.054950,2.006873,2.003461,2.010524,2.018566,1.998500,2.015865,1.994534,0.047216,0.877643,0.095485,1.654032,0.102277,0.171829,0.093235,0.371007,0.977333
3.533333,2.054965,2.007343,2.003129,2.010195,2.019211,1.998506,2.015880,1.994239,0.047760,0.877759,0.094982,1.654654,0.099849,0.182811,0.090868,0.372181,0.995074
3.550000,2.054970,2.007907,2.002841,2.009902,2.019906,1.998511,2.015897,1.993935,0.048394,0.877897,0.094396,1.655034,0.097195,0.197582,0.088293,0.373009,1.011741
3.566667,2.054623,2.008526,2.002663,2.009693,2.020954,1.998513,2.015947,1.993627,0.049085,0.880563,0.093845,1.651208,0.094509,0.215913,0.085734,0.373328,1.026866
3.583333,2.053155,2.009140,2.002458,2.009470,2.021939,1.998519,2.016077,1.993326,0.049809,0.888783,0.093066,1.636868,0.092391,0.236676,0.083627,0.372703,1.041651
3.600000,2.052072,2.009650,2.002342,2.009322,2.022848,1.998457,2.016362,1.993023,0.050469,0.906172,0.092333,1.623460,0.091284,0.259412,0.082381,0.371599,1.056402
3.616667,2.050866,2.010104,2.002292,2.009281,2.023682,1.998348,2.017009,1.992731,0.051001,0.962116,0.091849,1.607936,0.089704,0.286501,0.080512,0.370709,1.070482
3.633333,2.049584,2.010336,2.002347,2.009290,2.024407,1.998260,2.017878,1.992456,0.051504,1.041155,0.091577,1.590526,0.087905,0.309321,0.078343,0.370402,1.084463
3.650000,2.048160,2.010091,2.002569,2.009280,2.025057,1.998181,2.018572,1.992376,0.052164,1.107905,0.091262,1.571090,0.086538,0.313354,0.076750,0.370379,1.098020
3.666667,2.047167,2.009810,2.002921,2.009028,2.025581,1.998185,2.018987,1.992182,0.053163,1.157862,0.090799,1.561648,0.084751,0.317942,0.075301,0.370426,1.110880
3.683333,2.046479,2.009488,2.003283,2.008515,2.026048,1.998279,2.019251,1.991745,0.054056,1.190136,0.090741,1.553774,0.083100,0.321684,0.073629,0.370571,1.123193
3.700000,2.045505,2.009103,2.003550,2.007654,2.026695,1.998401,2.019351,1.991095,0.054832,1.206308,0.090842,1.539422,0.081868,0.327319,0.071934,0.370874,1.129112
3.716667,2.044480,2.008894,2.003692,2.006573,2.027123,1.998526,2.019358,1.990290,0.055609,1.211594,0.091053,1.521665,0.080958,0.337813,0.070234,0.371487,1.131216
3.733333,2.043327,2.008825,2.003767,2.005750,2.027341,1.998640,2.019280,1.989305,0.056414,1.209528,0.091333,1.500714,0.080611,0.343597,0.068899,0.372013,1.132663
3.750000,2.042167,2.008670,2.003780,2.005237,2.026970,1.998853,2.019195,1.988179,0.056918,1.206903,0.091745,1.477928,0.081258,0.338436,0.068585,0.366627,1.118366
3.766667,2.041060,2.008387,2.003792,2.004934,2.026401,1.999194,2.019087,1.986972,0.056804,1.201515,0.092414,1.454287,0.082431,0.326649,0.068631,0.356277,1.100288
3.783333,2.039713,2.008157,2.003805,2.004708,2.026052,1.999534,2.018956,1.985917,0.056373,1.193909,0.093396,1.427846,0.083585,0.315515,0.068025,0.348297,1.089880
3.800000,2.038383,2.007780,2.003782,2.004533,2.025790,1.999792,2.018868,1.985411,0.056456,1.185813,0.093907,1.401157,0.084497,0.300575,0.067528,0.341693,1.082123
3.816667,2.037309,2.007565,2.003741,2.004356,2.025243,2.000047,2.018809,1.985183,0.056978,1.177665,0.094597,1.369289,0.085012,0.285577,0.066780,0.335827,1.066191
3.833333,2.036641,2.007555,2.003682,2.004184,2.024538,2.000286,2.018798,1.985263,0.057975,1.170275,0.095350,1.335213,0.084903,0.270129,0.065981,0.330510,1.045455
3.850000,2.036962,2.007603,2.003623,2.004015,2.023762,2.000512,2.018743,1.985197,0.059311,1.160961,0.096039,1.316729,0.083969,0.253667,0.065067,0.325950,1.022648
3.866667,2.037239,2.007648,2.003562,2.003662,2.022970,2.000733,2.018656,1.984848,0.060959,1.150196,0.097007,1.298751,0.082711,0.238986,0.064165,0.320540,0.999407
3.883333,2.036812,2.007750,2.003503,2.002652,2.022190,2.000957,2.018561,1.984497,0.062984,1.138756,0.098436,1.268824,0.080693,0.233623,0.063491,0.315194,0.976658
3.900000,2.036114,2.007810,2.003630,2.002114,2.021634,2.001159,2.018486,1.984486,0.065348,1.127533,0.100406,1.242495,0.078294,0.229053,0.062978,0.314801,0.959860
3.916667,2.035306,2.007876,2.003850,2.001822,2.020867,2.001358,2.018418,1.984669,0.067788,1.116308,0.102574,1.222879,0.076260,0.226146,0.062556,0.316548,0.938130
3.933333,2.034458,2.008099,2.004046,2.001600,2.019852,2.001608,2.018355,1.984948,0.070801,1.104930,0.104420,1.207933,0.074521,0.230766,0.062171,0.318145,0.910623
3.950000,2.033577,2.008446,2.004210,2.001446,2.018693,2.001903,2.018283,1.985294,0.074159,1.093258,0.105942,1.197767,0.072827,0.241451,0.061750,0.319395,0.880468
3.966667,2.032867,2.008828,2.004322,2.001173,2.017548,2.002244,2.018208,1.985666,0.077922,1.081224,0.107090,1.192720,0.070968,0.254895,0.061145,0.318446,0.852849
3.983333,2.032508,2.009271,2.004395,2.000882,2.016345,2.002640,2.018133,1.985991,0.082268,1.069027,0.107873,1.186336,0.068966,0.272900,0.060387,0.316362,0.826775
4.000000,2.032458,2.009806,2.004443,2.000599,2.015046,2.003102,2.018055,1.986303,0.087393,1.056636,0.108404,1.181654,0.066797,0.297315,0.059597,0.313858,0.801298
4.016667,2.032641,2.010402,2.004485,2.000322,2.013738,2.003600,2.017975,1.986601,0.093014,1.044212,0.108874,1.176910,0.064630,0.327736,0.058965,0.311274,0.778777
4.033333,2.032197,2.010911,2.004507,2.000075,2.012316,2.004000,2.017895,1.986928,0.097123,1.031894,0.109367,1.175005,0.063100,0.353966,0.058581,0.308774,0.757015
4.050000,2.032013,2.011209,2.004514,1.999844,2.010817,2.004361,2.017816,1.987182,0.100955,1.019697,0.109748,1.170204,0.062670,0.368815,0.058352,0.306373,0.732514
4.066667,2.031517,2.011373,2.004507,1.999650,2.009317,2.004732,2.017737,1.987445,0.105527,1.007721,0.110201,1.168356,0.063107,0.375866,0.058268,0.304033,0.707490
4.083333,2.031001,2.011474,2.004491,1.999496,2.007922,2.005051,2.017659,1.987683,0.109800,0.996223,0.110503,1.167662,0.063814,0.379666,0.058365,0.301775,0.685894
4.100000,2.030378,2.011553,2.004469,1.999358,2.006362,2.005333,2.017587,1.987916,0.113193,0.985358,0.110736,1.171532,0.064408,0.382678,0.058411,0.299689,0.673766
4.116667,2.029795,2.011601,2.004442,1.999268,2.004498,2.005617,2.017520,1.988121,0.116258,0.975223,0.110994,1.175100,0.064974,0.384667,0.058394,0.297815,0.666177
4.133333,2.029106,2.011610,2.004417,1.999177,2.002307,2.005943,2.017459,1.988315,0.119631,0.965898,0.111195,1.181310,0.065671,0.384994,0.058421,0.296115,0.662198
4.150000,2.028445,2.011594,2.004418,1.999247,1.999815,2.006303,2.017403,1.988495,0.123276,0.957485,0.111359,1.189454,0.066426,0.384405,0.058531,0.297394,0.653569
4.166667,2.027841,2.011564,2.004458,1.999540,1.996998,2.006682,2.017354,1.988635,0.126987,0.950078,0.111841,1.184079,0.067113,0.383316,0.058702,0.302512,0.640231
4.183333,2.027136,2.011520,2.004504,1.999879,1.993888,2.006998,2.017312,1.988764,0.130255,0.943719,0.112239,1.181086,0.067910,0.381973,0.058991,0.308311,0.628821
4.200000,2.026227,2.011470,2.004527,2.000060,1.990706,2.007101,2.017277,1.988882,0.131735,0.938447,0.112784,1.174057,0.068798,0.380434,0.059516,0.311562,0.619315
4.216667,2.025564,2.011433,2.004548,2.000143,1.988350,2.006996,2.017247,1.988964,0.131492,0.934404,0.113286,1.167361,0.069671,0.379217,0.060076,0.313399,0.618298
4.233333,2.025202,2.011414,2.004604,2.000203,1.987275,2.006756,2.017226,1.989012,0.130069,0.931660,0.113606,1.163961,0.070552,0.378483,0.060584,0.315297,0.628659
4.250000,2.025005,2.011407,2.004660,2.000235,1.986289,2.006429,2.017210,1.989037,0.128068,0.930070,0.113843,1.162164,0.071359,0.378111,0.061150,0.316833,0.639000
4.266667,2.024899,2.011401,2.004729,2.000257,1.985621,2.006066,2.017198,1.989048,0.125812,0.929197,0.114024,1.161199,0.072035,0.377782,0.061670,0.318580,0.649553
4.283333,2.024843,2.011392,2.004818,2.000285,1.985882,2.005719,2.017191,1.989054,0.123628,0.928736,0.114180,1.160685,0.072633,0.377402,0.062125,0.320749,0.662960
4.300000,2.024814,2.011383,2.004917,2.000302,1.986889,2.005361,2.017185,1.989057,0.121362,0.928494,0.114320,1.160412,0.073161,0.377011,0.062544,0.323224,0.678270
4.316667,2.024799,2.011372,2.005026,2.000332,1.988467,2.004985,2.017180,1.989058,0.118871,0.928377,0.114451,1.160266,0.073632,0.376605,0.062948,0.326100,0.695641
4.333333,2.024792,2.011360,2.005149,2.000377,1.990383,2.004590,2.017175,1.989057,0.116314,0.928325,0.114579,1.160189,0.074067,0.376172,0.063352,0.329383,0.714572
4.350000,2.024987,2.011384,2.005288,2.000438,1.992719,2.004193,2.017172,1.989057,0.113321,0.928326,0.114638,1.160051,0.074472,0.377864,0.063858,0.333224,0.736117
4.366667,2.025287,2.011423,2.005440,2.000517,1.995135,2.003843,2.017173,1.989056,0.109820,0.928364,0.114712,1.156136,0.074761,0.380548,0.064343,0.337580,0.759571
4.383333,2.025511,2.011452,2.005589,2.000589,1.997328,2.003505,2.017177,1.989053,0.106349,0.928406,0.115014,1.142696,0.075047,0.382940,0.064817,0.342058,0.782350
4.400000,2.025740,2.011485,2.005745,2.000671,1.999627,2.003246,2.017178,1.989045,0.103720,0.928438,0.115416,1.127221,0.075705,0.385616,0.065452,0.346812,0.807241
4.416667,2.025949,2.011516,2.005896,2.000750,2.001754,2.003047,2.017177,1.989032,0.101831,0.928450,0.115899,1.110166,0.076637,0.388073,0.066205,0.351588,0.831935
4.433333,2.026122,2.011516,2.006044,2.000816,2.003623,2.002848,2.017176,1.989052,0.100113,0.928448,0.116668,1.092060,0.077492,0.390388,0.066976,0.356253,0.854982
4.450000,2.026251,2.011437,2.006195,2.000874,2.005273,2.002650,2.017176,1.989141,0.098591,0.928435,0.117970,1.073734,0.078163,0.391882,0.067751,0.360761,0.876431
4.466667,2.026347,2.011322,2.006350,2.000929,2.006886,2.002440,2.017175,1.989276,0.097030,0.928419,0.119683,1.054937,0.078799,0.393353,0.068609,0.365223,0.897884
4.483333,2.026457,2.011176,2.006444,2.000489,2.008136,2.002243,2.017131,1.989318,0.096127,0.928222,0.122063,1.036001,0.079447,0.393431,0.069508,0.369423,0.913497
4.500000,2.026534,2.011153,2.006733,2.000112,2.009133,2.002043,2.017071,1.989297,0.095384,0.927973,0.124434,1.017331,0.080021,0.395102,0.070273,0.373796,0.924564
4.516667,2.026685,2.011127,2.007095,1.999787,2.009908,2.001873,2.017149,1.989228,0.094525,0.940481,0.126211,1.000979,0.080383,0.394753,0.070722,0.378253,0.932840
4.533333,2.027012,2.011097,2.007446,1.999013,2.010536,2.001714,2.017447,1.989120,0.093553,0.973586,0.127388,0.991158,0.080555,0.396039,0.070977,0.382796,0.939237
4.550000,2.027165,2.011065,2.007813,1.997724,2.011074,2.001562,2.017684,1.989088,0.092493,1.000706,0.129437,0.979607,0.080528,0.396703,0.071119,0.387441,0.944371
4.566667,2.027165,2.011054,2.008200,1.996748,2.011571,2.001404,2.017867,1.989193,0.091423,1.023201,0.131976,0.961728,0.080530,0.398009,0.071272,0.391978,0.948612
4.583333,2.026867,2.011008,2.008612,1.996088,2.012057,2.001230,2.018055,1.989674,0.090338,1.043501,0.134306,0.945236,0.080518,0.400368,0.071485,0.396400,0.952193
4.600000,2.026724,2.010971,2.009068,1.995632,2.013240,2.001003,2.018250,1.990525,0.087454,1.064378,0.137774,0.932147,0.080115,0.409919,0.071788,0.402714,0.964501
4.616667,2.026703,2.011018,2.009465,1.995545,2.014980,2.000738,2.018426,1.991436,0.083562,1.084650,0.141322,0.920587,0.079682,0.423789,0.072296,0.408068,0.962921
4.633333,2.026962,2.010991,2.010202,1.996548,2.017027,2.000482,2.018648,1.992470,0.079471,1.102167,0.142410,0.927046,0.079465,0.433831,0.073022,0.410292,0.965444
4.650000,2.027209,2.010912,2.011314,1.998179,2.018704,2.000288,2.018886,1.993392,0.075561,1.118578,0.141904,0.946588,0.079200,0.452210,0.073851,0.411732,0.964502
4.666667,2.027322,2.010972,2.012382,1.999882,2.019987,2.000145,2.019057,1.994427,0.072346,1.133657,0.140819,0.967425,0.078929,0.479931,0.074672,0.413330,0.960944
4.683333,2.027252,2.011178,2.013314,2.001197,2.020669,2.000024,2.019158,1.995186,0.070384,1.148516,0.139136,0.988159,0.078703,0.515354,0.075397,0.415655,0.951969
4.700000,2.027236,2.011431,2.014137,2.002259,2.020627,1.999935,2.019250,1.995836,0.069416,1.161482,0.135332,1.009183,0.078704,0.547078,0.075955,0.418726,0.949151
4.716667,2.027269,2.011553,2.014897,2.003299,2.020694,1.999853,2.019284,1.996455,0.068766,1.168905,0.133695,1.028449,0.078726,0.566839,0.076329,0.422482,0.953533
4.733333,2.027170,2.011676,2.015479,2.003416,2.020887,1.999774,2.019275,1.997069,0.068236,1.172841,0.132641,1.045731,0.078692,0.594959,0.076611,0.426053,0.961572
4.750000,2.027024,2.011745,2.015919,2.003160,2.021086,1.999698,2.019240,1.997612,0.067791,1.174898,0.131015,1.061110,0.078768,0.622742,0.076880,0.429142,0.971508
4.766667,2.026841,2.011751,2.016272,2.002881,2.021284,1.999621,2.019182,1.998095,0.067401,1.175931,0.129165,1.074581,0.078938,0.647066,0.077149,0.429436,0.982458
4.783333,2.026628,2.011740,2.016472,2.002580,2.021498,1.999545,2.019103,1.998518,0.067042,1.176398,0.127141,1.086071,0.079197,0.667659,0.077432,0.427110,0.993925
4.800000,2.026369,2.011713,2.016656,2.002009,2.021750,1.999465,2.019002,1.998871,0.066708,1.176545,0.125337,1.092214,0.079519,0.683694,0.077705,0.426821,1.005607
4.816667,2.026117,2.011674,2.016837,2.001233,2.022009,1.999386,2.018880,1.999196,0.066406,1.176505,0.123216,1.100152,0.079896,0.698734,0.077983,0.428101,1.017435
4.833333,2.025929,2.011638,2.016977,2.000260,2.022420,1.999303,2.018729,1.999469,0.066131,1.176341,0.121278,1.107137,0.080538,0.713287,0.078600,0.430986,1.031417
4.850000,2.025735,2.011622,2.017064,1.999499,2.023421,1.999228,2.018498,1.999715,0.065787,1.173395,0.119292,1.109336,0.081445,0.730424,0.079573,0.427503,1.054533
4.866667,2.025530,2.011595,2.016875,1.999102,2.025025,1.999200,2.018185,1.999923,0.065364,1.163671,0.117371,1.109670,0.082324,0.744523,0.080527,0.405146,1.085222
4.883333,2.025332,2.011542,2.016536,1.998345,2.026814,1.999171,2.017851,2.000093,0.064976,1.152556,0.115692,1.108137,0.083192,0.756201,0.081616,0.378605,1.099810
4.900000,2.025155,2.011462,2.016247,1.997663,2.028522,1.999159,2.017870,2.000224,0.064645,1.141356,0.114554,1.102409,0.083996,0.763647,0.082663,0.353414,1.112613
4.916667,2.025017,2.011364,2.016097,1.997031,2.028875,1.999177,2.017922,2.000216,0.064753,1.129954,0.114085,1.093319,0.084629,0.767101,0.083506,0.333174,1.103427
4.933333,2.025018,2.011244,2.015943,1.996800,2.029058,1.999210,2.017969,2.000116,0.065071,1.120114,0.114621,1.081069,0.085073,0.766495,0.084167,0.320999,1.095973
4.950000,2.025244,2.011113,2.015733,1.996900,2.029194,1.999241,2.017991,1.999972,0.065117,1.111714,0.115930,1.071048,0.085437,0.759377,0.084962,0.312694,1.094149
4.966667,2.025458,2.010962,2.015511,1.996559,2.029194,1.999255,2.018029,1.999840,0.065122,1.106866,0.117488,1.065242,0.085737,0.747776,0.085796,0.302986,1.093720
4.983333,2.025748,2.010777,2.015587,1.995907,2.029308,1.999261,2.018053,1.999691,0.065437,1.104295,0.120176,1.062687,0.084463,0.731789,0.085132,0.292299,1.097707
5.000000,2.026021,2.010584,2.015992,1.994422,2.029018,1.999219,2.018081,1.999596,0.065831,1.102964,0.123008,1.062461,0.083229,0.714784,0.084657,0.280757,1.094615
5.016667,2.026220,2.010356,2.016208,1.991465,2.028741,1.999173,2.018103,1.999546,0.066224,1.102292,0.123259,1.071541,0.082399,0.694252,0.084480,0.268159,1.092967
5.033333,2.026402,2.010066,2.016329,1.987431,2.028464,1.999125,2.018115,1.999521,0.066661,1.101962,0.122201,1.086743,0.081702,0.667758,0.084420,0.255361,1.092248
5.050000,2.026519,2.009796,2.016402,1.982418,2.028178,1.999080,2.018132,1.999603,0.067072,1.101843,0.121331,1.092788,0.081284,0.645391,0.084555,0.242828,1.091823
5.066667,2.026603,2.009532,2.016450,1.976385,2.027880,1.999039,2.018162,1.999727,0.067438,1.101845,0.120371,1.096951,0.081175,0.624516,0.084974,0.230582,1.091567
5.083333,2.026709,2.009279,2.016476,1.969158,2.027580,1.999000,2.018183,1.999775,0.067806,1.101909,0.120316,1.094446,0.081243,0.602856,0.085550,0.218473,1.091540
5.100000,2.026832,2.009020,2.016487,1.960457,2.027286,1.998965,2.018144,1.999876,0.068160,1.101933,0.121581,1.082154,0.081319,0.579693,0.086126,0.206380,1.091502
5.116667,2.026985,2.008761,2.016564,1.951570,2.026989,1.998932,2.018065,2.000003,0.068445,1.101932,0.123361,1.066148,0.081507,0.556216,0.086680,0.195248,1.091293
5.133333,2.027110,2.008531,2.016741,1.942937,2.026678,1.998903,2.018009,2.000147,0.068736,1.101942,0.124812,1.053890,0.081703,0.535486,0.087266,0.185264,1.090330
5.150000,2.027245,2.008359,2.016931,1.933709,2.026537,1.998875,2.017961,2.000205,0.069066,1.101949,0.125963,1.048620,0.081839,0.520110,0.087889,0.176177,1.089516
5.166667,2.027357,2.008223,2.017065,1.924074,2.026518,1.998849,2.017924,2.000229,0.069401,1.101956,0.126984,1.046243,0.081904,0.508153,0.088461,0.168214,1.089893
5.183333,2.027493,2.008105,2.017175,1.914046,2.026547,1.998828,2.017893,2.000233,0.069711,1.101963,0.127860,1.046411,0.081927,0.497870,0.088958,0.161066,1.090639
5.200000,2.027606,2.008018,2.017320,1.904097,2.026623,1.998811,2.017868,2.000225,0.069996,1.101967,0.128517,1.047400,0.081953,0.490298,0.089394,0.154842,1.092451
5.216667,2.027692,2.007953,2.017683,1.896478,2.026853,1.998806,2.017848,2.000215,0.070221,1.101969,0.129004,1.048531,0.081956,0.484801,0.089683,0.150631,1.099202
5.233333,2.027751,2.007903,2.018165,1.890188,2.027109,1.998809,2.017835,2.000207,0.070405,1.101971,0.129373,1.049363,0.081948,0.480745,0.089878,0.147319,1.107132
5.250000,2.027768,2.007869,2.018727,1.884432,2.027378,1.998818,2.017831,2.000209,0.070557,1.101978,0.129723,1.048972,0.081923,0.478123,0.089999,0.144771,1.115946
5.266667,2.027775,2.007849,2.019340,1.878667,2.027644,1.998834,2.017829,2.000211,0.070689,1.101982,0.129909,1.048762,0.081905,0.476700,0.090081,0.142851,1.125311
5.283333,2.027778,2.007835,2.019988,1.872542,2.027900,1.998852,2.017829,2.000212,0.070807,1.101985,0.130006,1.048645,0.081890,0.475925,0.090137,0.141472,1.135053
5.300000,2.027778,2.007827,2.020515,1.867870,2.028103,1.998869,2.017828,2.000212,0.070890,1.101986,0.130056,1.048581,0.081877,0.475509,0.090165,0.140751,1.143280
5.316667,2.027778,2.007822,2.020807,1.865771,2.028211,1.998879,2.017828,2.000212,0.070934,1.101987,0.130083,1.048546,0.081870,0.475292,0.090177,0.140363,1.147829
5.333333,2.027778,2.007819,2.020967,1.864670,2.028269,1.998884,2.017828,2.000213,0.070958,1.101988,0.130096,1.048528,0.081866,0.475182,0.090184,0.140154,1.150283
5.350000,2.027772,2.007817,2.021067,1.863995,2.028322,1.998890,2.017832,2.000138,0.070964,1.101988,0.130101,1.048526,0.081860,0.475127,0.090175,0.140291,1.152514
5.366667,2.027764,2.007815,2.021129,1.863716,2.028372,1.998895,2.017838,2.000043,0.070962,1.101987,0.130101,1.048529,0.081854,0.475103,0.090163,0.140478,1.154573
5.383333,2.027757,2.007813,2.021173,1.863657,2.028427,1.998900,2.017843,1.999948,0.070952,1.101985,0.130098,1.048535,0.081848,0.475095,0.090146,0.140714,1.156782
5.400000,2.027748,2.007811,2.021210,1.863714,2.028495,1.998906,2.017850,1.999833,0.070937,1.101984,0.130094,1.048544,0.081841,0.475095,0.090126,0.141005,1.159373
5.416667,2.027739,2.007809,2.021249,1.863852,2.028591,1.998914,2.017857,1.999707,0.070912,1.101981,0.130088,1.048555,0.081833,0.475099,0.090099,0.141378,1.162819
5.433333,2.027728,2.007806,2.021295,1.864050,2.028723,1.998922,2.017864,1.999569,0.070877,1.101979,0.130082,1.048567,0.081824,0.475106,0.090067,0.141827,1.167327
5.450000,2.027717,2.007803,2.021345,1.864240,2.028886,1.998932,2.017873,1.999414,0.070833,1.101977,0.130075,1.048578,0.081815,0.475114,0.090031,0.142329,1.172679
5.466667,2.027707,2.007801,2.021395,1.864381,2.029078,1.998940,2.017947,1.999252,0.070668,1.108973,0.130081,1.048593,0.081940,0.475127,0.090047,0.142896,1.178785
5.483333,2.027698,2.007798,2.021482,1.864447,2.029234,1.998947,2.018048,1.999082,0.070448,1.118888,0.130095,1.048610,0.082131,0.475146,0.090087,0.143802,1.180622
5.500000,2.027688,2.007857,2.021591,1.864280,2.029370,1.998955,2.018110,1.998906,0.070352,1.124238,0.129994,1.048586,0.082444,0.479205,0.090399,0.145047,1.179677
5.516667,2.027678,2.007969,2.021728,1.863891,2.029484,1.998963,2.018151,1.998720,0.070449,1.127132,0.129845,1.048544,0.082497,0.486525,0.090622,0.146411,1.177796
5.533333,2.027670,2.008076,2.021926,1.865331,2.029568,1.998969,2.018180,1.998540,0.070477,1.128697,0.129759,1.048532,0.082593,0.492781,0.090791,0.148402,1.174310
5.550000,2.027676,2.008195,2.022459,1.878444,2.029608,1.998972,2.018209,1.998339,0.070300,1.129556,0.130143,1.048214,0.082324,0.495843,0.090222,0.153110,1.165944
5.566667,2.027749,2.008336,2.023055,1.892544,2.029761,1.999014,2.018273,1.998158,0.070004,1.135798,0.130475,1.049306,0.081897,0.495453,0.089374,0.157875,1.155589
5.583333,2.027798,2.008499,2.023642,1.905744,2.030304,1.999119,2.018347,1.997986,0.069576,1.145623,0.130713,1.050576,0.081436,0.493554,0.088440,0.162468,1.148997
5.600000,2.027872,2.008636,2.024252,1.918689,2.031039,1.999195,2.018535,1.997791,0.069213,1.154677,0.131022,1.051339,0.080918,0.491664,0.087567,0.167263,1.147129
5.616667,2.028273,2.008771,2.024922,1.931202,2.031864,1.999269,2.018771,1.997607,0.068852,1.161321,0.132184,1.052537,0.080469,0.490559,0.086849,0.172514,1.151287
5.633333,2.028969,2.008918,2.025337,1.940123,2.032421,1.999341,2.018906,1.997489,0.068546,1.170705,0.132954,1.062848,0.080109,0.490623,0.086232,0.175233,1.157234
5.650000,2.030157,2.009120,2.025426,1.946423,2.032892,1.999368,2.019047,1.997319,0.068322,1.183418,0.130780,1.092773,0.079947,0.492290,0.085787,0.175845,1.164370
5.666667,2.031111,2.009364,2.025366,1.951017,2.033334,1.999363,2.019175,1.997106,0.068155,1.190354,0.129695,1.110932,0.079848,0.495728,0.085414,0.175608,1.171963
5.683333,2.031999,2.009591,2.025364,1.950230,2.033871,1.999354,2.019288,1.996870,0.068009,1.194155,0.129200,1.122963,0.079803,0.499931,0.085107,0.179919,1.181710
5.700000,2.032847,2.009850,2.025530,1.946169,2.034364,1.999398,2.019383,1.996616,0.067600,1.196241,0.129025,1.129573,0.079873,0.504865,0.084932,0.189255,1.190036
5.716667,2.033430,2.010147,2.025832,1.942233,2.034783,1.999457,2.019469,1.996400,0.067107,1.197409,0.129494,1.127645,0.079957,0.510453,0.084749,0.201150,1.200087
5.733333,2.033849,2.010351,2.026196,1.938193,2.034806,1.999498,2.019548,1.996172,0.066653,1.198077,0.130259,1.122448,0.080052,0.512265,0.084633,0.213579,1.207703
5.750000,2.034039,2.010264,2.026553,1.933994,2.034797,1.999535,2.019608,1.995761,0.066282,1.198446,0.130987,1.116819,0.080187,0.502324,0.084576,0.225118,1.216231
5.766667,2.034063,2.010139,2.026891,1.929668,2.034782,1.999572,2.019659,1.995194,0.065974,1.198660,0.131986,1.110025,0.080381,0.492109,0.084719,0.235312,1.226528
5.783333,2.033990,2.010005,2.027195,1.925829,2.034791,1.999604,2.019804,1.994519,0.065787,1.207767,0.133085,1.102613,0.080626,0.482413,0.084991,0.244554,1.237271
5.800000,2.033797,2.009870,2.027453,1.923479,2.034789,1.999627,2.019852,1.993737,0.065730,1.212162,0.134188,1.094413,0.080886,0.473306,0.085298,0.253853,1.243882
5.816667,2.033517,2.009787,2.027642,1.921099,2.034826,1.999645,2.019797,1.992846,0.065782,1.210937,0.135302,1.085603,0.081192,0.467350,0.085727,0.261633,1.247622
5.833333,2.033415,2.009770,2.027791,1.918547,2.034898,1.999662,2.019676,1.991669,0.065956,1.206211,0.135195,1.082374,0.081599,0.464091,0.086268,0.268442,1.249826
5.850000,2.033346,2.009727,2.027950,1.908972,2.034998,1.999681,2.019546,1.990383,0.066164,1.200160,0.134587,1.080520,0.082044,0.459369,0.086792,0.275495,1.251221
5.866667,2.033230,2.009701,2.028005,1.889635,2.035116,1.999701,2.019383,1.988860,0.066401,1.190926,0.134252,1.077192,0.082450,0.456206,0.087316,0.283395,1.252189
5.883333,2.033060,2.009655,2.027993,1.875223,2.035255,1.999728,2.019234,1.987365,0.066681,1.180931,0.134199,1.072383,0.083040,0.452829,0.088121,0.263233,1.252961
5.900000,2.031946,2.009634,2.027965,1.861648,2.035401,1.999754,2.019115,1.986565,0.066998,1.170310,0.134896,1.050605,0.083970,0.451485,0.089238,0.241202,1.253617
5.916667,2.029861,2.009653,2.027801,1.845016,2.035565,1.999783,2.019017,1.986257,0.067289,1.159391,0.135752,1.010828,0.085060,0.453030,0.090219,0.222927,1.254277
5.933333,2.028059,2.009767,2.027551,1.824683,2.034742,1.999845,2.018935,1.986181,0.067636,1.148445,0.135615,0.983364,0.086576,0.459772,0.091731,0.208153,1.242481
5.950000,2.027011,2.009906,2.027283,1.798996,2.033160,1.999896,2.018857,1.986187,0.068016,1.137210,0.132965,0.971524,0.088412,0.467599,0.093557,0.196797,1.220955
5.966667,2.026974,2.009987,2.027110,1.769285,2.030969,1.999861,2.018779,1.986158,0.068344,1.125707,0.128838,0.970769,0.089963,0.472798,0.094935,0.190947,1.191673
5.983333,2.027442,2.009993,2.027093,1.739752,2.028433,1.999836,2.018705,1.986142,0.068915,1.113983,0.124377,0.976489,0.090637,0.474800,0.095604,0.184362,1.159196
6.000000,2.027848,2.009985,2.027135,1.714453,2.026029,1.999828,2.018630,1.986221,0.069816,1.102012,0.121557,0.981597,0.090165,0.476130,0.095578,0.172672,1.130291
6.016667,2.028053,2.009954,2.027168,1.692742,2.024082,1.999831,2.018550,1.986376,0.070971,1.089906,0.120219,0.984469,0.088358,0.476003,0.094559,0.158864,1.108493
6.033333,2.028116,2.009903,2.027072,1.667449,2.022352,1.999844,2.018469,1.986554,0.071965,1.077825,0.119782,0.984462,0.086799,0.474722,0.093698,0.149137,1.087773
6.050000,2.028119,2.009898,2.026976,1.638238,2.021199,1.999847,2.018393,1.986746,0.072898,1.065899,0.119833,0.982979,0.085881,0.471689,0.093475,0.144787,1.067238
6.066667,2.028082,2.009912,2.026882,1.599722,2.020508,1.999847,2.018322,1.986935,0.073818,1.054292,0.120083,0.980790,0.085019,0.468751,0.093323,0.143562,1.052268
6.083333,2.028063,2.009931,2.026838,1.563403,2.020055,1.999847,2.018254,1.987105,0.074617,1.043122,0.120438,0.978260,0.084313,0.466112,0.093230,0.143671,1.040529
6.100000,2.028088,2.009950,2.026847,1.535923,2.019533,1.999867,2.018190,1.987247,0.075226,1.032504,0.120790,0.975646,0.083825,0.463565,0.093223,0.144194,1.035247
6.116667,2.028098,2.009967,2.026903,1.513904,2.019020,1.999929,2.018131,1.987380,0.076155,1.022595,0.121130,0.973222,0.083510,0.461183,0.093857,0.142918,1.039140
6.133333,2.028107,2.009982,2.026926,1.486326,2.018616,2.000029,2.018075,1.987498,0.077206,1.013503,0.121360,0.971293,0.083204,0.458778,0.094566,0.142037,1.048378
6.150000,2.028096,2.009992,2.026967,1.462322,2.018709,2.000118,2.018027,1.987609,0.078222,1.005303,0.121332,0.970306,0.082937,0.456592,0.095175,0.141850,1.056280
6.166667,2.028064,2.009999,2.027042,1.440972,2.019135,2.000242,2.017982,1.987703,0.078629,0.997994,0.121275,0.969515,0.083014,0.454766,0.095467,0.140240,1.067678
6.183333,2.028031,2.010005,2.027113,1.418453,2.019104,2.000449,2.017944,1.987784,0.079034,0.991766,0.121183,0.968898,0.082773,0.453294,0.095288,0.138551,1.078145
6.200000,2.027995,2.010010,2.027137,1.394190,2.019007,2.000628,2.017914,1.987851,0.079440,0.986691,0.121100,0.968424,0.082485,0.452063,0.095173,0.138483,1.084324
6.216667,2.027959,2.010012,2.027155,1.378660,2.018843,2.000767,2.017892,1.987901,0.079710,0.982805,0.121047,0.968080,0.082345,0.451089,0.095113,0.138670,1.087767
6.233333,2.027925,2.010014,2.027169,1.369367,2.018674,2.000871,2.017878,1.987935,0.079873,0.980156,0.121027,0.967851,0.082294,0.450420,0.095082,0.138851,1.089741
6.250000,2.027895,2.010014,2.027178,1.364090,2.018563,2.000933,2.017871,1.987954,0.079962,0.978669,0.121026,0.967741,0.082270,0.450048,0.095063,0.138974,1.090782
6.266667,2.027869,2.010014,2.027182,1.361257,2.018503,2.000967,2.017868,1.987965,0.080010,0.977875,0.121032,0.967724,0.082257,0.449849,0.095053,0.139044,1.091361
6.283333,2.027845,2.010014,2.027185,1.359753,2.018471,2.000985,2.017867,1.987972,0.080037,0.977456,0.121043,0.967753,0.082249,0.449744,0.095047,0.139083,1.091670
6.300000,2.027825,2.010013,2.027186,1.358964,2.018454,2.000994,2.017866,1.987976,0.080051,0.977237,0.121055,0.967799,0.082244,0.449688,0.095043,0.139105,1.091818
6.316667,2.027810,2.010013,2.027187,1.358560,2.018445,2.001000,2.017865,1.987978,0.080058,0.977124,0.121065,0.967844,0.082242,0.449659,0.095041,0.139118,1.091898
6.333333,2.027800,2.010013,2.027188,1.358362,2.018440,2.001002,2.017865,1.987979,0.080062,0.977068,0.121071,0.967874,0.082241,0.449645,0.095040,0.139125,1.091942
6.350000,2.027795,2.010013,2.027188,1.358273,2.018438,2.001004,2.017865,1.987980,0.080063,0.977042,0.121075,0.967891,0.082241,0.449638,0.095039,0.139130,1.091968
6.366667,2.027793,2.010013,2.027189,1.358241,2.018437,2.001004,2.017865,1.987981,0.080064,0.977033,0.121077,0.967901,0.082241,0.449635,0.095039,0.139133,1.091983
6.383333,2.027792,2.010013,2.027189,1.358238,2.018437,2.001005,2.017865,1.987981,0.080064,0.977031,0.121079,0.967908,0.082241,0.449634,0.095039,0.139135,1.091992
6.400000,2.027791,2.010013,2.027190,1.358250,2.018437,2.001005,2.017865,1.987981,0.080064,0.977034,0.121079,0.967912,0.082242,0.449635,0.095038,0.139137,1.091997
6.416667,2.027791,2.010013,2.027190,1.358268,2.018438,2.001004,2.017865,1.987981,0.080063,0.977039,0.121080,0.967915,0.082242,0.449635,0.095038,0.139138,1.092001
6.433333,2.027790,2.010013,2.027210,1.358506,2.018437,2.001004,2.017864,1.987980,0.080035,0.977044,0.121124,0.967933,0.082175,0.449622,0.094943,0.139841,1.092004
6.450000,2.027789,2.010017,2.027319,1.364720,2.018435,2.001001,2.017861,1.987977,0.079933,0.977049,0.121301,0.967996,0.081919,0.449581,0.094571,0.141062,1.092004
6.466667,2.027788,2.010020,2.027426,1.370918,2.018433,2.000997,2.017856,1.987973,0.079832,0.977053,0.121476,0.968059,0.081670,0.449542,0.094202,0.142274,1.092002
6.483333,2.027807,2.010027,2.027528,1.377029,2.018429,2.000991,2.017792,1.987804,0.079731,0.976897,0.121668,0.968163,0.081439,0.449509,0.093849,0.143412,1.091998
6.500000,2.027833,2.010034,2.027564,1.381680,2.018423,2.000984,2.017711,1.987592,0.079626,0.976704,0.121879,0.968286,0.081201,0.449476,0.093478,0.144528,1.091994
6.516667,2.027859,2.010041,2.027608,1.388363,2.018419,2.000979,2.017782,1.987400,0.079356,0.994731,0.122365,0.968501,0.080382,0.449471,0.092229,0.145909,1.091989
6.533333,2.027985,2.009983,2.027657,1.394902,2.018413,2.000973,2.017853,1.987224,0.079095,1.012613,0.123959,0.969364,0.079463,0.448011,0.091002,0.147300,1.091984
6.550000,2.028238,2.009866,2.027704,1.401138,2.018408,2.000967,2.017929,1.987085,0.078852,1.029882,0.125299,0.973139,0.078617,0.444047,0.089870,0.148577,1.091979
6.566667,2.028789,2.009749,2.027664,1.412478,2.018351,2.000968,2.018022,1.987114,0.078593,1.043913,0.126087,0.983101,0.077658,0.442850,0.088606,0.147321,1.091999
6.583333,2.029486,2.009855,2.027539,1.428264,2.018294,2.001013,2.018200,1.987401,0.078467,1.063527,0.126231,0.991576,0.076732,0.450860,0.087422,0.143496,1.092063
6.600000,2.030313,2.010146,2.027795,1.450055,2.018245,2.001054,2.018731,1.987598,0.078701,1.108682,0.123883,1.007116,0.075884,0.467099,0.086403,0.138567,1.092180
6.616667,2.030811,2.010560,2.028497,1.481562,2.018148,2.001116,2.019370,1.987916,0.078970,1.152456,0.121545,1.023281,0.075191,0.491485,0.085800,0.136318,1.092138
6.633333,2.030990,2.010949,2.029150,1.508546,2.017680,2.001206,2.020023,1.988184,0.079384,1.185294,0.119326,1.037346,0.074754,0.513378,0.085722,0.135543,1.092302
6.650000,2.031219,2.011376,2.029654,1.524412,2.016641,2.001320,2.020627,1.988508,0.079922,1.210987,0.117198,1.051422,0.074434,0.533570,0.085838,0.136457,1.092986
6.666667,2.031279,2.011705,2.030085,1.533340,2.015689,2.001419,2.021203,1.988874,0.080441,1.232966,0.115115,1.064906,0.074191,0.548555,0.086071,0.138720,1.093548
6.683333,2.031278,2.011901,2.030577,1.539320,2.014845,2.001478,2.022040,1.989329,0.080811,1.264891,0.113529,1.074312,0.073807,0.557123,0.085631,0.144425,1.098645
6.700000,2.030970,2.011969,2.031238,1.548305,2.014434,2.001508,2.023055,1.989970,0.081520,1.307021,0.113498,1.068626,0.073216,0.558771,0.085506,0.152196,1.113556
6.716667,2.030605,2.011990,2.032022,1.560078,2.014006,2.001529,2.024200,1.990388,0.082480,1.355441,0.113839,1.059907,0.072456,0.557764,0.085535,0.161231,1.128958
6.733333,2.030285,2.011943,2.032877,1.572714,2.013577,2.001542,2.025527,1.990679,0.083570,1.407643,0.114486,1.050333,0.071612,0.553337,0.085686,0.171858,1.143921
6.750000,2.029998,2.011849,2.033792,1.586168,2.013199,2.001542,2.026806,1.990903,0.084071,1.454125,0.115351,1.040357,0.071000,0.546769,0.085592,0.183920,1.158825
6.766667,2.029723,2.011751,2.034766,1.600421,2.012848,2.001519,2.028170,1.991082,0.084232,1.500746,0.116242,1.030352,0.070519,0.540250,0.085313,0.197581,1.173486
6.783333,2.029459,2.011653,2.035819,1.615750,2.012487,2.001498,2.029737,1.991234,0.084322,1.548819,0.117089,1.020638,0.070065,0.534018,0.084989,0.213458,1.187474
6.800000,2.029205,2.011560,2.037501,1.650236,2.012083,2.001462,2.031345,1.991359,0.084317,1.593272,0.117862,1.011453,0.069629,0.528293,0.084674,0.225627,1.200766
6.816667,2.028870,2.011468,2.039436,1.686430,2.011765,2.001421,2.033021,1.991539,0.084052,1.634751,0.118638,1.000492,0.069241,0.523080,0.084174,0.240518,1.212096
6.833333,2.028372,2.011363,2.041927,1.724259,2.012286,2.001316,2.034704,1.991851,0.083722,1.672095,0.119485,0.985270,0.068961,0.517905,0.083471,0.261034,1.196112
6.850000,2.027948,2.011267,2.044454,1.756783,2.012445,2.001163,2.036167,1.992102,0.083339,1.701315,0.120057,0.972630,0.068838,0.513492,0.082663,0.284115,1.151194
6.866667,2.027614,2.011178,2.046844,1.784433,2.011896,2.001001,2.037195,1.992278,0.082892,1.720317,0.120196,0.963874,0.068798,0.509708,0.081797,0.305074,1.093712
6.883333,2.027420,2.011101,2.048878,1.804220,2.011352,2.000855,2.037780,1.992327,0.082741,1.731147,0.120564,0.959199,0.068710,0.506827,0.081315,0.321364,1.046881
6.900000,2.027277,2.011031,2.050479,1.815905,2.010864,2.000743,2.037285,1.992320,0.082852,1.721281,0.121276,0.955233,0.068609,0.504672,0.081153,0.332030,1.011721
6.916667,2.027189,2.010962,2.051309,1.818011,2.010144,2.000637,2.036084,1.992312,0.083196,1.696799,0.122004,0.953301,0.068524,0.502877,0.081264,0.339824,0.979070
6.933333,2.027239,2.010861,2.052443,1.817998,2.009409,2.000538,2.034585,1.992287,0.083597,1.664982,0.122638,0.956208,0.068401,0.500222,0.081466,0.340623,0.951805
6.950000,2.027601,2.010644,2.053536,1.816318,2.008559,2.000442,2.033368,1.992216,0.083955,1.641012,0.122583,0.973990,0.068085,0.496166,0.081642,0.340307,0.926519
6.966667,2.027874,2.010398,2.053561,1.813695,2.007839,2.000352,2.032597,1.992346,0.084277,1.625257,0.121977,0.987115,0.067913,0.492525,0.081823,0.341644,0.906745
6.983333,2.027959,2.010134,2.052241,1.803120,2.007289,2.000274,2.032512,1.992906,0.084592,1.615644,0.121257,0.989222,0.067925,0.489581,0.082001,0.343251,0.893095
7.000000,2.027969,2.009883,2.051760,1.792401,2.007230,2.000195,2.032721,1.993560,0.084991,1.609341,0.120629,0.987521,0.068104,0.487669,0.082452,0.341733,0.878985
7.016667,2.027983,2.009684,2.052206,1.780899,2.007631,2.000112,2.032864,1.994067,0.085506,1.604536,0.120252,0.986718,0.068481,0.486739,0.083331,0.342292,0.866289
7.033333,2.027979,2.009524,2.052819,1.777345,2.008115,2.000032,2.032841,1.994537,0.085959,1.584791,0.120082,0.984888,0.068890,0.486500,0.084222,0.340116,0.855574
7.050000,2.027968,2.009392,2.053268,1.775720,2.008591,1.999955,2.032881,1.994959,0.086380,1.566573,0.120079,0.982389,0.069316,0.486771,0.085108,0.340224,0.845826
7.066667,2.027962,2.009261,2.053694,1.774021,2.009003,1.999886,2.032990,1.995342,0.086748,1.551911,0.120176,0.980164,0.069717,0.487507,0.085909,0.340551,0.837035
7.083333,2.027944,2.009141,2.054088,1.772277,2.009390,1.999827,2.033115,1.995647,0.087045,1.539953,0.120361,0.977304,0.070156,0.488349,0.086640,0.341018,0.828523
7.100000,2.027944,2.009054,2.054441,1.770717,2.009709,1.999777,2.033049,1.995772,0.087274,1.531446,0.120611,0.975480,0.070580,0.488988,0.087279,0.341048,0.820713
7.116667,2.027939,2.008981,2.054768,1.769369,2.010005,1.999738,2.033011,1.995870,0.087412,1.525400,0.120899,0.973356,0.071081,0.489534,0.087880,0.340671,0.812952
7.133333,2.027983,2.008856,2.055089,1.768766,2.010227,1.999707,2.033034,1.995895,0.087639,1.519543,0.121152,0.974267,0.071357,0.484069,0.088384,0.338934,0.806842
7.150000,2.028082,2.008675,2.055400,1.769275,2.010404,1.999685,2.032950,1.995879,0.088195,1.515468,0.120726,0.980847,0.071318,0.472712,0.088891,0.336290,0.800730
7.166667,2.028234,2.008516,2.055689,1.770262,2.010521,1.999668,2.032884,1.995821,0.088646,1.512710,0.120467,0.988479,0.071295,0.462281,0.089306,0.333559,0.795689
7.183333,2.028363,2.008392,2.055940,1.770983,2.010633,1.999658,2.032949,1.995744,0.089007,1.510854,0.120520,0.994013,0.071276,0.454082,0.089651,0.331260,0.791983
7.200000,2.028464,2.008295,2.056153,1.771394,2.010757,1.999653,2.032947,1.995676,0.089265,1.509414,0.120690,0.997976,0.071255,0.447760,0.089919,0.329495,0.790505
7.216667,2.028538,2.008224,2.056326,1.771560,2.010860,1.999648,2.033001,1.995619,0.089442,1.508506,0.120879,1.000667,0.071236,0.443157,0.090111,0.328261,0.790132
7.233333,2.028586,2.008176,2.056458,1.771609,2.010949,1.999644,2.033039,1.995582,0.089568,1.507787,0.121036,1.002333,0.071226,0.440135,0.090250,0.327499,0.791222
7.250000,2.028612,2.008149,2.056549,1.771643,2.011006,1.999641,2.033058,1.995564,0.089640,1.506924,0.121132,1.003243,0.071219,0.438457,0.090331,0.327088,0.791891
7.266667,2.028627,2.008133,2.056605,1.771669,2.011037,1.999639,2.033068,1.995554,0.089680,1.506410,0.121184,1.003733,0.071215,0.437557,0.090375,0.326867,0.792261
7.283333,2.028634,2.008125,2.056635,1.771682,2.011053,1.999638,2.033073,1.995549,0.089702,1.506138,0.121212,1.003994,0.071212,0.437074,0.090398,0.326747,0.792467
7.300000,2.028638,2.008121,2.056651,1.771688,2.011063,1.999637,2.033075,1.995547,0.089713,1.505996,0.121227,1.004133,0.071211,0.436817,0.090411,0.326681,0.792583
7.316667,2.028640,2.008119,2.056659,1.771691,2.011068,1.999637,2.033077,1.995545,0.089718,1.505922,0.121234,1.004207,0.071211,0.436681,0.090417,0.326645,0.792652
7.333333,2.028642,2.008117,2.056663,1.771691,2.011070,1.999637,2.033078,1.995545,0.089721,1.505884,0.121238,1.004245,0.071211,0.436611,0.090420,0.326624,0.792693
7.350000,2.028642,2.008117,2.056664,1.771690,2.011072,1.999637,2.033078,1.995544,0.089722,1.505866,0.121241,1.004264,0.071210,0.436575,0.090422,0.326613,0.792719
7.366667,2.028642,2.008117,2.056665,1.771689,2.011073,1.999637,2.033078,1.995544,0.089723,1.505858,0.121242,1.004273,0.071210,0.436558,0.090422,0.326606,0.792737
7.383333,2.028643,2.008117,2.056665,1.771688,2.011074,1.999637,2.033078,1.995543,0.089723,1.505855,0.121242,1.004277,0.071210,0.436551,0.090422,0.326602,0.792750
7.400000,2.028641,2.008116,2.056665,1.771687,2.011074,1.999637,2.033079,1.995494,0.089723,1.505860,0.121242,1.004279,0.071209,0.436549,0.090422,0.326599,0.792761
7.416667,2.028629,2.008115,2.056665,1.771686,2.011076,1.999639,2.033085,1.995168,0.089726,1.505889,0.121237,1.004284,0.071206,0.436547,0.090418,0.326598,0.792771
7.433333,2.028616,2.008113,2.056665,1.771686,2.011078,1.999640,2.033090,1.994846,0.089730,1.505918,0.121232,1.004287,0.071201,0.436546,0.090413,0.326598,0.792780
7.450000,2.028605,2.008112,2.056665,1.771685,2.011080,1.999642,2.033095,1.994525,0.089734,1.505945,0.121226,1.004290,0.071196,0.436546,0.090408,0.326597,0.792788
7.466667,2.028593,2.008110,2.056665,1.771685,2.011082,1.999645,2.033101,1.994185,0.089737,1.505973,0.121220,1.004294,0.071191,0.436545,0.090403,0.326597,0.792795
7.483333,2.028581,2.008108,2.056665,1.771685,2.011084,1.999647,2.033107,1.993827,0.089742,1.506003,0.121213,1.004298,0.071185,0.436545,0.090397,0.326597,0.792802
7.500000,2.028568,2.008097,2.056665,1.771685,2.011086,1.999650,2.033115,1.993434,0.089746,1.506036,0.121206,1.004302,0.071179,0.436082,0.090391,0.326599,0.792809
7.516667,2.028555,2.008065,2.056665,1.771689,2.011089,1.999653,2.033124,1.993035,0.089752,1.506070,0.121198,1.004304,0.071173,0.434577,0.090384,0.326603,0.792816
7.533333,2.028541,2.008030,2.056664,1.771693,2.011092,1.999656,2.033133,1.992623,0.089757,1.506106,0.121190,1.004306,0.071167,0.432985,0.090376,0.326608,0.792823
7.550000,2.028526,2.007997,2.056749,1.772172,2.011152,1.999732,2.033478,1.992188,0.089689,1.515169,0.121192,1.004306,0.071312,0.431666,0.090476,0.327853,0.797939
7.566667,2.028515,2.008068,2.056930,1.773265,2.011426,1.999898,2.033368,1.991976,0.089578,1.517501,0.121033,1.004225,0.071784,0.436125,0.091037,0.330669,0.799689
7.583333,2.028505,2.008146,2.057101,1.774313,2.011160,2.000094,2.032644,1.991883,0.089585,1.507300,0.120864,1.004140,0.072235,0.441076,0.091664,0.333245,0.791936
7.600000,2.028536,2.008225,2.057904,1.777282,2.010756,2.000335,2.031800,1.991904,0.089556,1.493594,0.120720,1.004124,0.072666,0.446019,0.092284,0.333804,0.788299
7.616667,2.028809,2.008317,2.058577,1.779685,2.010422,2.000522,2.031513,1.991823,0.089563,1.488465,0.120749,1.004550,0.073132,0.450436,0.092963,0.335941,0.789679
7.633333,2.029098,2.008485,2.059081,1.781832,2.010580,2.000611,2.031564,1.991863,0.089579,1.488836,0.120929,1.005030,0.073609,0.453765,0.093655,0.348587,0.798468
7.650000,2.029497,2.008617,2.059420,1.783429,2.010930,2.000665,2.031932,1.992013,0.088637,1.497043,0.121274,1.005762,0.074405,0.457664,0.093549,0.361423,0.809058
7.666667,2.029968,2.008757,2.060183,1.785283,2.011304,2.000699,2.032565,1.992159,0.088008,1.507945,0.121689,1.006757,0.075066,0.462054,0.093611,0.372863,0.819684
7.683333,2.030310,2.009022,2.061624,1.796780,2.011665,2.000723,2.033091,1.992391,0.087632,1.514441,0.122371,1.002800,0.075579,0.467463,0.093728,0.375980,0.829573
7.700000,2.030685,2.009529,2.061251,1.802240,2.011908,2.000745,2.033278,1.992398,0.087422,1.520116,0.121928,1.003382,0.076036,0.475547,0.093874,0.373683,0.836597
7.716667,2.031089,2.009961,2.060160,1.798032,2.011785,2.000783,2.033119,1.992205,0.087376,1.519021,0.120849,1.007987,0.076490,0.480528,0.094074,0.369502,0.840778
7.733333,2.031326,2.010234,2.058334,1.786422,2.011480,2.000827,2.032820,1.991743,0.087410,1.514462,0.119388,1.012170,0.077035,0.477981,0.094389,0.363808,0.843401
7.750000,2.031521,2.010263,2.057208,1.781642,2.011123,2.000867,2.032511,1.991208,0.087553,1.508585,0.118791,1.015185,0.077703,0.470293,0.095105,0.348802,0.845104
7.766667,2.031621,2.010225,2.056419,1.780928,2.009831,2.000995,2.032073,1.990300,0.087833,1.500407,0.118231,1.017083,0.078505,0.461552,0.096093,0.328221,0.825652
7.783333,2.031633,2.010304,2.055684,1.781631,2.007903,2.001172,2.031651,1.989212,0.088210,1.492030,0.117896,1.017684,0.079358,0.458637,0.097211,0.308003,0.797665
7.800000,2.031544,2.010443,2.055295,1.778952,2.005674,2.001379,2.031163,1.987909,0.088613,1.482601,0.117859,1.016831,0.080281,0.459653,0.098472,0.288456,0.766599
7.816667,2.031366,2.010586,2.055109,1.773452,2.003301,2.001598,2.030719,1.986419,0.089000,1.473439,0.117999,1.014261,0.081267,0.462472,0.099824,0.269961,0.735403
7.833333,2.029743,2.010699,2.054997,1.765751,2.000928,2.001815,2.030310,1.984866,0.089361,1.464190,0.118432,0.980400,0.082723,0.465569,0.101343,0.252691,0.706488
7.850000,2.027598,2.010837,2.054870,1.755663,1.998935,2.002004,2.030077,1.984048,0.089779,1.456328,0.120013,0.931444,0.084767,0.471458,0.103500,0.236290,0.684003
7.866667,2.025470,2.010911,2.054694,1.743679,1.997089,2.002168,2.029972,1.983771,0.090154,1.450037,0.122329,0.881288,0.086942,0.474669,0.105746,0.221383,0.665017
7.883333,2.023479,2.011133,2.054442,1.730197,1.995413,2.002317,2.029930,1.983707,0.090699,1.444535,0.121930,0.845245,0.087116,0.486328,0.105884,0.208312,0.648709
7.900000,2.022476,2.011486,2.053825,1.709517,1.993893,2.002445,2.029928,1.983595,0.091288,1.439511,0.120187,0.829930,0.086919,0.506245,0.105749,0.200672,0.635055
7.916667,2.022183,2.011733,2.053321,1.692106,1.992538,2.002522,2.029949,1.983430,0.091657,1.435079,0.116973,0.827384,0.086924,0.520194,0.105650,0.197434,0.621959
7.933333,2.022040,2.011858,2.052958,1.677377,1.991710,2.002520,2.029984,1.983265,0.091951,1.431360,0.114962,0.827833,0.087010,0.526940,0.105698,0.196082,0.609298
7.950000,2.021883,2.011869,2.052944,1.670596,1.991187,2.002564,2.030052,1.983081,0.092269,1.428524,0.114184,0.826963,0.087101,0.527687,0.105836,0.192261,0.597522
7.966667,2.021684,2.011858,2.053039,1.670998,1.991030,2.002581,2.030143,1.982865,0.092698,1.426643,0.114142,0.824364,0.087355,0.526646,0.106439,0.181949,0.588101
7.983333,2.021497,2.011930,2.052537,1.657242,1.990980,2.002600,2.030262,1.982636,0.093832,1.425528,0.114627,0.821334,0.086556,0.526535,0.106696,0.171362,0.580753
8.000000,2.021285,2.012041,2.051453,1.631894,1.991113,2.002633,2.030403,1.982362,0.093604,1.425020,0.115418,0.817930,0.086665,0.526952,0.106539,0.161676,0.574844
8.016667,2.021082,2.012155,2.050459,1.596867,1.991297,2.002672,2.030471,1.982185,0.093500,1.421945,0.116225,0.814608,0.086784,0.527474,0.106466,0.155696,0.570369
8.033333,2.020881,2.012254,2.048912,1.551756,1.991412,2.002687,2.030314,1.982328,0.093580,1.410918,0.116977,0.811411,0.086941,0.528142,0.106606,0.151259,0.565982
8.050000,2.020679,2.012342,2.046945,1.496280,1.991570,2.002689,2.030163,1.982538,0.093730,1.400140,0.117692,0.808440,0.087121,0.528866,0.106858,0.148224,0.562533
8.066667,2.020482,2.012423,2.044801,1.431986,1.991748,2.002686,2.030021,1.982769,0.093909,1.389837,0.118368,0.805715,0.087316,0.529564,0.107166,0.146785,0.559565
8.083333,2.020303,2.012495,2.042562,1.360940,1.991879,2.002681,2.029878,1.983002,0.094118,1.379888,0.118991,0.803285,0.087517,0.530240,0.107493,0.147284,0.556323
8.100000,2.020217,2.012560,2.040897,1.308501,1.992030,2.002667,2.029750,1.983222,0.094351,1.370372,0.119272,0.802804,0.087795,0.530924,0.107889,0.141086,0.553487
8.116667,2.020368,2.012622,2.039477,1.262512,1.993069,2.002626,2.029628,1.983429,0.094928,1.361370,0.118678,0.808217,0.088350,0.531404,0.109042,0.136634,0.561551
8.133333,2.020495,2.012685,2.038508,1.225222,1.994194,2.002589,2.029499,1.983660,0.095350,1.352101,0.118371,0.813225,0.089083,0.531646,0.110339,0.133909,0.568497
8.150000,2.020577,2.012749,2.037821,1.197380,1.995555,2.002540,2.029259,1.984013,0.095813,1.337888,0.118264,0.817134,0.089783,0.531757,0.111664,0.131734,0.578452
8.166667,2.020622,2.012799,2.037535,1.186351,1.996436,2.002526,2.029058,1.984301,0.096272,1.326526,0.118226,0.820170,0.090363,0.531797,0.112847,0.129731,0.585187
8.183333,2.020647,2.012845,2.037419,1.180993,1.997072,2.002560,2.028897,1.984535,0.097090,1.317398,0.118278,0.822464,0.090871,0.531851,0.114227,0.128614,0.590834
8.200000,2.020654,2.012881,2.037388,1.178372,1.997555,2.002585,2.028769,1.984724,0.097792,1.310132,0.118345,0.824139,0.091237,0.531925,0.115334,0.127996,0.594913
8.216667,2.020645,2.012918,2.037393,1.177078,1.997922,2.002604,2.028671,1.984865,0.098245,1.304636,0.118373,0.825305,0.091564,0.532083,0.116098,0.127649,0.597882
8.233333,2.020629,2.012945,2.037413,1.176440,1.998212,2.002617,2.028606,1.984962,0.098567,1.300888,0.118412,0.826134,0.091848,0.532239,0.116709,0.127472,0.600032
8.250000,2.020602,2.012960,2.037437,1.176148,1.998381,2.002623,2.028572,1.985018,0.098748,1.298754,0.118450,0.826603,0.092011,0.532332,0.117055,0.127385,0.601318
8.266667,2.020569,2.012968,2.037458,1.176030,1.998475,2.002626,2.028554,1.985048,0.098843,1.297594,0.118479,0.826880,0.092100,0.532382,0.117242,0.127343,0.602049
8.283333,2.020536,2.012972,2.037473,1.175993,1.998526,2.002628,2.028544,1.985064,0.098892,1.296967,0.118501,0.827058,0.092149,0.532409,0.117341,0.127324,0.602454
8.300000,2.020506,2.012974,2.037482,1.175995,1.998552,2.002629,2.028539,1.985073,0.098918,1.296642,0.118518,0.827177,0.092175,0.532421,0.117394,0.127314,0.602661
8.316667,2.020483,2.012975,2.037487,1.176015,1.998566,2.002629,2.028537,1.985078,0.098933,1.296478,0.118530,0.827255,0.092188,0.532427,0.117421,0.127311,0.602770
8.333333,2.020468,2.012975,2.037491,1.176043,1.998573,2.002629,2.028536,1.985081,0.098941,1.296394,0.118537,0.827301,0.092195,0.532429,0.117436,0.127310,0.602824
8.350000,2.020461,2.012975,2.037493,1.176074,1.998577,2.002630,2.028535,1.985082,0.098945,1.296354,0.118541,0.827326,0.092198,0.532430,0.117443,0.127310,0.602854
8.366667,2.020569,2.013059,2.037497,1.176120,1.998579,2.002630,2.028536,1.985105,0.098947,1.296336,0.118415,0.830182,0.092179,0.542223,0.117447,0.127331,0.602870
8.383333,2.020704,2.013160,2.037501,1.176169,1.998580,2.002631,2.028536,1.985133,0.098948,1.296332,0.118276,0.833640,0.092154,0.554499,0.117448,0.127356,0.602879
8.400000,2.020856,2.013273,2.037505,1.176220,1.998521,2.002609,2.028537,1.985164,0.098950,1.296332,0.118154,0.837458,0.092122,0.568498,0.117447,0.127385,0.602933
8.416667,2.021021,2.013393,2.037511,1.176273,1.998228,2.002493,2.028538,1.985200,0.098951,1.296337,0.118064,0.841585,0.092082,0.584140,0.117444,0.127421,0.602311
8.433333,2.021196,2.013520,2.037516,1.176328,1.997792,2.002355,2.028539,1.985241,0.098922,1.296343,0.118023,0.845984,0.092035,0.601406,0.117442,0.127464,0.599701
8.450000,2.021408,2.013712,2.037801,1.184417,1.997499,2.002259,2.028541,1.985294,0.098902,1.296351,0.118082,0.851259,0.091971,0.622597,0.117437,0.126902,0.597740
8.466667,2.021630,2.013852,2.038179,1.195010,1.997336,2.002201,2.028541,1.985346,0.098893,1.296355,0.118889,0.855681,0.091820,0.640055,0.117404,0.126142,0.596426
8.483333,2.021792,2.013969,2.038438,1.202266,1.997249,2.002169,2.028497,1.985364,0.098887,1.296281,0.119878,0.858327,0.091669,0.657207,0.117368,0.125523,0.595698
8.500000,2.021939,2.014103,2.038632,1.208179,1.997162,2.002131,2.028245,1.985142,0.098891,1.295829,0.121025,0.860053,0.091520,0.676640,0.117345,0.124580,0.594725
8.516667,2.022082,2.014395,2.039033,1.223568,1.997119,2.002108,2.027994,1.984924,0.098957,1.295385,0.122391,0.861376,0.091373,0.707520,0.117379,0.119985,0.594206
8.533333,2.022321,2.014720,2.039513,1.241769,1.997099,2.002095,2.027770,1.984737,0.099048,1.294992,0.123515,0.865340,0.091238,0.741997,0.117441,0.114730,0.593951
8.550000,2.022853,2.014725,2.040369,1.269726,1.997270,2.002113,2.027559,1.984570,0.099121,1.294624,0.124110,0.876998,0.091086,0.763721,0.117476,0.109753,0.598781
8.566667,2.023625,2.014640,2.041214,1.296776,1.997388,2.002124,2.027409,1.984407,0.099250,1.296163,0.124781,0.893905,0.090975,0.783639,0.117639,0.104729,0.602218
8.583333,2.024892,2.014700,2.042188,1.324891,1.997424,2.002124,2.027868,1.984220,0.099527,1.322909,0.123861,0.918336,0.091157,0.817768,0.118261,0.100485,0.603999
8.600000,2.026569,2.014919,2.042337,1.345797,1.997534,2.002037,2.028442,1.984061,0.098069,1.353116,0.122280,0.946228,0.092254,0.861894,0.117728,0.095754,0.605091
8.616667,2.028190,2.015210,2.042519,1.369057,1.997665,2.001929,2.028766,1.984241,0.096128,1.378186,0.120765,0.971983,0.093723,0.905836,0.116997,0.091457,0.605769
8.633333,2.029517,2.015468,2.042743,1.393154,1.997797,2.001830,2.028899,1.984490,0.094095,1.400899,0.119432,0.998291,0.095272,0.947125,0.116199,0.088259,0.606209
8.650000,2.029952,2.015782,2.043131,1.417485,1.997209,2.001742,2.029142,1.985066,0.092448,1.424598,0.120204,1.004752,0.095562,0.986282,0.114563,0.088314,0.606882
8.666667,2.030059,2.016152,2.043505,1.444961,1.995746,2.001680,2.029913,1.985862,0.091458,1.454359,0.122729,1.002316,0.095081,1.023212,0.113333,0.089612,0.618244
8.683333,2.029981,2.016673,2.043857,1.473114,1.994516,2.001619,2.030852,1.986858,0.090505,1.488169,0.125928,0.999787,0.094386,1.068627,0.112057,0.092750,0.630529
8.700000,2.030029,2.017227,2.045003,1.506374,1.993370,2.001587,2.031918,1.987732,0.089536,1.523595,0.128941,1.000052,0.093521,1.117364,0.110607,0.097604,0.641994
8.716667,2.030252,2.017923,2.047041,1.545726,1.992202,2.001617,2.033224,1.988759,0.088838,1.561817,0.128628,1.012596,0.093226,1.174610,0.110020,0.102173,0.652514
8.733333,2.030328,2.018729,2.049850,1.587115,1.991098,2.001658,2.034818,1.989872,0.088400,1.603378,0.128105,1.022624,0.093871,1.237567,0.111078,0.107081,0.666078
8.750000,2.030315,2.019306,2.052879,1.625277,1.989943,2.001671,2.036639,1.991003,0.088329,1.645450,0.127708,1.030006,0.091980,1.286645,0.109416,0.114921,0.676089
8.766667,2.030198,2.019619,2.056167,1.660880,1.988687,2.001687,2.038839,1.992122,0.088028,1.689829,0.127210,1.034721,0.090255,1.324016,0.107677,0.127764,0.681700
8.783333,2.029941,2.019913,2.059439,1.697282,1.987395,2.001704,2.041179,1.993220,0.087321,1.730811,0.124919,1.036490,0.089244,1.353141,0.106194,0.145546,0.684758
8.800000,2.029588,2.020087,2.062672,1.729049,1.986249,2.001749,2.042381,1.994279,0.086381,1.751394,0.121898,1.035577,0.089243,1.374679,0.105666,0.165481,0.692636
8.816667,2.029295,2.020119,2.063666,1.743103,1.985476,2.001771,2.043004,1.995016,0.085280,1.761878,0.119839,1.033344,0.089583,1.384496,0.105275,0.185029,0.705438
8.833333,2.029167,2.020049,2.062745,1.743136,1.984881,2.001784,2.043346,1.995391,0.084042,1.767350,0.119527,1.031551,0.090125,1.385358,0.104913,0.204662,0.718289
8.850000,2.029188,2.019980,2.060812,1.733911,1.984891,2.001788,2.043059,1.995591,0.083021,1.766648,0.120464,1.025366,0.090752,1.382576,0.104852,0.221306,0.741745
8.866667,2.029344,2.019948,2.058654,1.723809,1.987719,2.001719,2.041355,1.995654,0.082870,1.750223,0.122211,1.015279,0.091400,1.377816,0.105430,0.231841,0.745933
8.883333,2.029407,2.019902,2.056716,1.717675,1.990262,2.001715,2.039250,1.995689,0.083044,1.725710,0.124130,1.006034,0.091860,1.371798,0.106009,0.238030,0.748768
8.900000,2.029696,2.019680,2.054874,1.713449,1.992136,2.001744,2.037128,1.995743,0.083301,1.698404,0.122141,1.017192,0.092255,1.361269,0.106512,0.241956,0.748430
8.916667,2.030067,2.019353,2.053057,1.709993,1.993586,2.001798,2.035401,1.995767,0.083659,1.676165,0.119665,1.035923,0.092478,1.348983,0.106913,0.245334,0.744785
8.933333,2.030363,2.019012,2.050930,1.701788,1.994782,2.001840,2.034025,1.995755,0.084025,1.655086,0.117782,1.052385,0.092718,1.337966,0.107322,0.249022,0.740335
8.950000,2.030580,2.018652,2.049379,1.689938,1.995932,2.001836,2.033209,1.995775,0.084528,1.641745,0.116547,1.064028,0.091966,1.326053,0.106945,0.252208,0.736556
8.966667,2.030547,2.018138,2.048658,1.681534,1.996949,2.001798,2.032897,1.996064,0.085153,1.636116,0.116147,1.059393,0.091185,1.303363,0.106782,0.257768,0.732714
8.983333,2.030475,2.017658,2.048411,1.675136,1.997806,2.001746,2.032749,1.996352,0.085850,1.631060,0.116154,1.052599,0.090160,1.279541,0.106559,0.265052,0.728929
9.000000,2.030406,2.017208,2.048405,1.669780,1.998581,2.001692,2.032682,1.996615,0.086543,1.626169,0.116333,1.046025,0.089109,1.254727,0.106322,0.271420,0.725137
9.016667,2.030337,2.016788,2.048874,1.665744,1.999226,2.001640,2.032781,1.996862,0.087319,1.621838,0.116599,1.039650,0.088019,1.229341,0.106173,0.277705,0.721386
9.033333,2.030288,2.016377,2.049362,1.662268,1.999797,2.001596,2.033113,1.997096,0.088105,1.618566,0.116700,1.034787,0.086935,1.202189,0.106052,0.283573,0.717668
9.050000,2.030321,2.015910,2.049904,1.660900,2.000328,2.001552,2.033369,1.997335,0.088893,1.615078,0.115798,1.035832,0.085847,1.168362,0.105994,0.287881,0.713236
9.066667,2.030361,2.015501,2.050465,1.665443,2.000791,2.001507,2.033526,1.997552,0.089601,1.611827,0.114667,1.038218,0.085142,1.137211,0.106212,0.289489,0.707605
9.083333,2.030487,2.015137,2.050939,1.669481,2.001380,2.001489,2.033708,1.997706,0.090117,1.608782,0.113596,1.044013,0.084778,1.107977,0.106515,0.290238,0.704132
9.100000,2.030707,2.014835,2.051312,1.672647,2.001991,2.001489,2.033897,1.997782,0.090457,1.606165,0.113123,1.051722,0.084588,1.082740,0.106752,0.290009,0.702496
9.116667,2.030976,2.014584,2.051690,1.678983,2.002554,2.001500,2.034131,1.997801,0.090709,1.603636,0.113026,1.059611,0.084480,1.060960,0.106945,0.286508,0.700823
9.133333,2.031199,2.014372,2.052039,1.684486,2.003134,2.001541,2.034302,1.997760,0.090856,1.601545,0.113118,1.066200,0.084427,1.042072,0.107092,0.282832,0.701800
9.150000,2.031389,2.014190,2.052336,1.687424,2.003682,2.001598,2.034439,1.997698,0.090931,1.599686,0.113295,1.071777,0.084410,1.025521,0.107201,0.279695,0.705599
9.166667,2.031552,2.014035,2.052589,1.689088,2.004133,2.001647,2.034524,1.997654,0.090963,1.596008,0.113499,1.076494,0.084416,1.011113,0.107271,0.277221,0.709607
9.183333,2.031634,2.013885,2.052793,1.689887,2.004495,2.001688,2.034527,1.997614,0.090974,1.593106,0.113984,1.078141,0.084353,0.996818,0.107298,0.275401,0.713272
9.200000,2.031708,2.013753,2.052972,1.690323,2.004777,2.001721,2.034479,1.997575,0.090976,1.590941,0.114399,1.079738,0.084291,0.984129,0.107311,0.274035,0.716370
9.216667,2.031771,2.013659,2.053115,1.690595,2.004985,2.001746,2.034430,1.997542,0.090976,1.589775,0.114668,1.081246,0.084254,0.974994,0.107321,0.273060,0.718783
9.233333,2.031805,2.013593,2.053222,1.690733,2.005120,2.001758,2.034473,1.997529,0.090975,1.589162,0.114896,1.081899,0.084227,0.968556,0.107325,0.272466,0.720454
9.250000,2.031818,2.013546,2.053296,1.690821,2.005196,2.001762,2.034504,1.997523,0.090975,1.588763,0.115088,1.081944,0.084200,0.963987,0.107325,0.272148,0.721411
9.266667,2.031825,2.013518,2.053342,1.690874,2.005236,2.001764,2.034521,1.997520,0.090974,1.588551,0.115192,1.081962,0.084186,0.961376,0.107325,0.271975,0.721926
9.283333,2.031829,2.013502,2.053367,1.690902,2.005258,2.001765,2.034531,1.997519,0.090974,1.588443,0.115248,1.081965,0.084179,0.959855,0.107326,0.271881,0.722203
9.300000,2.031830,2.013492,2.053380,1.690916,2.005269,2.001765,2.034536,1.997518,0.090973,1.588387,0.115278,1.081958,0.084175,0.958962,0.107326,0.271828,0.722350
9.316667,2.031831,2.013486,2.053387,1.690923,2.005275,2.001765,2.034539,1.997518,0.090973,1.588359,0.115295,1.081951,0.084173,0.958433,0.107326,0.271799,0.722428
9.333333,2.031832,2.013482,2.053391,1.690925,2.005278,2.001765,2.034540,1.997517,0.090973,1.588345,0.115304,1.081945,0.084172,0.958105,0.107326,0.271781,0.722468
9.350000,2.031832,2.013479,2.053393,1.690925,2.005279,2.001765,2.034541,1.997517,0.090972,1.588338,0.115308,1.081940,0.084172,0.957866,0.107326,0.271771,0.722489
9.366667,2.031832,2.013476,2.053394,1.690924,2.005280,2.001765,2.034541,1.997517,0.090972,1.588336,0.115311,1.081935,0.084172,0.957633,0.107326,0.271765,0.722498
9.383333,2.031828,2.013471,2.053395,1.690923,2.005281,2.001766,2.034543,1.997432,0.090973,1.588347,0.115311,1.081932,0.084171,0.957338,0.107324,0.271761,0.722503
9.400000,2.031821,2.013463,2.053395,1.690923,2.005282,2.001767,2.034547,1.997281,0.090976,1.588369,0.115307,1.081930,0.084168,0.956927,0.107321,0.271759,0.722506
9.416667,2.031813,2.013452,2.053396,1.690923,2.005283,2.001769,2.034551,1.997092,0.090979,1.588396,0.115303,1.081928,0.084163,0.956358,0.107317,0.271758,0.722507
9.433333,2.031803,2.013437,2.053396,1.690923,2.005285,2.001771,2.034557,1.996887,0.090982,1.588427,0.115297,1.081926,0.084158,0.955601,0.107313,0.271758,0.722509
9.450000,2.031793,2.013418,2.053397,1.690924,2.005286,2.001773,2.034563,1.996669,0.090986,1.588460,0.115291,1.081923,0.084153,0.954638,0.107308,0.271758,0.722510
9.466667,2.031782,2.013394,2.053397,1.690925,2.005288,2.001775,2.034570,1.996438,0.090991,1.588495,0.115284,1.081921,0.084147,0.953463,0.107303,0.271759,0.722511
9.483333,2.031770,2.013365,2.053398,1.690927,2.005290,2.001777,2.034577,1.996194,0.090995,1.588532,0.115277,1.081918,0.084140,0.952084,0.107297,0.271760,0.722512
9.500000,2.031759,2.013330,2.053398,1.690929,2.005292,2.001780,2.034585,1.995950,0.091000,1.588569,0.115270,1.081916,0.084133,0.950519,0.107291,0.271762,0.722514
9.516667,2.031746,2.013291,2.053400,1.690933,2.005126,2.001781,2.034594,1.995681,0.091012,1.588610,0.115262,1.081913,0.084125,0.948794,0.107284,0.271766,0.722614
9.533333,2.031733,2.013246,2.053403,1.690941,2.004454,2.001758,2.034602,1.995397,0.091167,1.588652,0.115253,1.081910,0.084118,0.946942,0.107329,0.271798,0.707711
9.550000,2.031718,2.013204,2.053444,1.691176,2.003621,2.001741,2.034551,1.995220,0.091436,1.584390,0.115236,1.081896,0.084103,0.945366,0.107424,0.272384,0.678292
9.566667,2.031700,2.013176,2.053656,1.692468,2.003668,2.001879,2.033615,1.995106,0.091304,1.563297,0.115210,1.081874,0.084106,0.944559,0.107426,0.275465,0.670117
9.583333,2.031685,2.013157,2.054256,1.695652,2.003981,2.002058,2.032640,1.994987,0.091017,1.540446,0.115185,1.081855,0.084111,0.944187,0.107376,0.277424,0.676434
9.600000,2.031671,2.013175,2.054779,1.698381,2.004067,2.002166,2.031976,1.994900,0.090846,1.513512,0.115179,1.081832,0.084139,0.943435,0.107372,0.279403,0.683545
9.616667,2.031659,2.012978,2.055204,1.700863,2.004249,2.002246,2.032129,1.994723,0.090655,1.504247,0.115247,1.081818,0.084163,0.914611,0.107349,0.288694,0.695240
9.633333,2.031648,2.012556,2.055780,1.708135,2.004275,2.002305,2.032932,1.994529,0.090471,1.516695,0.115369,1.081807,0.084290,0.870433,0.107397,0.293549,0.706856
9.650000,2.031765,2.012366,2.057189,1.731268,2.004388,2.002345,2.033624,1.994348,0.090359,1.527900,0.115574,1.082042,0.084359,0.837427,0.107418,0.289306,0.718358
9.666667,2.032039,2.012346,2.059003,1.758790,2.004720,2.002406,2.034191,1.994182,0.090259,1.535615,0.115880,1.082589,0.084382,0.813210,0.107406,0.284381,0.730646
9.683333,2.032477,2.012454,2.061591,1.788640,2.005160,2.002473,2.035235,1.994343,0.090160,1.561062,0.116559,1.083536,0.084456,0.795911,0.107296,0.279361,0.743293
9.700000,2.032874,2.012584,2.063896,1.813194,2.005620,2.002538,2.035752,1.994385,0.090084,1.578430,0.117531,1.079286,0.084579,0.782598,0.107167,0.275253,0.755236
9.716667,2.033276,2.012829,2.062818,1.812334,2.005854,2.002608,2.035584,1.994406,0.090088,1.577048,0.117223,1.077864,0.084814,0.776079,0.107136,0.267611,0.765107
9.733333,2.033617,2.013145,2.060965,1.803561,2.005709,2.002689,2.035682,1.994303,0.090153,1.580278,0.116070,1.080113,0.085138,0.775593,0.107154,0.260992,0.774884
9.750000,2.033819,2.013251,2.058537,1.784754,2.005354,2.002764,2.035458,1.993899,0.090350,1.577698,0.116555,1.078928,0.085655,0.771019,0.107587,0.254963,0.781553
9.766667,2.033054,2.013211,2.055854,1.758330,2.004828,2.002848,2.035248,1.993382,0.090568,1.573144,0.118105,1.055693,0.086163,0.763040,0.107990,0.249435,0.780317
9.783333,2.031637,2.013102,2.053251,1.728230,2.003580,2.002987,2.034908,1.992758,0.090903,1.566786,0.120443,1.016976,0.086762,0.753540,0.108503,0.243643,0.758313
9.800000,2.030126,2.013086,2.051503,1.708293,2.001781,2.003148,2.034525,1.992147,0.091432,1.559850,0.123187,0.975688,0.088065,0.750309,0.109889,0.232637,0.728330
9.816667,2.028517,2.013038,2.050242,1.680876,1.999707,2.003325,2.034036,1.991483,0.091920,1.552125,0.126247,0.933553,0.089263,0.746261,0.111124,0.223611,0.695645
9.833333,2.026821,2.012966,2.049276,1.637670,1.997479,2.003513,2.033593,1.990764,0.092594,1.544449,0.129568,0.891889,0.089381,0.742922,0.111500,0.220282,0.663139
9.850000,2.025893,2.012877,2.048421,1.584846,1.995188,2.003706,2.033122,1.989780,0.093191,1.536280,0.131355,0.871850,0.089993,0.739701,0.112260,0.219459,0.631996
9.866667,2.025942,2.012752,2.047735,1.537310,1.992899,2.003895,2.032682,1.988483,0.093767,1.527852,0.129033,0.879136,0.090675,0.734458,0.113130,0.220385,0.602582
9.883333,2.026133,2.012614,2.046363,1.503086,1.990540,2.004083,2.032333,1.987128,0.094488,1.520183,0.127045,0.886607,0.090755,0.728734,0.113638,0.207542,0.576391
9.900000,2.026301,2.012544,2.044941,1.464219,1.988555,2.004246,2.031947,1.985493,0.095139,1.512239,0.125646,0.893248,0.091045,0.724684,0.114347,0.195975,0.556812
9.916667,2.026490,2.012569,2.043492,1.422407,1.986716,2.004377,2.031746,1.984527,0.095909,1.505930,0.124465,0.899015,0.090999,0.723912,0.114882,0.185316,0.540870
9.933333,2.026674,2.012684,2.042314,1.385449,1.985048,2.004487,2.031666,1.983933,0.095986,1.500934,0.123700,0.904246,0.089061,0.725162,0.112936,0.174117,0.527629
9.950000,2.026094,2.012807,2.041265,1.351142,1.983946,2.004458,2.031659,1.983580,0.096406,1.497025,0.123762,0.897764,0.087415,0.726810,0.111511,0.163567,0.512756
9.966667,2.024261,2.012941,2.040051,1.314255,1.983276,2.004376,2.031703,1.983340,0.097124,1.494082,0.125147,0.871998,0.086305,0.728500,0.110807,0.154100,0.502166
9.983333,2.022746,2.013107,2.038709,1.276490,1.983006,2.004450,2.031794,1.983118,0.097075,1.492065,0.124220,0.861234,0.086474,0.730159,0.110506,0.145181,0.493059
10.000000,2.022074,2.013278,2.037329,1.238633,1.982886,2.004537,2.031918,1.982817,0.096425,1.490946,0.121926,0.861225,0.087199,0.731745,0.110113,0.137551,0.486039
10.016667,2.021880,2.013446,2.035953,1.197543,1.982822,2.004598,2.032055,1.982488,0.096188,1.490461,0.119608,0.865300,0.087811,0.733275,0.110045,0.132807,0.480582
10.033333,2.021749,2.013590,2.034746,1.156132,1.982775,2.004602,2.032210,1.982181,0.096195,1.490336,0.118540,0.868351,0.088278,0.734689,0.110239,0.128702,0.476443
10.050000,2.021602,2.013714,2.033335,1.111832,1.982771,2.004637,2.032075,1.982242,0.096364,1.481012,0.118223,0.869379,0.088699,0.736115,0.110617,0.123187,0.472842
10.066667,2.021422,2.013830,2.032253,1.073293,1.983572,2.004593,2.031923,1.982415,0.097021,1.471043,0.118365,0.868857,0.089276,0.737279,0.111768,0.119107,0.478182
10.083333,2.021256,2.013943,2.031774,1.048695,1.984822,2.004552,2.031779,1.982623,0.098006,1.461646,0.118727,0.867697,0.089935,0.738202,0.113355,0.115636,0.487699
10.100000,2.021108,2.014047,2.031384,1.031920,1.985560,2.004495,2.031648,1.982866,0.098646,1.452131,0.119191,0.866326,0.090688,0.738970,0.114774,0.112923,0.493262
10.116667,2.021230,2.014174,2.031075,1.020160,1.985687,2.004296,2.031370,1.983288,0.098821,1.435942,0.119033,0.870469,0.092103,0.739823,0.116601,0.111256,0.492712
10.133333,2.021571,2.014294,2.030942,1.016869,1.986099,2.004104,2.031108,1.983674,0.099400,1.421543,0.118297,0.878666,0.093391,0.740750,0.118524,0.108447,0.497562
10.150000,2.021818,2.014384,2.030825,1.013394,1.986381,2.003948,2.030887,1.983997,0.100017,1.409883,0.117732,0.884992,0.094285,0.741604,0.120013,0.107193,0.501359
10.166667,2.021978,2.014463,2.030785,1.012302,1.986775,2.003869,2.030701,1.984289,0.100429,1.399813,0.117374,0.889820,0.094921,0.742519,0.121158,0.106430,0.504218
10.183333,2.022065,2.014539,2.030780,1.011916,1.987294,2.003821,2.030546,1.984537,0.100810,1.391448,0.117195,0.892977,0.095352,0.743519,0.122005,0.106001,0.506664
10.200000,2.022108,2.014597,2.030796,1.012007,1.987777,2.003791,2.030422,1.984740,0.101151,1.384783,0.117123,0.895109,0.095672,0.744382,0.122712,0.105747,0.508759
10.216667,2.022121,2.014644,2.030803,1.011790,1.988187,2.003773,2.030328,1.984895,0.101477,1.379746,0.117105,0.896532,0.095892,0.745120,0.123304,0.105598,0.510546
10.233333,2.022111,2.014674,2.030810,1.011474,1.988482,2.003763,2.030267,1.985003,0.101707,1.376314,0.117116,0.897437,0.096040,0.745648,0.123701,0.105541,0.511672
10.250000,2.022081,2.014691,2.030818,1.011257,1.988651,2.003757,2.030236,1.985064,0.101839,1.374361,0.117134,0.897978,0.096126,0.745955,0.123931,0.105520,0.512378
10.266667,2.022042,2.014699,2.030827,1.011163,1.988742,2.003755,2.030219,1.985098,0.101911,1.373293,0.117153,0.898316,0.096172,0.746122,0.124056,0.105514,0.512772
10.283333,2.021997,2.014703,2.030834,1.011130,1.988791,2.003753,2.030209,1.985116,0.101948,1.372713,0.117173,0.898544,0.096196,0.746211,0.124122,0.105512,0.512979
10.300000,2.021951,2.014705,2.030838,1.011125,1.988817,2.003753,2.030204,1.985126,0.101968,1.372406,0.117191,0.898709,0.096209,0.746259,0.124156,0.105512,0.513086
10.316667,2.021909,2.014706,2.030840,1.011135,1.988831,2.003752,2.030202,1.985132,0.101978,1.372257,0.117207,0.898831,0.096216,0.746284,0.124174,0.105513,0.513146
10.333333,2.021875,2.014707,2.030842,1.011151,1.988504,2.003643,2.030201,1.985135,0.101992,1.372181,0.117220,0.898917,0.096219,0.746298,0.124183,0.105516,0.513400
10.350000,2.021855,2.014707,2.030844,1.011171,1.988053,2.003496,2.030201,1.985137,0.101999,1.372145,0.117228,0.898968,0.096220,0.746305,0.124189,0.105523,0.512990
10.366667,2.021841,2.014707,2.030845,1.011193,1.987362,2.003290,2.030201,1.985139,0.101980,1.372130,0.117235,0.899003,0.096222,0.746308,0.124198,0.105542,0.510528
10.383333,2.021832,2.014707,2.030846,1.011214,1.986644,2.003073,2.030202,1.985140,0.101974,1.372125,0.117239,0.899025,0.096226,0.746310,0.124217,0.105565,0.507687
10.400000,2.021841,2.014719,2.030847,1.011239,1.985982,2.002863,2.030203,1.985144,0.101998,1.372126,0.117391,0.899121,0.096218,0.748801,0.124252,0.105595,0.504368
10.416667,2.021926,2.014781,2.030852,1.011294,1.985381,2.002678,2.030202,1.985168,0.102014,1.372127,0.118399,0.899693,0.096120,0.764647,0.124253,0.105650,0.501175
10.433333,2.022017,2.014841,2.030859,1.011350,1.984944,2.002529,2.030200,1.985193,0.101975,1.372131,0.119509,0.900295,0.096052,0.781233,0.124228,0.105702,0.498705
10.450000,2.022117,2.014892,2.030866,1.011409,1.984637,2.002424,2.030199,1.985221,0.101950,1.372134,0.120744,0.900944,0.095948,0.798300,0.124195,0.105755,0.496805
10.466667,2.022229,2.014931,2.030875,1.011471,1.984467,2.002362,2.030149,1.985216,0.101938,1.372058,0.122119,0.901649,0.095817,0.815560,0.124156,0.105808,0.495601
10.483333,2.023019,2.014953,2.030886,1.011557,1.984347,2.002319,2.029873,1.984996,0.101929,1.371613,0.121858,0.917670,0.095702,0.839321,0.124144,0.105886,0.494724
10.500000,2.023915,2.014999,2.030838,1.009207,1.984221,2.002272,2.029601,1.984798,0.101924,1.371177,0.121672,0.935846,0.095551,0.868708,0.124123,0.106099,0.493713
10.516667,2.024739,2.015062,2.030743,1.004925,1.984154,2.002246,2.029354,1.984620,0.101924,1.370785,0.121562,0.952522,0.095404,0.897395,0.124099,0.106399,0.493175
10.533333,2.025538,2.015112,2.030706,1.000552,1.984312,2.002253,2.029118,1.984439,0.101868,1.370411,0.121515,0.968647,0.095222,0.924295,0.123989,0.107571,0.497715
10.550000,2.026288,2.015165,2.030659,0.995690,1.984514,2.002260,2.028920,1.984262,0.101833,1.370101,0.121528,0.983694,0.095043,0.949287,0.123883,0.108746,0.501747
10.566667,2.026982,2.015227,2.030602,0.990458,1.984724,2.002265,2.028734,1.984045,0.101813,1.369811,0.121595,0.997497,0.094869,0.972601,0.123784,0.109886,0.505226
10.583333,2.027565,2.015462,2.030764,0.996573,1.984854,2.002267,2.028586,1.984010,0.101966,1.373619,0.121601,1.008750,0.095032,1.003716,0.124163,0.108628,0.507473
10.600000,2.028236,2.015787,2.031156,1.009054,1.984976,2.002213,2.028524,1.984168,0.100740,1.380948,0.121544,1.019568,0.096225,1.041943,0.123989,0.107792,0.508749
10.616667,2.029633,2.015746,2.031400,1.018465,1.985109,2.002071,2.028750,1.984380,0.098948,1.401929,0.120008,1.043926,0.096931,1.076660,0.122739,0.107923,0.509594
10.633333,2.030860,2.015598,2.031714,1.030011,1.985310,2.001956,2.029246,1.985089,0.097644,1.429422,0.118694,1.073137,0.095420,1.111791,0.119800,0.108371,0.510508
10.650000,2.031833,2.015607,2.032290,1.047996,1.985522,2.001852,2.030094,1.985959,0.096507,1.458781,0.117950,1.099389,0.093677,1.152973,0.116738,0.110097,0.511325
10.666667,2.032808,2.015829,2.033119,1.068679,1.984710,2.001768,2.031227,1.987296,0.095329,1.490195,0.117803,1.113618,0.092355,1.210536,0.114264,0.115446,0.517991
10.683333,2.032911,2.016031,2.034242,1.096121,1.982194,2.001761,2.032409,1.989067,0.094438,1.522962,0.119220,1.103144,0.091238,1.267473,0.112436,0.124092,0.528960
10.700000,2.032307,2.016451,2.035270,1.145362,1.980248,2.001734,2.033681,1.990777,0.093577,1.556719,0.121995,1.078653,0.090346,1.332738,0.111127,0.128222,0.543590
10.716667,2.031432,2.016801,2.036204,1.193745,1.978680,2.001685,2.034669,1.991559,0.092632,1.590372,0.126116,1.054665,0.089230,1.389067,0.109643,0.133159,0.556828
10.733333,2.030880,2.017006,2.037333,1.242572,1.977404,2.001632,2.035937,1.992142,0.092039,1.625093,0.130246,1.041834,0.088121,1.432723,0.108858,0.139014,0.571612
10.750000,2.030881,2.017170,2.039379,1.304118,1.976157,2.001560,2.037590,1.992829,0.091662,1.661102,0.131377,1.042932,0.086327,1.466326,0.107197,0.147094,0.582621
10.766667,2.030868,2.017336,2.041955,1.375304,1.974987,2.001491,2.039584,1.993603,0.091210,1.698245,0.129593,1.045908,0.084925,1.489046,0.105812,0.157283,0.593739
10.783333,2.030735,2.017255,2.045022,1.452624,1.973855,2.001434,2.039744,1.994279,0.090590,1.713768,0.128564,1.047089,0.083718,1.496238,0.104527,0.170077,0.604615
10.800000,2.030439,2.017037,2.048368,1.525208,1.972763,2.001375,2.039933,1.994947,0.090324,1.734086,0.128840,1.046270,0.082706,1.501414,0.103756,0.184824,0.615145
10.816667,2.029956,2.016707,2.051870,1.592853,1.971753,2.001317,2.040324,1.995693,0.090104,1.761991,0.130825,1.042472,0.081609,1.513509,0.102799,0.201762,0.625628
10.833333,2.029481,2.016335,2.055152,1.646753,1.970790,2.001277,2.040175,1.996367,0.089655,1.781829,0.133355,1.038149,0.080477,1.517489,0.101480,0.218299,0.635996
10.850000,2.029702,2.015844,2.057335,1.676148,1.971796,2.001113,2.038843,1.997058,0.089794,1.782046,0.133714,1.036994,0.080040,1.519254,0.101280,0.228350,0.634071
10.866667,2.029878,2.015382,2.058786,1.691847,1.973556,2.000871,2.037469,1.997609,0.090429,1.776793,0.133784,1.035597,0.079974,1.511859,0.101861,0.234041,0.627032
10.883333,2.030016,2.014954,2.059842,1.700512,1.974545,2.000643,2.036474,1.998016,0.091105,1.768481,0.133841,1.034132,0.079982,1.499007,0.102528,0.237224,0.622620
10.900000,2.030131,2.014554,2.060865,1.707603,1.975408,2.000445,2.035946,1.998320,0.091704,1.761721,0.133910,1.032762,0.080141,1.482758,0.103275,0.239075,0.618962
10.916667,2.030234,2.014172,2.060538,1.710244,1.976330,2.000277,2.035706,1.998560,0.091874,1.756163,0.133989,1.031205,0.080930,1.463952,0.104239,0.241818,0.614999
10.933333,2.030264,2.013765,2.059252,1.708034,1.977189,2.000122,2.035596,1.998758,0.091782,1.751188,0.133341,1.028440,0.082067,1.440193,0.105262,0.245627,0.611087
10.950000,2.030351,2.013352,2.058114,1.708564,1.977986,1.999984,2.035572,1.998925,0.091526,1.746341,0.131261,1.025923,0.083346,1.411233,0.106266,0.249715,0.607280
10.966667,2.030416,2.012990,2.057002,1.709440,1.978766,1.999866,2.035594,1.999068,0.091313,1.741576,0.128874,1.023826,0.084630,1.383232,0.107333,0.253992,0.604313
10.983333,2.030726,2.012686,2.055899,1.708353,1.979597,1.999761,2.035619,1.999181,0.091529,1.737202,0.126221,1.026142,0.085567,1.357620,0.108528,0.257883,0.600804
11.000000,2.031315,2.012409,2.055211,1.703083,1.980534,1.999683,2.035671,1.999258,0.091893,1.732898,0.123289,1.033294,0.086292,1.332861,0.109687,0.261949,0.600316
11.016667,2.032064,2.012150,2.054992,1.698629,1.981590,1.999626,2.035738,1.999298,0.092299,1.728721,0.120287,1.043589,0.086854,1.308505,0.110735,0.265691,0.600370
11.033333,2.032606,2.011879,2.055016,1.694799,1.982559,1.999577,2.035655,1.999263,0.092732,1.724484,0.118585,1.045758,0.087401,1.281703,0.111713,0.269342,0.600068
11.050000,2.032838,2.011600,2.055219,1.691236,1.983469,1.999540,2.035810,1.999165,0.093156,1.721455,0.118165,1.040720,0.087938,1.252727,0.112608,0.272758,0.599382
11.066667,2.032692,2.011327,2.055483,1.688062,1.984245,1.999506,2.036276,1.999090,0.093567,1.718964,0.118785,1.033269,0.088195,1.223169,0.113359,0.276038,0.598472
11.083333,2.032667,2.011096,2.055896,1.684283,1.985175,1.999505,2.036663,1.998998,0.094141,1.716659,0.119628,1.029415,0.087927,1.197200,0.113795,0.280028,0.599016
11.100000,2.032543,2.010871,2.056307,1.680773,1.986153,1.999545,2.037026,1.998915,0.094540,1.714496,0.120754,1.024634,0.087436,1.171219,0.113884,0.282789,0.603010
11.116667,2.032354,2.010651,2.056655,1.677856,1.986977,1.999586,2.037336,1.998822,0.094770,1.712541,0.121925,1.019562,0.087181,1.145227,0.113973,0.284374,0.607778
11.133333,2.032253,2.010463,2.056958,1.675382,1.987726,1.999638,2.037616,1.998739,0.094905,1.710765,0.122926,1.017561,0.087022,1.122364,0.114056,0.285304,0.613676
11.150000,2.032106,2.010275,2.057317,1.674717,1.988346,1.999685,2.037857,1.998664,0.094987,1.709192,0.123884,1.015523,0.086880,1.099693,0.114101,0.284017,0.618923
11.166667,2.031864,2.010122,2.057634,1.674113,1.988857,1.999724,2.038069,1.998599,0.095035,1.707819,0.124952,1.011178,0.086759,1.080943,0.114119,0.282662,0.623398
11.183333,2.031636,2.009983,2.057872,1.672976,1.989270,1.999754,2.038200,1.998571,0.095064,1.706680,0.126122,1.007374,0.086648,1.064029,0.114121,0.281382,0.627110
11.200000,2.031535,2.009872,2.058052,1.672027,1.989596,1.999776,2.038247,1.998547,0.095081,1.705639,0.126878,1.007434,0.086607,1.050246,0.114162,0.280347,0.630135
11.216667,2.031371,2.009793,2.058175,1.671384,1.989855,1.999796,2.038254,1.998531,0.095076,1.704781,0.127619,1.004514,0.086543,1.040603,0.114182,0.279411,0.632726
11.233333,2.031258,2.009728,2.058243,1.670965,1.990019,1.999805,2.038258,1.998517,0.095077,1.704176,0.128163,1.002913,0.086497,1.032573,0.114195,0.278734,0.634394
11.250000,2.031176,2.009688,2.058294,1.670802,1.990110,1.999806,2.038269,1.998511,0.095078,1.703835,0.128541,1.001430,0.086465,1.027836,0.114200,0.278331,0.635345
11.266667,2.031129,2.009666,2.058334,1.670729,1.990159,1.999805,2.038270,1.998513,0.095079,1.703599,0.128744,1.000590,0.086448,1.025105,0.114203,0.278114,0.635857
11.283333,2.031100,2.009652,2.058356,1.670689,1.990185,1.999804,2.038270,1.998514,0.095079,1.703453,0.128852,1.000095,0.086440,1.023519,0.114204,0.277995,0.636130
11.300000,2.031083,2.009644,2.058368,1.670666,1.990199,1.999804,2.038269,1.998514,0.095079,1.703375,0.128920,0.999769,0.086435,1.022605,0.114205,0.277928,0.636276
11.316667,2.031072,2.009639,2.058374,1.670652,1.990206,1.999803,2.038269,1.998515,0.095079,1.703334,0.128959,0.999557,0.086433,1.022092,0.114205,0.277891,0.636352
11.333333,2.031065,2.009637,2.058378,1.670643,1.990209,1.999803,2.038269,1.998515,0.095079,1.703312,0.128980,0.999418,0.086432,1.021808,0.114205,0.277869,0.636391
11.350000,2.031061,2.009635,2.058379,1.670637,1.990211,1.999803,2.038269,1.998515,0.095079,1.703300,0.128993,0.999325,0.086432,1.021634,0.114205,0.277855,0.636411
11.366667,2.031058,2.009633,2.058380,1.670633,1.990212,1.999803,2.038268,1.998515,0.095079,1.703294,0.128999,0.999266,0.086432,1.021478,0.114205,0.277847,0.636420
11.383333,2.031053,2.009630,2.058380,1.670630,1.990212,1.999804,2.038270,1.998444,0.095080,1.703311,0.129001,0.999232,0.086430,1.021264,0.114203,0.277841,0.636424
11.400000,2.031046,2.009624,2.058381,1.670628,1.990214,1.999805,2.038275,1.998304,0.095083,1.703347,0.128997,0.999216,0.086426,1.020930,0.114200,0.277838,0.636427
11.416667,2.031039,2.009615,2.058382,1.670628,1.990215,1.999807,2.038280,1.998148,0.095086,1.703388,0.128991,0.999211,0.086422,1.020426,0.114196,0.277837,0.636428
11.433333,2.031030,2.009602,2.058383,1.670629,1.990216,1.999809,2.038285,1.997988,0.095090,1.703432,0.128985,0.999207,0.086417,1.019719,0.114191,0.277837,0.636429
11.450000,2.031020,2.009585,2.058384,1.670630,1.990218,1.999811,2.038292,1.997810,0.095094,1.703480,0.128977,0.999202,0.086411,1.018791,0.114186,0.277838,0.636429
11.466667,2.031010,2.009563,2.058386,1.670633,1.990220,1.999813,2.038299,1.997618,0.095098,1.703532,0.128969,0.999197,0.086405,1.017641,0.114181,0.277839,0.636430
11.483333,2.030998,2.009535,2.058387,1.670637,1.990222,1.999816,2.038308,1.997409,0.095103,1.703590,0.128959,0.999191,0.086398,1.016283,0.114175,0.277842,0.636432
11.500000,2.030985,2.009501,2.058389,1.670642,1.990225,1.999819,2.038311,1.997204,0.095110,1.702896,0.128948,0.999183,0.086389,1.014744,0.114169,0.277846,0.636434
11.516667,2.030952,2.009462,2.058392,1.670649,1.990231,1.999828,2.037635,1.997048,0.095128,1.689942,0.128972,0.999361,0.086394,1.013061,0.114179,0.277851,0.636441
11.533333,2.030920,2.009415,2.058436,1.670898,1.989571,1.999904,2.036327,1.996908,0.095127,1.665979,0.128977,0.999475,0.086414,1.011287,0.114191,0.278469,0.640391
11.550000,2.030894,2.009364,2.059102,1.674259,1.990443,2.000145,2.034992,1.996753,0.094895,1.630518,0.128968,0.999526,0.086461,1.009536,0.114172,0.280964,0.647606
11.566667,2.030868,2.009309,2.060154,1.679158,1.991203,2.000463,2.033941,1.996607,0.094595,1.599901,0.128952,0.999542,0.086503,1.007816,0.114127,0.283528,0.655581
11.583333,2.030844,2.009282,2.061245,1.685576,1.991194,2.000779,2.033164,1.996468,0.094389,1.575479,0.128941,0.999543,0.086536,1.005415,0.114104,0.285304,0.654842
11.600000,2.030761,2.009310,2.062971,1.703850,1.991075,2.001055,2.032871,1.996348,0.094179,1.557949,0.129005,0.999723,0.086556,0.991424,0.114061,0.284928,0.658116
11.616667,2.029860,2.009064,2.064115,1.720864,1.991123,2.001233,2.032811,1.996261,0.094031,1.545853,0.130034,0.976819,0.086706,0.943726,0.114019,0.281259,0.665943
11.633333,2.028801,2.008741,2.064397,1.736450,1.991141,2.001355,2.033493,1.996180,0.093915,1.555625,0.129684,0.954435,0.087099,0.887189,0.114115,0.271908,0.675766
11.650000,2.027560,2.008548,2.064627,1.752938,1.991151,2.001447,2.034210,1.996122,0.093820,1.566290,0.129374,0.928078,0.087527,0.839933,0.114201,0.261557,0.686872
11.666667,2.026534,2.008459,2.064806,1.769691,1.991222,2.001515,2.034020,1.995819,0.093761,1.566668,0.128876,0.903505,0.087925,0.803042,0.114271,0.250848,0.698630
11.683333,2.025842,2.008416,2.064956,1.786098,1.991599,2.001539,2.034510,1.995393,0.093710,1.588483,0.128145,0.884595,0.088398,0.771415,0.114243,0.241091,0.710155
11.700000,2.025178,2.008402,2.064344,1.793884,1.991986,2.001565,2.034740,1.994895,0.093659,1.603629,0.127507,0.866599,0.088832,0.744324,0.114196,0.231489,0.720290
11.716667,2.024605,2.008408,2.062955,1.793866,1.992365,2.001637,2.034579,1.994427,0.093604,1.608657,0.126660,0.848286,0.089238,0.721595,0.114184,0.221052,0.729465
11.733333,2.024180,2.008461,2.061218,1.788229,1.992321,2.001911,2.034627,1.994063,0.093384,1.616473,0.125842,0.831665,0.089689,0.703595,0.114167,0.212074,0.747844
11.750000,2.023754,2.008575,2.059238,1.780621,1.991926,2.002145,2.034448,1.993587,0.093225,1.616933,0.125054,0.813961,0.090100,0.691127,0.114158,0.203651,0.766601
11.766667,2.023461,2.008904,2.057562,1.775706,1.991349,2.002324,2.034067,1.993021,0.093180,1.612924,0.124092,0.799972,0.090650,0.689111,0.114366,0.199233,0.779076
11.783333,2.023806,2.009312,2.056041,1.773330,1.989449,2.002597,2.033622,1.992265,0.093378,1.606457,0.121296,0.803873,0.092138,0.698551,0.115625,0.196245,0.781088
11.800000,2.024204,2.009607,2.054187,1.763459,1.986363,2.002908,2.033059,1.991193,0.093693,1.597907,0.118316,0.811388,0.093876,0.712355,0.117174,0.192227,0.775895
11.816667,2.024532,2.009629,2.052533,1.742579,1.982555,2.003224,2.032524,1.989908,0.094005,1.588683,0.115313,0.819620,0.095534,0.716730,0.118642,0.190643,0.763667
11.833333,2.024730,2.009723,2.051528,1.725901,1.978863,2.003510,2.032028,1.988389,0.094553,1.579612,0.112479,0.826079,0.096801,0.716163,0.119960,0.190350,0.749718
11.850000,2.024348,2.009969,2.051136,1.715585,1.975255,2.003777,2.031614,1.987037,0.095679,1.570267,0.109774,0.819585,0.098142,0.716708,0.121633,0.190412,0.734332
11.866667,2.023355,2.010214,2.050740,1.694639,1.971519,2.004037,2.031512,1.986313,0.096864,1.560547,0.108123,0.798925,0.099014,0.719879,0.122622,0.191135,0.719779
11.883333,2.021801,2.010454,2.050196,1.657244,1.967702,2.004285,2.031576,1.986198,0.097304,1.541533,0.107799,0.766184,0.098816,0.724270,0.121707,0.192594,0.707134
11.900000,2.019912,2.010648,2.049448,1.612929,1.964015,2.004501,2.031679,1.986269,0.097554,1.526363,0.108352,0.728885,0.098557,0.728051,0.120585,0.196193,0.697243
11.916667,2.018294,2.010815,2.048357,1.563806,1.960102,2.004688,2.031824,1.986362,0.097704,1.514655,0.109982,0.695200,0.097726,0.731408,0.119118,0.199518,0.689005
11.933333,2.017229,2.010968,2.047154,1.534632,1.956075,2.004848,2.031998,1.986457,0.097855,1.505649,0.111972,0.672526,0.096570,0.734452,0.117704,0.188556,0.682609
11.950000,2.016478,2.011098,2.045541,1.498875,1.952072,2.004972,2.032206,1.986531,0.097992,1.499245,0.113826,0.657100,0.095207,0.737006,0.116257,0.175342,0.678166
11.966667,2.016029,2.011217,2.043949,1.461060,1.948777,2.005018,2.032454,1.986566,0.097835,1.495311,0.114972,0.648641,0.094411,0.739063,0.115278,0.162310,0.676452
11.983333,2.015977,2.011346,2.042364,1.421504,1.946343,2.004978,2.032700,1.986508,0.096556,1.493068,0.114960,0.648493,0.094704,0.740664,0.114436,0.150209,0.670968
12.000000,2.015965,2.011470,2.040859,1.383289,1.945217,2.004899,2.032894,1.986388,0.095392,1.491629,0.115117,0.648389,0.095149,0.741850,0.113856,0.139380,0.664069
12.016667,2.015971,2.011604,2.039471,1.348365,1.944649,2.004896,2.033071,1.986217,0.094922,1.490901,0.115409,0.647376,0.095486,0.742772,0.113765,0.129878,0.657201
12.033333,2.016088,2.011777,2.038189,1.312612,1.944264,2.004897,2.033238,1.986031,0.094830,1.490593,0.115310,0.649089,0.095824,0.743458,0.113996,0.123474,0.650561
12.050000,2.016384,2.011957,2.037205,1.278061,1.944212,2.004870,2.033400,1.985822,0.094944,1.490495,0.114103,0.658692,0.096297,0.743925,0.114570,0.119482,0.645230
12.066667,2.016392,2.012111,2.036853,1.259165,1.944395,2.004877,2.033348,1.985989,0.095144,1.480086,0.113615,0.663101,0.096724,0.744263,0.115190,0.114896,0.640680
12.083333,2.016415,2.012240,2.035573,1.209035,1.944491,2.004927,2.033017,1.986388,0.095382,1.459558,0.113097,0.667227,0.097159,0.744625,0.115847,0.112328,0.635999
12.100000,2.016458,2.012356,2.034538,1.169347,1.944579,2.004953,2.032760,1.986756,0.095639,1.442837,0.112590,0.671523,0.097581,0.744897,0.116517,0.109731,0.631712
12.116667,2.016486,2.012438,2.034118,1.152849,1.946662,2.004926,2.032540,1.987094,0.096816,1.428859,0.112308,0.675200,0.098271,0.745100,0.118322,0.106120,0.644422
12.133333,2.016519,2.012526,2.034020,1.149154,1.949002,2.004864,2.032323,1.987410,0.098068,1.416201,0.112175,0.678070,0.098982,0.745279,0.120175,0.102143,0.660341
12.150000,2.016537,2.012614,2.034022,1.150834,1.951185,2.004811,2.032120,1.987695,0.098764,1.404874,0.112162,0.680371,0.099852,0.745490,0.121855,0.098645,0.671472
12.166667,2.016554,2.012705,2.034045,1.153500,1.953881,2.004746,2.031928,1.987945,0.099542,1.395021,0.112221,0.682294,0.100744,0.745760,0.123704,0.096588,0.686366
12.183333,2.016562,2.012782,2.034085,1.155509,1.956077,2.004690,2.031772,1.988158,0.100352,1.386721,0.112271,0.683824,0.101408,0.746073,0.125318,0.095480,0.699488
12.200000,2.016560,2.012840,2.034128,1.156745,1.957609,2.004649,2.031647,1.988332,0.100942,1.380059,0.112307,0.685003,0.101838,0.746380,0.126368,0.094900,0.707208
12.216667,2.016555,2.012886,2.034172,1.157506,1.958860,2.004623,2.031554,1.988464,0.101500,1.375015,0.112337,0.685880,0.102151,0.746687,0.127351,0.094624,0.713566
12.233333,2.016540,2.012920,2.034210,1.157965,1.959721,2.004605,2.031494,1.988553,0.101895,1.371609,0.112487,0.685970,0.102365,0.746924,0.128025,0.094497,0.717827
12.250000,2.016524,2.012940,2.034240,1.158246,1.960178,2.004590,2.031466,1.988604,0.102120,1.369704,0.112570,0.686096,0.102491,0.747067,0.128414,0.094435,0.720465
12.266667,2.016508,2.012950,2.034261,1.158422,1.960336,2.004559,2.031453,1.988631,0.102242,1.368681,0.112618,0.686175,0.102561,0.747144,0.128626,0.094406,0.722031
12.283333,2.016496,2.012956,2.034275,1.158534,1.960269,2.004501,2.031445,1.988646,0.102308,1.368140,0.112646,0.686224,0.102603,0.747185,0.128741,0.094398,0.722356
12.300000,2.016488,2.012958,2.034283,1.158609,1.959912,2.004400,2.031442,1.988654,0.102322,1.367858,0.112665,0.686253,0.102649,0.747206,0.128793,0.094409,0.721602
12.316667,2.016485,2.012960,2.034287,1.158661,1.959405,2.004269,2.031441,1.988658,0.102305,1.367712,0.112678,0.686269,0.102695,0.747218,0.128807,0.094427,0.720461
12.333333,2.016483,2.012961,2.034290,1.158701,1.958814,2.004122,2.031440,1.988661,0.102271,1.367639,0.112688,0.686279,0.102739,0.747223,0.128800,0.094449,0.719111
12.350000,2.016482,2.012961,2.034292,1.158733,1.958154,2.003964,2.031441,1.988662,0.102225,1.367604,0.112696,0.686285,0.102785,0.747226,0.128779,0.094474,0.717562
12.366667,2.016482,2.012961,2.034293,1.158760,1.957460,2.003805,2.031441,1.988663,0.102172,1.367590,0.112704,0.686289,0.102831,0.747227,0.128749,0.094502,0.715887
12.383333,2.016507,2.012975,2.034296,1.158789,1.956779,2.003656,2.031441,1.988669,0.102117,1.367586,0.112929,0.686459,0.102830,0.753103,0.128703,0.094533,0.714186
12.400000,2.016574,2.013005,2.034301,1.158826,1.956165,2.003526,2.031440,1.988685,0.102067,1.367587,0.113516,0.686896,0.102747,0.768014,0.128636,0.094570,0.712597
12.416667,2.016644,2.013031,2.034307,1.158861,1.955671,2.003425,2.031439,1.988701,0.102033,1.367590,0.114144,0.687350,0.102641,0.783028,0.128577,0.094603,0.711369
12.433333,2.016725,2.013051,2.034313,1.158897,1.955363,2.003357,2.031389,1.988693,0.102014,1.367513,0.114865,0.687861,0.102506,0.798616,0.128523,0.094634,0.710435
12.450000,2.016829,2.013065,2.034321,1.158934,1.955198,2.003316,2.031121,1.988528,0.102001,1.367082,0.115682,0.688440,0.102350,0.814203,0.128472,0.094665,0.709835
12.466667,2.016941,2.013070,2.034329,1.158972,1.955038,2.003278,2.030839,1.988363,0.101992,1.366628,0.116584,0.689065,0.102177,0.829387,0.128418,0.094699,0.709360
12.483333,2.017286,2.013053,2.034338,1.159016,1.954924,2.003245,2.030565,1.988220,0.101985,1.366188,0.116582,0.697383,0.102020,0.846822,0.128387,0.094741,0.708834
12.500000,2.017619,2.013021,2.034348,1.159059,1.954862,2.003226,2.030299,1.988075,0.101980,1.365763,0.116638,0.705311,0.101863,0.860886,0.128354,0.094785,0.708548
12.516667,2.017895,2.013034,2.034358,1.157173,1.954825,2.003211,2.030038,1.987915,0.101895,1.365353,0.116779,0.711819,0.101452,0.872866,0.127974,0.095689,0.708393
12.533333,2.018132,2.013099,2.034326,1.153781,1.954803,2.003200,2.029801,1.987762,0.101812,1.364982,0.116982,0.717234,0.101050,0.889611,0.127597,0.096657,0.708310
12.550000,2.018401,2.013194,2.034302,1.150751,1.954789,2.003192,2.029610,1.987640,0.101731,1.364687,0.117311,0.723805,0.100622,0.919101,0.127224,0.097583,0.708266
12.566667,2.018547,2.013302,2.034258,1.147571,1.954781,2.003184,2.029400,1.987698,0.101677,1.364359,0.117669,0.730014,0.100293,0.948555,0.126968,0.098272,0.708243
12.583333,2.018663,2.013408,2.034335,1.145252,1.954805,2.003185,2.029134,1.987982,0.100723,1.363963,0.118085,0.736612,0.100500,0.977173,0.126338,0.100361,0.708202
12.600000,2.018945,2.013565,2.034112,1.134898,1.954926,2.003151,2.028911,1.988521,0.098584,1.366699,0.118343,0.745413,0.100898,1.005459,0.124645,0.104194,0.708274
12.616667,2.019491,2.013619,2.034157,1.137783,1.955108,2.003063,2.029063,1.988745,0.096182,1.387396,0.117622,0.762816,0.101290,1.039104,0.122617,0.106392,0.708475
12.633333,2.019993,2.013716,2.034272,1.148770,1.955339,2.002966,2.029446,1.988641,0.094316,1.421122,0.116392,0.781885,0.100775,1.085385,0.120010,0.106914,0.708913
12.650000,2.020394,2.013800,2.034361,1.161801,1.955610,2.002873,2.030022,1.988669,0.092854,1.453053,0.115955,0.798009,0.099488,1.130159,0.116933,0.107154,0.709508
12.666667,2.020717,2.013801,2.034890,1.184764,1.956737,2.002774,2.030981,1.989104,0.091907,1.485796,0.115913,0.812590,0.098609,1.165515,0.114847,0.109757,0.709636
12.683333,2.020570,2.013770,2.035933,1.215034,1.959571,2.002646,2.032004,1.990041,0.091941,1.517514,0.116660,0.819649,0.098438,1.187644,0.114458,0.115514,0.688340
12.700000,2.020160,2.013740,2.037648,1.251867,1.962810,2.002429,2.033257,1.990946,0.092552,1.550952,0.118052,0.816816,0.098636,1.199172,0.115100,0.124222,0.660372
12.716667,2.019765,2.013703,2.039699,1.292436,1.965327,2.002158,2.034769,1.991629,0.093420,1.587880,0.119675,0.811689,0.099050,1.208249,0.116294,0.136238,0.633320
12.733333,2.019399,2.013625,2.042135,1.343443,1.963898,2.002020,2.036516,1.992160,0.093720,1.626620,0.121421,0.805490,0.099336,1.211283,0.116969,0.145124,0.621520
12.750000,2.019153,2.013540,2.044894,1.398245,1.962110,2.001947,2.038607,1.992690,0.093857,1.667270,0.122421,0.803556,0.099188,1.214264,0.117024,0.152443,0.619613
12.766667,2.019105,2.013382,2.047912,1.451879,1.959667,2.001902,2.041061,1.993509,0.093737,1.709584,0.121194,0.809827,0.099003,1.224325,0.116517,0.160758,0.621705
12.783333,2.019011,2.013198,2.051262,1.504734,1.957126,2.001903,2.042684,1.994464,0.093118,1.733909,0.119167,0.814618,0.100099,1.235130,0.117017,0.169867,0.627352
12.800000,2.018911,2.012999,2.054957,1.555769,1.955081,2.001957,2.043452,1.995228,0.093077,1.744086,0.117973,0.818133,0.101049,1.249895,0.117962,0.177038,0.628054
12.816667,2.018778,2.012817,2.059252,1.606038,1.953393,2.002014,2.043852,1.995716,0.092805,1.747543,0.117775,0.821047,0.102120,1.253970,0.118612,0.190128,0.626481
12.833333,2.018629,2.012634,2.063310,1.653127,1.951903,2.002039,2.044193,1.996043,0.091828,1.749366,0.118367,0.823182,0.103408,1.250057,0.118914,0.203180,0.625160
12.850000,2.018461,2.012477,2.066261,1.693306,1.952346,2.001984,2.044481,1.996277,0.091190,1.750485,0.119294,0.824837,0.104533,1.243282,0.119353,0.215114,0.610839
12.866667,2.018305,2.012333,2.066771,1.712109,1.954293,2.001894,2.043138,1.996492,0.090088,1.736813,0.120695,0.826363,0.104959,1.234442,0.118697,0.235247,0.592301
12.883333,2.018107,2.012197,2.066621,1.723532,1.956864,2.001855,2.041229,1.996740,0.089094,1.713900,0.122123,0.827749,0.105520,1.224392,0.118436,0.253952,0.588269
12.900000,2.018557,2.011977,2.065062,1.723530,1.958849,2.001807,2.039185,1.997017,0.088757,1.687107,0.120435,0.851374,0.105927,1.206264,0.118670,0.260486,0.588609
12.916667,2.019127,2.011732,2.063047,1.717161,1.960227,2.001799,2.037487,1.997252,0.088813,1.664629,0.118391,0.878271,0.106057,1.185215,0.118945,0.265232,0.588064
12.933333,2.019876,2.011449,2.060698,1.706497,1.961594,2.001813,2.036019,1.997584,0.089078,1.643971,0.116402,0.889905,0.106170,1.160495,0.119290,0.268747,0.587119
12.950000,2.020592,2.011170,2.058109,1.692679,1.962797,2.001837,2.034909,1.997870,0.089413,1.623817,0.114437,0.903086,0.106177,1.135294,0.119615,0.271337,0.586461
12.966667,2.021286,2.010897,2.055344,1.676296,1.964227,2.001875,2.034507,1.998125,0.089811,1.615628,0.112450,0.917354,0.106319,1.110003,0.120183,0.273128,0.585818
12.983333,2.022027,2.010638,2.053065,1.661349,1.965619,2.001888,2.034437,1.998325,0.090282,1.612828,0.110484,0.933716,0.106456,1.085313,0.120837,0.272167,0.584013
13.000000,2.022803,2.010391,2.052028,1.654233,1.966941,2.001868,2.034430,1.998477,0.090786,1.609559,0.108606,0.951823,0.106464,1.061229,0.121410,0.268428,0.580479
13.016667,2.023659,2.010147,2.051616,1.649246,1.968378,2.001842,2.034450,1.998567,0.091474,1.605716,0.106862,0.971903,0.106230,1.037054,0.121966,0.268377,0.575561
13.033333,2.024621,2.009912,2.051487,1.645103,1.969903,2.001818,2.034272,1.998567,0.092474,1.601331,0.105348,0.993418,0.105141,1.013042,0.121991,0.271232,0.569769
13.050000,2.025266,2.009627,2.051548,1.641334,1.971304,2.001787,2.034019,1.998509,0.093512,1.597311,0.104840,0.992950,0.104086,0.982752,0.122044,0.274834,0.563634
13.066667,2.025891,2.009303,2.051926,1.638381,1.972679,2.001752,2.033761,1.998410,0.094699,1.593330,0.104771,0.988776,0.103058,0.946958,0.122300,0.279149,0.556885
13.083333,2.026513,2.009007,2.052478,1.641154,1.973968,2.001760,2.033524,1.998270,0.096045,1.589415,0.105099,0.979241,0.102279,0.914066,0.122856,0.281939,0.552339
13.100000,2.026899,2.008775,2.052928,1.644570,1.974964,2.001793,2.033290,1.998138,0.097229,1.585771,0.105609,0.971486,0.101403,0.888116,0.123165,0.283660,0.552136
13.116667,2.027030,2.008515,2.053317,1.648818,1.975811,2.001846,2.033063,1.998044,0.097969,1.582414,0.106212,0.964223,0.100289,0.859104,0.123013,0.283063,0.554602
13.133333,2.027220,2.008278,2.053704,1.655023,1.976485,2.001896,2.032847,1.997936,0.098371,1.579381,0.106799,0.958480,0.099657,0.832251,0.122916,0.280159,0.557462
13.150000,2.027301,2.008093,2.054026,1.660382,1.977029,2.001943,2.032767,1.997837,0.098584,1.576878,0.107441,0.953043,0.099251,0.811577,0.122826,0.277293,0.560219
13.166667,2.027270,2.007895,2.054307,1.664723,1.977478,2.001986,2.032915,1.997748,0.098698,1.575236,0.108251,0.945885,0.098825,0.789543,0.122694,0.274614,0.562685
13.183333,2.027319,2.007735,2.054563,1.666719,1.977865,2.002028,2.033029,1.997667,0.098664,1.573743,0.108904,0.942338,0.098607,0.771984,0.122585,0.272515,0.564700
13.200000,2.027265,2.007599,2.054774,1.667759,1.978143,2.002055,2.033121,1.997604,0.098602,1.572515,0.109576,0.937312,0.098405,0.757246,0.122468,0.271044,0.566009
13.216667,2.027225,2.007495,2.054946,1.668370,1.978345,2.002073,2.033192,1.997558,0.098540,1.571565,0.110116,0.933730,0.098258,0.746043,0.122377,0.270014,0.566946
13.233333,2.027199,2.007422,2.055075,1.668767,1.978473,2.002081,2.033244,1.997527,0.098499,1.570893,0.110506,0.931469,0.098157,0.738307,0.122316,0.269364,0.567555
13.250000,2.027180,2.007376,2.055162,1.669005,1.978543,2.002083,2.033277,1.997511,0.098475,1.570479,0.110755,0.930115,0.098093,0.733445,0.122279,0.269015,0.567904
13.266667,2.027166,2.007349,2.055215,1.669141,1.978581,2.002084,2.033296,1.997502,0.098462,1.570259,0.110893,0.929388,0.098058,0.730611,0.122260,0.268828,0.568094
13.283333,2.027157,2.007332,2.055245,1.669213,1.978600,2.002084,2.033306,1.997497,0.098455,1.570143,0.110969,0.928999,0.098040,0.728874,0.122249,0.268726,0.568195
13.300000,2.027151,2.007321,2.055261,1.669251,1.978610,2.002084,2.033311,1.997495,0.098451,1.570083,0.111010,0.928789,0.098031,0.727738,0.122243,0.268670,0.568249
13.316667,2.027148,2.007313,2.055269,1.669269,1.978616,2.002084,2.033314,1.997493,0.098448,1.570052,0.111032,0.928676,0.098026,0.726924,0.122240,0.268639,0.568278
13.333333,2.027146,2.007306,2.055274,1.669277,1.978618,2.002084,2.033316,1.997492,0.098447,1.570037,0.111044,0.928615,0.098023,0.726264,0.122238,0.268622,0.568294
13.350000,2.027145,2.007299,2.055277,1.669280,1.978619,2.002084,2.033317,1.997492,0.098446,1.570031,0.111050,0.928582,0.098022,0.725647,0.122237,0.268612,0.568303
13.366667,2.027144,2.007291,2.055278,1.669280,1.978620,2.002084,2.033318,1.997492,0.098445,1.570028,0.111053,0.928564,0.098022,0.724995,0.122236,0.268607,0.568308
13.383333,2.027143,2.007282,2.055279,1.669280,1.978620,2.002084,2.033318,1.997492,0.098445,1.570029,0.111055,0.928555,0.098021,0.724250,0.122236,0.268604,0.568311
13.400000,2.027141,2.007270,2.055280,1.669279,1.978620,2.002084,2.033319,1.997455,0.098445,1.570035,0.111055,0.928549,0.098021,0.723367,0.122234,0.268602,0.568313
13.416667,2.027134,2.007254,2.055281,1.669279,1.978621,2.002086,2.033324,1.997268,0.098448,1.570067,0.111050,0.928547,0.098017,0.722318,0.122231,0.268603,0.568316
13.433333,2.027125,2.007234,2.055282,1.669280,1.978623,2.002088,2.033329,1.997061,0.098452,1.570102,0.111044,0.928545,0.098012,0.721087,0.122226,0.268604,0.568319
13.450000,2.027114,2.007210,2.055283,1.669281,1.978624,2.002090,2.033337,1.996819,0.098457,1.570148,0.111036,0.928541,0.098006,0.719674,0.122220,0.268606,0.568323
13.466667,2.027102,2.007182,2.055284,1.669283,1.978626,2.002093,2.033344,1.996581,0.098462,1.570192,0.111028,0.928537,0.098000,0.718090,0.122215,0.268609,0.568326
13.483333,2.027089,2.007149,2.055285,1.669285,1.978628,2.002096,2.033353,1.996333,0.098467,1.570237,0.111020,0.928533,0.097993,0.716361,0.122208,0.268613,0.568329
13.500000,2.027077,2.007111,2.055286,1.669288,1.978631,2.002098,2.033362,1.996073,0.098472,1.570285,0.111010,0.928529,0.097985,0.714520,0.122202,0.268616,0.568333
13.516667,2.027063,2.007069,2.055287,1.669292,1.978633,2.002101,2.033372,1.995803,0.098478,1.570334,0.111000,0.928524,0.097977,0.712608,0.122194,0.268620,0.568337
13.533333,2.027049,2.007022,2.055288,1.669295,1.978636,2.002106,2.033381,1.995548,0.098486,1.569719,0.110987,0.928517,0.097966,0.710667,0.122187,0.268624,0.568341
13.550000,2.027013,2.006970,2.055355,1.669700,1.978619,2.002148,2.033297,1.995385,0.098432,1.562888,0.110976,0.928555,0.097943,0.708748,0.122157,0.269715,0.574132
13.566667,2.026973,2.006929,2.055452,1.670279,1.977921,2.002202,2.033168,1.995251,0.098372,1.553121,0.110959,0.928590,0.097911,0.707473,0.122114,0.271245,0.582835
13.583333,2.026862,2.006938,2.055540,1.670816,1.977233,2.002251,2.032332,1.995133,0.098318,1.531356,0.111013,0.928971,0.097917,0.706727,0.122104,0.272593,0.591293
13.600000,2.025983,2.007162,2.055871,1.672732,1.976651,2.002309,2.032137,1.995031,0.098418,1.518383,0.111390,0.915823,0.098651,0.723620,0.122947,0.272676,0.600934
13.616667,2.024759,2.007533,2.056360,1.675390,1.976328,2.002491,2.032113,1.994954,0.099511,1.509422,0.111444,0.893774,0.097955,0.748393,0.123084,0.276888,0.607395
13.633333,2.023477,2.007785,2.056821,1.678173,1.975496,2.002707,2.032104,1.994901,0.100175,1.502386,0.111218,0.870225,0.097709,0.753623,0.123204,0.287033,0.616930
13.650000,2.022111,2.007802,2.058299,1.699826,1.975192,2.002851,2.032904,1.994854,0.100591,1.518609,0.111222,0.844793,0.097924,0.733858,0.123473,0.284752,0.625857
13.666667,2.020725,2.007847,2.060396,1.729864,1.975227,2.002954,2.033383,1.994713,0.100731,1.530392,0.111360,0.817670,0.098365,0.713490,0.123695,0.282717,0.635567
13.683333,2.019349,2.007878,2.062203,1.756984,1.975376,2.003033,2.033232,1.994347,0.100636,1.531570,0.111606,0.789007,0.098907,0.693444,0.123796,0.282093,0.644425
13.700000,2.017980,2.007921,2.064587,1.782345,1.977234,2.003196,2.033099,1.993855,0.100368,1.531934,0.112163,0.761888,0.099174,0.676754,0.123362,0.281860,0.642344
13.716667,2.017075,2.008069,2.063895,1.783242,1.979924,2.003441,2.032915,1.993263,0.100090,1.528954,0.113329,0.741437,0.099237,0.668042,0.122999,0.278716,0.642056
13.733333,2.016445,2.008315,2.062697,1.780202,1.980244,2.003687,2.032672,1.992365,0.100301,1.525318,0.115424,0.725044,0.098191,0.672866,0.122117,0.274424,0.646662
13.750000,2.015771,2.008522,2.061176,1.775841,1.979755,2.003850,2.032571,1.991461,0.100571,1.523672,0.117640,0.708409,0.096373,0.700456,0.120450,0.269303,0.649426
13.766667,2.016184,2.008523,2.058930,1.759639,1.978905,2.003960,2.032599,1.990408,0.101362,1.524762,0.116359,0.712331,0.095000,0.717500,0.119131,0.263883,0.651321
13.783333,2.016886,2.008364,2.056293,1.733693,1.977899,2.004067,2.032574,1.989095,0.102322,1.526236,0.114537,0.722837,0.094317,0.725023,0.118532,0.258867,0.647995
13.800000,2.017747,2.008113,2.053690,1.703199,1.976209,2.004270,2.032552,1.987463,0.103436,1.528617,0.112484,0.738290,0.094108,0.723901,0.118385,0.253473,0.628582
13.816667,2.018402,2.007862,2.052004,1.682409,1.973780,2.004506,2.032696,1.986052,0.104862,1.533676,0.110523,0.751418,0.094180,0.719557,0.118613,0.242457,0.604471
13.833333,2.018695,2.007826,2.051007,1.661152,1.971126,2.004757,2.033567,1.985327,0.106061,1.556025,0.109302,0.751623,0.093820,0.717500,0.118886,0.230006,0.580772
13.850000,2.018718,2.007932,2.050552,1.642587,1.968447,2.005012,2.035077,1.984962,0.106671,1.592220,0.109419,0.745474,0.092631,0.714868,0.118382,0.216618,0.559267
13.866667,2.018498,2.007956,2.050341,1.625496,1.965358,2.005280,2.036571,1.984534,0.106916,1.625166,0.110303,0.736773,0.091392,0.708957,0.117487,0.203938,0.538047
13.883333,2.017983,2.007945,2.050213,1.608935,1.961911,2.005551,2.037446,1.984126,0.107387,1.648131,0.112184,0.723586,0.090335,0.703515,0.116887,0.192702,0.518325
13.900000,2.017380,2.007947,2.049967,1.586123,1.958136,2.005817,2.038013,1.983811,0.107847,1.667657,0.114856,0.720640,0.089625,0.700155,0.116087,0.185336,0.500777
13.916667,2.016439,2.008002,2.049379,1.552435,1.954195,2.006055,2.038495,1.983460,0.107455,1.687699,0.116827,0.710236,0.088950,0.699634,0.115034,0.183220,0.486295
13.933333,2.015266,2.008045,2.048687,1.533482,1.950931,2.006237,2.038880,1.983138,0.106424,1.704792,0.119857,0.694454,0.088830,0.699807,0.113836,0.172675,0.476781
13.950000,2.014593,2.008072,2.047339,1.507053,1.949393,2.006212,2.039188,1.982724,0.106204,1.713943,0.122916,0.677512,0.089158,0.699691,0.114001,0.161509,0.465328
13.966667,2.014026,2.008143,2.045830,1.477870,1.948459,2.006149,2.039462,1.982338,0.105196,1.718937,0.123910,0.671201,0.089845,0.698325,0.113647,0.151030,0.456937
13.983333,2.013287,2.008231,2.044277,1.446680,1.947803,2.006057,2.039748,1.982039,0.103948,1.721758,0.122386,0.681365,0.091058,0.696862,0.113385,0.141793,0.450420
14.000000,2.012546,2.008276,2.042923,1.411722,1.947322,2.005956,2.039920,1.981890,0.102751,1.721539,0.122245,0.681956,0.091987,0.695722,0.113150,0.136650,0.445172
14.016667,2.011766,2.008272,2.041418,1.373606,1.947040,2.005871,2.039750,1.982125,0.101562,1.714592,0.123069,0.676553,0.092652,0.695049,0.112847,0.132516,0.440880
14.033333,2.011072,2.008236,2.039971,1.334507,1.946841,2.005783,2.039527,1.982496,0.100431,1.708293,0.124108,0.669469,0.093311,0.694649,0.112626,0.129278,0.437144
14.050000,2.010797,2.008197,2.039285,1.304796,1.946801,2.005840,2.038961,1.983014,0.099434,1.698800,0.123278,0.665321,0.094189,0.694438,0.112442,0.125754,0.433571
14.066667,2.010592,2.008132,2.038934,1.283174,1.946632,2.005845,2.038474,1.983467,0.098976,1.691029,0.121169,0.662060,0.094986,0.694450,0.112418,0.122949,0.429998
14.083333,2.010015,2.008031,2.038874,1.271209,1.947859,2.005796,2.038028,1.983912,0.099472,1.684181,0.119804,0.656353,0.095728,0.694641,0.113416,0.119771,0.435893
14.100000,2.008664,2.007942,2.038720,1.263030,1.949877,2.005726,2.037597,1.984381,0.100428,1.677878,0.119468,0.653930,0.096424,0.694962,0.114932,0.116707,0.446521
14.116667,2.006798,2.007894,2.038668,1.260191,1.950296,2.005504,2.037190,1.984828,0.100659,1.672117,0.119860,0.652164,0.097134,0.695569,0.115924,0.114882,0.449898
14.133333,2.005061,2.007899,2.038696,1.259441,1.949955,2.005259,2.036815,1.985206,0.101081,1.666976,0.120483,0.643471,0.097734,0.696788,0.116888,0.113819,0.452465
14.150000,2.003107,2.007882,2.038745,1.259033,1.950265,2.005028,2.036479,1.985549,0.102070,1.662497,0.121107,0.637970,0.098270,0.698051,0.118343,0.113239,0.457256
14.166667,2.001007,2.007838,2.038762,1.257651,1.950814,2.004832,2.036177,1.985844,0.103229,1.658589,0.121836,0.630403,0.098767,0.699197,0.119911,0.112933,0.462610
14.183333,1.998710,2.007783,2.038782,1.256379,1.951503,2.004728,2.035884,1.986087,0.104030,1.653992,0.122659,0.621806,0.099074,0.700208,0.120998,0.112761,0.465816
14.200000,1.996144,2.007721,2.038802,1.255273,1.952164,2.004668,2.035637,1.986270,0.104616,1.649320,0.123736,0.612453,0.099284,0.700942,0.121742,0.112658,0.467816
14.216667,1.993906,2.007670,2.038822,1.254414,1.952741,2.004633,2.035462,1.986399,0.105044,1.645646,0.124741,0.604351,0.099392,0.701313,0.122243,0.112611,0.469452
14.233333,1.992627,2.007648,2.038845,1.253809,1.953150,2.004613,2.035322,1.986489,0.105326,1.642493,0.125288,0.600071,0.099448,0.701514,0.122554,0.112597,0.470623
14.250000,1.991952,2.007639,2.038868,1.253470,1.953373,2.004602,2.035260,1.986550,0.105481,1.641639,0.125467,0.598219,0.099489,0.701623,0.122728,0.112599,0.471253
14.266667,1.991597,2.007636,2.038888,1.253308,1.953493,2.004596,2.035224,1.986582,0.105564,1.641116,0.125512,0.597443,0.099517,0.701681,0.122824,0.112604,0.471589
14.283333,1.991407,2.007634,2.038861,1.252118,1.953489,2.004579,2.035205,1.986599,0.105610,1.640835,0.125534,0.597051,0.099532,0.701714,0.122875,0.112674,0.471799
14.300000,1.991306,2.007634,2.038846,1.251452,1.953120,2.004492,2.035195,1.986608,0.105640,1.640686,0.125546,0.596845,0.099540,0.701732,0.122902,0.112716,0.472093
14.316667,1.991253,2.007634,2.038839,1.251101,1.952691,2.004396,2.035190,1.986612,0.105660,1.640605,0.125552,0.596738,0.099544,0.701741,0.122916,0.112740,0.472363
14.333333,1.991226,2.007634,2.038835,1.250921,1.952127,2.004273,2.035187,1.986615,0.105661,1.640561,0.125555,0.596684,0.099546,0.701746,0.122924,0.112762,0.471723
14.350000,1.991213,2.007634,2.038834,1.250832,1.951355,2.004113,2.035186,1.986616,0.105646,1.640539,0.125557,0.596659,0.099548,0.701748,0.122928,0.112786,0.470464
14.366667,1.991207,2.007634,2.038833,1.250792,1.950595,2.003953,2.035186,1.986617,0.105636,1.640527,0.125558,0.596649,0.099549,0.701749,0.122932,0.112808,0.468968
14.383333,1.991205,2.007634,2.038833,1.250777,1.949914,2.003799,2.035187,1.986618,0.105637,1.640520,0.125559,0.596646,0.099549,0.701749,0.122936,0.112831,0.467029
14.400000,1.991206,2.007634,2.038833,1.250775,1.949314,2.003667,2.035187,1.986618,0.105634,1.640517,0.125559,0.596648,0.099548,0.701749,0.122937,0.112851,0.465302
14.416667,1.991370,2.007591,2.038836,1.250790,1.948845,2.003563,2.035187,1.986633,0.105629,1.640514,0.125448,0.600166,0.099475,0.707178,0.122924,0.112891,0.463926
14.433333,1.992073,2.007433,2.038845,1.250833,1.948556,2.003491,2.035088,1.986602,0.105629,1.640340,0.124296,0.616272,0.099366,0.722188,0.122926,0.112987,0.462906
14.450000,1.993582,2.007189,2.038860,1.250893,1.948404,2.003448,2.034841,1.986442,0.105632,1.639913,0.122716,0.634006,0.099332,0.741559,0.122954,0.113116,0.462297
14.466667,1.995491,2.006897,2.038878,1.250966,1.948239,2.003404,2.034607,1.986319,0.105634,1.639514,0.121034,0.652048,0.099331,0.762326,0.122993,0.113266,0.461612
14.483333,1.997076,2.006641,2.038895,1.251033,1.948110,2.003367,2.034368,1.986196,0.105637,1.639102,0.119699,0.667822,0.099319,0.779563,0.123022,0.113397,0.461061
14.500000,1.998486,2.006508,2.039308,1.262368,1.948038,2.003344,2.034125,1.986078,0.105636,1.638556,0.118622,0.682244,0.099284,0.795147,0.123041,0.112815,0.460761
14.516667,2.000035,2.006327,2.039735,1.273910,1.947997,2.003328,2.033871,1.985952,0.105635,1.637923,0.117577,0.698332,0.099203,0.809805,0.123051,0.112263,0.460597
14.533333,2.001164,2.006149,2.040038,1.280489,1.948098,2.003335,2.033629,1.985950,0.105613,1.637418,0.116769,0.711780,0.099106,0.820615,0.122997,0.112936,0.464119
14.550000,2.001519,2.006033,2.040397,1.290117,1.948195,2.003336,2.033484,1.986485,0.105618,1.637119,0.116161,0.723269,0.098999,0.828013,0.122975,0.112311,0.466426
14.566667,2.001722,2.005904,2.040595,1.296811,1.948245,2.003334,2.033405,1.987053,0.105632,1.636955,0.115673,0.735126,0.098852,0.833310,0.122960,0.111459,0.467680
14.583333,2.002065,2.005956,2.040585,1.304570,1.948253,2.003404,2.034080,1.987781,0.105673,1.650545,0.114318,0.755667,0.098887,0.856106,0.123057,0.108337,0.468397
14.600000,2.002249,2.006177,2.040441,1.315513,1.948237,2.003502,2.035028,1.988382,0.105783,1.668360,0.112546,0.782446,0.099023,0.893483,0.123260,0.103034,0.468861
14.616667,2.001070,2.006523,2.040286,1.330492,1.948220,2.003569,2.035408,1.988798,0.105583,1.679776,0.112554,0.781774,0.099247,0.939506,0.123241,0.097628,0.469170
14.633333,2.000529,2.006851,2.040178,1.349908,1.948259,2.003622,2.035447,1.989173,0.103741,1.689306,0.112596,0.766334,0.100465,0.991476,0.122199,0.093272,0.469443
14.650000,1.999339,2.007201,2.040066,1.370893,1.948385,2.003664,2.035579,1.989635,0.101058,1.698257,0.113874,0.741245,0.101116,1.047772,0.119706,0.089874,0.469887
14.666667,1.997125,2.007589,2.040003,1.390638,1.948537,2.003697,2.035771,1.990331,0.098140,1.707000,0.116132,0.708114,0.101665,1.098925,0.116911,0.088556,0.470319
14.683333,1.994824,2.008074,2.040301,1.412549,1.945016,2.003781,2.036162,1.991343,0.096030,1.717110,0.118791,0.683969,0.101399,1.154232,0.114076,0.091058,0.478634
14.700000,1.991705,2.008485,2.041634,1.435692,1.940808,2.003863,2.036502,1.992140,0.094224,1.726103,0.121581,0.669964,0.100814,1.204231,0.111333,0.097495,0.493296
14.716667,1.987768,2.008746,2.043006,1.453106,1.938835,2.003877,2.036996,1.992870,0.092615,1.735112,0.123931,0.662910,0.100529,1.235916,0.109136,0.104869,0.497085
14.733333,1.984406,2.008809,2.044237,1.467830,1.940378,2.003727,2.038254,1.993576,0.093154,1.753143,0.126054,0.657157,0.099906,1.267554,0.108508,0.112555,0.478249
14.750000,1.982224,2.008737,2.045599,1.483021,1.940786,2.003524,2.039214,1.994155,0.093794,1.764083,0.127098,0.660433,0.099558,1.278091,0.108476,0.121447,0.460764
14.766667,1.981245,2.008518,2.047402,1.503567,1.938423,2.003416,2.040063,1.994690,0.093764,1.771884,0.127238,0.673702,0.099123,1.288094,0.107774,0.133994,0.453320
14.783333,1.980824,2.008251,2.049656,1.529439,1.936302,2.003358,2.041097,1.995213,0.093318,1.781215,0.126987,0.688830,0.098511,1.295152,0.106574,0.151075,0.452595
14.800000,1.983163,2.007905,2.052136,1.557243,1.934879,2.003327,2.041701,1.995676,0.092275,1.781674,0.126074,0.705309,0.098153,1.293859,0.105083,0.171300,0.456524
14.816667,1.985403,2.007531,2.055637,1.599307,1.933444,2.003310,2.041687,1.996058,0.091177,1.774279,0.126735,0.728185,0.096991,1.281729,0.103464,0.193216,0.463116
14.833333,1.988080,2.007135,2.060533,1.655979,1.933771,2.003212,2.040699,1.996394,0.090211,1.756689,0.127500,0.755233,0.095970,1.262605,0.101959,0.211176,0.461341
14.850000,1.991229,2.006734,2.065692,1.706322,1.935638,2.003088,2.039141,1.996705,0.089119,1.731866,0.128287,0.784501,0.095174,1.239171,0.100483,0.230986,0.456041
14.866667,1.994687,2.006332,2.068328,1.735026,1.937386,2.002971,2.037329,1.996996,0.088144,1.701953,0.128711,0.815424,0.094588,1.212941,0.099312,0.245641,0.451888
14.883333,1.998428,2.005931,2.067967,1.739334,1.938544,2.002860,2.035625,1.997259,0.087783,1.671983,0.128445,0.838663,0.094230,1.184769,0.099125,0.250768,0.448625
14.900000,2.002334,2.005526,2.066840,1.735359,1.938861,2.002810,2.034228,1.997466,0.087927,1.645815,0.126884,0.859331,0.093997,1.155150,0.099396,0.252511,0.444784
14.916667,2.005833,2.005119,2.065160,1.725018,1.939045,2.002795,2.033113,1.997572,0.088273,1.620949,0.124550,0.877769,0.093857,1.124420,0.099860,0.253921,0.441012
14.933333,2.006420,2.004691,2.063163,1.711433,1.939330,2.002803,2.032509,1.997604,0.088709,1.604287,0.123013,0.868962,0.093817,1.090432,0.100294,0.253706,0.437565
14.950000,2.005146,2.004259,2.061040,1.696161,1.939777,2.002824,2.032105,1.997576,0.089174,1.592236,0.122088,0.842885,0.093825,1.053344,0.100806,0.253348,0.434465
14.966667,2.004136,2.003832,2.059060,1.681358,1.940705,2.002823,2.031619,1.997475,0.089776,1.583188,0.120818,0.827277,0.093849,1.016336,0.101732,0.255512,0.431513
14.983333,2.003678,2.003415,2.056939,1.664751,1.942668,2.002840,2.031226,1.997372,0.090417,1.575675,0.118888,0.825073,0.093695,0.978728,0.102773,0.258386,0.431993
15.000000,2.003759,2.003025,2.054511,1.646640,1.944598,2.002863,2.031326,1.997255,0.091036,1.570295,0.116685,0.824402,0.093516,0.942946,0.103645,0.253616,0.433540
15.016667,2.003708,2.002743,2.052221,1.625384,1.946714,2.002912,2.031630,1.997135,0.091546,1.566093,0.115441,0.818962,0.093471,0.918106,0.104289,0.246307,0.435690
15.033333,2.004257,2.002494,2.051209,1.611468,1.948549,2.002984,2.031900,1.996997,0.091914,1.562279,0.115432,0.809706,0.093603,0.896551,0.104784,0.240470,0.438916
15.050000,2.004800,2.002289,2.050671,1.604099,1.949986,2.003054,2.032138,1.996857,0.092238,1.558812,0.116019,0.801504,0.093781,0.878823,0.105281,0.238889,0.442109
15.066667,2.005334,2.002064,2.050514,1.603477,1.951148,2.003122,2.032351,1.996728,0.092628,1.555640,0.117371,0.797671,0.093889,0.859231,0.105874,0.238380,0.445109
15.083333,2.005990,2.001823,2.050610,1.605080,1.952289,2.003209,2.032525,1.996598,0.092945,1.552772,0.118634,0.795318,0.093859,0.836764,0.106348,0.238211,0.449956
15.100000,2.006526,2.001638,2.050823,1.608110,1.953307,2.003291,2.032687,1.996470,0.093274,1.550140,0.119866,0.791290,0.093922,0.820081,0.106846,0.238552,0.454408
15.116667,2.006905,2.001470,2.051071,1.611323,1.954191,2.003373,2.032820,1.996351,0.093545,1.547791,0.120943,0.787020,0.093817,0.805386,0.107202,0.238839,0.458330
15.133333,2.007297,2.001321,2.051304,1.613924,1.955035,2.003453,2.032900,1.996235,0.093693,1.543804,0.121907,0.784891,0.093752,0.792435,0.107393,0.238605,0.462747
15.150000,2.007624,2.001207,2.051520,1.616335,1.955804,2.003535,2.032918,1.996135,0.093769,1.535572,0.122710,0.784407,0.093768,0.782602,0.107523,0.237992,0.467185
15.166667,2.007894,2.001112,2.051753,1.620315,1.956465,2.003605,2.032858,1.996040,0.093811,1.530166,0.123379,0.784708,0.093784,0.774900,0.107588,0.236270,0.470954
15.183333,2.008111,2.001036,2.051969,1.623935,1.957005,2.003669,2.032782,1.995951,0.093834,1.526636,0.123931,0.785304,0.093795,0.768855,0.107617,0.234419,0.474046
15.200000,2.008287,2.000954,2.052161,1.625543,1.957432,2.003723,2.032686,1.995879,0.093854,1.524355,0.124787,0.785590,0.093758,0.762632,0.107593,0.233039,0.476531
15.216667,2.008417,2.000891,2.052313,1.626414,1.957751,2.003760,2.032673,1.995833,0.093859,1.522442,0.125375,0.785936,0.093715,0.757983,0.107568,0.232136,0.478376
15.233333,2.008504,2.000848,2.052427,1.626892,1.957956,2.003783,2.032695,1.995803,0.093846,1.520690,0.125759,0.786238,0.093699,0.754969,0.107550,0.231599,0.479543
15.250000,2.008553,2.000822,2.052507,1.627173,1.958068,2.003796,2.032715,1.995788,0.093839,1.519577,0.125981,0.786421,0.093688,0.753240,0.107540,0.231312,0.480196
15.266667,2.008576,2.000807,2.052558,1.627334,1.958129,2.003802,2.032724,1.995781,0.093835,1.518923,0.126106,0.786554,0.093680,0.752322,0.107535,0.231158,0.480548
15.283333,2.008588,2.000799,2.052586,1.627422,1.958162,2.003806,2.032729,1.995778,0.093832,1.518568,0.126174,0.786625,0.093676,0.751840,0.107532,0.231075,0.480736
15.300000,2.008594,2.000795,2.052601,1.627469,1.958180,2.003807,2.032731,1.995776,0.093831,1.518382,0.126210,0.786662,0.093674,0.751592,0.107531,0.231030,0.480836
15.316667,2.008597,2.000793,2.052610,1.627493,1.958190,2.003808,2.032733,1.995775,0.093830,1.518293,0.126229,0.786683,0.093673,0.751468,0.107530,0.231005,0.480889
15.333333,2.008599,2.000790,2.052615,1.627507,1.958195,2.003809,2.032734,1.995775,0.093830,1.518249,0.126239,0.786693,0.093672,0.751079,0.107529,0.230992,0.480916
15.350000,2.008599,2.000782,2.052637,1.627625,1.958199,2.003810,2.032734,1.995774,0.093815,1.518228,0.126242,0.786698,0.093668,0.749906,0.107519,0.231504,0.480927
15.366667,2.008597,2.000773,2.052696,1.627962,1.958204,2.003811,2.032733,1.995773,0.093767,1.518219,0.126240,0.786698,0.093654,0.748598,0.107483,0.233085,0.480926
15.383333,2.008596,2.000762,2.052729,1.628149,1.958207,2.003813,2.032732,1.995772,0.093741,1.518216,0.126238,0.786698,0.093647,0.747127,0.107463,0.233949,0.480925
15.400000,2.008595,2.000748,2.052748,1.628254,1.958208,2.003813,2.032731,1.995771,0.093727,1.518216,0.126235,0.786696,0.093642,0.745495,0.107451,0.234420,0.480924
15.416667,2.008593,2.000732,2.052759,1.628315,1.958209,2.003814,2.032731,1.995771,0.093720,1.518218,0.126231,0.786694,0.093639,0.743715,0.107445,0.234678,0.480923
15.433333,2.008586,2.000711,2.052768,1.628354,1.958211,2.003816,2.032736,1.995554,0.093720,1.518245,0.126223,0.786689,0.093635,0.741814,0.107437,0.234822,0.480923
15.450000,2.008575,2.000686,2.052774,1.628381,1.958213,2.003818,2.032745,1.995245,0.093723,1.518285,0.126212,0.786682,0.093629,0.739834,0.107429,0.234905,0.480925
15.466667,2.008564,2.000658,2.052779,1.628402,1.958216,2.003821,2.032753,1.994947,0.093728,1.518323,0.126199,0.786673,0.093622,0.737826,0.107421,0.234955,0.480926
15.483333,2.008552,2.000626,2.052784,1.628420,1.958218,2.003824,2.032762,1.994639,0.093733,1.518361,0.126186,0.786664,0.093615,0.735843,0.107413,0.234987,0.480929
15.500000,2.008540,2.000591,2.052789,1.628437,1.958221,2.003827,2.032772,1.994318,0.093739,1.518401,0.126171,0.786654,0.093607,0.733937,0.107405,0.235010,0.480931
15.516667,2.008526,2.000552,2.052886,1.629010,1.958617,2.003879,2.032782,1.993981,0.093628,1.518440,0.126154,0.786642,0.093595,0.732181,0.107357,0.236650,0.487479
15.533333,2.008512,2.000510,2.052981,1.629580,1.959022,2.003932,2.032792,1.993628,0.093516,1.518482,0.126135,0.786630,0.093583,0.730593,0.107309,0.238239,0.494169
15.550000,2.008497,2.000486,2.053279,1.631610,1.959554,2.003997,2.032802,1.993261,0.093368,1.518524,0.126120,0.786618,0.093571,0.727971,0.107250,0.240471,0.502958
15.566667,2.008476,2.000614,2.053647,1.634102,1.958529,2.004034,2.032733,1.993050,0.093318,1.514488,0.125721,0.786483,0.093744,0.739673,0.107734,0.247205,0.514627
15.583333,2.008454,2.000770,2.053939,1.636066,1.957360,2.004110,2.031835,1.992971,0.093631,1.491497,0.125418,0.786393,0.093529,0.756085,0.108082,0.254209,0.526143
15.600000,2.008309,2.001045,2.054861,1.650775,1.956479,2.004252,2.031783,1.992852,0.094839,1.485176,0.125486,0.786559,0.092237,0.783051,0.107797,0.254997,0.537030
15.616667,2.007779,2.001376,2.056352,1.675495,1.955877,2.004387,2.032773,1.992714,0.095868,1.506401,0.126372,0.767123,0.091583,0.816021,0.107533,0.252136,0.547772
15.633333,2.007099,2.001774,2.058142,1.703821,1.955476,2.004506,2.033108,1.992730,0.096819,1.515880,0.126975,0.741276,0.091478,0.847002,0.107614,0.247577,0.558639
15.650000,2.005364,2.002069,2.059157,1.723529,1.957964,2.004680,2.033748,1.992910,0.097659,1.531430,0.127976,0.721137,0.091183,0.850234,0.108055,0.241479,0.558534
15.666667,2.004742,2.002554,2.059724,1.738642,1.962691,2.004927,2.034362,1.992989,0.098538,1.552535,0.125921,0.724223,0.091166,0.869031,0.109022,0.235411,0.557063
15.683333,2.004520,2.003144,2.060521,1.754565,1.968365,2.005226,2.035222,1.992607,0.099254,1.580387,0.124268,0.714308,0.091738,0.898224,0.110232,0.230297,0.554416
15.700000,2.003945,2.003688,2.062640,1.776469,1.974108,2.005549,2.036048,1.992073,0.098365,1.610314,0.123974,0.696361,0.093173,0.910500,0.110487,0.226798,0.551371
15.716667,2.002626,2.004168,2.064356,1.796149,1.977353,2.005823,2.037223,1.991558,0.096654,1.644636,0.124797,0.673941,0.095098,0.913069,0.110263,0.221308,0.550274
15.733333,2.001020,2.004622,2.063903,1.799898,1.978146,2.006014,2.038101,1.991061,0.095207,1.675607,0.125998,0.650825,0.097181,0.911215,0.110459,0.211864,0.552321
15.750000,2.000331,2.005074,2.062996,1.800111,1.978207,2.006157,2.038613,1.990378,0.094201,1.700299,0.125837,0.632844,0.099166,0.912416,0.110912,0.201992,0.557417
15.766667,1.999884,2.005478,2.061817,1.798722,1.977949,2.006271,2.039014,1.989566,0.093640,1.721224,0.125716,0.617539,0.100708,0.915971,0.111434,0.192345,0.564052
15.783333,1.999324,2.005911,2.060497,1.796960,1.977345,2.006363,2.038939,1.988746,0.093450,1.735357,0.125642,0.602743,0.101898,0.923592,0.111952,0.183299,0.571722
15.800000,1.998977,2.006392,2.059088,1.795188,1.976713,2.006439,2.038900,1.987662,0.093665,1.749772,0.125542,0.588950,0.102748,0.937165,0.112525,0.174835,0.580046
15.816667,1.998812,2.006836,2.057455,1.788358,1.976118,2.006656,2.038564,1.986382,0.093525,1.755498,0.125439,0.576135,0.103598,0.953883,0.112972,0.167960,0.596790
15.833333,1.998755,2.007032,2.056036,1.771748,1.975965,2.006842,2.038031,1.984520,0.093511,1.756766,0.125335,0.564164,0.104487,0.964195,0.113512,0.164351,0.595246
15.850000,1.998728,2.007054,2.054825,1.740595,1.974546,2.006970,2.037666,1.983308,0.093639,1.755887,0.125233,0.553145,0.105396,0.969591,0.114124,0.163582,0.583685
15.866667,1.998744,2.007080,2.053478,1.701581,1.972129,2.007071,2.037498,1.982608,0.093972,1.754130,0.124816,0.544259,0.106591,0.974061,0.115311,0.164376,0.564642
15.883333,1.998768,2.007100,2.051927,1.658201,1.969071,2.007160,2.037440,1.982176,0.094419,1.752037,0.124274,0.537454,0.107827,0.976974,0.116695,0.165943,0.542984
15.900000,1.998539,2.007154,2.050382,1.612011,1.965513,2.007248,2.037450,1.981872,0.094862,1.749946,0.124122,0.530580,0.109117,0.978340,0.118263,0.167834,0.521290
15.916667,1.997050,2.007264,2.049136,1.569596,1.961595,2.007332,2.037490,1.981670,0.095233,1.747987,0.123958,0.522235,0.110673,0.978801,0.119899,0.169552,0.501434
15.933333,1.994465,2.007372,2.048209,1.531992,1.958274,2.007409,2.037607,1.981491,0.095530,1.746583,0.124793,0.506172,0.112580,0.978548,0.121614,0.171002,0.487517
15.950000,1.991635,2.007485,2.047265,1.509645,1.955058,2.007463,2.037803,1.981238,0.095871,1.746018,0.124959,0.492718,0.114885,0.977586,0.123669,0.164677,0.476282
15.966667,1.988356,2.007597,2.046164,1.492273,1.951502,2.007477,2.038029,1.980988,0.096425,1.745878,0.125278,0.478218,0.116425,0.976076,0.125043,0.153917,0.466102
15.983333,1.984701,2.007774,2.045039,1.471986,1.948472,2.007554,2.038182,1.980796,0.096460,1.744182,0.126227,0.462449,0.115994,0.973155,0.123554,0.145063,0.458549
16.000000,1.980673,2.007995,2.043882,1.449862,1.945274,2.007785,2.038081,1.981011,0.096470,1.737391,0.127183,0.446036,0.115454,0.969892,0.121977,0.137665,0.451515
16.016667,1.976597,2.008257,2.042875,1.430701,1.942061,2.007977,2.037973,1.981328,0.096502,1.730452,0.127683,0.430733,0.115199,0.966852,0.120602,0.129888,0.443499
16.033333,1.972747,2.008559,2.041556,1.408277,1.940215,2.008080,2.037864,1.981657,0.096691,1.723581,0.127134,0.420510,0.115085,0.963924,0.119349,0.122195,0.434160
16.050000,1.968839,2.008916,2.040039,1.381206,1.939129,2.008144,2.037760,1.981957,0.096619,1.716720,0.126389,0.413352,0.116075,0.960244,0.118947,0.114649,0.427342
16.066667,1.966112,2.009131,2.038238,1.342919,1.938523,2.008190,2.037655,1.982229,0.096757,1.709901,0.126171,0.404269,0.117125,0.956849,0.119175,0.108346,0.422442
16.083333,1.964106,2.009252,2.037038,1.308187,1.938571,2.008102,2.037564,1.982492,0.097401,1.703192,0.126549,0.396014,0.118374,0.954367,0.120378,0.104620,0.426578
16.100000,1.962600,2.009414,2.036668,1.287882,1.936980,2.007900,2.037477,1.982731,0.097788,1.696651,0.127128,0.388466,0.119022,0.951606,0.120909,0.101294,0.426366
16.116667,1.962190,2.009536,2.036771,1.280537,1.935542,2.007644,2.037065,1.983134,0.097882,1.691240,0.127175,0.379223,0.120703,0.949830,0.122039,0.097707,0.428078
16.133333,1.961925,2.009615,2.036971,1.277666,1.933915,2.007349,2.036594,1.983571,0.097850,1.685153,0.127518,0.368828,0.122654,0.949167,0.123375,0.094787,0.429990
16.150000,1.961314,2.009744,2.037130,1.278085,1.933401,2.007062,2.036227,1.983947,0.098377,1.680553,0.127507,0.364078,0.123964,0.949637,0.124852,0.093108,0.431755
16.166667,1.960551,2.009855,2.037256,1.279110,1.931401,2.006687,2.035806,1.984245,0.099302,1.673518,0.127520,0.361951,0.124946,0.950538,0.126293,0.092313,0.437429
16.183333,1.959849,2.009941,2.037368,1.279949,1.931039,2.006404,2.035484,1.984458,0.100519,1.667220,0.127616,0.360479,0.125772,0.951675,0.127850,0.092015,0.443973
16.200000,1.959253,2.009993,2.037452,1.280596,1.929880,2.006212,2.035245,1.984612,0.101418,1.661930,0.127704,0.359192,0.126309,0.952678,0.128907,0.091959,0.445389
16.216667,1.958772,2.010018,2.037501,1.280226,1.928477,2.006089,2.035073,1.984721,0.101713,1.657849,0.127856,0.358256,0.126779,0.953288,0.129559,0.092020,0.443654
16.233333,1.958421,2.010030,2.037540,1.279860,1.927352,2.005950,2.034940,1.984800,0.101954,1.654491,0.128003,0.357618,0.127086,0.953613,0.129951,0.092125,0.441915
16.250000,1.958207,2.010035,2.037571,1.279637,1.926791,2.005875,2.034851,1.984851,0.102097,1.652221,0.128090,0.357246,0.127255,0.953788,0.130178,0.092191,0.441201
16.266667,1.958094,2.010038,2.037594,1.279539,1.926347,2.005801,2.034801,1.984878,0.102175,1.650994,0.128137,0.357052,0.127346,0.953882,0.130300,0.092236,0.440585
16.283333,1.958034,2.010039,2.037607,1.279498,1.925884,2.005709,2.034773,1.984893,0.102219,1.650327,0.128159,0.356952,0.127395,0.953997,0.130370,0.092271,0.439819
16.300000,1.958003,2.010040,2.037614,1.279488,1.925437,2.005615,2.034757,1.984901,0.102243,1.649962,0.128170,0.356903,0.127423,0.954083,0.130409,0.092301,0.439030
16.316667,1.957988,2.010041,2.037619,1.279492,1.924984,2.005516,2.034748,1.984905,0.102256,1.649758,0.128176,0.356881,0.127438,0.954128,0.130430,0.092328,0.438172
16.333333,1.957980,2.010041,2.037622,1.279503,1.924547,2.005418,2.034743,1.984907,0.102257,1.649648,0.128180,0.356873,0.127450,0.954151,0.130437,0.092354,0.437316
16.350000,1.957977,2.010041,2.037624,1.279517,1.924163,2.005324,2.034741,1.984908,0.102245,1.649594,0.128185,0.356873,0.127467,0.954163,0.130430,0.092379,0.436527
16.366667,1.957976,2.010041,2.037626,1.279533,1.923825,2.005242,2.034740,1.984909,0.102233,1.649569,0.128188,0.356876,0.127479,0.954169,0.130420,0.092400,0.435810
16.383333,1.958018,2.009971,2.037631,1.279558,1.923563,2.005174,2.034737,1.984921,0.102222,1.649553,0.128218,0.357129,0.127140,0.962585,0.130347,0.092434,0.435184
16.400000,1.958499,2.009818,2.037639,1.279592,1.923420,2.005127,2.034733,1.984945,0.102227,1.649544,0.126958,0.366965,0.127203,0.979311,0.130385,0.092477,0.434645
16.416667,1.959079,2.009634,2.037648,1.279630,1.923353,2.005099,2.034729,1.984975,0.102235,1.649538,0.125546,0.379240,0.127258,0.998999,0.130428,0.092524,0.434302
16.433333,1.959666,2.009448,2.037658,1.279669,1.923155,2.005047,2.034725,1.985005,0.102241,1.649533,0.124230,0.392097,0.127291,1.018349,0.130468,0.092579,0.433743
16.450000,1.960264,2.009263,2.037670,1.279710,1.923044,2.005015,2.034541,1.984825,0.102245,1.649262,0.123024,0.405468,0.127294,1.037092,0.130503,0.092632,0.433418
16.466667,1.960853,2.009079,2.037681,1.279751,1.922983,2.004996,2.034339,1.984615,0.102248,1.648969,0.121935,0.418959,0.127261,1.054630,0.130530,0.092684,0.433242
16.483333,1.961418,2.008902,2.037693,1.279792,1.922948,2.004983,2.034142,1.984397,0.102250,1.648683,0.120967,0.432207,0.127188,1.070488,0.130548,0.092736,0.433145
16.500000,1.961662,2.008555,2.037705,1.279831,1.922928,2.004974,2.033928,1.984176,0.102252,1.648374,0.120236,0.444703,0.127095,1.083811,0.130558,0.092786,0.433092
16.516667,1.962889,2.008230,2.037742,1.279993,1.923057,2.004970,2.033688,1.984029,0.102234,1.648025,0.119729,0.453031,0.127139,1.095412,0.130562,0.093063,0.434413
16.533333,1.964142,2.007964,2.037777,1.280146,1.923178,2.004967,2.033474,1.983966,0.102219,1.647712,0.119240,0.460920,0.127148,1.105282,0.130559,0.093325,0.435632
16.550000,1.965365,2.007734,2.037804,1.280249,1.923242,2.004964,2.033273,1.983953,0.102215,1.647413,0.118785,0.468142,0.127127,1.113245,0.130557,0.093495,0.436292
16.566667,1.966550,2.007529,2.037826,1.280324,1.923276,2.004961,2.033077,1.983973,0.102216,1.647120,0.118353,0.474845,0.127081,1.119367,0.130554,0.093615,0.436648
16.583333,1.967881,2.007344,2.037845,1.280384,1.923292,2.004957,2.033010,1.984008,0.102216,1.649831,0.117917,0.481443,0.127149,1.123807,0.130571,0.093708,0.436838
16.600000,1.970048,2.007189,2.037937,1.280815,1.923326,2.004883,2.033587,1.984379,0.101964,1.666491,0.116857,0.488257,0.127763,1.126798,0.131123,0.094674,0.436900
16.616667,1.971959,2.007010,2.038235,1.284496,1.923514,2.004791,2.034806,1.985237,0.100054,1.690515,0.116867,0.483309,0.128240,1.128524,0.130102,0.096965,0.437164
16.633333,1.973101,2.007112,2.038898,1.297486,1.923814,2.004706,2.036206,1.985779,0.097664,1.712801,0.118160,0.466273,0.128825,1.146955,0.128345,0.099103,0.439972
16.650000,1.973973,2.007497,2.039846,1.317349,1.925944,2.004638,2.037955,1.986424,0.095744,1.738601,0.120142,0.444163,0.129585,1.192019,0.127311,0.100874,0.445872
16.666667,1.974499,2.007847,2.040495,1.331544,1.929583,2.004480,2.040039,1.987079,0.094558,1.766238,0.122959,0.415165,0.130221,1.220900,0.126882,0.103807,0.436696
16.683333,1.972710,2.007997,2.041146,1.342143,1.931383,2.004397,2.041160,1.988097,0.094221,1.779669,0.126939,0.390944,0.129817,1.214191,0.125923,0.110326,0.417843
16.700000,1.969851,2.007909,2.042605,1.359115,1.934424,2.004323,2.041719,1.989271,0.094532,1.785396,0.130981,0.382904,0.127732,1.192111,0.124207,0.121212,0.393551
16.716667,1.967373,2.007617,2.044288,1.379270,1.936649,2.004144,2.041915,1.990441,0.094738,1.787559,0.134824,0.382159,0.125779,1.189097,0.122534,0.135050,0.370916
16.733333,1.966048,2.007292,2.046754,1.420079,1.937734,2.003883,2.041851,1.991681,0.095386,1.787944,0.133934,0.403843,0.123752,1.181471,0.122047,0.144418,0.351895
16.750000,1.964861,2.006929,2.049711,1.468266,1.937638,2.003575,2.041632,1.993002,0.096191,1.788004,0.132966,0.427412,0.121588,1.178214,0.121589,0.151619,0.336493
16.766667,1.963812,2.006548,2.052999,1.516709,1.935759,2.003259,2.040994,1.994323,0.097095,1.784242,0.132062,0.452278,0.119360,1.173633,0.121013,0.160226,0.323490
16.783333,1.962881,2.006175,2.056517,1.562753,1.932355,2.002944,2.039924,1.995600,0.097989,1.776082,0.131276,0.478081,0.117078,1.161293,0.120271,0.169907,0.314118
16.800000,1.962239,2.005807,2.060383,1.608056,1.927461,2.002749,2.038827,1.996736,0.098425,1.769252,0.130616,0.504689,0.114746,1.144029,0.119108,0.181307,0.310393
16.816667,1.962412,2.005375,2.064845,1.654525,1.922961,2.002665,2.038049,1.997410,0.098335,1.767076,0.130127,0.531278,0.112779,1.123609,0.117660,0.193539,0.311084
16.833333,1.963581,2.004813,2.067324,1.689084,1.918922,2.002703,2.037534,1.997709,0.097895,1.765878,0.129635,0.556997,0.111487,1.100974,0.116036,0.206265,0.316025
16.850000,1.964885,2.004266,2.068159,1.713161,1.915233,2.002801,2.036560,1.997859,0.097140,1.759282,0.128933,0.583929,0.111028,1.076617,0.115069,0.220932,0.323109
16.866667,1.966217,2.003752,2.068825,1.734605,1.911656,2.002877,2.035280,1.997942,0.095891,1.745462,0.128821,0.609785,0.110958,1.051059,0.114166,0.235601,0.332516
16.883333,1.967852,2.003235,2.069243,1.751928,1.908369,2.002962,2.034411,1.997953,0.094750,1.734365,0.128496,0.636283,0.111156,1.024448,0.113814,0.250624,0.343617
16.900000,1.970042,2.002722,2.069156,1.762831,1.905618,2.002926,2.033771,1.997919,0.094476,1.725762,0.127144,0.666101,0.111267,0.996991,0.113831,0.263993,0.347568
16.916667,1.973105,2.002211,2.069075,1.772795,1.904423,2.002875,2.033268,1.997857,0.094236,1.718573,0.124976,0.696386,0.111797,0.968845,0.114569,0.278920,0.349519
16.933333,1.975621,2.001715,2.067374,1.767372,1.904908,2.002837,2.033550,1.997783,0.094314,1.713405,0.123434,0.727655,0.111740,0.940159,0.115377,0.284298,0.349553
16.950000,1.978175,2.001272,2.064621,1.756059,1.905444,2.002790,2.034179,1.997685,0.094588,1.709283,0.121567,0.757416,0.111908,0.914916,0.116258,0.273430,0.349337
16.966667,1.980059,2.000933,2.061781,1.738164,1.906621,2.002767,2.034758,1.997583,0.094902,1.705532,0.120059,0.781185,0.112239,0.893396,0.117070,0.258908,0.348965
16.983333,1.980421,2.000587,2.059935,1.719829,1.908509,2.002797,2.035311,1.997469,0.095073,1.702032,0.119851,0.779710,0.112723,0.871943,0.117750,0.249017,0.349855
17.000000,1.981224,2.000256,2.058648,1.700743,1.910193,2.002844,2.035821,1.997331,0.095733,1.698795,0.121302,0.760199,0.112602,0.851340,0.118119,0.251403,0.351509
17.016667,1.982568,1.999981,2.058334,1.690862,1.911745,2.002885,2.036283,1.997186,0.096424,1.695823,0.122797,0.743942,0.112429,0.834362,0.118718,0.255609,0.353448
17.033333,1.983833,1.999749,2.057970,1.681545,1.913149,2.002918,2.036578,1.997056,0.097168,1.691672,0.124152,0.731474,0.112368,0.820868,0.119707,0.262288,0.355253
17.050000,1.985138,1.999546,2.057141,1.668864,1.914423,2.002938,2.036448,1.996959,0.097860,1.683342,0.125470,0.720801,0.112526,0.809440,0.120976,0.270242,0.356905
17.066667,1.986265,1.999335,2.056772,1.669519,1.915564,2.002952,2.036217,1.996858,0.098390,1.676577,0.126612,0.712481,0.112650,0.798662,0.122046,0.270666,0.358278
17.083333,1.987378,1.999148,2.056652,1.667288,1.916687,2.002996,2.036405,1.996742,0.099078,1.672972,0.127867,0.704409,0.112699,0.788999,0.123123,0.275487,0.360504
17.100000,1.988216,1.998999,2.056679,1.668500,1.917834,2.003076,2.036647,1.996624,0.099950,1.670213,0.129126,0.697600,0.112340,0.782106,0.123738,0.278323,0.363677
17.116667,1.988753,1.998884,2.056851,1.670664,1.918872,2.003154,2.036837,1.996506,0.100664,1.666901,0.130145,0.692280,0.112043,0.778190,0.124190,0.279984,0.366593
17.133333,1.989221,1.998788,2.057110,1.674516,1.919917,2.003267,2.036921,1.996403,0.101091,1.663836,0.130968,0.687640,0.111901,0.775945,0.124436,0.279095,0.370495
17.150000,1.989746,1.998730,2.057401,1.679325,1.920832,2.003371,2.036887,1.996294,0.101354,1.661627,0.131457,0.684231,0.111984,0.774747,0.124644,0.276775,0.373946
17.166667,1.990178,1.998685,2.057673,1.683276,1.921609,2.003459,2.036810,1.996197,0.101517,1.659124,0.131766,0.681537,0.112115,0.774117,0.124802,0.274443,0.376845
17.183333,1.990529,1.998648,2.057924,1.685115,1.922248,2.003533,2.036702,1.996116,0.101620,1.658425,0.131973,0.679281,0.112251,0.773796,0.124916,0.272601,0.379216
17.200000,1.990805,1.998616,2.058138,1.686197,1.922752,2.003588,2.036682,1.996052,0.101685,1.657156,0.132119,0.677413,0.112376,0.773639,0.125004,0.271255,0.381087
17.216667,1.991008,1.998590,2.058316,1.686980,1.923141,2.003634,2.036709,1.996009,0.101692,1.657229,0.132224,0.675962,0.112529,0.773565,0.125100,0.270261,0.382670
17.233333,1.991142,1.998569,2.058451,1.687512,1.923393,2.003660,2.036765,1.995981,0.101696,1.657541,0.132293,0.674961,0.112623,0.773535,0.125153,0.269637,0.383735
17.250000,1.991214,1.998553,2.058546,1.687830,1.923531,2.003668,2.036808,1.995967,0.101698,1.657664,0.132332,0.674382,0.112676,0.773528,0.125182,0.269301,0.384326
17.266667,1.991252,1.998543,2.058607,1.688014,1.923605,2.003669,2.036818,1.995962,0.101700,1.657422,0.132352,0.674067,0.112705,0.773531,0.125198,0.269119,0.384644
17.283333,1.991153,1.998539,2.058642,1.688116,1.923645,2.003669,2.036819,1.995959,0.101700,1.657173,0.132375,0.673958,0.112721,0.773538,0.125207,0.269019,0.384814
17.300000,1.990972,1.998539,2.058661,1.688170,1.923666,2.003669,2.036819,1.995958,0.101700,1.657041,0.132399,0.673964,0.112731,0.773547,0.125211,0.268964,0.384904
17.316667,1.990785,1.998540,2.058671,1.688198,1.923677,2.003669,2.036819,1.995957,0.101700,1.656972,0.132421,0.674012,0.112737,0.773556,0.125214,0.268932,0.384950
17.333333,1.990610,1.998541,2.058677,1.688212,1.923682,2.003669,2.036819,1.995956,0.101700,1.656935,0.132439,0.674075,0.112740,0.773565,0.125215,0.268914,0.384974
17.350000,1.990409,1.998543,2.058681,1.688220,1.923685,2.003669,2.036819,1.995956,0.101699,1.656915,0.132459,0.674162,0.112743,0.773573,0.125215,0.268903,0.384985
17.366667,1.990265,1.998545,2.058683,1.688223,1.923686,2.003669,2.036819,1.995955,0.101699,1.656905,0.132473,0.674227,0.112744,0.773581,0.125215,0.268896,0.384990
17.383333,1.990183,1.998546,2.058684,1.688224,1.923687,2.003669,2.036819,1.995955,0.101699,1.656901,0.132481,0.674264,0.112745,0.773588,0.125215,0.268891,0.384991
17.400000,1.990077,1.998548,2.058684,1.688224,1.923687,2.003669,2.036818,1.995955,0.101698,1.656899,0.132491,0.674314,0.112746,0.773595,0.125215,0.268887,0.384991
17.416667,1.989929,1.998550,2.058685,1.688224,1.923687,2.003669,2.036819,1.995910,0.101699,1.656904,0.132504,0.674386,0.112747,0.773598,0.125215,0.268885,0.384990
17.433333,1.989843,1.998549,2.058686,1.688224,1.923689,2.003671,2.036823,1.995648,0.101702,1.656940,0.132510,0.674426,0.112743,0.773603,0.125211,0.268883,0.384991
17.450000,1.989792,1.998554,2.058689,1.688231,1.923691,2.003673,2.036830,1.995329,0.101707,1.656990,0.132509,0.674444,0.112738,0.772477,0.125205,0.268888,0.384992
17.466667,1.989760,1.998562,2.058693,1.688243,1.923693,2.003676,2.036837,1.994991,0.101713,1.657048,0.132503,0.674448,0.112731,0.770703,0.125199,0.268897,0.384994
17.483333,1.989740,1.998569,2.058697,1.688255,1.923696,2.003679,2.036845,1.994666,0.101719,1.657101,0.132496,0.674446,0.112723,0.768914,0.125192,0.268907,0.384997
17.500000,1.989725,1.998574,2.058733,1.688456,1.923805,2.003708,2.036853,1.994332,0.101686,1.657153,0.132486,0.674441,0.112714,0.767207,0.125169,0.269570,0.386538
17.516667,1.989708,1.998574,2.058837,1.689075,1.923450,2.003803,2.036643,1.994191,0.101588,1.650817,0.132462,0.674417,0.112695,0.765662,0.125112,0.271649,0.391693
17.533333,1.989690,1.998572,2.058947,1.689725,1.921622,2.003904,2.035512,1.994158,0.101518,1.628421,0.132428,0.674385,0.112680,0.764324,0.125073,0.273767,0.397453
17.550000,1.989671,1.998599,2.059377,1.692285,1.919856,2.004021,2.034222,1.994129,0.101515,1.597685,0.132165,0.674293,0.112874,0.774221,0.125452,0.274542,0.404489
17.566667,1.989662,1.998718,2.059793,1.694742,1.918173,2.004151,2.032922,1.994092,0.102862,1.556616,0.132118,0.674314,0.111189,0.801108,0.124978,0.279220,0.412677
17.583333,1.989663,1.998904,2.060177,1.697086,1.916669,2.004306,2.031947,1.993944,0.103343,1.524276,0.132530,0.674480,0.108977,0.836222,0.122860,0.288579,0.422391
17.600000,1.989165,1.999202,2.061907,1.719983,1.915113,2.004449,2.031543,1.993728,0.104098,1.504674,0.133112,0.674999,0.106673,0.873357,0.120729,0.285136,0.431300
17.616667,1.987350,1.999741,2.062623,1.737509,1.913586,2.004600,2.031383,1.993574,0.105059,1.490879,0.134761,0.664262,0.104626,0.909661,0.118785,0.275994,0.440578
17.633333,1.985914,2.000344,2.063435,1.756484,1.914067,2.004801,2.031293,1.993460,0.106210,1.479821,0.136914,0.643180,0.103113,0.945287,0.117208,0.267062,0.443908
17.650000,1.985262,2.001081,2.064178,1.773214,1.918332,2.005105,2.031507,1.993295,0.107218,1.478750,0.136401,0.628464,0.102021,0.995303,0.117203,0.260898,0.443604
17.666667,1.984034,2.001835,2.064830,1.788183,1.924444,2.005474,2.033062,1.993086,0.106633,1.517435,0.134762,0.609962,0.101920,1.072984,0.116555,0.256037,0.442690
17.683333,1.983367,2.002241,2.065704,1.803121,1.931086,2.005885,2.035397,1.992865,0.105365,1.571305,0.132935,0.592580,0.101938,1.042949,0.115485,0.252017,0.441388
17.700000,1.983537,2.002543,2.066033,1.810947,1.938150,2.006263,2.035982,1.992388,0.104384,1.600875,0.130802,0.579922,0.101659,1.009035,0.114656,0.246885,0.439324
17.716667,1.984003,2.002923,2.064977,1.809992,1.943343,2.006600,2.035878,1.991715,0.103847,1.618702,0.128718,0.566021,0.101142,0.986046,0.113963,0.237696,0.437765
17.733333,1.984348,2.003419,2.063597,1.806391,1.947528,2.006947,2.035373,1.990942,0.103856,1.625248,0.126994,0.546649,0.100311,0.970331,0.113299,0.227433,0.437121
17.750000,1.984853,2.004027,2.062037,1.801409,1.948733,2.007318,2.035286,1.990052,0.104845,1.633343,0.125358,0.524462,0.099118,0.960309,0.113397,0.216855,0.448398
17.766667,1.985870,2.004702,2.060378,1.796062,1.948808,2.007681,2.035080,1.988935,0.105696,1.634605,0.124161,0.500105,0.097868,0.949560,0.113224,0.206216,0.463972
17.783333,1.986562,2.005358,2.058673,1.791026,1.948261,2.007950,2.034759,1.987686,0.106038,1.631707,0.123251,0.479099,0.097710,0.940949,0.113174,0.195792,0.478000
17.800000,1.986404,2.006026,2.057007,1.785961,1.947167,2.008295,2.034577,1.986827,0.105973,1.627441,0.122065,0.462439,0.098488,0.939631,0.113640,0.186289,0.496565
17.816667,1.985733,2.006689,2.055392,1.780614,1.946191,2.008593,2.034434,1.986118,0.105923,1.622269,0.120885,0.447960,0.099770,0.945709,0.114512,0.177519,0.508879
17.833333,1.984736,2.007336,2.054143,1.772564,1.945340,2.008812,2.034285,1.985667,0.106090,1.616895,0.119817,0.435064,0.101320,0.957892,0.115728,0.170560,0.502580
17.850000,1.984302,2.007960,2.053175,1.763437,1.943226,2.009001,2.034492,1.985255,0.106279,1.620788,0.119423,0.423304,0.102695,0.975992,0.116978,0.165513,0.488770
17.866667,1.984173,2.008387,2.052070,1.745789,1.940152,2.009185,2.035180,1.984780,0.106598,1.637865,0.120849,0.409783,0.102955,0.992826,0.117061,0.163141,0.471101
17.883333,1.984395,2.008547,2.051145,1.725496,1.936399,2.009355,2.036217,1.984284,0.106995,1.664360,0.122441,0.399536,0.102782,1.003755,0.116909,0.162776,0.452714
17.900000,1.984748,2.008900,2.050595,1.709636,1.932306,2.009531,2.037326,1.983837,0.107736,1.690437,0.121930,0.399181,0.102632,1.012725,0.117544,0.162915,0.436105
17.916667,1.984040,2.009293,2.050245,1.696607,1.926867,2.009610,2.037662,1.983499,0.108316,1.702106,0.121131,0.394905,0.103548,1.018628,0.118709,0.163221,0.421383
17.933333,1.982862,2.009560,2.050179,1.687245,1.920123,2.009603,2.037943,1.983229,0.109105,1.708521,0.119264,0.388273,0.105679,1.022053,0.120651,0.163735,0.407135
17.950000,1.982220,2.009736,2.050389,1.682073,1.912999,2.009632,2.038216,1.982933,0.109685,1.712140,0.118232,0.377368,0.107690,1.023674,0.122321,0.164221,0.394594
17.966667,1.979979,2.010031,2.050215,1.661129,1.909962,2.009662,2.038471,1.982755,0.111363,1.714190,0.117493,0.374957,0.108884,1.023656,0.124672,0.165789,0.379493
17.983333,1.975453,2.010371,2.048880,1.637195,1.909450,2.009639,2.038742,1.982680,0.112890,1.715405,0.116816,0.378047,0.110111,1.021390,0.127207,0.156341,0.363042
18.000000,1.969802,2.010727,2.047377,1.607318,1.910712,2.009493,2.039006,1.982677,0.112134,1.716136,0.116422,0.383787,0.111828,1.016988,0.128003,0.146637,0.353400
18.016667,1.964794,2.011110,2.045832,1.572430,1.912273,2.009189,2.039043,1.982886,0.110744,1.712233,0.116941,0.385854,0.112900,1.010847,0.127168,0.137768,0.355679
18.033333,1.958698,2.011425,2.044113,1.526137,1.909705,2.008780,2.038870,1.983386,0.108961,1.704363,0.116985,0.391155,0.113947,1.005521,0.126066,0.132079,0.355407
18.050000,1.953893,2.011733,2.042222,1.468376,1.906715,2.008485,2.038702,1.983905,0.107790,1.697705,0.117296,0.391106,0.115021,1.001221,0.125688,0.128790,0.354827
18.066667,1.950065,2.011955,2.040635,1.410936,1.904408,2.008214,2.038222,1.984514,0.107461,1.688843,0.118042,0.389832,0.116988,0.998215,0.126688,0.127142,0.354618
18.083333,1.943835,2.011969,2.039409,1.361759,1.904073,2.007816,2.037742,1.985199,0.108286,1.680663,0.119083,0.387514,0.119008,0.996685,0.129218,0.126098,0.354948
18.100000,1.936983,2.011860,2.038679,1.329502,1.903484,2.007450,2.037327,1.985810,0.108601,1.673854,0.120646,0.383125,0.121418,0.996494,0.131495,0.123767,0.353488
18.116667,1.930789,2.011776,2.038316,1.311099,1.903139,2.007131,2.036942,1.986337,0.107126,1.667719,0.122067,0.380861,0.124972,0.997468,0.133023,0.120397,0.358654
18.133333,1.925601,2.011567,2.038167,1.302471,1.900646,2.006792,2.036590,1.986748,0.104626,1.662255,0.123331,0.378998,0.128967,0.999057,0.133868,0.118256,0.363858
18.150000,1.926070,2.011399,2.038151,1.298786,1.896728,2.006466,2.036273,1.986945,0.103676,1.657514,0.123851,0.376403,0.132837,1.000345,0.135267,0.117010,0.371257
18.166667,1.929416,2.011221,2.038194,1.297199,1.891297,2.006105,2.035994,1.987018,0.104254,1.653474,0.124157,0.373526,0.136195,1.001196,0.137184,0.116386,0.380332
18.183333,1.934232,2.011065,2.038253,1.296304,1.888022,2.005774,2.035759,1.987022,0.105540,1.650128,0.124501,0.370349,0.139215,1.001659,0.139124,0.116099,0.388206
18.200000,1.940066,2.010912,2.038287,1.294931,1.889348,2.005444,2.035561,1.987019,0.106927,1.647383,0.122301,0.379013,0.141240,1.001908,0.142283,0.116001,0.391616
18.216667,1.945401,2.010763,2.038320,1.293912,1.891368,2.005331,2.035390,1.986993,0.108506,1.644601,0.119942,0.392536,0.141391,1.002027,0.144122,0.115958,0.399675
18.233333,1.949053,2.010622,2.038349,1.293201,1.892592,2.005275,2.035270,1.986902,0.110169,1.642342,0.117881,0.401528,0.140846,1.002043,0.145633,0.115934,0.405376
18.250000,1.951906,2.010505,2.038375,1.292809,1.893420,2.005249,2.035205,1.986839,0.111468,1.641084,0.116142,0.408209,0.139804,1.002042,0.146689,0.115916,0.410604
18.266667,1.953477,2.010443,2.038396,1.292621,1.893961,2.005235,2.035172,1.986813,0.112137,1.640400,0.115309,0.412664,0.139092,1.002037,0.147070,0.115921,0.414843
18.283333,1.954324,2.010409,2.038408,1.292538,1.894190,2.005139,2.035155,1.986801,0.112492,1.640039,0.114882,0.415099,0.138713,1.002033,0.147290,0.115932,0.417465
18.300000,1.954785,2.010392,2.038415,1.292508,1.893990,2.005003,2.035147,1.986794,0.112683,1.639850,0.114630,0.416426,0.138487,1.002029,0.147419,0.115946,0.418265
18.316667,1.955035,2.010382,2.038420,1.292506,1.893504,2.004845,2.035143,1.986792,0.112772,1.639749,0.114504,0.417159,0.138355,1.002026,0.147471,0.115964,0.418515
18.333333,1.955172,2.010377,2.038422,1.292516,1.892865,2.004665,2.035142,1.986792,0.112774,1.639695,0.114463,0.417575,0.138276,1.002023,0.147453,0.115986,0.418507
18.350000,1.955249,2.010374,2.038423,1.292533,1.892116,2.004470,2.035142,1.986793,0.112726,1.639666,0.114469,0.417820,0.138226,1.002019,0.147391,0.116011,0.418291
18.366667,1.954699,2.010256,2.038424,1.292553,1.891313,2.004269,2.035143,1.986799,0.112647,1.639650,0.114556,0.418247,0.138193,1.002025,0.147303,0.116039,0.417921
18.383333,1.953505,2.010011,2.038425,1.292573,1.890519,2.004075,2.035144,1.986810,0.112552,1.639642,0.114717,0.418933,0.138169,1.002041,0.147199,0.116068,0.417442
18.400000,1.952404,2.009796,2.038425,1.292593,1.889796,2.003899,2.035146,1.986821,0.112450,1.639638,0.114873,0.419541,0.138153,1.002056,0.147091,0.116097,0.416908
18.416667,1.951405,2.009521,2.038430,1.292620,1.889161,2.003749,2.035143,1.986849,0.112348,1.639631,0.114882,0.420363,0.137677,1.011217,0.146918,0.116143,0.416328
18.433333,1.950976,2.009191,2.038437,1.292652,1.888657,2.003635,2.035042,1.986863,0.112295,1.639461,0.114208,0.437910,0.137902,1.029115,0.146939,0.116200,0.415788
18.450000,1.950854,2.008874,2.038447,1.292686,1.888352,2.003558,2.034794,1.986769,0.112274,1.639051,0.113458,0.459304,0.138163,1.049828,0.147002,0.116259,0.415341
18.466667,1.950929,2.008601,2.038456,1.292719,1.888061,2.003498,2.034560,1.986708,0.112265,1.638668,0.112776,0.480554,0.138368,1.070034,0.147070,0.116315,0.414934
18.483333,1.951120,2.008356,2.038467,1.292755,1.887697,2.003430,2.034327,1.986646,0.112246,1.638294,0.112133,0.498388,0.138251,1.090403,0.147070,0.116376,0.414346
18.500000,1.951349,2.008152,2.038514,1.292983,1.887549,2.003405,2.034089,1.986564,0.112188,1.637919,0.111567,0.511658,0.137894,1.108444,0.146971,0.116994,0.416273
18.516667,1.951612,2.007969,2.038581,1.293313,1.887664,2.003396,2.033848,1.986474,0.112331,1.637545,0.110668,0.521559,0.136856,1.124401,0.146992,0.117926,0.419107
18.533333,1.951854,2.007801,2.038710,1.296471,1.887858,2.003390,2.033607,1.986372,0.112532,1.637176,0.109925,0.529440,0.135727,1.138161,0.146931,0.118127,0.421413
18.550000,1.951804,2.007701,2.038895,1.302677,1.887971,2.003383,2.033446,1.986547,0.112729,1.636929,0.109271,0.535738,0.134678,1.149774,0.146907,0.117348,0.422884
18.566667,1.951375,2.007656,2.039005,1.306235,1.888045,2.003375,2.033351,1.987120,0.112894,1.636787,0.108916,0.533894,0.133737,1.158618,0.146875,0.116921,0.424015
18.583333,1.953273,2.007513,2.039074,1.308373,1.888050,2.003413,2.033203,1.988089,0.113023,1.631760,0.109110,0.522671,0.133351,1.167558,0.146911,0.116693,0.424934
18.600000,1.955674,2.007281,2.039123,1.309712,1.888031,2.003471,2.033266,1.989304,0.113049,1.632494,0.109846,0.507886,0.133400,1.175943,0.146727,0.116592,0.425431
18.616667,1.957954,2.007210,2.039350,1.314897,1.888245,2.003507,2.033721,1.990053,0.112191,1.647815,0.110723,0.487493,0.133394,1.187938,0.145913,0.117211,0.428978
18.633333,1.960527,2.007475,2.040020,1.330842,1.888684,2.003530,2.034398,1.990249,0.110281,1.670535,0.111915,0.465121,0.133480,1.221309,0.144098,0.118224,0.436011
18.650000,1.962635,2.007822,2.040057,1.337860,1.889213,2.003512,2.035416,1.990396,0.108207,1.696728,0.113027,0.446659,0.133256,1.243329,0.141837,0.119990,0.444505
18.666667,1.963484,2.008132,2.040451,1.346347,1.890278,2.003495,2.037283,1.991036,0.106153,1.729420,0.114349,0.430472,0.132901,1.254461,0.139720,0.123090,0.459012
18.683333,1.961595,2.008381,2.041340,1.357631,1.901951,2.003454,2.037500,1.991752,0.104926,1.735192,0.116125,0.413914,0.132211,1.245502,0.138535,0.127424,0.452836
18.700000,1.959882,2.008531,2.042294,1.370086,1.915035,2.003389,2.037390,1.992442,0.104037,1.734713,0.118373,0.396565,0.131369,1.225811,0.137748,0.132522,0.440294
18.716667,1.958506,2.008610,2.043689,1.388987,1.921344,2.003207,2.037072,1.993215,0.103531,1.731897,0.121408,0.382430,0.130041,1.213618,0.136193,0.142170,0.423731
18.733333,1.957696,2.008668,2.045864,1.423457,1.923489,2.002950,2.036681,1.993825,0.103312,1.729637,0.125331,0.369578,0.128498,1.205715,0.134518,0.154241,0.406797
18.750000,1.956438,2.008666,2.049312,1.483011,1.920657,2.002780,2.036264,1.994411,0.102837,1.729384,0.129503,0.362620,0.126788,1.199190,0.132231,0.163799,0.396798
18.766667,1.955263,2.008614,2.053094,1.540557,1.917162,2.002698,2.036045,1.995201,0.102263,1.737166,0.128946,0.375478,0.125468,1.192072,0.130892,0.174743,0.392270
18.783333,1.954009,2.008470,2.057105,1.593773,1.913857,2.002658,2.035956,1.996066,0.101618,1.751146,0.128013,0.391691,0.123874,1.179556,0.129574,0.186866,0.390976
18.800000,1.952475,2.008285,2.061437,1.643872,1.911611,2.002628,2.035828,1.996887,0.100853,1.763335,0.127193,0.408741,0.122384,1.164016,0.128267,0.200603,0.391599
18.816667,1.950840,2.008052,2.066253,1.694332,1.909434,2.002615,2.035767,1.997636,0.100092,1.775318,0.126283,0.425301,0.121616,1.144000,0.127341,0.210608,0.390837
18.833333,1.949144,2.007789,2.068568,1.728080,1.906796,2.002619,2.035684,1.998308,0.099313,1.785836,0.125174,0.441989,0.121508,1.120631,0.126681,0.223588,0.387801
18.850000,1.947734,2.007505,2.069360,1.750193,1.906368,2.002572,2.035481,1.998907,0.098987,1.793512,0.123942,0.460590,0.121497,1.095035,0.126196,0.243386,0.379896
18.866667,1.946727,2.007215,2.069988,1.774183,1.907895,2.002558,2.035594,1.999439,0.098668,1.798932,0.122722,0.480924,0.121025,1.067921,0.125430,0.259189,0.379800
18.883333,1.945654,2.006925,2.070540,1.796748,1.909200,2.002520,2.036576,1.999759,0.098310,1.803596,0.122868,0.498590,0.120364,1.039630,0.124574,0.277150,0.379689
18.900000,1.944750,2.006632,2.071075,1.819761,1.910485,2.002468,2.037792,1.999919,0.098165,1.806868,0.125069,0.511515,0.118937,1.010392,0.123406,0.299019,0.378904
18.916667,1.943886,2.006343,2.071592,1.842985,1.911690,2.002422,2.038127,2.000024,0.098157,1.803604,0.128609,0.521142,0.117028,0.980891,0.122078,0.325575,0.377773
18.933333,1.943375,2.006061,2.071100,1.855366,1.913368,2.002376,2.037981,2.000098,0.098601,1.792685,0.128939,0.545801,0.114746,0.951062,0.120585,0.346840,0.376464
18.950000,1.948563,2.005618,2.068887,1.852199,1.914643,2.002325,2.037803,2.000090,0.099167,1.779993,0.127351,0.556338,0.113972,0.920621,0.119993,0.353227,0.375405
18.966667,1.952197,2.005182,2.066085,1.840726,1.915735,2.002275,2.037353,2.000112,0.099597,1.767214,0.125240,0.566052,0.113948,0.894415,0.120024,0.350003,0.374711
18.983333,1.955128,2.004795,2.063547,1.825408,1.917311,2.002236,2.037201,2.000109,0.099958,1.758795,0.123181,0.575374,0.114250,0.872192,0.120368,0.341220,0.373443
19.000000,1.957683,2.004439,2.061693,1.810030,1.919371,2.002256,2.037534,2.000095,0.100179,1.753921,0.121242,0.584496,0.115315,0.851911,0.121790,0.346267,0.372539
19.016667,1.959943,2.004110,2.061076,1.794024,1.921034,2.002293,2.037979,2.000071,0.100304,1.750036,0.119422,0.593344,0.116417,0.833248,0.123210,0.352522,0.373132
19.033333,1.962205,2.003761,2.060910,1.785712,1.922431,2.002333,2.038439,2.000024,0.100400,1.746944,0.118769,0.593110,0.117209,0.814170,0.124362,0.357251,0.374407
19.050000,1.964344,2.003411,2.060128,1.775365,1.923730,2.002378,2.038611,1.999992,0.100916,1.743166,0.119319,0.584593,0.117210,0.795550,0.125121,0.366769,0.376161
19.066667,1.967179,2.003075,2.059039,1.762278,1.924849,2.002411,2.038431,1.999922,0.101585,1.737698,0.120908,0.568702,0.117163,0.778388,0.125841,0.373709,0.377789
19.083333,1.969967,2.002779,2.058219,1.753739,1.925810,2.002439,2.038213,1.999800,0.102006,1.733644,0.123148,0.549496,0.117309,0.763501,0.126421,0.372971,0.379115
19.100000,1.971602,2.002556,2.057803,1.749336,1.926901,2.002516,2.038492,1.999702,0.102452,1.731431,0.125072,0.537223,0.116949,0.752587,0.126531,0.372036,0.382670
19.116667,1.972757,2.002376,2.057758,1.749385,1.927926,2.002603,2.038805,1.999610,0.102745,1.729548,0.126798,0.528037,0.116688,0.744149,0.126562,0.369020,0.386385
19.133333,1.973694,2.002212,2.057890,1.750082,1.928914,2.002704,2.038994,1.999560,0.102919,1.727662,0.128287,0.520605,0.116499,0.736413,0.126593,0.365679,0.390515
19.150000,1.974634,2.002089,2.058122,1.751590,1.929760,2.002794,2.039044,1.999519,0.103024,1.726468,0.128720,0.517178,0.116616,0.731213,0.126689,0.361614,0.394083
19.166667,1.976175,2.002016,2.058387,1.750479,1.930476,2.002873,2.039002,1.999452,0.103089,1.725510,0.128635,0.514753,0.117091,0.728436,0.126869,0.360124,0.397089
19.183333,1.977410,2.001961,2.058685,1.751860,1.931060,2.002939,2.039026,1.999386,0.103137,1.725233,0.128683,0.511402,0.117601,0.726955,0.127039,0.356834,0.399536
19.200000,1.978090,2.001914,2.058918,1.752022,1.931518,2.002990,2.039056,1.999361,0.103163,1.725017,0.128412,0.509778,0.117917,0.726182,0.127147,0.355413,0.401459
19.216667,1.978527,2.001884,2.059122,1.752839,1.931852,2.003028,2.039055,1.999329,0.103184,1.724813,0.128136,0.510020,0.118187,0.725776,0.127239,0.353686,0.402887
19.233333,1.978715,2.001862,2.059271,1.753277,1.932067,2.003050,2.039121,1.999321,0.103195,1.725400,0.128020,0.509834,0.118329,0.725573,0.127289,0.352692,0.403844
19.250000,1.978756,2.001848,2.059374,1.753526,1.932185,2.003059,2.039166,1.999318,0.103202,1.725671,0.127971,0.509666,0.118410,0.725474,0.127317,0.352166,0.404387
19.266667,1.978697,2.001841,2.059439,1.753634,1.932248,2.003063,2.039192,1.999316,0.103205,1.725823,0.127953,0.509554,0.118454,0.725430,0.127332,0.351919,0.404679
19.283333,1.978574,2.001839,2.059475,1.753694,1.932282,2.003066,2.039207,1.999315,0.103207,1.725906,0.127954,0.509473,0.118479,0.725414,0.127340,0.351783,0.404835
19.300000,1.978416,2.001840,2.059495,1.753727,1.932299,2.003067,2.039214,1.999315,0.103208,1.725952,0.127964,0.509418,0.118493,0.725413,0.127345,0.351708,0.404917
19.316667,1.978152,2.001844,2.059506,1.753745,1.932308,2.003068,2.039218,1.999314,0.103209,1.725977,0.128000,0.509243,0.118503,0.725418,0.127348,0.351666,0.404960
19.333333,1.977842,2.001849,2.059512,1.753754,1.932313,2.003068,2.039220,1.999313,0.103209,1.725991,0.128059,0.508928,0.118512,0.725427,0.127349,0.351641,0.404982
19.350000,1.977737,2.001841,2.059517,1.753760,1.932314,2.003068,2.039223,1.999318,0.103209,1.726003,0.127862,0.511173,0.118620,0.733691,0.127384,0.351624,0.404992
19.366667,1.977725,2.001834,2.059520,1.753764,1.932315,2.003068,2.039226,1.999268,0.103211,1.726026,0.127558,0.513767,0.118741,0.740565,0.127424,0.351613,0.404997
19.383333,1.977727,2.001830,2.059522,1.753766,1.932315,2.003069,2.039230,1.999166,0.103214,1.726059,0.127379,0.515284,0.118814,0.744292,0.127446,0.351606,0.404999
19.400000,1.977539,2.001831,2.059524,1.753768,1.932316,2.003071,2.039234,1.999044,0.103217,1.726095,0.127288,0.516211,0.118858,0.746310,0.127458,0.351602,0.405001
19.416667,1.977439,2.001830,2.059525,1.753769,1.932317,2.003072,2.039239,1.998908,0.103220,1.726134,0.127232,0.516759,0.118884,0.747401,0.127465,0.351599,0.405001
19.433333,1.977382,2.001829,2.059527,1.753770,1.932318,2.003074,2.039244,1.998758,0.103224,1.726177,0.127199,0.517068,0.118896,0.747991,0.127466,0.351596,0.405002
19.450000,1.977353,2.001834,2.059529,1.753775,1.932320,2.003076,2.039250,1.998597,0.103228,1.726222,0.127176,0.517238,0.118899,0.747003,0.127464,0.351598,0.405004
19.466667,1.977338,2.001841,2.059532,1.753782,1.932322,2.003079,2.039256,1.998425,0.103234,1.726270,0.127157,0.517332,0.118896,0.745224,0.127459,0.351603,0.405006
19.483333,1.977330,2.001847,2.059535,1.753790,1.932324,2.003082,2.039264,1.998242,0.103240,1.726321,0.127142,0.517384,0.118889,0.743467,0.127452,0.351608,0.405009
19.500000,1.977322,2.001850,2.059538,1.753797,1.932330,2.003090,2.039060,1.998151,0.103254,1.720840,0.127117,0.517381,0.118878,0.741853,0.127445,0.351613,0.405016
19.516667,1.977313,2.001850,2.059752,1.755005,1.932739,2.003168,2.037814,1.998056,0.103120,1.700337,0.127082,0.517354,0.118872,0.740457,0.127397,0.353773,0.410575
19.533333,1.977306,2.001847,2.060177,1.757161,1.933217,2.003259,2.036374,1.997950,0.102978,1.668735,0.127045,0.517319,0.118877,0.739319,0.127359,0.355150,0.417116
19.550000,1.977300,2.001856,2.060572,1.759086,1.933686,2.003349,2.034927,1.997839,0.102874,1.629881,0.126919,0.517262,0.118968,0.742526,0.127492,0.356424,0.423513
19.566667,1.976912,2.001931,2.060939,1.760811,1.931952,2.003410,2.033910,1.997709,0.103634,1.599592,0.126787,0.517358,0.118004,0.765140,0.127251,0.357480,0.430205
19.583333,1.974972,2.002089,2.061280,1.762363,1.930190,2.003465,2.033328,1.997565,0.105267,1.580875,0.126961,0.518026,0.115784,0.800268,0.126361,0.358291,0.436825
19.600000,1.973347,2.002374,2.061564,1.763574,1.928462,2.003525,2.033174,1.997461,0.107314,1.567769,0.127419,0.513327,0.113539,0.848614,0.125578,0.360155,0.443554
19.616667,1.972417,2.002754,2.061764,1.765191,1.926779,2.003589,2.033179,1.997377,0.109735,1.557595,0.127692,0.507840,0.111331,0.911304,0.125614,0.363042,0.450354
19.633333,1.972412,2.003122,2.062003,1.766792,1.925127,2.003654,2.033197,1.997316,0.112042,1.549973,0.127449,0.506738,0.109056,0.970177,0.126390,0.364229,0.456824
19.650000,1.973705,2.003426,2.062466,1.770027,1.923755,2.003729,2.033472,1.997269,0.113644,1.550256,0.126294,0.507573,0.107197,1.027088,0.126464,0.369050,0.460446
19.666667,1.975154,2.003694,2.063000,1.773810,1.922746,2.003827,2.034772,1.997141,0.114894,1.581511,0.124903,0.506758,0.106020,1.080936,0.127012,0.381837,0.462153
19.683333,1.976166,2.003954,2.064460,1.788064,1.921992,2.003918,2.036148,1.996923,0.115943,1.620982,0.123240,0.512059,0.105194,1.078541,0.127948,0.383330,0.463210
19.700000,1.976027,2.004352,2.064112,1.791715,1.921433,2.004003,2.036372,1.996815,0.117644,1.630683,0.121054,0.527375,0.103795,1.044039,0.129046,0.376730,0.463982
19.716667,1.976184,2.004741,2.063291,1.792538,1.919866,2.004125,2.036659,1.996747,0.119425,1.629141,0.119239,0.541448,0.102288,1.016929,0.130120,0.365925,0.465043
19.733333,1.975131,2.005244,2.061666,1.785378,1.917991,2.004284,2.037683,1.996744,0.120087,1.637019,0.118504,0.544026,0.100558,0.995700,0.129391,0.352992,0.460847
19.750000,1.972852,2.005899,2.059598,1.772742,1.918597,2.004479,2.038363,1.996785,0.120918,1.640608,0.118651,0.537145,0.098522,0.981627,0.128238,0.339971,0.439428
19.766667,1.970793,2.006510,2.057237,1.754610,1.919008,2.004709,2.038282,1.996615,0.121872,1.638023,0.119310,0.525207,0.096212,0.972511,0.126816,0.328014,0.414394
19.783333,1.969201,2.007009,2.054816,1.733063,1.919237,2.004940,2.037874,1.996167,0.122871,1.632220,0.118928,0.516672,0.094733,0.963511,0.125948,0.317218,0.388619
19.800000,1.968279,2.007337,2.052752,1.706037,1.919249,2.005156,2.037377,1.995535,0.123456,1.625223,0.116836,0.513509,0.094584,0.959514,0.125665,0.307322,0.363633
19.816667,1.967495,2.007518,2.051458,1.688341,1.919062,2.005370,2.037049,1.995036,0.123686,1.618820,0.114303,0.511302,0.095062,0.956494,0.125463,0.286472,0.340303
19.833333,1.967460,2.007558,2.051527,1.685023,1.918692,2.005603,2.036894,1.994694,0.123969,1.613396,0.111650,0.509464,0.094883,0.957570,0.124712,0.264267,0.318819
19.850000,1.967915,2.007546,2.052093,1.687281,1.918116,2.005851,2.036847,1.994444,0.124300,1.608672,0.109287,0.505994,0.094499,0.967253,0.124026,0.243395,0.299254
19.866667,1.967453,2.007596,2.052626,1.688101,1.920801,2.006117,2.036872,1.994278,0.124590,1.604686,0.107117,0.506950,0.094292,0.979460,0.123606,0.225748,0.282957
19.883333,1.961824,2.007840,2.052871,1.683938,1.928584,2.006345,2.036929,1.994309,0.125538,1.601332,0.106515,0.516084,0.094196,0.994323,0.124359,0.212452,0.272571
19.900000,1.957314,2.008045,2.052778,1.674034,1.933224,2.006479,2.037039,1.994342,0.126697,1.598788,0.106313,0.516766,0.094408,1.007057,0.125550,0.203859,0.266969
19.916667,1.953825,2.008165,2.052301,1.659049,1.936351,2.006525,2.037184,1.994381,0.126942,1.597059,0.106196,0.511535,0.095697,1.016623,0.126687,0.196965,0.263108
19.933333,1.950081,2.008252,2.051609,1.642667,1.938751,2.006483,2.037369,1.994414,0.126158,1.596260,0.106054,0.505752,0.097654,1.023556,0.127442,0.192420,0.259719
19.950000,1.945157,2.008476,2.051119,1.625668,1.940630,2.006354,2.037579,1.994496,0.124679,1.595960,0.105959,0.505864,0.100092,1.028189,0.127884,0.191744,0.258283
19.966667,1.937418,2.008665,2.051237,1.621264,1.941984,2.006265,2.037809,1.994628,0.122836,1.595953,0.105887,0.514917,0.102432,1.030583,0.128028,0.184114,0.255507
19.983333,1.928255,2.008871,2.051399,1.619610,1.942947,2.006176,2.038045,1.994796,0.120895,1.596061,0.106112,0.525847,0.104744,1.030776,0.128133,0.175572,0.252627
20.000000,1.923024,2.008933,2.051898,1.622973,1.943890,2.006078,2.037853,1.995035,0.118848,1.587039,0.106874,0.523646,0.106913,1.027131,0.127999,0.167447,0.251280
20.016667,1.922828,2.008954,2.052078,1.617677,1.944713,2.005912,2.037642,1.995008,0.117194,1.577657,0.107652,0.508586,0.108223,1.020212,0.127403,0.162366,0.249366
20.033333,1.914188,2.009098,2.050989,1.585526,1.944292,2.005687,2.037427,1.995238,0.115976,1.568571,0.107697,0.515346,0.109144,1.014220,0.127174,0.160115,0.243597
20.050000,1.900464,2.009141,2.049119,1.534716,1.943422,2.005508,2.037252,1.995580,0.114659,1.558595,0.107810,0.529094,0.110084,1.009704,0.126972,0.159601,0.237193
20.066667,1.885261,2.009139,2.047488,1.491310,1.942037,2.005403,2.036956,1.995940,0.114098,1.543323,0.108195,0.540477,0.111323,1.006708,0.127435,0.157964,0.231829
20.083333,1.870807,2.009034,2.046918,1.467210,1.940125,2.005301,2.036675,1.996238,0.113990,1.529632,0.108861,0.542030,0.113068,1.005084,0.128583,0.157092,0.227381
20.100000,1.856485,2.008921,2.046229,1.445624,1.937155,2.005177,2.036386,1.996478,0.114435,1.517216,0.109592,0.541734,0.114641,1.004700,0.129954,0.157692,0.222396
20.116667,1.841463,2.008714,2.045445,1.426057,1.932630,2.005051,2.036124,1.996691,0.115615,1.506038,0.110204,0.539950,0.115668,1.004997,0.131407,0.158719,0.218536
20.133333,1.837398,2.008512,2.045015,1.411534,1.928114,2.004944,2.035879,1.996704,0.117325,1.496047,0.110107,0.534183,0.117028,1.005674,0.133848,0.159054,0.216644
20.150000,1.844353,2.008385,2.044903,1.406164,1.926741,2.004898,2.035659,1.996590,0.119352,1.487370,0.109031,0.531183,0.118720,1.006861,0.137542,0.158497,0.218536
20.166667,1.855457,2.008278,2.044922,1.403792,1.927402,2.004832,2.035455,1.996471,0.121293,1.479912,0.107192,0.534172,0.119702,1.008153,0.141110,0.157944,0.222995
20.183333,1.864664,2.008180,2.044958,1.400910,1.929729,2.004761,2.035281,1.996414,0.122893,1.473676,0.105981,0.536815,0.120557,1.008883,0.144260,0.157638,0.228898
20.200000,1.870980,2.008107,2.045123,1.403344,1.933635,2.004655,2.035140,1.996409,0.124406,1.468659,0.105407,0.539314,0.121072,1.009266,0.146975,0.156238,0.235490
20.216667,1.874781,2.008065,2.045253,1.404923,1.938523,2.004505,2.035036,1.996424,0.124893,1.464866,0.105291,0.540981,0.121831,1.009477,0.148879,0.155449,0.243331
20.233333,1.877282,2.008036,2.045349,1.405801,1.944045,2.004370,2.034970,1.996446,0.124248,1.462295,0.105490,0.542231,0.122873,1.009594,0.149943,0.155036,0.252696
20.250000,1.878984,2.008014,2.045194,1.401821,1.946716,2.004371,2.034939,1.996461,0.123655,1.460845,0.105697,0.542839,0.123518,1.009670,0.150427,0.154991,0.259786
20.266667,1.879902,2.008003,2.045068,1.398409,1.947710,2.004405,2.034924,1.996470,0.123175,1.460076,0.105841,0.543193,0.123912,1.009716,0.150503,0.154860,0.264084
20.283333,1.880406,2.007997,2.045006,1.396727,1.948249,2.004423,2.034916,1.996474,0.123075,1.459672,0.106012,0.543432,0.123755,1.009740,0.150293,0.154704,0.266477
20.300000,1.880679,2.007994,2.044976,1.395909,1.948546,2.004433,2.034912,1.996477,0.122993,1.459462,0.106106,0.543562,0.123679,1.009752,0.150170,0.154597,0.267823
20.316667,1.880827,2.007993,2.044960,1.395477,1.948713,2.004437,2.034910,1.996478,0.122933,1.459354,0.106160,0.543631,0.123649,1.009757,0.150106,0.154539,0.268642
20.333333,1.880909,2.007992,2.044952,1.395252,1.948566,2.004401,2.034909,1.996478,0.122901,1.459300,0.106189,0.543666,0.123634,1.009758,0.150068,0.154509,0.269137
20.350000,1.880953,2.007991,2.044948,1.395138,1.947101,2.004144,2.034909,1.996479,0.122906,1.459274,0.106206,0.543684,0.123626,1.009759,0.150047,0.154494,0.269712
20.366667,1.879652,2.007840,2.044946,1.395084,1.945430,2.003864,2.034910,1.996485,0.122922,1.459264,0.106303,0.544283,0.123623,1.009753,0.150035,0.154487,0.270210
20.383333,1.877043,2.007563,2.044946,1.395062,1.943630,2.003574,2.034910,1.996497,0.122945,1.459262,0.106493,0.545570,0.123625,1.009772,0.150028,0.154485,0.270667
20.400000,1.874412,2.007294,2.044947,1.395057,1.941763,2.003282,2.034910,1.996511,0.122971,1.459264,0.106680,0.546890,0.123628,1.009794,0.150025,0.154486,0.271095
20.416667,1.871823,2.007038,2.044948,1.395060,1.939953,2.003009,2.034911,1.996525,0.122997,1.459268,0.106863,0.548220,0.123633,1.009817,0.150023,0.154488,0.271486
20.433333,1.869441,2.006813,2.044950,1.395067,1.938316,2.002768,2.034852,1.996541,0.123019,1.459166,0.107033,0.549482,0.123638,1.009840,0.150022,0.154491,0.271823
20.450000,1.867442,2.006612,2.044952,1.395078,1.936949,2.002567,2.034503,1.996548,0.123031,1.458554,0.107214,0.550721,0.123541,1.011406,0.149999,0.154502,0.272090
20.466667,1.866483,2.006340,2.044960,1.395104,1.935907,2.002412,2.034135,1.996618,0.123045,1.457919,0.106664,0.566313,0.123379,1.020150,0.149999,0.154567,0.272286
20.483333,1.866701,2.006043,2.044971,1.395141,1.935213,2.002256,2.033710,1.996751,0.123071,1.455912,0.105317,0.599523,0.123406,1.034101,0.150113,0.154676,0.270791
20.500000,1.866838,2.005766,2.045632,1.411840,1.935014,2.002130,2.033281,1.997032,0.122993,1.452743,0.104313,0.630024,0.123568,1.049346,0.150168,0.154455,0.272750
20.516667,1.873681,2.005446,2.046053,1.436637,1.934779,2.002008,2.032963,1.997490,0.122868,1.450555,0.103993,0.635972,0.124438,1.065900,0.150347,0.149680,0.277437
20.533333,1.876499,2.005230,2.046549,1.466785,1.934034,2.001871,2.032665,1.997992,0.122692,1.448384,0.103735,0.644350,0.125120,1.080762,0.150457,0.143625,0.283571
20.550000,1.875695,2.005041,2.047060,1.498918,1.933130,2.001797,2.032363,1.998522,0.122483,1.446235,0.103852,0.649940,0.125616,1.093357,0.150481,0.136903,0.291608
20.566667,1.869754,2.004988,2.047529,1.533151,1.932119,2.001784,2.031914,1.998872,0.122296,1.444397,0.104407,0.648222,0.126012,1.111749,0.150468,0.128502,0.301280
20.583333,1.869229,2.004965,2.047949,1.569252,1.931398,2.001811,2.031671,1.998948,0.122227,1.452783,0.105193,0.631093,0.127096,1.137302,0.150647,0.118725,0.311390
20.600000,1.866340,2.005134,2.048187,1.598105,1.931138,2.001845,2.031733,1.998993,0.122354,1.468081,0.106122,0.611083,0.128274,1.172824,0.150920,0.109721,0.318268
20.616667,1.859475,2.005429,2.048281,1.620824,1.931031,2.001913,2.032065,1.999115,0.122175,1.481885,0.107121,0.593976,0.129280,1.218542,0.151136,0.102567,0.323033
20.633333,1.853788,2.005709,2.048331,1.641519,1.931779,2.001965,2.031744,1.999306,0.120436,1.486234,0.108636,0.579553,0.130558,1.269637,0.149935,0.097606,0.329264
20.650000,1.847281,2.006036,2.048341,1.659745,1.933300,2.001996,2.031507,1.999461,0.118490,1.494947,0.110556,0.562262,0.131066,1.320995,0.147779,0.094485,0.336121
20.666667,1.840807,2.006334,2.048945,1.677422,1.935828,2.002001,2.031346,1.999484,0.117784,1.508400,0.112415,0.545586,0.129974,1.333814,0.145756,0.093537,0.340259
20.683333,1.837365,2.006606,2.050901,1.698856,1.938445,2.001997,2.031153,1.999356,0.117456,1.524119,0.114567,0.524137,0.128687,1.347139,0.144195,0.097633,0.341522
20.700000,1.833095,2.006826,2.053175,1.717935,1.941188,2.001986,2.031086,1.999420,0.117276,1.544334,0.115782,0.511949,0.128464,1.348559,0.143449,0.106971,0.340800
20.716667,1.836024,2.006781,2.055172,1.732003,1.943769,2.001973,2.031210,1.999388,0.117096,1.568290,0.117640,0.484667,0.128081,1.335113,0.142166,0.117647,0.339355
20.733333,1.835564,2.006599,2.056930,1.742874,1.946179,2.001959,2.031490,1.999350,0.116896,1.594834,0.119743,0.455016,0.127195,1.302920,0.140314,0.128206,0.337660
20.750000,1.835058,2.006370,2.058602,1.752522,1.944534,2.001972,2.031943,1.999368,0.116619,1.623887,0.122295,0.422769,0.125976,1.263941,0.138081,0.138912,0.338592
20.766667,1.835249,2.006238,2.060452,1.763440,1.942207,2.001979,2.032650,1.999392,0.116090,1.656199,0.125267,0.391177,0.125169,1.240539,0.136444,0.151355,0.341915
20.783333,1.836863,2.006139,2.061879,1.771903,1.940196,2.001987,2.033665,1.999471,0.116073,1.689741,0.127796,0.366486,0.124471,1.225417,0.136070,0.166187,0.347483
20.800000,1.838713,2.005959,2.061714,1.768607,1.938106,2.001989,2.034914,1.999630,0.115811,1.726567,0.128532,0.355496,0.123562,1.207548,0.135262,0.184627,0.351215
20.816667,1.843261,2.005677,2.061193,1.761564,1.935962,2.002006,2.035580,1.999755,0.115455,1.760544,0.127963,0.348088,0.123281,1.191371,0.134756,0.207450,0.353370
20.833333,1.846313,2.005348,2.061293,1.760777,1.933792,2.002035,2.035713,1.999851,0.114627,1.781929,0.126636,0.344487,0.124506,1.188649,0.135241,0.233932,0.354847
20.850000,1.850320,2.005024,2.061476,1.768947,1.931425,2.002081,2.035497,1.999946,0.114537,1.790163,0.124999,0.346011,0.125932,1.189535,0.136632,0.252064,0.354565
20.866667,1.854780,2.004679,2.062495,1.790168,1.928778,2.002131,2.035327,2.000029,0.114473,1.790717,0.123419,0.350903,0.128323,1.178784,0.139089,0.265649,0.351483
20.883333,1.855890,2.004249,2.063101,1.805794,1.926391,2.002171,2.035512,2.000067,0.113581,1.789122,0.121820,0.359297,0.131180,1.160017,0.141452,0.280078,0.349346
20.900000,1.858202,2.003829,2.062871,1.815325,1.924376,2.002205,2.035719,2.000166,0.111657,1.784741,0.120523,0.370671,0.133538,1.136510,0.142334,0.290459,0.350217
20.916667,1.860710,2.003425,2.062906,1.830001,1.922670,2.002199,2.035490,2.000314,0.109305,1.775648,0.120497,0.383871,0.134149,1.110112,0.140903,0.306191,0.352516
20.933333,1.864093,2.002997,2.063376,1.847372,1.921046,2.002057,2.035380,2.000423,0.107318,1.767527,0.120693,0.395899,0.134508,1.078727,0.139757,0.327166,0.354891
20.950000,1.869502,2.002501,2.063021,1.851078,1.919540,2.001934,2.035911,2.000489,0.106434,1.763353,0.120739,0.403460,0.133912,1.040288,0.138823,0.336485,0.357338
20.966667,1.875351,2.001976,2.061872,1.844149,1.918406,2.001822,2.036481,2.000522,0.106061,1.759981,0.120585,0.408489,0.133050,0.998504,0.138120,0.338691,0.359683
20.983333,1.881807,2.001440,2.060290,1.831226,1.917709,2.001730,2.037078,2.000539,0.106041,1.756881,0.120322,0.412327,0.131978,0.955468,0.137567,0.337798,0.361727
21.000000,1.888887,2.000934,2.058671,1.817346,1.918255,2.001636,2.037669,2.000538,0.106314,1.753973,0.120142,0.414368,0.130931,0.915076,0.137284,0.333206,0.363355
21.016667,1.898437,2.000552,2.056965,1.800876,1.919128,2.001587,2.037841,2.000469,0.106302,1.749695,0.121398,0.407919,0.131014,0.884613,0.137578,0.333611,0.365150
21.033333,1.906843,2.000255,2.055786,1.788564,1.920400,2.001589,2.037831,2.000366,0.105908,1.744646,0.123531,0.397367,0.131844,0.863926,0.137775,0.336544,0.369924
21.050000,1.911736,2.000035,2.054116,1.772295,1.921672,2.001617,2.038175,2.000294,0.105983,1.741482,0.125108,0.390629,0.131862,0.849970,0.137879,0.336405,0.374942
21.066667,1.915413,1.999855,2.053051,1.763663,1.922803,2.001635,2.038556,2.000238,0.106232,1.739578,0.126512,0.385683,0.131702,0.839246,0.138063,0.327178,0.378642
21.083333,1.918648,1.999697,2.052680,1.754831,1.923798,2.001654,2.038783,2.000213,0.106535,1.737951,0.128059,0.381014,0.131278,0.830297,0.138009,0.320596,0.381299
21.100000,1.921333,1.999561,2.052520,1.747369,1.924677,2.001673,2.038802,2.000181,0.107130,1.735164,0.129681,0.377373,0.130624,0.822630,0.138030,0.319756,0.383317
21.116667,1.923582,1.999451,2.052463,1.743816,1.925456,2.001688,2.038721,2.000152,0.107749,1.732655,0.130894,0.373892,0.130017,0.817805,0.138083,0.320680,0.384881
21.133333,1.925149,1.999382,2.052503,1.742127,1.926118,2.001645,2.038811,2.000100,0.108364,1.730927,0.131662,0.372727,0.129724,0.815230,0.138220,0.322523,0.386129
21.150000,1.926370,1.999351,2.052621,1.741318,1.926831,2.001636,2.038996,2.000066,0.108831,1.729761,0.132252,0.372733,0.129751,0.813856,0.138481,0.323973,0.388588
21.166667,1.927181,1.999329,2.052764,1.739960,1.927505,2.001656,2.039037,2.000035,0.109101,1.728408,0.132630,0.372969,0.129917,0.813133,0.138664,0.324810,0.391357
21.183333,1.927737,1.999311,2.052917,1.738727,1.928068,2.001680,2.038995,1.999999,0.109201,1.727123,0.132885,0.373278,0.130139,0.812758,0.138766,0.325290,0.393542
21.200000,1.928127,1.999298,2.053081,1.737623,1.928501,2.001700,2.039061,1.999984,0.109209,1.727493,0.133059,0.373566,0.130357,0.812571,0.138818,0.325511,0.395043
21.216667,1.928402,1.999287,2.053289,1.736898,1.928822,2.001717,2.039074,1.999966,0.109210,1.727372,0.133174,0.373790,0.130536,0.812484,0.138854,0.324939,0.396149
21.233333,1.928590,1.999275,2.053439,1.736609,1.929027,2.001727,2.039080,1.999952,0.109213,1.727165,0.133247,0.373918,0.130657,0.812447,0.138879,0.324384,0.396878
21.250000,1.928702,1.999263,2.053541,1.736480,1.929140,2.001732,2.039132,1.999952,0.109215,1.727498,0.133290,0.373975,0.130727,0.812438,0.138893,0.324087,0.397282
21.266667,1.928763,1.999256,2.053604,1.736423,1.929202,2.001734,2.039164,1.999953,0.109216,1.727682,0.133312,0.374004,0.130764,0.812441,0.138901,0.323926,0.397499
21.283333,1.928793,1.999251,2.053639,1.736395,1.929235,2.001735,2.039182,1.999954,0.109216,1.727781,0.133323,0.374021,0.130784,0.812450,0.138905,0.323837,0.397614
21.300000,1.928807,1.999249,2.053659,1.736381,1.929253,2.001735,2.039191,1.999955,0.109216,1.727835,0.133329,0.374033,0.130795,0.812462,0.138907,0.323786,0.397676
21.316667,1.928813,1.999248,2.053669,1.736375,1.929263,2.001735,2.039196,1.999955,0.109216,1.727864,0.133331,0.374041,0.130801,0.812474,0.138909,0.323756,0.397708
21.333333,1.928816,1.999248,2.053675,1.736374,1.929268,2.001734,2.039198,1.999955,0.109216,1.727879,0.133332,0.374046,0.130804,0.812486,0.138909,0.323738,0.397723
21.350000,1.928816,1.999248,2.053679,1.736374,1.929271,2.001734,2.039200,1.999955,0.109216,1.727888,0.133332,0.374049,0.130806,0.812497,0.138910,0.323727,0.397730
21.366667,1.928814,1.999247,2.053681,1.736375,1.929272,2.001735,2.039201,1.999933,0.109217,1.727900,0.133332,0.374054,0.130806,0.812507,0.138910,0.323719,0.397732
21.383333,1.928809,1.999243,2.053683,1.736378,1.929273,2.001736,2.039205,1.999837,0.109219,1.727936,0.133401,0.374114,0.130817,0.815298,0.138908,0.323713,0.397733
21.400000,1.928962,1.999235,2.053687,1.736382,1.929274,2.001737,2.039211,1.999731,0.109226,1.727980,0.133048,0.376670,0.131089,0.826233,0.138968,0.323705,0.397732
21.416667,1.929060,1.999230,2.053689,1.736385,1.929275,2.001739,2.039217,1.999606,0.109232,1.728024,0.132844,0.378169,0.131253,0.832160,0.139003,0.323701,0.397732
21.433333,1.929119,1.999227,2.053691,1.736388,1.929276,2.001741,2.039224,1.999456,0.109238,1.728078,0.132728,0.379036,0.131351,0.835368,0.139022,0.323697,0.397732
21.450000,1.929155,1.999224,2.053692,1.736391,1.929278,2.001743,2.039231,1.999299,0.109243,1.728134,0.132663,0.379541,0.131410,0.837103,0.139032,0.323695,0.397732
21.466667,1.929177,1.999222,2.053693,1.736393,1.929280,2.001745,2.039239,1.999135,0.109248,1.728189,0.132625,0.379840,0.131446,0.838039,0.139036,0.323694,0.397732
21.483333,1.929187,1.999219,2.053722,1.736574,1.929369,2.001757,2.039246,1.998963,0.109217,1.728245,0.132603,0.380012,0.131464,0.838546,0.139023,0.324419,0.398983
21.500000,1.929184,1.999214,2.053815,1.737180,1.929676,2.001795,2.039222,1.998807,0.109106,1.725974,0.132579,0.380095,0.131463,0.838823,0.138974,0.326840,0.403307
21.516667,1.929170,1.999206,2.054010,1.738398,1.930033,2.001842,2.038136,1.998671,0.108995,1.708070,0.132549,0.380114,0.131473,0.838974,0.138933,0.328841,0.408327
21.533333,1.929152,1.999198,2.054388,1.740636,1.930461,2.001898,2.036768,1.998538,0.108878,1.678558,0.132519,0.380103,0.131498,0.839058,0.138903,0.329982,0.414343
21.550000,1.929144,1.999201,2.054737,1.742610,1.930883,2.001954,2.035347,1.998405,0.108773,1.641451,0.132485,0.380079,0.131532,0.839238,0.138885,0.331034,0.420230
21.566667,1.929143,1.999243,2.055059,1.744369,1.931298,2.002008,2.034306,1.998256,0.109392,1.611324,0.132423,0.380067,0.130774,0.855362,0.138674,0.331886,0.426056
21.583333,1.926441,1.999368,2.055360,1.745951,1.931058,2.002056,2.033497,1.998115,0.110986,1.585994,0.132683,0.380389,0.128911,0.884517,0.137960,0.332526,0.431999
21.600000,1.924120,1.999565,2.055704,1.749106,1.930222,2.002145,2.033209,1.997958,0.113083,1.568660,0.132368,0.382247,0.126427,0.934949,0.137914,0.335619,0.435172
21.616667,1.923120,1.999812,2.056263,1.753917,1.931752,2.002313,2.033144,1.997801,0.114732,1.556670,0.131912,0.384172,0.124175,0.980066,0.138074,0.345254,0.435653
21.633333,1.921758,2.000027,2.057117,1.762526,1.935373,2.002521,2.033112,1.997673,0.115119,1.547652,0.131973,0.384790,0.122932,0.999892,0.137647,0.359885,0.433669
21.650000,1.921047,2.000198,2.058857,1.783054,1.939650,2.002760,2.033336,1.997531,0.115102,1.546576,0.132047,0.385147,0.122228,0.994673,0.137299,0.376252,0.431605
21.666667,1.920093,2.000520,2.061164,1.807526,1.942537,2.002960,2.033243,1.997296,0.114058,1.550150,0.132665,0.380900,0.122410,0.967223,0.136607,0.396329,0.428962
21.683333,1.919458,2.001037,2.063941,1.835770,1.943992,2.003095,2.033090,1.997035,0.112875,1.550992,0.131793,0.381167,0.123100,0.935428,0.136111,0.412855,0.427374
21.700000,1.918734,2.001647,2.063830,1.844147,1.944232,2.003194,2.033087,1.996776,0.111751,1.559209,0.130056,0.386973,0.123720,0.901825,0.135669,0.411167,0.426682
21.716667,1.918877,2.002299,2.063413,1.848979,1.942401,2.003278,2.033824,1.996442,0.111203,1.584446,0.127157,0.401950,0.124147,0.879467,0.135506,0.401670,0.426885
21.733333,1.919670,2.003071,2.062398,1.847749,1.940326,2.003349,2.034290,1.996111,0.111162,1.602393,0.124162,0.418856,0.124736,0.864165,0.135839,0.389331,0.427310
21.750000,1.920532,2.003892,2.060933,1.842148,1.938173,2.003403,2.034652,1.995631,0.111352,1.614998,0.121251,0.438628,0.125615,0.851621,0.136559,0.375359,0.427839
21.766667,1.924012,2.004832,2.059398,1.835026,1.936012,2.003449,2.034773,1.994985,0.112502,1.621834,0.118928,0.458910,0.124313,0.840911,0.136151,0.362917,0.428809
21.783333,1.927674,2.005777,2.057899,1.824421,1.933839,2.003487,2.034789,1.994130,0.113264,1.624652,0.116648,0.482483,0.123256,0.829742,0.135592,0.350276,0.429879
21.800000,1.931025,2.006721,2.056604,1.807700,1.933221,2.003567,2.034635,1.993042,0.114135,1.624492,0.114379,0.509799,0.122431,0.817998,0.135382,0.337251,0.420556
21.816667,1.933943,2.007634,2.055370,1.785876,1.932618,2.003685,2.034497,1.991828,0.115146,1.623590,0.112301,0.538312,0.121746,0.806607,0.135405,0.325799,0.401386
21.833333,1.935810,2.008405,2.053954,1.763631,1.931482,2.003814,2.034363,1.990799,0.116159,1.621005,0.111210,0.551806,0.121433,0.796849,0.135568,0.306987,0.380162
21.850000,1.935788,2.008948,2.052379,1.739953,1.929999,2.003947,2.034308,1.990135,0.117447,1.617481,0.110615,0.557999,0.121196,0.789358,0.135872,0.284490,0.359091
21.866667,1.936040,2.009220,2.050844,1.712481,1.928179,2.004086,2.034299,1.989803,0.118942,1.613487,0.110866,0.551931,0.121677,0.783585,0.136405,0.265288,0.339098
21.883333,1.933744,2.009432,2.049540,1.685644,1.925985,2.004222,2.034323,1.989700,0.120875,1.609417,0.111474,0.548687,0.122518,0.779823,0.137200,0.246852,0.320516
21.900000,1.928350,2.009581,2.048499,1.660421,1.923468,2.004345,2.034377,1.989795,0.121484,1.605542,0.112334,0.547338,0.123348,0.775799,0.136971,0.229768,0.303721
21.916667,1.924260,2.009460,2.047483,1.633990,1.921387,2.004445,2.034442,1.989820,0.121334,1.602055,0.113532,0.536963,0.123928,0.771947,0.136117,0.214519,0.291559
21.933333,1.923154,2.009238,2.046331,1.605987,1.919408,2.004486,2.034761,1.989933,0.122187,1.598983,0.111992,0.530747,0.121970,0.767027,0.136694,0.201009,0.286174
21.950000,1.925435,2.008964,2.045400,1.583971,1.918093,2.004564,2.035010,1.989852,0.123483,1.596716,0.110095,0.525418,0.119904,0.759724,0.137521,0.188050,0.281618
21.966667,1.925644,2.008657,2.044560,1.550609,1.917259,2.004652,2.035199,1.989780,0.124086,1.595165,0.108292,0.530870,0.118834,0.750953,0.137841,0.180823,0.281632
21.983333,1.922846,2.008364,2.043751,1.511519,1.918785,2.004682,2.035409,1.989857,0.123858,1.594379,0.106588,0.539021,0.119118,0.741086,0.138839,0.177442,0.288008
22.000000,1.924874,2.008230,2.043170,1.482645,1.918039,2.004546,2.035721,1.989650,0.122455,1.595272,0.106376,0.531972,0.121109,0.732512,0.139564,0.172587,0.288721
22.016667,1.929082,2.007970,2.042104,1.447477,1.915305,2.004380,2.035858,1.989392,0.120618,1.590517,0.107210,0.515863,0.124210,0.726128,0.139970,0.167032,0.294503
22.033333,1.933511,2.007737,2.040814,1.413842,1.915022,2.004133,2.035667,1.989408,0.120491,1.575291,0.108148,0.500614,0.127361,0.722092,0.141866,0.157298,0.296207
22.050000,1.936315,2.007677,2.039524,1.383175,1.916044,2.004014,2.035437,1.989567,0.121219,1.560700,0.108666,0.492702,0.129672,0.720111,0.144121,0.147411,0.297660
22.066667,1.937740,2.007649,2.038213,1.353423,1.914984,2.004009,2.035204,1.989800,0.121678,1.547318,0.108916,0.488910,0.131149,0.719242,0.145729,0.138302,0.299567
22.083333,1.939513,2.007595,2.036840,1.321967,1.909937,2.003890,2.034955,1.990049,0.122746,1.534727,0.108701,0.489168,0.131575,0.718979,0.147183,0.130443,0.298517
22.100000,1.941018,2.007380,2.035326,1.285103,1.908659,2.003731,2.034696,1.990366,0.122455,1.522962,0.108370,0.498915,0.131196,0.719084,0.146863,0.123891,0.299848
22.116667,1.942996,2.007122,2.033763,1.245543,1.909159,2.003625,2.034432,1.990672,0.122478,1.512154,0.108113,0.507718,0.130861,0.719322,0.146733,0.118800,0.302826
22.133333,1.945266,2.006932,2.033053,1.214373,1.910852,2.003568,2.034206,1.990936,0.122666,1.502499,0.107983,0.512920,0.130835,0.719532,0.147072,0.115439,0.305652
22.150000,1.947121,2.006779,2.032748,1.196684,1.912803,2.003536,2.034002,1.991159,0.122892,1.494064,0.107948,0.515800,0.130928,0.719673,0.147451,0.112535,0.308078
22.166667,1.948324,2.006692,2.032473,1.180369,1.914191,2.003512,2.033820,1.991335,0.123034,1.486859,0.107953,0.517048,0.131110,0.719769,0.147675,0.111305,0.309703
22.183333,1.949247,2.006681,2.032258,1.164663,1.915195,2.003498,2.033666,1.991473,0.122989,1.480853,0.107974,0.517402,0.131317,0.719834,0.147843,0.111031,0.310733
22.200000,1.949892,2.006643,2.032227,1.155348,1.916055,2.003488,2.033543,1.991590,0.122870,1.476033,0.108174,0.517895,0.131396,0.719918,0.147677,0.110018,0.311819
22.216667,1.950454,2.006609,2.032428,1.158068,1.916468,2.003513,2.033454,1.991683,0.122218,1.472403,0.108373,0.518629,0.131806,0.720021,0.147375,0.107720,0.314436
22.233333,1.950871,2.006577,2.032557,1.160289,1.916668,2.003540,2.033397,1.991751,0.121459,1.469965,0.108509,0.519388,0.132375,0.720079,0.147141,0.106427,0.317528
22.250000,1.950995,2.006543,2.032637,1.161448,1.916895,2.003549,2.033371,1.991790,0.120981,1.468625,0.108621,0.519871,0.132847,0.720110,0.146944,0.105752,0.320249
22.266667,1.950905,2.006498,2.032686,1.162063,1.917068,2.003556,2.033358,1.991812,0.120716,1.467914,0.108696,0.520194,0.133103,0.720127,0.146839,0.105404,0.321652
22.283333,1.950690,2.006441,2.032714,1.162417,1.917222,2.003564,2.033352,1.991826,0.120568,1.467540,0.108751,0.520460,0.133240,0.720139,0.146781,0.105221,0.322250
22.300000,1.950399,2.006373,2.032729,1.162627,1.917306,2.003568,2.033349,1.991835,0.120486,1.467344,0.108795,0.520693,0.133314,0.720150,0.146749,0.105125,0.322575
22.316667,1.950057,2.006296,2.032738,1.162755,1.917352,2.003571,2.033348,1.991842,0.120442,1.467243,0.108834,0.520914,0.133354,0.720160,0.146731,0.105074,0.322749
22.333333,1.949691,2.006215,2.032744,1.162839,1.917376,2.003572,2.033348,1.991848,0.120418,1.467192,0.108870,0.521124,0.133376,0.720170,0.146722,0.105049,0.322843
22.350000,1.949327,2.006136,2.032747,1.162897,1.917389,2.003573,2.033348,1.991853,0.120405,1.467168,0.108904,0.521321,0.133389,0.720179,0.146717,0.105037,0.322893
22.366667,1.948946,2.006056,2.032749,1.162939,1.917397,2.003573,2.033348,1.991865,0.120398,1.467159,0.108954,0.521172,0.133402,0.720189,0.146714,0.105031,0.322919
22.383333,1.948459,2.005964,2.032751,1.162974,1.916299,2.003442,2.033349,1.991895,0.120404,1.467157,0.109047,0.520354,0.133426,0.720203,0.146716,0.105035,0.322833
22.400000,1.948092,2.005891,2.032751,1.163004,1.913513,2.003108,2.033351,1.991919,0.120400,1.467161,0.109122,0.519638,0.133447,0.720214,0.146720,0.105056,0.322115
22.416667,1.947873,2.005841,2.032751,1.163030,1.910524,2.002772,2.033353,1.991934,0.120397,1.467167,0.109177,0.519024,0.133462,0.720224,0.146726,0.105079,0.321360
22.433333,1.947762,2.005812,2.032750,1.163053,1.907470,2.002452,2.033355,1.991943,0.120391,1.467173,0.109209,0.518634,0.133473,0.720230,0.146731,0.105106,0.320485
22.450000,1.947636,2.005779,2.033083,1.178246,1.904164,2.002161,2.033214,1.991922,0.120161,1.466935,0.109252,0.518169,0.133474,0.720294,0.146608,0.104377,0.327367
22.466667,1.947560,2.005720,2.033709,1.207606,1.899786,2.001849,2.032844,1.991823,0.119754,1.466333,0.109670,0.517932,0.133388,0.728889,0.145994,0.102356,0.338945
22.483333,1.947771,2.005644,2.034333,1.236515,1.895076,2.001575,2.032504,1.991818,0.119504,1.465780,0.109178,0.515939,0.132535,0.744066,0.146008,0.100276,0.350260
22.500000,1.947772,2.005629,2.034974,1.265723,1.890217,2.001347,2.032266,1.992261,0.119380,1.465396,0.108218,0.518441,0.132069,0.759663,0.146580,0.098145,0.361632
22.516667,1.947601,2.005631,2.035686,1.297541,1.887474,2.001194,2.032039,1.992626,0.119626,1.465033,0.107710,0.521036,0.131202,0.772967,0.146705,0.095846,0.369547
22.533333,1.947318,2.005644,2.036682,1.340163,1.888303,2.001120,2.031813,1.992988,0.119872,1.464676,0.107511,0.519051,0.130434,0.788274,0.146789,0.092769,0.371244
22.550000,1.948286,2.005688,2.037740,1.381661,1.889069,2.001084,2.031592,1.993324,0.120044,1.464337,0.107963,0.505996,0.129505,0.819192,0.146395,0.089327,0.372862
22.566667,1.949990,2.005716,2.038602,1.414766,1.889828,2.001066,2.031377,1.993623,0.120171,1.464010,0.108805,0.487780,0.128661,0.845284,0.145852,0.086442,0.374015
22.583333,1.951816,2.005731,2.039355,1.444239,1.891154,2.001074,2.031838,1.993847,0.120251,1.485883,0.109879,0.468551,0.128042,0.863598,0.145179,0.083953,0.375154
22.600000,1.953256,2.006001,2.040817,1.482277,1.893385,2.001126,2.032181,1.993494,0.120409,1.508802,0.112212,0.442703,0.127174,0.891608,0.143568,0.083857,0.376329
22.616667,1.955008,2.006375,2.042693,1.523462,1.895889,2.001188,2.032530,1.993124,0.119098,1.534846,0.114369,0.418814,0.127072,0.927407,0.141808,0.085480,0.377247
22.633333,1.956239,2.006778,2.043606,1.549556,1.897502,2.001182,2.032763,1.993143,0.116482,1.553612,0.116531,0.401187,0.127291,0.976452,0.138901,0.086438,0.377940
22.650000,1.956517,2.007191,2.043927,1.567298,1.900073,2.001140,2.032904,1.993281,0.114460,1.569285,0.118817,0.386231,0.127183,1.006395,0.137045,0.086784,0.384436
22.666667,1.954817,2.007556,2.044325,1.585230,1.901728,2.001094,2.033255,1.993500,0.113069,1.588790,0.122596,0.367285,0.125762,0.981139,0.134604,0.086977,0.391369
22.683333,1.954278,2.007839,2.045914,1.606278,1.902854,2.001034,2.033945,1.993808,0.112187,1.617527,0.127438,0.347583,0.123634,0.962523,0.132228,0.090041,0.397868
22.700000,1.952637,2.008024,2.048165,1.630816,1.905077,2.000969,2.034739,1.994277,0.111570,1.648531,0.126568,0.356573,0.123380,0.950735,0.131732,0.095822,0.400805
22.716667,1.950303,2.008084,2.050654,1.656683,1.910264,2.000884,2.035763,1.994875,0.111389,1.680953,0.125039,0.369798,0.123283,0.936830,0.132072,0.104984,0.396311
22.733333,1.947830,2.008047,2.053369,1.683149,1.915307,2.000799,2.037338,1.995581,0.111078,1.715282,0.123475,0.385722,0.123260,0.927390,0.132482,0.116408,0.391477
22.750000,1.945136,2.007972,2.056394,1.708345,1.919961,2.000717,2.039212,1.996370,0.110612,1.750692,0.123116,0.401571,0.122392,0.924463,0.131337,0.128108,0.386889
22.766667,1.942449,2.007888,2.060386,1.737346,1.924455,2.000692,2.040559,1.997205,0.109964,1.776091,0.122796,0.418432,0.122215,0.927476,0.131356,0.139553,0.387920
22.783333,1.939479,2.007830,2.064648,1.767768,1.923980,2.000671,2.040915,1.997907,0.110370,1.786637,0.123173,0.431962,0.121944,0.940942,0.132070,0.151508,0.392701
22.800000,1.936592,2.007779,2.067827,1.792403,1.922330,2.000697,2.040606,1.998455,0.110284,1.790211,0.124689,0.435430,0.121341,0.957157,0.131635,0.165062,0.406269
22.816667,1.933702,2.007722,2.068429,1.802016,1.922388,2.000702,2.039864,1.998906,0.110393,1.789555,0.126490,0.434044,0.121216,0.977750,0.130944,0.181908,0.416083
22.833333,1.930689,2.007656,2.068924,1.809212,1.922924,2.000728,2.038795,1.999404,0.109681,1.786134,0.127904,0.435996,0.122916,1.001081,0.131068,0.201607,0.425567
22.850000,1.927824,2.007610,2.069316,1.815561,1.924327,2.000770,2.037539,1.999820,0.108352,1.781180,0.129959,0.431251,0.124594,1.030909,0.130507,0.223893,0.437812
22.866667,1.925300,2.007545,2.069603,1.820891,1.925320,2.000814,2.036370,2.000137,0.106416,1.775582,0.131566,0.430151,0.126312,1.068582,0.129019,0.248530,0.447090
22.883333,1.922868,2.007442,2.069125,1.820744,1.926437,2.000878,2.036204,2.000365,0.104900,1.770997,0.132575,0.432294,0.127586,1.101092,0.128117,0.269914,0.447577
22.900000,1.920913,2.007329,2.067330,1.810270,1.926905,2.000951,2.036506,2.000401,0.104266,1.768014,0.133643,0.433450,0.127885,1.119197,0.127320,0.283897,0.447418
22.916667,1.918924,2.007208,2.064748,1.792395,1.927104,2.001012,2.037199,2.000367,0.104268,1.766546,0.134837,0.436894,0.127140,1.124533,0.126622,0.293803,0.450615
22.933333,1.917257,2.007095,2.061903,1.770379,1.927105,2.001071,2.037876,2.000373,0.104622,1.766081,0.136303,0.442879,0.125634,1.122866,0.125823,0.302239,0.454550
22.950000,1.915601,2.007009,2.059950,1.754860,1.929999,2.001243,2.038240,2.000413,0.104971,1.763217,0.137934,0.449490,0.123852,1.118855,0.124929,0.314645,0.459487
22.966667,1.914316,2.006927,2.057993,1.737798,1.933130,2.001424,2.037676,2.000448,0.105230,1.746478,0.139486,0.455163,0.122335,1.115552,0.124180,0.327969,0.466008
22.983333,1.913274,2.006873,2.055805,1.718974,1.935663,2.001586,2.037679,2.000516,0.105966,1.734646,0.140121,0.462046,0.120815,1.113145,0.124015,0.336592,0.473480
23.000000,1.912693,2.006827,2.054010,1.708841,1.938826,2.001773,2.037777,2.000594,0.106827,1.722522,0.139506,0.470381,0.119985,1.111896,0.124506,0.334372,0.481351
23.016667,1.912418,2.006782,2.053101,1.708810,1.941040,2.001903,2.037732,2.000643,0.107209,1.706880,0.138966,0.476476,0.120142,1.111237,0.125124,0.334049,0.486667
23.033333,1.912323,2.006737,2.052661,1.710197,1.942753,2.001993,2.037182,2.000689,0.107697,1.684902,0.138616,0.480450,0.120383,1.110892,0.125727,0.330764,0.489540
23.050000,1.911903,2.006694,2.052633,1.713462,1.944159,2.002071,2.036662,2.000722,0.108292,1.666671,0.138395,0.483124,0.120630,1.110708,0.126353,0.325503,0.491761
23.066667,1.911768,2.006651,2.052777,1.716342,1.945280,2.002137,2.036184,2.000740,0.108997,1.653195,0.138280,0.484912,0.120878,1.110608,0.127056,0.322248,0.493885
23.083333,1.911781,2.006612,2.052965,1.716793,1.946214,2.002189,2.035690,2.000766,0.109755,1.636432,0.138245,0.486099,0.121179,1.110552,0.127878,0.323172,0.495824
23.100000,1.911888,2.006574,2.053184,1.716725,1.946957,2.002216,2.035450,2.000773,0.110440,1.624249,0.138248,0.486886,0.121495,1.110520,0.128651,0.324977,0.497290
23.116667,1.912126,2.006543,2.053451,1.718307,1.947649,2.002196,2.035338,2.000746,0.110819,1.615478,0.138255,0.487399,0.121894,1.110499,0.129153,0.325281,0.499426
23.133333,1.912367,2.006515,2.053700,1.719940,1.948316,2.002203,2.035172,2.000704,0.110880,1.609927,0.138253,0.487654,0.122244,1.110486,0.129354,0.324821,0.501970
23.150000,1.912596,2.006490,2.053961,1.722737,1.948933,2.002234,2.035074,2.000667,0.110676,1.605428,0.138242,0.487716,0.122576,1.110477,0.129327,0.322668,0.504536
23.166667,1.912802,2.006467,2.054212,1.724997,1.949466,2.002271,2.034990,2.000648,0.110494,1.599407,0.138225,0.487646,0.122853,1.110471,0.129289,0.319798,0.506879
23.183333,1.913052,2.006449,2.054433,1.726158,1.949909,2.002306,2.034879,2.000600,0.110329,1.594832,0.138123,0.487417,0.123032,1.110465,0.129267,0.317614,0.508864
23.200000,1.914098,2.006454,2.054616,1.726857,1.950253,2.002335,2.034758,2.000552,0.110341,1.591724,0.138188,0.485076,0.123150,1.110459,0.129336,0.315952,0.510342
23.216667,1.915469,2.006468,2.054765,1.727501,1.950500,2.002354,2.034742,2.000515,0.110288,1.590860,0.138345,0.481805,0.123254,1.110452,0.129311,0.314677,0.511296
23.233333,1.916352,2.006474,2.054878,1.727925,1.950662,2.002365,2.034772,2.000502,0.109771,1.589187,0.138478,0.479682,0.123423,1.110446,0.128953,0.313841,0.511849
23.250000,1.916843,2.006476,2.054956,1.728174,1.950750,2.002370,2.034781,2.000497,0.109540,1.588040,0.138548,0.478512,0.123509,1.110441,0.128793,0.313393,0.512157
23.266667,1.917107,2.006477,2.055004,1.728315,1.950796,2.002372,2.034781,2.000494,0.109458,1.587322,0.138583,0.477880,0.123549,1.110436,0.128737,0.313153,0.512318
23.283333,1.917250,2.006477,2.055030,1.728391,1.950820,2.002374,2.034778,2.000493,0.109413,1.586900,0.138603,0.477539,0.123570,1.110432,0.128707,0.313021,0.512403
23.300000,1.917327,2.006477,2.055044,1.728432,1.950832,2.002374,2.034774,2.000493,0.109388,1.586647,0.138613,0.477355,0.123582,1.110427,0.128691,0.312946,0.512446
23.316667,1.917369,2.006478,2.055052,1.728453,1.950838,2.002374,2.034770,2.000492,0.109375,1.586496,0.138619,0.477255,0.123589,1.110423,0.128681,0.312904,0.512467
23.333333,1.917391,2.006478,2.055056,1.728464,1.950841,2.002375,2.034768,2.000492,0.109368,1.586411,0.138621,0.477200,0.123592,1.110420,0.128677,0.312879,0.512476
23.350000,1.915440,2.006476,2.055059,1.728470,1.950842,2.002375,2.034767,2.000491,0.109364,1.586369,0.138736,0.476834,0.123606,1.110416,0.128674,0.312864,0.512480
23.366667,1.913680,2.006472,2.055061,1.728472,1.950842,2.002375,2.034767,2.000488,0.109363,1.586358,0.138915,0.475728,0.123630,1.110413,0.128674,0.312854,0.512480
23.383333,1.911760,2.006467,2.055062,1.728474,1.950842,2.002376,2.034770,2.000426,0.109364,1.586374,0.139100,0.474646,0.123652,1.110410,0.128673,0.312848,0.512479
23.400000,1.910197,2.006461,2.055063,1.728475,1.950844,2.002378,2.034779,2.000290,0.109367,1.586416,0.139235,0.473969,0.123664,1.110406,0.128670,0.312844,0.512479
23.416667,1.908814,2.006455,2.055065,1.728476,1.950845,2.002380,2.034787,2.000158,0.109370,1.586455,0.139346,0.473433,0.123672,1.110402,0.128666,0.312841,0.512479
23.433333,1.907862,2.006450,2.055066,1.728477,1.950846,2.002382,2.034794,2.000023,0.109374,1.586494,0.139421,0.473097,0.123676,1.110399,0.128662,0.312839,0.512479
23.450000,1.907310,2.006446,2.055066,1.728477,1.950847,2.002384,2.034803,1.999880,0.109378,1.586534,0.139464,0.472929,0.123675,1.110396,0.128658,0.312837,0.512479
23.466667,1.906996,2.006442,2.055067,1.728477,1.950848,2.002386,2.034811,1.999727,0.109382,1.586576,0.139490,0.472850,0.123671,1.110393,0.128653,0.312835,0.512480
23.483333,1.906506,2.006439,2.055068,1.728478,1.950850,2.002389,2.034821,1.999561,0.109387,1.586621,0.139515,0.472841,0.123667,1.110390,0.128648,0.312834,0.512481
23.500000,1.906121,2.006435,2.055068,1.728478,1.950852,2.002391,2.034832,1.999386,0.109391,1.586669,0.139534,0.472855,0.123661,1.110388,0.128642,0.312833,0.512482
23.516667,1.905909,2.006431,2.055100,1.728676,1.950988,2.002408,2.034844,1.999202,0.109354,1.586717,0.139546,0.472873,0.123653,1.110387,0.128619,0.313532,0.514591
23.533333,1.905789,2.006426,2.055196,1.729295,1.951420,2.002455,2.034855,1.999010,0.109228,1.586766,0.139552,0.472892,0.123641,1.110390,0.128559,0.315665,0.521333
23.550000,1.905729,2.006432,2.055379,1.730411,1.951882,2.002509,2.034613,1.998846,0.109114,1.579808,0.139533,0.472889,0.123624,1.110839,0.128502,0.317242,0.528481
23.566667,1.905716,2.006460,2.055788,1.732680,1.953327,2.002582,2.033652,1.998709,0.109041,1.557114,0.139495,0.472852,0.123623,1.112261,0.128481,0.318152,0.532271
23.583333,1.905717,2.006486,2.056576,1.736506,1.955486,2.002713,2.032761,1.998573,0.108948,1.533552,0.139461,0.472810,0.123627,1.113836,0.128458,0.320056,0.531429
23.600000,1.903763,2.006499,2.057592,1.741094,1.956772,2.002964,2.032580,1.998410,0.108778,1.517896,0.139567,0.473179,0.123473,1.115732,0.128346,0.322265,0.534610
23.616667,1.901813,2.006544,2.058627,1.746353,1.959740,2.003280,2.032827,1.998271,0.108591,1.511929,0.140083,0.469191,0.122727,1.111888,0.128180,0.337711,0.534850
23.633333,1.901327,2.006607,2.059643,1.754600,1.962595,2.003568,2.033091,1.998193,0.107958,1.509695,0.140613,0.461491,0.122182,1.109469,0.127689,0.351004,0.533998
23.650000,1.901497,2.006729,2.061433,1.774915,1.965053,2.003833,2.032645,1.998054,0.107322,1.502665,0.141240,0.453856,0.121696,1.115981,0.127191,0.358122,0.533096
23.666667,1.902155,2.006915,2.063257,1.792841,1.967277,2.004086,2.032213,1.997833,0.106801,1.495390,0.141956,0.447441,0.120408,1.101327,0.127041,0.367525,0.531953
23.683333,1.904100,2.007284,2.064352,1.805913,1.969736,2.004345,2.032582,1.997493,0.107230,1.514364,0.140437,0.450399,0.118744,1.071217,0.127480,0.384170,0.530099
23.700000,1.906386,2.007682,2.062723,1.803943,1.971145,2.004543,2.033540,1.997111,0.107577,1.552073,0.139069,0.455823,0.117034,1.033067,0.127628,0.391472,0.528870
23.716667,1.908419,2.008018,2.061181,1.801377,1.970402,2.004694,2.034339,1.996698,0.107004,1.584264,0.137862,0.462849,0.115622,1.006433,0.127071,0.385019,0.528857
23.733333,1.909753,2.008279,2.059729,1.799252,1.969020,2.004802,2.034559,1.996372,0.106641,1.598337,0.137078,0.465568,0.114892,0.983462,0.126784,0.370623,0.529256
23.750000,1.910602,2.008497,2.058276,1.797315,1.967518,2.004879,2.034416,1.995943,0.106511,1.601684,0.136572,0.466014,0.114564,0.961949,0.126694,0.351917,0.529788
23.766667,1.911132,2.008690,2.056882,1.796321,1.965925,2.004933,2.034109,1.995347,0.106496,1.600994,0.136269,0.466006,0.114410,0.940925,0.126683,0.331971,0.530399
23.783333,1.909285,2.008878,2.055541,1.792000,1.964271,2.004971,2.033705,1.994575,0.106726,1.596776,0.136299,0.466452,0.114160,0.921459,0.126623,0.313011,0.531068
23.800000,1.904020,2.009028,2.054168,1.776905,1.963003,2.005031,2.033299,1.993824,0.106919,1.590495,0.136493,0.467424,0.114039,0.906488,0.126624,0.297915,0.526468
23.816667,1.902316,2.009241,2.052896,1.755426,1.961816,2.005168,2.032829,1.992847,0.107240,1.582624,0.136668,0.464841,0.114152,0.894760,0.126881,0.288849,0.506502
23.833333,1.906748,2.009704,2.052057,1.736341,1.959933,2.005318,2.032343,1.991739,0.107747,1.574077,0.136391,0.454703,0.114947,0.886228,0.127662,0.288089,0.483288
23.850000,1.911807,2.010249,2.051978,1.732793,1.957814,2.005485,2.031905,1.990515,0.108966,1.565743,0.135897,0.443848,0.115425,0.882229,0.128688,0.271154,0.461027
23.866667,1.915005,2.010884,2.050911,1.714310,1.955600,2.005648,2.031502,1.989259,0.109944,1.557151,0.134617,0.436044,0.116110,0.878977,0.129688,0.253026,0.440843
23.883333,1.916725,2.011506,2.049718,1.690149,1.952942,2.005808,2.031229,1.988282,0.111009,1.549820,0.132747,0.431019,0.116853,0.875495,0.130875,0.237146,0.420981
23.900000,1.915222,2.012175,2.048412,1.661593,1.949922,2.005959,2.031081,1.987761,0.111952,1.543259,0.130471,0.429760,0.117389,0.872670,0.131871,0.224072,0.402392
23.916667,1.912822,2.012937,2.047053,1.630017,1.945890,2.006070,2.031013,1.987453,0.112916,1.537593,0.128032,0.429267,0.117943,0.869529,0.132939,0.211913,0.386369
23.933333,1.910280,2.013762,2.045674,1.596196,1.942190,2.006037,2.030996,1.987259,0.113790,1.532671,0.125653,0.429657,0.118515,0.865500,0.133811,0.200665,0.373170
23.950000,1.905999,2.014595,2.044284,1.560723,1.940301,2.006110,2.031017,1.987127,0.114292,1.528441,0.123854,0.429573,0.118814,0.859721,0.134082,0.190098,0.363689
23.966667,1.902768,2.015520,2.042855,1.524953,1.939149,2.006272,2.031058,1.986983,0.114938,1.524902,0.122333,0.425815,0.118463,0.850323,0.134111,0.178902,0.356942
23.983333,1.898056,2.016317,2.041526,1.484967,1.938152,2.006427,2.031127,1.986848,0.115462,1.522078,0.120739,0.422261,0.118364,0.840795,0.134554,0.171105,0.351308
24.000000,1.893324,2.016925,2.040643,1.452943,1.937503,2.006558,2.031231,1.986665,0.115413,1.520109,0.119067,0.419587,0.119157,0.833719,0.135128,0.163513,0.347065
24.016667,1.891736,2.017600,2.039769,1.417725,1.936962,2.006658,2.031411,1.986446,0.114979,1.519294,0.117590,0.413886,0.120348,0.828290,0.135706,0.158691,0.343419
24.033333,1.891988,2.018148,2.038708,1.384706,1.936984,2.006731,2.031693,1.986182,0.114229,1.519953,0.116193,0.405738,0.121676,0.823605,0.136312,0.151087,0.343731
24.050000,1.893205,2.018649,2.037598,1.352755,1.937514,2.006674,2.031930,1.985851,0.113130,1.520483,0.116094,0.387820,0.124046,0.818982,0.137289,0.142647,0.351143
24.066667,1.894702,2.019117,2.036434,1.319814,1.934276,2.006446,2.032123,1.985518,0.112566,1.520853,0.116959,0.363652,0.126475,0.816473,0.138365,0.134751,0.351886
24.083333,1.896820,2.019576,2.035171,1.282775,1.930320,2.006251,2.032147,1.985482,0.113850,1.511608,0.116367,0.350962,0.127782,0.815317,0.140256,0.127829,0.352297
24.100000,1.898188,2.020217,2.033745,1.238619,1.928869,2.005916,2.031892,1.985746,0.116417,1.492018,0.114877,0.356494,0.125151,0.814916,0.140423,0.122264,0.355370
24.116667,1.897984,2.021078,2.032250,1.194203,1.928504,2.005605,2.031671,1.986000,0.118138,1.475381,0.113731,0.362099,0.122940,0.814855,0.140049,0.117949,0.361448
24.133333,1.897799,2.022280,2.031534,1.163458,1.928185,2.005276,2.031497,1.986273,0.117768,1.461971,0.112946,0.366708,0.122011,0.814906,0.138898,0.114560,0.368678
24.150000,1.896768,2.023474,2.031179,1.144865,1.929103,2.005065,2.031338,1.986534,0.116611,1.450094,0.112183,0.368966,0.121990,0.814978,0.137937,0.111276,0.375959
24.166667,1.894391,2.024677,2.030925,1.128352,1.931335,2.004967,2.031197,1.986766,0.115190,1.439770,0.111428,0.368425,0.122699,0.815051,0.137470,0.109769,0.383275
24.183333,1.894742,2.025693,2.030738,1.112583,1.934457,2.004918,2.031078,1.986945,0.113695,1.431079,0.110565,0.366561,0.123663,0.815111,0.137232,0.109311,0.390896
24.200000,1.899500,2.026451,2.030978,1.112946,1.938357,2.004898,2.030984,1.987060,0.112280,1.424060,0.109449,0.364721,0.124579,0.815249,0.137122,0.105895,0.399385
24.216667,1.906007,2.027056,2.031137,1.114253,1.942435,2.004895,2.030916,1.987129,0.110882,1.418730,0.108314,0.361837,0.125549,0.815344,0.137053,0.103716,0.408035
24.233333,1.907080,2.027824,2.031239,1.115929,1.946434,2.004899,2.030873,1.987185,0.109457,1.415089,0.107277,0.365332,0.126438,0.815410,0.136994,0.102386,0.416356
24.250000,1.910364,2.028510,2.031301,1.116843,1.950032,2.004887,2.030856,1.987193,0.108182,1.413007,0.106536,0.362290,0.127418,0.815456,0.136985,0.101635,0.422972
24.266667,1.916944,2.029085,2.031338,1.117328,1.953367,2.004816,2.030850,1.987166,0.107096,1.411902,0.105564,0.359252,0.128453,0.815485,0.137218,0.101205,0.428701
24.283333,1.924462,2.029606,2.031356,1.117607,1.956311,2.004700,2.030851,1.987126,0.106309,1.411332,0.104742,0.354367,0.129322,0.815512,0.137404,0.100933,0.433381
24.300000,1.931457,2.030192,2.031365,1.117773,1.958949,2.004551,2.030853,1.987083,0.105934,1.411043,0.104164,0.351491,0.129587,0.815534,0.137163,0.100744,0.437541
24.316667,1.936673,2.030690,2.031368,1.117875,1.961119,2.004363,2.030857,1.987044,0.105474,1.410903,0.103881,0.346507,0.129956,0.815567,0.136887,0.100605,0.440749
24.333333,1.941477,2.031077,2.031369,1.117942,1.963222,2.004143,2.030860,1.987008,0.105046,1.410804,0.103426,0.351252,0.129629,0.815567,0.136430,0.100505,0.444717
24.350000,1.945744,2.031267,2.031368,1.117988,1.965268,2.003881,2.030865,1.986977,0.105209,1.410739,0.103038,0.359632,0.128084,0.815557,0.135550,0.100426,0.448211
24.366667,1.949743,2.031352,2.031366,1.118022,1.967015,2.003582,2.030869,1.986951,0.106181,1.410708,0.102582,0.370346,0.125818,0.815547,0.134783,0.100356,0.451557
24.383333,1.952589,2.031390,2.031365,1.118051,1.968990,2.003232,2.030871,1.986948,0.108549,1.410686,0.102520,0.378918,0.123425,0.815538,0.134799,0.100308,0.456442
24.400000,1.954102,2.031411,2.031364,1.118079,1.969729,2.002892,2.030872,1.986951,0.110382,1.410677,0.102598,0.383735,0.121836,0.815533,0.135013,0.100292,0.458234
24.416667,1.954909,2.031422,2.031363,1.118106,1.969490,2.002592,2.030873,1.986954,0.111420,1.410678,0.102650,0.386366,0.121007,0.815532,0.135218,0.100298,0.457495
24.433333,1.955340,2.031427,2.031363,1.118131,1.968806,2.002328,2.030874,1.986955,0.112011,1.410681,0.102687,0.387793,0.120563,0.815533,0.135365,0.100320,0.455117
24.450000,1.955567,2.031425,2.031658,1.132568,1.968024,2.002095,2.030874,1.986955,0.112234,1.410688,0.102767,0.388569,0.120274,0.816989,0.135290,0.099442,0.460254
24.466667,1.955689,2.031410,2.032319,1.165919,1.967271,2.001876,2.030612,1.986727,0.112198,1.410344,0.103095,0.389045,0.119971,0.824801,0.134788,0.096733,0.471460
24.483333,1.955758,2.031399,2.032956,1.197670,1.966617,2.001723,2.030284,1.986429,0.112100,1.409905,0.103429,0.389340,0.119744,0.832424,0.134292,0.094151,0.483202
24.500000,1.955867,2.031382,2.033491,1.223935,1.966237,2.001625,2.029995,1.986187,0.112153,1.409501,0.102942,0.389878,0.119026,0.841988,0.134417,0.092055,0.493078
24.516667,1.955956,2.031368,2.034032,1.250019,1.966324,2.001573,2.029721,1.985949,0.112234,1.409121,0.102555,0.390341,0.118400,0.850648,0.134529,0.090019,0.502558
24.533333,1.956033,2.031357,2.034614,1.277634,1.965941,2.001526,2.029470,1.985717,0.112259,1.408773,0.102253,0.390756,0.117842,0.858247,0.134599,0.087904,0.513638
24.550000,1.956135,2.031368,2.035223,1.303220,1.965538,2.001493,2.029267,1.985506,0.112294,1.408496,0.101995,0.391218,0.117224,0.876738,0.134636,0.086022,0.522136
24.566667,1.956400,2.031452,2.035822,1.330702,1.965344,2.001472,2.029189,1.985265,0.112429,1.414611,0.101817,0.391822,0.116534,0.909153,0.134706,0.082463,0.527144
24.583333,1.956734,2.031522,2.036238,1.351085,1.965251,2.001450,2.029510,1.985100,0.112508,1.439493,0.101807,0.393974,0.116053,0.934519,0.134603,0.079645,0.530143
24.600000,1.957161,2.031551,2.036722,1.366683,1.965211,2.001433,2.029910,1.985018,0.112634,1.465763,0.101294,0.401130,0.115589,0.964246,0.134820,0.078526,0.532014
24.616667,1.957823,2.031621,2.037618,1.385983,1.965310,2.001391,2.030283,1.984919,0.112960,1.488937,0.100160,0.415593,0.114709,1.016552,0.135518,0.079062,0.531791
24.633333,1.958582,2.031700,2.038659,1.409010,1.965440,2.001303,2.030871,1.984976,0.111158,1.509348,0.098966,0.432363,0.114922,1.064145,0.135193,0.080059,0.531540
24.650000,1.953875,2.031757,2.039909,1.437855,1.965607,2.001214,2.031493,1.985146,0.109312,1.527753,0.098680,0.451048,0.114227,1.040839,0.133303,0.080921,0.531692
24.666667,1.946452,2.031829,2.040536,1.458698,1.965917,2.001127,2.032153,1.985354,0.107485,1.544837,0.098799,0.479272,0.112801,1.014301,0.130310,0.082177,0.534964
24.683333,1.940782,2.031904,2.041500,1.478972,1.966601,2.001036,2.033043,1.985965,0.106165,1.566876,0.098615,0.514172,0.111476,0.989165,0.128137,0.084467,0.546765
24.700000,1.935764,2.031941,2.043621,1.506775,1.969605,2.000912,2.034514,1.986879,0.105427,1.600757,0.098189,0.551009,0.110525,0.967348,0.126971,0.089374,0.545699
24.716667,1.931023,2.031951,2.046679,1.540348,1.972947,2.000818,2.036062,1.988596,0.104650,1.639024,0.097923,0.584659,0.109948,0.948139,0.126148,0.097086,0.537701
24.733333,1.926335,2.031938,2.050134,1.574641,1.972403,2.000834,2.037582,1.990421,0.103429,1.677927,0.098292,0.609638,0.109022,0.934028,0.124244,0.107194,0.537192
24.750000,1.921669,2.031928,2.053776,1.612931,1.972777,2.000900,2.039248,1.991815,0.102122,1.715177,0.099197,0.629624,0.107382,0.928537,0.121542,0.117446,0.560400
24.766667,1.917085,2.031899,2.057524,1.653083,1.974273,2.000992,2.041249,1.992820,0.100678,1.751133,0.100495,0.645396,0.105778,0.929775,0.118631,0.129017,0.602915
24.783333,1.912469,2.031840,2.061440,1.693835,1.975610,2.001080,2.043193,1.993878,0.099374,1.782813,0.101699,0.654425,0.105220,0.938712,0.116458,0.139992,0.643365
24.800000,1.908184,2.031789,2.065547,1.734851,1.977892,2.001172,2.044319,1.994784,0.098079,1.801740,0.103091,0.659507,0.105406,0.954748,0.115038,0.152669,0.673437
24.816667,1.903928,2.031711,2.066152,1.755012,1.983165,2.001365,2.044534,1.995415,0.097767,1.809064,0.102967,0.700709,0.106110,0.975188,0.115858,0.167327,0.686506
24.833333,1.899710,2.031627,2.066716,1.774659,1.987486,2.001586,2.044295,1.995912,0.097464,1.810587,0.102945,0.742540,0.106526,1.003270,0.116529,0.187127,0.689541
24.850000,1.887661,2.031495,2.066926,1.789096,1.989897,2.001777,2.043910,1.996234,0.097065,1.809126,0.103276,0.775027,0.106621,1.040005,0.117012,0.207020,0.679521
24.866667,1.864471,2.031139,2.066644,1.797007,1.990963,2.001923,2.043623,1.996423,0.096470,1.807676,0.104920,0.794821,0.106374,1.070530,0.116074,0.231201,0.662852
24.883333,1.833779,2.030587,2.064947,1.792175,1.991155,2.002036,2.042885,1.996533,0.096863,1.802082,0.106191,0.814090,0.105593,1.087158,0.115920,0.249749,0.639588
24.900000,1.809236,2.030223,2.062241,1.777448,1.991820,2.002124,2.041303,1.996611,0.097853,1.785143,0.107040,0.806383,0.105143,1.096183,0.116730,0.262186,0.632608
24.916667,1.792849,2.030178,2.059109,1.756752,1.992240,2.002221,2.039408,1.996636,0.099494,1.762123,0.106970,0.777970,0.105267,1.101353,0.118853,0.271573,0.631933
24.933333,1.778457,2.030055,2.056038,1.734171,1.992650,2.002355,2.037744,1.996623,0.100974,1.741728,0.106975,0.743046,0.105792,1.104315,0.121120,0.280432,0.633334
24.950000,1.759456,2.029938,2.053788,1.720105,1.992825,2.002561,2.036199,1.996581,0.102175,1.722033,0.107099,0.704267,0.106814,1.105929,0.123221,0.290722,0.632338
24.966667,1.740523,2.029834,2.051941,1.708177,1.992742,2.002745,2.035735,1.996471,0.103150,1.707730,0.107145,0.665496,0.108079,1.106797,0.125315,0.302450,0.624727
24.983333,1.716165,2.029884,2.051181,1.704514,1.992658,2.002859,2.036242,1.996312,0.103897,1.705211,0.106912,0.629551,0.109787,1.107281,0.127629,0.303072,0.619378
25.000000,1.684728,2.030001,2.050989,1.706702,1.992512,2.002933,2.036852,1.996108,0.104541,1.705810,0.106763,0.594174,0.111676,1.107554,0.129841,0.297568,0.616890
25.016667,1.654600,2.030006,2.050996,1.707427,1.992278,2.002992,2.037435,1.995876,0.105852,1.706481,0.107386,0.553189,0.112974,1.107702,0.131749,0.297274,0.617914
25.033333,1.630760,2.029992,2.051118,1.706311,1.992122,2.003039,2.037999,1.995593,0.107933,1.707184,0.108410,0.513043,0.113315,1.107767,0.132850,0.299203,0.619649
25.050000,1.608498,2.029996,2.051313,1.704295,1.992063,2.003109,2.037768,1.995327,0.107407,1.695891,0.109780,0.476726,0.114934,1.107787,0.132316,0.303016,0.623783
25.066667,1.586149,2.030004,2.051537,1.701820,1.992057,2.003178,2.037161,1.995110,0.106514,1.674712,0.111197,0.443289,0.117212,1.107792,0.131999,0.306991,0.628512
25.083333,1.561054,2.029994,2.051771,1.700231,1.992303,2.003290,2.036575,1.994871,0.106031,1.657520,0.112736,0.411935,0.119680,1.107796,0.132215,0.310328,0.635607
25.100000,1.532742,2.029970,2.052063,1.701092,1.993028,2.003430,2.036066,1.994606,0.105877,1.645189,0.114365,0.382639,0.122149,1.107812,0.132724,0.311122,0.641769
25.116667,1.503473,2.029944,2.052322,1.701800,1.993773,2.003577,2.035799,1.994369,0.106073,1.637382,0.115284,0.358598,0.124407,1.107836,0.134287,0.311063,0.648453
25.133333,1.476482,2.029961,2.052540,1.701230,1.994602,2.003772,2.035853,1.994167,0.108548,1.632404,0.115375,0.340620,0.124161,1.107873,0.136269,0.311007,0.657621
25.150000,1.469025,2.029669,2.052798,1.702686,1.995688,2.004025,2.035903,1.994000,0.109746,1.627426,0.116094,0.325486,0.123554,1.107848,0.136668,0.308332,0.669422
25.166667,1.459082,2.029380,2.053037,1.703897,1.996981,2.004299,2.035843,1.993848,0.109088,1.624194,0.117177,0.315303,0.123378,1.107830,0.135543,0.305844,0.680572
25.183333,1.444123,2.029310,2.053244,1.704747,1.998204,2.004558,2.035757,1.993703,0.107218,1.621837,0.117708,0.307779,0.124233,1.107841,0.133915,0.303739,0.690235
25.200000,1.431978,2.029266,2.053419,1.705428,1.999211,2.004768,2.035760,1.993576,0.106000,1.620630,0.118116,0.300091,0.124947,1.107853,0.132244,0.302043,0.697454
25.216667,1.422380,2.029233,2.053562,1.705909,2.000002,2.004958,2.035771,1.993458,0.106146,1.619648,0.118407,0.293793,0.125019,1.107857,0.131115,0.300771,0.703832
25.233333,1.412488,2.029172,2.053669,1.706191,2.000832,2.005172,2.035777,1.993372,0.106678,1.618996,0.119074,0.287360,0.124973,1.107862,0.129889,0.300016,0.711857
25.250000,1.402781,2.029079,2.053744,1.706361,2.001543,2.005381,2.035786,1.993309,0.107515,1.618583,0.119796,0.281428,0.125182,1.107861,0.129292,0.299597,0.719925
25.266667,1.392844,2.028959,2.053791,1.706460,2.002170,2.005594,2.035784,1.993263,0.108490,1.618220,0.120485,0.275777,0.125706,1.107857,0.129332,0.299364,0.728721
25.283333,1.384161,2.028831,2.053818,1.706515,2.002717,2.005823,2.035777,1.993224,0.109885,1.617901,0.121276,0.270674,0.126084,1.107846,0.129633,0.299201,0.738298
25.300000,1.377851,2.028714,2.053836,1.706548,2.003134,2.006029,2.035768,1.993186,0.111591,1.617666,0.121681,0.266218,0.126245,1.107830,0.130352,0.299100,0.747479
25.316667,1.372539,2.028596,2.053847,1.706567,2.003455,2.006195,2.035762,1.993144,0.112390,1.617507,0.121762,0.261369,0.127205,1.107813,0.131285,0.299023,0.755099
25.333333,1.365911,2.028455,2.053853,1.706576,2.003684,2.006308,2.035757,1.993096,0.112044,1.617390,0.121712,0.255034,0.128291,1.107804,0.131768,0.298934,0.759381
25.350000,1.357121,2.028284,2.053857,1.706579,2.003853,2.006390,2.035754,1.993046,0.111315,1.617316,0.121824,0.247596,0.129427,1.107805,0.132072,0.298850,0.761807
25.366667,1.348128,2.028117,2.053859,1.706581,2.003964,2.006444,2.035754,1.992987,0.110818,1.617313,0.122658,0.238910,0.130579,1.107811,0.132164,0.298793,0.763172
25.383333,1.338736,2.027988,2.053862,1.706583,2.004037,2.006479,2.035754,1.992932,0.110588,1.617323,0.124382,0.227300,0.131464,1.107826,0.131931,0.298758,0.763955
25.400000,1.342774,2.027937,2.053866,1.706586,2.004086,2.006503,2.035752,1.992885,0.110661,1.617349,0.125527,0.216582,0.131380,1.107829,0.131996,0.298736,0.764421
25.416667,1.348072,2.027910,2.053868,1.706588,2.004113,2.006517,2.035751,1.992858,0.110745,1.617370,0.126252,0.210114,0.131238,1.107827,0.132104,0.298722,0.764674
25.433333,1.350887,2.027889,2.053870,1.706589,2.004129,2.006525,2.035751,1.992844,0.110788,1.617384,0.126662,0.206865,0.131151,1.107824,0.132167,0.298714,0.764806
25.450000,1.352416,2.027877,2.053871,1.706590,2.004137,2.006529,2.035750,1.992836,0.110810,1.617393,0.126885,0.205182,0.131097,1.107822,0.132201,0.298709,0.764873
25.466667,1.353250,2.027867,2.053872,1.706590,2.004142,2.006533,2.035614,1.992910,0.110823,1.613588,0.126998,0.204295,0.131066,1.107819,0.132227,0.298706,0.764907
25.483333,1.353707,2.027857,2.053873,1.706591,2.004147,2.006537,2.035476,1.992768,0.110833,1.609600,0.127054,0.203827,0.131042,1.107815,0.132241,0.298705,0.764924
25.500000,1.353959,2.027849,2.053875,1.706593,2.003948,2.006512,2.035410,1.992414,0.110846,1.607486,0.127083,0.203581,0.131023,1.107811,0.132246,0.298707,0.764989
25.516667,1.354100,2.027841,2.053879,1.706598,2.003161,2.006406,2.035303,1.992263,0.110878,1.603583,0.127090,0.203450,0.131010,1.107806,0.132257,0.298715,0.765229
25.533333,1.354177,2.027831,2.053884,1.706605,2.002372,2.006309,2.035091,1.992371,0.110923,1.594529,0.127074,0.203371,0.130998,1.107801,0.132276,0.298726,0.765476
25.550000,1.354218,2.027818,2.053992,1.707274,2.002055,2.006315,2.034120,1.992388,0.110774,1.571447,0.127050,0.203321,0.131009,1.107797,0.132248,0.300143,0.778579
25.566667,1.354237,2.027805,2.054097,1.707929,2.001736,2.006328,2.032868,1.992392,0.110641,1.541643,0.127020,0.203287,0.131032,1.107794,0.132241,0.301480,0.791723
25.583333,1.354250,2.027794,2.054404,1.709493,2.001426,2.006341,2.031905,1.992266,0.110507,1.509941,0.127004,0.203270,0.131079,1.107791,0.132254,0.301742,0.805400
25.600000,1.354258,2.027783,2.054677,1.710807,2.001099,2.006431,2.031491,1.992028,0.110402,1.490661,0.126992,0.203262,0.131101,1.107787,0.132233,0.301935,0.818278
25.616667,1.354260,2.027771,2.054927,1.711953,2.000879,2.006549,2.031279,1.991862,0.110313,1.475497,0.126973,0.203252,0.131107,1.107781,0.132197,0.301994,0.830398
25.633333,1.354263,2.027760,2.055175,1.713100,2.000789,2.006671,2.031595,1.991690,0.109725,1.477160,0.127011,0.203246,0.131385,1.106511,0.131894,0.303366,0.842485
25.650000,1.354681,2.027750,2.055486,1.714870,2.000941,2.006817,2.032539,1.991520,0.108221,1.498259,0.127169,0.203387,0.132183,1.104565,0.131179,0.312336,0.857348
25.666667,1.361152,2.027927,2.057234,1.737847,2.001091,2.006959,2.033404,1.991358,0.107073,1.515726,0.127710,0.202761,0.132855,1.120721,0.130612,0.305829,0.870147
25.683333,1.372063,2.028221,2.059836,1.765668,2.003014,2.007018,2.034387,1.991268,0.106294,1.535369,0.128549,0.201392,0.133451,1.139667,0.130240,0.299088,0.861350
25.700000,1.380100,2.028551,2.062500,1.791499,2.005726,2.007110,2.035604,1.991449,0.105710,1.564155,0.129430,0.200592,0.134019,1.145242,0.129886,0.293520,0.850093
25.716667,1.385147,2.028852,2.063511,1.800537,2.008462,2.007236,2.036136,1.991132,0.105257,1.580141,0.130032,0.200158,0.134391,1.141569,0.129627,0.285997,0.841542
25.733333,1.388318,2.029140,2.063301,1.800422,2.010466,2.007391,2.036408,1.990457,0.104892,1.589380,0.130377,0.199939,0.134565,1.134648,0.129418,0.275274,0.840187
25.750000,1.390388,2.029421,2.062559,1.799242,2.011268,2.007507,2.036702,1.989614,0.104732,1.597205,0.130734,0.199878,0.134505,1.134101,0.128959,0.263039,0.832948
25.766667,1.391802,2.029693,2.061683,1.797998,2.011170,2.007536,2.037109,1.988564,0.104911,1.609927,0.130966,0.199903,0.134331,1.129324,0.128634,0.249155,0.801585
25.783333,1.392821,2.029946,2.060781,1.796948,2.010483,2.007528,2.037237,1.987407,0.105158,1.617789,0.131011,0.199949,0.134131,1.120182,0.128410,0.234523,0.762244
25.800000,1.393623,2.030196,2.059889,1.796119,2.009605,2.007532,2.036408,1.986081,0.104787,1.609893,0.131206,0.200041,0.134112,1.116485,0.127367,0.219748,0.720567
25.816667,1.394306,2.030441,2.058951,1.794495,2.008572,2.007543,2.035659,1.984284,0.104451,1.600329,0.131396,0.200156,0.134208,1.107145,0.126519,0.206709,0.679644
25.833333,1.394938,2.030690,2.057987,1.784125,2.007418,2.007550,2.035175,1.982821,0.104425,1.594300,0.131714,0.200304,0.133945,1.095124,0.125571,0.197542,0.640911
25.850000,1.395539,2.030930,2.056936,1.764613,2.006178,2.007553,2.034912,1.981908,0.104727,1.589316,0.132373,0.200510,0.132966,1.086395,0.123878,0.191092,0.603999
25.866667,1.396158,2.031186,2.055963,1.741225,2.004918,2.007563,2.034776,1.981333,0.104925,1.584529,0.132821,0.200675,0.132324,1.073973,0.122783,0.186420,0.570920
25.883333,1.396796,2.031447,2.054987,1.714394,2.003651,2.007564,2.034722,1.980971,0.105006,1.580006,0.133147,0.200815,0.131857,1.059974,0.121994,0.183496,0.541624
25.900000,1.397437,2.031695,2.054041,1.682393,2.002181,2.007536,2.034708,1.980699,0.105036,1.575856,0.133381,0.201001,0.131347,1.048146,0.121306,0.182783,0.515166
25.916667,1.406989,2.032036,2.053165,1.644024,2.002411,2.007490,2.034719,1.980485,0.104773,1.572114,0.134250,0.199522,0.131660,1.042134,0.121267,0.184261,0.491448
25.933333,1.423547,2.032557,2.052217,1.611022,2.002172,2.007468,2.034761,1.980264,0.104491,1.568927,0.134043,0.198896,0.132636,1.038656,0.121961,0.186155,0.471580
25.950000,1.443640,2.033174,2.052244,1.601877,2.001572,2.007485,2.034835,1.980035,0.104275,1.566375,0.133304,0.198632,0.134067,1.035672,0.123207,0.179771,0.454466
25.966667,1.457046,2.033683,2.051927,1.592506,2.001076,2.007357,2.034932,1.979782,0.105224,1.564568,0.132547,0.198524,0.135191,1.032653,0.125313,0.169356,0.438279
25.983333,1.463606,2.034104,2.050816,1.569860,2.001415,2.007234,2.035083,1.979459,0.106480,1.563692,0.131765,0.198840,0.136377,1.028463,0.127995,0.159035,0.430845
26.000000,1.470346,2.034597,2.049364,1.541044,2.002332,2.007155,2.035253,1.979101,0.107979,1.563351,0.130560,0.199787,0.137784,1.022346,0.131328,0.149019,0.428248
26.016667,1.479339,2.035305,2.047775,1.503106,2.001796,2.007114,2.035222,1.978999,0.109411,1.557637,0.128621,0.200656,0.138706,1.014159,0.134737,0.141956,0.428406
26.033333,1.479128,2.036385,2.045875,1.455565,1.999033,2.007008,2.035039,1.979196,0.110904,1.547711,0.126935,0.201340,0.138612,1.006295,0.137367,0.137375,0.422031
26.050000,1.470535,2.037327,2.043702,1.397746,1.996329,2.006857,2.034864,1.979449,0.112741,1.538113,0.125452,0.201640,0.138855,1.001992,0.140481,0.134683,0.407464
26.066667,1.470276,2.038108,2.041446,1.334147,1.993929,2.006715,2.034707,1.979721,0.114685,1.528854,0.124381,0.198816,0.139447,0.999839,0.143573,0.133514,0.395816
26.083333,1.474791,2.039000,2.039615,1.276619,1.991600,2.006489,2.034533,1.980029,0.117392,1.520226,0.123242,0.199925,0.137503,0.998783,0.144698,0.133062,0.385540
26.100000,1.477121,2.040265,2.038847,1.241075,1.989502,2.006266,2.034082,1.980577,0.120049,1.507168,0.122178,0.201766,0.135658,0.998360,0.145874,0.130970,0.373154
26.116667,1.480981,2.041676,2.038548,1.222974,1.987860,2.006107,2.033653,1.981080,0.123164,1.495356,0.121845,0.202882,0.133817,0.998266,0.146779,0.127032,0.363520
26.133333,1.486076,2.042881,2.038448,1.213180,1.986561,2.005880,2.033297,1.981498,0.124749,1.485763,0.121920,0.204418,0.132657,0.998302,0.146613,0.123737,0.356818
26.150000,1.490936,2.044126,2.038451,1.209850,1.986418,2.005692,2.032982,1.981866,0.124508,1.477409,0.122304,0.206381,0.132280,0.998385,0.145386,0.121784,0.355015
26.166667,1.504265,2.045500,2.038515,1.209083,1.986257,2.005395,2.032706,1.982182,0.124258,1.470227,0.122877,0.207586,0.132018,0.998446,0.144103,0.120664,0.354360
26.183333,1.516814,2.046869,2.038606,1.210341,1.987690,2.005199,2.032477,1.982449,0.123856,1.464271,0.123357,0.210747,0.132486,0.998504,0.142924,0.119776,0.361504
26.200000,1.531351,2.048218,2.038691,1.211539,1.989972,2.004955,2.032293,1.982665,0.123221,1.459512,0.124304,0.214922,0.133691,0.998517,0.141736,0.119189,0.373618
26.216667,1.545980,2.049338,2.038763,1.212483,1.992700,2.004740,2.032160,1.982831,0.122605,1.455951,0.125268,0.217168,0.134347,0.998512,0.140758,0.118811,0.388762
26.233333,1.541658,2.049331,2.038815,1.213064,1.994849,2.004609,2.032083,1.982963,0.121679,1.453581,0.126388,0.217039,0.134452,0.998452,0.139498,0.118598,0.403816
26.250000,1.546420,2.049724,2.038853,1.213312,1.995696,2.004613,2.032046,1.983028,0.120392,1.452340,0.126963,0.217148,0.134344,0.998348,0.137910,0.118409,0.416404
26.266667,1.556574,2.050323,2.038881,1.213435,1.996222,2.004637,2.032030,1.983052,0.119667,1.451686,0.127144,0.217368,0.134005,0.998343,0.136632,0.118276,0.424646
26.283333,1.567695,2.050955,2.038898,1.213519,1.996551,2.004631,2.032023,1.983055,0.119230,1.451352,0.126936,0.218003,0.133549,0.998390,0.135639,0.118173,0.428478
26.300000,1.574079,2.051257,2.038906,1.213575,1.996760,2.004537,2.032022,1.983055,0.119399,1.451176,0.126670,0.220701,0.132331,0.998369,0.135059,0.118116,0.427601
26.316667,1.580662,2.051340,2.038908,1.213614,1.997081,2.004388,2.032025,1.983055,0.119202,1.451080,0.126375,0.222706,0.130666,0.998312,0.134186,0.118078,0.427195
26.333333,1.592271,2.051597,2.038908,1.213644,1.997296,2.004204,2.032028,1.983057,0.118761,1.451017,0.125388,0.222990,0.128571,0.998239,0.133687,0.118084,0.425656
26.350000,1.600586,2.051794,2.038905,1.213666,1.997130,2.003983,2.032036,1.983064,0.118879,1.450959,0.124380,0.223168,0.126689,0.998180,0.133917,0.118130,0.423144
26.366667,1.605340,2.051911,2.038901,1.213685,1.996679,2.003744,2.032045,1.983074,0.118546,1.450907,0.123657,0.223437,0.125422,0.998132,0.133919,0.118197,0.420166
26.383333,1.608100,2.051981,2.038899,1.213705,1.996390,2.003484,2.032050,1.983080,0.117307,1.450871,0.123350,0.223613,0.125169,0.998105,0.133447,0.118256,0.417227
26.400000,1.609741,2.052022,2.038897,1.213725,1.995817,2.003210,2.032053,1.983084,0.116622,1.450857,0.123191,0.223676,0.125045,0.998092,0.133219,0.118300,0.413586
26.416667,1.610763,2.052046,2.038896,1.213745,1.995117,2.002942,2.032055,1.983086,0.116244,1.450852,0.123105,0.223673,0.124979,0.998085,0.133122,0.118338,0.409582
26.433333,1.611442,2.052061,2.038896,1.213765,1.994393,2.002693,2.032057,1.983088,0.116018,1.450852,0.123057,0.223634,0.124947,0.998082,0.133086,0.118373,0.405444
26.450000,1.611940,2.052067,2.038974,1.214235,1.994031,2.002477,2.031963,1.982975,0.115817,1.450672,0.122899,0.223732,0.124664,1.001516,0.133018,0.119789,0.404435
26.466667,1.612298,2.052070,2.039135,1.215170,1.993813,2.002230,2.031733,1.982671,0.115605,1.450245,0.122587,0.224064,0.124032,1.009989,0.132934,0.122736,0.405101
26.483333,1.612512,2.052074,2.040325,1.250738,1.994068,2.002025,2.031521,1.982410,0.115396,1.449857,0.122273,0.224480,0.123421,1.017836,0.132920,0.121358,0.410875
26.500000,1.612686,2.052078,2.042158,1.303709,1.994526,2.001813,2.031315,1.982156,0.115241,1.449486,0.121727,0.225234,0.122480,1.027425,0.133090,0.119458,0.418631
26.516667,1.612837,2.052086,2.043566,1.353596,1.995022,2.001636,2.031132,1.981925,0.115142,1.449164,0.121177,0.226115,0.121551,1.037115,0.133406,0.115923,0.427272
26.533333,1.619429,2.052458,2.044644,1.400361,1.995234,2.001462,2.030956,1.981653,0.115216,1.448868,0.119523,0.229173,0.120966,1.048308,0.134597,0.111400,0.434680
26.550000,1.626288,2.052856,2.045685,1.448241,1.995504,2.001360,2.030778,1.981423,0.116044,1.448561,0.118213,0.232867,0.119535,1.089019,0.135199,0.106903,0.443632
26.566667,1.634650,2.053328,2.046619,1.497919,1.995841,2.001319,2.030568,1.981368,0.117376,1.448177,0.116548,0.238085,0.117784,1.152951,0.135573,0.100370,0.454505
26.583333,1.647365,2.054072,2.047535,1.544702,1.996239,2.001325,2.030467,1.981273,0.118477,1.451970,0.114572,0.245420,0.116225,1.193197,0.135666,0.093957,0.467906
26.600000,1.661654,2.054909,2.048461,1.588385,1.996721,2.001374,2.031050,1.981162,0.118059,1.478562,0.112908,0.253619,0.115340,1.195847,0.134318,0.091870,0.484206
26.616667,1.680604,2.055850,2.049224,1.632544,1.997297,2.001471,2.031597,1.981062,0.116598,1.503047,0.111655,0.262717,0.114601,1.145464,0.131865,0.091442,0.503099
26.633333,1.705784,2.056752,2.049655,1.670987,1.997851,2.001545,2.032119,1.981488,0.115049,1.524680,0.111960,0.260239,0.113473,1.104217,0.128508,0.092612,0.519658
26.650000,1.733908,2.057882,2.049958,1.707134,1.998284,2.001592,2.032576,1.982251,0.113471,1.541039,0.113076,0.254717,0.112861,1.062527,0.125089,0.095030,0.532974
26.666667,1.761655,2.059075,2.050126,1.739803,1.998488,2.001618,2.033300,1.983639,0.112260,1.555433,0.113616,0.253962,0.112549,1.030710,0.123858,0.099396,0.542510
26.683333,1.792107,2.061277,2.050717,1.769302,1.998662,2.001629,2.033984,1.985108,0.110976,1.567154,0.114180,0.252125,0.112153,1.004581,0.122461,0.103515,0.549333
26.700000,1.810621,2.061362,2.052879,1.801314,1.999019,2.001642,2.034575,1.986516,0.109368,1.575714,0.115312,0.249609,0.112223,0.992072,0.121342,0.108087,0.559448
26.716667,1.816487,2.060036,2.055986,1.830373,2.000125,2.001624,2.035288,1.987350,0.107837,1.587051,0.117424,0.246785,0.112027,0.980629,0.119838,0.116347,0.571192
26.733333,1.823969,2.058678,2.059553,1.855814,2.000722,2.001608,2.036795,1.988025,0.107083,1.615008,0.118578,0.246024,0.111297,0.973521,0.118420,0.127126,0.578069
26.750000,1.831693,2.057379,2.063539,1.881051,2.000231,2.001632,2.038869,1.988503,0.106836,1.650452,0.119331,0.246322,0.110153,0.966105,0.116885,0.139912,0.584737
26.766667,1.838654,2.056120,2.066096,1.901146,1.999743,2.001688,2.040108,1.988757,0.106051,1.668450,0.120059,0.247234,0.109289,0.965157,0.115007,0.153356,0.591605
26.783333,1.843625,2.055323,2.066302,1.911661,1.999282,2.001766,2.041191,1.988833,0.105127,1.683156,0.120409,0.249520,0.108371,0.971172,0.112932,0.170270,0.598191
26.800000,1.845528,2.054812,2.065795,1.916909,1.998765,2.001850,2.041662,1.988804,0.104423,1.688096,0.120089,0.253298,0.107492,0.985493,0.111236,0.188912,0.604346
26.816667,1.841055,2.054411,2.063600,1.912184,1.998324,2.001910,2.041754,1.988701,0.104507,1.687698,0.118545,0.259163,0.106746,1.003066,0.110896,0.199807,0.613237
26.833333,1.832150,2.054039,2.060442,1.900667,1.997917,2.001951,2.041610,1.988549,0.105023,1.684335,0.116228,0.267407,0.106058,1.014994,0.111272,0.206588,0.622788
26.850000,1.816434,2.053435,2.056924,1.885018,1.997483,2.001980,2.041377,1.988356,0.105588,1.679779,0.113863,0.275774,0.105800,1.023465,0.112021,0.211273,0.631705
26.866667,1.794147,2.052573,2.053844,1.869210,1.997311,2.002014,2.041199,1.988123,0.105975,1.676970,0.111821,0.283307,0.106102,1.030462,0.112937,0.214434,0.645865
26.883333,1.768022,2.051648,2.051107,1.854439,1.997343,2.002065,2.040787,1.987842,0.106269,1.670505,0.110032,0.290953,0.106868,1.037181,0.114039,0.216506,0.666746
26.900000,1.736687,2.050652,2.048912,1.841551,1.997350,2.002110,2.039366,1.987565,0.106545,1.643178,0.108752,0.298013,0.107815,1.042699,0.115172,0.218165,0.685982
26.916667,1.696318,2.049633,2.046933,1.828987,1.997432,2.002165,2.037570,1.987339,0.106776,1.604133,0.108656,0.301209,0.108591,1.046691,0.116061,0.219755,0.706688
26.933333,1.664409,2.047917,2.045541,1.815546,1.997481,2.002229,2.036104,1.987068,0.107024,1.570953,0.110312,0.281655,0.109572,1.048914,0.116923,0.222870,0.726696
26.950000,1.634626,2.046286,2.044831,1.804544,1.997931,2.002280,2.035458,1.986744,0.107313,1.558224,0.112353,0.258278,0.110514,1.050167,0.117921,0.226194,0.735353
26.966667,1.605474,2.044668,2.044566,1.797297,1.998123,2.002318,2.035187,1.986392,0.107855,1.555084,0.114834,0.236427,0.111145,1.050889,0.118852,0.228430,0.742983
26.983333,1.575888,2.043165,2.044566,1.791923,1.998608,2.002381,2.035070,1.986005,0.107665,1.555866,0.117681,0.222388,0.112918,1.051304,0.119965,0.234141,0.752923
27.000000,1.550381,2.041790,2.044655,1.787468,1.999202,2.002455,2.034938,1.985579,0.107077,1.556523,0.120213,0.212192,0.115555,1.051569,0.121250,0.239080,0.762259
27.016667,1.522474,2.040360,2.044793,1.783552,1.999700,2.002517,2.034782,1.985143,0.106805,1.556761,0.123122,0.203130,0.117835,1.051754,0.122597,0.243248,0.769194
27.033333,1.493131,2.039201,2.044949,1.780039,2.000094,2.002572,2.034487,1.984693,0.106708,1.552868,0.126410,0.196116,0.119719,1.051874,0.123865,0.246936,0.774914
27.050000,1.457179,2.038029,2.045130,1.776730,2.000477,2.002621,2.033808,1.984256,0.106698,1.537176,0.128888,0.191441,0.121341,1.051979,0.125002,0.250313,0.779499
27.066667,1.416162,2.037025,2.045344,1.774317,2.001119,2.002691,2.033045,1.983829,0.107397,1.519663,0.130011,0.190095,0.122604,1.052038,0.125465,0.253285,0.784523
27.083333,1.374009,2.035684,2.045643,1.775031,2.001763,2.002787,2.032451,1.983382,0.108144,1.507310,0.132209,0.186912,0.123551,1.052136,0.125581,0.255142,0.792002
27.100000,1.335741,2.034670,2.045937,1.776278,2.002452,2.002882,2.032012,1.982945,0.108616,1.498963,0.134089,0.186046,0.125032,1.052137,0.125910,0.255683,0.798798
27.116667,1.310212,2.034229,2.046171,1.776152,2.003273,2.002977,2.031660,1.982521,0.108877,1.493161,0.134954,0.185841,0.127087,1.052078,0.126347,0.255890,0.803585
27.133333,1.293703,2.034116,2.046355,1.775189,2.004114,2.003094,2.031373,1.982136,0.109429,1.488843,0.135331,0.186041,0.128342,1.052013,0.126984,0.256059,0.809148
27.150000,1.284674,2.034133,2.046516,1.773888,2.005015,2.003243,2.031216,1.981758,0.109848,1.485686,0.136774,0.185199,0.129182,1.051945,0.127131,0.256196,0.815946
27.166667,1.275986,2.034124,2.046653,1.772548,2.005932,2.003404,2.031219,1.981346,0.110174,1.478951,0.138114,0.185627,0.129688,1.051865,0.127182,0.256339,0.824069
27.183333,1.267525,2.034188,2.046773,1.771315,2.006789,2.003546,2.031195,1.980973,0.110299,1.471468,0.138704,0.186698,0.130058,1.051799,0.127067,0.256467,0.830715
27.200000,1.283245,2.034669,2.046870,1.770263,2.007545,2.003690,2.031138,1.980676,0.110555,1.467082,0.139483,0.185161,0.130726,1.051739,0.127275,0.256584,0.837747
27.216667,1.303867,2.035018,2.046951,1.769461,2.008406,2.003869,2.031074,1.980454,0.110911,1.464359,0.140512,0.183153,0.131286,1.051676,0.127410,0.256693,0.846288
27.233333,1.330663,2.035455,2.047016,1.768919,2.009189,2.004055,2.031026,1.980309,0.111472,1.462742,0.141269,0.180885,0.132012,1.051611,0.127682,0.256780,0.855102
27.250000,1.316868,2.035366,2.047064,1.768623,2.009736,2.004200,2.030994,1.980219,0.111912,1.460585,0.141546,0.180773,0.132418,1.051619,0.128000,0.256805,0.861844
27.266667,1.303801,2.035259,2.047092,1.768468,2.010093,2.004300,2.030975,1.980159,0.111840,1.459199,0.142164,0.180207,0.132993,1.051632,0.127983,0.256805,0.866629
27.283333,1.293552,2.035246,2.047106,1.768385,2.010294,2.004358,2.030965,1.980121,0.111844,1.458444,0.143020,0.178520,0.134063,1.051651,0.128118,0.256805,0.869304
27.300000,1.285945,2.035227,2.047115,1.768341,2.010418,2.004392,2.030960,1.980096,0.111919,1.458040,0.143708,0.177244,0.134779,1.051667,0.128113,0.256799,0.870804
27.316667,1.281761,2.035214,2.047119,1.768319,2.010484,2.004411,2.030957,1.980083,0.111963,1.457838,0.144085,0.176553,0.135177,1.051675,0.128110,0.256794,0.871609
27.333333,1.279565,2.035207,2.047122,1.768308,2.010519,2.004421,2.030956,1.980076,0.111987,1.457734,0.144285,0.176178,0.135396,1.051679,0.128108,0.256789,0.872037
27.350000,1.278457,2.035205,2.047123,1.768303,2.010538,2.004426,2.030956,1.980072,0.112001,1.457682,0.144391,0.175971,0.135518,1.051680,0.128107,0.256785,0.872261
27.366667,1.277949,2.035207,2.047124,1.768301,2.010547,2.004429,2.030956,1.980071,0.112007,1.457657,0.144446,0.175856,0.135585,1.051681,0.128108,0.256781,0.872375
27.383333,1.277721,2.035209,2.047167,1.768526,2.010559,2.004435,2.030955,1.980069,0.111918,1.457645,0.144470,0.175790,0.135600,1.051681,0.127993,0.258071,0.872443
27.400000,1.277601,2.035209,2.047237,1.768901,2.010572,2.004443,2.030952,1.980067,0.111770,1.457638,0.144482,0.175753,0.135579,1.051682,0.127802,0.260223,0.872487
27.416667,1.277550,2.035209,2.047312,1.769301,2.010585,2.004452,2.030950,1.980064,0.111611,1.457635,0.144486,0.175733,0.135546,1.051682,0.127592,0.262489,0.872520
27.433333,1.277525,2.035208,2.047373,1.769634,2.010597,2.004459,2.030948,1.980063,0.111478,1.457634,0.144485,0.175722,0.135515,1.051681,0.127413,0.264356,0.872542
27.450000,1.277509,2.035208,2.047406,1.769816,2.010603,2.004464,2.030947,1.980061,0.111408,1.457635,0.144484,0.175718,0.135497,1.051681,0.127315,0.265371,0.872551
27.466667,1.277506,2.035207,2.047425,1.769916,2.010607,2.004466,2.030946,1.980061,0.111370,1.457637,0.144482,0.175717,0.135487,1.051680,0.127261,0.265920,0.872553
27.483333,1.277510,2.035207,2.047434,1.769970,2.010609,2.004467,2.030945,1.980061,0.111350,1.457639,0.144481,0.175716,0.135481,1.051679,0.127232,0.266216,0.872551
27.500000,1.277516,2.035207,2.047440,1.770000,2.010609,2.004467,2.030945,1.980060,0.111340,1.457642,0.144480,0.175717,0.135477,1.051679,0.127217,0.266375,0.872548
27.516667,1.277515,2.035201,2.047446,1.770021,2.010004,2.004410,2.030709,1.980543,0.111373,1.449488,0.144468,0.175704,0.135477,1.051675,0.127220,0.266470,0.872851
27.533333,1.277512,2.035193,2.047526,1.770452,2.009733,2.004412,2.030470,1.980880,0.111235,1.441100,0.144453,0.175688,0.135471,1.051678,0.127155,0.267529,0.883909
27.550000,1.277505,2.035181,2.047607,1.770891,2.009510,2.004420,2.030326,1.980356,0.111091,1.435790,0.144440,0.175675,0.135461,1.051680,0.127080,0.268545,0.895512
27.566667,1.277498,2.035169,2.047859,1.772462,2.009364,2.004438,2.030171,1.980292,0.110938,1.430341,0.144424,0.175660,0.135452,1.051682,0.127010,0.268502,0.908778
27.583333,1.277498,2.035157,2.048200,1.774469,2.010818,2.004468,2.029996,1.980473,0.110704,1.424170,0.144409,0.175657,0.135435,1.047803,0.126923,0.275640,0.911743
27.600000,1.277498,2.035140,2.048737,1.777157,2.012649,2.004559,2.029947,1.980844,0.110352,1.414735,0.144386,0.175659,0.135403,1.040404,0.126771,0.289783,0.918529
27.616667,1.277494,2.035121,2.049633,1.779891,2.013491,2.004582,2.029938,1.981238,0.110192,1.405955,0.144357,0.175655,0.135367,1.033514,0.126695,0.301678,0.912918
27.633333,1.277500,2.035108,2.050472,1.782356,2.014257,2.004658,2.029837,1.981343,0.110776,1.398705,0.144263,0.175647,0.134719,1.055343,0.126617,0.316158,0.903907
27.650000,1.277620,2.035103,2.051281,1.785260,2.015826,2.004859,2.030081,1.981112,0.112047,1.402834,0.143780,0.176301,0.132704,1.081840,0.126809,0.332658,0.894700
27.666667,1.278367,2.035442,2.052972,1.803297,2.017148,2.005087,2.030832,1.980684,0.112784,1.422611,0.142802,0.177174,0.131302,1.095105,0.127399,0.333435,0.889209
27.683333,1.279171,2.035842,2.054921,1.824136,2.018415,2.005335,2.031288,1.980315,0.113051,1.430868,0.142138,0.177798,0.130589,1.102949,0.127704,0.333645,0.885798
27.700000,1.279811,2.036180,2.056970,1.845200,2.019634,2.005599,2.031565,1.979943,0.113050,1.432946,0.141754,0.178219,0.130181,1.113452,0.127840,0.333877,0.883359
27.716667,1.280375,2.036495,2.059207,1.866687,2.020554,2.005884,2.031714,1.979616,0.112897,1.430855,0.141522,0.178533,0.129937,1.120048,0.127860,0.332278,0.886901
27.733333,1.280898,2.036797,2.059098,1.872226,2.020863,2.006096,2.031751,1.979384,0.112866,1.425223,0.141377,0.178782,0.129788,1.123235,0.127859,0.320843,0.893593
27.750000,1.281440,2.037103,2.058555,1.874267,2.021090,2.006245,2.032208,1.979438,0.112870,1.432918,0.141234,0.179111,0.129721,1.127794,0.127784,0.306453,0.901519
27.766667,1.282504,2.037458,2.057771,1.874625,2.021277,2.006351,2.033005,1.979953,0.112904,1.450497,0.140789,0.179760,0.129715,1.134802,0.127714,0.290793,0.910155
27.783333,1.283721,2.037797,2.056881,1.874302,2.021467,2.006430,2.033277,1.980420,0.112947,1.453481,0.140544,0.180174,0.129729,1.133560,0.127686,0.274568,0.919062
27.800000,1.284609,2.038113,2.056108,1.872097,2.021582,2.006484,2.033288,1.980409,0.112998,1.450193,0.140414,0.180499,0.129742,1.126862,0.127674,0.258698,0.927533
27.816667,1.285319,2.038411,2.055669,1.866122,2.021333,2.006590,2.033053,1.979518,0.112956,1.444025,0.140361,0.180785,0.129759,1.117401,0.127648,0.244568,0.930880
27.833333,1.285937,2.038705,2.055441,1.858055,2.020044,2.006690,2.032880,1.978851,0.112958,1.437673,0.140352,0.181048,0.129779,1.101730,0.127662,0.231776,0.920370
27.850000,1.286478,2.038978,2.055330,1.848534,2.017831,2.006764,2.032772,1.978430,0.113027,1.431609,0.140372,0.181294,0.129803,1.078862,0.127715,0.220264,0.898643
27.866667,1.287016,2.039266,2.055297,1.840855,2.015097,2.006829,2.032708,1.978129,0.113095,1.425975,0.140413,0.181544,0.129829,1.051345,0.127774,0.210242,0.872361
27.883333,1.287610,2.039564,2.055068,1.830168,2.012077,2.006883,2.032671,1.977908,0.113162,1.420836,0.140454,0.181758,0.129863,1.031115,0.127889,0.205090,0.844959
27.900000,1.288183,2.039834,2.054906,1.820770,2.008832,2.006934,2.032657,1.977722,0.113179,1.416284,0.140488,0.181929,0.129888,1.016494,0.127979,0.204279,0.818632
27.916667,1.281962,2.039711,2.054817,1.812442,2.005336,2.006976,2.032667,1.977537,0.113119,1.412429,0.140727,0.182292,0.129934,1.004155,0.128015,0.206016,0.794620
27.933333,1.250519,2.038634,2.055146,1.797006,2.002094,2.007012,2.032709,1.977335,0.112998,1.409429,0.141418,0.184362,0.130033,0.992750,0.128006,0.209817,0.776309
27.950000,1.228724,2.037996,2.055073,1.775100,1.999599,2.007378,2.032804,1.977082,0.112855,1.407738,0.142500,0.185035,0.130200,0.981196,0.127979,0.215440,0.763811
27.966667,1.218725,2.037355,2.054441,1.750895,1.996812,2.007777,2.032920,1.976721,0.112943,1.407029,0.144700,0.181489,0.132103,0.964389,0.128464,0.222532,0.757518
27.983333,1.198119,2.036424,2.054368,1.733229,1.993757,2.008108,2.033071,1.976356,0.113569,1.406809,0.146548,0.180156,0.134066,0.937374,0.129654,0.225816,0.752364
28.000000,1.193406,2.036309,2.054739,1.719959,1.991265,2.008406,2.032875,1.976499,0.114238,1.396052,0.149018,0.177538,0.135629,0.904583,0.130719,0.229282,0.742405
28.016667,1.202488,2.036733,2.054172,1.704083,1.989924,2.008496,2.032650,1.976766,0.115112,1.384349,0.148695,0.175401,0.136180,0.882645,0.132411,0.221322,0.730536
28.033333,1.213263,2.037310,2.053207,1.682592,1.989265,2.008545,2.032435,1.977075,0.115794,1.373013,0.146797,0.174465,0.136335,0.867539,0.134082,0.212980,0.722307
28.050000,1.218751,2.037707,2.052142,1.658022,1.988025,2.008494,2.032219,1.977405,0.116490,1.361882,0.145193,0.174422,0.136048,0.852271,0.135405,0.205509,0.715602
28.066667,1.221945,2.038021,2.050846,1.629974,1.987014,2.008347,2.031877,1.977864,0.115467,1.349680,0.144203,0.174493,0.136671,0.843532,0.135667,0.198324,0.717022
28.083333,1.224549,2.038298,2.049241,1.598304,1.985257,2.008030,2.031272,1.978523,0.113377,1.332390,0.143599,0.174958,0.137969,0.847972,0.135935,0.191067,0.717539
28.100000,1.226397,2.038524,2.047708,1.565937,1.984387,2.007669,2.030751,1.979087,0.111484,1.318277,0.143897,0.175469,0.139748,0.846696,0.136308,0.184413,0.720393
28.116667,1.228863,2.038764,2.046972,1.545433,1.983585,2.007249,2.030288,1.979563,0.110365,1.306200,0.144577,0.176839,0.140410,0.844788,0.136440,0.177669,0.717078
28.133333,1.235128,2.039271,2.046733,1.533555,1.983154,2.006776,2.029836,1.979985,0.109533,1.295200,0.143451,0.178561,0.141109,0.841382,0.137362,0.173488,0.712516
28.150000,1.242608,2.039934,2.046695,1.527681,1.983347,2.006386,2.029427,1.980351,0.107912,1.285600,0.141893,0.180796,0.141604,0.836545,0.137815,0.172008,0.713803
28.166667,1.252159,2.040919,2.046755,1.524717,1.982682,2.005998,2.029066,1.980665,0.106357,1.277366,0.141009,0.182152,0.141984,0.831368,0.137557,0.171861,0.716112
28.183333,1.258493,2.041779,2.046855,1.523277,1.982246,2.005622,2.028759,1.980930,0.105281,1.270495,0.139901,0.184224,0.142337,0.826403,0.136690,0.172317,0.720768
28.200000,1.260073,2.042303,2.046943,1.521886,1.983598,2.005423,2.028502,1.981157,0.104322,1.264345,0.139622,0.187292,0.142097,0.821931,0.134887,0.173009,0.732026
28.216667,1.253452,2.042359,2.047024,1.520938,1.985991,2.005270,2.028295,1.981321,0.103037,1.258260,0.140436,0.190170,0.142329,0.818283,0.132874,0.173652,0.749746
28.233333,1.249379,2.042452,2.047107,1.520913,1.988043,2.005183,2.028169,1.981428,0.102046,1.254232,0.140815,0.193038,0.141380,0.815290,0.131622,0.174064,0.761674
28.250000,1.245559,2.042392,2.047192,1.521144,1.990138,2.005087,2.028100,1.981489,0.101064,1.251949,0.141830,0.194637,0.140578,0.813049,0.129838,0.174336,0.772435
28.266667,1.237521,2.042120,2.047255,1.521394,1.992421,2.004938,2.028066,1.981520,0.099990,1.250734,0.143568,0.194748,0.141221,0.811659,0.128306,0.174451,0.787883
28.283333,1.234065,2.042023,2.047291,1.521543,1.993950,2.004803,2.028050,1.981540,0.098672,1.250065,0.144882,0.194639,0.141956,0.810889,0.127209,0.174557,0.798088
28.300000,1.234490,2.042022,2.047307,1.521629,1.996167,2.004633,2.028044,1.981554,0.096574,1.249681,0.145906,0.194214,0.143821,0.810446,0.126960,0.174661,0.809421
28.316667,1.235077,2.042040,2.047317,1.521686,1.998066,2.004379,2.028040,1.981563,0.095128,1.249486,0.146436,0.194127,0.145488,0.810201,0.127568,0.174716,0.822399
28.333333,1.236648,2.042106,2.047323,1.521727,2.000013,2.004080,2.028035,1.981567,0.095149,1.249395,0.146777,0.194278,0.146211,0.810069,0.128575,0.174727,0.839297
28.350000,1.238003,2.042168,2.047327,1.521758,2.001891,2.003749,2.028030,1.981571,0.096101,1.249356,0.147238,0.194642,0.146196,0.809990,0.129517,0.174731,0.856828
28.366667,1.238797,2.042208,2.047330,1.521785,2.003300,2.003424,2.028026,1.981574,0.097285,1.249343,0.147715,0.195009,0.146012,0.809943,0.130373,0.174741,0.870547
28.383333,1.239236,2.042230,2.047332,1.521810,2.003805,2.003178,2.028024,1.981576,0.097991,1.249341,0.147995,0.195217,0.145901,0.809922,0.130876,0.174754,0.876463
28.400000,1.239482,2.042242,2.047333,1.521830,2.003896,2.002988,2.028024,1.981578,0.098423,1.249342,0.148154,0.195330,0.145835,0.809914,0.131162,0.174770,0.877658
28.416667,1.239613,2.042249,2.047335,1.521848,2.003820,2.002847,2.028024,1.981578,0.098678,1.249345,0.148246,0.195391,0.145797,0.809914,0.131327,0.174785,0.877043
28.433333,1.239681,2.042252,2.047345,1.521909,2.003772,2.002756,2.028024,1.981578,0.098809,1.249349,0.148299,0.195422,0.145766,0.809924,0.131402,0.175177,0.878429
28.450000,1.239712,2.042251,2.047386,1.522131,2.003841,2.002699,2.028024,1.981577,0.098838,1.249351,0.148322,0.195435,0.145725,0.809958,0.131381,0.176876,0.886426
28.466667,1.239734,2.042253,2.047424,1.522329,2.003819,2.002642,2.027966,1.981404,0.098838,1.249008,0.148338,0.195449,0.145694,0.809987,0.131352,0.178349,0.892658
28.483333,1.239755,2.042260,2.047659,1.528927,2.003713,2.002594,2.027872,1.981131,0.098843,1.248517,0.148358,0.195469,0.145695,0.809996,0.131366,0.176659,0.895698
28.500000,1.239771,2.042266,2.047792,1.532730,2.003653,2.002567,2.027788,1.980926,0.098845,1.248120,0.148371,0.195484,0.145697,0.810001,0.131376,0.175665,0.897312
28.516667,1.239767,2.042274,2.047872,1.535025,2.003617,2.002549,2.027686,1.980689,0.098808,1.247708,0.148374,0.195471,0.145699,0.814518,0.131344,0.175041,0.898164
28.533333,1.243006,2.042504,2.047993,1.536835,2.003589,2.002532,2.027574,1.980453,0.099078,1.247310,0.147395,0.196810,0.145051,0.843812,0.131210,0.176360,0.898633
28.550000,1.250377,2.042914,2.048060,1.537816,2.003570,2.002520,2.027458,1.980211,0.099575,1.246919,0.145932,0.198344,0.144038,0.873633,0.131327,0.177123,0.898908
28.566667,1.258749,2.043339,2.047585,1.536127,2.003928,2.002522,2.027337,1.979953,0.100299,1.246547,0.145127,0.199018,0.142915,0.899539,0.131233,0.177504,0.898460
28.583333,1.273672,2.044069,2.046147,1.524521,2.004536,2.002535,2.027281,1.979684,0.101110,1.248125,0.144006,0.199565,0.142527,0.918822,0.131433,0.178925,0.897555
28.600000,1.295947,2.045092,2.045639,1.531025,2.004913,2.002530,2.027556,1.979413,0.102292,1.259367,0.140846,0.200245,0.142651,0.931960,0.133739,0.177143,0.896697
28.616667,1.321068,2.046262,2.045400,1.534601,2.005096,2.002439,2.027829,1.979134,0.103233,1.270845,0.137692,0.201176,0.143299,0.943214,0.136055,0.177699,0.896193
28.633333,1.348497,2.047545,2.045317,1.536826,2.004939,2.002358,2.028255,1.978861,0.103984,1.288730,0.135125,0.202250,0.144698,0.954910,0.138040,0.179435,0.895972
28.650000,1.374919,2.048798,2.045616,1.539278,2.003506,2.002342,2.028756,1.978542,0.102901,1.309321,0.133609,0.203570,0.147583,0.969312,0.138906,0.184312,0.901192
28.666667,1.398876,2.050022,2.046423,1.543974,2.002500,2.002318,2.029267,1.978591,0.101824,1.328847,0.132662,0.205180,0.151367,0.984447,0.140738,0.191867,0.922308
28.683333,1.419474,2.051172,2.047710,1.561845,2.001667,2.002281,2.029989,1.979438,0.101462,1.352491,0.132720,0.207716,0.153151,1.002080,0.140679,0.195257,0.940787
28.700000,1.437451,2.052188,2.049868,1.593825,2.000865,2.002233,2.031341,1.980858,0.101248,1.393095,0.131775,0.209602,0.153091,1.035508,0.140549,0.202456,0.957568
28.716667,1.455810,2.053175,2.052854,1.635058,2.000098,2.002183,2.032825,1.982816,0.100736,1.433692,0.131106,0.209945,0.152332,1.084198,0.139687,0.214190,0.973980
28.733333,1.474194,2.054348,2.056783,1.683828,1.999351,2.002127,2.034824,1.984450,0.100002,1.476242,0.130195,0.213221,0.151709,1.140473,0.138650,0.229123,0.990113
28.750000,1.487852,2.055672,2.060405,1.722235,1.998608,2.002076,2.037363,1.985562,0.099389,1.523867,0.129305,0.216058,0.150849,1.178243,0.137666,0.242722,1.005304
28.766667,1.477686,2.054749,2.063573,1.751395,1.998014,2.002029,2.039946,1.986005,0.098986,1.569898,0.128455,0.219546,0.149987,1.199707,0.136639,0.254235,1.020339
28.783333,1.471797,2.053491,2.067085,1.780763,1.997538,2.001993,2.040278,1.986157,0.098611,1.573356,0.128680,0.218587,0.148706,1.211125,0.134646,0.267148,1.034983
28.800000,1.462735,2.052013,2.067704,1.793190,1.997230,2.001952,2.040109,1.986194,0.098164,1.567010,0.129785,0.216962,0.147738,1.217176,0.132070,0.272397,1.048678
28.816667,1.454257,2.050577,2.067697,1.800531,1.997369,2.001866,2.039668,1.986188,0.097903,1.557539,0.130142,0.215630,0.146106,1.227355,0.129772,0.275088,1.049332
28.833333,1.445982,2.049148,2.067374,1.805989,1.998433,2.001660,2.039330,1.986093,0.098615,1.554729,0.130553,0.214406,0.144297,1.236471,0.128015,0.276996,1.008967
28.850000,1.436390,2.047699,2.067000,1.811830,1.998492,2.001449,2.039174,1.985913,0.099577,1.557053,0.131117,0.213062,0.142310,1.242426,0.126163,0.279493,0.958984
28.866667,1.423387,2.046349,2.066610,1.818127,1.999159,2.001257,2.039102,1.985673,0.100387,1.559661,0.132032,0.211261,0.140119,1.245557,0.124034,0.282752,0.925511
28.883333,1.408418,2.045084,2.066344,1.826199,2.000370,2.001090,2.038364,1.985406,0.101007,1.551965,0.133128,0.209407,0.137813,1.247186,0.121796,0.287761,0.901902
28.900000,1.393564,2.043907,2.066758,1.840992,2.001639,2.000947,2.036791,1.985196,0.101293,1.529122,0.133724,0.207959,0.135460,1.247989,0.120114,0.298377,0.883381
28.916667,1.379016,2.042794,2.068078,1.858801,2.003127,2.000829,2.035288,1.984947,0.101273,1.506963,0.134074,0.206928,0.133059,1.248339,0.118685,0.312958,0.869007
28.933333,1.363678,2.041696,2.070074,1.876949,2.004583,2.000738,2.033920,1.984666,0.100973,1.483276,0.134468,0.206170,0.130740,1.248455,0.117378,0.334798,0.857568
28.950000,1.346693,2.040583,2.073325,1.899757,2.005958,2.000680,2.033019,1.984324,0.100333,1.465343,0.135162,0.205488,0.128611,1.248466,0.116088,0.362329,0.848013
28.966667,1.327737,2.039493,2.073584,1.913986,2.007497,2.000679,2.032431,1.983945,0.099617,1.452462,0.136503,0.204447,0.126526,1.248453,0.114951,0.388861,0.840992
28.983333,1.307028,2.038394,2.073149,1.920559,2.009854,2.000717,2.032002,1.983520,0.099355,1.442507,0.138436,0.202832,0.124670,1.248468,0.114755,0.407469,0.847894
29.000000,1.285147,2.037407,2.071987,1.919645,2.012722,2.000778,2.031651,1.983065,0.099642,1.434353,0.139387,0.202573,0.123085,1.248506,0.115398,0.409220,0.865822
29.016667,1.262307,2.036556,2.070458,1.912572,2.015699,2.000833,2.031349,1.982586,0.100133,1.427271,0.138207,0.202798,0.123351,1.248530,0.117046,0.405314,0.891588
29.033333,1.250741,2.035727,2.068505,1.899529,2.019740,2.000914,2.031076,1.982106,0.100041,1.420972,0.138546,0.200980,0.123808,1.248522,0.117019,0.404534,0.939739
29.050000,1.245412,2.035073,2.066276,1.882581,2.024199,2.000999,2.030818,1.981619,0.098953,1.415252,0.139333,0.199187,0.124817,1.248498,0.115179,0.402769,0.989952
29.066667,1.240508,2.034429,2.064238,1.867115,2.026390,2.001058,2.030573,1.981126,0.098275,1.410044,0.140626,0.197106,0.126561,1.248479,0.113221,0.391089,1.013473
29.083333,1.234778,2.033758,2.062996,1.857582,2.028044,2.001107,2.030343,1.980636,0.097603,1.405232,0.142593,0.194834,0.129095,1.248459,0.111104,0.373234,1.034040
29.100000,1.228607,2.033063,2.062131,1.850889,2.029596,2.001164,2.030123,1.980149,0.097000,1.400854,0.145105,0.192543,0.132246,1.248443,0.109053,0.356392,1.055247
29.116667,1.224736,2.032395,2.062112,1.848332,2.031257,2.001256,2.029916,1.979675,0.096297,1.396916,0.145687,0.191477,0.133367,1.248440,0.107975,0.354609,1.077774
29.133333,1.222764,2.031743,2.063198,1.854335,2.033075,2.001428,2.029729,1.979227,0.095158,1.393392,0.145564,0.190904,0.133954,1.248447,0.107223,0.357063,1.105126
29.150000,1.219787,2.031047,2.062717,1.851521,2.034443,2.001574,2.029559,1.978807,0.094391,1.390264,0.145293,0.190069,0.134694,1.248457,0.106704,0.358935,1.126569
29.166667,1.215027,2.030335,2.062196,1.847407,2.035764,2.001723,2.029408,1.978421,0.093733,1.387544,0.145097,0.189226,0.135363,1.248484,0.106249,0.359895,1.147569
29.183333,1.209037,2.029606,2.061976,1.850786,2.036976,2.001877,2.029278,1.978079,0.093078,1.385239,0.145002,0.188346,0.136124,1.248520,0.105880,0.365871,1.167240
29.200000,1.202792,2.028827,2.062274,1.854707,2.038042,2.002034,2.029172,1.977789,0.092663,1.383351,0.144802,0.187193,0.137188,1.248561,0.105756,0.367171,1.184378
29.216667,1.210815,2.028491,2.063419,1.860993,2.039015,2.002192,2.029087,1.977555,0.092276,1.381881,0.144647,0.184971,0.138545,1.248558,0.106073,0.368639,1.200530
29.233333,1.222203,2.028346,2.063692,1.871009,2.039816,2.002323,2.029020,1.977355,0.091580,1.380792,0.144978,0.182408,0.140192,1.248517,0.106981,0.361732,1.216031
29.250000,1.237281,2.028403,2.063394,1.876475,2.040716,2.002486,2.028973,1.977216,0.090722,1.380062,0.144115,0.180884,0.141150,1.248511,0.108482,0.349214,1.236792
29.266667,1.243341,2.028316,2.063438,1.882139,2.041312,2.002645,2.028938,1.977111,0.090268,1.379611,0.143452,0.180656,0.141478,1.248489,0.109905,0.335978,1.249059
29.283333,1.242074,2.028256,2.063536,1.886969,2.041595,2.002765,2.028915,1.977062,0.090080,1.379328,0.144497,0.180880,0.141466,1.248349,0.110340,0.325551,1.255488
29.300000,1.235187,2.028645,2.063300,1.889121,2.041830,2.002908,2.028898,1.977040,0.090550,1.379090,0.145966,0.182552,0.139988,1.248215,0.109493,0.319084,1.259916
29.316667,1.232946,2.029253,2.063175,1.890206,2.042026,2.003049,2.028880,1.977017,0.091371,1.378901,0.147744,0.183695,0.138824,1.248085,0.107491,0.316644,1.262531
29.333333,1.256427,2.030351,2.063111,1.890735,2.042165,2.003180,2.028864,1.977006,0.092532,1.378750,0.147839,0.182836,0.137821,1.247935,0.106301,0.316476,1.264080
29.350000,1.281533,2.031409,2.063080,1.891015,2.042246,2.003263,2.028853,1.977000,0.093436,1.378662,0.146789,0.181145,0.137406,1.247808,0.106461,0.316449,1.264936
29.366667,1.310991,2.032350,2.063065,1.891166,2.042291,2.003309,2.028846,1.976991,0.094039,1.378613,0.146316,0.177769,0.137606,1.247717,0.107029,0.316443,1.265394
29.383333,1.342355,2.033105,2.063060,1.891247,2.042315,2.003334,2.028842,1.976986,0.094423,1.378588,0.147143,0.172868,0.138009,1.260953,0.107674,0.316448,1.265632
29.400000,1.374605,2.033983,2.063060,1.891291,2.042329,2.003349,2.028839,1.976983,0.094987,1.378587,0.146264,0.169144,0.138337,1.284606,0.108511,0.316447,1.265781
29.416667,1.398321,2.034644,2.063062,1.891313,2.042335,2.003357,2.028837,1.976985,0.095391,1.378595,0.145198,0.166684,0.138728,1.307622,0.109177,0.316443,1.265858
29.433333,1.411330,2.035012,2.063064,1.891324,2.042338,2.003361,2.028837,1.976985,0.095617,1.378600,0.144561,0.165386,0.138911,1.319914,0.109569,0.316441,1.265891
29.450000,1.418619,2.035217,2.063089,1.891413,2.042426,2.003382,2.028836,1.976984,0.095706,1.378603,0.144227,0.164660,0.139018,1.326505,0.109780,0.316869,1.267951
29.466667,1.422778,2.035331,2.063172,1.891704,2.042665,2.003436,2.028833,1.976982,0.095658,1.378602,0.144052,0.164245,0.139078,1.330043,0.109868,0.318298,1.275175
29.483333,1.425190,2.035395,2.063301,1.892166,2.042658,2.003442,2.028830,1.976980,0.095585,1.378600,0.143962,0.164006,0.139111,1.331942,0.109919,0.320451,1.272049
29.500000,1.426606,2.035423,2.063491,1.892859,2.042231,2.003399,2.028638,1.977527,0.095516,1.370114,0.143906,0.163849,0.139126,1.332958,0.109967,0.323465,1.256815
29.516667,1.427459,2.035432,2.063678,1.893548,2.041374,2.003308,2.028431,1.978102,0.095500,1.360843,0.143873,0.163746,0.139132,1.333498,0.110022,0.326274,1.233894
29.533333,1.427986,2.035434,2.063836,1.894135,2.040544,2.003251,2.028229,1.978810,0.095708,1.351099,0.143363,0.163773,0.138882,1.341760,0.110495,0.328525,1.210182
29.550000,1.428390,2.035436,2.063971,1.894642,2.039600,2.003187,2.028058,1.979607,0.096279,1.342182,0.142330,0.164308,0.137430,1.357736,0.110890,0.330262,1.185276
29.566667,1.428636,2.035427,2.064159,1.895375,2.038793,2.003129,2.027910,1.979962,0.096576,1.333259,0.141750,0.164670,0.136561,1.364831,0.111117,0.336015,1.163903
29.583333,1.429749,2.035441,2.064539,1.896945,2.038620,2.003130,2.027714,1.980406,0.096488,1.320168,0.141303,0.164749,0.136089,1.365191,0.111093,0.353085,1.155429
29.600000,1.430718,2.035447,2.065053,1.899198,2.038747,2.003182,2.027642,1.980794,0.096241,1.308273,0.140965,0.164733,0.135633,1.361652,0.110820,0.378268,1.156627
29.616667,1.431240,2.035440,2.065475,1.901149,2.038981,2.003240,2.027537,1.981069,0.096094,1.294216,0.140740,0.164711,0.135215,1.358114,0.110519,0.399844,1.162291
29.633333,1.431581,2.035493,2.065856,1.903002,2.039301,2.003286,2.027520,1.980970,0.096052,1.285971,0.140373,0.164674,0.134775,1.358694,0.110337,0.419003,1.169055
29.650000,1.432170,2.035884,2.066881,1.905887,2.039751,2.003332,2.027580,1.980568,0.096111,1.281766,0.139270,0.164620,0.134384,1.359535,0.110896,0.441158,1.177062
29.666667,1.432654,2.036238,2.064936,1.891685,2.039967,2.003472,2.027617,1.980179,0.095909,1.276649,0.138248,0.164592,0.134176,1.340676,0.111626,0.466045,1.183903
29.683333,1.433117,2.036555,2.062503,1.871459,2.040354,2.003657,2.027626,1.979807,0.095511,1.270342,0.137087,0.164894,0.133864,1.325012,0.112820,0.491915,1.196091
29.700000,1.436871,2.036977,2.061295,1.863883,2.040577,2.003848,2.027943,1.979444,0.095832,1.276959,0.135137,0.165611,0.131902,1.309498,0.113327,0.482048,1.207071
29.716667,1.439368,2.037369,2.060166,1.859884,2.040681,2.004028,2.029225,1.979292,0.096359,1.320584,0.133230,0.166617,0.129985,1.293860,0.114072,0.462955,1.216141
29.733333,1.440995,2.037747,2.058949,1.856605,2.040897,2.004166,2.030461,1.979116,0.097288,1.358585,0.130985,0.166432,0.128660,1.280365,0.114477,0.439000,1.223492
29.750000,1.442238,2.038135,2.057724,1.854507,2.041125,2.004285,2.031408,1.978912,0.098350,1.383864,0.128389,0.165211,0.128295,1.266652,0.114551,0.411951,1.227920
29.766667,1.443083,2.038527,2.056657,1.853022,2.039649,2.004513,2.031593,1.978976,0.099343,1.383699,0.126516,0.163490,0.128616,1.299246,0.113781,0.386184,1.211794
29.783333,1.443681,2.038896,2.055833,1.847422,2.037436,2.004739,2.032101,1.979351,0.100408,1.393254,0.125358,0.161979,0.128953,1.334355,0.113027,0.359641,1.185708
29.800000,1.444152,2.039242,2.055247,1.839998,2.034943,2.004973,2.032779,1.980074,0.101448,1.407742,0.124471,0.160800,0.129251,1.369011,0.112490,0.333710,1.156201
29.816667,1.444483,2.039566,2.054783,1.831319,2.032362,2.005212,2.033059,1.980424,0.102421,1.411294,0.123830,0.159730,0.129313,1.405909,0.112043,0.310454,1.126745
29.833333,1.444943,2.039904,2.054384,1.821427,2.029855,2.005472,2.032896,1.979503,0.103390,1.406399,0.123091,0.159016,0.129118,1.437290,0.111514,0.291504,1.100436
29.850000,1.445476,2.040247,2.054028,1.811363,2.027559,2.005713,2.032763,1.978823,0.104390,1.400694,0.122330,0.158684,0.128615,1.464082,0.110813,0.274496,1.078485
29.866667,1.445895,2.040558,2.053699,1.800964,2.025013,2.005874,2.032690,1.978399,0.105103,1.395081,0.121180,0.158197,0.128069,1.489772,0.111074,0.260470,1.060169
29.883333,1.416979,2.039523,2.053391,1.790789,2.022729,2.005948,2.032645,1.978145,0.105730,1.389763,0.120224,0.158454,0.127711,1.507554,0.112047,0.248308,1.048014
29.900000,1.380957,2.038332,2.053097,1.781229,2.020683,2.006012,2.032619,1.977920,0.106463,1.384995,0.119152,0.158370,0.128082,1.527186,0.113349,0.237317,1.037849
29.916667,1.338734,2.037436,2.052817,1.772243,2.018779,2.006157,2.032624,1.977740,0.107360,1.380885,0.117686,0.159162,0.128602,1.538532,0.114852,0.227848,1.028715
29.933333,1.296557,2.036758,2.052378,1.760888,2.017026,2.006406,2.032661,1.977566,0.108533,1.377531,0.116310,0.159638,0.128864,1.541939,0.116622,0.221040,1.013509
29.950000,1.262328,2.036172,2.051658,1.744715,2.016069,2.006611,2.032728,1.977340,0.109791,1.375125,0.114837,0.160661,0.128393,1.535804,0.118233,0.217487,0.998709
29.966667,1.258946,2.036094,2.050846,1.724183,2.017347,2.006774,2.032835,1.977029,0.109990,1.373907,0.114610,0.157768,0.128709,1.529966,0.119858,0.216781,1.015333
29.983333,1.257999,2.036148,2.049870,1.702846,2.017553,2.006831,2.032964,1.976664,0.109569,1.373363,0.114772,0.156168,0.129225,1.525395,0.121618,0.214963,1.016354
30.000000,1.256819,2.036215,2.049275,1.685155,2.016662,2.006777,2.032986,1.976416,0.109197,1.369995,0.115453,0.155434,0.129725,1.524811,0.122953,0.211011,1.009026
30.016667,1.255644,2.036290,2.049018,1.668765,2.015336,2.006767,2.032730,1.976599,0.109052,1.357948,0.116464,0.155239,0.129938,1.524673,0.123628,0.203337,1.001839
30.033333,1.254477,2.036370,2.048735,1.654408,2.013418,2.006706,2.032329,1.977144,0.108833,1.340461,0.117632,0.155326,0.130473,1.523334,0.124311,0.198239,0.992394
30.050000,1.252609,2.036415,2.048492,1.637605,2.011010,2.006561,2.031782,1.977801,0.108037,1.320296,0.118963,0.155384,0.132203,1.520690,0.125571,0.194299,0.981631
30.066667,1.250245,2.036432,2.048276,1.622396,2.008257,2.006363,2.031269,1.978389,0.106972,1.303110,0.120061,0.155588,0.134319,1.515809,0.127083,0.191093,0.971888
30.083333,1.247578,2.036439,2.048236,1.606015,2.006219,2.006284,2.030774,1.978947,0.106055,1.287291,0.121237,0.156130,0.135765,1.513987,0.127832,0.189878,0.969115
30.100000,1.245033,2.036450,2.047050,1.562521,2.004811,2.006219,2.030291,1.979468,0.105555,1.272741,0.123072,0.157025,0.136051,1.513139,0.126941,0.190286,0.972271
30.116667,1.234656,2.036577,2.045872,1.516904,2.004435,2.006109,2.029834,1.979953,0.104526,1.259558,0.125011,0.158600,0.137200,1.512382,0.126586,0.185837,0.979592
30.133333,1.227101,2.036705,2.045469,1.498051,2.003871,2.005828,2.029410,1.980387,0.102735,1.247799,0.126236,0.159894,0.139434,1.512343,0.127229,0.176992,0.981580
30.150000,1.220837,2.036927,2.045472,1.496163,2.004000,2.005530,2.029029,1.980777,0.101453,1.237647,0.127278,0.161446,0.141055,1.517607,0.127459,0.169686,0.979394
30.166667,1.216632,2.037082,2.045529,1.494998,2.005979,2.005157,2.028688,1.981107,0.100334,1.228986,0.128685,0.162579,0.142767,1.520951,0.127757,0.165993,0.982050
30.183333,1.213034,2.037245,2.045596,1.493734,2.008621,2.004883,2.028398,1.981381,0.098995,1.221781,0.130477,0.163492,0.144731,1.523577,0.127473,0.164066,0.987907
30.200000,1.210602,2.037357,2.045665,1.492649,2.011469,2.004674,2.028163,1.981600,0.097703,1.216010,0.131820,0.164427,0.146189,1.527872,0.127093,0.163021,0.996613
30.216667,1.208452,2.037479,2.045732,1.491798,2.014337,2.004411,2.027984,1.981771,0.096819,1.211649,0.131994,0.166145,0.145748,1.531524,0.126683,0.162470,1.009243
30.233333,1.206734,2.037560,2.045794,1.491226,2.016635,2.004225,2.027865,1.981890,0.096210,1.208704,0.132400,0.167529,0.145436,1.534564,0.126347,0.162156,1.026394
30.250000,1.205043,2.037585,2.045845,1.490927,2.018170,2.004176,2.027805,1.981960,0.095037,1.207047,0.133329,0.168450,0.146186,1.536185,0.126086,0.161994,1.053979
30.266667,1.203691,2.037588,2.045884,1.490789,2.019314,2.004135,2.027773,1.981998,0.093963,1.206185,0.134093,0.169025,0.147031,1.537055,0.125867,0.161863,1.083854
30.283333,1.202929,2.037590,2.045850,1.489668,2.020489,2.004061,2.027752,1.982018,0.093498,1.205745,0.135077,0.169425,0.147271,1.537524,0.125427,0.161802,1.124756
30.300000,1.202537,2.037592,2.045832,1.489026,2.021892,2.003902,2.027736,1.982028,0.093487,1.205524,0.135853,0.169792,0.147089,1.539659,0.125348,0.161731,1.167511
30.316667,1.202373,2.037594,2.045824,1.488684,2.023478,2.003668,2.027724,1.982034,0.093856,1.205417,0.136193,0.170277,0.146421,1.542864,0.125671,0.161668,1.210862
30.333333,1.202308,2.037598,2.045821,1.488504,2.025141,2.003426,2.027714,1.982038,0.094668,1.205377,0.135896,0.170741,0.145235,1.554761,0.126354,0.161597,1.251159
30.350000,1.202280,2.037600,2.045820,1.488419,2.026157,2.003209,2.027708,1.982040,0.095412,1.205364,0.135236,0.171111,0.144084,1.568562,0.127076,0.161559,1.271659
30.366667,1.202269,2.037601,2.045821,1.488390,2.026412,2.002920,2.027704,1.982042,0.096087,1.205365,0.134340,0.171422,0.142980,1.583690,0.127822,0.161556,1.275652
30.383333,1.202271,2.037603,2.045824,1.488388,2.026408,2.002638,2.027702,1.982043,0.096551,1.205369,0.133548,0.171714,0.142083,1.595891,0.128402,0.161569,1.275848
30.400000,1.202281,2.037603,2.045828,1.488403,2.026251,2.002379,2.027699,1.982044,0.096830,1.205372,0.132932,0.171993,0.141391,1.604723,0.128813,0.161594,1.274018
30.416667,1.202296,2.037605,2.045833,1.488425,2.025988,2.002145,2.027697,1.982044,0.097001,1.205375,0.132410,0.172270,0.140802,1.611758,0.129121,0.161627,1.271002
30.433333,1.202314,2.037606,2.045839,1.488452,2.025675,2.001946,2.027694,1.982045,0.097106,1.205376,0.131945,0.172548,0.140271,1.617712,0.129371,0.161662,1.267866
30.450000,1.202336,2.037608,2.045845,1.488478,2.025379,2.001793,2.027691,1.982045,0.097174,1.205377,0.131522,0.172829,0.139772,1.622922,0.129586,0.161696,1.265273
30.466667,1.202365,2.037614,2.045851,1.488503,2.025156,2.001688,2.027661,1.981973,0.097216,1.205160,0.131136,0.173120,0.139293,1.627539,0.129771,0.161724,1.263502
30.483333,1.202407,2.037626,2.045857,1.488524,2.025029,2.001623,2.027579,1.981711,0.097246,1.204593,0.130806,0.173407,0.138863,1.631362,0.129929,0.161748,1.262355
30.500000,1.202920,2.037705,2.045862,1.488545,2.024932,2.001579,2.027496,1.981502,0.097274,1.204081,0.130243,0.174491,0.138514,1.598620,0.130097,0.161793,1.261533
30.516667,1.203745,2.037835,2.045869,1.488569,2.024833,2.001539,2.027405,1.981306,0.097285,1.203601,0.129547,0.176132,0.138235,1.553704,0.130180,0.161852,1.260679
30.533333,1.204653,2.037976,2.046131,1.495076,2.025011,2.001531,2.027266,1.981101,0.097316,1.201664,0.128836,0.178026,0.137877,1.500765,0.130188,0.161561,1.262760
30.550000,1.205427,2.038096,2.044981,1.485495,2.025710,2.001554,2.027109,1.980881,0.097415,1.199267,0.128272,0.179695,0.137549,1.449732,0.130171,0.161913,1.268186
30.566667,1.206187,2.038244,2.044138,1.493183,2.026724,2.001580,2.026975,1.981331,0.097742,1.196733,0.127844,0.181146,0.137335,1.401997,0.130475,0.157423,1.272137
30.583333,1.209941,2.038522,2.043276,1.501833,2.027749,2.001612,2.026863,1.981855,0.098224,1.194355,0.127209,0.182752,0.137351,1.355996,0.131059,0.153884,1.274698
30.600000,1.222609,2.039147,2.042754,1.506831,2.028333,2.001546,2.026720,1.982378,0.098645,1.191437,0.125944,0.184248,0.137711,1.303000,0.131915,0.152644,1.276136
30.616667,1.242904,2.040038,2.042611,1.511360,2.028783,2.001438,2.026769,1.982830,0.097570,1.198780,0.124801,0.185383,0.138807,1.249805,0.131854,0.154582,1.277150
30.633333,1.262003,2.040894,2.042801,1.516502,2.029150,2.001343,2.027034,1.983325,0.096656,1.213625,0.124039,0.186865,0.138569,1.201199,0.130391,0.159257,1.277964
30.650000,1.278034,2.041564,2.043569,1.522410,2.029262,2.001309,2.027901,1.984303,0.096577,1.246433,0.123323,0.187176,0.137523,1.170388,0.129313,0.165982,1.296515
30.666667,1.291177,2.042086,2.044373,1.528337,2.029844,2.001167,2.029417,1.985233,0.097275,1.298846,0.122461,0.187151,0.136458,1.140681,0.128838,0.174212,1.292026
30.683333,1.299795,2.042412,2.045409,1.540626,2.030547,2.000996,2.030687,1.985306,0.098571,1.343718,0.121093,0.186449,0.134948,1.127648,0.128747,0.182014,1.266313
30.700000,1.304571,2.042486,2.047357,1.571643,2.030453,2.000882,2.031969,1.985691,0.099650,1.388779,0.120004,0.184188,0.134692,1.118570,0.129570,0.188686,1.233785
30.716667,1.305762,2.042357,2.049781,1.607837,2.029848,2.000725,2.033367,1.986259,0.100848,1.434994,0.119268,0.181657,0.135050,1.114065,0.130955,0.197477,1.190409
30.733333,1.297681,2.042149,2.052614,1.646372,2.028943,2.000543,2.035068,1.986784,0.102066,1.484965,0.118058,0.181314,0.134872,1.104723,0.132712,0.208203,1.143049
30.750000,1.303985,2.042487,2.055850,1.685798,2.027807,2.000367,2.037536,1.987475,0.103251,1.538892,0.116161,0.181012,0.134711,1.089356,0.135272,0.220889,1.092715
30.766667,1.333193,2.043602,2.059259,1.722423,2.026607,2.000212,2.039653,1.988059,0.104529,1.576654,0.116336,0.182859,0.134900,1.067046,0.136663,0.234352,1.042725
30.783333,1.365291,2.044816,2.062758,1.755520,2.025130,2.000092,2.040985,1.988630,0.105462,1.595921,0.116805,0.182664,0.133820,1.041319,0.135988,0.248241,0.988282
30.800000,1.405153,2.046592,2.065423,1.781364,2.023526,1.999974,2.041564,1.988988,0.106390,1.602588,0.117250,0.183406,0.132379,1.014542,0.135110,0.260494,0.933389
30.816667,1.450755,2.048713,2.065521,1.791251,2.021951,1.999859,2.042143,1.989203,0.107285,1.608403,0.117273,0.185286,0.130844,0.988555,0.134393,0.265647,0.882935
30.833333,1.495992,2.050844,2.065019,1.796241,2.020464,1.999746,2.042053,1.989289,0.108111,1.606073,0.117176,0.188069,0.129231,0.965065,0.133639,0.268443,0.838036
30.850000,1.528818,2.052572,2.064141,1.798615,2.019470,1.999648,2.041844,1.989301,0.108566,1.606013,0.116767,0.192359,0.127783,0.944655,0.132843,0.269982,0.810925
30.866667,1.550593,2.053891,2.063371,1.803516,2.018774,1.999584,2.041862,1.989231,0.108573,1.610817,0.116767,0.197894,0.126960,0.925798,0.132084,0.273202,0.798306
30.883333,1.550879,2.054132,2.062657,1.809895,2.018465,1.999553,2.042069,1.989116,0.108071,1.617793,0.117174,0.204653,0.126766,0.907645,0.131359,0.277689,0.799612
30.900000,1.526079,2.053216,2.062564,1.823620,2.018336,1.999519,2.042274,1.989125,0.106738,1.624944,0.117993,0.213132,0.127377,0.889910,0.130048,0.287582,0.805080
30.916667,1.502919,2.051678,2.062897,1.835512,2.018293,1.999480,2.042033,1.990161,0.104943,1.629583,0.119694,0.213949,0.130153,0.874121,0.129529,0.297325,0.811498
30.933333,1.477935,2.049790,2.063431,1.845275,2.018339,1.999440,2.041745,1.991104,0.103689,1.634144,0.122448,0.209599,0.133318,0.862617,0.129441,0.306953,0.820337
30.950000,1.451987,2.048015,2.063970,1.852812,2.018282,1.999385,2.041472,1.991519,0.102711,1.636691,0.125266,0.205286,0.137131,0.853117,0.130138,0.316471,0.826151
30.966667,1.421861,2.046157,2.064702,1.861307,2.018322,1.999337,2.041209,1.991640,0.101314,1.637921,0.128122,0.200955,0.140386,0.844947,0.130136,0.328827,0.833671
30.983333,1.387984,2.044276,2.066150,1.875875,2.018378,1.999298,2.040953,1.991597,0.099338,1.638470,0.131647,0.196565,0.144201,0.838663,0.129921,0.349864,0.841189
31.000000,1.359763,2.042737,2.068143,1.893141,2.018507,1.999285,2.040377,1.991426,0.097395,1.637838,0.134577,0.193262,0.146845,0.834197,0.129045,0.378585,0.849701
31.016667,1.341257,2.041820,2.070463,1.909628,2.018755,1.999310,2.039652,1.991225,0.096496,1.633487,0.135320,0.191546,0.145956,0.831770,0.127364,0.412926,0.859353
31.033333,1.315147,2.040844,2.071944,1.918283,2.019133,1.999332,2.038499,1.991057,0.096667,1.619481,0.135993,0.189292,0.144390,0.830515,0.126105,0.429732,0.871752
31.050000,1.281402,2.039735,2.071913,1.916510,2.020396,1.999361,2.037404,1.990843,0.097293,1.605621,0.136535,0.186602,0.142817,0.829923,0.125567,0.422712,0.904314
31.066667,1.242600,2.038601,2.069826,1.901621,2.021921,1.999383,2.036582,1.990593,0.098592,1.593384,0.137090,0.184061,0.140794,0.829629,0.125374,0.414280,0.941507
31.083333,1.206801,2.037640,2.067386,1.882738,2.024907,1.999459,2.036031,1.990338,0.100344,1.584920,0.137097,0.182539,0.138057,0.829506,0.126060,0.409074,1.009358
31.100000,1.206638,2.037678,2.065595,1.867757,2.027453,1.999555,2.035604,1.990086,0.100202,1.578883,0.137528,0.180813,0.137152,0.829403,0.124913,0.395823,1.062116
31.116667,1.192812,2.037120,2.065787,1.862235,2.029064,1.999648,2.035266,1.989836,0.099571,1.574293,0.139338,0.180101,0.138189,0.829351,0.123245,0.374757,1.096144
31.133333,1.174297,2.036415,2.065994,1.859812,2.031002,1.999720,2.034984,1.989596,0.098564,1.570628,0.141745,0.179886,0.139753,0.829310,0.121215,0.360396,1.131909
31.150000,1.165550,2.035845,2.066101,1.857045,2.032543,1.999791,2.034745,1.989372,0.097771,1.567618,0.141684,0.179014,0.140328,0.829281,0.120418,0.342939,1.157847
31.166667,1.155897,2.035224,2.066410,1.853609,2.033351,1.999862,2.034544,1.989169,0.096980,1.565114,0.141680,0.178199,0.141078,0.829274,0.119712,0.333831,1.170741
31.183333,1.146080,2.034574,2.065095,1.845797,2.033995,1.999953,2.034377,1.988992,0.095870,1.563066,0.141759,0.177588,0.142166,0.829267,0.119102,0.335660,1.181001
31.200000,1.137277,2.033937,2.064190,1.844334,2.034615,2.000055,2.034243,1.988842,0.094755,1.561430,0.141865,0.176851,0.143423,0.829268,0.118684,0.336524,1.191449
31.216667,1.131567,2.033399,2.063873,1.846737,2.035257,2.000174,2.034143,1.988727,0.093517,1.560190,0.142004,0.176125,0.144893,0.829276,0.118465,0.338752,1.203294
31.233333,1.135920,2.033300,2.063842,1.852716,2.035898,2.000296,2.034081,1.988657,0.092373,1.559326,0.141916,0.175363,0.146312,0.829270,0.118548,0.336746,1.216264
31.250000,1.138249,2.033246,2.063565,1.857521,2.036541,2.000416,2.034051,1.988619,0.091730,1.558815,0.141955,0.174804,0.147161,0.829269,0.118317,0.331745,1.230161
31.266667,1.138734,2.033195,2.063350,1.862171,2.037183,2.000536,2.034036,1.988601,0.091448,1.558534,0.141916,0.174520,0.147379,0.829264,0.117795,0.326697,1.244946
31.283333,1.139100,2.033184,2.063294,1.866818,2.037829,2.000654,2.034029,1.988594,0.091317,1.558378,0.141838,0.174407,0.147246,0.829252,0.117084,0.322065,1.260475
31.300000,1.137774,2.033217,2.063265,1.872076,2.038439,2.000771,2.034026,1.988592,0.091141,1.558288,0.141800,0.174473,0.147245,0.829240,0.116489,0.317499,1.276119
31.316667,1.132749,2.033298,2.063433,1.878585,2.039038,2.000883,2.034027,1.988592,0.090698,1.558233,0.141914,0.174770,0.148025,0.829231,0.116470,0.311816,1.292100
31.333333,1.126413,2.033429,2.063891,1.885526,2.039559,2.001064,2.034030,1.988593,0.090248,1.558187,0.141921,0.174969,0.149009,0.829233,0.116938,0.316164,1.304000
31.350000,1.123941,2.033681,2.063982,1.887777,2.040305,2.001215,2.034024,1.988584,0.090640,1.558108,0.141689,0.174788,0.148655,0.829236,0.116821,0.322024,1.318680
31.366667,1.127499,2.034112,2.064038,1.888990,2.041843,2.001325,2.034013,1.988572,0.090997,1.558017,0.141617,0.174129,0.147971,0.829246,0.116540,0.325065,1.346519
31.383333,1.138949,2.034747,2.064082,1.889679,2.043315,2.001411,2.033999,1.988560,0.091556,1.557926,0.141120,0.172917,0.146833,0.829258,0.116309,0.328068,1.371460
31.400000,1.153337,2.035511,2.064222,1.890492,2.043996,2.001501,2.033986,1.988552,0.092168,1.557847,0.140844,0.171484,0.145318,0.829279,0.115600,0.332073,1.385310
31.416667,1.170146,2.036391,2.064455,1.891551,2.044737,2.001641,2.033974,1.988546,0.092766,1.557781,0.140266,0.170073,0.143417,0.829302,0.114761,0.336309,1.402329
31.433333,1.181718,2.037071,2.064677,1.892508,2.045319,2.001766,2.033966,1.988549,0.093112,1.557740,0.139441,0.169545,0.142566,0.829304,0.114714,0.338800,1.416851
31.450000,1.189298,2.037506,2.064893,1.893418,2.045808,2.001881,2.033961,1.988550,0.093135,1.557719,0.138794,0.169529,0.142145,0.829310,0.114763,0.339960,1.430078
31.466667,1.193520,2.037745,2.065123,1.894382,2.046295,2.002005,2.033906,1.988622,0.092912,1.555980,0.138422,0.169533,0.141907,0.829326,0.114752,0.340795,1.443816
31.483333,1.195763,2.037863,2.065586,1.897748,2.046781,2.002020,2.033698,1.988782,0.092514,1.549113,0.138215,0.169542,0.141770,0.829343,0.114732,0.333820,1.465302
31.500000,1.197189,2.037958,2.065625,1.899851,2.047811,2.001965,2.033580,1.988521,0.092235,1.545147,0.136934,0.169868,0.140810,0.846204,0.114924,0.323590,1.493005
31.516667,1.198358,2.038075,2.065616,1.901481,2.049134,2.001841,2.033519,1.988099,0.092277,1.543027,0.134569,0.170588,0.139227,0.875598,0.115317,0.313208,1.514783
31.533333,1.201879,2.038282,2.065584,1.903353,2.050980,2.001673,2.033490,1.987587,0.092206,1.541912,0.131927,0.171345,0.137625,0.908845,0.115976,0.301813,1.542159
31.550000,1.207583,2.038528,2.065610,1.906252,2.051579,2.001442,2.033387,1.987387,0.091844,1.536058,0.130336,0.171629,0.136832,0.928719,0.116615,0.293195,1.554531
31.566667,1.210657,2.038652,2.065596,1.909305,2.052298,2.001211,2.032896,1.987431,0.091194,1.520095,0.129486,0.171831,0.136386,0.939496,0.116942,0.283209,1.569110
31.583333,1.212306,2.038712,2.065550,1.912544,2.053011,2.001097,2.031729,1.987573,0.090481,1.490350,0.129037,0.171939,0.136241,0.945346,0.117094,0.273610,1.581712
31.600000,1.213180,2.038735,2.065644,1.917264,2.053554,2.000930,2.030819,1.987738,0.089664,1.462064,0.128705,0.171957,0.136451,0.951778,0.117208,0.271399,1.591529
31.616667,1.213634,2.038742,2.065648,1.920508,2.054002,2.000718,2.030386,1.987679,0.089017,1.444796,0.128159,0.171884,0.136491,0.966649,0.117373,0.270657,1.601277
31.633333,1.213871,2.038732,2.065696,1.924382,2.054419,2.000497,2.030260,1.987409,0.088435,1.435713,0.128034,0.171895,0.136199,0.968678,0.116809,0.269987,1.611885
31.650000,1.214977,2.038753,2.065698,1.927782,2.054974,2.000258,2.030275,1.987019,0.087715,1.430994,0.128060,0.171898,0.136055,0.971018,0.116283,0.268353,1.625522
31.666667,1.217436,2.038819,2.066210,1.931201,2.055580,2.000004,2.030245,1.986758,0.086941,1.423945,0.128240,0.171868,0.135982,0.979517,0.115828,0.265669,1.641488
31.683333,1.218879,2.038850,2.067509,1.935506,2.056253,1.999762,2.030245,1.986484,0.086105,1.417618,0.128342,0.171853,0.135905,0.981699,0.115425,0.265125,1.660185
31.700000,1.219716,2.038860,2.067279,1.933586,2.056578,1.999500,2.030243,1.986235,0.085242,1.411595,0.128396,0.171847,0.135834,0.979575,0.115072,0.260751,1.679080
31.716667,1.219898,2.038829,2.065621,1.924694,2.056439,1.999237,2.030178,1.986073,0.084374,1.402580,0.128437,0.171794,0.135771,0.974669,0.114750,0.252575,1.697274
31.733333,1.220578,2.039078,2.064159,1.918169,2.055726,1.999089,2.030119,1.985916,0.083886,1.393722,0.128437,0.171915,0.135524,0.962276,0.114369,0.244242,1.705738
31.750000,1.221281,2.039358,2.062815,1.913632,2.054040,1.999066,2.030066,1.985772,0.084087,1.384974,0.128317,0.172076,0.134610,0.950827,0.113620,0.236767,1.699214
31.766667,1.221868,2.039594,2.061493,1.909998,2.052988,1.999126,2.029959,1.985522,0.084393,1.375892,0.128209,0.172242,0.133812,0.934558,0.112972,0.229045,1.691449
31.783333,1.222434,2.039820,2.060197,1.907035,2.052881,1.999237,2.029614,1.984390,0.085063,1.364446,0.128525,0.172531,0.132247,0.918022,0.111279,0.221005,1.687764
31.800000,1.222976,2.040039,2.058894,1.904459,2.052991,1.999328,2.029340,1.983396,0.085947,1.353873,0.129022,0.172881,0.130437,0.902027,0.109252,0.212694,1.685280
31.816667,1.223497,2.040252,2.057594,1.902284,2.052934,1.999413,2.029172,1.982788,0.086758,1.344562,0.129469,0.173225,0.128941,0.887097,0.107573,0.204065,1.681677
31.833333,1.224010,2.040463,2.056343,1.899968,2.051465,1.999540,2.029038,1.982303,0.087631,1.335866,0.129890,0.173574,0.127603,0.874534,0.106125,0.195590,1.665197
31.850000,1.224564,2.040681,2.055435,1.894973,2.049530,1.999685,2.029074,1.981915,0.088414,1.333088,0.130324,0.174131,0.126411,0.861898,0.104992,0.189285,1.643100
31.866667,1.225097,2.040891,2.054747,1.888337,2.047807,1.999815,2.029114,1.981562,0.088864,1.330372,0.130645,0.174648,0.125710,0.846575,0.104328,0.184932,1.622938
31.883333,1.225584,2.041086,2.054474,1.882081,2.046064,1.999939,2.029135,1.981321,0.089104,1.326432,0.130871,0.175089,0.125324,0.827965,0.103927,0.184160,1.602858
31.900000,1.231409,2.041548,2.054956,1.878584,2.044509,2.000056,2.029144,1.981137,0.089194,1.321974,0.131323,0.175644,0.125606,0.803871,0.103711,0.189846,1.585374
31.916667,1.248560,2.042487,2.055688,1.875059,2.043043,2.000062,2.029161,1.980987,0.089298,1.317608,0.132018,0.175293,0.126249,0.780420,0.103699,0.199566,1.569360
31.933333,1.242449,2.042225,2.056093,1.869252,2.041330,2.000028,2.029187,1.980841,0.089560,1.313749,0.133171,0.175744,0.126787,0.765010,0.103955,0.207691,1.550936
31.950000,1.217788,2.041160,2.056269,1.862718,2.039652,2.000008,2.029230,1.980682,0.089732,1.310684,0.134752,0.177111,0.127542,0.755599,0.104252,0.212244,1.535719
31.966667,1.181952,2.039585,2.056462,1.856862,2.038304,2.000007,2.029294,1.980500,0.089782,1.308612,0.136494,0.179173,0.128401,0.749713,0.104514,0.214583,1.527939
31.983333,1.157535,2.038463,2.056697,1.852753,2.037341,2.000020,2.029382,1.980263,0.089801,1.307545,0.137744,0.180757,0.129006,0.746006,0.104702,0.215578,1.526798
32.000000,1.137943,2.037436,2.056566,1.843679,2.036572,2.000040,2.029480,1.980011,0.089931,1.307096,0.139179,0.180968,0.129140,0.743692,0.104872,0.216656,1.530070
32.016667,1.118223,2.036417,2.056150,1.834366,2.035928,2.000053,2.029583,1.979728,0.090193,1.306995,0.141295,0.180327,0.129305,0.742217,0.105024,0.218208,1.526267
32.033333,1.103901,2.035634,2.055337,1.823251,2.035634,2.000068,2.029386,1.979852,0.090488,1.295876,0.143495,0.179611,0.129418,0.741288,0.105167,0.219874,1.523008
32.050000,1.094920,2.035043,2.054430,1.810622,2.035646,2.000084,2.029166,1.980084,0.090722,1.284032,0.145644,0.178955,0.129383,0.740728,0.105286,0.222018,1.525222
32.066667,1.090416,2.034581,2.053721,1.796270,2.035808,2.000105,2.028937,1.980451,0.090939,1.267959,0.147738,0.178444,0.129225,0.740018,0.105409,0.227608,1.529308
32.083333,1.099644,2.035054,2.053308,1.786528,2.035902,2.000128,2.028548,1.980949,0.091374,1.244530,0.147999,0.176807,0.129319,0.739054,0.106076,0.233149,1.528386
32.100000,1.104934,2.035091,2.053152,1.780165,2.035841,2.000228,2.028225,1.981417,0.091657,1.224861,0.148457,0.175766,0.129825,0.738470,0.106477,0.236672,1.534492
32.116667,1.105498,2.035305,2.053165,1.775868,2.035717,2.000366,2.027928,1.981817,0.092198,1.207638,0.149186,0.175332,0.129951,0.738076,0.106702,0.239009,1.529948
32.133333,1.108561,2.035500,2.053265,1.772825,2.035644,2.000504,2.027647,1.982176,0.092731,1.192263,0.149442,0.174530,0.130153,0.737854,0.106899,0.240621,1.523905
32.150000,1.110536,2.035628,2.053400,1.770558,2.035605,2.000617,2.027393,1.982507,0.093199,1.178764,0.149608,0.174306,0.130317,0.737681,0.107063,0.241780,1.519499
32.166667,1.111490,2.035710,2.053545,1.768821,2.035613,2.000773,2.027169,1.982800,0.093593,1.167175,0.149593,0.174373,0.130373,0.737543,0.107233,0.242652,1.520545
32.183333,1.112015,2.035766,2.053688,1.767487,2.035707,2.000893,2.026974,1.983046,0.093879,1.157507,0.149576,0.174478,0.130439,0.737439,0.107470,0.243329,1.521893
32.200000,1.112298,2.035805,2.053910,1.767006,2.035890,2.001029,2.026813,1.983246,0.094115,1.149742,0.149561,0.174641,0.130550,0.734359,0.107845,0.243812,1.526234
32.216667,1.112422,2.035829,2.054065,1.766311,2.036051,2.001150,2.026690,1.983398,0.094296,1.143851,0.149545,0.174784,0.130628,0.730353,0.108090,0.244170,1.529458
32.233333,1.112725,2.035855,2.054157,1.764073,2.036140,2.001236,2.026606,1.983499,0.094414,1.139815,0.149483,0.174777,0.130690,0.728061,0.108243,0.243424,1.531426
32.250000,1.113026,2.035886,2.054276,1.762757,2.036176,2.001291,2.026560,1.983560,0.094481,1.137496,0.149355,0.174808,0.130822,0.726843,0.108338,0.242735,1.532449
32.266667,1.113282,2.035911,2.054339,1.762028,2.036197,2.001321,2.026538,1.983596,0.094517,1.136246,0.149257,0.174893,0.130949,0.726191,0.108396,0.242318,1.533004
32.283333,1.113454,2.035925,2.054374,1.761644,2.036208,2.001338,2.026526,1.983616,0.094536,1.135582,0.149204,0.174942,0.131015,0.725850,0.108427,0.242090,1.533307
32.300000,1.113571,2.035934,2.054393,1.761440,2.036214,2.001347,2.026520,1.983626,0.094546,1.135241,0.149175,0.174972,0.131051,0.725670,0.108443,0.241966,1.533471
32.316667,1.113646,2.035939,2.054404,1.761334,2.036218,2.001351,2.026517,1.983632,0.094551,1.135065,0.149159,0.174990,0.131070,0.725575,0.108452,0.241898,1.533560
32.333333,1.113691,2.035942,2.054409,1.761281,2.036220,2.001354,2.026516,1.983635,0.094554,1.134976,0.149150,0.175001,0.131080,0.725525,0.108457,0.241860,1.533608
32.350000,1.113722,2.035944,2.054413,1.761255,2.036222,2.001355,2.026515,1.983637,0.094555,1.134934,0.149145,0.175007,0.131085,0.725499,0.108459,0.241839,1.533635
32.366667,1.113740,2.035945,2.054415,1.761244,2.036223,2.001356,2.026515,1.983638,0.094556,1.134916,0.149143,0.175011,0.131088,0.725487,0.108460,0.241827,1.533649
32.383333,1.113750,2.035946,2.054416,1.761241,2.036224,2.001356,2.026515,1.983638,0.094556,1.134911,0.149141,0.175013,0.131090,0.725481,0.108461,0.241820,1.533657
32.400000,1.113757,2.035946,2.054417,1.761242,2.036224,2.001356,2.026515,1.983638,0.094555,1.134912,0.149140,0.175014,0.131090,0.725479,0.108461,0.241816,1.533661
32.416667,1.113761,2.035946,2.054417,1.761244,2.036225,2.001356,2.026515,1.983638,0.094555,1.134917,0.149139,0.175014,0.131091,0.725479,0.108461,0.241813,1.533664
32.433333,1.113764,2.035947,2.054418,1.761247,2.036225,2.001356,2.026515,1.983638,0.094555,1.134922,0.149139,0.175014,0.131091,0.725479,0.108461,0.241811,1.533665
32.450000,1.113767,2.035947,2.054418,1.761251,2.036226,2.001356,2.026515,1.983638,0.094555,1.134928,0.149139,0.175015,0.131091,0.725480,0.108461,0.241809,1.533666
32.466667,1.113768,2.035947,2.054419,1.761254,2.036226,2.001355,2.026515,1.983638,0.094554,1.134934,0.149138,0.175015,0.131091,0.725482,0.108461,0.241808,1.533667
32.483333,1.113780,2.035951,2.054419,1.761258,2.036225,2.001354,2.026439,1.983544,0.094552,1.134711,0.149142,0.175023,0.131093,0.725483,0.108463,0.241807,1.533666
32.500000,1.113811,2.035964,2.054419,1.761261,2.036222,2.001349,2.026237,1.983233,0.094547,1.134136,0.149152,0.175047,0.131100,0.725483,0.108468,0.241806,1.533662
32.516667,1.113840,2.035976,2.054418,1.761263,2.036219,2.001344,2.026055,1.982972,0.094542,1.133629,0.149163,0.175070,0.131107,0.725484,0.108474,0.241806,1.533659
32.533333,1.113869,2.035988,2.054418,1.761266,2.036216,2.001339,2.025884,1.982728,0.094537,1.133169,0.149174,0.175093,0.131114,0.725484,0.108480,0.241805,1.533655
32.550000,1.113898,2.036001,2.054418,1.761268,2.036213,2.001334,2.025717,1.982479,0.094531,1.132734,0.149186,0.175117,0.131122,0.725485,0.108487,0.241804,1.533652
32.566667,1.113928,2.036015,2.054417,1.761269,2.036209,2.001330,2.025554,1.982222,0.094526,1.132321,0.149198,0.175141,0.131130,0.725486,0.108493,0.241803,1.533648
32.583333,1.113957,2.036032,2.054411,1.761265,2.036160,2.001268,2.025400,1.981960,0.094616,1.131951,0.149207,0.175153,0.131149,0.730202,0.108494,0.241792,1.534057
32.600000,1.113992,2.036058,2.054400,1.761260,2.036049,2.001155,2.025249,1.981691,0.094674,1.131638,0.149129,0.175194,0.131061,0.750717,0.108441,0.241769,1.534632
32.616667,1.114098,2.036006,2.054391,1.761260,2.035826,2.001079,2.025530,1.981816,0.094740,1.151131,0.149018,0.175412,0.130442,0.769180,0.108359,0.241793,1.535101
32.633333,1.114604,2.035955,2.054554,1.761916,2.035576,2.001031,2.025985,1.982233,0.094843,1.177313,0.148658,0.175945,0.130107,0.785408,0.108412,0.245976,1.535506
32.650000,1.107279,2.035643,2.055853,1.772390,2.035292,2.001049,2.026437,1.982935,0.095118,1.201725,0.147185,0.177512,0.130012,0.802077,0.108908,0.248391,1.536127
32.666667,1.100417,2.035401,2.057186,1.783388,2.035606,2.001045,2.026928,1.983605,0.095417,1.226801,0.145129,0.179638,0.129919,0.820698,0.110157,0.251594,1.549254
32.683333,1.093895,2.035185,2.058564,1.795665,2.036054,2.001036,2.027436,1.984249,0.095766,1.251779,0.142832,0.182437,0.129201,0.842223,0.111468,0.256893,1.563812
32.700000,1.088078,2.035022,2.060196,1.809224,2.036362,2.001007,2.027883,1.984855,0.096029,1.273683,0.140339,0.185752,0.128287,0.873683,0.112610,0.263543,1.575091
32.716667,1.104168,2.035703,2.061149,1.817703,2.036631,2.000970,2.028294,1.985875,0.096295,1.291060,0.138981,0.185704,0.127888,0.910605,0.113742,0.269322,1.585179
32.733333,1.124100,2.036576,2.060292,1.813631,2.036973,2.000933,2.028824,1.987276,0.096363,1.304223,0.138028,0.184373,0.128102,0.949162,0.114694,0.273692,1.595570
32.750000,1.146127,2.037538,2.059767,1.813224,2.037974,2.000773,2.029215,1.988722,0.095805,1.312381,0.137442,0.182395,0.128856,0.993142,0.115299,0.282008,1.588927
32.766667,1.162857,2.038359,2.059259,1.816387,2.038851,2.000643,2.029218,1.989859,0.095060,1.311898,0.137283,0.180146,0.129751,1.037558,0.115448,0.290531,1.562721
32.783333,1.165264,2.038671,2.058571,1.822382,2.039127,2.000571,2.030437,1.990860,0.095442,1.354243,0.137900,0.177760,0.130367,1.065160,0.115911,0.293565,1.527340
32.800000,1.167143,2.038834,2.058462,1.833027,2.038990,2.000523,2.031642,1.991574,0.095852,1.390728,0.139927,0.176594,0.131364,1.083323,0.115513,0.298979,1.485229
32.816667,1.169881,2.038967,2.059195,1.845918,2.038624,2.000490,2.032933,1.992124,0.096256,1.424689,0.142135,0.176538,0.131960,1.095881,0.114897,0.303747,1.443735
32.833333,1.165057,2.038689,2.060170,1.855568,2.038090,2.000426,2.034986,1.992626,0.096709,1.475432,0.144606,0.176967,0.132740,1.104932,0.114275,0.306161,1.397093
32.850000,1.157269,2.038254,2.060667,1.857900,2.037411,2.000353,2.036667,1.993067,0.096572,1.511461,0.146942,0.177442,0.133926,1.111433,0.113429,0.301798,1.346267
32.866667,1.150654,2.037879,2.060857,1.856908,2.036739,2.000305,2.037809,1.993429,0.096050,1.531321,0.148847,0.178162,0.134790,1.114810,0.112364,0.296117,1.299464
32.883333,1.145717,2.037598,2.061034,1.856290,2.035517,2.000210,2.038588,1.993722,0.095873,1.542102,0.149944,0.179153,0.134771,1.116517,0.111578,0.292205,1.242840
32.900000,1.137759,2.037142,2.061114,1.853881,2.034170,2.000114,2.039165,1.993903,0.095707,1.548114,0.151237,0.180251,0.134808,1.117309,0.110818,0.288099,1.188007
32.916667,1.110692,2.035688,2.061537,1.852988,2.033360,2.000035,2.038753,1.993977,0.095687,1.537819,0.153282,0.181599,0.134759,1.117578,0.110255,0.286607,1.156928
32.933333,1.085617,2.034523,2.061962,1.851024,2.033106,1.999972,2.037164,1.993966,0.095869,1.505258,0.154425,0.182073,0.134852,1.117573,0.110112,0.286559,1.144151
32.950000,1.054623,2.033248,2.061998,1.845966,2.033266,1.999909,2.035719,1.993912,0.096148,1.475940,0.154989,0.183491,0.134559,1.117456,0.109590,0.281422,1.142123
32.966667,1.019470,2.031957,2.061648,1.841343,2.033241,1.999823,2.034392,1.993835,0.096963,1.448562,0.155113,0.185719,0.134016,1.117306,0.108954,0.268430,1.129854
32.983333,0.992566,2.031109,2.061213,1.835666,2.033374,1.999749,2.033281,1.993720,0.097850,1.423211,0.155107,0.187093,0.133337,1.117167,0.108145,0.258477,1.124122
33.000000,0.985103,2.030966,2.061544,1.833177,2.033773,1.999695,2.032573,1.993567,0.098761,1.406521,0.154854,0.186679,0.132529,1.117071,0.107192,0.259295,1.125524
33.016667,0.975603,2.030750,2.062464,1.835555,2.034266,1.999646,2.032086,1.993393,0.099784,1.394767,0.154588,0.185831,0.131769,1.116997,0.106244,0.267439,1.127653
33.033333,0.966679,2.030523,2.063588,1.839541,2.035338,1.999605,2.031711,1.993205,0.100405,1.386108,0.154400,0.185028,0.131269,1.116936,0.105368,0.278949,1.141521
33.050000,0.957650,2.030268,2.064424,1.840217,2.035961,1.999571,2.031400,1.993005,0.100960,1.379291,0.154271,0.184223,0.130949,1.116897,0.104563,0.288623,1.147441
33.066667,0.947348,2.029939,2.065208,1.840779,2.036845,1.999549,2.031128,1.992798,0.101359,1.373584,0.154186,0.183347,0.130783,1.116874,0.103820,0.291908,1.159319
33.083333,0.936246,2.029565,2.066111,1.839536,2.037676,1.999543,2.030880,1.992589,0.101685,1.368656,0.154154,0.182428,0.130817,1.116850,0.103155,0.293225,1.171006
33.100000,0.924270,2.029150,2.066294,1.837220,2.038458,1.999546,2.030648,1.992378,0.101879,1.364345,0.154186,0.181489,0.131037,1.116826,0.102505,0.299978,1.182572
33.116667,0.913950,2.028798,2.063962,1.822323,2.039461,1.999592,2.030436,1.992176,0.101544,1.360578,0.154308,0.180703,0.131539,1.116796,0.101780,0.310940,1.200298
33.133333,0.902508,2.028400,2.061537,1.799248,2.040155,1.999635,2.030244,1.991981,0.101485,1.357221,0.154444,0.179851,0.132125,1.116764,0.101158,0.326225,1.213070
33.150000,0.889328,2.027931,2.060390,1.781791,2.040765,1.999654,2.030069,1.991796,0.101806,1.354263,0.154582,0.178897,0.132747,1.116720,0.100656,0.350985,1.222318
33.166667,0.874556,2.027399,2.060733,1.778958,2.041342,1.999665,2.029913,1.991623,0.102393,1.351699,0.154726,0.177863,0.133431,1.116680,0.100327,0.378747,1.229556
33.183333,0.855085,2.026684,2.061510,1.788199,2.041637,1.999708,2.029775,1.991459,0.103684,1.349443,0.154653,0.176534,0.133885,1.116656,0.100976,0.396244,1.233559
33.200000,0.843725,2.026203,2.060611,1.787396,2.041588,1.999740,2.029658,1.991322,0.104762,1.347578,0.154391,0.174522,0.134559,1.116627,0.102175,0.424922,1.234126
33.216667,0.834175,2.025816,2.059559,1.789255,2.041510,1.999803,2.029566,1.991218,0.106226,1.346024,0.153613,0.173132,0.134608,1.116596,0.103948,0.445042,1.234417
33.233333,0.821964,2.025352,2.059161,1.792057,2.041383,1.999900,2.029498,1.991146,0.108103,1.344830,0.152813,0.172072,0.134324,1.116574,0.105781,0.458563,1.234232
33.250000,0.810322,2.024902,2.058504,1.793672,2.041208,2.000019,2.029454,1.991102,0.110110,1.344024,0.152079,0.170880,0.133913,1.116554,0.107537,0.469700,1.233610
33.266667,0.798375,2.024427,2.057237,1.796674,2.041171,2.000176,2.029426,1.991078,0.111943,1.343519,0.151402,0.169600,0.133479,1.116536,0.109358,0.474461,1.237223
33.283333,0.775260,2.023555,2.056253,1.798795,2.041450,2.000364,2.029406,1.991055,0.113838,1.343183,0.151194,0.168468,0.133341,1.116535,0.110984,0.474382,1.246953
33.300000,0.777597,2.023460,2.055714,1.799623,2.041794,2.000554,2.029385,1.991033,0.115493,1.342951,0.150619,0.166358,0.133355,1.116502,0.112251,0.474334,1.257231
33.316667,0.796321,2.023877,2.055436,1.800142,2.042074,2.000709,2.029360,1.991002,0.117014,1.342795,0.150424,0.163585,0.133360,1.116446,0.112949,0.474310,1.265260
33.333333,0.803958,2.023974,2.055286,1.800371,2.042228,2.000797,2.029337,1.990967,0.117894,1.342697,0.149619,0.161905,0.133608,1.116359,0.113610,0.474309,1.269683
33.350000,0.821786,2.024334,2.055194,1.800371,2.042310,2.000845,2.029328,1.990991,0.118418,1.342636,0.148954,0.159505,0.133974,1.116314,0.114174,0.474312,1.272077
33.366667,0.833338,2.024527,2.055141,1.800291,2.042355,2.000871,2.029321,1.991003,0.118751,1.342600,0.148186,0.158212,0.133804,1.116279,0.114702,0.474312,1.273372
33.383333,0.839733,2.024620,2.055111,1.800241,2.042379,2.000885,2.029318,1.991011,0.118929,1.342582,0.147739,0.157534,0.133669,1.116263,0.114983,0.474303,1.274066
33.400000,0.843206,2.024666,2.055095,1.800210,2.042392,2.000892,2.029316,1.991016,0.119025,1.342574,0.147493,0.157168,0.133599,1.116253,0.115134,0.474288,1.274438
33.416667,0.845084,2.024689,2.055086,1.800192,2.042399,2.000896,2.029315,1.991018,0.119075,1.342570,0.147360,0.156971,0.133563,1.116246,0.115215,0.474271,1.274634
33.433333,0.846060,2.024697,2.055082,1.800184,2.042402,2.000898,2.029316,1.991026,0.119100,1.342573,0.147320,0.156863,0.133552,1.123145,0.115262,0.474252,1.274737
33.450000,0.849591,2.024778,2.055134,1.800521,2.042581,2.000925,2.029316,1.991033,0.119045,1.342576,0.147510,0.156512,0.133578,1.130940,0.115261,0.475534,1.279062
33.466667,0.852760,2.024850,2.055222,1.801080,2.042882,2.000970,2.029322,1.990626,0.118941,1.342603,0.147685,0.156205,0.133599,1.135140,0.115222,0.477606,1.286219
33.483333,0.854550,2.024885,2.055403,1.802829,2.042520,2.001018,2.029331,1.990011,0.118902,1.342643,0.147779,0.156029,0.133604,1.137405,0.115226,0.480065,1.281898
33.500000,0.855585,2.024902,2.055727,1.807114,2.041899,2.001031,2.029338,1.989445,0.118731,1.342676,0.147832,0.155924,0.133606,1.138628,0.115236,0.480188,1.275252
33.516667,0.856141,2.024907,2.056122,1.811997,2.041350,2.000917,2.029347,1.988879,0.118304,1.342716,0.147896,0.155575,0.133909,1.148583,0.115262,0.480125,1.269853
33.533333,0.856490,2.024912,2.056507,1.816514,2.040931,2.000746,2.029359,1.988285,0.117874,1.342770,0.147081,0.155540,0.133655,1.170298,0.115930,0.479646,1.266542
33.550000,0.863847,2.025233,2.056882,1.820679,2.040586,2.000574,2.029370,1.987662,0.117854,1.342831,0.145011,0.154786,0.133166,1.204030,0.116831,0.478667,1.265048
33.566667,0.872562,2.025616,2.057243,1.824461,2.040421,2.000456,2.029361,1.987104,0.118132,1.342148,0.142634,0.154136,0.132109,1.243144,0.117675,0.477202,1.266020
33.583333,0.880556,2.025968,2.057596,1.827853,2.040392,2.000392,2.029204,1.987220,0.118317,1.334940,0.140440,0.153551,0.131168,1.274825,0.118456,0.477514,1.269621
33.600000,0.885024,2.026151,2.057978,1.833975,2.040305,2.000346,2.028929,1.987225,0.118154,1.322603,0.139167,0.153251,0.130389,1.286341,0.118672,0.488797,1.274675
33.616667,0.887429,2.026237,2.058552,1.840040,2.040669,2.000340,2.028928,1.987083,0.117492,1.313832,0.138581,0.153141,0.130328,1.286772,0.117919,0.518082,1.285987
33.633333,0.888698,2.026269,2.059930,1.856887,2.041020,2.000296,2.029081,1.986818,0.116976,1.308336,0.138328,0.153088,0.130548,1.281160,0.116930,0.510747,1.296126
33.650000,0.889364,2.026274,2.060563,1.867406,2.042256,2.000271,2.029157,1.986533,0.116218,1.302571,0.138269,0.153064,0.131039,1.271222,0.116071,0.500892,1.321836
33.666667,0.889695,2.026267,2.060707,1.875195,2.044135,2.000368,2.029208,1.986244,0.115892,1.296694,0.137579,0.152929,0.131661,1.270267,0.115905,0.488923,1.349617
33.683333,0.889910,2.026257,2.061000,1.883989,2.046262,2.000529,2.029244,1.985983,0.115803,1.290794,0.137002,0.153149,0.132146,1.270956,0.115858,0.477701,1.378883
33.700000,0.890050,2.026246,2.060531,1.888164,2.048472,2.000694,2.029280,1.985678,0.115724,1.285233,0.136510,0.153460,0.132622,1.253593,0.116033,0.464740,1.405191
33.716667,0.890120,2.026230,2.059770,1.889417,2.050684,2.000863,2.029189,1.985524,0.115625,1.274960,0.136065,0.153671,0.133155,1.225687,0.116303,0.452981,1.430377
33.733333,0.890229,2.026218,2.058863,1.891352,2.050955,2.001006,2.028999,1.985084,0.115929,1.264046,0.135402,0.154209,0.133330,1.199492,0.117081,0.438192,1.434144
33.750000,0.890550,2.026209,2.057918,1.890328,2.049384,2.001131,2.028631,1.983930,0.116832,1.251508,0.134404,0.155250,0.132334,1.183888,0.118012,0.416374,1.414588
33.766667,0.891123,2.026161,2.056978,1.886135,2.047217,2.001251,2.028388,1.982677,0.118474,1.243316,0.133638,0.155176,0.129827,1.191648,0.116603,0.390655,1.386489
33.783333,0.895844,2.026310,2.056062,1.880439,2.044800,2.001431,2.028254,1.981901,0.120669,1.236181,0.131713,0.153598,0.128981,1.204419,0.115859,0.364149,1.354288
33.800000,0.901478,2.026472,2.055183,1.874188,2.042805,2.001576,2.028140,1.981397,0.122864,1.228172,0.129858,0.151612,0.128498,1.220673,0.115576,0.338614,1.327834
33.816667,0.904636,2.026530,2.054349,1.867881,2.041333,2.001677,2.028012,1.980965,0.123355,1.219514,0.128692,0.149861,0.128362,1.236528,0.115979,0.314971,1.311577
33.833333,0.906519,2.026539,2.053666,1.863057,2.040066,2.001761,2.027946,1.980597,0.124217,1.212787,0.127861,0.148719,0.127596,1.236644,0.115967,0.294431,1.297287
33.850000,0.911884,2.026718,2.053172,1.855194,2.038980,2.001851,2.028190,1.980119,0.125905,1.217989,0.127339,0.149341,0.124594,1.239455,0.114371,0.284883,1.283908
33.866667,0.925853,2.027350,2.052909,1.847410,2.038120,2.001905,2.028693,1.979529,0.127294,1.233447,0.125641,0.149166,0.122933,1.248001,0.113865,0.281775,1.273746
33.883333,0.936265,2.027815,2.052724,1.839956,2.037104,2.001983,2.029103,1.979001,0.129065,1.245167,0.124109,0.149036,0.121438,1.256001,0.113503,0.281053,1.259940
33.900000,0.942229,2.028063,2.052604,1.832742,2.035360,2.002074,2.029309,1.978640,0.130380,1.249028,0.123091,0.149226,0.120070,1.256708,0.113298,0.282154,1.235452
33.916667,0.946108,2.028211,2.053077,1.833849,2.033614,2.002227,2.029406,1.978398,0.131423,1.248886,0.122384,0.149464,0.119002,1.258384,0.113035,0.278418,1.214975
33.933333,0.951864,2.028443,2.053829,1.839801,2.032851,2.002348,2.029455,1.978183,0.131671,1.246915,0.122144,0.149857,0.118321,1.260440,0.112778,0.267923,1.209964
33.950000,0.959433,2.028766,2.053974,1.833463,2.031881,2.002395,2.029486,1.977964,0.131361,1.244420,0.122031,0.150353,0.117462,1.262247,0.113050,0.261588,1.199912
33.966667,0.968028,2.029147,2.053510,1.819457,2.030486,2.002349,2.029512,1.977746,0.130905,1.242041,0.122139,0.150935,0.116657,1.263266,0.113634,0.253841,1.180486
33.983333,0.957371,2.028648,2.052722,1.802088,2.029211,2.002252,2.029554,1.977516,0.129595,1.240238,0.122903,0.152171,0.117290,1.262963,0.114411,0.244573,1.164745
34.000000,0.932796,2.027474,2.051655,1.783060,2.027978,2.002121,2.029617,1.977255,0.127447,1.239239,0.124140,0.153963,0.119034,1.261113,0.114935,0.231805,1.149860
34.016667,0.909208,2.026337,2.050827,1.760445,2.027726,2.001910,2.029697,1.976951,0.125037,1.238829,0.125110,0.155676,0.120699,1.258255,0.116086,0.221531,1.158725
34.033333,0.894410,2.025629,2.050210,1.739322,2.028236,2.001671,2.029779,1.976619,0.123229,1.238721,0.125791,0.156891,0.122119,1.253849,0.117914,0.213809,1.175517
34.050000,0.888850,2.025282,2.049149,1.710631,2.029200,2.001501,2.029563,1.976725,0.121734,1.227481,0.126559,0.157289,0.123632,1.246452,0.119549,0.208213,1.192727
34.066667,0.888666,2.025149,2.048096,1.679143,2.030505,2.001392,2.029326,1.976949,0.120515,1.215512,0.127174,0.157212,0.124919,1.238666,0.121263,0.204459,1.214079
34.083333,0.888012,2.025017,2.046555,1.636318,2.031761,2.001367,2.028888,1.977437,0.118782,1.196439,0.127465,0.157398,0.126516,1.232007,0.122486,0.203422,1.239133
34.100000,0.887124,2.024879,2.045369,1.601499,2.032185,2.001520,2.028397,1.978001,0.117397,1.175628,0.127483,0.157645,0.127956,1.226629,0.123661,0.194477,1.255111
34.116667,0.886568,2.024765,2.044039,1.562065,2.032377,2.001785,2.027971,1.978495,0.116224,1.158445,0.127538,0.157921,0.129542,1.221669,0.125227,0.186069,1.265794
34.133333,0.888181,2.024741,2.043082,1.526763,2.032539,2.002209,2.027574,1.978942,0.114711,1.143237,0.127947,0.158021,0.131540,1.216384,0.125937,0.180303,1.273034
34.150000,0.890199,2.024748,2.042458,1.493923,2.033006,2.002591,2.027208,1.979339,0.113247,1.129873,0.128443,0.158026,0.133716,1.213106,0.126579,0.176337,1.280984
34.166667,0.892216,2.024757,2.042293,1.473960,2.033852,2.002815,2.026889,1.979687,0.111867,1.118677,0.129010,0.158018,0.135949,1.211399,0.127508,0.170438,1.293900
34.183333,0.893966,2.024767,2.042343,1.469830,2.034780,2.003045,2.026612,1.979981,0.110685,1.109452,0.129445,0.158034,0.138114,1.210470,0.128859,0.165320,1.307925
34.200000,0.895610,2.024785,2.042424,1.467969,2.035587,2.003352,2.026387,1.980227,0.110028,1.102079,0.129708,0.158174,0.139520,1.209944,0.130519,0.162702,1.327624
34.216667,0.896970,2.024802,2.042505,1.466997,2.036504,2.003628,2.026213,1.980418,0.109852,1.096502,0.129989,0.158362,0.140270,1.209644,0.131944,0.161344,1.349062
34.233333,0.897984,2.024809,2.042578,1.466533,2.037224,2.003847,2.026091,1.980550,0.109820,1.092723,0.130239,0.158530,0.140782,1.209475,0.133324,0.160641,1.368241
34.250000,0.898587,2.024804,2.042637,1.466331,2.037635,2.003990,2.026024,1.980626,0.109944,1.090613,0.130482,0.158661,0.140997,1.209381,0.134371,0.160285,1.381400
34.266667,0.898940,2.024792,2.042679,1.466255,2.037856,2.004075,2.025989,1.980667,0.110012,1.089491,0.130599,0.158735,0.141138,1.209331,0.134944,0.160102,1.388468
34.283333,0.899153,2.024777,2.042704,1.466235,2.037978,2.004121,2.025970,1.980689,0.110054,1.088898,0.130663,0.158779,0.141215,1.209305,0.135253,0.160008,1.392328
34.300000,0.899283,2.024764,2.042718,1.466241,2.038077,2.004123,2.025961,1.980701,0.110082,1.088586,0.130698,0.158806,0.141256,1.209292,0.135417,0.159962,1.394470
34.316667,0.899361,2.024756,2.042726,1.466260,2.038158,2.003966,2.025956,1.980707,0.110085,1.088424,0.130718,0.158823,0.141279,1.209286,0.135510,0.159941,1.394989
34.333333,0.899403,2.024751,2.042730,1.466284,2.038249,2.003757,2.025954,1.980711,0.110074,1.088342,0.130729,0.158832,0.141291,1.209284,0.135559,0.159933,1.395199
34.350000,0.899426,2.024749,2.042733,1.466310,2.038353,2.003515,2.025954,1.980714,0.110051,1.088303,0.130736,0.158837,0.141298,1.209283,0.135586,0.159932,1.395413
34.366667,0.899442,2.024747,2.042736,1.466340,2.038473,2.003239,2.025952,1.980715,0.110013,1.088287,0.130721,0.158905,0.141209,1.213909,0.135581,0.159938,1.395719
34.383333,0.899456,2.024745,2.042741,1.466372,2.038606,2.002939,2.025950,1.980715,0.109963,1.088284,0.130683,0.159032,0.141027,1.222771,0.135551,0.159952,1.396135
34.400000,0.899469,2.024744,2.042746,1.466404,2.038749,2.002620,2.025946,1.980715,0.109900,1.088287,0.130632,0.159174,0.140816,1.232434,0.135511,0.159969,1.396665
34.416667,0.899483,2.024743,2.042752,1.466436,2.038894,2.002294,2.025943,1.980714,0.109824,1.088293,0.130569,0.159328,0.140580,1.242510,0.135463,0.159988,1.397280
34.433333,0.899499,2.024743,2.042758,1.466467,2.039028,2.001970,2.025940,1.980714,0.109736,1.088301,0.130494,0.159494,0.140319,1.252739,0.135408,0.160010,1.397923
34.450000,0.899518,2.024744,2.042764,1.466497,2.039136,2.001659,2.025936,1.980715,0.109639,1.088310,0.130410,0.159672,0.140036,1.262923,0.135348,0.160033,1.398512
34.466667,0.899770,2.024783,2.042771,1.466528,2.039199,2.001375,2.025893,1.980625,0.109567,1.088113,0.130012,0.160142,0.139731,1.274117,0.135481,0.160065,1.398943
34.483333,0.900363,2.024881,2.042778,1.466559,2.039209,2.001131,2.025787,1.980350,0.109521,1.087616,0.129410,0.160881,0.139560,1.286443,0.135605,0.160104,1.399132
34.500000,0.900921,2.024973,2.042785,1.466588,2.039175,2.000941,2.025686,1.980119,0.109537,1.087174,0.128907,0.161621,0.139286,1.297042,0.135636,0.160141,1.399059
34.516667,0.902459,2.025097,2.042792,1.466614,2.039149,2.000820,2.025586,1.979896,0.109558,1.086763,0.128469,0.162227,0.139059,1.306097,0.135662,0.160176,1.398913
34.533333,0.905701,2.025277,2.042895,1.467291,2.039077,2.000759,2.025492,1.979671,0.109722,1.086393,0.128106,0.162604,0.138946,1.313685,0.136030,0.162712,1.398491
34.550000,0.909352,2.025471,2.043313,1.477233,2.039439,2.000743,2.025410,1.979413,0.109929,1.086087,0.127782,0.162894,0.138862,1.319809,0.136394,0.164927,1.401959
34.566667,0.913825,2.025698,2.043942,1.491874,2.039879,2.000620,2.025325,1.979189,0.108656,1.085808,0.128149,0.163311,0.139042,1.324371,0.134868,0.168559,1.407612
34.583333,0.923984,2.026215,2.044600,1.506033,2.040252,2.000477,2.025529,1.979139,0.107398,1.096957,0.128262,0.164129,0.138571,1.297740,0.132636,0.174121,1.410962
34.600000,0.939704,2.027016,2.045143,1.514916,2.040651,2.000361,2.025963,1.979109,0.106469,1.116974,0.127856,0.165049,0.137765,1.251094,0.130567,0.182416,1.416203
34.616667,0.955854,2.027796,2.045812,1.533135,2.040324,2.000183,2.026776,1.979257,0.106035,1.153089,0.127277,0.165796,0.136989,1.210654,0.129784,0.184703,1.414065
34.633333,0.980595,2.028898,2.045842,1.542616,2.040308,2.000087,2.027634,1.980154,0.105980,1.189046,0.125903,0.166921,0.135816,1.175252,0.129015,0.186622,1.417070
34.650000,1.013982,2.030450,2.046258,1.553301,2.040659,2.000043,2.028541,1.981008,0.106167,1.225827,0.123962,0.168177,0.134454,1.144012,0.128196,0.189570,1.425577
34.666667,1.048684,2.032032,2.047562,1.571685,2.041106,1.999978,2.029520,1.982261,0.106198,1.264131,0.122639,0.167654,0.133956,1.111710,0.127587,0.194577,1.436872
34.683333,1.083185,2.033512,2.049547,1.601340,2.041735,1.999898,2.031127,1.983879,0.106207,1.321241,0.121937,0.165800,0.134110,1.086372,0.127258,0.201302,1.449568
34.700000,1.114346,2.034529,2.051968,1.635200,2.042416,1.999812,2.032850,1.984930,0.106088,1.383361,0.121491,0.165328,0.133651,1.065410,0.126463,0.209958,1.462499
34.716667,1.141407,2.035131,2.054704,1.670024,2.043065,1.999720,2.033968,1.985799,0.105628,1.423288,0.121685,0.166490,0.132207,1.045269,0.124675,0.219967,1.475262
34.733333,1.159040,2.035478,2.057603,1.703300,2.043650,1.999623,2.034839,1.987234,0.104961,1.448923,0.122338,0.168303,0.130633,1.022224,0.122608,0.230730,1.486990
34.750000,1.149753,2.035070,2.060669,1.734919,2.044097,1.999414,2.035607,1.988830,0.104726,1.471621,0.123353,0.170917,0.129381,1.002940,0.121181,0.242351,1.469786
34.766667,1.125173,2.033927,2.063918,1.765007,2.043803,1.999307,2.035606,1.990192,0.104757,1.479115,0.124891,0.174927,0.127497,0.981729,0.119292,0.254949,1.438237
34.783333,1.099449,2.032892,2.067394,1.793729,2.043024,1.999256,2.035283,1.991499,0.104969,1.478909,0.126906,0.178626,0.125544,0.963244,0.117237,0.268652,1.397534
34.800000,1.086174,2.032613,2.069122,1.811187,2.042040,1.999248,2.034820,1.992633,0.105299,1.474604,0.129255,0.179361,0.124455,0.949368,0.115519,0.277855,1.354570
34.816667,1.079899,2.032606,2.069654,1.822077,2.040957,1.999265,2.034416,1.993391,0.105540,1.468230,0.131490,0.179464,0.124906,0.938884,0.114592,0.283939,1.307754
34.833333,1.078283,2.032678,2.069654,1.829278,2.039870,1.999293,2.034241,1.994025,0.106287,1.462412,0.133616,0.180023,0.125014,0.930264,0.113980,0.288295,1.262472
34.850000,1.084005,2.033061,2.069448,1.835636,2.038124,1.999297,2.034562,1.994526,0.106522,1.467786,0.135173,0.179546,0.126840,0.923054,0.113652,0.292626,1.209470
34.866667,1.095240,2.033641,2.068937,1.840102,2.036936,1.999237,2.035012,1.994901,0.106500,1.475713,0.136127,0.179340,0.128537,0.916794,0.113565,0.296229,1.174375
34.883333,1.110591,2.034407,2.068425,1.845204,2.036042,1.999164,2.035535,1.995158,0.105808,1.484293,0.136499,0.179375,0.130042,0.911479,0.113469,0.300864,1.153670
34.900000,1.107933,2.034425,2.067831,1.850230,2.035625,1.999078,2.035916,1.995266,0.104605,1.489868,0.137589,0.178521,0.131615,0.907850,0.113005,0.306066,1.146909
34.916667,1.087820,2.033710,2.067806,1.860257,2.035449,1.999007,2.036064,1.995248,0.103226,1.492820,0.140670,0.177692,0.133899,0.905554,0.111952,0.316095,1.142358
34.933333,1.061711,2.032817,2.068624,1.872235,2.034831,1.998967,2.036123,1.995179,0.102491,1.494415,0.142870,0.177741,0.133826,0.904188,0.110823,0.329373,1.129127
34.950000,1.049369,2.032592,2.070279,1.887215,2.034526,1.998966,2.036133,1.995095,0.102297,1.495275,0.143902,0.178635,0.132422,0.903208,0.109258,0.348370,1.121914
34.966667,1.030103,2.032038,2.072748,1.905158,2.034359,1.998991,2.036109,1.994986,0.101955,1.495749,0.145357,0.179745,0.130905,0.902522,0.107720,0.375168,1.119788
34.983333,1.001863,2.031077,2.073928,1.920704,2.034418,1.999047,2.036067,1.994861,0.101365,1.496036,0.147690,0.181386,0.129377,0.902038,0.106223,0.406407,1.124128
35.000000,0.977439,2.030258,2.074024,1.929961,2.034622,1.999143,2.035996,1.994719,0.101760,1.496098,0.149802,0.182492,0.128225,0.901695,0.105385,0.435236,1.130493
35.016667,0.959735,2.029686,2.073847,1.932689,2.035055,1.999240,2.035032,1.994593,0.102721,1.476874,0.150336,0.181162,0.128628,0.901493,0.105146,0.448969,1.139386
35.033333,0.929749,2.028592,2.072081,1.924008,2.035308,1.999290,2.034193,1.994440,0.103627,1.457717,0.151461,0.179257,0.129985,0.901366,0.105326,0.444518,1.146417
35.050000,0.904104,2.027651,2.070022,1.911618,2.035934,1.999355,2.033622,1.994273,0.104569,1.445025,0.152837,0.177378,0.131208,0.901272,0.106129,0.434162,1.165720
35.066667,0.888898,2.027096,2.067927,1.898011,2.037343,1.999413,2.033206,1.994101,0.105213,1.436175,0.154273,0.175398,0.132383,0.901193,0.106883,0.421049,1.199955
35.083333,0.873892,2.026547,2.066615,1.888070,2.038346,1.999442,2.032886,1.993927,0.105543,1.429629,0.155762,0.173894,0.133632,0.901109,0.106034,0.405686,1.221163
35.100000,0.859732,2.026072,2.065848,1.877378,2.039036,1.999466,2.032615,1.993754,0.106013,1.424571,0.155692,0.172955,0.134041,0.901063,0.105660,0.399182,1.235121
35.116667,0.832951,2.025151,2.065829,1.871198,2.039624,1.999472,2.032380,1.993587,0.106446,1.420452,0.155832,0.173062,0.134721,0.901013,0.105414,0.403509,1.245465
35.133333,0.819718,2.024603,2.066603,1.874322,2.040058,1.999467,2.032169,1.993424,0.106858,1.416945,0.155749,0.172526,0.135635,0.900915,0.105844,0.416929,1.252551
35.150000,0.797724,2.023687,2.066618,1.881694,2.040348,1.999473,2.031967,1.993238,0.106977,1.413940,0.155831,0.173623,0.136545,0.900762,0.106522,0.434183,1.256232
35.166667,0.772421,2.022492,2.066564,1.885088,2.040541,1.999520,2.031796,1.993084,0.107964,1.411358,0.155673,0.172476,0.137106,0.900709,0.108450,0.456876,1.258518
35.183333,0.735619,2.020743,2.065802,1.885865,2.040675,1.999638,2.031647,1.992933,0.109873,1.409152,0.155843,0.170547,0.138041,0.900683,0.110965,0.481064,1.265456
35.200000,0.710092,2.019329,2.064788,1.885983,2.040826,1.999797,2.031522,1.992810,0.112010,1.407328,0.155687,0.168410,0.138585,0.900669,0.113470,0.498244,1.275001
35.216667,0.713289,2.019046,2.064142,1.885123,2.041106,1.999930,2.031428,1.992741,0.113349,1.405921,0.155197,0.165866,0.138794,0.900641,0.115033,0.509174,1.287277
35.233333,0.733349,2.019161,2.063789,1.884649,2.041541,2.000012,2.031366,1.992720,0.114091,1.404912,0.154812,0.162933,0.139405,0.900605,0.116124,0.515255,1.296080
35.250000,0.761854,2.019375,2.063602,1.884397,2.041954,2.000123,2.031329,1.992736,0.115055,1.404247,0.154080,0.160372,0.139387,0.900567,0.117095,0.518567,1.303944
35.266667,0.789493,2.019712,2.063514,1.884278,2.042258,2.000254,2.031297,1.992717,0.116142,1.403912,0.153590,0.158394,0.139493,0.900505,0.117873,0.520355,1.311596
35.283333,0.810280,2.020492,2.063471,1.884219,2.042403,2.000378,2.031279,1.992688,0.117513,1.403798,0.151145,0.157209,0.138787,0.900421,0.118592,0.521346,1.316448
35.300000,0.822847,2.021101,2.063455,1.884196,2.042481,2.000454,2.031262,1.992640,0.118434,1.403737,0.148417,0.156476,0.138018,0.900345,0.119356,0.521892,1.319096
35.316667,0.829851,2.021447,2.063452,1.884190,2.042522,2.000495,2.031247,1.992602,0.119025,1.403704,0.146247,0.156519,0.137117,0.900303,0.120272,0.522180,1.320380
35.333333,0.833660,2.021636,2.063452,1.884187,2.042544,2.000516,2.031238,1.992581,0.119339,1.403686,0.145106,0.156565,0.136636,0.900280,0.120752,0.522327,1.321027
35.350000,0.835691,2.021732,2.063452,1.884186,2.042556,2.000527,2.031234,1.992572,0.119504,1.403676,0.144542,0.156631,0.136355,0.900270,0.120993,0.522396,1.321370
35.366667,0.836778,2.021782,2.063453,1.884185,2.042562,2.000533,2.031231,1.992568,0.119592,1.403672,0.144254,0.156681,0.136196,0.900265,0.121121,0.522424,1.321550
35.383333,0.837364,2.021809,2.063454,1.884184,2.042565,2.000536,2.031230,1.992566,0.119639,1.403670,0.144098,0.156708,0.136110,0.900262,0.121190,0.522431,1.321642
35.400000,0.837680,2.021824,2.063455,1.884184,2.042567,2.000538,2.031229,1.992564,0.119664,1.403670,0.144015,0.156724,0.136064,0.900261,0.121226,0.522427,1.321688
35.416667,0.837851,2.021832,2.063456,1.884184,2.042568,2.000539,2.031229,1.992563,0.119677,1.403671,0.143970,0.156733,0.136040,0.900261,0.121246,0.522417,1.321708
35.433333,0.837942,2.021837,2.063458,1.884184,2.042569,2.000539,2.031228,1.992563,0.119683,1.403672,0.143947,0.156738,0.136026,0.900261,0.121256,0.522406,1.321715
35.450000,0.837991,2.021839,2.063458,1.884184,2.042569,2.000539,2.031228,1.992562,0.119686,1.403673,0.143934,0.156742,0.136019,0.900262,0.121261,0.522395,1.321716
35.466667,0.838016,2.021836,2.063824,1.885531,2.042452,2.000591,2.031232,1.992374,0.119591,1.403690,0.143924,0.156743,0.136008,0.900270,0.121239,0.525490,1.321757
35.483333,0.838128,2.021846,2.064445,1.888804,2.041812,2.000670,2.031251,1.991791,0.119575,1.403763,0.143499,0.156616,0.136110,0.911057,0.121553,0.526949,1.313588
35.500000,0.838742,2.021941,2.064977,1.892823,2.041148,2.000720,2.031270,1.991190,0.119654,1.403852,0.141463,0.156564,0.136146,0.941115,0.122909,0.526858,1.303895
35.516667,0.839606,2.022079,2.065595,1.897188,2.040718,2.000665,2.031286,1.990697,0.119590,1.403937,0.138766,0.156559,0.136305,0.979706,0.124753,0.526597,1.296220
35.533333,0.840633,2.022239,2.066235,1.901466,2.040396,2.000554,2.031275,1.990238,0.119447,1.403212,0.135790,0.156651,0.136627,1.021297,0.126892,0.525905,1.290246
35.550000,0.841787,2.022406,2.066456,1.903652,2.039987,2.000422,2.031170,1.990103,0.120024,1.399687,0.133116,0.157473,0.135294,1.061324,0.128122,0.525262,1.289012
35.566667,0.844033,2.022571,2.066503,1.904723,2.039564,2.000298,2.031076,1.989926,0.120268,1.396534,0.131478,0.157815,0.134570,1.084673,0.128927,0.524527,1.292616
35.583333,0.847499,2.022749,2.066560,1.905577,2.039264,2.000240,2.030770,1.989865,0.120290,1.385311,0.130802,0.157804,0.134094,1.096211,0.128943,0.525922,1.299215
35.600000,0.849363,2.022836,2.066789,1.907196,2.039699,2.000263,2.030482,1.989771,0.120201,1.374180,0.130439,0.157811,0.133801,1.096511,0.128848,0.543012,1.312714
35.616667,0.850367,2.022874,2.067077,1.909079,2.040308,2.000313,2.030512,1.989587,0.120610,1.367022,0.130500,0.157865,0.132722,1.107054,0.127567,0.563752,1.327503
35.633333,0.850905,2.022884,2.067162,1.916745,2.040660,2.000304,2.030622,1.989353,0.121255,1.360544,0.130911,0.157965,0.131268,1.126184,0.124782,0.553224,1.334599
35.650000,0.851194,2.022881,2.067331,1.923546,2.041171,2.000227,2.030712,1.989104,0.121784,1.354355,0.131490,0.158089,0.129597,1.147107,0.121108,0.543756,1.336944
35.666667,0.851352,2.022870,2.066793,1.925140,2.041457,2.000194,2.031234,1.988805,0.122557,1.363934,0.132224,0.158242,0.127769,1.167435,0.117490,0.532311,1.338474
35.683333,0.851450,2.022858,2.065622,1.922582,2.042193,2.000227,2.031746,1.988332,0.123488,1.375483,0.133140,0.158436,0.125881,1.186255,0.114119,0.518269,1.346586
35.700000,0.851938,2.022899,2.064180,1.918169,2.043110,2.000281,2.031772,1.987304,0.124434,1.377349,0.132746,0.159492,0.123246,1.203265,0.112360,0.502248,1.364177
35.716667,0.859682,2.023334,2.062971,1.914171,2.043920,2.000346,2.031514,1.985784,0.125689,1.373805,0.130892,0.160395,0.120409,1.218412,0.111681,0.485226,1.381564
35.733333,0.868601,2.023800,2.061234,1.907632,2.044618,2.000423,2.031128,1.984581,0.127131,1.363655,0.129167,0.161130,0.117609,1.231833,0.111143,0.465358,1.398819
35.750000,0.878183,2.024288,2.059496,1.901155,2.045194,2.000506,2.030860,1.983778,0.128829,1.353592,0.127536,0.161790,0.114844,1.243313,0.110694,0.443708,1.415228
35.766667,0.886605,2.024716,2.057818,1.896203,2.045602,2.000615,2.030624,1.983062,0.131240,1.343306,0.125923,0.162443,0.112129,1.262520,0.110015,0.419702,1.424809
35.783333,0.892223,2.024996,2.056533,1.890130,2.045972,2.000776,2.030419,1.982436,0.134407,1.333035,0.124331,0.163021,0.109521,1.290174,0.108873,0.393150,1.429628
35.800000,0.896005,2.025030,2.055625,1.884774,2.046047,2.000962,2.030240,1.981926,0.136177,1.322922,0.123128,0.163720,0.107472,1.317474,0.109183,0.368058,1.431849
35.816667,0.900002,2.024999,2.055033,1.877124,2.045986,2.001081,2.030095,1.981561,0.137202,1.313148,0.121589,0.164576,0.105686,1.329394,0.111072,0.357080,1.432888
35.833333,0.902904,2.024904,2.054722,1.869906,2.045899,2.001237,2.029959,1.981246,0.138625,1.303588,0.120561,0.165316,0.103873,1.331196,0.112132,0.354604,1.433263
35.850000,0.904814,2.024781,2.054733,1.866320,2.045895,2.001381,2.029846,1.981028,0.140341,1.294473,0.119592,0.166030,0.102096,1.329906,0.112876,0.350835,1.433508
35.866667,0.906125,2.024640,2.054747,1.865295,2.045882,2.001495,2.029747,1.980868,0.141895,1.285804,0.118730,0.166719,0.100489,1.320607,0.113673,0.332796,1.433606
35.883333,0.907099,2.024499,2.054382,1.856467,2.046216,2.001557,2.029635,1.980592,0.142721,1.277297,0.118135,0.167217,0.099729,1.304644,0.114315,0.317030,1.434255
35.900000,0.912687,2.024600,2.053366,1.840824,2.046096,2.001577,2.029537,1.980328,0.142621,1.269335,0.117186,0.167073,0.099873,1.298007,0.115572,0.297779,1.427202
35.916667,0.916110,2.024578,2.052194,1.821175,2.044369,2.001607,2.029462,1.980148,0.142904,1.262157,0.116764,0.167263,0.099576,1.297732,0.116544,0.282132,1.395407
35.933333,0.918134,2.024505,2.051031,1.798151,2.042374,2.001642,2.029406,1.980000,0.143116,1.255766,0.116616,0.167492,0.099603,1.298556,0.117169,0.271839,1.356002
35.950000,0.891860,2.023130,2.049783,1.772955,2.040322,2.001711,2.029370,1.979910,0.143555,1.250192,0.118360,0.168061,0.100036,1.299165,0.117243,0.260770,1.313419
35.966667,0.863659,2.021660,2.048627,1.747498,2.038327,2.001724,2.029348,1.979787,0.143457,1.245513,0.118907,0.166812,0.101498,1.298934,0.118674,0.249494,1.275295
35.983333,0.833694,2.019838,2.047691,1.724309,2.036411,2.001680,2.029357,1.979660,0.141962,1.241820,0.119418,0.165816,0.103680,1.297659,0.121539,0.237371,1.245882
36.000000,0.832211,2.019490,2.046597,1.698591,2.034675,2.001666,2.029392,1.979477,0.139930,1.239116,0.119894,0.162516,0.106628,1.295091,0.123693,0.226179,1.219635
36.016667,0.841581,2.019691,2.045409,1.670761,2.033620,2.001648,2.029491,1.979291,0.138082,1.238056,0.120346,0.159346,0.109398,1.291700,0.125988,0.215035,1.204700
36.033333,0.848878,2.019812,2.044222,1.641020,2.032892,2.001619,2.029664,1.979105,0.136683,1.238861,0.120388,0.157616,0.111534,1.286976,0.128875,0.203458,1.194303
36.050000,0.852818,2.019814,2.043031,1.609416,2.032314,2.001708,2.029803,1.978948,0.135125,1.239201,0.120511,0.156751,0.113929,1.280530,0.131227,0.192777,1.183156
36.066667,0.853799,2.019684,2.041969,1.578848,2.032033,2.001890,2.029925,1.978765,0.132325,1.239396,0.120985,0.156463,0.117250,1.272933,0.132731,0.183471,1.180665
36.083333,0.854029,2.019534,2.041223,1.550485,2.031842,2.002163,2.029723,1.979021,0.129116,1.226141,0.121573,0.156426,0.120936,1.264209,0.133835,0.176526,1.179920
36.100000,0.853586,2.019360,2.041012,1.532657,2.031706,2.002529,2.029291,1.979550,0.126437,1.204040,0.122436,0.156590,0.123250,1.254569,0.133548,0.170517,1.179722
36.116667,0.853947,2.019235,2.040892,1.519698,2.031739,2.002955,2.028941,1.979981,0.124397,1.186848,0.123337,0.156710,0.124400,1.246995,0.132442,0.167445,1.182141
36.133333,0.854136,2.019092,2.040603,1.506151,2.031892,2.003436,2.028587,1.980413,0.122810,1.170473,0.124566,0.156955,0.124812,1.240757,0.130918,0.166240,1.185883
36.150000,0.854209,2.018958,2.040456,1.498237,2.032336,2.003880,2.028267,1.980810,0.121026,1.156050,0.126266,0.157319,0.125926,1.236138,0.129765,0.165616,1.199748
36.166667,0.854271,2.018854,2.040443,1.493452,2.032960,2.004288,2.027982,1.981164,0.118560,1.143570,0.127934,0.157636,0.128557,1.232991,0.129467,0.165259,1.219305
36.183333,0.855123,2.018777,2.040457,1.490352,2.033719,2.004710,2.027735,1.981464,0.116652,1.133103,0.129331,0.157869,0.130164,1.228810,0.128521,0.165053,1.238222
36.200000,0.856273,2.018732,2.040486,1.488214,2.034566,2.005158,2.027530,1.981711,0.115191,1.124676,0.130711,0.158112,0.131302,1.225709,0.127285,0.164899,1.257450
36.216667,0.857179,2.018695,2.040523,1.486749,2.035478,2.005555,2.027373,1.981899,0.113956,1.118294,0.131993,0.158367,0.132388,1.223454,0.126322,0.164807,1.276653
36.233333,0.857825,2.018658,2.040560,1.485784,2.036460,2.005872,2.027266,1.982029,0.112796,1.113961,0.133183,0.158619,0.133617,1.222241,0.126124,0.164745,1.295171
36.250000,0.858230,2.018616,2.040597,1.485242,2.037338,2.006088,2.027204,1.982102,0.111901,1.111501,0.134115,0.158823,0.134430,1.224417,0.126215,0.164761,1.305734
36.266667,0.858495,2.018571,2.040626,1.484972,2.038224,2.006208,2.027168,1.982139,0.111218,1.110174,0.135109,0.159033,0.135265,1.227320,0.126156,0.164777,1.311552
36.283333,0.858684,2.018526,2.040644,1.484837,2.039265,2.006253,2.027147,1.982159,0.110272,1.109467,0.136253,0.159267,0.136319,1.230627,0.126084,0.164778,1.325319
36.300000,0.858825,2.018482,2.040654,1.484775,2.040068,2.006362,2.027136,1.982169,0.109481,1.109095,0.137229,0.159467,0.137113,1.232695,0.125715,0.164779,1.338964
36.316667,0.858981,2.018452,2.040657,1.484748,2.040699,2.006369,2.027131,1.982177,0.108714,1.108912,0.137982,0.159948,0.137620,1.233807,0.125925,0.164728,1.357325
36.333333,0.859099,2.018417,2.040660,1.484747,2.041027,2.006270,2.027121,1.982180,0.107914,1.108825,0.138504,0.160232,0.138236,1.234412,0.126719,0.164662,1.374520
36.350000,0.859225,2.018403,2.040664,1.484758,2.041189,2.005972,2.027111,1.982179,0.107218,1.108791,0.138824,0.160373,0.138905,1.234741,0.127650,0.164595,1.388993
36.366667,0.859293,2.018396,2.040666,1.484774,2.041234,2.005630,2.027104,1.982178,0.106790,1.108780,0.139021,0.160453,0.139321,1.234919,0.128239,0.164556,1.396040
36.383333,0.859349,2.018392,2.040670,1.484795,2.041279,2.005288,2.027098,1.982177,0.106535,1.108781,0.139109,0.160706,0.139299,1.243719,0.128524,0.164544,1.400081
36.400000,0.859392,2.018391,2.040675,1.484819,2.041319,2.004929,2.027093,1.982175,0.106371,1.108786,0.139137,0.160989,0.139106,1.254548,0.128654,0.164546,1.402471
36.416667,0.859987,2.018487,2.040680,1.484842,2.041355,2.004554,2.027090,1.982184,0.106269,1.108793,0.138278,0.161164,0.139168,1.269310,0.128830,0.164565,1.403965
36.433333,0.860583,2.018582,2.040685,1.484866,2.041383,2.004171,2.027088,1.982195,0.106203,1.108800,0.137384,0.161511,0.139084,1.283881,0.129047,0.164592,1.404953
36.450000,0.861151,2.018674,2.040690,1.484888,2.041399,2.003783,2.027061,1.982113,0.106141,1.108726,0.136575,0.161894,0.138974,1.297205,0.129206,0.164619,1.405641
36.466667,0.861700,2.018766,2.040695,1.484909,2.041391,2.003393,2.026970,1.981790,0.106075,1.108450,0.135849,0.162316,0.138860,1.309141,0.129389,0.164650,1.406155
36.483333,0.862223,2.018854,2.040699,1.484930,2.041357,2.003009,2.026857,1.981489,0.106006,1.108121,0.135200,0.162766,0.138740,1.319611,0.129593,0.164682,1.406552
36.500000,0.862729,2.018942,2.040703,1.484949,2.041207,2.002474,2.026669,1.981352,0.105921,1.107621,0.134622,0.163242,0.138592,1.328631,0.129711,0.164712,1.406844
36.516667,0.863179,2.019021,2.040732,1.485162,2.040968,2.001839,2.026494,1.981344,0.105815,1.107165,0.134138,0.163696,0.138441,1.335759,0.129842,0.165459,1.407015
36.533333,0.863644,2.019102,2.040897,1.488235,2.040693,2.001225,2.026329,1.981369,0.105699,1.106733,0.133671,0.164206,0.138281,1.342099,0.130159,0.167372,1.407020
36.550000,0.864098,2.019183,2.041179,1.495655,2.040467,2.000698,2.026157,1.981327,0.105607,1.106277,0.133252,0.164732,0.138143,1.347251,0.130503,0.167932,1.406994
36.566667,0.866767,2.019354,2.041605,1.506264,2.040220,2.000315,2.025981,1.981287,0.105582,1.105821,0.132918,0.165056,0.138194,1.351343,0.131567,0.169107,1.406689
36.583333,0.870158,2.019579,2.042156,1.519477,2.039949,2.000050,2.025805,1.981229,0.105734,1.105370,0.132468,0.165727,0.138200,1.305709,0.133108,0.170931,1.405928
36.600000,0.873010,2.019776,2.042753,1.533622,2.039483,1.999827,2.025760,1.981173,0.105928,1.110614,0.132078,0.166384,0.138196,1.260059,0.134563,0.172796,1.401281
36.616667,0.878488,2.020066,2.042537,1.536970,2.039400,1.999644,2.026263,1.981061,0.105182,1.140634,0.132474,0.166731,0.138366,1.221106,0.134874,0.176439,1.400210
36.633333,0.890527,2.020695,2.042681,1.538043,2.039497,1.999543,2.026812,1.980943,0.103583,1.172083,0.133310,0.167204,0.138470,1.189219,0.133559,0.182771,1.400361
36.650000,0.902598,2.021328,2.043600,1.551279,2.039856,1.999472,2.027307,1.980851,0.102737,1.200349,0.133571,0.167940,0.138166,1.158656,0.131755,0.186651,1.401045
36.666667,0.910517,2.021621,2.045157,1.577047,2.038783,1.999411,2.027831,1.981237,0.102383,1.227986,0.133931,0.168961,0.138207,1.131766,0.130117,0.191735,1.372180
36.683333,0.906020,2.021307,2.047176,1.609794,2.038486,1.999355,2.028535,1.982497,0.101982,1.253907,0.134383,0.170696,0.138573,1.106054,0.128957,0.199326,1.354491
36.700000,0.925281,2.022001,2.049585,1.645892,2.039397,1.999327,2.029173,1.984170,0.101434,1.273347,0.135838,0.170346,0.138572,1.084016,0.127598,0.209025,1.356367
36.716667,0.943241,2.022534,2.052367,1.683569,2.039578,1.999295,2.029922,1.985826,0.101143,1.297593,0.137559,0.171381,0.137642,1.062024,0.126002,0.220841,1.346233
36.733333,0.959269,2.022879,2.055531,1.721849,2.038728,1.999247,2.030444,1.987106,0.101138,1.317389,0.139548,0.173995,0.135758,1.032000,0.124166,0.234889,1.322611
36.750000,0.973574,2.023105,2.059123,1.760314,2.037428,1.999198,2.030843,1.988398,0.101182,1.332705,0.142215,0.176032,0.134314,1.015176,0.122453,0.251428,1.293827
36.766667,1.004125,2.024504,2.063246,1.799055,2.036216,1.999184,2.031159,1.989687,0.101358,1.344746,0.142824,0.177790,0.132818,0.995815,0.121101,0.271298,1.266339
36.783333,1.041785,2.026607,2.067977,1.834849,2.035129,1.999205,2.031293,1.990916,0.101540,1.351118,0.142344,0.178978,0.131653,0.979684,0.120062,0.291487,1.241172
36.800000,1.067560,2.028465,2.071602,1.858821,2.033878,1.999247,2.031319,1.992130,0.101876,1.354435,0.142107,0.179310,0.131087,0.966600,0.119439,0.312538,1.213992
36.816667,1.078019,2.029504,2.071859,1.869492,2.032695,1.999308,2.031330,1.993074,0.102298,1.359560,0.142009,0.179707,0.130836,0.955273,0.119051,0.321629,1.188209
36.833333,1.076228,2.029654,2.071981,1.877592,2.031227,1.999385,2.031746,1.993711,0.102810,1.374226,0.141726,0.182071,0.130118,0.944473,0.118575,0.329519,1.159639
36.850000,1.069557,2.029410,2.072145,1.885493,2.029703,1.999485,2.032258,1.994216,0.103288,1.387938,0.141364,0.185913,0.129100,0.933799,0.117924,0.338413,1.132008
36.866667,1.064915,2.029223,2.072612,1.895295,2.028176,1.999598,2.032690,1.994607,0.103719,1.396893,0.140956,0.190902,0.127871,0.923211,0.116986,0.350806,1.102646
36.883333,1.090998,2.030878,2.073024,1.906248,2.027267,1.999728,2.032925,1.994864,0.103743,1.398507,0.140624,0.192812,0.127334,0.912756,0.115927,0.366923,1.084169
36.900000,1.102671,2.031709,2.073310,1.918555,2.026712,1.999886,2.032921,1.994988,0.103457,1.393813,0.140741,0.193836,0.127574,0.902614,0.115109,0.388049,1.075083
36.916667,1.101072,2.031876,2.073591,1.931178,2.026342,2.000004,2.032794,1.994973,0.103088,1.389566,0.141105,0.193834,0.128566,0.893528,0.114811,0.414195,1.066608
36.933333,1.087651,2.031527,2.073058,1.937790,2.026097,2.000068,2.032681,1.994902,0.103038,1.386738,0.141714,0.192909,0.129806,0.887579,0.114856,0.434605,1.058877
36.950000,1.065960,2.030893,2.071224,1.933779,2.025942,2.000080,2.032598,1.994793,0.103373,1.385150,0.142405,0.191303,0.131100,0.883950,0.115221,0.436646,1.051341
36.966667,1.037882,2.030058,2.069883,1.926512,2.025769,2.000075,2.032516,1.994650,0.103538,1.384208,0.143687,0.189257,0.132949,0.881863,0.115942,0.439558,1.044335
36.983333,1.003004,2.028939,2.069198,1.919093,2.025568,2.000070,2.032429,1.994481,0.103494,1.383592,0.146730,0.186996,0.135230,0.880635,0.115609,0.448296,1.037375
37.000000,0.971121,2.027916,2.068392,1.909396,2.025468,2.000071,2.032339,1.994304,0.103611,1.383138,0.149215,0.183986,0.137588,0.879908,0.115873,0.459603,1.035567
37.016667,0.930589,2.026436,2.067402,1.898119,2.025456,2.000069,2.032240,1.994101,0.103496,1.382800,0.152711,0.181729,0.140395,0.879475,0.116154,0.469737,1.039190
37.033333,0.893649,2.025143,2.066306,1.886827,2.025597,2.000097,2.032132,1.993896,0.103496,1.382499,0.155974,0.179262,0.143196,0.879219,0.116351,0.475432,1.051016
37.050000,0.860479,2.024159,2.065879,1.879665,2.025891,2.000162,2.032021,1.993709,0.104582,1.382200,0.155697,0.179142,0.142554,0.879068,0.116989,0.480387,1.067966
37.066667,0.832659,2.023261,2.065833,1.874714,2.026141,2.000197,2.031906,1.993503,0.105523,1.381931,0.155268,0.177231,0.143208,0.878998,0.118401,0.488967,1.074995
37.083333,0.816236,2.022515,2.066379,1.874381,2.026482,2.000253,2.031779,1.993290,0.106308,1.381653,0.154174,0.175189,0.143794,0.878954,0.120645,0.495383,1.088470
37.100000,0.782887,2.020878,2.066125,1.872754,2.026918,2.000331,2.031356,1.993071,0.106962,1.366069,0.153678,0.175420,0.144144,0.878936,0.122231,0.500276,1.109692
37.116667,0.751642,2.019315,2.064846,1.864082,2.027743,2.000426,2.030957,1.992860,0.107965,1.352944,0.153930,0.173548,0.145670,0.878944,0.123543,0.512601,1.130695
37.133333,0.720028,2.017772,2.064232,1.862219,2.028861,2.000501,2.030666,1.992657,0.109631,1.344836,0.154360,0.171757,0.146531,0.878962,0.124046,0.513793,1.146854
37.150000,0.687394,2.016211,2.063972,1.863366,2.030067,2.000586,2.030439,1.992463,0.112015,1.339543,0.154957,0.170032,0.146669,0.878987,0.123795,0.510344,1.163331
37.166667,0.671345,2.015252,2.063980,1.863349,2.031292,2.000676,2.030251,1.992294,0.114804,1.335819,0.154878,0.167667,0.146192,0.879010,0.123172,0.508456,1.180136
37.183333,0.693601,2.015551,2.064227,1.863524,2.032469,2.000760,2.030097,1.992179,0.117418,1.333088,0.153659,0.164280,0.144927,0.879003,0.122192,0.505594,1.197317
37.200000,0.733843,2.016270,2.064538,1.865050,2.033475,2.000832,2.029973,1.992110,0.119817,1.331047,0.151692,0.160800,0.143123,0.878978,0.121429,0.500624,1.212719
37.216667,0.778034,2.017107,2.064783,1.865828,2.034152,2.000911,2.029870,1.992052,0.121935,1.329525,0.149455,0.157858,0.140858,0.878935,0.121015,0.498078,1.223674
37.233333,0.807094,2.017899,2.064994,1.865569,2.034540,2.000960,2.029836,1.991908,0.123558,1.326291,0.147805,0.155587,0.139578,0.878849,0.120718,0.497570,1.229879
37.250000,0.823599,2.018419,2.064945,1.864739,2.034751,2.000984,2.029818,1.991791,0.124543,1.324124,0.146519,0.154229,0.138860,0.878779,0.120702,0.497034,1.233290
37.266667,0.832664,2.018698,2.064864,1.863742,2.034864,2.000996,2.029807,1.991727,0.125103,1.322958,0.145574,0.153641,0.138228,0.878742,0.120833,0.496719,1.235126
37.283333,0.837612,2.018833,2.064821,1.863203,2.034924,2.001002,2.029800,1.991691,0.125405,1.322330,0.145061,0.153333,0.137882,0.878721,0.120907,0.496551,1.236110
37.300000,0.840315,2.018890,2.064799,1.862914,2.034957,2.001005,2.029795,1.991670,0.125566,1.321993,0.144784,0.153170,0.137698,0.878710,0.120946,0.496458,1.236633
37.316667,0.841777,2.018908,2.064788,1.862758,2.034974,2.001006,2.029793,1.991661,0.125652,1.321813,0.144668,0.153123,0.137588,0.878706,0.120965,0.496404,1.236908
37.333333,0.842570,2.018913,2.064782,1.862674,2.034983,2.001007,2.029791,1.991657,0.125698,1.321717,0.144602,0.153115,0.137515,0.878704,0.120979,0.496372,1.237050
37.350000,0.843001,2.018917,2.064779,1.862628,2.034987,2.001007,2.029791,1.991655,0.125722,1.321667,0.144545,0.153116,0.137462,0.878704,0.120993,0.496352,1.237120
37.366667,0.843233,2.018919,2.064778,1.862604,2.034989,2.001008,2.029790,1.991654,0.125734,1.321641,0.144515,0.153118,0.137434,0.878705,0.121000,0.496338,1.237153
37.383333,0.843357,2.018920,2.064906,1.863211,2.035000,2.001019,2.029789,1.991652,0.125794,1.321626,0.144497,0.153119,0.137391,0.878707,0.120870,0.498063,1.237208
37.400000,0.843422,2.018921,2.065229,1.864603,2.035018,2.001041,2.029786,1.991650,0.125904,1.321616,0.144484,0.153120,0.137333,0.878710,0.120638,0.500485,1.237290
37.416667,0.843456,2.018921,2.065585,1.866306,2.035037,2.001064,2.029783,1.991648,0.126028,1.321609,0.144475,0.153120,0.137276,0.878712,0.120390,0.503107,1.237374
37.433333,0.843473,2.018921,2.065972,1.868131,2.035058,2.001089,2.029780,1.991645,0.126168,1.321603,0.144468,0.153121,0.137215,0.878714,0.120120,0.505911,1.237465
37.450000,0.843481,2.018920,2.066461,1.870411,2.035128,2.001128,2.029776,1.991642,0.126242,1.321598,0.144461,0.153121,0.137158,0.878717,0.119848,0.509530,1.239778
37.466667,0.843483,2.018913,2.067380,1.874643,2.035395,2.001223,2.029781,1.991251,0.126043,1.321619,0.144453,0.153121,0.137107,0.878722,0.119551,0.516527,1.251040
37.483333,0.843575,2.018923,2.067718,1.877364,2.035641,2.001309,2.029794,1.990623,0.125928,1.321664,0.144016,0.152972,0.137137,0.889149,0.119547,0.520439,1.261132
37.500000,0.844135,2.019020,2.067758,1.878714,2.035789,2.001364,2.029808,1.990055,0.126061,1.321731,0.141927,0.152830,0.136978,0.918298,0.120595,0.521817,1.267150
37.516667,0.844926,2.019159,2.067785,1.879503,2.035672,2.001392,2.029827,1.989396,0.126304,1.321822,0.139158,0.152703,0.136875,0.955821,0.122178,0.522416,1.270425
37.533333,0.845869,2.019323,2.067929,1.880483,2.035871,2.001467,2.029843,1.988774,0.126315,1.321916,0.136122,0.152669,0.136868,0.996562,0.123960,0.522801,1.284527
37.550000,0.846748,2.019473,2.067981,1.881162,2.036113,2.001544,2.029858,1.988160,0.126312,1.322005,0.133471,0.152722,0.136952,1.031454,0.125606,0.522539,1.298076
37.566667,0.847250,2.019554,2.068027,1.881709,2.035973,2.001538,2.029800,1.987819,0.126103,1.320288,0.132003,0.152793,0.137012,1.050263,0.126506,0.521989,1.310296
37.583333,0.847523,2.019591,2.068072,1.882172,2.035755,2.001512,2.029711,1.987435,0.125784,1.316909,0.131216,0.152871,0.137016,1.060395,0.126940,0.521224,1.322482
37.600000,0.847651,2.019600,2.068137,1.882707,2.035503,2.001484,2.029422,1.987290,0.125416,1.305280,0.130785,0.152901,0.137017,1.064580,0.127120,0.522604,1.334452
37.616667,0.847708,2.019596,2.068244,1.888896,2.035300,2.001484,2.029225,1.987088,0.125314,1.295284,0.130503,0.152905,0.136823,1.062774,0.127198,0.516484,1.346461
37.633333,0.847731,2.019582,2.068472,1.899446,2.034803,2.001442,2.029298,1.986829,0.125881,1.287292,0.130454,0.152933,0.135692,1.058181,0.126651,0.510844,1.357422
37.650000,0.847737,2.019565,2.068443,1.908758,2.034210,2.001371,2.029361,1.986541,0.126353,1.280153,0.130664,0.152995,0.134526,1.046410,0.125816,0.499707,1.367785
37.666667,0.847735,2.019547,2.067548,1.911923,2.034297,2.001168,2.029395,1.986239,0.126783,1.273615,0.130989,0.153069,0.133442,1.045161,0.124956,0.489157,1.366833
37.683333,0.847729,2.019528,2.066174,1.910864,2.034776,2.000937,2.029424,1.985925,0.127137,1.267611,0.131339,0.153143,0.132465,1.050925,0.124146,0.482482,1.357916
37.700000,0.847729,2.019511,2.064671,1.908665,2.035585,2.000737,2.029312,1.985413,0.127307,1.260067,0.131685,0.153219,0.131614,1.053858,0.123366,0.474251,1.352416
37.716667,0.847735,2.019494,2.063081,1.907164,2.036012,2.000644,2.029007,1.984482,0.127627,1.248437,0.132024,0.153297,0.130839,1.057906,0.122642,0.462866,1.349552
37.733333,0.847748,2.019477,2.061452,1.905932,2.036195,2.000610,2.028584,1.983109,0.128024,1.234576,0.132327,0.153375,0.130181,1.061461,0.122020,0.448631,1.347149
37.750000,0.847749,2.019458,2.060081,1.906195,2.036277,2.000607,2.028284,1.982116,0.128355,1.222316,0.132553,0.153434,0.129700,1.059095,0.121544,0.433812,1.345779
37.766667,0.847739,2.019438,2.059084,1.904364,2.036297,2.000632,2.028072,1.981466,0.128593,1.211071,0.132687,0.153472,0.129400,1.054602,0.121215,0.421071,1.345122
37.783333,0.847761,2.019422,2.058126,1.899114,2.035631,2.000645,2.027905,1.980854,0.129218,1.201437,0.132752,0.153678,0.129040,1.048957,0.121184,0.402986,1.316670
37.800000,0.849214,2.019643,2.057377,1.893253,2.034729,2.000673,2.027937,1.980190,0.129970,1.200019,0.131489,0.154616,0.128887,1.038977,0.121349,0.383493,1.279002
37.816667,0.855922,2.020043,2.056863,1.888876,2.034124,2.000702,2.028053,1.979583,0.130520,1.201974,0.130102,0.155469,0.128827,1.023717,0.121490,0.362162,1.249628
37.833333,0.873827,2.020724,2.056468,1.884315,2.033649,2.000724,2.028308,1.978987,0.131271,1.210424,0.127975,0.156474,0.127818,1.007684,0.122044,0.340493,1.219652
37.850000,0.899548,2.021931,2.056160,1.879151,2.033038,2.000753,2.028707,1.978338,0.132108,1.225573,0.125385,0.157175,0.126779,0.984236,0.122856,0.319417,1.187732
37.866667,0.931398,2.023613,2.055823,1.871017,2.032349,2.000784,2.029237,1.977674,0.132987,1.247072,0.122563,0.157689,0.125756,0.960429,0.123820,0.305338,1.154718
37.883333,0.961789,2.025317,2.055651,1.862247,2.031626,2.000819,2.029810,1.976952,0.134456,1.270222,0.120047,0.158372,0.124096,0.948614,0.124472,0.303022,1.121459
37.900000,0.979378,2.026254,2.055557,1.854782,2.030973,2.000876,2.030135,1.976417,0.136302,1.282054,0.118786,0.158963,0.122521,0.950961,0.123998,0.305306,1.088750
37.916667,0.964393,2.025518,2.055506,1.847998,2.030378,2.000945,2.030295,1.976090,0.138230,1.285985,0.119474,0.158526,0.121880,0.959482,0.122991,0.309803,1.056891
37.933333,0.931711,2.023703,2.055459,1.841453,2.029626,2.000956,2.030362,1.975863,0.139726,1.286155,0.121182,0.157644,0.122212,0.961235,0.122666,0.314314,1.019575
37.950000,0.892982,2.021595,2.055585,1.839799,2.028693,2.000936,2.030397,1.975704,0.140586,1.284661,0.123366,0.156778,0.123226,0.957573,0.123187,0.311065,0.978783
37.966667,0.873144,2.020720,2.055400,1.828545,2.027548,2.000908,2.030429,1.975498,0.141172,1.282701,0.125412,0.154872,0.124255,0.948985,0.124149,0.306767,0.930220
37.983333,0.865955,2.020409,2.055487,1.818812,2.026462,2.000882,2.030466,1.975233,0.141685,1.280974,0.127074,0.153084,0.125222,0.932463,0.125223,0.294385,0.881428
38.000000,0.861128,2.020176,2.055266,1.805211,2.025601,2.000860,2.030524,1.974953,0.141625,1.279790,0.128079,0.152450,0.126382,0.916244,0.126892,0.281256,0.841363
38.016667,0.858341,2.020024,2.054825,1.788954,2.024865,2.000860,2.030602,1.974628,0.141460,1.279232,0.128901,0.152123,0.127542,0.900199,0.128978,0.268674,0.807211
38.033333,0.857438,2.019943,2.054212,1.770533,2.024223,2.000910,2.030689,1.974295,0.141335,1.279058,0.129634,0.151784,0.128724,0.884734,0.131324,0.257064,0.777722
38.050000,0.857254,2.019864,2.053421,1.751258,2.023782,2.001025,2.030483,1.974414,0.141322,1.268033,0.130339,0.151495,0.129912,0.870526,0.133687,0.246266,0.757017
38.066667,0.856898,2.019712,2.053012,1.736279,2.023489,2.001209,2.030253,1.974663,0.141404,1.256166,0.130998,0.151299,0.131088,0.859589,0.136049,0.236654,0.742446
38.083333,0.856260,2.019550,2.052255,1.715036,2.023316,2.001475,2.030047,1.974947,0.141474,1.245102,0.131654,0.151284,0.132388,0.849457,0.138215,0.231008,0.731003
38.100000,0.855581,2.019372,2.051323,1.688464,2.023259,2.001828,2.029707,1.975377,0.141332,1.232690,0.132163,0.151392,0.133672,0.841655,0.140177,0.224736,0.722093
38.116667,0.856376,2.019247,2.050304,1.657773,2.023350,2.002275,2.029105,1.976032,0.140615,1.214271,0.132562,0.151525,0.135215,0.835624,0.141695,0.217022,0.716023
38.133333,0.860119,2.019235,2.049029,1.621287,2.023493,2.002798,2.028616,1.976590,0.140082,1.199714,0.132888,0.151521,0.136699,0.832164,0.143042,0.209214,0.709819
38.150000,0.863872,2.019254,2.047960,1.586867,2.023604,2.003375,2.028192,1.977082,0.140377,1.187491,0.133045,0.151598,0.137711,0.830451,0.144725,0.202682,0.703597
38.166667,0.867468,2.019290,2.047428,1.560254,2.023714,2.004009,2.027820,1.977513,0.141152,1.177101,0.133122,0.151683,0.138342,0.829678,0.146628,0.196416,0.698278
38.183333,0.870653,2.019328,2.047263,1.552001,2.023818,2.004671,2.027500,1.977879,0.142349,1.168409,0.133132,0.151785,0.138651,0.829237,0.148616,0.189566,0.694110
38.200000,0.872980,2.019362,2.047230,1.548432,2.024102,2.005334,2.027239,1.978176,0.142492,1.161410,0.133416,0.151941,0.139430,0.829000,0.149970,0.185971,0.695471
38.216667,0.875263,2.019464,2.047267,1.546588,2.024589,2.006009,2.027030,1.978407,0.141637,1.155644,0.134207,0.152204,0.140629,0.828870,0.150291,0.184172,0.701065
38.233333,0.877082,2.019552,2.047323,1.545652,2.025087,2.006670,2.026876,1.978557,0.140671,1.150853,0.134757,0.152419,0.141869,0.828799,0.150793,0.183292,0.708464
38.250000,0.878278,2.019611,2.047380,1.545203,2.025608,2.007221,2.026789,1.978641,0.140028,1.148212,0.135214,0.152720,0.142771,0.828762,0.151579,0.182882,0.719067
38.266667,0.879719,2.019671,2.047426,1.544997,2.026284,2.007750,2.026740,1.978689,0.139063,1.146774,0.135704,0.153359,0.143241,0.828746,0.151824,0.182702,0.735559
38.283333,0.880611,2.019709,2.047456,1.544911,2.026957,2.008318,2.026712,1.978716,0.138185,1.145993,0.136213,0.153965,0.143605,0.828741,0.152002,0.182653,0.751914
38.300000,0.881117,2.019731,2.047473,1.544880,2.027562,2.008737,2.026697,1.978730,0.137241,1.145575,0.136640,0.154439,0.144021,0.828741,0.152024,0.182641,0.767288
38.316667,0.881388,2.019743,2.047482,1.544878,2.027917,2.008961,2.026688,1.978737,0.136547,1.145359,0.136884,0.154697,0.144342,0.828744,0.151877,0.182624,0.776128
38.333333,0.881534,2.019750,2.047488,1.544889,2.028110,2.009083,2.026684,1.978741,0.136170,1.145246,0.137014,0.154836,0.144510,0.828749,0.151798,0.182619,0.780958
38.350000,0.881612,2.019754,2.047492,1.544907,2.028215,2.009149,2.026681,1.978743,0.135966,1.145189,0.137084,0.154912,0.144600,0.828755,0.151754,0.182619,0.783559
38.366667,0.881653,2.019756,2.047494,1.544926,2.028270,2.009184,2.026680,1.978744,0.135855,1.145162,0.137121,0.154952,0.144649,0.828760,0.151728,0.182621,0.784963
38.383333,0.881675,2.019757,2.047494,1.544944,2.028167,2.009018,2.026681,1.978745,0.135765,1.145152,0.137142,0.154974,0.144676,0.828766,0.151716,0.182622,0.785685
38.400000,0.881687,2.019758,2.047492,1.544959,2.027981,2.008756,2.026683,1.978747,0.135685,1.145152,0.137154,0.154987,0.144691,0.828773,0.151710,0.182621,0.786024
38.416667,0.881693,2.019759,2.047489,1.544972,2.027784,2.008495,2.026686,1.978748,0.135620,1.145155,0.137161,0.154994,0.144700,0.828779,0.151707,0.182620,0.786171
38.433333,0.881696,2.019760,2.047486,1.544983,2.027575,2.008231,2.026688,1.978749,0.135560,1.145162,0.137165,0.154998,0.144706,0.828785,0.151706,0.182618,0.786206
38.450000,0.881698,2.019761,2.047482,1.544992,2.027254,2.007771,2.026692,1.978752,0.135503,1.145172,0.137169,0.155002,0.144712,0.828792,0.151711,0.182615,0.786155
38.466667,0.881709,2.019766,2.047479,1.545001,2.026649,2.007072,2.026666,1.978703,0.135530,1.145019,0.137176,0.155013,0.144720,0.828798,0.151722,0.182613,0.786425
38.483333,0.881735,2.019777,2.047474,1.545008,2.025699,2.005950,2.026595,1.978604,0.135483,1.144620,0.137187,0.155036,0.144730,0.828805,0.151725,0.182610,0.787005
38.500000,0.881762,2.019789,2.047468,1.545012,2.024838,2.004939,2.026523,1.978547,0.135411,1.144233,0.137197,0.155058,0.144740,0.828813,0.151725,0.182606,0.787399
38.516667,0.881789,2.019800,2.047701,1.546549,2.024261,2.004140,2.026447,1.978506,0.134744,1.143856,0.137235,0.155078,0.144988,0.840874,0.151284,0.189649,0.792134
38.533333,0.881854,2.019818,2.048787,1.567351,2.023907,2.003473,2.026364,1.978468,0.133708,1.143492,0.137902,0.155333,0.144835,0.867976,0.149430,0.195078,0.799863
38.550000,0.881996,2.019845,2.050491,1.602017,2.023677,2.002911,2.026275,1.978434,0.133355,1.143125,0.138897,0.156009,0.143526,0.899083,0.146997,0.196307,0.808373
38.566667,0.882138,2.019876,2.050834,1.625866,2.023501,2.002448,2.026180,1.978395,0.133138,1.142758,0.139932,0.156672,0.142369,0.928408,0.144914,0.193397,0.815906
38.583333,0.882261,2.019905,2.051251,1.653498,2.023292,2.002083,2.026081,1.978345,0.133483,1.142385,0.140778,0.157199,0.141437,0.951623,0.144077,0.189794,0.821074
38.600000,0.882338,2.019932,2.051702,1.682017,2.022992,2.001692,2.026589,1.978276,0.133570,1.167448,0.141824,0.157449,0.140835,0.972029,0.142994,0.185548,0.822090
38.616667,0.882390,2.019954,2.051720,1.713457,2.022792,2.001348,2.027151,1.978148,0.131869,1.195190,0.143543,0.157693,0.141092,0.989664,0.139996,0.183480,0.827799
38.633333,0.882659,2.020002,2.051575,1.746637,2.022636,2.001159,2.027796,1.978040,0.130081,1.225457,0.144180,0.159144,0.139656,1.006599,0.136741,0.182731,0.829831
38.650000,0.887755,2.020245,2.052967,1.782728,2.022270,2.001056,2.028702,1.977874,0.128560,1.263888,0.144750,0.159973,0.138796,1.022214,0.134096,0.180206,0.821353
38.666667,0.881995,2.019918,2.056209,1.821069,2.021591,2.000996,2.029483,1.978623,0.127340,1.295187,0.144944,0.160893,0.138928,1.034627,0.132684,0.179830,0.801366
38.683333,0.875171,2.019460,2.060268,1.856381,2.020772,2.000953,2.030361,1.979791,0.126204,1.324580,0.145155,0.161559,0.139783,1.046888,0.131439,0.182259,0.773692
38.700000,0.868663,2.018886,2.063073,1.881196,2.019934,2.000925,2.031644,1.981116,0.125481,1.357471,0.145116,0.161981,0.141175,1.059547,0.130907,0.185774,0.744098
38.716667,0.862242,2.018224,2.062527,1.888277,2.018902,2.000910,2.032764,1.982401,0.125367,1.384157,0.145209,0.162272,0.142937,1.070000,0.130780,0.188477,0.707239
38.733333,0.856735,2.017638,2.061680,1.891382,2.017830,2.000893,2.033925,1.983620,0.126025,1.410583,0.145334,0.162510,0.145202,1.076583,0.131038,0.192688,0.665990
38.750000,0.852772,2.017158,2.060755,1.892678,2.016942,2.000848,2.035538,1.984673,0.128137,1.445906,0.145379,0.163504,0.146043,1.079914,0.131083,0.199991,0.627591
38.766667,0.850229,2.016736,2.060041,1.894525,2.015871,2.000784,2.037697,1.985485,0.130569,1.490703,0.145713,0.164199,0.146279,1.081586,0.131080,0.212670,0.586174
38.783333,0.856943,2.016757,2.059604,1.899097,2.015561,2.000729,2.039364,1.986294,0.129887,1.520529,0.147207,0.164608,0.146101,1.087923,0.130000,0.232788,0.575639
38.800000,0.866485,2.016978,2.059393,1.906004,2.015739,2.000682,2.040547,1.987098,0.127627,1.538567,0.149081,0.164957,0.145883,1.097657,0.128213,0.260203,0.583169
38.816667,0.875381,2.017169,2.059483,1.912555,2.016074,2.000651,2.041532,1.987752,0.125299,1.551227,0.150255,0.165946,0.145411,1.105689,0.125844,0.293535,0.595180
38.833333,0.880897,2.017100,2.060179,1.919283,2.016434,2.000622,2.042752,1.988379,0.122888,1.567080,0.151998,0.166807,0.145364,1.111939,0.123341,0.337066,0.609075
38.850000,0.885077,2.016929,2.061281,1.926788,2.016787,2.000588,2.043893,1.988932,0.120360,1.580882,0.154212,0.167986,0.145557,1.115705,0.120637,0.386520,0.621755
38.866667,0.883911,2.017082,2.063073,1.943958,2.017181,2.000573,2.044930,1.989501,0.117947,1.592577,0.155529,0.169268,0.145470,1.117654,0.119068,0.423684,0.638442
38.883333,0.888931,2.018027,2.064797,1.959253,2.017654,2.000551,2.045720,1.990075,0.115590,1.599706,0.155530,0.170180,0.145418,1.118612,0.118173,0.451844,0.654283
38.900000,0.895771,2.018948,2.066746,1.972305,2.018126,2.000519,2.045207,1.990582,0.113094,1.583489,0.155563,0.171329,0.145379,1.119054,0.117271,0.483935,0.668272
38.916667,0.903946,2.019825,2.068208,1.982637,2.018503,2.000434,2.043663,1.990970,0.111232,1.549945,0.155563,0.172670,0.145004,1.119240,0.116380,0.519167,0.679195
38.933333,0.910783,2.020488,2.068525,1.987364,2.019084,2.000339,2.042156,1.991163,0.109925,1.519005,0.155473,0.174059,0.144068,1.119322,0.115589,0.546518,0.704682
38.950000,0.916812,2.021026,2.068314,1.989261,2.019551,2.000263,2.040659,1.991144,0.109025,1.491323,0.155323,0.175323,0.143108,1.119339,0.115114,0.569703,0.727739
38.966667,0.899561,2.020618,2.068148,1.990734,2.019759,2.000140,2.039215,1.991042,0.108378,1.464588,0.155418,0.176655,0.142843,1.119317,0.115037,0.600386,0.736289
38.983333,0.866134,2.019882,2.068089,1.992060,2.020060,2.000027,2.037854,1.990892,0.107717,1.439046,0.155673,0.178768,0.142780,1.119276,0.114917,0.627579,0.745727
39.000000,0.848316,2.020183,2.067808,1.991867,2.020619,1.999943,2.036558,1.990700,0.107173,1.414163,0.155676,0.179180,0.142450,1.119239,0.114434,0.656066,0.761432
39.016667,0.839946,2.020895,2.067778,1.989297,2.020846,1.999869,2.035389,1.990467,0.107453,1.391572,0.155530,0.178374,0.142051,1.119214,0.113911,0.708664,0.771606
39.033333,0.828452,2.021160,2.068742,1.990973,2.021267,1.999779,2.034310,1.990208,0.107543,1.369776,0.155486,0.177429,0.142157,1.119195,0.113706,0.764139,0.787295
39.050000,0.814023,2.021117,2.069638,1.995982,2.021667,1.999709,2.033511,1.989920,0.107912,1.352209,0.155479,0.176345,0.142521,1.119175,0.113729,0.824544,0.801250
39.066667,0.798753,2.020967,2.069285,2.000438,2.022182,1.999656,2.032976,1.989611,0.107906,1.340502,0.155526,0.175253,0.143183,1.119154,0.114085,0.904790,0.819192
39.083333,0.779894,2.020562,2.068069,2.001641,2.022816,1.999619,2.032588,1.989285,0.108133,1.332267,0.155581,0.173994,0.143972,1.119142,0.114572,0.999984,0.839609
39.100000,0.755880,2.019791,2.066454,2.004038,2.023448,1.999610,2.032279,1.988945,0.108906,1.326133,0.155683,0.172516,0.145046,1.119136,0.115322,1.086172,0.860891
39.116667,0.727416,2.018732,2.065186,2.005684,2.024077,1.999615,2.032018,1.988598,0.110251,1.321291,0.155809,0.170869,0.146321,1.119132,0.116257,1.145738,0.882707
39.133333,0.697703,2.017531,2.064573,2.007644,2.024925,1.999638,2.031790,1.988260,0.112048,1.317256,0.155942,0.169061,0.147687,1.119134,0.117163,1.180689,0.913112
39.150000,0.699506,2.017110,2.064138,2.008008,2.025999,1.999642,2.031588,1.987989,0.112894,1.313867,0.155825,0.166826,0.148952,1.119081,0.118010,1.201546,0.954616
39.166667,0.724545,2.017245,2.063782,2.009145,2.026840,1.999660,2.031405,1.987780,0.114116,1.310912,0.155553,0.164176,0.149488,1.118996,0.118621,1.216129,0.988134
39.183333,0.764923,2.017509,2.063581,2.009362,2.027489,1.999698,2.031243,1.987632,0.116033,1.308346,0.154965,0.161748,0.148235,1.118900,0.118182,1.224332,1.015559
39.200000,0.802741,2.017876,2.063470,2.009464,2.028013,1.999752,2.031103,1.987509,0.118169,1.306137,0.154140,0.160447,0.145866,1.118811,0.116916,1.228062,1.039869
39.216667,0.821270,2.018483,2.063415,2.009522,2.028437,1.999822,2.030988,1.987410,0.120354,1.304401,0.152034,0.160991,0.143185,1.118711,0.115647,1.229708,1.061664
39.233333,0.821698,2.018613,2.063433,2.009569,2.028773,1.999904,2.030900,1.987334,0.122147,1.303178,0.150270,0.162601,0.140550,1.118639,0.114191,1.230539,1.081094
39.250000,0.821796,2.018688,2.063508,2.009573,2.029087,1.999965,2.030851,1.987328,0.123376,1.302434,0.148483,0.164648,0.137717,1.118591,0.113427,1.230954,1.091116
39.266667,0.821594,2.018736,2.063550,2.009577,2.029266,1.999999,2.030823,1.987341,0.124276,1.301998,0.146205,0.166731,0.134770,1.118558,0.113545,1.231135,1.096201
39.283333,0.823438,2.018791,2.063578,2.009582,2.029368,2.000023,2.030801,1.987313,0.124983,1.301769,0.144536,0.168161,0.132700,1.118539,0.114236,1.231198,1.098969
39.300000,0.830497,2.018995,2.063596,2.009588,2.029425,2.000037,2.030786,1.987236,0.125472,1.301711,0.143031,0.167417,0.133037,1.118543,0.115343,1.231202,1.100457
39.316667,0.835179,2.019124,2.063607,2.009591,2.029455,2.000044,2.030777,1.987187,0.125761,1.301706,0.141771,0.166680,0.133446,1.118547,0.116085,1.231175,1.101243
39.333333,0.838645,2.019224,2.063614,2.009593,2.029471,2.000048,2.030773,1.987162,0.125918,1.301711,0.141135,0.166112,0.133630,1.118549,0.116479,1.231134,1.101650
39.350000,0.840510,2.019277,2.063618,2.009594,2.029480,2.000049,2.030771,1.987148,0.126001,1.301717,0.140774,0.165803,0.133713,1.118549,0.116691,1.231088,1.101852
39.366667,0.841512,2.019306,2.063621,2.009595,2.029484,2.000050,2.030769,1.987140,0.126046,1.301724,0.140575,0.165637,0.133753,1.118548,0.116805,1.231042,1.101947
39.383333,0.842050,2.019321,2.063623,2.009595,2.029486,2.000050,2.030769,1.987136,0.126069,1.301730,0.140468,0.165547,0.133774,1.118547,0.116867,1.230998,1.101985
39.400000,0.842339,2.019329,2.063625,2.009596,2.029486,2.000050,2.030769,1.987134,0.126081,1.301736,0.140410,0.165499,0.133785,1.118546,0.116900,1.230957,1.101994
39.416667,0.842492,2.019334,2.063626,2.009596,2.029486,2.000050,2.030769,1.987132,0.126086,1.301741,0.140379,0.165473,0.133792,1.118546,0.116919,1.230919,1.101987
39.433333,0.842572,2.019336,2.063627,2.009596,2.029486,2.000050,2.030769,1.987132,0.126089,1.301746,0.140363,0.165459,0.133796,1.118545,0.116929,1.230885,1.101974
39.450000,0.842614,2.019336,2.063628,2.009596,2.029486,2.000050,2.030770,1.987029,0.126090,1.301755,0.140355,0.165453,0.133798,1.118544,0.116934,1.230854,1.101958
39.466667,0.844295,2.019414,2.063630,2.009597,2.029487,2.000052,2.030777,1.986276,0.126094,1.301801,0.140341,0.165114,0.134001,1.125980,0.116967,1.230826,1.101943
39.483333,0.845902,2.019493,2.063631,2.009598,2.029488,2.000055,2.030784,1.985418,0.126099,1.301848,0.140287,0.164807,0.134186,1.129986,0.116996,1.230801,1.101930
39.500000,0.846772,2.019532,2.063633,2.009598,2.029490,2.000058,2.030792,1.984603,0.126103,1.301891,0.140255,0.164648,0.134282,1.132149,0.117009,1.230779,1.101917
39.516667,0.847233,2.019547,2.063634,2.009599,2.029492,2.000061,2.030801,1.983666,0.126108,1.301941,0.140236,0.164569,0.134331,1.133315,0.117013,1.230759,1.101907
39.533333,0.847472,2.019549,2.063635,2.009599,2.029494,2.000065,2.030750,1.983129,0.126113,1.299595,0.140220,0.164519,0.134359,1.133942,0.117019,1.230740,1.101897
39.550000,0.847540,2.019543,2.063637,2.009601,2.029354,2.000113,2.030637,1.983134,0.126202,1.294949,0.139809,0.164187,0.134544,1.150696,0.117413,1.230734,1.102061
39.566667,0.847660,2.019547,2.063641,2.009606,2.029145,2.000170,2.030539,1.982973,0.126526,1.290765,0.138206,0.164476,0.133877,1.179921,0.118865,1.230736,1.102390
39.583333,0.848135,2.019611,2.063925,2.009901,2.028977,2.000230,2.030317,1.983075,0.126911,1.281070,0.135892,0.164701,0.133535,1.215906,0.120761,1.230786,1.102673
39.600000,0.856226,2.020135,2.062771,2.004708,2.028771,2.000274,2.030062,1.983186,0.127350,1.270354,0.133186,0.163567,0.134211,1.247251,0.122592,1.231724,1.100062
39.616667,0.860204,2.020405,2.060234,1.993788,2.028486,2.000296,2.029441,1.983170,0.127795,1.251913,0.131774,0.162858,0.134703,1.263963,0.123700,1.233332,1.093056
39.633333,0.867217,2.020892,2.057258,1.981861,2.028246,2.000320,2.028635,1.983298,0.128178,1.229865,0.130236,0.162333,0.135066,1.271340,0.124647,1.223995,1.087480
39.650000,0.873546,2.021286,2.054795,1.972746,2.027852,2.000364,2.029005,1.983585,0.128766,1.245012,0.129632,0.161932,0.135184,1.267372,0.124933,1.202858,1.076767
39.666667,0.877272,2.021493,2.052868,1.966615,2.027470,2.000414,2.030180,1.984111,0.129605,1.286518,0.130321,0.161802,0.134215,1.256869,0.123487,1.162584,1.066382
39.683333,0.879278,2.021588,2.051336,1.959225,2.027082,2.000464,2.031136,1.984624,0.130412,1.318469,0.131049,0.161779,0.133343,1.242485,0.122219,1.108458,1.055960
39.700000,0.880351,2.021625,2.050021,1.950472,2.026689,2.000517,2.031607,1.985261,0.131152,1.334918,0.131567,0.161772,0.132670,1.226232,0.121360,1.046364,1.045317
39.716667,0.881007,2.021643,2.048768,1.940219,2.026348,2.000585,2.031841,1.985717,0.132667,1.345222,0.132007,0.162169,0.130980,1.177956,0.119879,0.983593,1.034874
39.733333,0.881463,2.021653,2.047910,1.931960,2.026137,2.000690,2.032036,1.985131,0.135404,1.358767,0.132849,0.162862,0.128729,1.142818,0.117003,0.917934,1.025088
39.750000,0.881905,2.021669,2.047679,1.928265,2.026639,2.000844,2.032712,1.983994,0.135806,1.387669,0.133437,0.164247,0.126587,1.129903,0.115314,0.847819,1.049928
39.766667,0.882298,2.021681,2.047793,1.927490,2.027145,2.001008,2.033893,1.982664,0.135651,1.427927,0.133782,0.165867,0.124510,1.124680,0.114401,0.777747,1.077073
39.783333,0.882558,2.021687,2.048113,1.928550,2.027669,2.001172,2.034105,1.981203,0.135125,1.450677,0.134368,0.166992,0.123085,1.123335,0.113594,0.710012,1.105910
39.800000,0.890360,2.022045,2.048550,1.930654,2.028185,2.001320,2.034012,1.980187,0.134261,1.468375,0.133946,0.165660,0.123799,1.124746,0.113480,0.646109,1.134577
39.816667,0.898958,2.022204,2.049067,1.933309,2.028494,2.001452,2.033663,1.979375,0.133363,1.476690,0.133813,0.164594,0.124567,1.127150,0.113724,0.586484,1.157239
39.833333,0.906190,2.022318,2.049679,1.936202,2.028972,2.001561,2.033372,1.978318,0.133160,1.480320,0.133627,0.164172,0.124599,1.135847,0.113766,0.529644,1.173742
39.850000,0.912731,2.022429,2.050191,1.937551,2.029574,2.001636,2.033200,1.977592,0.133249,1.481040,0.133307,0.164102,0.124222,1.143551,0.113605,0.476571,1.187615
39.866667,0.920041,2.022587,2.050501,1.937052,2.029420,2.001595,2.033089,1.977111,0.133539,1.479524,0.133321,0.164386,0.123824,1.146861,0.113858,0.429641,1.172605
39.883333,0.927921,2.022837,2.050585,1.934763,2.028182,2.001467,2.033058,1.976687,0.134129,1.477648,0.133956,0.164856,0.123786,1.154708,0.115141,0.389530,1.116806
39.900000,0.934964,2.023038,2.050330,1.929570,2.026557,2.001295,2.033121,1.976203,0.135052,1.476820,0.135026,0.165328,0.124266,1.163492,0.117112,0.357637,1.042136
39.916667,0.940428,2.023150,2.049910,1.923063,2.025218,2.001188,2.033241,1.975721,0.137047,1.476570,0.135459,0.165677,0.124210,1.170180,0.118750,0.330831,0.975082
39.933333,0.944408,2.023190,2.049265,1.912891,2.024050,2.001112,2.033371,1.975175,0.139386,1.476549,0.135543,0.166013,0.123924,1.174480,0.120113,0.313966,0.912171
39.950000,0.947416,2.023187,2.048794,1.903817,2.023019,2.001051,2.033424,1.974801,0.141493,1.473775,0.135712,0.166311,0.123873,1.176426,0.121403,0.305711,0.853917
39.966667,0.944270,2.022840,2.048507,1.896129,2.022149,2.000997,2.033201,1.974962,0.143284,1.462904,0.135928,0.166401,0.124170,1.176327,0.123172,0.301775,0.802686
39.983333,0.918093,2.021129,2.048271,1.889201,2.021417,2.000987,2.032970,1.975290,0.144284,1.451807,0.136793,0.166105,0.124914,1.174173,0.125490,0.297275,0.763064
40.000000,0.901146,2.019944,2.048053,1.882432,2.020773,2.001006,2.032747,1.975651,0.144940,1.440807,0.137158,0.165796,0.125238,1.168250,0.126978,0.292362,0.722340
40.016667,0.893874,2.019265,2.047898,1.876526,2.020000,2.001087,2.032526,1.976013,0.146269,1.429786,0.137029,0.165676,0.124988,1.162265,0.129389,0.289141,0.690962
40.033333,0.891833,2.019050,2.047782,1.870466,2.019158,2.001255,2.032308,1.976369,0.148257,1.418775,0.136891,0.165452,0.124570,1.156724,0.132475,0.286897,0.659118
40.050000,0.893067,2.018978,2.048830,1.865918,2.018382,2.001535,2.032090,1.976707,0.150080,1.407798,0.137243,0.165311,0.124337,1.150479,0.135450,0.279815,0.642461
40.066667,0.894064,2.018882,2.048887,1.849422,2.017732,2.001891,2.031762,1.977078,0.150305,1.398101,0.137814,0.165237,0.124857,1.145245,0.137020,0.270781,0.636654
40.083333,0.894650,2.018792,2.048236,1.823425,2.017025,2.002281,2.030867,1.977693,0.151109,1.383111,0.137908,0.165386,0.125233,1.141179,0.139044,0.262875,0.622568
40.100000,0.895506,2.018713,2.047246,1.793155,2.016304,2.002735,2.030044,1.978199,0.151536,1.364423,0.137929,0.165396,0.125861,1.138244,0.141428,0.255101,0.618051
40.116667,0.895944,2.018662,2.046723,1.770177,2.015985,2.003169,2.029447,1.978580,0.151550,1.347975,0.138100,0.165400,0.126800,1.135258,0.142457,0.245508,0.606870
40.133333,0.895016,2.018724,2.046338,1.748681,2.015511,2.003686,2.028981,1.978885,0.152281,1.332929,0.138179,0.165355,0.127594,1.133113,0.143592,0.234982,0.589794
40.150000,0.892565,2.018898,2.045916,1.726340,2.014910,2.004372,2.028606,1.979135,0.152488,1.319381,0.138393,0.165322,0.128648,1.131911,0.144050,0.222938,0.572799
40.166667,0.891058,2.019120,2.045399,1.701625,2.014273,2.005110,2.028298,1.979331,0.152337,1.307455,0.138718,0.165187,0.129929,1.131332,0.143626,0.211841,0.555452
40.183333,0.891107,2.019345,2.044848,1.675983,2.013755,2.005639,2.028047,1.979491,0.151954,1.297280,0.139105,0.164983,0.131184,1.131074,0.142643,0.202166,0.543001
40.200000,0.891211,2.019521,2.044153,1.647060,2.013489,2.005939,2.027853,1.979624,0.151678,1.288981,0.139415,0.164833,0.132322,1.130988,0.141907,0.192947,0.536474
40.216667,0.891650,2.019660,2.043141,1.610177,2.013285,2.006179,2.027710,1.979729,0.151759,1.282605,0.139559,0.164735,0.133031,1.131007,0.141645,0.183114,0.530531
40.233333,0.892233,2.019757,2.042287,1.577004,2.013134,2.006367,2.027575,1.979825,0.151861,1.276529,0.139623,0.164673,0.133483,1.131071,0.141704,0.175982,0.526330
40.250000,0.892568,2.019814,2.041621,1.552498,2.013023,2.006507,2.027492,1.979883,0.151902,1.272837,0.139669,0.164646,0.133776,1.131150,0.141876,0.169883,0.523752
40.266667,0.892750,2.019846,2.041283,1.539138,2.012959,2.006583,2.027445,1.979914,0.151918,1.270825,0.139698,0.164634,0.133948,1.131215,0.141983,0.165281,0.522337
40.283333,0.892848,2.019863,2.041115,1.532373,2.012925,2.006624,2.027418,1.979931,0.151926,1.269715,0.139715,0.164628,0.134041,1.131254,0.142039,0.162826,0.521586
40.300000,0.892901,2.019872,2.041023,1.528742,2.012906,2.006645,2.027402,1.979940,0.151928,1.269097,0.139724,0.164625,0.134091,1.131277,0.142069,0.161519,0.521191
40.316667,0.892936,2.019877,2.040974,1.526790,2.012894,2.006652,2.027390,1.979945,0.151938,1.268745,0.139661,0.164732,0.133969,1.135324,0.142115,0.160823,0.520989
40.333333,0.893009,2.019885,2.040951,1.525764,2.012886,2.006651,2.027382,1.979950,0.152014,1.268546,0.139240,0.165238,0.133413,1.144007,0.142465,0.160465,0.520898
40.350000,0.893088,2.019894,2.040941,1.525238,2.012880,2.006646,2.027375,1.979956,0.152108,1.268441,0.138769,0.165864,0.132771,1.154570,0.142895,0.160286,0.520865
40.366667,0.893313,2.019926,2.040939,1.524979,2.012874,2.006639,2.027371,1.979967,0.152229,1.268397,0.138047,0.166630,0.132171,1.167463,0.143479,0.160206,0.520864
40.383333,0.893822,2.020005,2.040941,1.524864,2.012871,2.006630,2.027368,1.979983,0.152583,1.268384,0.136997,0.167531,0.131394,1.183122,0.144056,0.160180,0.520918
40.400000,0.894535,2.020115,2.040947,1.524827,2.012870,2.006621,2.027364,1.980001,0.153410,1.268386,0.135935,0.168652,0.129976,1.201464,0.144339,0.160188,0.521062
40.416667,0.895248,2.020224,2.040953,1.524829,2.012870,2.006611,2.027361,1.980019,0.154205,1.268395,0.134921,0.169786,0.128626,1.219107,0.144626,0.160211,0.521203
40.433333,0.895958,2.020333,2.040961,1.524851,2.012869,2.006600,2.027358,1.980037,0.154965,1.268407,0.133963,0.170932,0.127344,1.235946,0.144904,0.160242,0.521337
40.450000,0.902334,2.020707,2.040968,1.524881,2.012859,2.006552,2.027357,1.980057,0.155687,1.268423,0.133089,0.171417,0.126292,1.251869,0.145236,0.160280,0.521484
40.466667,0.908064,2.021051,2.040973,1.524914,2.012844,2.006458,2.027357,1.980077,0.156345,1.268445,0.132299,0.171931,0.125326,1.266360,0.145534,0.160319,0.521650
40.483333,0.913349,2.021379,2.040977,1.524947,2.012362,2.005929,2.027307,1.979886,0.156872,1.268142,0.131601,0.172469,0.124449,1.279302,0.145794,0.160357,0.521507
40.500000,0.918029,2.021675,2.040979,1.524976,2.011530,2.005060,2.027231,1.979592,0.157244,1.267725,0.131012,0.172987,0.123699,1.290148,0.146012,0.160392,0.521044
40.516667,0.922606,2.021967,2.040980,1.525001,2.010633,2.004094,2.027157,1.979352,0.157548,1.267369,0.130472,0.173516,0.122986,1.299874,0.146194,0.160427,0.519837
40.533333,0.926987,2.022248,2.041010,1.525232,2.010077,2.003351,2.027071,1.979114,0.157711,1.265929,0.130078,0.174123,0.122327,1.308435,0.146133,0.161246,0.518195
40.550000,0.932267,2.022590,2.041262,1.530975,2.009646,2.002828,2.027071,1.978877,0.157924,1.264962,0.129579,0.174928,0.121558,1.306522,0.146770,0.162608,0.515561
40.566667,0.937669,2.022941,2.041651,1.540326,2.009443,2.002439,2.027747,1.978632,0.157634,1.290686,0.129349,0.176085,0.120971,1.250388,0.145859,0.163865,0.512568
40.583333,0.942259,2.023236,2.042710,1.565749,2.009629,2.001954,2.028861,1.978384,0.155223,1.331466,0.129633,0.177291,0.121193,1.197459,0.144054,0.166508,0.516404
40.600000,0.948527,2.023611,2.044290,1.601574,2.009923,2.001608,2.030002,1.978108,0.152664,1.371522,0.129863,0.178745,0.121528,1.152451,0.142174,0.170155,0.518869
40.616667,0.962070,2.024321,2.045663,1.635832,2.010135,2.001345,2.030765,1.978465,0.150270,1.398332,0.129935,0.180041,0.121787,1.112057,0.140444,0.173401,0.520419
40.633333,0.982876,2.025298,2.046756,1.662294,2.010363,2.001156,2.031422,1.979658,0.148086,1.421534,0.130726,0.179975,0.122201,1.085639,0.139200,0.174255,0.521782
40.650000,1.012579,2.026791,2.049007,1.693391,2.010529,2.000990,2.032006,1.981177,0.146108,1.441854,0.131312,0.178312,0.123167,1.072912,0.138396,0.177144,0.519527
40.666667,1.049276,2.028787,2.051851,1.726425,2.010693,2.000870,2.032532,1.982812,0.144252,1.459801,0.131484,0.175552,0.124494,1.069000,0.137938,0.182164,0.517510
40.683333,1.088595,2.031057,2.054805,1.758826,2.010862,2.000774,2.032904,1.983905,0.142423,1.475406,0.131650,0.172432,0.125994,1.075091,0.137699,0.188729,0.516057
40.700000,1.115297,2.032916,2.058281,1.793240,2.010983,2.000670,2.033808,1.984498,0.140865,1.503207,0.131477,0.170049,0.127184,1.088295,0.138147,0.200718,0.513937
40.716667,1.130374,2.034160,2.062442,1.828645,2.011024,2.000550,2.035494,1.985772,0.139590,1.541654,0.130937,0.168195,0.128130,1.105265,0.139313,0.219036,0.510042
40.733333,1.135522,2.034865,2.067241,1.863592,2.010966,2.000450,2.037615,1.987284,0.138448,1.584355,0.130529,0.165113,0.129941,1.120651,0.141467,0.243551,0.503599
40.750000,1.144317,2.035757,2.071902,1.894213,2.011524,2.000411,2.040188,1.988672,0.137445,1.632671,0.129524,0.164182,0.128923,1.131116,0.140974,0.273489,0.520030
40.766667,1.152983,2.036507,2.072578,1.908341,2.011990,2.000410,2.043149,1.989701,0.136323,1.681052,0.128742,0.163130,0.128197,1.139935,0.140815,0.302602,0.541903
40.783333,1.159332,2.036991,2.073202,1.919729,2.012377,2.000429,2.045284,1.990484,0.134713,1.708904,0.128451,0.163092,0.127447,1.147944,0.140185,0.334704,0.563483
40.800000,1.161590,2.037143,2.073812,1.930562,2.012751,2.000480,2.046531,1.991091,0.132963,1.721069,0.128508,0.163650,0.126602,1.154829,0.139179,0.371337,0.586334
40.816667,1.163210,2.037216,2.074056,1.943087,2.013154,2.000547,2.047243,1.991562,0.131032,1.725062,0.128885,0.164653,0.125763,1.158765,0.137746,0.392859,0.610056
40.833333,1.164601,2.037258,2.074065,1.954161,2.013592,2.000617,2.047555,1.991925,0.128960,1.723159,0.129491,0.166027,0.124868,1.160811,0.135939,0.422553,0.633957
40.850000,1.151249,2.036489,2.074537,1.966473,2.012957,2.000693,2.046778,1.992148,0.128466,1.705379,0.130350,0.167351,0.123983,1.161843,0.134338,0.453915,0.644177
40.866667,1.128296,2.035297,2.074727,1.977860,2.012222,2.000743,2.044895,1.992198,0.127624,1.674389,0.131665,0.168597,0.123575,1.162338,0.132529,0.492166,0.656357
40.883333,1.098936,2.033920,2.073912,1.982708,2.011658,2.000777,2.042693,1.992194,0.127080,1.637680,0.132873,0.169770,0.123398,1.162579,0.131538,0.521378,0.672651
40.900000,1.064306,2.032450,2.072440,1.982465,2.011166,2.000799,2.040730,1.992126,0.126840,1.604711,0.134018,0.170742,0.123492,1.162687,0.131335,0.541071,0.690922
40.916667,1.030679,2.031149,2.071939,1.982435,2.010467,2.000804,2.038957,1.992022,0.127014,1.574153,0.135290,0.171740,0.123311,1.162705,0.130812,0.569853,0.705360
40.933333,1.003421,2.030186,2.071914,1.982261,2.009843,2.000796,2.037346,1.991889,0.127554,1.545218,0.136693,0.172305,0.122973,1.162686,0.130082,0.609019,0.718025
40.950000,0.981409,2.029472,2.072118,1.982061,2.009910,2.000766,2.035944,1.991741,0.127921,1.519012,0.138013,0.172722,0.122726,1.162652,0.129340,0.661714,0.729770
40.966667,0.962669,2.028899,2.072387,1.982315,2.010024,2.000741,2.034596,1.991575,0.128116,1.492347,0.138864,0.173013,0.122684,1.162611,0.128903,0.718438,0.741200
40.983333,0.936011,2.028039,2.072646,1.982527,2.010614,2.000699,2.033583,1.991387,0.127954,1.470577,0.139922,0.173913,0.122950,1.162574,0.128542,0.780818,0.753599
41.000000,0.901395,2.026929,2.072206,1.983170,2.011444,2.000654,2.032909,1.991177,0.127537,1.456027,0.141314,0.175484,0.123541,1.162542,0.128265,0.860242,0.767854
41.016667,0.863072,2.025749,2.070671,1.985581,2.012261,2.000651,2.032421,1.990950,0.127229,1.445626,0.142609,0.177562,0.123964,1.162511,0.127515,0.926766,0.785944
41.033333,0.855099,2.025612,2.069824,1.987863,2.012866,2.000637,2.032032,1.990677,0.127923,1.437827,0.141769,0.176408,0.123701,1.162488,0.128551,1.013142,0.796248
41.050000,0.841647,2.025280,2.070193,1.992655,2.012900,2.000676,2.031691,1.990341,0.128452,1.431618,0.141740,0.173922,0.125109,1.162473,0.129536,1.104247,0.799610
41.066667,0.827829,2.024917,2.070180,1.999397,2.012669,2.000716,2.031385,1.989997,0.129102,1.426318,0.142764,0.170722,0.127290,1.162439,0.129500,1.161442,0.794304
41.083333,0.811134,2.024314,2.069665,2.008834,2.012581,2.000794,2.031098,1.989626,0.129711,1.421670,0.145287,0.167137,0.129499,1.162431,0.129488,1.182427,0.801714
41.100000,0.784417,2.023436,2.068970,2.016808,2.012954,2.000908,2.030826,1.989273,0.129391,1.417566,0.147936,0.165326,0.131457,1.162419,0.128519,1.182237,0.826316
41.116667,0.754329,2.022414,2.068187,2.018271,2.013767,2.001030,2.030572,1.988967,0.128737,1.413887,0.148334,0.166801,0.131060,1.162378,0.127209,1.181766,0.854868
41.133333,0.752280,2.021907,2.067673,2.018332,2.015361,2.001051,2.030346,1.988670,0.128315,1.410662,0.149141,0.167614,0.128979,1.162341,0.125266,1.181517,0.863045
41.150000,0.751663,2.021640,2.067326,2.017822,2.016998,2.001065,2.030148,1.988465,0.127987,1.407815,0.148897,0.169412,0.127656,1.162279,0.122731,1.181386,0.869154
41.166667,0.762346,2.021641,2.067083,2.017079,2.018330,2.001112,2.029973,1.988304,0.127585,1.405336,0.148065,0.170550,0.126542,1.162205,0.120321,1.181312,0.878736
41.183333,0.783425,2.021573,2.066910,2.016307,2.019313,2.001166,2.029821,1.988179,0.128052,1.403155,0.147071,0.171140,0.125719,1.162122,0.118881,1.181230,0.884947
41.200000,0.801519,2.020989,2.066804,2.015662,2.019925,2.001223,2.029678,1.988040,0.129181,1.401354,0.146557,0.172458,0.124514,1.162030,0.117980,1.181149,0.888648
41.216667,0.822674,2.020603,2.066737,2.015202,2.020393,2.001277,2.029574,1.987927,0.130396,1.400030,0.144876,0.172559,0.123030,1.161973,0.117712,1.181067,0.892298
41.233333,0.841876,2.020496,2.066705,2.014946,2.020680,2.001318,2.029497,1.987835,0.131845,1.398920,0.144539,0.172545,0.122223,1.161933,0.117820,1.180984,0.894735
41.250000,0.860476,2.020547,2.066694,2.014812,2.020873,2.001360,2.029448,1.987774,0.132785,1.398203,0.144198,0.172230,0.121813,1.161901,0.117845,1.180901,0.897170
41.266667,0.875591,2.020729,2.066690,2.014740,2.020988,2.001395,2.029419,1.987750,0.133591,1.397742,0.142858,0.172821,0.120672,1.161875,0.118454,1.180820,0.899262
41.283333,0.893528,2.021105,2.066690,2.014702,2.021060,2.001430,2.029400,1.987745,0.134398,1.397428,0.140579,0.173744,0.118910,1.161855,0.119504,1.180743,0.901288
41.300000,0.894903,2.021245,2.066692,2.014683,2.021107,2.001461,2.029389,1.987720,0.135177,1.397238,0.138620,0.173384,0.118213,1.161850,0.120932,1.180673,0.902878
41.316667,0.890701,2.021187,2.066694,2.014673,2.021132,2.001479,2.029383,1.987698,0.135643,1.397148,0.137622,0.172867,0.118070,1.161849,0.121882,1.180616,0.903760
41.333333,0.888540,2.021160,2.066696,2.014667,2.021146,2.001489,2.029379,1.987687,0.135898,1.397104,0.137067,0.172585,0.117995,1.161848,0.122408,1.180567,0.904230
41.350000,0.887466,2.021156,2.066698,2.014663,2.021152,2.001494,2.029378,1.987679,0.136037,1.397084,0.136750,0.172424,0.117951,1.161847,0.122702,1.180524,0.904477
41.366667,0.887027,2.021163,2.066700,2.014662,2.021156,2.001497,2.029377,1.987675,0.136114,1.397077,0.136562,0.172322,0.117924,1.161845,0.122870,1.180487,0.904603
41.383333,0.886861,2.021171,2.066701,2.014660,2.021157,2.001498,2.029376,1.987672,0.136157,1.397076,0.136448,0.172263,0.117907,1.161844,0.122968,1.180453,0.904664
41.400000,0.886815,2.021177,2.066703,2.014660,2.021158,2.001499,2.029376,1.987670,0.136181,1.397077,0.136377,0.172232,0.117894,1.161844,0.123026,1.180423,0.904691
41.416667,0.886830,2.021182,2.066704,2.014659,2.021158,2.001499,2.029376,1.987669,0.136194,1.397080,0.136333,0.172217,0.117883,1.161843,0.123062,1.180397,0.904700
41.433333,0.886866,2.021186,2.066705,2.014658,2.021157,2.001499,2.029376,1.987669,0.136202,1.397084,0.136303,0.172211,0.117875,1.161843,0.123084,1.180372,0.904700
41.450000,0.886905,2.021189,2.066706,2.014658,2.021157,2.001499,2.029376,1.987669,0.136207,1.397088,0.136283,0.172209,0.117868,1.161843,0.123099,1.180351,0.904696
41.466667,0.891193,2.021400,2.066707,2.014658,2.021156,2.001500,2.029377,1.987671,0.136258,1.397120,0.135461,0.171470,0.118185,1.178367,0.123394,1.180331,0.904691
41.483333,0.897639,2.021675,2.066711,2.014658,2.021156,2.001500,2.029379,1.987682,0.136355,1.397174,0.134456,0.169840,0.118863,1.207112,0.123946,1.180313,0.904687
41.500000,0.905802,2.022012,2.066716,2.014661,2.021156,2.001503,2.029386,1.987160,0.136471,1.397263,0.133261,0.167947,0.119703,1.240634,0.124608,1.180298,0.904686
41.516667,0.912075,2.022257,2.066720,2.014663,2.021157,2.001506,2.029396,1.986339,0.136563,1.397351,0.132374,0.166527,0.120376,1.263771,0.125119,1.180286,0.904685
41.533333,0.915529,2.022391,2.066724,2.014666,2.021103,2.001515,2.029405,1.985540,0.136626,1.397415,0.131856,0.165793,0.120737,1.276138,0.125395,1.180278,0.904733
41.550000,0.917421,2.022462,2.066731,2.014674,2.020816,2.001522,2.029412,1.984693,0.136687,1.397468,0.131556,0.165422,0.120925,1.282769,0.125541,1.180284,0.904872
41.566667,0.918440,2.022496,2.066737,2.014681,2.020365,2.001466,2.029400,1.983997,0.136693,1.396744,0.131254,0.165243,0.120936,1.289691,0.125712,1.180297,0.904701
41.583333,0.919015,2.022515,2.067189,2.015185,2.019951,2.001411,2.029342,1.984186,0.136799,1.393460,0.130127,0.165294,0.120388,1.311399,0.126524,1.180382,0.904437
41.600000,0.919364,2.022522,2.064854,2.006624,2.019428,2.001367,2.029561,1.984371,0.136946,1.392375,0.128685,0.165549,0.119609,1.338872,0.127666,1.181580,0.904103
41.616667,0.919564,2.022520,2.062021,1.994740,2.018842,2.001279,2.029779,1.984540,0.137023,1.389998,0.127805,0.165784,0.119088,1.355102,0.128407,1.183200,0.903640
41.633333,0.919674,2.022514,2.059040,1.980158,2.018225,2.001161,2.030165,1.984294,0.137022,1.400594,0.127415,0.165968,0.118829,1.363773,0.128839,1.185062,0.902993
41.650000,0.920043,2.022555,2.056446,1.965255,2.017694,2.001050,2.031381,1.984171,0.136944,1.438132,0.127236,0.166189,0.119018,1.365027,0.129008,1.197714,0.902246
41.666667,0.921771,2.022690,2.054023,1.950806,2.017186,2.000957,2.032612,1.984604,0.136950,1.471743,0.126876,0.166368,0.119389,1.360313,0.129131,1.203786,0.898443
41.683333,0.924323,2.022831,2.052322,1.944643,2.016548,2.000914,2.033283,1.985113,0.137496,1.491013,0.126723,0.166209,0.119761,1.350344,0.129264,1.170781,0.883414
41.700000,0.925696,2.022897,2.051446,1.940610,2.016035,2.000900,2.033865,1.985837,0.138864,1.506847,0.127134,0.166225,0.119328,1.312485,0.128595,1.129440,0.869450
41.716667,0.926438,2.022926,2.050755,1.934708,2.015624,2.000892,2.034454,1.986429,0.140460,1.519743,0.127406,0.166265,0.118589,1.256015,0.128180,1.077263,0.856561
41.733333,0.926862,2.022940,2.050072,1.926909,2.015295,2.000899,2.034653,1.986370,0.142688,1.525887,0.127499,0.166343,0.117288,1.196913,0.128090,1.019282,0.844347
41.750000,0.927160,2.022947,2.049441,1.916260,2.015044,2.000918,2.034894,1.985483,0.145070,1.537651,0.127598,0.166697,0.115686,1.149144,0.127840,0.978276,0.832682
41.766667,0.927500,2.022913,2.049189,1.908185,2.014885,2.000963,2.035317,1.984247,0.147835,1.553808,0.128093,0.167169,0.113948,1.130851,0.126690,0.918543,0.821830
41.783333,0.928283,2.022758,2.049443,1.905021,2.014615,2.001029,2.035597,1.982967,0.150807,1.569256,0.128389,0.168043,0.111974,1.126041,0.126020,0.852029,0.812130
41.800000,0.929231,2.022628,2.050019,1.904799,2.014293,2.001113,2.035552,1.982167,0.154352,1.577958,0.128839,0.170409,0.108736,1.130087,0.125884,0.784482,0.803411
41.816667,0.941124,2.023179,2.050789,1.906202,2.014255,2.001276,2.035602,1.981252,0.157271,1.587777,0.127470,0.172366,0.106168,1.152144,0.127281,0.717763,0.819616
41.833333,0.957405,2.024051,2.051562,1.906581,2.014823,2.001452,2.035780,1.980447,0.156970,1.599866,0.125830,0.173208,0.105233,1.159180,0.126274,0.658992,0.851463
41.850000,0.977430,2.025045,2.052344,1.907080,2.015366,2.001616,2.036053,1.979769,0.156716,1.614768,0.124610,0.173619,0.104218,1.149765,0.125382,0.600339,0.882583
41.866667,0.995077,2.025931,2.052978,1.904408,2.015790,2.001711,2.036392,1.979192,0.155593,1.633533,0.124082,0.174590,0.103528,1.146835,0.124681,0.544495,0.907690
41.883333,1.010835,2.026741,2.053492,1.900424,2.016108,2.001763,2.036741,1.978611,0.154557,1.653324,0.123797,0.175908,0.102704,1.148572,0.123863,0.495277,0.926299
41.900000,1.027386,2.027632,2.053880,1.895287,2.015940,2.001680,2.037058,1.978046,0.153606,1.673670,0.123982,0.177633,0.102123,1.152863,0.123721,0.452819,0.926655
41.916667,1.042754,2.028489,2.054198,1.890214,2.015842,2.001582,2.037350,1.977481,0.152754,1.693582,0.124430,0.179431,0.101894,1.157629,0.123443,0.416913,0.896701
41.933333,1.052083,2.028997,2.054299,1.886320,2.015728,2.001569,2.037632,1.976945,0.153301,1.706013,0.124631,0.180499,0.101842,1.161745,0.122503,0.386033,0.848766
41.950000,1.057422,2.029249,2.054294,1.879572,2.015536,2.001592,2.037770,1.976583,0.154935,1.710733,0.124630,0.181076,0.101834,1.164920,0.121069,0.358890,0.796453
41.966667,1.060567,2.029361,2.054166,1.868373,2.015310,2.001631,2.037522,1.976792,0.157342,1.708628,0.124510,0.181363,0.101867,1.166901,0.119454,0.339933,0.744369
41.983333,1.062550,2.029395,2.053839,1.850406,2.014894,2.001688,2.036623,1.977396,0.159276,1.706094,0.124340,0.181504,0.102053,1.167716,0.119083,0.331280,0.705358
42.000000,1.065570,2.029817,2.053380,1.834494,2.014498,2.001782,2.035559,1.977997,0.160216,1.696103,0.125024,0.180370,0.102644,1.167329,0.119507,0.320294,0.678238
42.016667,1.068982,2.030318,2.052555,1.818338,2.014056,2.001925,2.034695,1.978512,0.160712,1.684030,0.125977,0.179042,0.103396,1.165783,0.120222,0.304251,0.657319
42.033333,1.069528,2.030324,2.051298,1.798304,2.013854,2.002124,2.033969,1.978979,0.159687,1.670811,0.127137,0.178202,0.104483,1.162975,0.120993,0.287297,0.647086
42.050000,1.061966,2.029040,2.050128,1.779524,2.013519,2.002395,2.033343,1.979417,0.158884,1.657156,0.129041,0.177394,0.105616,1.159149,0.121941,0.265803,0.638849
42.066667,1.061528,2.028809,2.048929,1.759684,2.013008,2.002739,2.032792,1.979803,0.158547,1.643462,0.130017,0.175906,0.106617,1.153229,0.123345,0.245225,0.633542
42.083333,1.065485,2.028893,2.047714,1.738804,2.012277,2.003142,2.032302,1.980143,0.158730,1.630033,0.129317,0.174532,0.107662,1.147677,0.125163,0.226719,0.631164
42.100000,1.068288,2.028968,2.046487,1.716914,2.011705,2.003496,2.031865,1.980456,0.159687,1.617114,0.128920,0.173820,0.108306,1.143000,0.126752,0.210661,0.618239
42.116667,1.067607,2.029158,2.045237,1.693541,2.011521,2.003904,2.031475,1.980734,0.159916,1.604895,0.128899,0.173429,0.108938,1.138616,0.128322,0.197070,0.607940
42.133333,1.063820,2.029438,2.043952,1.668201,2.011418,2.004382,2.031128,1.980979,0.160150,1.593551,0.129067,0.173226,0.109407,1.134768,0.129587,0.185790,0.598343
42.150000,1.062022,2.029717,2.042625,1.640561,2.011389,2.004859,2.030821,1.981190,0.160442,1.583252,0.129343,0.172934,0.109862,1.132715,0.131198,0.176584,0.587792
42.166667,1.062722,2.029975,2.041229,1.609927,2.011203,2.005367,2.030558,1.981370,0.161045,1.574131,0.129636,0.172555,0.110263,1.131746,0.132544,0.169303,0.574459
42.183333,1.063442,2.030186,2.039844,1.577667,2.010961,2.005975,2.030338,1.981522,0.160910,1.566300,0.129931,0.172295,0.110836,1.131371,0.133599,0.163685,0.565049
42.200000,1.064053,2.030343,2.038813,1.547920,2.010714,2.006615,2.030161,1.981646,0.160173,1.559870,0.130206,0.172140,0.111619,1.131309,0.134151,0.159275,0.557234
42.216667,1.064665,2.030460,2.038098,1.522431,2.010407,2.007256,2.030028,1.981740,0.159550,1.554925,0.130439,0.172015,0.112373,1.131412,0.134728,0.155816,0.549090
42.233333,1.065021,2.030538,2.037828,1.494780,2.010255,2.007647,2.029937,1.981805,0.158912,1.551558,0.130635,0.171945,0.113144,1.131548,0.134444,0.153546,0.543853
42.250000,1.065190,2.030586,2.037940,1.464468,2.010156,2.007878,2.029886,1.981843,0.158490,1.549640,0.130750,0.171916,0.113533,1.131713,0.134391,0.152826,0.541326
42.266667,1.065285,2.030617,2.038055,1.432583,2.010087,2.008011,2.029858,1.981865,0.158272,1.548606,0.130822,0.171909,0.113728,1.131877,0.134466,0.153013,0.540067
42.283333,1.065336,2.030635,2.038043,1.410285,2.010048,2.008082,2.029844,1.981877,0.158139,1.548053,0.130866,0.171909,0.113840,1.131987,0.134506,0.153272,0.539439
42.300000,1.065362,2.030644,2.038044,1.399552,2.010029,2.008119,2.029836,1.981883,0.158059,1.547759,0.130890,0.171910,0.113902,1.132059,0.134524,0.153270,0.539138
42.316667,1.065375,2.030650,2.038065,1.394129,2.010019,2.008139,2.029832,1.981887,0.158008,1.547605,0.130903,0.171910,0.113937,1.132110,0.134530,0.153102,0.539041
42.333333,1.065381,2.030652,2.038072,1.391080,2.010014,2.008150,2.029829,1.981889,0.157976,1.547525,0.130911,0.171911,0.113956,1.132141,0.134532,0.153036,0.539017
42.350000,1.065383,2.030654,2.038076,1.389456,2.010012,2.008155,2.029829,1.981889,0.157956,1.547486,0.130915,0.171911,0.113967,1.132158,0.134533,0.153001,0.539023
42.366667,1.065372,2.030655,2.038078,1.388616,2.010011,2.008158,2.029829,1.981891,0.157994,1.547479,0.130620,0.171839,0.113853,1.140467,0.134715,0.152941,0.539043
42.383333,1.065365,2.030656,2.038079,1.388192,2.010011,2.008149,2.029831,1.981892,0.158024,1.547482,0.130436,0.171794,0.113783,1.145695,0.134834,0.152904,0.539081
42.400000,1.065365,2.030657,2.038080,1.387990,2.010010,2.008127,2.029832,1.981894,0.158045,1.547488,0.130346,0.171825,0.113699,1.149927,0.134888,0.152891,0.539130
42.416667,1.065377,2.030657,2.038086,1.387913,2.010007,2.008097,2.029830,1.981899,0.158059,1.547493,0.130329,0.172091,0.113419,1.158751,0.134854,0.152927,0.539180
42.433333,1.065746,2.030717,2.038093,1.387894,2.010005,2.008062,2.029829,1.981909,0.158074,1.547499,0.129767,0.172591,0.113354,1.168386,0.134862,0.152982,0.539235
42.450000,1.066286,2.030807,2.038101,1.387908,2.009975,2.008015,2.029828,1.981923,0.158030,1.547506,0.128982,0.173263,0.113418,1.177949,0.135138,0.153050,0.539365
42.466667,1.066802,2.030895,2.038108,1.387938,2.009853,2.007931,2.029780,1.981824,0.157146,1.547357,0.128390,0.173991,0.113869,1.186311,0.135467,0.153144,0.539217
42.483333,1.067288,2.030981,2.038220,1.391527,2.009470,2.007615,2.029649,1.981491,0.156514,1.546973,0.127868,0.174730,0.114181,1.203684,0.135727,0.151739,0.538880
42.500000,1.067713,2.031056,2.038491,1.400428,2.008636,2.006870,2.029525,1.981209,0.156047,1.546630,0.127416,0.175420,0.114372,1.234170,0.135942,0.148140,0.538254
42.516667,1.068134,2.031132,2.038759,1.409010,2.007782,2.005758,2.029402,1.980943,0.154752,1.546315,0.127021,0.176150,0.114651,1.262849,0.136131,0.144974,0.541395
42.533333,1.068552,2.031207,2.039077,1.418366,2.006945,2.004626,2.029275,1.980672,0.152746,1.546014,0.126700,0.176917,0.115115,1.289222,0.136153,0.142544,0.547814
42.550000,1.068972,2.031282,2.039706,1.435769,2.005992,2.003662,2.029223,1.980395,0.150227,1.547170,0.126397,0.177713,0.116072,1.308112,0.135187,0.141636,0.550294
42.566667,1.069735,2.031413,2.040494,1.456690,2.005139,2.002889,2.029351,1.980115,0.147753,1.551759,0.125488,0.178984,0.117411,1.321268,0.134260,0.141689,0.549389
42.583333,1.071323,2.031675,2.041509,1.479758,2.004363,2.002281,2.029473,1.979840,0.145299,1.556344,0.123810,0.181638,0.119232,1.306967,0.133143,0.143568,0.546714
42.600000,1.091202,2.032870,2.042818,1.507504,2.003681,2.001941,2.029576,1.979561,0.143732,1.560638,0.121779,0.183654,0.121268,1.267651,0.132544,0.147114,0.543618
42.616667,1.128332,2.034953,2.044285,1.537475,2.003816,2.001508,2.029891,1.979704,0.140203,1.571102,0.120157,0.183776,0.124582,1.228100,0.132895,0.152418,0.545870
42.633333,1.163184,2.036730,2.046029,1.574558,2.003668,2.001165,2.030192,1.980690,0.137824,1.579797,0.119100,0.183651,0.127889,1.183640,0.133477,0.157439,0.533869
42.650000,1.177540,2.037878,2.047372,1.607263,2.003385,2.000910,2.030476,1.982053,0.135835,1.587080,0.118234,0.184587,0.131158,1.140383,0.134244,0.161839,0.517432
42.666667,1.191295,2.038915,2.048734,1.634244,2.003011,2.000727,2.030957,1.983612,0.134111,1.597698,0.117964,0.183934,0.135118,1.109781,0.135179,0.165124,0.497676
42.683333,1.203105,2.039603,2.050806,1.663131,2.003013,2.000588,2.032187,1.985296,0.132748,1.617301,0.119178,0.183110,0.137695,1.078879,0.134150,0.170234,0.483104
42.700000,1.210783,2.039959,2.053166,1.698701,2.003286,2.000565,2.034045,1.986800,0.132205,1.646274,0.119597,0.182830,0.138425,1.060016,0.133083,0.180312,0.482435
42.716667,1.217742,2.040068,2.055697,1.733929,2.003611,2.000533,2.035306,1.987782,0.132099,1.654729,0.119193,0.182896,0.138231,1.053334,0.132498,0.192244,0.483060
42.733333,1.213182,2.039754,2.058389,1.767205,2.004127,2.000487,2.036617,1.988829,0.131590,1.662510,0.118174,0.183688,0.137238,1.042472,0.132224,0.204982,0.489809
42.750000,1.205915,2.039621,2.061335,1.799816,2.004677,2.000434,2.037445,1.989967,0.130970,1.665126,0.117085,0.184624,0.135653,1.023354,0.131788,0.219362,0.496397
42.766667,1.228558,2.041050,2.065039,1.836876,2.004996,2.000380,2.037412,1.990858,0.130192,1.658947,0.115900,0.184376,0.134864,1.006889,0.131687,0.239303,0.498069
42.783333,1.266236,2.043530,2.067000,1.861159,2.005274,2.000323,2.037168,1.991460,0.128931,1.653156,0.114687,0.182962,0.134901,0.990520,0.132434,0.258825,0.501513
42.800000,1.297975,2.045590,2.067865,1.875867,2.005627,2.000273,2.037110,1.991954,0.127634,1.654672,0.113376,0.183439,0.135029,0.975578,0.133380,0.279501,0.509267
42.816667,1.299217,2.045826,2.068678,1.887893,2.006107,2.000220,2.037104,1.992299,0.126308,1.660401,0.112775,0.186603,0.134818,0.962608,0.133298,0.302379,0.519015
42.833333,1.281983,2.045192,2.069461,1.899504,2.006236,2.000167,2.037274,1.992570,0.124876,1.670699,0.112215,0.191680,0.134770,0.950746,0.133404,0.328582,0.530950
42.850000,1.273313,2.044576,2.070145,1.912027,2.006375,2.000113,2.037594,1.992828,0.123239,1.690515,0.112684,0.190662,0.135142,0.939529,0.133546,0.354436,0.546197
42.866667,1.261962,2.043822,2.070653,1.925630,2.006490,2.000066,2.037360,1.992993,0.121195,1.698896,0.113540,0.189537,0.135635,0.928831,0.133264,0.375630,0.560533
42.883333,1.249031,2.042993,2.071098,1.938317,2.006589,2.000025,2.037057,1.993016,0.118802,1.702677,0.114758,0.188484,0.136218,0.918728,0.132497,0.400267,0.571000
42.900000,1.233551,2.042052,2.071115,1.946701,2.006883,1.999985,2.036518,1.993090,0.116592,1.701479,0.116422,0.187323,0.136623,0.909972,0.131513,0.422837,0.579102
42.916667,1.205696,2.040604,2.070309,1.947572,2.007308,1.999945,2.035807,1.993087,0.115051,1.694624,0.118699,0.184642,0.136988,0.904656,0.131108,0.434392,0.588148
42.933333,1.169102,2.038914,2.070222,1.946251,2.007515,1.999881,2.035316,1.992986,0.113828,1.689063,0.121241,0.181331,0.137383,0.900994,0.130733,0.446478,0.587163
42.950000,1.127717,2.037129,2.071055,1.946461,2.007896,1.999831,2.034930,1.992825,0.112315,1.683958,0.123970,0.178007,0.137883,0.898440,0.129853,0.466144,0.595864
42.966667,1.083002,2.035287,2.071731,1.947233,2.008446,1.999823,2.034601,1.992629,0.110922,1.678882,0.127723,0.174768,0.138495,0.896794,0.127902,0.483460,0.614299
42.983333,1.037047,2.033461,2.071340,1.944386,2.008813,1.999822,2.034297,1.992412,0.110172,1.673929,0.131246,0.173087,0.137757,0.895762,0.125179,0.486934,0.622211
43.000000,0.997583,2.031941,2.070840,1.939415,2.009092,1.999775,2.034003,1.992182,0.109998,1.669133,0.133063,0.173292,0.134922,0.895045,0.123064,0.495615,0.618326
43.016667,0.960438,2.030508,2.070292,1.934017,2.009476,1.999713,2.033721,1.991944,0.109306,1.664531,0.135102,0.174049,0.132215,0.894504,0.121388,0.527026,0.618770
43.033333,0.918028,2.028829,2.069857,1.932916,2.009817,1.999647,2.034173,1.991629,0.108280,1.661630,0.137949,0.175701,0.130089,0.894116,0.120539,0.569625,0.619216
43.050000,0.872766,2.026968,2.070460,1.936983,2.010186,1.999576,2.034589,1.991322,0.107196,1.658720,0.141900,0.178788,0.128187,0.893831,0.120091,0.618320,0.618076
43.066667,0.861445,2.026606,2.070118,1.937207,2.011212,1.999540,2.034938,1.991021,0.106230,1.655947,0.142181,0.177825,0.128561,0.893570,0.119232,0.671537,0.634947
43.083333,0.848804,2.026161,2.069558,1.935826,2.012295,1.999510,2.035262,1.990725,0.105262,1.653377,0.142574,0.176840,0.129099,0.893366,0.118461,0.729726,0.653481
43.100000,0.833820,2.025604,2.068726,1.932685,2.012900,1.999501,2.035555,1.990430,0.105012,1.650960,0.142999,0.175759,0.129650,0.893221,0.117843,0.795329,0.667209
43.116667,0.817036,2.024960,2.068127,1.934459,2.013629,1.999506,2.035808,1.990136,0.105246,1.648737,0.143433,0.174615,0.129980,0.893108,0.116910,0.836765,0.685868
43.133333,0.797791,2.024180,2.067167,1.931442,2.014263,1.999536,2.036023,1.989848,0.106009,1.646698,0.144215,0.173436,0.130313,0.893069,0.115581,0.897252,0.704703
43.150000,0.775644,2.023239,2.065478,1.928883,2.014872,1.999586,2.036212,1.989572,0.107040,1.644842,0.145313,0.172213,0.130791,0.893042,0.114057,0.941357,0.726898
43.166667,0.750749,2.022136,2.065136,1.936969,2.015408,1.999649,2.036347,1.989319,0.108517,1.642853,0.146661,0.170951,0.131225,0.892983,0.112343,0.947449,0.747078
43.183333,0.723657,2.020893,2.063733,1.946348,2.015970,1.999731,2.036455,1.989088,0.110242,1.640887,0.148283,0.169703,0.131827,0.892916,0.110485,0.942782,0.771743
43.200000,0.712129,2.020233,2.061863,1.955042,2.016631,1.999823,2.036459,1.988899,0.111802,1.638974,0.149582,0.168032,0.132465,0.892835,0.108983,0.927893,0.803746
43.216667,0.677976,2.018798,2.060147,1.960477,2.017276,1.999918,2.036417,1.988730,0.113891,1.637516,0.149561,0.167309,0.132878,0.892805,0.109570,0.910594,0.834778
43.233333,0.638148,2.016984,2.059138,1.962554,2.017770,2.000009,2.036382,1.988601,0.116499,1.636621,0.149519,0.165962,0.133655,0.892824,0.110970,0.901237,0.857547
43.250000,0.632951,2.016503,2.058594,1.963618,2.018217,2.000114,2.036349,1.988532,0.119249,1.635901,0.149475,0.163762,0.134177,0.892813,0.112113,0.896105,0.874680
43.266667,0.651389,2.016914,2.058305,1.964200,2.018790,2.000177,2.036317,1.988505,0.121271,1.635108,0.148868,0.161200,0.134160,0.892778,0.112547,0.893310,0.884989
43.283333,0.684220,2.017719,2.058155,1.964515,2.019281,2.000237,2.036295,1.988505,0.122723,1.634632,0.147835,0.157752,0.134749,0.892731,0.113737,0.891761,0.896681
43.300000,0.724146,2.018564,2.058080,1.964688,2.019675,2.000297,2.036276,1.988524,0.124005,1.634323,0.147113,0.154295,0.135364,0.892677,0.115058,0.890889,0.908705
43.316667,0.765546,2.019294,2.058045,1.964785,2.019970,2.000378,2.036258,1.988555,0.125676,1.634084,0.146975,0.151753,0.135418,0.892622,0.116170,0.890358,0.920247
43.333333,0.795847,2.020097,2.058034,1.964843,2.020207,2.000473,2.036239,1.988564,0.127513,1.633894,0.145635,0.150457,0.135082,0.892547,0.117115,0.890021,0.931658
43.350000,0.815251,2.020879,2.058033,1.964879,2.020406,2.000579,2.036221,1.988570,0.129369,1.633737,0.143537,0.150125,0.134308,0.892473,0.117808,0.889795,0.943068
43.366667,0.826545,2.021412,2.058041,1.964907,2.020581,2.000693,2.036201,1.988557,0.130856,1.633616,0.142515,0.150505,0.133817,0.892406,0.118344,0.889643,0.954472
43.383333,0.832813,2.021714,2.058050,1.964924,2.020696,2.000780,2.036186,1.988547,0.131847,1.633526,0.141984,0.151479,0.132960,0.892363,0.118593,0.889541,0.962643
43.400000,0.836213,2.021879,2.058055,1.964934,2.020757,2.000829,2.036177,1.988542,0.132389,1.633481,0.141589,0.152062,0.132346,0.892340,0.118698,0.889475,0.967043
43.416667,0.838047,2.021969,2.058060,1.964939,2.020790,2.000855,2.036172,1.988539,0.132676,1.633458,0.141357,0.152375,0.132002,0.892327,0.118747,0.889429,0.969408
43.433333,0.839034,2.022018,2.058063,1.964941,2.020807,2.000869,2.036169,1.988537,0.132828,1.633444,0.141230,0.152544,0.131816,0.892320,0.118771,0.889394,0.970671
43.450000,0.839576,2.022045,2.058066,1.964942,2.020817,2.000877,2.036110,1.988609,0.132912,1.631818,0.141120,0.152631,0.131715,0.892316,0.118795,0.889366,0.971340
43.466667,0.839875,2.022057,2.058068,1.964942,2.020823,2.000884,2.035895,1.988891,0.132963,1.625729,0.140999,0.152664,0.131662,0.892313,0.118826,0.889343,0.971691
43.483333,0.840026,2.022059,2.058070,1.964941,2.020827,2.000889,2.035675,1.989164,0.132991,1.619444,0.140929,0.152675,0.131635,0.892311,0.118843,0.889322,0.971871
43.500000,0.840097,2.022056,2.058072,1.964940,2.020830,2.000893,2.035451,1.989433,0.133008,1.612942,0.140887,0.152673,0.131623,0.892310,0.118853,0.889304,0.971959
43.516667,0.840154,2.022054,2.058073,1.964932,2.020832,2.000899,2.035205,1.989794,0.133125,1.605109,0.140006,0.152825,0.131078,0.909611,0.119465,0.889282,0.972002
43.533333,0.840458,2.022100,2.058075,1.964921,2.020778,2.000915,2.034692,1.990245,0.133340,1.589689,0.138056,0.152842,0.130425,0.939765,0.120682,0.889262,0.972027
43.550000,0.841148,2.022218,2.058080,1.964927,2.020416,2.000956,2.033661,1.990367,0.133544,1.565031,0.135669,0.152356,0.130424,0.967083,0.121877,0.893019,0.972105
43.566667,0.841599,2.022284,2.058128,1.965216,2.020075,2.000994,2.032547,1.990419,0.133715,1.531129,0.134200,0.152183,0.130317,0.980606,0.122600,0.920553,0.972168
43.583333,0.841865,2.022316,2.058600,1.965995,2.019766,2.001027,2.031410,1.990389,0.133885,1.494353,0.133472,0.152251,0.130115,0.985740,0.122927,0.949674,0.972233
43.600000,0.842002,2.022325,2.056559,1.954778,2.019472,2.001060,2.030877,1.990256,0.133986,1.470855,0.133061,0.152294,0.129997,0.987159,0.123109,0.973132,0.972310
43.616667,0.842067,2.022321,2.055375,1.942141,2.019220,2.001086,2.030636,1.990063,0.134066,1.454803,0.132825,0.152323,0.129920,0.974093,0.123211,0.989913,0.972414
43.633333,0.842094,2.022311,2.055147,1.929713,2.019021,2.001101,2.030520,1.989859,0.134139,1.443158,0.132690,0.152345,0.129868,0.950503,0.123267,1.001391,0.972534
43.650000,0.842099,2.022298,2.054836,1.915464,2.018656,2.001134,2.030474,1.989645,0.134982,1.434125,0.132489,0.152340,0.129136,0.941698,0.123103,1.009350,0.965634
43.666667,0.842099,2.022284,2.054273,1.899237,2.018310,2.001174,2.030641,1.989438,0.136689,1.432628,0.132542,0.152379,0.127507,0.946306,0.122346,1.015119,0.953177
43.683333,0.842109,2.022270,2.053675,1.882043,2.018139,2.001208,2.031196,1.989116,0.138719,1.444209,0.132685,0.152513,0.125597,0.959277,0.121584,1.019589,0.941076
43.700000,0.842150,2.022258,2.053130,1.864569,2.018036,2.001236,2.031591,1.988790,0.141069,1.450271,0.132868,0.152839,0.123329,0.978546,0.120835,1.023897,0.929048
43.716667,0.842198,2.022243,2.052485,1.846308,2.018050,2.001332,2.031788,1.988572,0.144551,1.449798,0.134028,0.153303,0.121463,1.003006,0.118281,1.025664,0.918024
43.733333,0.842421,2.022243,2.051731,1.827336,2.018022,2.001432,2.032025,1.988140,0.148506,1.455271,0.134125,0.154808,0.118322,1.032940,0.116682,1.026090,0.907107
43.750000,0.842690,2.022247,2.050784,1.806862,2.018065,2.001560,2.032820,1.987333,0.151942,1.483314,0.133956,0.156624,0.115155,1.050965,0.115705,1.025851,0.907783
43.766667,0.843102,2.022319,2.050400,1.792025,2.018215,2.001706,2.033815,1.986328,0.152576,1.518455,0.132690,0.155793,0.114800,1.067700,0.116084,1.033599,0.929122
43.783333,0.843119,2.022339,2.049974,1.799567,2.018304,2.001852,2.034942,1.985191,0.152662,1.555881,0.132058,0.154090,0.115601,1.079087,0.116883,0.986634,0.952429
43.800000,0.843522,2.022119,2.049505,1.802962,2.018330,2.001964,2.035434,1.984497,0.152171,1.568902,0.131466,0.152237,0.116807,1.091140,0.118373,0.936332,0.975364
43.816667,0.843941,2.021856,2.048658,1.797958,2.018442,2.002095,2.035261,1.983885,0.152079,1.562640,0.130875,0.150914,0.117417,1.100036,0.119616,0.881287,1.002382
43.833333,0.844306,2.021626,2.047590,1.786971,2.018636,2.002228,2.035119,1.983224,0.152398,1.557674,0.130242,0.150045,0.117464,1.102517,0.120361,0.825803,1.032401
43.850000,0.844729,2.021417,2.046641,1.776525,2.018822,2.002320,2.035044,1.982788,0.152875,1.552787,0.129707,0.149840,0.116968,1.096593,0.120875,0.765289,1.059702
43.866667,0.845137,2.021211,2.046231,1.773911,2.018649,2.002289,2.034987,1.982685,0.152811,1.544955,0.129588,0.149698,0.117122,1.095478,0.122332,0.694849,1.068972
43.883333,0.845634,2.020997,2.045785,1.771183,2.018002,2.002174,2.034924,1.982417,0.153227,1.537560,0.130206,0.149936,0.117334,1.098547,0.124831,0.628904,1.059193
43.900000,0.846102,2.020809,2.045308,1.768355,2.017339,2.001977,2.034821,1.982157,0.154919,1.530384,0.131255,0.150338,0.117868,1.102351,0.128725,0.569322,1.003522
43.916667,0.846556,2.020620,2.044416,1.759359,2.017306,2.001783,2.034863,1.982065,0.152467,1.524696,0.133101,0.150745,0.120384,1.104790,0.129833,0.516461,0.950077
43.933333,0.846964,2.020446,2.043230,1.745731,2.017109,2.001641,2.034877,1.982007,0.151279,1.519558,0.134595,0.151064,0.122485,1.105507,0.130834,0.468685,0.891148
43.950000,0.847382,2.020259,2.041931,1.731481,2.016823,2.001580,2.034883,1.981935,0.151559,1.515235,0.135414,0.151282,0.123750,1.104582,0.131419,0.424335,0.832906
43.966667,0.847775,2.020081,2.041197,1.725573,2.016512,2.001551,2.034974,1.981824,0.152656,1.512255,0.135834,0.151440,0.124529,1.101484,0.131493,0.384086,0.777017
43.983333,0.848163,2.019910,2.040390,1.713007,2.016215,2.001551,2.035059,1.981657,0.154146,1.509988,0.136068,0.151578,0.125089,1.096362,0.131002,0.357086,0.724851
44.000000,0.848555,2.019751,2.039501,1.697076,2.015863,2.001610,2.035170,1.981428,0.155296,1.508621,0.136038,0.151831,0.125467,1.090812,0.130911,0.331989,0.684842
44.016667,0.847795,2.019587,2.038619,1.678161,2.015477,2.001730,2.035309,1.981155,0.156325,1.507929,0.135393,0.152467,0.125384,1.084627,0.131682,0.312070,0.654898
44.033333,0.844078,2.019303,2.038363,1.667461,2.015110,2.001941,2.035464,1.980965,0.157367,1.506800,0.135514,0.153223,0.125951,1.079202,0.132338,0.290450,0.629614
44.050000,0.840903,2.019050,2.037832,1.654604,2.014677,2.002220,2.035171,1.981311,0.159157,1.493465,0.134538,0.154392,0.125318,1.079204,0.133306,0.271509,0.604819
44.066667,0.838157,2.018807,2.037306,1.637416,2.014174,2.002549,2.034656,1.981876,0.161231,1.474871,0.133586,0.155440,0.125072,1.079265,0.135424,0.253771,0.582414
44.083333,0.835782,2.018593,2.036551,1.611170,2.013813,2.003007,2.034256,1.982362,0.162370,1.460691,0.133032,0.156239,0.125261,1.079781,0.137943,0.238241,0.566300
44.100000,0.833711,2.018392,2.035529,1.588481,2.013575,2.003631,2.033856,1.982809,0.163351,1.447973,0.132782,0.156901,0.125635,1.081902,0.140276,0.216818,0.554141
44.116667,0.833213,2.018253,2.034865,1.576430,2.013204,2.004337,2.033478,1.983231,0.163996,1.436273,0.132688,0.157289,0.126367,1.083098,0.142311,0.198096,0.542854
44.133333,0.834529,2.018201,2.034590,1.569079,2.012574,2.005148,2.033125,1.983620,0.165183,1.425727,0.132552,0.157540,0.127089,1.083755,0.144938,0.185127,0.531168
44.150000,0.836588,2.018192,2.034438,1.562439,2.012077,2.005903,2.032810,1.983976,0.165431,1.416419,0.132394,0.157828,0.127937,1.084106,0.147776,0.174491,0.526432
44.166667,0.838566,2.018197,2.034374,1.556473,2.011532,2.006803,2.032532,1.984285,0.164993,1.408380,0.132552,0.158083,0.129265,1.084307,0.149180,0.165514,0.520812
44.183333,0.841889,2.018253,2.034284,1.551010,2.010690,2.007787,2.032297,1.984550,0.165265,1.401621,0.133002,0.158348,0.130547,1.084418,0.150224,0.157572,0.513723
44.200000,0.845434,2.018313,2.034198,1.545931,2.009635,2.008661,2.032105,1.984764,0.165035,1.396186,0.133392,0.158489,0.131929,1.084492,0.150999,0.150966,0.509774
44.216667,0.847672,2.018371,2.034199,1.541734,2.009042,2.009163,2.031963,1.984926,0.164527,1.392113,0.133648,0.158562,0.133065,1.084548,0.151101,0.145886,0.508203
44.233333,0.848841,2.018421,2.034315,1.538643,2.008816,2.009462,2.031871,1.985036,0.163995,1.389372,0.133785,0.158596,0.133702,1.084596,0.151380,0.142190,0.508621
44.250000,0.849454,2.018451,2.034393,1.528493,2.008718,2.009675,2.031823,1.985100,0.163625,1.387822,0.133883,0.158623,0.134172,1.084633,0.151587,0.140206,0.507933
44.266667,0.849786,2.018469,2.034407,1.520296,2.008704,2.009779,2.031798,1.985134,0.163346,1.386975,0.133956,0.158642,0.134539,1.084646,0.151744,0.137679,0.507374
44.283333,0.849967,2.018480,2.034948,1.530378,2.008689,2.009844,2.031784,1.985154,0.163307,1.386512,0.134010,0.158655,0.134820,1.084629,0.152032,0.130678,0.507075
44.300000,0.850064,2.018487,2.035676,1.547254,2.008682,2.009878,2.031777,1.985165,0.163324,1.386266,0.134048,0.158664,0.135026,1.084628,0.152280,0.124216,0.506873
44.316667,0.850117,2.018492,2.036506,1.560660,2.008677,2.009892,2.031774,1.985171,0.163335,1.386142,0.134076,0.158671,0.135175,1.084635,0.152459,0.119488,0.506731
44.333333,0.850148,2.018496,2.037470,1.574650,2.008670,2.009896,2.031773,1.985175,0.163400,1.386086,0.134108,0.158679,0.135343,1.084633,0.152699,0.113767,0.506643
44.350000,0.850166,2.018500,2.038494,1.588064,2.008662,2.009894,2.031773,1.985178,0.163485,1.386058,0.134142,0.158687,0.135524,1.084633,0.152965,0.107979,0.506596
44.366667,0.850169,2.018505,2.039516,1.600350,2.008652,2.009889,2.031773,1.985181,0.163622,1.386054,0.133899,0.158635,0.135656,1.092934,0.153463,0.102491,0.506589
44.383333,0.850178,2.018508,2.040345,1.610149,2.008642,2.009882,2.031772,1.985182,0.163715,1.386053,0.133766,0.158655,0.135730,1.099637,0.153793,0.098241,0.506595
44.400000,0.850207,2.018510,2.040818,1.616586,2.008634,2.009872,2.031768,1.985182,0.163759,1.386052,0.133618,0.158875,0.135492,1.113606,0.153905,0.096002,0.506602
44.416667,0.850238,2.018511,2.041079,1.620204,2.008628,2.009861,2.031763,1.985181,0.163778,1.386052,0.133486,0.159115,0.135194,1.127202,0.153926,0.094829,0.506610
44.433333,0.850274,2.018514,2.041221,1.622118,2.008623,2.009825,2.031725,1.985156,0.163791,1.385981,0.133362,0.159365,0.134867,1.140292,0.153905,0.094216,0.506668
44.450000,0.851186,2.018662,2.041301,1.623162,2.008520,2.009693,2.031511,1.984946,0.163804,1.385531,0.132416,0.159957,0.135048,1.158993,0.153977,0.093910,0.506688
44.466667,0.852133,2.018814,2.041345,1.623739,2.007981,2.009082,2.031285,1.984739,0.163740,1.385063,0.131492,0.160711,0.135174,1.178189,0.154026,0.093759,0.506364
44.483333,0.852984,2.018949,2.041367,1.624055,2.007197,2.008024,2.031076,1.984555,0.163555,1.384634,0.130712,0.161497,0.135241,1.194642,0.154049,0.093693,0.505359
44.500000,0.856805,2.019186,2.041378,1.624273,2.006347,2.006846,2.030867,1.984367,0.162944,1.384216,0.130087,0.161979,0.135323,1.209129,0.154105,0.093685,0.507438
44.516667,0.862684,2.019504,2.041387,1.624525,2.005874,2.005694,2.030659,1.984172,0.160895,1.383810,0.129613,0.162207,0.135600,1.221606,0.154127,0.093743,0.520148
44.533333,0.870336,2.019904,2.041395,1.624764,2.005903,2.004820,2.030452,1.983968,0.158474,1.383418,0.129260,0.162161,0.136041,1.232035,0.154100,0.093849,0.536345
44.550000,0.877343,2.020272,2.041429,1.625119,2.006339,2.004141,2.030249,1.983757,0.155979,1.383041,0.128986,0.162183,0.136387,1.240542,0.154074,0.094336,0.555246
44.566667,0.883445,2.020592,2.041717,1.626486,2.007372,2.003583,2.030082,1.983554,0.151640,1.382761,0.129464,0.162345,0.137069,1.247007,0.151863,0.098028,0.582440
44.583333,0.889345,2.020903,2.042853,1.654631,2.008856,2.003121,2.029919,1.983301,0.146364,1.382508,0.130046,0.162655,0.138029,1.252269,0.149425,0.100127,0.620183
44.600000,0.894900,2.021190,2.044261,1.687108,2.010651,2.002698,2.029807,1.983214,0.140709,1.385580,0.130834,0.162982,0.138992,1.256164,0.146799,0.103042,0.663911
44.616667,0.901984,2.021550,2.046068,1.722274,2.011774,2.002275,2.030248,1.983087,0.136152,1.408885,0.131934,0.163186,0.139882,1.231218,0.144300,0.107426,0.690539
44.633333,0.906424,2.021837,2.048428,1.762587,2.012828,2.001986,2.030632,1.982946,0.132288,1.429387,0.132668,0.164452,0.140395,1.218597,0.141488,0.113517,0.713857
44.650000,0.920336,2.022617,2.051516,1.804594,2.014095,2.001785,2.030830,1.982959,0.128799,1.441809,0.132127,0.166233,0.140547,1.208720,0.139172,0.122057,0.743708
44.666667,0.936869,2.023450,2.055169,1.840553,2.015900,2.001596,2.031152,1.983622,0.125248,1.456921,0.131775,0.168817,0.139422,1.192027,0.136150,0.134814,0.794588
44.683333,0.962933,2.024415,2.057924,1.867952,2.016320,2.001418,2.031977,1.985047,0.123119,1.483777,0.131140,0.171131,0.138425,1.145846,0.134046,0.151272,0.821434
44.700000,0.990969,2.025328,2.060237,1.889855,2.016480,2.001274,2.033481,1.986786,0.121338,1.519044,0.130848,0.172199,0.137739,1.102185,0.132198,0.170690,0.845667
44.716667,1.011781,2.025601,2.062468,1.909212,2.016772,2.001121,2.035522,1.988471,0.120058,1.561511,0.131092,0.172258,0.136776,1.068201,0.130460,0.193117,0.860861
44.733333,1.035002,2.025723,2.063846,1.922767,2.017209,2.000866,2.037780,1.989583,0.118749,1.610304,0.131743,0.172243,0.135786,1.046045,0.128397,0.214119,0.871182
44.750000,1.056105,2.025654,2.064931,1.934954,2.017348,2.000657,2.040341,1.990696,0.117044,1.658432,0.132297,0.172029,0.135487,1.032408,0.127306,0.234963,0.881780
44.766667,1.057216,2.025526,2.066206,1.945609,2.017066,2.000565,2.042103,1.991824,0.115551,1.687871,0.132521,0.174233,0.135592,1.021536,0.127039,0.256711,0.877377
44.783333,1.061351,2.025531,2.067671,1.955590,2.017395,2.000488,2.042925,1.992818,0.113454,1.702899,0.134100,0.176742,0.134703,1.006038,0.125117,0.280967,0.883648
44.800000,1.062591,2.025737,2.069538,1.966457,2.017688,2.000442,2.043245,1.993781,0.111222,1.710667,0.136144,0.179103,0.134065,0.990772,0.123082,0.311388,0.887259
44.816667,1.065224,2.026070,2.069793,1.974114,2.017454,2.000433,2.043259,1.994531,0.109139,1.714609,0.138033,0.181297,0.133505,0.976352,0.121158,0.341170,0.892127
44.833333,1.071364,2.026273,2.070015,1.980631,2.017528,2.000420,2.042488,1.995043,0.107304,1.705582,0.138998,0.184839,0.132612,0.962450,0.119282,0.375852,0.897394
44.850000,1.089161,2.026926,2.069874,1.983812,2.017758,2.000400,2.042254,1.995460,0.105904,1.696708,0.139132,0.187639,0.131438,0.948445,0.117768,0.407210,0.915251
44.866667,1.109530,2.028257,2.069786,1.983936,2.017774,2.000375,2.042352,1.995844,0.105253,1.690201,0.138431,0.188897,0.130581,0.934268,0.117282,0.424059,0.928546
44.883333,1.128870,2.030002,2.069754,1.981824,2.017842,2.000348,2.041532,1.996116,0.104090,1.673701,0.137394,0.189698,0.130696,0.919912,0.117671,0.443229,0.948918
44.900000,1.141172,2.031304,2.070170,1.980165,2.017775,2.000322,2.040473,1.996277,0.102939,1.657127,0.137209,0.190529,0.130998,0.905376,0.117855,0.479417,0.956911
44.916667,1.136845,2.031757,2.070001,1.977904,2.017692,2.000283,2.039155,1.996328,0.101896,1.639856,0.138398,0.190974,0.131369,0.890806,0.117761,0.527694,0.956405
44.933333,1.124205,2.031820,2.070298,1.976316,2.017579,2.000245,2.037743,1.996343,0.101079,1.620950,0.140476,0.191345,0.131568,0.876511,0.117022,0.581207,0.956311
44.950000,1.103790,2.031473,2.070230,1.975082,2.017498,2.000215,2.036384,1.996333,0.100300,1.602504,0.143525,0.191738,0.131747,0.864022,0.115583,0.625469,0.963010
44.966667,1.094567,2.031756,2.069939,1.976143,2.017488,2.000129,2.035306,1.996289,0.099852,1.584645,0.144645,0.191046,0.132740,0.852885,0.114989,0.662494,0.973838
44.983333,1.077267,2.031556,2.070162,1.979489,2.017487,2.000018,2.034609,1.996210,0.099313,1.572190,0.146229,0.189851,0.134139,0.845464,0.114341,0.698168,0.988001
45.000000,1.049509,2.030820,2.069561,1.977846,2.017387,1.999920,2.034100,1.996091,0.098264,1.563015,0.148548,0.188013,0.136634,0.841007,0.114171,0.751663,1.002633
45.016667,1.012917,2.029606,2.069261,1.977285,2.017060,1.999861,2.033695,1.995941,0.097621,1.555776,0.151551,0.185500,0.139809,0.838576,0.114295,0.801036,1.005596
